[0.004s][info][gc,init] CardTable entry size: 512
[0.004s][info][gc     ] Using Parallel
[0.005s][info][gc,init] Version: 21.0.6+7-LTS (release)
[0.005s][info][gc,init] CPUs: 4 total, 4 available
[0.005s][info][gc,init] Memory: 15991M
[0.005s][info][gc,init] Large Page Support: Disabled
[0.005s][info][gc,init] NUMA Support: Disabled
[0.005s][info][gc,init] Compressed Oops: Enabled (Zero based)
[0.005s][info][gc,init] Alignments: Space 512K, Generation 512K, Heap 2M
[0.005s][info][gc,init] Heap Min Capacity: 2054M
[0.005s][info][gc,init] Heap Initial Capacity: 2054M
[0.005s][info][gc,init] Heap Max Capacity: 5G
[0.005s][info][gc,init] Pre-touch: Disabled
[0.005s][info][gc,init] Parallel Workers: 4
[0.013s][info][gc,metaspace] CDS archive(s) mapped at: [0x00007f4bed000000-0x00007f4bedc97000-0x00007f4bedc97000), size 13201408, SharedBaseAddress: 0x00007f4bed000000, ArchiveRelocationMode: 1.
[0.013s][info][gc,metaspace] Compressed class space mapped at: 0x00007f4bee000000-0x00007f4c2e000000, reserved size: 1073741824
[0.013s][info][gc,metaspace] Narrow klass base: 0x00007f4bed000000, Narrow klass shift: 0, Narrow klass range: 0x100000000
[0.285s][info][safepoint   ] Safepoint "ICBufferFull", Time since last: 265176938 ns, Reaching safepoint: 153206 ns, Cleanup: 111804 ns, At safepoint: 9800 ns, Total: 274810 ns
[0.443s][info][safepoint   ] Safepoint "RedefineClasses", Time since last: 151732700 ns, Reaching safepoint: 3501 ns, Cleanup: 126104 ns, At safepoint: 6177220 ns, Total: 6306825 ns
[0.560s][info][safepoint   ] Safepoint "JFRCheckpoint", Time since last: 116457845 ns, Reaching safepoint: 3400 ns, Cleanup: 64702 ns, At safepoint: 10201 ns, Total: 78303 ns
[1.360s][info][safepoint   ] Safepoint "ICBufferFull", Time since last: 800168385 ns, Reaching safepoint: 4200 ns, Cleanup: 140405 ns, At safepoint: 15101 ns, Total: 159706 ns
[1.816s][info][safepoint   ] Safepoint "ICBufferFull", Time since last: 455771632 ns, Reaching safepoint: 3100 ns, Cleanup: 134005 ns, At safepoint: 1800 ns, Total: 138905 ns
[2.046s][info][gc,start    ] GC(0) Pause Young (Metadata GC Threshold)
[2.065s][debug][gc,phases   ] GC(0) Scavenge 18.511ms
[2.065s][debug][gc,ref      ] GC(0) ReferenceProcessor::execute queues: 2, RefProcThreadModel::Multi, marks_oops_alive: false
[2.065s][debug][gc,ref      ] GC(0) ReferenceProcessor::execute queues: 4, RefProcThreadModel::Multi, marks_oops_alive: true
[2.065s][debug][gc,ref      ] GC(0) ReferenceProcessor::execute queues: 1, RefProcThreadModel::Single, marks_oops_alive: false
[2.065s][debug][gc,phases   ] GC(0) Reference Processing 0.347ms
[2.065s][debug][gc,phases   ] GC(0)   VM Weak                        Min:  0.0, Avg:  0.0, Max:  0.0, Diff:  0.0, Sum:  0.0, Workers: 4
[2.065s][debug][gc,phases   ] GC(0)     Dead                           Min: 0, Avg:  0.0, Max: 0, Diff: 0, Sum: 0, Workers: 4
[2.065s][debug][gc,phases   ] GC(0)     Total                          Min: 0, Avg: 59.5, Max: 192, Diff: 192, Sum: 238, Workers: 4
[2.065s][debug][gc,phases   ] GC(0)   ObjectSynchronizer Weak        Min:  0.0, Avg:  0.0, Max:  0.0, Diff:  0.0, Sum:  0.0, Workers: 4
[2.065s][debug][gc,phases   ] GC(0)     Dead                           Min: 0, Avg:  1.0, Max: 4, Diff: 4, Sum: 4, Workers: 4
[2.065s][debug][gc,phases   ] GC(0)     Total                          Min: 0, Avg:  2.8, Max: 11, Diff: 11, Sum: 11, Workers: 4
[2.065s][debug][gc,phases   ] GC(0)   JVMTI Tag Weak OopStorage      Min:  0.0, Avg:  0.0, Max:  0.0, Diff:  0.0, Sum:  0.0, Workers: 4
[2.065s][debug][gc,phases   ] GC(0)     Dead                           Min: 0, Avg:  0.0, Max: 0, Diff: 0, Sum: 0, Workers: 4
[2.065s][debug][gc,phases   ] GC(0)     Total                          Min: 0, Avg:  0.0, Max: 0, Diff: 0, Sum: 0, Workers: 4
[2.065s][debug][gc,phases   ] GC(0)   StringTable Weak               Min:  0.0, Avg:  0.1, Max:  0.1, Diff:  0.1, Sum:  0.3, Workers: 4
[2.065s][debug][gc,phases   ] GC(0)     Dead                           Min: 0, Avg:  7.8, Max: 21, Diff: 21, Sum: 31, Workers: 4
[2.065s][debug][gc,phases   ] GC(0)     Total                          Min: 0, Avg: 1968.2, Max: 3329, Diff: 3329, Sum: 7873, Workers: 4
[2.065s][debug][gc,phases   ] GC(0)   ResolvedMethodTable Weak       Min:  0.0, Avg:  0.0, Max:  0.0, Diff:  0.0, Sum:  0.1, Workers: 4
[2.065s][debug][gc,phases   ] GC(0)     Dead                           Min: 0, Avg: 88.2, Max: 132, Diff: 132, Sum: 353, Workers: 4
[2.065s][debug][gc,phases   ] GC(0)     Total                          Min: 0, Avg: 451.5, Max: 782, Diff: 782, Sum: 1806, Workers: 4
[2.065s][debug][gc,phases   ] GC(0)   JNI Weak                       Min:  0.0, Avg:  0.0, Max:  0.0, Diff:  0.0, Sum:  0.0, Workers: 4
[2.065s][debug][gc,phases   ] GC(0)     Dead                           Min: 0, Avg:  0.0, Max: 0, Diff: 0, Sum: 0, Workers: 4
[2.065s][debug][gc,phases   ] GC(0)     Total                          Min: 0, Avg: 12.0, Max: 48, Diff: 48, Sum: 48, Workers: 4
[2.065s][debug][gc,phases   ] GC(0)   StringDedup Table Weak         Min:  0.0, Avg:  0.0, Max:  0.0, Diff:  0.0, Sum:  0.0, Workers: 4
[2.065s][debug][gc,phases   ] GC(0)     Dead                           Min: 0, Avg:  0.0, Max: 0, Diff: 0, Sum: 0, Workers: 4
[2.065s][debug][gc,phases   ] GC(0)     Total                          Min: 0, Avg:  0.0, Max: 0, Diff: 0, Sum: 0, Workers: 4
[2.065s][debug][gc,phases   ] GC(0)   StringDedup Requests0 Weak     Min:  0.0, Avg:  0.0, Max:  0.0, Diff:  0.0, Sum:  0.0, Workers: 4
[2.065s][debug][gc,phases   ] GC(0)     Dead                           Min: 0, Avg:  0.0, Max: 0, Diff: 0, Sum: 0, Workers: 4
[2.065s][debug][gc,phases   ] GC(0)     Total                          Min: 0, Avg:  0.0, Max: 0, Diff: 0, Sum: 0, Workers: 4
[2.065s][debug][gc,phases   ] GC(0)   StringDedup Requests1 Weak     Min:  0.0, Avg:  0.0, Max:  0.0, Diff:  0.0, Sum:  0.0, Workers: 4
[2.065s][debug][gc,phases   ] GC(0)     Dead                           Min: 0, Avg:  0.0, Max: 0, Diff: 0, Sum: 0, Workers: 4
[2.066s][debug][gc,phases   ] GC(0)     Total                          Min: 0, Avg:  0.0, Max: 0, Diff: 0, Sum: 0, Workers: 4
[2.066s][debug][gc,phases   ] GC(0)   Weak JFR Old Object Samples    Min:  0.0, Avg:  0.0, Max:  0.0, Diff:  0.0, Sum:  0.0, Workers: 4
[2.066s][debug][gc,phases   ] GC(0)     Dead                           Min: 0, Avg:  0.0, Max: 0, Diff: 0, Sum: 0, Workers: 4
[2.066s][debug][gc,phases   ] GC(0)     Total                          Min: 0, Avg:  0.0, Max: 0, Diff: 0, Sum: 0, Workers: 4
[2.066s][debug][gc,phases   ] GC(0) Weak Processing 0.351ms
[2.066s][debug][gc,age      ] GC(0) Desired survivor size 536870912 bytes, new threshold 7 (max threshold 15)
[2.066s][info ][gc,heap     ] GC(0) PSYoungGen: 370232K(1572864K)->37407K(1572864K) Eden: 370232K(1048576K)->0K(1048576K) From: 0K(524288K)->37407K(524288K)
[2.066s][info ][gc,heap     ] GC(0) ParOldGen: 1073K(6144K)->1081K(6144K)
[2.066s][info ][gc,metaspace] GC(0) Metaspace: 21052K(21504K)->21052K(21504K) NonClass: 18770K(19008K)->18770K(19008K) Class: 2281K(2496K)->2281K(2496K)
[2.066s][info ][gc          ] GC(0) Pause Young (Metadata GC Threshold) 362M->37M(1542M) 19.602ms
[2.066s][info ][gc,cpu      ] GC(0) User=0.04s Sys=0.02s Real=0.02s
[2.066s][debug][gc,phases   ] GC(1) Pre Compact 0.009ms
[2.066s][info ][gc,start    ] GC(1) Pause Full (Metadata GC Threshold)
[2.066s][info ][gc,phases,start] GC(1) Marking Phase
[2.075s][debug][gc,phases      ] GC(1) Par Mark 9.695ms
[2.075s][debug][gc,ref         ] GC(1) ReferenceProcessor::execute queues: 1, RefProcThreadModel::Single, marks_oops_alive: false
[2.075s][debug][gc,ref         ] GC(1) ReferenceProcessor::execute queues: 4, RefProcThreadModel::Multi, marks_oops_alive: true
[2.076s][debug][gc,ref         ] GC(1) ReferenceProcessor::execute queues: 1, RefProcThreadModel::Single, marks_oops_alive: false
[2.076s][debug][gc,phases      ] GC(1) Reference Processing 0.141ms
[2.076s][debug][gc,phases      ] GC(1)   VM Weak                        Min:  0.0, Avg:  0.0, Max:  0.0, Diff:  0.0, Sum:  0.0, Workers: 4
[2.076s][debug][gc,phases      ] GC(1)     Dead                           Min: 0, Avg:  0.0, Max: 0, Diff: 0, Sum: 0, Workers: 4
[2.076s][debug][gc,phases      ] GC(1)     Total                          Min: 0, Avg: 59.5, Max: 128, Diff: 128, Sum: 238, Workers: 4
[2.076s][debug][gc,phases      ] GC(1)   ObjectSynchronizer Weak        Min:  0.0, Avg:  0.0, Max:  0.0, Diff:  0.0, Sum:  0.0, Workers: 4
[2.076s][debug][gc,phases      ] GC(1)     Dead                           Min: 0, Avg:  0.0, Max: 0, Diff: 0, Sum: 0, Workers: 4
[2.076s][debug][gc,phases      ] GC(1)     Total                          Min: 0, Avg:  2.8, Max: 11, Diff: 11, Sum: 11, Workers: 4
[2.076s][debug][gc,phases      ] GC(1)   JVMTI Tag Weak OopStorage      Min:  0.0, Avg:  0.0, Max:  0.0, Diff:  0.0, Sum:  0.0, Workers: 4
[2.076s][debug][gc,phases      ] GC(1)     Dead                           Min: 0, Avg:  0.0, Max: 0, Diff: 0, Sum: 0, Workers: 4
[2.076s][debug][gc,phases      ] GC(1)     Total                          Min: 0, Avg:  0.0, Max: 0, Diff: 0, Sum: 0, Workers: 4
[2.076s][debug][gc,phases      ] GC(1)   StringTable Weak               Min:  0.0, Avg:  0.0, Max:  0.0, Diff:  0.0, Sum:  0.1, Workers: 4
[2.076s][debug][gc,phases      ] GC(1)     Dead                           Min: 0, Avg:  0.0, Max: 0, Diff: 0, Sum: 0, Workers: 4
[2.076s][debug][gc,phases      ] GC(1)     Total                          Min: 1600, Avg: 1968.2, Max: 2177, Diff: 577, Sum: 7873, Workers: 4
[2.076s][debug][gc,phases      ] GC(1)   ResolvedMethodTable Weak       Min:  0.0, Avg:  0.0, Max:  0.0, Diff:  0.0, Sum:  0.0, Workers: 4
[2.076s][debug][gc,phases      ] GC(1)     Dead                           Min: 0, Avg:  0.0, Max: 0, Diff: 0, Sum: 0, Workers: 4
[2.076s][debug][gc,phases      ] GC(1)     Total                          Min: 334, Avg: 451.5, Max: 512, Diff: 178, Sum: 1806, Workers: 4
[2.076s][debug][gc,phases      ] GC(1)   JNI Weak                       Min:  0.0, Avg:  0.0, Max:  0.0, Diff:  0.0, Sum:  0.0, Workers: 4
[2.076s][debug][gc,phases      ] GC(1)     Dead                           Min: 0, Avg:  0.0, Max: 0, Diff: 0, Sum: 0, Workers: 4
[2.076s][debug][gc,phases      ] GC(1)     Total                          Min: 0, Avg: 12.0, Max: 48, Diff: 48, Sum: 48, Workers: 4
[2.076s][debug][gc,phases      ] GC(1)   StringDedup Table Weak         Min:  0.0, Avg:  0.0, Max:  0.0, Diff:  0.0, Sum:  0.0, Workers: 4
[2.076s][debug][gc,phases      ] GC(1)     Dead                           Min: 0, Avg:  0.0, Max: 0, Diff: 0, Sum: 0, Workers: 4
[2.076s][debug][gc,phases      ] GC(1)     Total                          Min: 0, Avg:  0.0, Max: 0, Diff: 0, Sum: 0, Workers: 4
[2.076s][debug][gc,phases      ] GC(1)   StringDedup Requests0 Weak     Min:  0.0, Avg:  0.0, Max:  0.0, Diff:  0.0, Sum:  0.0, Workers: 4
[2.076s][debug][gc,phases      ] GC(1)     Dead                           Min: 0, Avg:  0.0, Max: 0, Diff: 0, Sum: 0, Workers: 4
[2.076s][debug][gc,phases      ] GC(1)     Total                          Min: 0, Avg:  0.0, Max: 0, Diff: 0, Sum: 0, Workers: 4
[2.076s][debug][gc,phases      ] GC(1)   StringDedup Requests1 Weak     Min:  0.0, Avg:  0.0, Max:  0.0, Diff:  0.0, Sum:  0.0, Workers: 4
[2.076s][debug][gc,phases      ] GC(1)     Dead                           Min: 0, Avg:  0.0, Max: 0, Diff: 0, Sum: 0, Workers: 4
[2.076s][debug][gc,phases      ] GC(1)     Total                          Min: 0, Avg:  0.0, Max: 0, Diff: 0, Sum: 0, Workers: 4
[2.076s][debug][gc,phases      ] GC(1)   Weak JFR Old Object Samples    Min:  0.0, Avg:  0.0, Max:  0.0, Diff:  0.0, Sum:  0.0, Workers: 4
[2.076s][debug][gc,phases      ] GC(1)     Dead                           Min: 0, Avg:  0.0, Max: 0, Diff: 0, Sum: 0, Workers: 4
[2.076s][debug][gc,phases      ] GC(1)     Total                          Min: 0, Avg:  0.0, Max: 0, Diff: 0, Sum: 0, Workers: 4
[2.076s][debug][gc,phases      ] GC(1) Weak Processing 0.264ms
[2.076s][debug][gc,phases      ] GC(1) ClassLoaderData 0.033ms
[2.076s][debug][gc,phases      ] GC(1) Trigger cleanups 0.000ms
[2.082s][debug][gc,phases      ] GC(1) Purge Unlinked NMethods 0.001ms
[2.082s][debug][gc,phases      ] GC(1) Unregister NMethods 0.012ms
[2.082s][debug][gc,phases      ] GC(1) Free Code Blobs 0.001ms
[2.082s][debug][gc,phases      ] GC(1) Class Unloading 6.219ms
[2.082s][debug][gc,phases      ] GC(1) Report Object Count 0.002ms
[2.082s][info ][gc,phases      ] GC(1) Marking Phase 16.391ms
[2.082s][info ][gc,phases,start] GC(1) Summary Phase
[2.082s][info ][gc,phases      ] GC(1) Summary Phase 0.007ms
[2.082s][info ][gc,phases,start] GC(1) Adjust Roots
[2.087s][info ][gc,phases      ] GC(1) Adjust Roots 4.538ms
[2.087s][info ][gc,phases,start] GC(1) Compaction Phase
[2.107s][info ][gc,phases      ] GC(1) Compaction Phase 20.178ms
[2.107s][info ][gc,phases,start] GC(1) Post Compact
[2.108s][debug][gc,phases      ] GC(1) Purge Class Loader Data 1.021ms
[2.109s][info ][gc,phases      ] GC(1) Post Compact 1.881ms
[2.109s][info ][gc,heap        ] GC(1) PSYoungGen: 37407K(1572864K)->32139K(1572864K) Eden: 0K(1048576K)->0K(1048576K) From: 37407K(524288K)->32139K(524288K)
[2.109s][info ][gc,heap        ] GC(1) ParOldGen: 1081K(6144K)->6034K(6144K)
[2.109s][info ][gc,metaspace   ] GC(1) Metaspace: 21052K(21504K)->21052K(21504K) NonClass: 18770K(19008K)->18770K(19008K) Class: 2281K(2496K)->2281K(2496K)
[2.109s][info ][gc             ] GC(1) Pause Full (Metadata GC Threshold) 37M->37M(1542M) 43.130ms
[2.109s][info ][gc,cpu         ] GC(1) User=0.13s Sys=0.00s Real=0.04s
[2.109s][info ][safepoint      ] Safepoint "CollectForMetadataAllocation", Time since last: 229734983 ns, Reaching safepoint: 74803 ns, Cleanup: 83903 ns, At safepoint: 62859666 ns, Total: 63018372 ns
[2.509s][info ][safepoint      ] Safepoint "ICBufferFull", Time since last: 400362535 ns, Reaching safepoint: 4900 ns, Cleanup: 110704 ns, At safepoint: 6901 ns, Total: 122505 ns
[2.710s][info ][safepoint      ] Safepoint "ICBufferFull", Time since last: 200162616 ns, Reaching safepoint: 4401 ns, Cleanup: 125104 ns, At safepoint: 2500 ns, Total: 132005 ns
[2.874s][info ][safepoint      ] Safepoint "ICBufferFull", Time since last: 164064715 ns, Reaching safepoint: 4901 ns, Cleanup: 131204 ns, At safepoint: 7101 ns, Total: 143206 ns
[3.288s][info ][safepoint      ] Safepoint "ICBufferFull", Time since last: 413561510 ns, Reaching safepoint: 82203 ns, Cleanup: 164706 ns, At safepoint: 9201 ns, Total: 256110 ns
[3.587s][info ][gc,start       ] GC(2) Pause Young (Metadata GC Threshold)
[3.623s][debug][gc,phases      ] GC(2) Scavenge 36.204ms
[3.624s][debug][gc,ref         ] GC(2) ReferenceProcessor::execute queues: 4, RefProcThreadModel::Multi, marks_oops_alive: false
[3.624s][debug][gc,ref         ] GC(2) ReferenceProcessor::execute queues: 4, RefProcThreadModel::Multi, marks_oops_alive: true
[3.624s][debug][gc,ref         ] GC(2) ReferenceProcessor::execute queues: 2, RefProcThreadModel::Multi, marks_oops_alive: false
[3.624s][debug][gc,phases      ] GC(2) Reference Processing 0.764ms
[3.624s][debug][gc,phases      ] GC(2)   VM Weak                        Min:  0.0, Avg:  0.0, Max:  0.0, Diff:  0.0, Sum:  0.0, Workers: 4
[3.624s][debug][gc,phases      ] GC(2)     Dead                           Min: 0, Avg:  0.0, Max: 0, Diff: 0, Sum: 0, Workers: 4
[3.624s][debug][gc,phases      ] GC(2)     Total                          Min: 0, Avg: 72.5, Max: 256, Diff: 256, Sum: 290, Workers: 4
[3.624s][debug][gc,phases      ] GC(2)   ObjectSynchronizer Weak        Min:  0.0, Avg:  0.0, Max:  0.0, Diff:  0.0, Sum:  0.0, Workers: 4
[3.624s][debug][gc,phases      ] GC(2)     Dead                           Min: 0, Avg:  0.0, Max: 0, Diff: 0, Sum: 0, Workers: 4
[3.624s][debug][gc,phases      ] GC(2)     Total                          Min: 0, Avg:  2.8, Max: 11, Diff: 11, Sum: 11, Workers: 4
[3.624s][debug][gc,phases      ] GC(2)   JVMTI Tag Weak OopStorage      Min:  0.0, Avg:  0.0, Max:  0.0, Diff:  0.0, Sum:  0.0, Workers: 4
[3.624s][debug][gc,phases      ] GC(2)     Dead                           Min: 0, Avg:  0.0, Max: 0, Diff: 0, Sum: 0, Workers: 4
[3.624s][debug][gc,phases      ] GC(2)     Total                          Min: 0, Avg:  0.0, Max: 0, Diff: 0, Sum: 0, Workers: 4
[3.624s][debug][gc,phases      ] GC(2)   StringTable Weak               Min:  0.2, Avg:  0.2, Max:  0.2, Diff:  0.0, Sum:  0.7, Workers: 4
[3.624s][debug][gc,phases      ] GC(2)     Dead                           Min: 1, Avg:  2.8, Max: 6, Diff: 5, Sum: 11, Workers: 4
[3.624s][debug][gc,phases      ] GC(2)     Total                          Min: 3392, Avg: 3652.5, Max: 3986, Diff: 594, Sum: 14610, Workers: 4
[3.624s][debug][gc,phases      ] GC(2)   ResolvedMethodTable Weak       Min:  0.0, Avg:  0.1, Max:  0.1, Diff:  0.0, Sum:  0.2, Workers: 4
[3.624s][debug][gc,phases      ] GC(2)     Dead                           Min: 355, Avg: 434.2, Max: 586, Diff: 231, Sum: 1737, Workers: 4
[3.624s][debug][gc,phases      ] GC(2)     Total                          Min: 1123, Avg: 1176.8, Max: 1216, Diff: 93, Sum: 4707, Workers: 4
[3.624s][debug][gc,phases      ] GC(2)   JNI Weak                       Min:  0.0, Avg:  0.0, Max:  0.0, Diff:  0.0, Sum:  0.0, Workers: 4
[3.624s][debug][gc,phases      ] GC(2)     Dead                           Min: 0, Avg:  0.0, Max: 0, Diff: 0, Sum: 0, Workers: 4
[3.624s][debug][gc,phases      ] GC(2)     Total                          Min: 0, Avg: 12.2, Max: 49, Diff: 49, Sum: 49, Workers: 4
[3.625s][debug][gc,phases      ] GC(2)   StringDedup Table Weak         Min:  0.0, Avg:  0.0, Max:  0.0, Diff:  0.0, Sum:  0.0, Workers: 4
[3.625s][debug][gc,phases      ] GC(2)     Dead                           Min: 0, Avg:  0.0, Max: 0, Diff: 0, Sum: 0, Workers: 4
[3.625s][debug][gc,phases      ] GC(2)     Total                          Min: 0, Avg:  0.0, Max: 0, Diff: 0, Sum: 0, Workers: 4
[3.625s][debug][gc,phases      ] GC(2)   StringDedup Requests0 Weak     Min:  0.0, Avg:  0.0, Max:  0.0, Diff:  0.0, Sum:  0.0, Workers: 4
[3.625s][debug][gc,phases      ] GC(2)     Dead                           Min: 0, Avg:  0.0, Max: 0, Diff: 0, Sum: 0, Workers: 4
[3.625s][debug][gc,phases      ] GC(2)     Total                          Min: 0, Avg:  0.0, Max: 0, Diff: 0, Sum: 0, Workers: 4
[3.625s][debug][gc,phases      ] GC(2)   StringDedup Requests1 Weak     Min:  0.0, Avg:  0.0, Max:  0.0, Diff:  0.0, Sum:  0.0, Workers: 4
[3.625s][debug][gc,phases      ] GC(2)     Dead                           Min: 0, Avg:  0.0, Max: 0, Diff: 0, Sum: 0, Workers: 4
[3.625s][debug][gc,phases      ] GC(2)     Total                          Min: 0, Avg:  0.0, Max: 0, Diff: 0, Sum: 0, Workers: 4
[3.625s][debug][gc,phases      ] GC(2)   Weak JFR Old Object Samples    Min:  0.0, Avg:  0.0, Max:  0.0, Diff:  0.0, Sum:  0.0, Workers: 4
[3.625s][debug][gc,phases      ] GC(2)     Dead                           Min: 0, Avg:  0.0, Max: 0, Diff: 0, Sum: 0, Workers: 4
[3.625s][debug][gc,phases      ] GC(2)     Total                          Min: 0, Avg:  0.0, Max: 0, Diff: 0, Sum: 0, Workers: 4
[3.625s][debug][gc,phases      ] GC(2) Weak Processing 0.454ms
[3.625s][debug][gc,age         ] GC(2) Desired survivor size 536870912 bytes, new threshold 7 (max threshold 15)
[3.625s][info ][gc,heap        ] GC(2) PSYoungGen: 514484K(1572864K)->55434K(1572864K) Eden: 482345K(1048576K)->0K(1048576K) From: 32139K(524288K)->55434K(524288K)
[3.625s][info ][gc,heap        ] GC(2) ParOldGen: 6034K(6144K)->6050K(6144K)
[3.625s][info ][gc,metaspace   ] GC(2) Metaspace: 35334K(35840K)->35334K(35840K) NonClass: 30829K(31104K)->30829K(31104K) Class: 4505K(4736K)->4505K(4736K)
[3.625s][info ][gc             ] GC(2) Pause Young (Metadata GC Threshold) 508M->60M(1542M) 37.567ms
[3.625s][info ][gc,cpu         ] GC(2) User=0.13s Sys=0.02s Real=0.04s
[3.625s][debug][gc,phases      ] GC(3) Pre Compact 0.008ms
[3.625s][info ][gc,start       ] GC(3) Pause Full (Metadata GC Threshold)
[3.625s][info ][gc,phases,start] GC(3) Marking Phase
[3.647s][debug][gc,phases      ] GC(3) Par Mark 22.567ms
[3.647s][debug][gc,ref         ] GC(3) ReferenceProcessor::execute queues: 4, RefProcThreadModel::Multi, marks_oops_alive: false
[3.648s][debug][gc,ref         ] GC(3) ReferenceProcessor::execute queues: 4, RefProcThreadModel::Multi, marks_oops_alive: true
[3.648s][debug][gc,ref         ] GC(3) ReferenceProcessor::execute queues: 1, RefProcThreadModel::Single, marks_oops_alive: false
[3.648s][debug][gc,phases      ] GC(3) Reference Processing 0.440ms
[3.648s][debug][gc,phases      ] GC(3)   VM Weak                        Min:  0.0, Avg:  0.0, Max:  0.0, Diff:  0.0, Sum:  0.0, Workers: 4
[3.648s][debug][gc,phases      ] GC(3)     Dead                           Min: 0, Avg:  0.0, Max: 0, Diff: 0, Sum: 0, Workers: 4
[3.648s][debug][gc,phases      ] GC(3)     Total                          Min: 0, Avg: 72.5, Max: 290, Diff: 290, Sum: 290, Workers: 4
[3.648s][debug][gc,phases      ] GC(3)   ObjectSynchronizer Weak        Min:  0.0, Avg:  0.0, Max:  0.0, Diff:  0.0, Sum:  0.0, Workers: 4
[3.648s][debug][gc,phases      ] GC(3)     Dead                           Min: 0, Avg:  0.0, Max: 0, Diff: 0, Sum: 0, Workers: 4
[3.648s][debug][gc,phases      ] GC(3)     Total                          Min: 0, Avg:  2.8, Max: 11, Diff: 11, Sum: 11, Workers: 4
[3.648s][debug][gc,phases      ] GC(3)   JVMTI Tag Weak OopStorage      Min:  0.0, Avg:  0.0, Max:  0.0, Diff:  0.0, Sum:  0.0, Workers: 4
[3.648s][debug][gc,phases      ] GC(3)     Dead                           Min: 0, Avg:  0.0, Max: 0, Diff: 0, Sum: 0, Workers: 4
[3.648s][debug][gc,phases      ] GC(3)     Total                          Min: 0, Avg:  0.0, Max: 0, Diff: 0, Sum: 0, Workers: 4
[3.648s][debug][gc,phases      ] GC(3)   StringTable Weak               Min:  0.0, Avg:  0.0, Max:  0.1, Diff:  0.1, Sum:  0.2, Workers: 4
[3.648s][debug][gc,phases      ] GC(3)     Dead                           Min: 0, Avg:  0.0, Max: 0, Diff: 0, Sum: 0, Workers: 4
[3.648s][debug][gc,phases      ] GC(3)     Total                          Min: 0, Avg: 3652.5, Max: 5714, Diff: 5714, Sum: 14610, Workers: 4
[3.648s][debug][gc,phases      ] GC(3)   ResolvedMethodTable Weak       Min:  0.0, Avg:  0.0, Max:  0.0, Diff:  0.0, Sum:  0.1, Workers: 4
[3.648s][debug][gc,phases      ] GC(3)     Dead                           Min: 0, Avg:  0.0, Max: 0, Diff: 0, Sum: 0, Workers: 4
[3.648s][debug][gc,phases      ] GC(3)     Total                          Min: 0, Avg: 1176.8, Max: 1763, Diff: 1763, Sum: 4707, Workers: 4
[3.648s][debug][gc,phases      ] GC(3)   JNI Weak                       Min:  0.0, Avg:  0.0, Max:  0.0, Diff:  0.0, Sum:  0.0, Workers: 4
[3.648s][debug][gc,phases      ] GC(3)     Dead                           Min: 0, Avg:  0.0, Max: 0, Diff: 0, Sum: 0, Workers: 4
[3.648s][debug][gc,phases      ] GC(3)     Total                          Min: 0, Avg: 12.2, Max: 49, Diff: 49, Sum: 49, Workers: 4
[3.648s][debug][gc,phases      ] GC(3)   StringDedup Table Weak         Min:  0.0, Avg:  0.0, Max:  0.0, Diff:  0.0, Sum:  0.0, Workers: 4
[3.648s][debug][gc,phases      ] GC(3)     Dead                           Min: 0, Avg:  0.0, Max: 0, Diff: 0, Sum: 0, Workers: 4
[3.648s][debug][gc,phases      ] GC(3)     Total                          Min: 0, Avg:  0.0, Max: 0, Diff: 0, Sum: 0, Workers: 4
[3.648s][debug][gc,phases      ] GC(3)   StringDedup Requests0 Weak     Min:  0.0, Avg:  0.0, Max:  0.0, Diff:  0.0, Sum:  0.0, Workers: 4
[3.648s][debug][gc,phases      ] GC(3)     Dead                           Min: 0, Avg:  0.0, Max: 0, Diff: 0, Sum: 0, Workers: 4
[3.648s][debug][gc,phases      ] GC(3)     Total                          Min: 0, Avg:  0.0, Max: 0, Diff: 0, Sum: 0, Workers: 4
[3.648s][debug][gc,phases      ] GC(3)   StringDedup Requests1 Weak     Min:  0.0, Avg:  0.0, Max:  0.0, Diff:  0.0, Sum:  0.0, Workers: 4
[3.648s][debug][gc,phases      ] GC(3)     Dead                           Min: 0, Avg:  0.0, Max: 0, Diff: 0, Sum: 0, Workers: 4
[3.648s][debug][gc,phases      ] GC(3)     Total                          Min: 0, Avg:  0.0, Max: 0, Diff: 0, Sum: 0, Workers: 4
[3.648s][debug][gc,phases      ] GC(3)   Weak JFR Old Object Samples    Min:  0.0, Avg:  0.0, Max:  0.0, Diff:  0.0, Sum:  0.0, Workers: 4
[3.648s][debug][gc,phases      ] GC(3)     Dead                           Min: 0, Avg:  0.0, Max: 0, Diff: 0, Sum: 0, Workers: 4
[3.648s][debug][gc,phases      ] GC(3)     Total                          Min: 0, Avg:  0.0, Max: 0, Diff: 0, Sum: 0, Workers: 4
[3.648s][debug][gc,phases      ] GC(3) Weak Processing 0.489ms
[3.648s][debug][gc,phases      ] GC(3) ClassLoaderData 0.072ms
[3.648s][debug][gc,phases      ] GC(3) Trigger cleanups 0.000ms
[3.657s][debug][gc,phases      ] GC(3) Purge Unlinked NMethods 0.691ms
[3.657s][debug][gc,phases      ] GC(3) Unregister NMethods 0.054ms
[3.657s][debug][gc,phases      ] GC(3) Free Code Blobs 0.110ms
[3.657s][debug][gc,phases      ] GC(3) Class Unloading 9.062ms
[3.657s][debug][gc,phases      ] GC(3) Report Object Count 0.001ms
[3.657s][info ][gc,phases      ] GC(3) Marking Phase 32.635ms
[3.657s][info ][gc,phases,start] GC(3) Summary Phase
[3.657s][info ][gc,phases      ] GC(3) Summary Phase 0.008ms
[3.657s][info ][gc,phases,start] GC(3) Adjust Roots
[3.663s][info ][gc,phases      ] GC(3) Adjust Roots 5.488ms
[3.663s][info ][gc,phases,start] GC(3) Compaction Phase
[3.868s][info ][gc,phases      ] GC(3) Compaction Phase 205.621ms
[3.869s][info ][gc,phases,start] GC(3) Post Compact
[3.870s][debug][gc,phases      ] GC(3) Purge Class Loader Data 1.397ms
[3.871s][info ][gc,phases      ] GC(3) Post Compact 2.387ms
[3.871s][info ][gc,heap        ] GC(3) PSYoungGen: 55434K(1572864K)->55255K(1572864K) Eden: 0K(1048576K)->0K(1048576K) From: 55434K(524288K)->55255K(524288K)
[3.871s][info ][gc,heap        ] GC(3) ParOldGen: 6050K(6144K)->6017K(6144K)
[3.871s][info ][gc,metaspace   ] GC(3) Metaspace: 35334K(35840K)->35334K(35840K) NonClass: 30829K(31104K)->30829K(31104K) Class: 4505K(4736K)->4505K(4736K)
[3.871s][info ][gc             ] GC(3) Pause Full (Metadata GC Threshold) 60M->59M(1542M) 246.275ms
[3.871s][info ][gc,cpu         ] GC(3) User=0.52s Sys=0.00s Real=0.24s
[3.871s][info ][safepoint      ] Safepoint "CollectForMetadataAllocation", Time since last: 299307291 ns, Reaching safepoint: 3800 ns, Cleanup: 94004 ns, At safepoint: 283970938 ns, Total: 284068742 ns
[4.004s][info ][safepoint      ] Safepoint "ICBufferFull", Time since last: 132750586 ns, Reaching safepoint: 76603 ns, Cleanup: 139605 ns, At safepoint: 5400 ns, Total: 221608 ns
[4.136s][info ][safepoint      ] Safepoint "ICBufferFull", Time since last: 131838654 ns, Reaching safepoint: 4500 ns, Cleanup: 144505 ns, At safepoint: 12500 ns, Total: 161505 ns
[4.258s][info ][safepoint      ] Safepoint "ICBufferFull", Time since last: 121818793 ns, Reaching safepoint: 3900 ns, Cleanup: 134005 ns, At safepoint: 2000 ns, Total: 139905 ns
[4.628s][info ][safepoint      ] Safepoint "ICBufferFull", Time since last: 369452620 ns, Reaching safepoint: 82403 ns, Cleanup: 174506 ns, At safepoint: 6101 ns, Total: 263010 ns
[4.797s][info ][safepoint      ] Safepoint "ICBufferFull", Time since last: 169159398 ns, Reaching safepoint: 3701 ns, Cleanup: 126304 ns, At safepoint: 6400 ns, Total: 136405 ns
[4.991s][info ][safepoint      ] Safepoint "ICBufferFull", Time since last: 193874490 ns, Reaching safepoint: 4501 ns, Cleanup: 149605 ns, At safepoint: 2500 ns, Total: 156606 ns
[5.252s][info ][safepoint      ] Safepoint "ICBufferFull", Time since last: 260543294 ns, Reaching safepoint: 4600 ns, Cleanup: 146705 ns, At safepoint: 2300 ns, Total: 153605 ns
[5.666s][info ][safepoint      ] Safepoint "ICBufferFull", Time since last: 413941725 ns, Reaching safepoint: 3900 ns, Cleanup: 163406 ns, At safepoint: 2300 ns, Total: 169606 ns
[6.118s][info ][gc,start       ] GC(4) Pause Young (Metadata GC Threshold)
[6.165s][debug][gc,phases      ] GC(4) Scavenge 46.728ms
[6.165s][debug][gc,ref         ] GC(4) ReferenceProcessor::execute queues: 4, RefProcThreadModel::Multi, marks_oops_alive: false
[6.166s][debug][gc,ref         ] GC(4) Skipped KeepAliveFinalRefsPhase of Reference Processing: no references
[6.166s][debug][gc,ref         ] GC(4) ReferenceProcessor::execute queues: 4, RefProcThreadModel::Multi, marks_oops_alive: false
[6.166s][debug][gc,phases      ] GC(4) Reference Processing 1.177ms
[6.167s][debug][gc,phases      ] GC(4)   VM Weak                        Min:  0.0, Avg:  0.0, Max:  0.0, Diff:  0.0, Sum:  0.0, Workers: 4
[6.167s][debug][gc,phases      ] GC(4)     Dead                           Min: 0, Avg:  0.0, Max: 0, Diff: 0, Sum: 0, Workers: 4
[6.167s][debug][gc,phases      ] GC(4)     Total                          Min: 0, Avg: 118.5, Max: 282, Diff: 282, Sum: 474, Workers: 4
[6.167s][debug][gc,phases      ] GC(4)   ObjectSynchronizer Weak        Min:  0.0, Avg:  0.0, Max:  0.0, Diff:  0.0, Sum:  0.0, Workers: 4
[6.167s][debug][gc,phases      ] GC(4)     Dead                           Min: 0, Avg:  0.0, Max: 0, Diff: 0, Sum: 0, Workers: 4
[6.167s][debug][gc,phases      ] GC(4)     Total                          Min: 0, Avg:  2.8, Max: 11, Diff: 11, Sum: 11, Workers: 4
[6.167s][debug][gc,phases      ] GC(4)   JVMTI Tag Weak OopStorage      Min:  0.0, Avg:  0.0, Max:  0.0, Diff:  0.0, Sum:  0.0, Workers: 4
[6.167s][debug][gc,phases      ] GC(4)     Dead                           Min: 0, Avg:  0.0, Max: 0, Diff: 0, Sum: 0, Workers: 4
[6.167s][debug][gc,phases      ] GC(4)     Total                          Min: 0, Avg:  0.0, Max: 0, Diff: 0, Sum: 0, Workers: 4
[6.167s][debug][gc,phases      ] GC(4)   StringTable Weak               Min:  0.0, Avg:  0.3, Max:  0.4, Diff:  0.4, Sum:  1.1, Workers: 4
[6.167s][debug][gc,phases      ] GC(4)     Dead                           Min: 0, Avg:  3.5, Max: 6, Diff: 6, Sum: 14, Workers: 4
[6.167s][debug][gc,phases      ] GC(4)     Total                          Min: 0, Avg: 6990.8, Max: 11643, Diff: 11643, Sum: 27963, Workers: 4
[6.167s][debug][gc,phases      ] GC(4)   ResolvedMethodTable Weak       Min:  0.0, Avg:  0.1, Max:  0.2, Diff:  0.2, Sum:  0.5, Workers: 4
[6.167s][debug][gc,phases      ] GC(4)     Dead                           Min: 0, Avg: 1034.2, Max: 1854, Diff: 1854, Sum: 4137, Workers: 4
[6.167s][debug][gc,phases      ] GC(4)     Total                          Min: 0, Avg: 2952.5, Max: 5184, Diff: 5184, Sum: 11810, Workers: 4
[6.167s][debug][gc,phases      ] GC(4)   JNI Weak                       Min:  0.0, Avg:  0.0, Max:  0.0, Diff:  0.0, Sum:  0.0, Workers: 4
[6.167s][debug][gc,phases      ] GC(4)     Dead                           Min: 0, Avg:  0.0, Max: 0, Diff: 0, Sum: 0, Workers: 4
[6.167s][debug][gc,phases      ] GC(4)     Total                          Min: 0, Avg: 12.0, Max: 48, Diff: 48, Sum: 48, Workers: 4
[6.167s][debug][gc,phases      ] GC(4)   StringDedup Table Weak         Min:  0.0, Avg:  0.0, Max:  0.0, Diff:  0.0, Sum:  0.0, Workers: 4
[6.167s][debug][gc,phases      ] GC(4)     Dead                           Min: 0, Avg:  0.0, Max: 0, Diff: 0, Sum: 0, Workers: 4
[6.167s][debug][gc,phases      ] GC(4)     Total                          Min: 0, Avg:  0.0, Max: 0, Diff: 0, Sum: 0, Workers: 4
[6.167s][debug][gc,phases      ] GC(4)   StringDedup Requests0 Weak     Min:  0.0, Avg:  0.0, Max:  0.0, Diff:  0.0, Sum:  0.0, Workers: 4
[6.167s][debug][gc,phases      ] GC(4)     Dead                           Min: 0, Avg:  0.0, Max: 0, Diff: 0, Sum: 0, Workers: 4
[6.167s][debug][gc,phases      ] GC(4)     Total                          Min: 0, Avg:  0.0, Max: 0, Diff: 0, Sum: 0, Workers: 4
[6.167s][debug][gc,phases      ] GC(4)   StringDedup Requests1 Weak     Min:  0.0, Avg:  0.0, Max:  0.0, Diff:  0.0, Sum:  0.0, Workers: 4
[6.167s][debug][gc,phases      ] GC(4)     Dead                           Min: 0, Avg:  0.0, Max: 0, Diff: 0, Sum: 0, Workers: 4
[6.167s][debug][gc,phases      ] GC(4)     Total                          Min: 0, Avg:  0.0, Max: 0, Diff: 0, Sum: 0, Workers: 4
[6.167s][debug][gc,phases      ] GC(4)   Weak JFR Old Object Samples    Min:  0.0, Avg:  0.0, Max:  0.0, Diff:  0.0, Sum:  0.0, Workers: 4
[6.167s][debug][gc,phases      ] GC(4)     Dead                           Min: 0, Avg:  0.0, Max: 0, Diff: 0, Sum: 0, Workers: 4
[6.167s][debug][gc,phases      ] GC(4)     Total                          Min: 0, Avg:  0.0, Max: 0, Diff: 0, Sum: 0, Workers: 4
[6.167s][debug][gc,phases      ] GC(4) Weak Processing 0.923ms
[6.167s][debug][gc,age         ] GC(4) Desired survivor size 536870912 bytes, new threshold 7 (max threshold 15)
[6.167s][info ][gc,heap        ] GC(4) PSYoungGen: 537600K(1572864K)->77982K(1572864K) Eden: 482345K(1048576K)->0K(1048576K) From: 55255K(524288K)->77982K(524288K)
[6.167s][info ][gc,heap        ] GC(4) ParOldGen: 6017K(6144K)->6049K(6144K)
[6.167s][info ][gc,metaspace   ] GC(4) Metaspace: 59100K(59776K)->59100K(59776K) NonClass: 49625K(50048K)->49625K(50048K) Class: 9475K(9728K)->9475K(9728K)
[6.167s][info ][gc             ] GC(4) Pause Young (Metadata GC Threshold) 530M->82M(1542M) 48.978ms
[6.167s][info ][gc,cpu         ] GC(4) User=0.11s Sys=0.07s Real=0.05s
[6.167s][debug][gc,phases      ] GC(5) Pre Compact 0.010ms
[6.167s][info ][gc,start       ] GC(5) Pause Full (Metadata GC Threshold)
[6.167s][info ][gc,phases,start] GC(5) Marking Phase
[6.208s][debug][gc,phases      ] GC(5) Par Mark 41.197ms
[6.209s][debug][gc,ref         ] GC(5) ReferenceProcessor::execute queues: 4, RefProcThreadModel::Multi, marks_oops_alive: false
[6.209s][debug][gc,ref         ] GC(5) ReferenceProcessor::execute queues: 4, RefProcThreadModel::Multi, marks_oops_alive: true
[6.209s][debug][gc,ref         ] GC(5) ReferenceProcessor::execute queues: 1, RefProcThreadModel::Single, marks_oops_alive: false
[6.209s][debug][gc,phases      ] GC(5) Reference Processing 0.804ms
[6.209s][debug][gc,phases      ] GC(5)   VM Weak                        Min:  0.0, Avg:  0.0, Max:  0.0, Diff:  0.0, Sum:  0.0, Workers: 4
[6.209s][debug][gc,phases      ] GC(5)     Dead                           Min: 0, Avg:  0.0, Max: 0, Diff: 0, Sum: 0, Workers: 4
[6.209s][debug][gc,phases      ] GC(5)     Total                          Min: 0, Avg: 118.5, Max: 256, Diff: 256, Sum: 474, Workers: 4
[6.209s][debug][gc,phases      ] GC(5)   ObjectSynchronizer Weak        Min:  0.0, Avg:  0.0, Max:  0.0, Diff:  0.0, Sum:  0.0, Workers: 4
[6.209s][debug][gc,phases      ] GC(5)     Dead                           Min: 0, Avg:  0.0, Max: 0, Diff: 0, Sum: 0, Workers: 4
[6.209s][debug][gc,phases      ] GC(5)     Total                          Min: 0, Avg:  2.8, Max: 11, Diff: 11, Sum: 11, Workers: 4
[6.209s][debug][gc,phases      ] GC(5)   JVMTI Tag Weak OopStorage      Min:  0.0, Avg:  0.0, Max:  0.0, Diff:  0.0, Sum:  0.0, Workers: 4
[6.209s][debug][gc,phases      ] GC(5)     Dead                           Min: 0, Avg:  0.0, Max: 0, Diff: 0, Sum: 0, Workers: 4
[6.210s][debug][gc,phases      ] GC(5)     Total                          Min: 0, Avg:  0.0, Max: 0, Diff: 0, Sum: 0, Workers: 4
[6.210s][debug][gc,phases      ] GC(5)   StringTable Weak               Min:  0.0, Avg:  0.1, Max:  0.1, Diff:  0.1, Sum:  0.4, Workers: 4
[6.210s][debug][gc,phases      ] GC(5)     Dead                           Min: 0, Avg:  0.0, Max: 0, Diff: 0, Sum: 0, Workers: 4
[6.210s][debug][gc,phases      ] GC(5)     Total                          Min: 0, Avg: 6990.8, Max: 9600, Diff: 9600, Sum: 27963, Workers: 4
[6.210s][debug][gc,phases      ] GC(5)   ResolvedMethodTable Weak       Min:  0.0, Avg:  0.0, Max:  0.1, Diff:  0.1, Sum:  0.2, Workers: 4
[6.210s][debug][gc,phases      ] GC(5)     Dead                           Min: 0, Avg:  0.0, Max: 0, Diff: 0, Sum: 0, Workers: 4
[6.210s][debug][gc,phases      ] GC(5)     Total                          Min: 0, Avg: 2952.5, Max: 4032, Diff: 4032, Sum: 11810, Workers: 4
[6.210s][debug][gc,phases      ] GC(5)   JNI Weak                       Min:  0.0, Avg:  0.0, Max:  0.0, Diff:  0.0, Sum:  0.0, Workers: 4
[6.210s][debug][gc,phases      ] GC(5)     Dead                           Min: 0, Avg:  0.0, Max: 0, Diff: 0, Sum: 0, Workers: 4
[6.210s][debug][gc,phases      ] GC(5)     Total                          Min: 0, Avg: 12.0, Max: 48, Diff: 48, Sum: 48, Workers: 4
[6.210s][debug][gc,phases      ] GC(5)   StringDedup Table Weak         Min:  0.0, Avg:  0.0, Max:  0.0, Diff:  0.0, Sum:  0.0, Workers: 4
[6.210s][debug][gc,phases      ] GC(5)     Dead                           Min: 0, Avg:  0.0, Max: 0, Diff: 0, Sum: 0, Workers: 4
[6.210s][debug][gc,phases      ] GC(5)     Total                          Min: 0, Avg:  0.0, Max: 0, Diff: 0, Sum: 0, Workers: 4
[6.210s][debug][gc,phases      ] GC(5)   StringDedup Requests0 Weak     Min:  0.0, Avg:  0.0, Max:  0.0, Diff:  0.0, Sum:  0.0, Workers: 4
[6.210s][debug][gc,phases      ] GC(5)     Dead                           Min: 0, Avg:  0.0, Max: 0, Diff: 0, Sum: 0, Workers: 4
[6.210s][debug][gc,phases      ] GC(5)     Total                          Min: 0, Avg:  0.0, Max: 0, Diff: 0, Sum: 0, Workers: 4
[6.210s][debug][gc,phases      ] GC(5)   StringDedup Requests1 Weak     Min:  0.0, Avg:  0.0, Max:  0.0, Diff:  0.0, Sum:  0.0, Workers: 4
[6.210s][debug][gc,phases      ] GC(5)     Dead                           Min: 0, Avg:  0.0, Max: 0, Diff: 0, Sum: 0, Workers: 4
[6.210s][debug][gc,phases      ] GC(5)     Total                          Min: 0, Avg:  0.0, Max: 0, Diff: 0, Sum: 0, Workers: 4
[6.210s][debug][gc,phases      ] GC(5)   Weak JFR Old Object Samples    Min:  0.0, Avg:  0.0, Max:  0.0, Diff:  0.0, Sum:  0.0, Workers: 4
[6.210s][debug][gc,phases      ] GC(5)     Dead                           Min: 0, Avg:  0.0, Max: 0, Diff: 0, Sum: 0, Workers: 4
[6.210s][debug][gc,phases      ] GC(5)     Total                          Min: 0, Avg:  0.0, Max: 0, Diff: 0, Sum: 0, Workers: 4
[6.210s][debug][gc,phases      ] GC(5) Weak Processing 0.440ms
[6.210s][debug][gc,phases      ] GC(5) ClassLoaderData 0.071ms
[6.210s][debug][gc,phases      ] GC(5) Trigger cleanups 0.000ms
[6.220s][debug][gc,phases      ] GC(5) Purge Unlinked NMethods 0.243ms
[6.220s][debug][gc,phases      ] GC(5) Unregister NMethods 0.195ms
[6.220s][debug][gc,phases      ] GC(5) Free Code Blobs 0.044ms
[6.220s][debug][gc,phases      ] GC(5) Class Unloading 10.633ms
[6.220s][debug][gc,phases      ] GC(5) Report Object Count 0.001ms
[6.220s][info ][gc,phases      ] GC(5) Marking Phase 53.151ms
[6.220s][info ][gc,phases,start] GC(5) Summary Phase
[6.220s][info ][gc,phases      ] GC(5) Summary Phase 0.009ms
[6.220s][info ][gc,phases,start] GC(5) Adjust Roots
[6.229s][info ][gc,phases      ] GC(5) Adjust Roots 8.309ms
[6.229s][info ][gc,phases,start] GC(5) Compaction Phase
[6.546s][info ][gc,phases      ] GC(5) Compaction Phase 317.289ms
[6.546s][info ][gc,phases,start] GC(5) Post Compact
[6.547s][debug][gc,phases      ] GC(5) Purge Class Loader Data 0.325ms
[6.548s][info ][gc,phases      ] GC(5) Post Compact 1.873ms
[6.548s][info ][gc,heap        ] GC(5) PSYoungGen: 77982K(1572864K)->77804K(1572864K) Eden: 0K(1048576K)->0K(1048576K) From: 77982K(524288K)->77804K(524288K)
[6.548s][info ][gc,heap        ] GC(5) ParOldGen: 6049K(6144K)->6012K(6144K)
[6.548s][info ][gc,metaspace   ] GC(5) Metaspace: 59100K(59776K)->59100K(59776K) NonClass: 49625K(50048K)->49625K(50048K) Class: 9475K(9728K)->9475K(9728K)
[6.548s][info ][gc             ] GC(5) Pause Full (Metadata GC Threshold) 82M->81M(1542M) 380.775ms
[6.548s][info ][gc,cpu         ] GC(5) User=0.81s Sys=0.02s Real=0.38s
[6.548s][info ][safepoint      ] Safepoint "CollectForMetadataAllocation", Time since last: 452229105 ns, Reaching safepoint: 3800 ns, Cleanup: 84703 ns, At safepoint: 429914201 ns, Total: 430002704 ns
[6.920s][info ][safepoint      ] Safepoint "ICBufferFull", Time since last: 371716502 ns, Reaching safepoint: 88603 ns, Cleanup: 186507 ns, At safepoint: 9300 ns, Total: 284410 ns
[7.090s][info ][safepoint      ] Safepoint "ICBufferFull", Time since last: 169619015 ns, Reaching safepoint: 81403 ns, Cleanup: 133705 ns, At safepoint: 8400 ns, Total: 223508 ns
[7.180s][info ][safepoint      ] Safepoint "ICBufferFull", Time since last: 89950844 ns, Reaching safepoint: 5400 ns, Cleanup: 123304 ns, At safepoint: 8501 ns, Total: 137205 ns
[7.300s][info ][safepoint      ] Safepoint "ICBufferFull", Time since last: 119468307 ns, Reaching safepoint: 5200 ns, Cleanup: 125705 ns, At safepoint: 5700 ns, Total: 136605 ns
[7.393s][info ][safepoint      ] Safepoint "ICBufferFull", Time since last: 93823183 ns, Reaching safepoint: 5100 ns, Cleanup: 119304 ns, At safepoint: 2400 ns, Total: 126804 ns
[7.595s][info ][safepoint      ] Safepoint "ICBufferFull", Time since last: 200978546 ns, Reaching safepoint: 5201 ns, Cleanup: 136404 ns, At safepoint: 2001 ns, Total: 143606 ns
[7.724s][info ][safepoint      ] Safepoint "ICBufferFull", Time since last: 128791643 ns, Reaching safepoint: 6300 ns, Cleanup: 139905 ns, At safepoint: 8201 ns, Total: 154406 ns
[8.052s][info ][safepoint      ] Safepoint "ICBufferFull", Time since last: 328089529 ns, Reaching safepoint: 79703 ns, Cleanup: 163206 ns, At safepoint: 6900 ns, Total: 249809 ns
[8.257s][info ][safepoint      ] Safepoint "ICBufferFull", Time since last: 204671179 ns, Reaching safepoint: 5900 ns, Cleanup: 149106 ns, At safepoint: 5100 ns, Total: 160106 ns
[8.409s][info ][safepoint      ] Safepoint "ICBufferFull", Time since last: 151870675 ns, Reaching safepoint: 6101 ns, Cleanup: 156205 ns, At safepoint: 7101 ns, Total: 169407 ns
[8.985s][info ][safepoint      ] Safepoint "ICBufferFull", Time since last: 575562672 ns, Reaching safepoint: 84003 ns, Cleanup: 164506 ns, At safepoint: 7700 ns, Total: 256209 ns
[9.245s][info ][safepoint      ] Safepoint "ICBufferFull", Time since last: 260655434 ns, Reaching safepoint: 79303 ns, Cleanup: 147805 ns, At safepoint: 5200 ns, Total: 232308 ns
[9.247s][info ][safepoint      ] Safepoint "ICBufferFull", Time since last: 1238644 ns, Reaching safepoint: 76302 ns, Cleanup: 2700 ns, At safepoint: 7401 ns, Total: 86403 ns
[10.247s][info ][safepoint      ] Safepoint "Cleanup", Time since last: 1000094745 ns, Reaching safepoint: 86003 ns, Cleanup: 44902 ns, At safepoint: 8900 ns, Total: 139805 ns
[11.247s][info ][safepoint      ] Safepoint "Cleanup", Time since last: 1000121246 ns, Reaching safepoint: 90304 ns, Cleanup: 16000 ns, At safepoint: 12901 ns, Total: 119205 ns
[12.247s][info ][safepoint      ] Safepoint "Cleanup", Time since last: 1000118246 ns, Reaching safepoint: 86903 ns, Cleanup: 9200 ns, At safepoint: 11901 ns, Total: 108004 ns
[13.248s][info ][safepoint      ] Safepoint "Cleanup", Time since last: 1000119146 ns, Reaching safepoint: 87303 ns, Cleanup: 10500 ns, At safepoint: 11301 ns, Total: 109104 ns
[13.703s][info ][safepoint      ] Safepoint "ICBufferFull", Time since last: 455230052 ns, Reaching safepoint: 89303 ns, Cleanup: 139405 ns, At safepoint: 9600 ns, Total: 238308 ns
[13.705s][info ][safepoint      ] Safepoint "ICBufferFull", Time since last: 1856865 ns, Reaching safepoint: 152606 ns, Cleanup: 1800 ns, At safepoint: 11900 ns, Total: 166306 ns
[14.114s][info ][safepoint      ] Safepoint "ICBufferFull", Time since last: 408596918 ns, Reaching safepoint: 90404 ns, Cleanup: 141105 ns, At safepoint: 14000 ns, Total: 245509 ns
[14.294s][info ][safepoint      ] Safepoint "ICBufferFull", Time since last: 180001208 ns, Reaching safepoint: 6800 ns, Cleanup: 162506 ns, At safepoint: 2200 ns, Total: 171506 ns
[14.440s][info ][safepoint      ] Safepoint "ICBufferFull", Time since last: 145870711 ns, Reaching safepoint: 7201 ns, Cleanup: 171206 ns, At safepoint: 13500 ns, Total: 191907 ns
[14.565s][info ][safepoint      ] Safepoint "ICBufferFull", Time since last: 124582066 ns, Reaching safepoint: 85203 ns, Cleanup: 154305 ns, At safepoint: 10800 ns, Total: 250308 ns
[15.071s][info ][safepoint      ] Safepoint "ICBufferFull", Time since last: 505241905 ns, Reaching safepoint: 64102 ns, Cleanup: 147606 ns, At safepoint: 7700 ns, Total: 219408 ns
[15.753s][info ][safepoint      ] Safepoint "ICBufferFull", Time since last: 682150004 ns, Reaching safepoint: 8700 ns, Cleanup: 154906 ns, At safepoint: 5000 ns, Total: 168606 ns
[16.453s][info ][safepoint      ] Safepoint "ICBufferFull", Time since last: 699672118 ns, Reaching safepoint: 8000 ns, Cleanup: 194307 ns, At safepoint: 8300 ns, Total: 210607 ns
[17.252s][info ][safepoint      ] Safepoint "ICBufferFull", Time since last: 798596254 ns, Reaching safepoint: 10900 ns, Cleanup: 192807 ns, At safepoint: 3100 ns, Total: 206807 ns
[17.596s][info ][safepoint      ] Safepoint "ICBufferFull", Time since last: 344198548 ns, Reaching safepoint: 8000 ns, Cleanup: 165706 ns, At safepoint: 11200 ns, Total: 184906 ns
[17.596s][info ][safepoint      ] Safepoint "ICBufferFull", Time since last: 87003 ns, Reaching safepoint: 1700 ns, Cleanup: 900 ns, At safepoint: 1200 ns, Total: 3800 ns
[17.675s][info ][safepoint      ] Safepoint "ICBufferFull", Time since last: 78974619 ns, Reaching safepoint: 108804 ns, Cleanup: 170805 ns, At safepoint: 10601 ns, Total: 290210 ns
[17.776s][info ][safepoint      ] Safepoint "ICBufferFull", Time since last: 100216749 ns, Reaching safepoint: 97004 ns, Cleanup: 191606 ns, At safepoint: 18901 ns, Total: 307511 ns
[17.897s][info ][safepoint      ] Safepoint "ICBufferFull", Time since last: 121236973 ns, Reaching safepoint: 82503 ns, Cleanup: 147605 ns, At safepoint: 12200 ns, Total: 242308 ns
[18.093s][info ][safepoint      ] Safepoint "ICBufferFull", Time since last: 195131517 ns, Reaching safepoint: 9201 ns, Cleanup: 159505 ns, At safepoint: 10100 ns, Total: 178806 ns
[18.249s][info ][safepoint      ] Safepoint "ICBufferFull", Time since last: 156652493 ns, Reaching safepoint: 7800 ns, Cleanup: 171406 ns, At safepoint: 2200 ns, Total: 181406 ns
[18.482s][info ][safepoint      ] Safepoint "ICBufferFull", Time since last: 232596306 ns, Reaching safepoint: 10901 ns, Cleanup: 211807 ns, At safepoint: 15000 ns, Total: 237708 ns
[18.702s][info ][safepoint      ] Safepoint "ICBufferFull", Time since last: 219597759 ns, Reaching safepoint: 9301 ns, Cleanup: 147405 ns, At safepoint: 10500 ns, Total: 167206 ns
[18.952s][info ][safepoint      ] Safepoint "ICBufferFull", Time since last: 249877801 ns, Reaching safepoint: 9201 ns, Cleanup: 213107 ns, At safepoint: 2800 ns, Total: 225108 ns
[19.070s][info ][gc,start       ] GC(6) Pause Young (Allocation Failure)
[19.220s][debug][gc,phases      ] GC(6) Scavenge 150.065ms
[19.220s][debug][gc,ref         ] GC(6) ReferenceProcessor::execute queues: 4, RefProcThreadModel::Multi, marks_oops_alive: false
[19.221s][debug][gc,ref         ] GC(6) Skipped KeepAliveFinalRefsPhase of Reference Processing: no references
[19.221s][debug][gc,ref         ] GC(6) ReferenceProcessor::execute queues: 4, RefProcThreadModel::Multi, marks_oops_alive: false
[19.222s][debug][gc,phases      ] GC(6) Reference Processing 1.830ms
[19.222s][debug][gc,phases      ] GC(6)   VM Weak                        Min:  0.0, Avg:  0.0, Max:  0.0, Diff:  0.0, Sum:  0.0, Workers: 4
[19.222s][debug][gc,phases      ] GC(6)     Dead                           Min: 0, Avg:  0.0, Max: 0, Diff: 0, Sum: 0, Workers: 4
[19.222s][debug][gc,phases      ] GC(6)     Total                          Min: 110, Avg: 219.5, Max: 384, Diff: 274, Sum: 878, Workers: 4
[19.222s][debug][gc,phases      ] GC(6)   ObjectSynchronizer Weak        Min:  0.0, Avg:  0.0, Max:  0.0, Diff:  0.0, Sum:  0.0, Workers: 4
[19.222s][debug][gc,phases      ] GC(6)     Dead                           Min: 0, Avg:  3.8, Max: 15, Diff: 15, Sum: 15, Workers: 4
[19.222s][debug][gc,phases      ] GC(6)     Total                          Min: 0, Avg: 11.2, Max: 45, Diff: 45, Sum: 45, Workers: 4
[19.222s][debug][gc,phases      ] GC(6)   JVMTI Tag Weak OopStorage      Min:  0.0, Avg:  0.0, Max:  0.0, Diff:  0.0, Sum:  0.0, Workers: 4
[19.222s][debug][gc,phases      ] GC(6)     Dead                           Min: 0, Avg:  0.0, Max: 0, Diff: 0, Sum: 0, Workers: 4
[19.222s][debug][gc,phases      ] GC(6)     Total                          Min: 0, Avg:  0.0, Max: 0, Diff: 0, Sum: 0, Workers: 4
[19.222s][debug][gc,phases      ] GC(6)   StringTable Weak               Min:  0.5, Avg:  0.5, Max:  0.5, Diff:  0.0, Sum:  1.9, Workers: 4
[19.222s][debug][gc,phases      ] GC(6)     Dead                           Min: 4, Avg:  9.2, Max: 11, Diff: 7, Sum: 37, Workers: 4
[19.222s][debug][gc,phases      ] GC(6)     Total                          Min: 10241, Avg: 10688.2, Max: 11776, Diff: 1535, Sum: 42753, Workers: 4
[19.222s][debug][gc,phases      ] GC(6)   ResolvedMethodTable Weak       Min:  0.2, Avg:  0.2, Max:  0.2, Diff:  0.0, Sum:  0.9, Workers: 4
[19.222s][debug][gc,phases      ] GC(6)     Dead                           Min: 789, Avg: 881.0, Max: 944, Diff: 155, Sum: 3524, Workers: 4
[19.222s][debug][gc,phases      ] GC(6)     Total                          Min: 4096, Avg: 4200.0, Max: 4288, Diff: 192, Sum: 16800, Workers: 4
[19.222s][debug][gc,phases      ] GC(6)   JNI Weak                       Min:  0.0, Avg:  0.0, Max:  0.0, Diff:  0.0, Sum:  0.0, Workers: 4
[19.223s][debug][gc,phases      ] GC(6)     Dead                           Min: 0, Avg:  0.0, Max: 0, Diff: 0, Sum: 0, Workers: 4
[19.223s][debug][gc,phases      ] GC(6)     Total                          Min: 0, Avg: 23.8, Max: 53, Diff: 53, Sum: 95, Workers: 4
[19.223s][debug][gc,phases      ] GC(6)   StringDedup Table Weak         Min:  0.0, Avg:  0.0, Max:  0.0, Diff:  0.0, Sum:  0.0, Workers: 4
[19.223s][debug][gc,phases      ] GC(6)     Dead                           Min: 0, Avg:  0.0, Max: 0, Diff: 0, Sum: 0, Workers: 4
[19.223s][debug][gc,phases      ] GC(6)     Total                          Min: 0, Avg:  0.0, Max: 0, Diff: 0, Sum: 0, Workers: 4
[19.223s][debug][gc,phases      ] GC(6)   StringDedup Requests0 Weak     Min:  0.0, Avg:  0.0, Max:  0.0, Diff:  0.0, Sum:  0.0, Workers: 4
[19.223s][debug][gc,phases      ] GC(6)     Dead                           Min: 0, Avg:  0.0, Max: 0, Diff: 0, Sum: 0, Workers: 4
[19.223s][debug][gc,phases      ] GC(6)     Total                          Min: 0, Avg:  0.0, Max: 0, Diff: 0, Sum: 0, Workers: 4
[19.223s][debug][gc,phases      ] GC(6)   StringDedup Requests1 Weak     Min:  0.0, Avg:  0.0, Max:  0.0, Diff:  0.0, Sum:  0.0, Workers: 4
[19.223s][debug][gc,phases      ] GC(6)     Dead                           Min: 0, Avg:  0.0, Max: 0, Diff: 0, Sum: 0, Workers: 4
[19.223s][debug][gc,phases      ] GC(6)     Total                          Min: 0, Avg:  0.0, Max: 0, Diff: 0, Sum: 0, Workers: 4
[19.223s][debug][gc,phases      ] GC(6)   Weak JFR Old Object Samples    Min:  0.0, Avg:  0.0, Max:  0.0, Diff:  0.0, Sum:  0.0, Workers: 4
[19.223s][debug][gc,phases      ] GC(6)     Dead                           Min: 0, Avg:  0.0, Max: 0, Diff: 0, Sum: 0, Workers: 4
[19.223s][debug][gc,phases      ] GC(6)     Total                          Min: 0, Avg:  0.0, Max: 0, Diff: 0, Sum: 0, Workers: 4
[19.223s][debug][gc,phases      ] GC(6) Weak Processing 0.962ms
[19.223s][debug][gc,age         ] GC(6) Desired survivor size 536870912 bytes, new threshold 7 (max threshold 15)
[19.223s][info ][gc,heap        ] GC(6) PSYoungGen: 1126380K(1572864K)->146611K(1572864K) Eden: 1048576K(1048576K)->0K(1048576K) From: 77804K(524288K)->146611K(524288K)
[19.223s][info ][gc,heap        ] GC(6) ParOldGen: 6012K(6144K)->6357K(6656K)
[19.223s][info ][gc,metaspace   ] GC(6) Metaspace: 96818K(98048K)->96818K(98048K) NonClass: 81893K(82624K)->81893K(82624K) Class: 14925K(15424K)->14925K(15424K)
[19.223s][info ][gc             ] GC(6) Pause Young (Allocation Failure) 1105M->149M(1542M) 153.023ms
[19.223s][info ][gc,cpu         ] GC(6) User=0.32s Sys=0.20s Real=0.15s
[19.223s][info ][safepoint      ] Safepoint "ParallelGCFailedAllocation", Time since last: 117160233 ns, Reaching safepoint: 94603 ns, Cleanup: 139305 ns, At safepoint: 153137071 ns, Total: 153370979 ns
[19.380s][info ][safepoint      ] Safepoint "ICBufferFull", Time since last: 157267514 ns, Reaching safepoint: 5300 ns, Cleanup: 137605 ns, At safepoint: 2300 ns, Total: 145205 ns
[19.716s][info ][safepoint      ] Safepoint "ICBufferFull", Time since last: 335015831 ns, Reaching safepoint: 422815 ns, Cleanup: 152905 ns, At safepoint: 17101 ns, Total: 592821 ns
[20.122s][info ][safepoint      ] Safepoint "ICBufferFull", Time since last: 406034976 ns, Reaching safepoint: 90303 ns, Cleanup: 163406 ns, At safepoint: 12200 ns, Total: 265909 ns
[20.667s][info ][safepoint      ] Safepoint "ICBufferFull", Time since last: 544605747 ns, Reaching safepoint: 161405 ns, Cleanup: 180906 ns, At safepoint: 9001 ns, Total: 351312 ns
[21.086s][info ][safepoint      ] Safepoint "ICBufferFull", Time since last: 418380101 ns, Reaching safepoint: 7300 ns, Cleanup: 155606 ns, At safepoint: 2500 ns, Total: 165406 ns
[21.588s][info ][safepoint      ] Safepoint "ICBufferFull", Time since last: 502675003 ns, Reaching safepoint: 8300 ns, Cleanup: 241008 ns, At safepoint: 6900 ns, Total: 256208 ns
[22.220s][info ][safepoint      ] Safepoint "ICBufferFull", Time since last: 631268830 ns, Reaching safepoint: 154205 ns, Cleanup: 146305 ns, At safepoint: 10800 ns, Total: 311310 ns
[22.601s][info ][safepoint      ] Safepoint "ICBufferFull", Time since last: 381113319 ns, Reaching safepoint: 81403 ns, Cleanup: 153805 ns, At safepoint: 5500 ns, Total: 240708 ns
[23.157s][info ][safepoint      ] Safepoint "ICBufferFull", Time since last: 555361217 ns, Reaching safepoint: 86103 ns, Cleanup: 171906 ns, At safepoint: 11600 ns, Total: 269609 ns
[23.366s][info ][gc,start       ] GC(7) Pause Young (Allocation Failure)
[23.530s][debug][gc,phases      ] GC(7) Scavenge 164.112ms
[23.530s][debug][gc,ref         ] GC(7) ReferenceProcessor::execute queues: 4, RefProcThreadModel::Multi, marks_oops_alive: false
[23.531s][debug][gc,ref         ] GC(7) Skipped KeepAliveFinalRefsPhase of Reference Processing: no references
[23.531s][debug][gc,ref         ] GC(7) ReferenceProcessor::execute queues: 1, RefProcThreadModel::Single, marks_oops_alive: false
[23.531s][debug][gc,phases      ] GC(7) Reference Processing 1.020ms
[23.532s][debug][gc,phases      ] GC(7)   VM Weak                        Min:  0.0, Avg:  0.0, Max:  0.0, Diff:  0.0, Sum:  0.0, Workers: 4
[23.532s][debug][gc,phases      ] GC(7)     Dead                           Min: 0, Avg:  0.0, Max: 0, Diff: 0, Sum: 0, Workers: 4
[23.532s][debug][gc,phases      ] GC(7)     Total                          Min: 0, Avg: 225.0, Max: 388, Diff: 388, Sum: 900, Workers: 4
[23.532s][debug][gc,phases      ] GC(7)   ObjectSynchronizer Weak        Min:  0.0, Avg:  0.0, Max:  0.0, Diff:  0.0, Sum:  0.0, Workers: 4
[23.532s][debug][gc,phases      ] GC(7)     Dead                           Min: 0, Avg:  0.0, Max: 0, Diff: 0, Sum: 0, Workers: 4
[23.532s][debug][gc,phases      ] GC(7)     Total                          Min: 0, Avg: 11.2, Max: 45, Diff: 45, Sum: 45, Workers: 4
[23.532s][debug][gc,phases      ] GC(7)   JVMTI Tag Weak OopStorage      Min:  0.0, Avg:  0.0, Max:  0.0, Diff:  0.0, Sum:  0.0, Workers: 4
[23.532s][debug][gc,phases      ] GC(7)     Dead                           Min: 0, Avg:  0.0, Max: 0, Diff: 0, Sum: 0, Workers: 4
[23.532s][debug][gc,phases      ] GC(7)     Total                          Min: 0, Avg:  0.0, Max: 0, Diff: 0, Sum: 0, Workers: 4
[23.532s][debug][gc,phases      ] GC(7)   StringTable Weak               Min:  0.0, Avg:  0.5, Max:  0.6, Diff:  0.6, Sum:  1.8, Workers: 4
[23.532s][debug][gc,phases      ] GC(7)     Dead                           Min: 0, Avg:  0.2, Max: 1, Diff: 1, Sum: 1, Workers: 4
[23.532s][debug][gc,phases      ] GC(7)     Total                          Min: 0, Avg: 10787.0, Max: 14912, Diff: 14912, Sum: 43148, Workers: 4
[23.532s][debug][gc,phases      ] GC(7)   ResolvedMethodTable Weak       Min:  0.0, Avg:  0.2, Max:  0.2, Diff:  0.2, Sum:  0.6, Workers: 4
[23.532s][debug][gc,phases      ] GC(7)     Dead                           Min: 0, Avg:  9.5, Max: 20, Diff: 20, Sum: 38, Workers: 4
[23.532s][debug][gc,phases      ] GC(7)     Total                          Min: 0, Avg: 3361.0, Max: 4603, Diff: 4603, Sum: 13444, Workers: 4
[23.532s][debug][gc,phases      ] GC(7)   JNI Weak                       Min:  0.0, Avg:  0.0, Max:  0.0, Diff:  0.0, Sum:  0.0, Workers: 4
[23.532s][debug][gc,phases      ] GC(7)     Dead                           Min: 0, Avg:  0.0, Max: 0, Diff: 0, Sum: 0, Workers: 4
[23.532s][debug][gc,phases      ] GC(7)     Total                          Min: 0, Avg: 16.5, Max: 55, Diff: 55, Sum: 66, Workers: 4
[23.532s][debug][gc,phases      ] GC(7)   StringDedup Table Weak         Min:  0.0, Avg:  0.0, Max:  0.0, Diff:  0.0, Sum:  0.0, Workers: 4
[23.532s][debug][gc,phases      ] GC(7)     Dead                           Min: 0, Avg:  0.0, Max: 0, Diff: 0, Sum: 0, Workers: 4
[23.532s][debug][gc,phases      ] GC(7)     Total                          Min: 0, Avg:  0.0, Max: 0, Diff: 0, Sum: 0, Workers: 4
[23.532s][debug][gc,phases      ] GC(7)   StringDedup Requests0 Weak     Min:  0.0, Avg:  0.0, Max:  0.0, Diff:  0.0, Sum:  0.0, Workers: 4
[23.532s][debug][gc,phases      ] GC(7)     Dead                           Min: 0, Avg:  0.0, Max: 0, Diff: 0, Sum: 0, Workers: 4
[23.532s][debug][gc,phases      ] GC(7)     Total                          Min: 0, Avg:  0.0, Max: 0, Diff: 0, Sum: 0, Workers: 4
[23.532s][debug][gc,phases      ] GC(7)   StringDedup Requests1 Weak     Min:  0.0, Avg:  0.0, Max:  0.0, Diff:  0.0, Sum:  0.0, Workers: 4
[23.532s][debug][gc,phases      ] GC(7)     Dead                           Min: 0, Avg:  0.0, Max: 0, Diff: 0, Sum: 0, Workers: 4
[23.532s][debug][gc,phases      ] GC(7)     Total                          Min: 0, Avg:  0.0, Max: 0, Diff: 0, Sum: 0, Workers: 4
[23.532s][debug][gc,phases      ] GC(7)   Weak JFR Old Object Samples    Min:  0.0, Avg:  0.0, Max:  0.0, Diff:  0.0, Sum:  0.0, Workers: 4
[23.532s][debug][gc,phases      ] GC(7)     Dead                           Min: 0, Avg:  0.0, Max: 0, Diff: 0, Sum: 0, Workers: 4
[23.532s][debug][gc,phases      ] GC(7)     Total                          Min: 0, Avg:  0.0, Max: 0, Diff: 0, Sum: 0, Workers: 4
[23.532s][debug][gc,phases      ] GC(7) Weak Processing 1.057ms
[23.532s][debug][gc,age         ] GC(7) Desired survivor size 220725248 bytes, new threshold 6 (max threshold 15)
[23.532s][info ][gc,heap        ] GC(7) PSYoungGen: 1195187K(1572864K)->193367K(1572864K) Eden: 1048576K(1048576K)->0K(1048576K) From: 146611K(524288K)->193367K(524288K)
[23.532s][info ][gc,heap        ] GC(7) ParOldGen: 6357K(6656K)->6381K(6656K)
[23.532s][info ][gc,metaspace   ] GC(7) Metaspace: 98026K(99264K)->98026K(99264K) NonClass: 83040K(83712K)->83040K(83712K) Class: 14985K(15552K)->14985K(15552K)
[23.532s][info ][gc             ] GC(7) Pause Young (Allocation Failure) 1173M->195M(1542M) 166.353ms
[23.532s][info ][gc,cpu         ] GC(7) User=0.30s Sys=0.03s Real=0.16s
[23.532s][info ][safepoint      ] Safepoint "ParallelGCFailedAllocation", Time since last: 208494877 ns, Reaching safepoint: 9500 ns, Cleanup: 38801 ns, At safepoint: 166446830 ns, Total: 166495131 ns
[24.453s][info ][safepoint      ] Safepoint "ICBufferFull", Time since last: 920954001 ns, Reaching safepoint: 8200 ns, Cleanup: 167106 ns, At safepoint: 9100 ns, Total: 184406 ns
[25.013s][info ][safepoint      ] Safepoint "ICBufferFull", Time since last: 559900479 ns, Reaching safepoint: 10100 ns, Cleanup: 204407 ns, At safepoint: 2800 ns, Total: 217307 ns
[25.714s][info ][safepoint      ] Safepoint "ICBufferFull", Time since last: 700401269 ns, Reaching safepoint: 84003 ns, Cleanup: 199607 ns, At safepoint: 4000 ns, Total: 287610 ns
[26.715s][info ][safepoint      ] Safepoint "Cleanup", Time since last: 1000587814 ns, Reaching safepoint: 9900 ns, Cleanup: 174706 ns, At safepoint: 5200 ns, Total: 189806 ns
[26.856s][info ][gc,start       ] GC(8) Pause Young (CodeCache GC Threshold)
[26.958s][debug][gc,phases      ] GC(8) Scavenge 101.780ms
[26.958s][debug][gc,ref         ] GC(8) ReferenceProcessor::execute queues: 4, RefProcThreadModel::Multi, marks_oops_alive: false
[26.960s][debug][gc,ref         ] GC(8) Skipped KeepAliveFinalRefsPhase of Reference Processing: no references
[26.960s][debug][gc,ref         ] GC(8) ReferenceProcessor::execute queues: 1, RefProcThreadModel::Single, marks_oops_alive: false
[26.960s][debug][gc,phases      ] GC(8) Reference Processing 1.876ms
[26.961s][debug][gc,phases      ] GC(8)   VM Weak                        Min:  0.0, Avg:  0.0, Max:  0.0, Diff:  0.0, Sum:  0.0, Workers: 4
[26.961s][debug][gc,phases      ] GC(8)     Dead                           Min: 0, Avg:  0.0, Max: 0, Diff: 0, Sum: 0, Workers: 4
[26.961s][debug][gc,phases      ] GC(8)     Total                          Min: 0, Avg: 225.8, Max: 903, Diff: 903, Sum: 903, Workers: 4
[26.961s][debug][gc,phases      ] GC(8)   ObjectSynchronizer Weak        Min:  0.0, Avg:  0.0, Max:  0.0, Diff:  0.0, Sum:  0.0, Workers: 4
[26.961s][debug][gc,phases      ] GC(8)     Dead                           Min: 0, Avg:  0.0, Max: 0, Diff: 0, Sum: 0, Workers: 4
[26.961s][debug][gc,phases      ] GC(8)     Total                          Min: 0, Avg: 11.2, Max: 45, Diff: 45, Sum: 45, Workers: 4
[26.961s][debug][gc,phases      ] GC(8)   JVMTI Tag Weak OopStorage      Min:  0.0, Avg:  0.0, Max:  0.0, Diff:  0.0, Sum:  0.0, Workers: 4
[26.961s][debug][gc,phases      ] GC(8)     Dead                           Min: 0, Avg:  0.0, Max: 0, Diff: 0, Sum: 0, Workers: 4
[26.961s][debug][gc,phases      ] GC(8)     Total                          Min: 0, Avg:  0.0, Max: 0, Diff: 0, Sum: 0, Workers: 4
[26.961s][debug][gc,phases      ] GC(8)   StringTable Weak               Min:  0.0, Avg:  0.4, Max:  0.8, Diff:  0.8, Sum:  1.6, Workers: 4
[26.961s][debug][gc,phases      ] GC(8)     Dead                           Min: 0, Avg:  0.0, Max: 0, Diff: 0, Sum: 0, Workers: 4
[26.961s][debug][gc,phases      ] GC(8)     Total                          Min: 0, Avg: 10829.0, Max: 22144, Diff: 22144, Sum: 43316, Workers: 4
[26.961s][debug][gc,phases      ] GC(8)   ResolvedMethodTable Weak       Min:  0.0, Avg:  0.1, Max:  0.3, Diff:  0.3, Sum:  0.5, Workers: 4
[26.961s][debug][gc,phases      ] GC(8)     Dead                           Min: 0, Avg:  0.5, Max: 2, Diff: 2, Sum: 2, Workers: 4
[26.961s][debug][gc,phases      ] GC(8)     Total                          Min: 0, Avg: 3364.8, Max: 6804, Diff: 6804, Sum: 13459, Workers: 4
[26.961s][debug][gc,phases      ] GC(8)   JNI Weak                       Min:  0.0, Avg:  0.0, Max:  0.0, Diff:  0.0, Sum:  0.0, Workers: 4
[26.961s][debug][gc,phases      ] GC(8)     Dead                           Min: 0, Avg:  0.0, Max: 0, Diff: 0, Sum: 0, Workers: 4
[26.961s][debug][gc,phases      ] GC(8)     Total                          Min: 0, Avg: 16.0, Max: 61, Diff: 61, Sum: 64, Workers: 4
[26.961s][debug][gc,phases      ] GC(8)   StringDedup Table Weak         Min:  0.0, Avg:  0.0, Max:  0.0, Diff:  0.0, Sum:  0.0, Workers: 4
[26.961s][debug][gc,phases      ] GC(8)     Dead                           Min: 0, Avg:  0.0, Max: 0, Diff: 0, Sum: 0, Workers: 4
[26.961s][debug][gc,phases      ] GC(8)     Total                          Min: 0, Avg:  0.0, Max: 0, Diff: 0, Sum: 0, Workers: 4
[26.961s][debug][gc,phases      ] GC(8)   StringDedup Requests0 Weak     Min:  0.0, Avg:  0.0, Max:  0.0, Diff:  0.0, Sum:  0.0, Workers: 4
[26.961s][debug][gc,phases      ] GC(8)     Dead                           Min: 0, Avg:  0.0, Max: 0, Diff: 0, Sum: 0, Workers: 4
[26.961s][debug][gc,phases      ] GC(8)     Total                          Min: 0, Avg:  0.0, Max: 0, Diff: 0, Sum: 0, Workers: 4
[26.961s][debug][gc,phases      ] GC(8)   StringDedup Requests1 Weak     Min:  0.0, Avg:  0.0, Max:  0.0, Diff:  0.0, Sum:  0.0, Workers: 4
[26.961s][debug][gc,phases      ] GC(8)     Dead                           Min: 0, Avg:  0.0, Max: 0, Diff: 0, Sum: 0, Workers: 4
[26.961s][debug][gc,phases      ] GC(8)     Total                          Min: 0, Avg:  0.0, Max: 0, Diff: 0, Sum: 0, Workers: 4
[26.961s][debug][gc,phases      ] GC(8)   Weak JFR Old Object Samples    Min:  0.0, Avg:  0.0, Max:  0.0, Diff:  0.0, Sum:  0.0, Workers: 4
[26.961s][debug][gc,phases      ] GC(8)     Dead                           Min: 0, Avg:  0.0, Max: 0, Diff: 0, Sum: 0, Workers: 4
[26.961s][debug][gc,phases      ] GC(8)     Total                          Min: 0, Avg:  0.0, Max: 0, Diff: 0, Sum: 0, Workers: 4
[26.961s][debug][gc,phases      ] GC(8) Weak Processing 1.420ms
[26.961s][debug][gc,age         ] GC(8) Desired survivor size 255852544 bytes, new threshold 5 (max threshold 15)
[26.961s][info ][gc,heap        ] GC(8) PSYoungGen: 348707K(1572864K)->194873K(1812992K) Eden: 155339K(1048576K)->0K(1597440K) From: 193367K(524288K)->194873K(215552K)
[26.961s][info ][gc,heap        ] GC(8) ParOldGen: 6381K(6656K)->6389K(6656K)
[26.961s][info ][gc,metaspace   ] GC(8) Metaspace: 98173K(99456K)->98173K(99456K) NonClass: 83181K(83904K)->83181K(83904K) Class: 14991K(15552K)->14991K(15552K)
[26.961s][info ][gc             ] GC(8) Pause Young (CodeCache GC Threshold) 346M->196M(1777M) 105.250ms
[26.961s][info ][gc,cpu         ] GC(8) User=0.25s Sys=0.12s Real=0.10s
[26.961s][debug][gc,phases      ] GC(9) Pre Compact 0.015ms
[26.961s][info ][gc,start       ] GC(9) Pause Full (CodeCache GC Threshold)
[26.961s][info ][gc,phases,start] GC(9) Marking Phase
[27.037s][debug][gc,phases      ] GC(9) Par Mark 75.412ms
[27.037s][debug][gc,ref         ] GC(9) ReferenceProcessor::execute queues: 4, RefProcThreadModel::Multi, marks_oops_alive: false
[27.037s][debug][gc,ref         ] GC(9) Skipped KeepAliveFinalRefsPhase of Reference Processing: no references
[27.037s][debug][gc,ref         ] GC(9) ReferenceProcessor::execute queues: 1, RefProcThreadModel::Single, marks_oops_alive: false
[27.038s][debug][gc,phases      ] GC(9) Reference Processing 0.580ms
[27.038s][debug][gc,phases      ] GC(9)   VM Weak                        Min:  0.0, Avg:  0.0, Max:  0.0, Diff:  0.0, Sum:  0.0, Workers: 4
[27.038s][debug][gc,phases      ] GC(9)     Dead                           Min: 0, Avg:  0.5, Max: 2, Diff: 2, Sum: 2, Workers: 4
[27.038s][debug][gc,phases      ] GC(9)     Total                          Min: 128, Avg: 225.8, Max: 327, Diff: 199, Sum: 903, Workers: 4
[27.038s][debug][gc,phases      ] GC(9)   ObjectSynchronizer Weak        Min:  0.0, Avg:  0.0, Max:  0.0, Diff:  0.0, Sum:  0.0, Workers: 4
[27.038s][debug][gc,phases      ] GC(9)     Dead                           Min: 0, Avg:  0.0, Max: 0, Diff: 0, Sum: 0, Workers: 4
[27.038s][debug][gc,phases      ] GC(9)     Total                          Min: 0, Avg: 11.2, Max: 45, Diff: 45, Sum: 45, Workers: 4
[27.038s][debug][gc,phases      ] GC(9)   JVMTI Tag Weak OopStorage      Min:  0.0, Avg:  0.0, Max:  0.0, Diff:  0.0, Sum:  0.0, Workers: 4
[27.038s][debug][gc,phases      ] GC(9)     Dead                           Min: 0, Avg:  0.0, Max: 0, Diff: 0, Sum: 0, Workers: 4
[27.038s][debug][gc,phases      ] GC(9)     Total                          Min: 0, Avg:  0.0, Max: 0, Diff: 0, Sum: 0, Workers: 4
[27.038s][debug][gc,phases      ] GC(9)   StringTable Weak               Min:  0.2, Avg:  0.2, Max:  0.2, Diff:  0.0, Sum:  0.8, Workers: 4
[27.038s][debug][gc,phases      ] GC(9)     Dead                           Min: 0, Avg:  0.0, Max: 0, Diff: 0, Sum: 0, Workers: 4
[27.038s][debug][gc,phases      ] GC(9)     Total                          Min: 10420, Avg: 10829.0, Max: 11264, Diff: 844, Sum: 43316, Workers: 4
[27.038s][debug][gc,phases      ] GC(9)   ResolvedMethodTable Weak       Min:  0.1, Avg:  0.1, Max:  0.1, Diff:  0.0, Sum:  0.2, Workers: 4
[27.038s][debug][gc,phases      ] GC(9)     Dead                           Min: 0, Avg:  0.5, Max: 2, Diff: 2, Sum: 2, Workers: 4
[27.038s][debug][gc,phases      ] GC(9)     Total                          Min: 3129, Avg: 3364.8, Max: 3555, Diff: 426, Sum: 13459, Workers: 4
[27.038s][debug][gc,phases      ] GC(9)   JNI Weak                       Min:  0.0, Avg:  0.0, Max:  0.0, Diff:  0.0, Sum:  0.0, Workers: 4
[27.038s][debug][gc,phases      ] GC(9)     Dead                           Min: 0, Avg:  0.0, Max: 0, Diff: 0, Sum: 0, Workers: 4
[27.038s][debug][gc,phases      ] GC(9)     Total                          Min: 0, Avg: 16.0, Max: 61, Diff: 61, Sum: 64, Workers: 4
[27.038s][debug][gc,phases      ] GC(9)   StringDedup Table Weak         Min:  0.0, Avg:  0.0, Max:  0.0, Diff:  0.0, Sum:  0.0, Workers: 4
[27.038s][debug][gc,phases      ] GC(9)     Dead                           Min: 0, Avg:  0.0, Max: 0, Diff: 0, Sum: 0, Workers: 4
[27.038s][debug][gc,phases      ] GC(9)     Total                          Min: 0, Avg:  0.0, Max: 0, Diff: 0, Sum: 0, Workers: 4
[27.038s][debug][gc,phases      ] GC(9)   StringDedup Requests0 Weak     Min:  0.0, Avg:  0.0, Max:  0.0, Diff:  0.0, Sum:  0.0, Workers: 4
[27.038s][debug][gc,phases      ] GC(9)     Dead                           Min: 0, Avg:  0.0, Max: 0, Diff: 0, Sum: 0, Workers: 4
[27.038s][debug][gc,phases      ] GC(9)     Total                          Min: 0, Avg:  0.0, Max: 0, Diff: 0, Sum: 0, Workers: 4
[27.038s][debug][gc,phases      ] GC(9)   StringDedup Requests1 Weak     Min:  0.0, Avg:  0.0, Max:  0.0, Diff:  0.0, Sum:  0.0, Workers: 4
[27.038s][debug][gc,phases      ] GC(9)     Dead                           Min: 0, Avg:  0.0, Max: 0, Diff: 0, Sum: 0, Workers: 4
[27.038s][debug][gc,phases      ] GC(9)     Total                          Min: 0, Avg:  0.0, Max: 0, Diff: 0, Sum: 0, Workers: 4
[27.038s][debug][gc,phases      ] GC(9)   Weak JFR Old Object Samples    Min:  0.0, Avg:  0.0, Max:  0.0, Diff:  0.0, Sum:  0.0, Workers: 4
[27.038s][debug][gc,phases      ] GC(9)     Dead                           Min: 0, Avg:  0.0, Max: 0, Diff: 0, Sum: 0, Workers: 4
[27.038s][debug][gc,phases      ] GC(9)     Total                          Min: 0, Avg:  0.0, Max: 0, Diff: 0, Sum: 0, Workers: 4
[27.038s][debug][gc,phases      ] GC(9) Weak Processing 0.505ms
[27.038s][debug][gc,phases      ] GC(9) ClassLoaderData 0.240ms
[27.038s][debug][gc,phases      ] GC(9) Trigger cleanups 0.006ms
[27.079s][debug][gc,phases      ] GC(9) Purge Unlinked NMethods 0.490ms
[27.081s][debug][gc,phases      ] GC(9) Unregister NMethods 1.975ms
[27.081s][debug][gc,phases      ] GC(9) Free Code Blobs 0.141ms
[27.096s][debug][gc,phases      ] GC(9) Class Unloading 57.582ms
[27.096s][debug][gc,phases      ] GC(9) Report Object Count 0.002ms
[27.096s][info ][gc,phases      ] GC(9) Marking Phase 134.227ms
[27.096s][info ][gc,phases,start] GC(9) Summary Phase
[27.096s][info ][gc,phases      ] GC(9) Summary Phase 0.030ms
[27.096s][info ][gc,phases,start] GC(9) Adjust Roots
[27.121s][info ][gc,phases      ] GC(9) Adjust Roots 25.240ms
[27.121s][info ][gc,phases,start] GC(9) Compaction Phase
[27.743s][info ][gc,phases      ] GC(9) Compaction Phase 621.655ms
[27.743s][info ][gc,phases,start] GC(9) Post Compact
[27.745s][debug][gc,phases      ] GC(9) Purge Class Loader Data 1.535ms
[27.752s][info ][gc,phases      ] GC(9) Post Compact 8.996ms
[27.752s][info ][gc,heap        ] GC(9) PSYoungGen: 194873K(1812992K)->193237K(1812992K) Eden: 0K(1597440K)->0K(1597440K) From: 194873K(215552K)->193237K(215552K)
[27.752s][info ][gc,heap        ] GC(9) ParOldGen: 6389K(6656K)->6353K(6656K)
[27.752s][info ][gc,metaspace   ] GC(9) Metaspace: 98173K(99456K)->98170K(99456K) NonClass: 83181K(83904K)->83179K(83904K) Class: 14991K(15552K)->14990K(15552K)
[27.752s][info ][gc             ] GC(9) Pause Full (CodeCache GC Threshold) 196M->194M(1777M) 790.353ms
[27.752s][info ][gc,cpu         ] GC(9) User=1.67s Sys=0.02s Real=0.79s
[27.752s][info ][safepoint      ] Safepoint "ParallelGCSystemGC", Time since last: 141198613 ns, Reaching safepoint: 92703 ns, Cleanup: 48002 ns, At safepoint: 895799067 ns, Total: 895939772 ns
[28.752s][info ][safepoint      ] Safepoint "Cleanup", Time since last: 1000116297 ns, Reaching safepoint: 84303 ns, Cleanup: 226208 ns, At safepoint: 7700 ns, Total: 318211 ns
[29.753s][info ][safepoint      ] Safepoint "Cleanup", Time since last: 1000140198 ns, Reaching safepoint: 82603 ns, Cleanup: 181806 ns, At safepoint: 7200 ns, Total: 271609 ns
[30.753s][info ][safepoint      ] Safepoint "Cleanup", Time since last: 1000170599 ns, Reaching safepoint: 101604 ns, Cleanup: 172206 ns, At safepoint: 16900 ns, Total: 290710 ns
[31.754s][info ][safepoint      ] Safepoint "Cleanup", Time since last: 1000150698 ns, Reaching safepoint: 81503 ns, Cleanup: 110604 ns, At safepoint: 9200 ns, Total: 201307 ns
[32.754s][info ][safepoint      ] Safepoint "Cleanup", Time since last: 1000175716 ns, Reaching safepoint: 86102 ns, Cleanup: 129504 ns, At safepoint: 8000 ns, Total: 223606 ns
[33.754s][info ][safepoint      ] Safepoint "Cleanup", Time since last: 1000145299 ns, Reaching safepoint: 96203 ns, Cleanup: 76202 ns, At safepoint: 9001 ns, Total: 181406 ns
[34.111s][info ][safepoint      ] Safepoint "ICBufferFull", Time since last: 356399083 ns, Reaching safepoint: 9600 ns, Cleanup: 185705 ns, At safepoint: 2900 ns, Total: 198205 ns
[35.111s][info ][safepoint      ] Safepoint "Cleanup", Time since last: 1000140299 ns, Reaching safepoint: 8100 ns, Cleanup: 104103 ns, At safepoint: 2701 ns, Total: 114904 ns
[36.111s][info ][safepoint      ] Safepoint "Cleanup", Time since last: 1000128298 ns, Reaching safepoint: 9000 ns, Cleanup: 89803 ns, At safepoint: 3600 ns, Total: 102403 ns
[37.112s][info ][safepoint      ] Safepoint "Cleanup", Time since last: 1000120598 ns, Reaching safepoint: 6900 ns, Cleanup: 43401 ns, At safepoint: 2300 ns, Total: 52601 ns
[38.112s][info ][safepoint      ] Safepoint "Cleanup", Time since last: 1000125797 ns, Reaching safepoint: 6100 ns, Cleanup: 32402 ns, At safepoint: 2700 ns, Total: 41202 ns
[39.112s][info ][safepoint      ] Safepoint "Cleanup", Time since last: 1000120384 ns, Reaching safepoint: 13401 ns, Cleanup: 14500 ns, At safepoint: 2701 ns, Total: 30602 ns
[40.112s][info ][safepoint      ] Safepoint "Cleanup", Time since last: 1000138985 ns, Reaching safepoint: 85203 ns, Cleanup: 32801 ns, At safepoint: 7700 ns, Total: 125704 ns
[41.112s][info ][safepoint      ] Safepoint "Cleanup", Time since last: 1000197550 ns, Reaching safepoint: 7600 ns, Cleanup: 66502 ns, At safepoint: 2800 ns, Total: 76902 ns
[42.113s][info ][safepoint      ] Safepoint "Cleanup", Time since last: 1000128681 ns, Reaching safepoint: 8101 ns, Cleanup: 42901 ns, At safepoint: 2500 ns, Total: 53502 ns
[43.113s][info ][safepoint      ] Safepoint "Cleanup", Time since last: 1000113181 ns, Reaching safepoint: 7400 ns, Cleanup: 57002 ns, At safepoint: 2500 ns, Total: 66902 ns
[44.113s][info ][safepoint      ] Safepoint "Cleanup", Time since last: 1000128181 ns, Reaching safepoint: 8600 ns, Cleanup: 31801 ns, At safepoint: 2400 ns, Total: 42801 ns
[45.113s][info ][safepoint      ] Safepoint "Cleanup", Time since last: 1000125181 ns, Reaching safepoint: 80403 ns, Cleanup: 92403 ns, At safepoint: 5400 ns, Total: 178206 ns
[46.113s][info ][safepoint      ] Safepoint "Cleanup", Time since last: 1000126681 ns, Reaching safepoint: 7800 ns, Cleanup: 29901 ns, At safepoint: 2601 ns, Total: 40302 ns
[47.114s][info ][safepoint      ] Safepoint "Cleanup", Time since last: 1000109980 ns, Reaching safepoint: 7800 ns, Cleanup: 18901 ns, At safepoint: 2400 ns, Total: 29101 ns
[47.743s][info ][safepoint      ] Safepoint "ICBufferFull", Time since last: 629032375 ns, Reaching safepoint: 79603 ns, Cleanup: 162606 ns, At safepoint: 6400 ns, Total: 248609 ns
[48.106s][info ][safepoint      ] Safepoint "ICBufferFull", Time since last: 362606010 ns, Reaching safepoint: 7100 ns, Cleanup: 160806 ns, At safepoint: 2100 ns, Total: 170006 ns
[49.106s][info ][safepoint      ] Safepoint "Cleanup", Time since last: 1000126659 ns, Reaching safepoint: 83403 ns, Cleanup: 87803 ns, At safepoint: 5500 ns, Total: 176706 ns
[50.106s][info ][safepoint      ] Safepoint "Cleanup", Time since last: 1000123818 ns, Reaching safepoint: 80603 ns, Cleanup: 70602 ns, At safepoint: 7500 ns, Total: 158705 ns
[51.106s][info ][safepoint      ] Safepoint "Cleanup", Time since last: 1000135319 ns, Reaching safepoint: 83903 ns, Cleanup: 75702 ns, At safepoint: 9000 ns, Total: 168605 ns
[52.109s][info ][safepoint      ] Safepoint "Cleanup", Time since last: 1002001784 ns, Reaching safepoint: 163505 ns, Cleanup: 244909 ns, At safepoint: 43801 ns, Total: 452215 ns
[53.109s][info ][safepoint      ] Safepoint "Cleanup", Time since last: 1000366927 ns, Reaching safepoint: 8000 ns, Cleanup: 92503 ns, At safepoint: 2700 ns, Total: 103203 ns
[54.110s][info ][safepoint      ] Safepoint "Cleanup", Time since last: 1000129718 ns, Reaching safepoint: 7700 ns, Cleanup: 23801 ns, At safepoint: 2500 ns, Total: 34001 ns
[55.110s][info ][safepoint      ] Safepoint "Cleanup", Time since last: 1000126918 ns, Reaching safepoint: 7901 ns, Cleanup: 29701 ns, At safepoint: 3100 ns, Total: 40702 ns
[56.110s][info ][safepoint      ] Safepoint "Cleanup", Time since last: 1000134918 ns, Reaching safepoint: 8500 ns, Cleanup: 35601 ns, At safepoint: 3601 ns, Total: 47702 ns
[57.110s][info ][safepoint      ] Safepoint "Cleanup", Time since last: 1000137547 ns, Reaching safepoint: 81102 ns, Cleanup: 33202 ns, At safepoint: 7500 ns, Total: 121804 ns
[58.110s][info ][safepoint      ] Safepoint "Cleanup", Time since last: 1000135511 ns, Reaching safepoint: 7801 ns, Cleanup: 41301 ns, At safepoint: 2900 ns, Total: 52002 ns
[59.111s][info ][safepoint      ] Safepoint "Cleanup", Time since last: 1000125511 ns, Reaching safepoint: 10601 ns, Cleanup: 57802 ns, At safepoint: 2900 ns, Total: 71303 ns
[61.053s][info ][safepoint      ] Safepoint "Cleanup", Time since last: 1942338224 ns, Reaching safepoint: 81903 ns, Cleanup: 45601 ns, At safepoint: 6600 ns, Total: 134104 ns
[62.053s][info ][safepoint      ] Safepoint "Cleanup", Time since last: 1000142212 ns, Reaching safepoint: 79603 ns, Cleanup: 40701 ns, At safepoint: 7301 ns, Total: 127605 ns
[62.702s][info ][gc,start       ] GC(10) Pause Young (Allocation Failure)
[62.800s][debug][gc,phases      ] GC(10) Scavenge 98.228ms
[62.801s][debug][gc,ref         ] GC(10) ReferenceProcessor::execute queues: 4, RefProcThreadModel::Multi, marks_oops_alive: false
[62.801s][debug][gc,ref         ] GC(10) Skipped KeepAliveFinalRefsPhase of Reference Processing: no references
[62.801s][debug][gc,ref         ] GC(10) ReferenceProcessor::execute queues: 1, RefProcThreadModel::Single, marks_oops_alive: false
[62.801s][debug][gc,phases      ] GC(10) Reference Processing 0.559ms
[62.802s][debug][gc,phases      ] GC(10)   VM Weak                        Min:  0.0, Avg:  0.0, Max:  0.0, Diff:  0.0, Sum:  0.0, Workers: 4
[62.802s][debug][gc,phases      ] GC(10)     Dead                           Min: 0, Avg:  0.0, Max: 0, Diff: 0, Sum: 0, Workers: 4
[62.802s][debug][gc,phases      ] GC(10)     Total                          Min: 0, Avg: 228.5, Max: 448, Diff: 448, Sum: 914, Workers: 4
[62.802s][debug][gc,phases      ] GC(10)   ObjectSynchronizer Weak        Min:  0.0, Avg:  0.0, Max:  0.0, Diff:  0.0, Sum:  0.0, Workers: 4
[62.802s][debug][gc,phases      ] GC(10)     Dead                           Min: 0, Avg:  0.0, Max: 0, Diff: 0, Sum: 0, Workers: 4
[62.802s][debug][gc,phases      ] GC(10)     Total                          Min: 0, Avg:  1.0, Max: 4, Diff: 4, Sum: 4, Workers: 4
[62.802s][debug][gc,phases      ] GC(10)   JVMTI Tag Weak OopStorage      Min:  0.0, Avg:  0.0, Max:  0.0, Diff:  0.0, Sum:  0.0, Workers: 4
[62.802s][debug][gc,phases      ] GC(10)     Dead                           Min: 0, Avg:  0.0, Max: 0, Diff: 0, Sum: 0, Workers: 4
[62.802s][debug][gc,phases      ] GC(10)     Total                          Min: 0, Avg:  0.0, Max: 0, Diff: 0, Sum: 0, Workers: 4
[62.802s][debug][gc,phases      ] GC(10)   StringTable Weak               Min:  0.0, Avg:  0.4, Max:  0.5, Diff:  0.5, Sum:  1.6, Workers: 4
[62.802s][debug][gc,phases      ] GC(10)     Dead                           Min: 0, Avg:  1.8, Max: 5, Diff: 5, Sum: 7, Workers: 4
[62.802s][debug][gc,phases      ] GC(10)     Total                          Min: 0, Avg: 10941.0, Max: 16949, Diff: 16949, Sum: 43764, Workers: 4
[62.802s][debug][gc,phases      ] GC(10)   ResolvedMethodTable Weak       Min:  0.0, Avg:  0.2, Max:  0.2, Diff:  0.2, Sum:  0.6, Workers: 4
[62.802s][debug][gc,phases      ] GC(10)     Dead                           Min: 0, Avg: 22.8, Max: 53, Diff: 53, Sum: 91, Workers: 4
[62.802s][debug][gc,phases      ] GC(10)     Total                          Min: 0, Avg: 3434.0, Max: 4643, Diff: 4643, Sum: 13736, Workers: 4
[62.802s][debug][gc,phases      ] GC(10)   JNI Weak                       Min:  0.0, Avg:  0.0, Max:  0.0, Diff:  0.0, Sum:  0.0, Workers: 4
[62.802s][debug][gc,phases      ] GC(10)     Dead                           Min: 0, Avg:  0.0, Max: 0, Diff: 0, Sum: 0, Workers: 4
[62.802s][debug][gc,phases      ] GC(10)     Total                          Min: 0, Avg: 13.0, Max: 52, Diff: 52, Sum: 52, Workers: 4
[62.802s][debug][gc,phases      ] GC(10)   StringDedup Table Weak         Min:  0.0, Avg:  0.0, Max:  0.0, Diff:  0.0, Sum:  0.0, Workers: 4
[62.802s][debug][gc,phases      ] GC(10)     Dead                           Min: 0, Avg:  0.0, Max: 0, Diff: 0, Sum: 0, Workers: 4
[62.802s][debug][gc,phases      ] GC(10)     Total                          Min: 0, Avg:  0.0, Max: 0, Diff: 0, Sum: 0, Workers: 4
[62.802s][debug][gc,phases      ] GC(10)   StringDedup Requests0 Weak     Min:  0.0, Avg:  0.0, Max:  0.0, Diff:  0.0, Sum:  0.0, Workers: 4
[62.802s][debug][gc,phases      ] GC(10)     Dead                           Min: 0, Avg:  0.0, Max: 0, Diff: 0, Sum: 0, Workers: 4
[62.802s][debug][gc,phases      ] GC(10)     Total                          Min: 0, Avg:  0.0, Max: 0, Diff: 0, Sum: 0, Workers: 4
[62.802s][debug][gc,phases      ] GC(10)   StringDedup Requests1 Weak     Min:  0.0, Avg:  0.0, Max:  0.0, Diff:  0.0, Sum:  0.0, Workers: 4
[62.802s][debug][gc,phases      ] GC(10)     Dead                           Min: 0, Avg:  0.0, Max: 0, Diff: 0, Sum: 0, Workers: 4
[62.802s][debug][gc,phases      ] GC(10)     Total                          Min: 0, Avg:  0.0, Max: 0, Diff: 0, Sum: 0, Workers: 4
[62.802s][debug][gc,phases      ] GC(10)   Weak JFR Old Object Samples    Min:  0.0, Avg:  0.0, Max:  0.0, Diff:  0.0, Sum:  0.0, Workers: 4
[62.802s][debug][gc,phases      ] GC(10)     Dead                           Min: 0, Avg:  0.0, Max: 0, Diff: 0, Sum: 0, Workers: 4
[62.802s][debug][gc,phases      ] GC(10)     Total                          Min: 0, Avg:  0.0, Max: 0, Diff: 0, Sum: 0, Workers: 4
[62.802s][debug][gc,phases      ] GC(10) Weak Processing 1.174ms
[62.802s][debug][gc,age         ] GC(10) Desired survivor size 265814016 bytes, new threshold 4 (max threshold 15)
[62.802s][info ][gc,heap        ] GC(10) PSYoungGen: 1790677K(1812992K)->173668K(1771520K) Eden: 1597440K(1597440K)->0K(1597440K) From: 193237K(215552K)->173668K(174080K)
[62.802s][info ][gc,heap        ] GC(10) ParOldGen: 6353K(6656K)->60485K(60928K)
[62.802s][info ][gc,metaspace   ] GC(10) Metaspace: 99295K(100544K)->99295K(100544K) NonClass: 84204K(84928K)->84204K(84928K) Class: 15090K(15616K)->15090K(15616K)
[62.802s][info ][gc             ] GC(10) Pause Young (Allocation Failure) 1754M->228M(1789M) 100.131ms
[62.802s][info ][gc,cpu         ] GC(10) User=0.31s Sys=0.05s Real=0.10s
[62.802s][info ][safepoint      ] Safepoint "ParallelGCFailedAllocation", Time since last: 648690084 ns, Reaching safepoint: 9400 ns, Cleanup: 40202 ns, At safepoint: 100226558 ns, Total: 100276160 ns
[63.802s][info ][safepoint      ] Safepoint "Cleanup", Time since last: 1000104311 ns, Reaching safepoint: 81602 ns, Cleanup: 17501 ns, At safepoint: 6500 ns, Total: 105603 ns
[64.803s][info ][safepoint      ] Safepoint "Cleanup", Time since last: 1000129087 ns, Reaching safepoint: 81303 ns, Cleanup: 44501 ns, At safepoint: 6301 ns, Total: 132105 ns
[65.803s][info ][safepoint      ] Safepoint "Cleanup", Time since last: 1000136830 ns, Reaching safepoint: 87503 ns, Cleanup: 30201 ns, At safepoint: 7200 ns, Total: 124904 ns
[66.803s][info ][safepoint      ] Safepoint "Cleanup", Time since last: 1000123930 ns, Reaching safepoint: 81803 ns, Cleanup: 14600 ns, At safepoint: 6401 ns, Total: 102804 ns
[67.803s][info ][safepoint      ] Safepoint "Cleanup", Time since last: 1000129730 ns, Reaching safepoint: 79702 ns, Cleanup: 23701 ns, At safepoint: 6900 ns, Total: 110303 ns
[68.804s][info ][safepoint      ] Safepoint "Cleanup", Time since last: 1000122430 ns, Reaching safepoint: 80103 ns, Cleanup: 20701 ns, At safepoint: 6700 ns, Total: 107504 ns
[69.804s][info ][safepoint      ] Safepoint "Cleanup", Time since last: 1000115629 ns, Reaching safepoint: 88703 ns, Cleanup: 16901 ns, At safepoint: 7000 ns, Total: 112604 ns
[70.804s][info ][safepoint      ] Safepoint "Cleanup", Time since last: 1000128430 ns, Reaching safepoint: 8201 ns, Cleanup: 42801 ns, At safepoint: 11100 ns, Total: 62102 ns
[71.804s][info ][safepoint      ] Safepoint "Cleanup", Time since last: 1000131631 ns, Reaching safepoint: 83502 ns, Cleanup: 19001 ns, At safepoint: 7600 ns, Total: 110103 ns
[73.805s][info ][safepoint      ] Safepoint "Cleanup", Time since last: 2000200166 ns, Reaching safepoint: 81902 ns, Cleanup: 21300 ns, At safepoint: 6200 ns, Total: 109402 ns
[74.805s][info ][safepoint      ] Safepoint "Cleanup", Time since last: 1000127008 ns, Reaching safepoint: 85002 ns, Cleanup: 28201 ns, At safepoint: 7800 ns, Total: 121003 ns
[75.805s][info ][safepoint      ] Safepoint "Cleanup", Time since last: 1000140908 ns, Reaching safepoint: 86102 ns, Cleanup: 15700 ns, At safepoint: 7500 ns, Total: 109302 ns
[76.805s][info ][safepoint      ] Safepoint "Cleanup", Time since last: 1000149208 ns, Reaching safepoint: 87303 ns, Cleanup: 13000 ns, At safepoint: 9100 ns, Total: 109403 ns
[78.806s][info ][safepoint      ] Safepoint "Cleanup", Time since last: 2000258862 ns, Reaching safepoint: 9700 ns, Cleanup: 13301 ns, At safepoint: 3400 ns, Total: 26401 ns
[80.806s][info ][safepoint      ] Safepoint "Cleanup", Time since last: 2000398125 ns, Reaching safepoint: 85202 ns, Cleanup: 12000 ns, At safepoint: 12101 ns, Total: 109303 ns
[82.806s][info ][safepoint      ] Safepoint "Cleanup", Time since last: 2000225050 ns, Reaching safepoint: 8100 ns, Cleanup: 18900 ns, At safepoint: 2500 ns, Total: 29500 ns
[83.807s][info ][safepoint      ] Safepoint "Cleanup", Time since last: 1000125676 ns, Reaching safepoint: 8000 ns, Cleanup: 44601 ns, At safepoint: 3000 ns, Total: 55601 ns
[84.807s][info ][safepoint      ] Safepoint "Cleanup", Time since last: 1000125476 ns, Reaching safepoint: 7300 ns, Cleanup: 25401 ns, At safepoint: 2200 ns, Total: 34901 ns
[85.807s][info ][safepoint      ] Safepoint "Cleanup", Time since last: 1000120314 ns, Reaching safepoint: 8501 ns, Cleanup: 8300 ns, At safepoint: 2400 ns, Total: 19201 ns
[86.807s][info ][safepoint      ] Safepoint "Cleanup", Time since last: 1000123175 ns, Reaching safepoint: 9001 ns, Cleanup: 20300 ns, At safepoint: 3101 ns, Total: 32402 ns
[88.808s][info ][safepoint      ] Safepoint "Cleanup", Time since last: 2000414652 ns, Reaching safepoint: 91903 ns, Cleanup: 25201 ns, At safepoint: 6900 ns, Total: 124004 ns
[89.808s][info ][safepoint      ] Safepoint "Cleanup", Time since last: 1000150597 ns, Reaching safepoint: 9300 ns, Cleanup: 14801 ns, At safepoint: 2800 ns, Total: 26901 ns
[90.811s][info ][safepoint      ] Safepoint "Cleanup", Time since last: 1003246197 ns, Reaching safepoint: 11101 ns, Cleanup: 13600 ns, At safepoint: 2900 ns, Total: 27601 ns
[91.811s][info ][safepoint      ] Safepoint "Cleanup", Time since last: 1000140597 ns, Reaching safepoint: 8200 ns, Cleanup: 18201 ns, At safepoint: 2600 ns, Total: 29001 ns
[92.811s][info ][safepoint      ] Safepoint "Cleanup", Time since last: 1000146696 ns, Reaching safepoint: 10101 ns, Cleanup: 14200 ns, At safepoint: 2700 ns, Total: 27001 ns
[93.812s][info ][safepoint      ] Safepoint "Cleanup", Time since last: 1000170698 ns, Reaching safepoint: 8900 ns, Cleanup: 15000 ns, At safepoint: 3100 ns, Total: 27000 ns
[94.812s][info ][safepoint      ] Safepoint "Cleanup", Time since last: 1000130097 ns, Reaching safepoint: 7100 ns, Cleanup: 20300 ns, At safepoint: 2200 ns, Total: 29600 ns
[95.812s][info ][safepoint      ] Safepoint "Cleanup", Time since last: 1000165698 ns, Reaching safepoint: 9200 ns, Cleanup: 21201 ns, At safepoint: 2800 ns, Total: 33201 ns
[96.812s][info ][safepoint      ] Safepoint "Cleanup", Time since last: 1000147196 ns, Reaching safepoint: 9901 ns, Cleanup: 15100 ns, At safepoint: 2700 ns, Total: 27701 ns
[99.813s][info ][safepoint      ] Safepoint "Cleanup", Time since last: 3000315027 ns, Reaching safepoint: 7400 ns, Cleanup: 15800 ns, At safepoint: 2400 ns, Total: 25600 ns
[100.813s][info ][safepoint      ] Safepoint "Cleanup", Time since last: 1000180078 ns, Reaching safepoint: 10000 ns, Cleanup: 21701 ns, At safepoint: 2900 ns, Total: 34601 ns
[101.813s][info ][safepoint      ] Safepoint "Cleanup", Time since last: 1000148376 ns, Reaching safepoint: 8401 ns, Cleanup: 15700 ns, At safepoint: 3000 ns, Total: 27101 ns
[102.813s][info ][safepoint      ] Safepoint "Cleanup", Time since last: 1000132476 ns, Reaching safepoint: 8200 ns, Cleanup: 26301 ns, At safepoint: 3200 ns, Total: 37701 ns
[103.813s][info ][safepoint      ] Safepoint "Cleanup", Time since last: 1000116276 ns, Reaching safepoint: 9100 ns, Cleanup: 16900 ns, At safepoint: 3001 ns, Total: 29001 ns
[104.813s][info ][safepoint      ] Safepoint "Cleanup", Time since last: 1000100084 ns, Reaching safepoint: 7400 ns, Cleanup: 21401 ns, At safepoint: 2200 ns, Total: 31001 ns
[105.814s][info ][safepoint      ] Safepoint "Cleanup", Time since last: 1000126876 ns, Reaching safepoint: 8500 ns, Cleanup: 55502 ns, At safepoint: 3800 ns, Total: 67802 ns
[106.814s][info ][safepoint      ] Safepoint "Cleanup", Time since last: 1000134425 ns, Reaching safepoint: 8201 ns, Cleanup: 38601 ns, At safepoint: 2900 ns, Total: 49702 ns
[107.814s][info ][safepoint      ] Safepoint "Cleanup", Time since last: 1000161726 ns, Reaching safepoint: 7301 ns, Cleanup: 11900 ns, At safepoint: 2700 ns, Total: 21901 ns
[108.814s][info ][safepoint      ] Safepoint "Cleanup", Time since last: 1000111525 ns, Reaching safepoint: 7300 ns, Cleanup: 20401 ns, At safepoint: 2600 ns, Total: 30301 ns
[109.814s][info ][safepoint      ] Safepoint "Cleanup", Time since last: 1000126325 ns, Reaching safepoint: 8101 ns, Cleanup: 11900 ns, At safepoint: 3300 ns, Total: 23301 ns
[110.814s][info ][safepoint      ] Safepoint "Cleanup", Time since last: 1000125540 ns, Reaching safepoint: 8600 ns, Cleanup: 22301 ns, At safepoint: 2700 ns, Total: 33601 ns
[111.815s][info ][safepoint      ] Safepoint "Cleanup", Time since last: 1000127061 ns, Reaching safepoint: 8300 ns, Cleanup: 15100 ns, At safepoint: 3101 ns, Total: 26501 ns
[112.815s][info ][safepoint      ] Safepoint "Cleanup", Time since last: 1000128760 ns, Reaching safepoint: 7701 ns, Cleanup: 13800 ns, At safepoint: 2700 ns, Total: 24201 ns
[113.815s][info ][safepoint      ] Safepoint "Cleanup", Time since last: 1000132779 ns, Reaching safepoint: 553616 ns, Cleanup: 11700 ns, At safepoint: 6901 ns, Total: 572217 ns
[114.816s][info ][safepoint      ] Safepoint "Cleanup", Time since last: 1000118473 ns, Reaching safepoint: 80902 ns, Cleanup: 17100 ns, At safepoint: 6601 ns, Total: 104603 ns
[116.816s][info ][safepoint      ] Safepoint "Cleanup", Time since last: 2000225846 ns, Reaching safepoint: 9000 ns, Cleanup: 25500 ns, At safepoint: 3101 ns, Total: 37601 ns
[117.816s][info ][safepoint      ] Safepoint "Cleanup", Time since last: 1000132773 ns, Reaching safepoint: 7800 ns, Cleanup: 21201 ns, At safepoint: 2900 ns, Total: 31901 ns
[118.816s][info ][safepoint      ] Safepoint "Cleanup", Time since last: 1000142527 ns, Reaching safepoint: 12400 ns, Cleanup: 15901 ns, At safepoint: 4000 ns, Total: 32301 ns
[119.816s][info ][safepoint      ] Safepoint "Cleanup", Time since last: 1000132384 ns, Reaching safepoint: 8400 ns, Cleanup: 20901 ns, At safepoint: 2500 ns, Total: 31801 ns
[121.077s][info ][safepoint      ] Safepoint "Cleanup", Time since last: 1260649726 ns, Reaching safepoint: 10800 ns, Cleanup: 15101 ns, At safepoint: 3000 ns, Total: 28901 ns
[122.077s][info ][safepoint      ] Safepoint "Cleanup", Time since last: 1000156703 ns, Reaching safepoint: 10700 ns, Cleanup: 26101 ns, At safepoint: 2700 ns, Total: 39501 ns
[123.077s][info ][safepoint      ] Safepoint "Cleanup", Time since last: 1000147903 ns, Reaching safepoint: 10701 ns, Cleanup: 16700 ns, At safepoint: 3300 ns, Total: 30701 ns
[124.078s][info ][safepoint      ] Safepoint "Cleanup", Time since last: 1000150203 ns, Reaching safepoint: 11200 ns, Cleanup: 36902 ns, At safepoint: 2800 ns, Total: 50902 ns
[125.078s][info ][safepoint      ] Safepoint "Cleanup", Time since last: 1000147803 ns, Reaching safepoint: 8200 ns, Cleanup: 23501 ns, At safepoint: 2700 ns, Total: 34401 ns
[126.078s][info ][safepoint      ] Safepoint "Cleanup", Time since last: 1000125302 ns, Reaching safepoint: 7900 ns, Cleanup: 11401 ns, At safepoint: 2600 ns, Total: 21901 ns
[127.078s][info ][safepoint      ] Safepoint "Cleanup", Time since last: 1000127102 ns, Reaching safepoint: 6800 ns, Cleanup: 25701 ns, At safepoint: 2800 ns, Total: 35301 ns
[128.078s][info ][safepoint      ] Safepoint "Cleanup", Time since last: 1000131402 ns, Reaching safepoint: 10201 ns, Cleanup: 16000 ns, At safepoint: 2800 ns, Total: 29001 ns
[129.078s][info ][safepoint      ] Safepoint "Cleanup", Time since last: 1000126883 ns, Reaching safepoint: 8200 ns, Cleanup: 13501 ns, At safepoint: 2700 ns, Total: 24401 ns
[130.079s][info ][safepoint      ] Safepoint "Cleanup", Time since last: 1000123616 ns, Reaching safepoint: 10700 ns, Cleanup: 34201 ns, At safepoint: 2400 ns, Total: 47301 ns
[131.079s][info ][safepoint      ] Safepoint "Cleanup", Time since last: 1000120916 ns, Reaching safepoint: 6100 ns, Cleanup: 22701 ns, At safepoint: 2400 ns, Total: 31201 ns
[132.079s][info ][safepoint      ] Safepoint "Cleanup", Time since last: 1000152917 ns, Reaching safepoint: 7700 ns, Cleanup: 14501 ns, At safepoint: 2900 ns, Total: 25101 ns
[133.079s][info ][safepoint      ] Safepoint "Cleanup", Time since last: 1000138516 ns, Reaching safepoint: 9100 ns, Cleanup: 14601 ns, At safepoint: 2800 ns, Total: 26501 ns
[134.079s][info ][safepoint      ] Safepoint "Cleanup", Time since last: 1000131316 ns, Reaching safepoint: 8700 ns, Cleanup: 19601 ns, At safepoint: 2700 ns, Total: 31001 ns
[135.079s][info ][safepoint      ] Safepoint "Cleanup", Time since last: 1000130916 ns, Reaching safepoint: 8700 ns, Cleanup: 13801 ns, At safepoint: 2500 ns, Total: 25001 ns
[136.080s][info ][safepoint      ] Safepoint "Cleanup", Time since last: 1000139916 ns, Reaching safepoint: 8801 ns, Cleanup: 14100 ns, At safepoint: 2900 ns, Total: 25801 ns
[137.080s][info ][safepoint      ] Safepoint "Cleanup", Time since last: 1000122168 ns, Reaching safepoint: 10500 ns, Cleanup: 13401 ns, At safepoint: 2700 ns, Total: 26601 ns
[138.080s][info ][safepoint      ] Safepoint "Cleanup", Time since last: 1000137892 ns, Reaching safepoint: 9900 ns, Cleanup: 27201 ns, At safepoint: 3200 ns, Total: 40301 ns
[140.080s][info ][safepoint      ] Safepoint "Cleanup", Time since last: 2000233882 ns, Reaching safepoint: 46802 ns, Cleanup: 22600 ns, At safepoint: 5401 ns, Total: 74803 ns
[141.080s][info ][safepoint      ] Safepoint "Cleanup", Time since last: 1000124191 ns, Reaching safepoint: 8900 ns, Cleanup: 18901 ns, At safepoint: 2800 ns, Total: 30601 ns
[143.081s][info ][safepoint      ] Safepoint "Cleanup", Time since last: 2000200181 ns, Reaching safepoint: 9801 ns, Cleanup: 18300 ns, At safepoint: 2900 ns, Total: 31001 ns
[144.081s][info ][safepoint      ] Safepoint "Cleanup", Time since last: 1000126092 ns, Reaching safepoint: 7900 ns, Cleanup: 44601 ns, At safepoint: 2601 ns, Total: 55102 ns
[145.081s][info ][safepoint      ] Safepoint "Cleanup", Time since last: 1000124179 ns, Reaching safepoint: 9100 ns, Cleanup: 14101 ns, At safepoint: 2800 ns, Total: 26001 ns
[146.081s][info ][safepoint      ] Safepoint "Cleanup", Time since last: 1000133819 ns, Reaching safepoint: 8000 ns, Cleanup: 18001 ns, At safepoint: 2500 ns, Total: 28501 ns
[147.081s][info ][safepoint      ] Safepoint "Cleanup", Time since last: 1000132619 ns, Reaching safepoint: 9001 ns, Cleanup: 17200 ns, At safepoint: 2800 ns, Total: 29001 ns
[147.204s][info ][gc,start       ] GC(11) Pause Young (Allocation Failure)
[147.290s][debug][gc,phases      ] GC(11) Scavenge 85.934ms
[147.291s][debug][gc,ref         ] GC(11) ReferenceProcessor::execute queues: 1, RefProcThreadModel::Single, marks_oops_alive: false
[147.291s][debug][gc,ref         ] GC(11) Skipped KeepAliveFinalRefsPhase of Reference Processing: no references
[147.291s][debug][gc,ref         ] GC(11) ReferenceProcessor::execute queues: 1, RefProcThreadModel::Single, marks_oops_alive: false
[147.291s][debug][gc,phases      ] GC(11) Reference Processing 0.157ms
[147.291s][debug][gc,phases      ] GC(11)   VM Weak                        Min:  0.0, Avg:  0.0, Max:  0.0, Diff:  0.0, Sum:  0.0, Workers: 4
[147.291s][debug][gc,phases      ] GC(11)     Dead                           Min: 0, Avg:  0.0, Max: 0, Diff: 0, Sum: 0, Workers: 4
[147.291s][debug][gc,phases      ] GC(11)     Total                          Min: 0, Avg: 231.0, Max: 924, Diff: 924, Sum: 924, Workers: 4
[147.291s][debug][gc,phases      ] GC(11)   ObjectSynchronizer Weak        Min:  0.0, Avg:  0.0, Max:  0.0, Diff:  0.0, Sum:  0.0, Workers: 4
[147.291s][debug][gc,phases      ] GC(11)     Dead                           Min: 0, Avg:  0.0, Max: 0, Diff: 0, Sum: 0, Workers: 4
[147.292s][debug][gc,phases      ] GC(11)     Total                          Min: 0, Avg:  1.2, Max: 5, Diff: 5, Sum: 5, Workers: 4
[147.292s][debug][gc,phases      ] GC(11)   JVMTI Tag Weak OopStorage      Min:  0.0, Avg:  0.0, Max:  0.0, Diff:  0.0, Sum:  0.0, Workers: 4
[147.292s][debug][gc,phases      ] GC(11)     Dead                           Min: 0, Avg:  0.0, Max: 0, Diff: 0, Sum: 0, Workers: 4
[147.292s][debug][gc,phases      ] GC(11)     Total                          Min: 0, Avg:  0.0, Max: 0, Diff: 0, Sum: 0, Workers: 4
[147.292s][debug][gc,phases      ] GC(11)   StringTable Weak               Min:  0.0, Avg:  0.3, Max:  0.6, Diff:  0.6, Sum:  1.2, Workers: 4
[147.292s][debug][gc,phases      ] GC(11)     Dead                           Min: 0, Avg:  0.2, Max: 1, Diff: 1, Sum: 1, Workers: 4
[147.292s][debug][gc,phases      ] GC(11)     Total                          Min: 0, Avg: 10988.5, Max: 30386, Diff: 30386, Sum: 43954, Workers: 4
[147.292s][debug][gc,phases      ] GC(11)   ResolvedMethodTable Weak       Min:  0.0, Avg:  0.1, Max:  0.2, Diff:  0.2, Sum:  0.5, Workers: 4
[147.292s][debug][gc,phases      ] GC(11)     Dead                           Min: 0, Avg:  5.8, Max: 11, Diff: 11, Sum: 23, Workers: 4
[147.292s][debug][gc,phases      ] GC(11)     Total                          Min: 0, Avg: 3451.8, Max: 5920, Diff: 5920, Sum: 13807, Workers: 4
[147.292s][debug][gc,phases      ] GC(11)   JNI Weak                       Min:  0.0, Avg:  0.0, Max:  0.0, Diff:  0.0, Sum:  0.0, Workers: 4
[147.292s][debug][gc,phases      ] GC(11)     Dead                           Min: 0, Avg:  0.0, Max: 0, Diff: 0, Sum: 0, Workers: 4
[147.292s][debug][gc,phases      ] GC(11)     Total                          Min: 0, Avg: 13.0, Max: 52, Diff: 52, Sum: 52, Workers: 4
[147.292s][debug][gc,phases      ] GC(11)   StringDedup Table Weak         Min:  0.0, Avg:  0.0, Max:  0.0, Diff:  0.0, Sum:  0.0, Workers: 4
[147.292s][debug][gc,phases      ] GC(11)     Dead                           Min: 0, Avg:  0.0, Max: 0, Diff: 0, Sum: 0, Workers: 4
[147.292s][debug][gc,phases      ] GC(11)     Total                          Min: 0, Avg:  0.0, Max: 0, Diff: 0, Sum: 0, Workers: 4
[147.292s][debug][gc,phases      ] GC(11)   StringDedup Requests0 Weak     Min:  0.0, Avg:  0.0, Max:  0.0, Diff:  0.0, Sum:  0.0, Workers: 4
[147.292s][debug][gc,phases      ] GC(11)     Dead                           Min: 0, Avg:  0.0, Max: 0, Diff: 0, Sum: 0, Workers: 4
[147.292s][debug][gc,phases      ] GC(11)     Total                          Min: 0, Avg:  0.0, Max: 0, Diff: 0, Sum: 0, Workers: 4
[147.292s][debug][gc,phases      ] GC(11)   StringDedup Requests1 Weak     Min:  0.0, Avg:  0.0, Max:  0.0, Diff:  0.0, Sum:  0.0, Workers: 4
[147.292s][debug][gc,phases      ] GC(11)     Dead                           Min: 0, Avg:  0.0, Max: 0, Diff: 0, Sum: 0, Workers: 4
[147.292s][debug][gc,phases      ] GC(11)     Total                          Min: 0, Avg:  0.0, Max: 0, Diff: 0, Sum: 0, Workers: 4
[147.292s][debug][gc,phases      ] GC(11)   Weak JFR Old Object Samples    Min:  0.0, Avg:  0.0, Max:  0.0, Diff:  0.0, Sum:  0.0, Workers: 4
[147.292s][debug][gc,phases      ] GC(11)     Dead                           Min: 0, Avg:  0.0, Max: 0, Diff: 0, Sum: 0, Workers: 4
[147.292s][debug][gc,phases      ] GC(11)     Total                          Min: 0, Avg:  0.0, Max: 0, Diff: 0, Sum: 0, Workers: 4
[147.292s][debug][gc,phases      ] GC(11) Weak Processing 1.066ms
[147.292s][debug][gc,age         ] GC(11) Desired survivor size 256376832 bytes, new threshold 3 (max threshold 15)
[147.292s][info ][gc,heap        ] GC(11) PSYoungGen: 1771108K(1771520K)->90180K(1846784K) Eden: 1597440K(1597440K)->0K(1587200K) From: 173668K(174080K)->90180K(259584K)
[147.292s][info ][gc,heap        ] GC(11) ParOldGen: 60485K(60928K)->150598K(151040K)
[147.292s][info ][gc,metaspace   ] GC(11) Metaspace: 99669K(100928K)->99669K(100928K) NonClass: 84549K(85248K)->84549K(85248K) Class: 15120K(15680K)->15120K(15680K)
[147.292s][info ][gc             ] GC(11) Pause Young (Allocation Failure) 1788M->235M(1951M) 87.323ms
[147.292s][info ][gc,cpu         ] GC(11) User=0.24s Sys=0.06s Real=0.08s
[147.292s][info ][safepoint      ] Safepoint "ParallelGCFailedAllocation", Time since last: 123082892 ns, Reaching safepoint: 9200 ns, Cleanup: 4800 ns, At safepoint: 87413064 ns, Total: 87427064 ns
[148.292s][info ][safepoint      ] Safepoint "Cleanup", Time since last: 1000125819 ns, Reaching safepoint: 15300 ns, Cleanup: 27901 ns, At safepoint: 4400 ns, Total: 47601 ns
[149.292s][info ][safepoint      ] Safepoint "Cleanup", Time since last: 1000186921 ns, Reaching safepoint: 9801 ns, Cleanup: 14300 ns, At safepoint: 2600 ns, Total: 26701 ns
[150.292s][info ][safepoint      ] Safepoint "Cleanup", Time since last: 1000143920 ns, Reaching safepoint: 7200 ns, Cleanup: 15401 ns, At safepoint: 2400 ns, Total: 25001 ns
[151.292s][info ][safepoint      ] Safepoint "Cleanup", Time since last: 1000123219 ns, Reaching safepoint: 6600 ns, Cleanup: 10000 ns, At safepoint: 2401 ns, Total: 19001 ns
[152.293s][info ][safepoint      ] Safepoint "Cleanup", Time since last: 1000123519 ns, Reaching safepoint: 7600 ns, Cleanup: 15300 ns, At safepoint: 2800 ns, Total: 25700 ns
[154.293s][info ][safepoint      ] Safepoint "Cleanup", Time since last: 2000202326 ns, Reaching safepoint: 7301 ns, Cleanup: 13300 ns, At safepoint: 2500 ns, Total: 23101 ns
[156.293s][info ][safepoint      ] Safepoint "Cleanup", Time since last: 2000197247 ns, Reaching safepoint: 7300 ns, Cleanup: 11301 ns, At safepoint: 2900 ns, Total: 21501 ns
[158.293s][info ][safepoint      ] Safepoint "Cleanup", Time since last: 2000194247 ns, Reaching safepoint: 6300 ns, Cleanup: 13600 ns, At safepoint: 3100 ns, Total: 23000 ns
[162.294s][info ][safepoint      ] Safepoint "Cleanup", Time since last: 4000339321 ns, Reaching safepoint: 8800 ns, Cleanup: 13501 ns, At safepoint: 2500 ns, Total: 24801 ns
[164.294s][info ][safepoint      ] Safepoint "Cleanup", Time since last: 2000199811 ns, Reaching safepoint: 6200 ns, Cleanup: 10101 ns, At safepoint: 2300 ns, Total: 18601 ns
[167.294s][info ][safepoint      ] Safepoint "Cleanup", Time since last: 3000261715 ns, Reaching safepoint: 8401 ns, Cleanup: 15000 ns, At safepoint: 2300 ns, Total: 25701 ns
[168.294s][info ][safepoint      ] Safepoint "Cleanup", Time since last: 1000131307 ns, Reaching safepoint: 7900 ns, Cleanup: 21201 ns, At safepoint: 2600 ns, Total: 31701 ns
[170.295s][info ][safepoint      ] Safepoint "Cleanup", Time since last: 2000281036 ns, Reaching safepoint: 9600 ns, Cleanup: 16601 ns, At safepoint: 2800 ns, Total: 29001 ns
[171.295s][info ][safepoint      ] Safepoint "Cleanup", Time since last: 1000151447 ns, Reaching safepoint: 10101 ns, Cleanup: 25200 ns, At safepoint: 2500 ns, Total: 37801 ns
[175.256s][info ][safepoint      ] Safepoint "Cleanup", Time since last: 3961410362 ns, Reaching safepoint: 7601 ns, Cleanup: 14700 ns, At safepoint: 3400 ns, Total: 25701 ns
[176.256s][info ][safepoint      ] Safepoint "Cleanup", Time since last: 1000143047 ns, Reaching safepoint: 7101 ns, Cleanup: 9400 ns, At safepoint: 2300 ns, Total: 18801 ns
[177.257s][info ][safepoint      ] Safepoint "Cleanup", Time since last: 1000121000 ns, Reaching safepoint: 9100 ns, Cleanup: 10000 ns, At safepoint: 2600 ns, Total: 21700 ns
[178.257s][info ][safepoint      ] Safepoint "Cleanup", Time since last: 1000160336 ns, Reaching safepoint: 88103 ns, Cleanup: 20900 ns, At safepoint: 7401 ns, Total: 116404 ns
[179.257s][info ][safepoint      ] Safepoint "Cleanup", Time since last: 1000137435 ns, Reaching safepoint: 8300 ns, Cleanup: 13100 ns, At safepoint: 2900 ns, Total: 24300 ns
[181.097s][info ][safepoint      ] Safepoint "Cleanup", Time since last: 1839996357 ns, Reaching safepoint: 10200 ns, Cleanup: 17901 ns, At safepoint: 2800 ns, Total: 30901 ns
[183.097s][info ][safepoint      ] Safepoint "Cleanup", Time since last: 2000248469 ns, Reaching safepoint: 11501 ns, Cleanup: 20100 ns, At safepoint: 3500 ns, Total: 35101 ns
[184.098s][info ][safepoint      ] Safepoint "Cleanup", Time since last: 1000169494 ns, Reaching safepoint: 13100 ns, Cleanup: 27401 ns, At safepoint: 2800 ns, Total: 43301 ns
[185.098s][info ][safepoint      ] Safepoint "Cleanup", Time since last: 1000151863 ns, Reaching safepoint: 8300 ns, Cleanup: 22101 ns, At safepoint: 2500 ns, Total: 32901 ns
[186.098s][info ][safepoint      ] Safepoint "Cleanup", Time since last: 1000129641 ns, Reaching safepoint: 9100 ns, Cleanup: 20101 ns, At safepoint: 2900 ns, Total: 32101 ns
[189.098s][info ][safepoint      ] Safepoint "Cleanup", Time since last: 3000419225 ns, Reaching safepoint: 24000 ns, Cleanup: 44602 ns, At safepoint: 6400 ns, Total: 75002 ns
[190.099s][info ][safepoint      ] Safepoint "Cleanup", Time since last: 1000447351 ns, Reaching safepoint: 23601 ns, Cleanup: 38401 ns, At safepoint: 5300 ns, Total: 67302 ns
[191.099s][info ][safepoint      ] Safepoint "Cleanup", Time since last: 1000201244 ns, Reaching safepoint: 7200 ns, Cleanup: 11500 ns, At safepoint: 2401 ns, Total: 21101 ns
[193.099s][info ][safepoint      ] Safepoint "Cleanup", Time since last: 2000275082 ns, Reaching safepoint: 9400 ns, Cleanup: 15501 ns, At safepoint: 2900 ns, Total: 27801 ns
[194.100s][info ][safepoint      ] Safepoint "Cleanup", Time since last: 1000204739 ns, Reaching safepoint: 10200 ns, Cleanup: 16200 ns, At safepoint: 3000 ns, Total: 29400 ns
[195.100s][info ][safepoint      ] Safepoint "Cleanup", Time since last: 1000144538 ns, Reaching safepoint: 10500 ns, Cleanup: 22701 ns, At safepoint: 3000 ns, Total: 36201 ns
[196.100s][info ][safepoint      ] Safepoint "Cleanup", Time since last: 1000185638 ns, Reaching safepoint: 8900 ns, Cleanup: 26401 ns, At safepoint: 2900 ns, Total: 38201 ns
[198.100s][info ][safepoint      ] Safepoint "Cleanup", Time since last: 2000290574 ns, Reaching safepoint: 9401 ns, Cleanup: 17900 ns, At safepoint: 3000 ns, Total: 30301 ns
[201.101s][info ][safepoint      ] Safepoint "Cleanup", Time since last: 3000288907 ns, Reaching safepoint: 7500 ns, Cleanup: 14401 ns, At safepoint: 2400 ns, Total: 24301 ns
[204.101s][info ][safepoint      ] Safepoint "Cleanup", Time since last: 3000294608 ns, Reaching safepoint: 7800 ns, Cleanup: 17900 ns, At safepoint: 3300 ns, Total: 29000 ns
[205.101s][info ][safepoint      ] Safepoint "Cleanup", Time since last: 1000140038 ns, Reaching safepoint: 82402 ns, Cleanup: 22801 ns, At safepoint: 9100 ns, Total: 114303 ns
[206.101s][info ][safepoint      ] Safepoint "Cleanup", Time since last: 1000137938 ns, Reaching safepoint: 82302 ns, Cleanup: 12901 ns, At safepoint: 6700 ns, Total: 101903 ns
[207.102s][info ][safepoint      ] Safepoint "Cleanup", Time since last: 1000132737 ns, Reaching safepoint: 85303 ns, Cleanup: 17900 ns, At safepoint: 7900 ns, Total: 111103 ns
[208.102s][info ][safepoint      ] Safepoint "Cleanup", Time since last: 1000145938 ns, Reaching safepoint: 82102 ns, Cleanup: 22901 ns, At safepoint: 6200 ns, Total: 111203 ns
[209.102s][info ][safepoint      ] Safepoint "Cleanup", Time since last: 1000134543 ns, Reaching safepoint: 87602 ns, Cleanup: 14100 ns, At safepoint: 7401 ns, Total: 109103 ns
[210.103s][info ][safepoint      ] Safepoint "Cleanup", Time since last: 1000170640 ns, Reaching safepoint: 92502 ns, Cleanup: 12501 ns, At safepoint: 6200 ns, Total: 111203 ns
[211.103s][info ][safepoint      ] Safepoint "Cleanup", Time since last: 1000136139 ns, Reaching safepoint: 83703 ns, Cleanup: 13100 ns, At safepoint: 7500 ns, Total: 104303 ns
[212.103s][info ][safepoint      ] Safepoint "Cleanup", Time since last: 1000146440 ns, Reaching safepoint: 84202 ns, Cleanup: 11200 ns, At safepoint: 7201 ns, Total: 102603 ns
[214.103s][info ][safepoint      ] Safepoint "Cleanup", Time since last: 2000217877 ns, Reaching safepoint: 82702 ns, Cleanup: 29301 ns, At safepoint: 7200 ns, Total: 119203 ns
[215.104s][info ][safepoint      ] Safepoint "Cleanup", Time since last: 1000125339 ns, Reaching safepoint: 79702 ns, Cleanup: 12800 ns, At safepoint: 6801 ns, Total: 99303 ns
[216.104s][info ][safepoint      ] Safepoint "Cleanup", Time since last: 1000128139 ns, Reaching safepoint: 83002 ns, Cleanup: 12200 ns, At safepoint: 6700 ns, Total: 101902 ns
[223.105s][info ][safepoint      ] Safepoint "Cleanup", Time since last: 7000599148 ns, Reaching safepoint: 90703 ns, Cleanup: 23301 ns, At safepoint: 8000 ns, Total: 122004 ns
[224.105s][info ][safepoint      ] Safepoint "Cleanup", Time since last: 1000122116 ns, Reaching safepoint: 78802 ns, Cleanup: 11101 ns, At safepoint: 6000 ns, Total: 95903 ns
[225.105s][info ][safepoint      ] Safepoint "Cleanup", Time since last: 1000167346 ns, Reaching safepoint: 85303 ns, Cleanup: 13500 ns, At safepoint: 6901 ns, Total: 105704 ns
[227.105s][info ][safepoint      ] Safepoint "Cleanup", Time since last: 2000212084 ns, Reaching safepoint: 82603 ns, Cleanup: 14800 ns, At safepoint: 11601 ns, Total: 109004 ns
[228.105s][info ][safepoint      ] Safepoint "Cleanup", Time since last: 1000126243 ns, Reaching safepoint: 6800 ns, Cleanup: 23101 ns, At safepoint: 2800 ns, Total: 32701 ns
[229.106s][info ][safepoint      ] Safepoint "Cleanup", Time since last: 1000123643 ns, Reaching safepoint: 7100 ns, Cleanup: 12900 ns, At safepoint: 2600 ns, Total: 22600 ns
[230.106s][info ][safepoint      ] Safepoint "Cleanup", Time since last: 1000129543 ns, Reaching safepoint: 6801 ns, Cleanup: 9800 ns, At safepoint: 2400 ns, Total: 19001 ns
[236.106s][info ][safepoint      ] Safepoint "Cleanup", Time since last: 6000514506 ns, Reaching safepoint: 9200 ns, Cleanup: 19901 ns, At safepoint: 2800 ns, Total: 31901 ns
[239.107s][info ][safepoint      ] Safepoint "Cleanup", Time since last: 3000280853 ns, Reaching safepoint: 8400 ns, Cleanup: 16500 ns, At safepoint: 3200 ns, Total: 28100 ns
[240.107s][info ][safepoint      ] Safepoint "Cleanup", Time since last: 1000136119 ns, Reaching safepoint: 8401 ns, Cleanup: 15800 ns, At safepoint: 2900 ns, Total: 27101 ns
[241.120s][info ][safepoint      ] Safepoint "Cleanup", Time since last: 1013672479 ns, Reaching safepoint: 7400 ns, Cleanup: 12601 ns, At safepoint: 2900 ns, Total: 22901 ns
[242.121s][info ][safepoint      ] Safepoint "Cleanup", Time since last: 1000203668 ns, Reaching safepoint: 7800 ns, Cleanup: 12301 ns, At safepoint: 2600 ns, Total: 22701 ns
[244.121s][info ][safepoint      ] Safepoint "Cleanup", Time since last: 2000219131 ns, Reaching safepoint: 10100 ns, Cleanup: 14800 ns, At safepoint: 2901 ns, Total: 27801 ns
[246.121s][info ][safepoint      ] Safepoint "Cleanup", Time since last: 2000209630 ns, Reaching safepoint: 7800 ns, Cleanup: 12501 ns, At safepoint: 2400 ns, Total: 22701 ns
[247.121s][info ][safepoint      ] Safepoint "Cleanup", Time since last: 1000130966 ns, Reaching safepoint: 7700 ns, Cleanup: 14901 ns, At safepoint: 2700 ns, Total: 25301 ns
[248.122s][info ][safepoint      ] Safepoint "Cleanup", Time since last: 1000138666 ns, Reaching safepoint: 8600 ns, Cleanup: 18001 ns, At safepoint: 2900 ns, Total: 29501 ns
[250.122s][info ][safepoint      ] Safepoint "Cleanup", Time since last: 2000402164 ns, Reaching safepoint: 8100 ns, Cleanup: 15300 ns, At safepoint: 2901 ns, Total: 26301 ns
[251.122s][info ][safepoint      ] Safepoint "Cleanup", Time since last: 1000117253 ns, Reaching safepoint: 8201 ns, Cleanup: 15400 ns, At safepoint: 2500 ns, Total: 26101 ns
[253.122s][info ][safepoint      ] Safepoint "Cleanup", Time since last: 2000234908 ns, Reaching safepoint: 7800 ns, Cleanup: 15200 ns, At safepoint: 2700 ns, Total: 25700 ns
[254.123s][info ][safepoint      ] Safepoint "Cleanup", Time since last: 1000146055 ns, Reaching safepoint: 7600 ns, Cleanup: 13601 ns, At safepoint: 2400 ns, Total: 23601 ns
[254.387s][info ][gc,start       ] GC(12) Pause Young (Allocation Failure)
[254.429s][debug][gc,phases      ] GC(12) Scavenge 41.493ms
[254.429s][debug][gc,ref         ] GC(12) ReferenceProcessor::execute queues: 1, RefProcThreadModel::Single, marks_oops_alive: false
[254.429s][debug][gc,ref         ] GC(12) Skipped KeepAliveFinalRefsPhase of Reference Processing: no references
[254.429s][debug][gc,ref         ] GC(12) ReferenceProcessor::execute queues: 1, RefProcThreadModel::Single, marks_oops_alive: false
[254.429s][debug][gc,phases      ] GC(12) Reference Processing 0.116ms
[254.429s][debug][gc,phases      ] GC(12)   VM Weak                        Min:  0.0, Avg:  0.0, Max:  0.0, Diff:  0.0, Sum:  0.0, Workers: 4
[254.429s][debug][gc,phases      ] GC(12)     Dead                           Min: 0, Avg:  0.0, Max: 0, Diff: 0, Sum: 0, Workers: 4
[254.429s][debug][gc,phases      ] GC(12)     Total                          Min: 0, Avg: 231.0, Max: 896, Diff: 896, Sum: 924, Workers: 4
[254.429s][debug][gc,phases      ] GC(12)   ObjectSynchronizer Weak        Min:  0.0, Avg:  0.0, Max:  0.0, Diff:  0.0, Sum:  0.0, Workers: 4
[254.429s][debug][gc,phases      ] GC(12)     Dead                           Min: 0, Avg:  0.0, Max: 0, Diff: 0, Sum: 0, Workers: 4
[254.429s][debug][gc,phases      ] GC(12)     Total                          Min: 0, Avg:  0.8, Max: 3, Diff: 3, Sum: 3, Workers: 4
[254.429s][debug][gc,phases      ] GC(12)   JVMTI Tag Weak OopStorage      Min:  0.0, Avg:  0.0, Max:  0.0, Diff:  0.0, Sum:  0.0, Workers: 4
[254.429s][debug][gc,phases      ] GC(12)     Dead                           Min: 0, Avg:  0.0, Max: 0, Diff: 0, Sum: 0, Workers: 4
[254.429s][debug][gc,phases      ] GC(12)     Total                          Min: 0, Avg:  0.0, Max: 0, Diff: 0, Sum: 0, Workers: 4
[254.429s][debug][gc,phases      ] GC(12)   StringTable Weak               Min:  0.0, Avg:  0.1, Max:  0.2, Diff:  0.2, Sum:  0.5, Workers: 4
[254.429s][debug][gc,phases      ] GC(12)     Dead                           Min: 0, Avg:  0.2, Max: 1, Diff: 1, Sum: 1, Workers: 4
[254.429s][debug][gc,phases      ] GC(12)     Total                          Min: 0, Avg: 11017.8, Max: 24320, Diff: 24320, Sum: 44071, Workers: 4
[254.429s][debug][gc,phases      ] GC(12)   ResolvedMethodTable Weak       Min:  0.0, Avg:  0.0, Max:  0.1, Diff:  0.1, Sum:  0.2, Workers: 4
[254.429s][debug][gc,phases      ] GC(12)     Dead                           Min: 0, Avg:  4.5, Max: 18, Diff: 18, Sum: 18, Workers: 4
[254.429s][debug][gc,phases      ] GC(12)     Total                          Min: 0, Avg: 3458.0, Max: 7755, Diff: 7755, Sum: 13832, Workers: 4
[254.429s][debug][gc,phases      ] GC(12)   JNI Weak                       Min:  0.0, Avg:  0.0, Max:  0.0, Diff:  0.0, Sum:  0.0, Workers: 4
[254.429s][debug][gc,phases      ] GC(12)     Dead                           Min: 0, Avg:  0.0, Max: 0, Diff: 0, Sum: 0, Workers: 4
[254.429s][debug][gc,phases      ] GC(12)     Total                          Min: 0, Avg: 13.0, Max: 52, Diff: 52, Sum: 52, Workers: 4
[254.429s][debug][gc,phases      ] GC(12)   StringDedup Table Weak         Min:  0.0, Avg:  0.0, Max:  0.0, Diff:  0.0, Sum:  0.0, Workers: 4
[254.429s][debug][gc,phases      ] GC(12)     Dead                           Min: 0, Avg:  0.0, Max: 0, Diff: 0, Sum: 0, Workers: 4
[254.429s][debug][gc,phases      ] GC(12)     Total                          Min: 0, Avg:  0.0, Max: 0, Diff: 0, Sum: 0, Workers: 4
[254.429s][debug][gc,phases      ] GC(12)   StringDedup Requests0 Weak     Min:  0.0, Avg:  0.0, Max:  0.0, Diff:  0.0, Sum:  0.0, Workers: 4
[254.429s][debug][gc,phases      ] GC(12)     Dead                           Min: 0, Avg:  0.0, Max: 0, Diff: 0, Sum: 0, Workers: 4
[254.429s][debug][gc,phases      ] GC(12)     Total                          Min: 0, Avg:  0.0, Max: 0, Diff: 0, Sum: 0, Workers: 4
[254.429s][debug][gc,phases      ] GC(12)   StringDedup Requests1 Weak     Min:  0.0, Avg:  0.0, Max:  0.0, Diff:  0.0, Sum:  0.0, Workers: 4
[254.429s][debug][gc,phases      ] GC(12)     Dead                           Min: 0, Avg:  0.0, Max: 0, Diff: 0, Sum: 0, Workers: 4
[254.429s][debug][gc,phases      ] GC(12)     Total                          Min: 0, Avg:  0.0, Max: 0, Diff: 0, Sum: 0, Workers: 4
[254.430s][debug][gc,phases      ] GC(12)   Weak JFR Old Object Samples    Min:  0.0, Avg:  0.0, Max:  0.0, Diff:  0.0, Sum:  0.0, Workers: 4
[254.430s][debug][gc,phases      ] GC(12)     Dead                           Min: 0, Avg:  0.0, Max: 0, Diff: 0, Sum: 0, Workers: 4
[254.430s][debug][gc,phases      ] GC(12)     Total                          Min: 0, Avg:  0.0, Max: 0, Diff: 0, Sum: 0, Workers: 4
[254.430s][debug][gc,phases      ] GC(12) Weak Processing 0.567ms
[254.430s][debug][gc,age         ] GC(12) Desired survivor size 254279680 bytes, new threshold 2 (max threshold 15)
[254.430s][info ][gc,heap        ] GC(12) PSYoungGen: 1677380K(1846784K)->54401K(1837568K) Eden: 1587200K(1587200K)->0K(1587200K) From: 90180K(259584K)->54401K(250368K)
[254.430s][info ][gc,heap        ] GC(12) ParOldGen: 150598K(151040K)->194216K(194560K)
[254.430s][info ][gc,metaspace   ] GC(12) Metaspace: 100005K(101184K)->100005K(101184K) NonClass: 84867K(85504K)->84867K(85504K) Class: 15137K(15680K)->15137K(15680K)
[254.430s][info ][gc             ] GC(12) Pause Young (Allocation Failure) 1785M->242M(1984M) 42.318ms
[254.430s][info ][gc,cpu         ] GC(12) User=0.09s Sys=0.03s Real=0.04s
[254.430s][info ][safepoint      ] Safepoint "ParallelGCFailedAllocation", Time since last: 264694522 ns, Reaching safepoint: 6000 ns, Cleanup: 10600 ns, At safepoint: 42395253 ns, Total: 42411853 ns
[255.430s][info ][safepoint      ] Safepoint "Cleanup", Time since last: 1000099753 ns, Reaching safepoint: 8000 ns, Cleanup: 22001 ns, At safepoint: 2400 ns, Total: 32401 ns
[256.430s][info ][safepoint      ] Safepoint "Cleanup", Time since last: 1000122454 ns, Reaching safepoint: 7200 ns, Cleanup: 14401 ns, At safepoint: 2200 ns, Total: 23801 ns
[257.430s][info ][safepoint      ] Safepoint "Cleanup", Time since last: 1000129902 ns, Reaching safepoint: 7300 ns, Cleanup: 17801 ns, At safepoint: 2400 ns, Total: 27501 ns
[258.430s][info ][safepoint      ] Safepoint "Cleanup", Time since last: 1000132329 ns, Reaching safepoint: 9301 ns, Cleanup: 13800 ns, At safepoint: 2900 ns, Total: 26001 ns
[259.430s][info ][safepoint      ] Safepoint "Cleanup", Time since last: 1000143230 ns, Reaching safepoint: 9500 ns, Cleanup: 20001 ns, At safepoint: 2800 ns, Total: 32301 ns
[260.431s][info ][safepoint      ] Safepoint "Cleanup", Time since last: 1000131230 ns, Reaching safepoint: 7600 ns, Cleanup: 14200 ns, At safepoint: 2500 ns, Total: 24300 ns
[261.431s][info ][safepoint      ] Safepoint "Cleanup", Time since last: 1000127430 ns, Reaching safepoint: 8200 ns, Cleanup: 18501 ns, At safepoint: 2600 ns, Total: 29301 ns
[262.431s][info ][safepoint      ] Safepoint "Cleanup", Time since last: 1000120829 ns, Reaching safepoint: 7400 ns, Cleanup: 13101 ns, At safepoint: 2500 ns, Total: 23001 ns
[263.431s][info ][safepoint      ] Safepoint "Cleanup", Time since last: 1000125729 ns, Reaching safepoint: 8400 ns, Cleanup: 18501 ns, At safepoint: 2400 ns, Total: 29301 ns
[264.431s][info ][safepoint      ] Safepoint "Cleanup", Time since last: 1000121029 ns, Reaching safepoint: 8200 ns, Cleanup: 14601 ns, At safepoint: 2600 ns, Total: 25401 ns
[265.431s][info ][safepoint      ] Safepoint "Cleanup", Time since last: 1000121497 ns, Reaching safepoint: 8501 ns, Cleanup: 17300 ns, At safepoint: 2400 ns, Total: 28201 ns
[267.432s][info ][safepoint      ] Safepoint "Cleanup", Time since last: 2000206290 ns, Reaching safepoint: 8401 ns, Cleanup: 14200 ns, At safepoint: 2600 ns, Total: 25201 ns
[269.432s][info ][safepoint      ] Safepoint "Cleanup", Time since last: 2000202890 ns, Reaching safepoint: 8101 ns, Cleanup: 15100 ns, At safepoint: 2700 ns, Total: 25901 ns
[270.432s][info ][safepoint      ] Safepoint "Cleanup", Time since last: 1000146897 ns, Reaching safepoint: 8400 ns, Cleanup: 12400 ns, At safepoint: 2400 ns, Total: 23200 ns
[271.432s][info ][safepoint      ] Safepoint "Cleanup", Time since last: 1000133296 ns, Reaching safepoint: 9101 ns, Cleanup: 14200 ns, At safepoint: 3600 ns, Total: 26901 ns
[282.433s][info ][safepoint      ] Safepoint "Cleanup", Time since last: 11000885473 ns, Reaching safepoint: 13701 ns, Cleanup: 19600 ns, At safepoint: 4500 ns, Total: 37801 ns
[284.433s][info ][safepoint      ] Safepoint "Cleanup", Time since last: 2000254290 ns, Reaching safepoint: 6300 ns, Cleanup: 13500 ns, At safepoint: 2300 ns, Total: 22100 ns
[285.433s][info ][safepoint      ] Safepoint "Cleanup", Time since last: 1000119945 ns, Reaching safepoint: 9200 ns, Cleanup: 13401 ns, At safepoint: 2700 ns, Total: 25301 ns
[286.434s][info ][safepoint      ] Safepoint "Cleanup", Time since last: 1000125944 ns, Reaching safepoint: 7401 ns, Cleanup: 20000 ns, At safepoint: 2400 ns, Total: 29801 ns
[288.434s][info ][safepoint      ] Safepoint "Cleanup", Time since last: 2000203488 ns, Reaching safepoint: 8500 ns, Cleanup: 30801 ns, At safepoint: 2700 ns, Total: 42001 ns
[292.434s][info ][safepoint      ] Safepoint "Cleanup", Time since last: 4000367908 ns, Reaching safepoint: 7801 ns, Cleanup: 14000 ns, At safepoint: 2700 ns, Total: 24501 ns
[293.434s][info ][safepoint      ] Safepoint "Cleanup", Time since last: 1000157617 ns, Reaching safepoint: 12200 ns, Cleanup: 18801 ns, At safepoint: 3000 ns, Total: 34001 ns
[297.435s][info ][safepoint      ] Safepoint "Cleanup", Time since last: 4000421210 ns, Reaching safepoint: 8600 ns, Cleanup: 17300 ns, At safepoint: 2600 ns, Total: 28500 ns
[298.435s][info ][safepoint      ] Safepoint "Cleanup", Time since last: 1000135176 ns, Reaching safepoint: 8700 ns, Cleanup: 42601 ns, At safepoint: 2800 ns, Total: 54101 ns
[299.435s][info ][safepoint      ] Safepoint "Cleanup", Time since last: 1000132775 ns, Reaching safepoint: 8201 ns, Cleanup: 15400 ns, At safepoint: 2600 ns, Total: 26201 ns
[303.140s][info ][safepoint      ] Safepoint "Cleanup", Time since last: 3704387873 ns, Reaching safepoint: 10500 ns, Cleanup: 16000 ns, At safepoint: 2700 ns, Total: 29200 ns
[314.330s][info ][safepoint      ] Safepoint "Cleanup", Time since last: 11190800238 ns, Reaching safepoint: 3800 ns, Cleanup: 24401 ns, At safepoint: 4200 ns, Total: 32401 ns
[315.332s][info ][safepoint      ] Safepoint "Cleanup", Time since last: 1001587380 ns, Reaching safepoint: 13401 ns, Cleanup: 107602 ns, At safepoint: 4000 ns, Total: 125003 ns
[318.333s][info ][safepoint      ] Safepoint "Cleanup", Time since last: 3000316495 ns, Reaching safepoint: 10001 ns, Cleanup: 21500 ns, At safepoint: 3000 ns, Total: 34501 ns
[321.333s][info ][safepoint      ] Safepoint "Cleanup", Time since last: 3000338739 ns, Reaching safepoint: 10801 ns, Cleanup: 14400 ns, At safepoint: 2400 ns, Total: 27601 ns
[322.333s][info ][safepoint      ] Safepoint "Cleanup", Time since last: 1000143551 ns, Reaching safepoint: 8800 ns, Cleanup: 15101 ns, At safepoint: 2600 ns, Total: 26501 ns
[323.333s][info ][safepoint      ] Safepoint "Cleanup", Time since last: 1000153651 ns, Reaching safepoint: 10501 ns, Cleanup: 16600 ns, At safepoint: 2700 ns, Total: 29801 ns
[324.333s][info ][safepoint      ] Safepoint "Cleanup", Time since last: 1000145751 ns, Reaching safepoint: 8400 ns, Cleanup: 14901 ns, At safepoint: 2900 ns, Total: 26201 ns
[326.334s][info ][safepoint      ] Safepoint "Cleanup", Time since last: 2000215200 ns, Reaching safepoint: 8700 ns, Cleanup: 14600 ns, At safepoint: 2601 ns, Total: 25901 ns
[330.334s][info ][safepoint      ] Safepoint "Cleanup", Time since last: 4000379537 ns, Reaching safepoint: 12800 ns, Cleanup: 17400 ns, At safepoint: 3101 ns, Total: 33301 ns
[334.335s][info ][safepoint      ] Safepoint "Cleanup", Time since last: 4000403070 ns, Reaching safepoint: 11100 ns, Cleanup: 19801 ns, At safepoint: 3100 ns, Total: 34001 ns
[337.335s][info ][safepoint      ] Safepoint "Cleanup", Time since last: 3000348422 ns, Reaching safepoint: 10401 ns, Cleanup: 19000 ns, At safepoint: 52202 ns, Total: 81603 ns
[341.335s][info ][safepoint      ] Safepoint "Cleanup", Time since last: 4000359849 ns, Reaching safepoint: 8300 ns, Cleanup: 12401 ns, At safepoint: 2100 ns, Total: 22801 ns
[344.336s][info ][safepoint      ] Safepoint "Cleanup", Time since last: 3000276262 ns, Reaching safepoint: 6500 ns, Cleanup: 57802 ns, At safepoint: 2500 ns, Total: 66802 ns
[346.336s][info ][safepoint      ] Safepoint "Cleanup", Time since last: 2000204749 ns, Reaching safepoint: 8800 ns, Cleanup: 36601 ns, At safepoint: 2700 ns, Total: 48101 ns
[347.336s][info ][safepoint      ] Safepoint "Cleanup", Time since last: 1000140232 ns, Reaching safepoint: 8700 ns, Cleanup: 13600 ns, At safepoint: 2401 ns, Total: 24701 ns
[348.336s][info ][safepoint      ] Safepoint "Cleanup", Time since last: 1000144731 ns, Reaching safepoint: 8900 ns, Cleanup: 13801 ns, At safepoint: 2800 ns, Total: 25501 ns
[349.336s][info ][safepoint      ] Safepoint "Cleanup", Time since last: 1000147932 ns, Reaching safepoint: 8800 ns, Cleanup: 19400 ns, At safepoint: 2200 ns, Total: 30400 ns
[350.337s][info ][safepoint      ] Safepoint "Cleanup", Time since last: 1000139732 ns, Reaching safepoint: 11900 ns, Cleanup: 15601 ns, At safepoint: 3500 ns, Total: 31001 ns
[351.337s][info ][safepoint      ] Safepoint "Cleanup", Time since last: 1000145931 ns, Reaching safepoint: 8801 ns, Cleanup: 17200 ns, At safepoint: 2500 ns, Total: 28501 ns
[352.337s][info ][safepoint      ] Safepoint "Cleanup", Time since last: 1000131632 ns, Reaching safepoint: 9000 ns, Cleanup: 14600 ns, At safepoint: 2800 ns, Total: 26400 ns
[354.337s][info ][safepoint      ] Safepoint "Cleanup", Time since last: 2000237198 ns, Reaching safepoint: 8800 ns, Cleanup: 16601 ns, At safepoint: 2600 ns, Total: 28001 ns
[355.454s][info ][gc,start       ] GC(13) Pause Young (Allocation Failure)
[355.484s][debug][gc,phases      ] GC(13) Scavenge 30.754ms
[355.484s][debug][gc,ref         ] GC(13) ReferenceProcessor::execute queues: 1, RefProcThreadModel::Single, marks_oops_alive: false
[355.485s][debug][gc,ref         ] GC(13) Skipped KeepAliveFinalRefsPhase of Reference Processing: no references
[355.485s][debug][gc,ref         ] GC(13) ReferenceProcessor::execute queues: 1, RefProcThreadModel::Single, marks_oops_alive: false
[355.485s][debug][gc,phases      ] GC(13) Reference Processing 0.130ms
[355.485s][debug][gc,phases      ] GC(13)   VM Weak                        Min:  0.0, Avg:  0.0, Max:  0.0, Diff:  0.0, Sum:  0.0, Workers: 4
[355.485s][debug][gc,phases      ] GC(13)     Dead                           Min: 0, Avg:  0.0, Max: 0, Diff: 0, Sum: 0, Workers: 4
[355.485s][debug][gc,phases      ] GC(13)     Total                          Min: 0, Avg: 231.2, Max: 925, Diff: 925, Sum: 925, Workers: 4
[355.485s][debug][gc,phases      ] GC(13)   ObjectSynchronizer Weak        Min:  0.0, Avg:  0.0, Max:  0.0, Diff:  0.0, Sum:  0.0, Workers: 4
[355.485s][debug][gc,phases      ] GC(13)     Dead                           Min: 0, Avg:  0.0, Max: 0, Diff: 0, Sum: 0, Workers: 4
[355.485s][debug][gc,phases      ] GC(13)     Total                          Min: 0, Avg:  1.0, Max: 4, Diff: 4, Sum: 4, Workers: 4
[355.485s][debug][gc,phases      ] GC(13)   JVMTI Tag Weak OopStorage      Min:  0.0, Avg:  0.0, Max:  0.0, Diff:  0.0, Sum:  0.0, Workers: 4
[355.485s][debug][gc,phases      ] GC(13)     Dead                           Min: 0, Avg:  0.0, Max: 0, Diff: 0, Sum: 0, Workers: 4
[355.485s][debug][gc,phases      ] GC(13)     Total                          Min: 0, Avg:  0.0, Max: 0, Diff: 0, Sum: 0, Workers: 4
[355.485s][debug][gc,phases      ] GC(13)   StringTable Weak               Min:  0.0, Avg:  0.1, Max:  0.2, Diff:  0.2, Sum:  0.5, Workers: 4
[355.485s][debug][gc,phases      ] GC(13)     Dead                           Min: 0, Avg:  0.5, Max: 2, Diff: 2, Sum: 2, Workers: 4
[355.485s][debug][gc,phases      ] GC(13)     Total                          Min: 0, Avg: 11038.8, Max: 16315, Diff: 16315, Sum: 44155, Workers: 4
[355.485s][debug][gc,phases      ] GC(13)   ResolvedMethodTable Weak       Min:  0.0, Avg:  0.0, Max:  0.1, Diff:  0.1, Sum:  0.2, Workers: 4
[355.485s][debug][gc,phases      ] GC(13)     Dead                           Min: 0, Avg:  6.2, Max: 13, Diff: 13, Sum: 25, Workers: 4
[355.485s][debug][gc,phases      ] GC(13)     Total                          Min: 0, Avg: 3471.0, Max: 4939, Diff: 4939, Sum: 13884, Workers: 4
[355.485s][debug][gc,phases      ] GC(13)   JNI Weak                       Min:  0.0, Avg:  0.0, Max:  0.0, Diff:  0.0, Sum:  0.0, Workers: 4
[355.485s][debug][gc,phases      ] GC(13)     Dead                           Min: 0, Avg:  0.0, Max: 0, Diff: 0, Sum: 0, Workers: 4
[355.485s][debug][gc,phases      ] GC(13)     Total                          Min: 0, Avg: 13.0, Max: 52, Diff: 52, Sum: 52, Workers: 4
[355.485s][debug][gc,phases      ] GC(13)   StringDedup Table Weak         Min:  0.0, Avg:  0.0, Max:  0.0, Diff:  0.0, Sum:  0.0, Workers: 4
[355.485s][debug][gc,phases      ] GC(13)     Dead                           Min: 0, Avg:  0.0, Max: 0, Diff: 0, Sum: 0, Workers: 4
[355.485s][debug][gc,phases      ] GC(13)     Total                          Min: 0, Avg:  0.0, Max: 0, Diff: 0, Sum: 0, Workers: 4
[355.485s][debug][gc,phases      ] GC(13)   StringDedup Requests0 Weak     Min:  0.0, Avg:  0.0, Max:  0.0, Diff:  0.0, Sum:  0.0, Workers: 4
[355.485s][debug][gc,phases      ] GC(13)     Dead                           Min: 0, Avg:  0.0, Max: 0, Diff: 0, Sum: 0, Workers: 4
[355.485s][debug][gc,phases      ] GC(13)     Total                          Min: 0, Avg:  0.0, Max: 0, Diff: 0, Sum: 0, Workers: 4
[355.485s][debug][gc,phases      ] GC(13)   StringDedup Requests1 Weak     Min:  0.0, Avg:  0.0, Max:  0.0, Diff:  0.0, Sum:  0.0, Workers: 4
[355.485s][debug][gc,phases      ] GC(13)     Dead                           Min: 0, Avg:  0.0, Max: 0, Diff: 0, Sum: 0, Workers: 4
[355.485s][debug][gc,phases      ] GC(13)     Total                          Min: 0, Avg:  0.0, Max: 0, Diff: 0, Sum: 0, Workers: 4
[355.485s][debug][gc,phases      ] GC(13)   Weak JFR Old Object Samples    Min:  0.0, Avg:  0.0, Max:  0.0, Diff:  0.0, Sum:  0.0, Workers: 4
[355.485s][debug][gc,phases      ] GC(13)     Dead                           Min: 0, Avg:  0.0, Max: 0, Diff: 0, Sum: 0, Workers: 4
[355.485s][debug][gc,phases      ] GC(13)     Total                          Min: 0, Avg:  0.0, Max: 0, Diff: 0, Sum: 0, Workers: 4
[355.485s][debug][gc,phases      ] GC(13) Weak Processing 0.462ms
[355.485s][debug][gc,age         ] GC(13) Desired survivor size 257949696 bytes, new threshold 1 (max threshold 15)
[355.485s][info ][gc,heap        ] GC(13) PSYoungGen: 1641601K(1837568K)->12304K(1841664K) Eden: 1587200K(1587200K)->0K(1593344K) From: 54401K(250368K)->12304K(248320K)
[355.485s][info ][gc,heap        ] GC(13) ParOldGen: 194216K(194560K)->244274K(244736K)
[355.485s][info ][gc,metaspace   ] GC(13) Metaspace: 100372K(101696K)->100372K(101696K) NonClass: 85204K(85952K)->85204K(85952K) Class: 15168K(15744K)->15168K(15744K)
[355.485s][info ][gc             ] GC(13) Pause Young (Allocation Failure) 1792M->250M(2037M) 31.503ms
[355.485s][info ][gc,cpu         ] GC(13) User=0.05s Sys=0.04s Real=0.03s
[355.485s][info ][safepoint      ] Safepoint "ParallelGCFailedAllocation", Time since last: 1116218551 ns, Reaching safepoint: 82502 ns, Cleanup: 5500 ns, At safepoint: 31589579 ns, Total: 31677581 ns
[356.485s][info ][safepoint      ] Safepoint "Cleanup", Time since last: 1000119821 ns, Reaching safepoint: 10500 ns, Cleanup: 15201 ns, At safepoint: 3400 ns, Total: 29101 ns
[359.486s][info ][safepoint      ] Safepoint "Cleanup", Time since last: 3000343263 ns, Reaching safepoint: 9201 ns, Cleanup: 18000 ns, At safepoint: 2700 ns, Total: 29901 ns
[361.162s][info ][safepoint      ] Safepoint "Cleanup", Time since last: 1676462870 ns, Reaching safepoint: 8900 ns, Cleanup: 16501 ns, At safepoint: 2600 ns, Total: 28001 ns
[364.162s][info ][safepoint      ] Safepoint "Cleanup", Time since last: 3000289661 ns, Reaching safepoint: 12300 ns, Cleanup: 15001 ns, At safepoint: 4900 ns, Total: 32201 ns
[368.163s][info ][safepoint      ] Safepoint "Cleanup", Time since last: 4000380715 ns, Reaching safepoint: 9100 ns, Cleanup: 13300 ns, At safepoint: 3000 ns, Total: 25400 ns
[371.163s][info ][safepoint      ] Safepoint "Cleanup", Time since last: 3000281925 ns, Reaching safepoint: 9000 ns, Cleanup: 17401 ns, At safepoint: 2700 ns, Total: 29101 ns
[372.163s][info ][safepoint      ] Safepoint "Cleanup", Time since last: 1000135739 ns, Reaching safepoint: 9601 ns, Cleanup: 20800 ns, At safepoint: 2600 ns, Total: 33001 ns
[374.164s][info ][safepoint      ] Safepoint "Cleanup", Time since last: 2000213678 ns, Reaching safepoint: 9300 ns, Cleanup: 15700 ns, At safepoint: 3100 ns, Total: 28100 ns
[376.164s][info ][safepoint      ] Safepoint "Cleanup", Time since last: 2000209677 ns, Reaching safepoint: 7901 ns, Cleanup: 12900 ns, At safepoint: 2600 ns, Total: 23401 ns
[377.164s][info ][safepoint      ] Safepoint "Cleanup", Time since last: 1000292040 ns, Reaching safepoint: 9900 ns, Cleanup: 20401 ns, At safepoint: 3500 ns, Total: 33801 ns
[403.166s][info ][safepoint      ] Safepoint "Cleanup", Time since last: 26002258060 ns, Reaching safepoint: 7800 ns, Cleanup: 14800 ns, At safepoint: 2901 ns, Total: 25501 ns
[404.167s][info ][safepoint      ] Safepoint "Cleanup", Time since last: 1000151672 ns, Reaching safepoint: 7500 ns, Cleanup: 12800 ns, At safepoint: 2600 ns, Total: 22900 ns
[411.167s][info ][safepoint      ] Safepoint "Cleanup", Time since last: 7000576935 ns, Reaching safepoint: 7100 ns, Cleanup: 11600 ns, At safepoint: 2900 ns, Total: 21600 ns
[414.168s][info ][safepoint      ] Safepoint "Cleanup", Time since last: 3000302636 ns, Reaching safepoint: 7900 ns, Cleanup: 12400 ns, At safepoint: 2301 ns, Total: 22601 ns
[419.168s][info ][safepoint      ] Safepoint "Cleanup", Time since last: 5000463126 ns, Reaching safepoint: 8100 ns, Cleanup: 14000 ns, At safepoint: 2600 ns, Total: 24700 ns
[422.168s][info ][safepoint      ] Safepoint "Cleanup", Time since last: 3000302237 ns, Reaching safepoint: 7400 ns, Cleanup: 19901 ns, At safepoint: 2600 ns, Total: 29901 ns
[424.169s][info ][safepoint      ] Safepoint "Cleanup", Time since last: 2000196724 ns, Reaching safepoint: 8100 ns, Cleanup: 21301 ns, At safepoint: 2500 ns, Total: 31901 ns
[426.169s][info ][safepoint      ] Safepoint "Cleanup", Time since last: 2000250623 ns, Reaching safepoint: 9200 ns, Cleanup: 14801 ns, At safepoint: 3000 ns, Total: 27001 ns
[427.169s][info ][safepoint      ] Safepoint "Cleanup", Time since last: 1000161111 ns, Reaching safepoint: 9000 ns, Cleanup: 16000 ns, At safepoint: 2600 ns, Total: 27600 ns
[429.169s][info ][safepoint      ] Safepoint "Cleanup", Time since last: 2000211919 ns, Reaching safepoint: 6500 ns, Cleanup: 10301 ns, At safepoint: 2600 ns, Total: 19401 ns
[431.169s][info ][safepoint      ] Safepoint "Cleanup", Time since last: 2000216819 ns, Reaching safepoint: 8100 ns, Cleanup: 14100 ns, At safepoint: 2900 ns, Total: 25100 ns
[434.170s][info ][safepoint      ] Safepoint "Cleanup", Time since last: 3000343245 ns, Reaching safepoint: 7700 ns, Cleanup: 18601 ns, At safepoint: 2700 ns, Total: 29001 ns
[437.170s][info ][safepoint      ] Safepoint "Cleanup", Time since last: 3000341611 ns, Reaching safepoint: 9700 ns, Cleanup: 16900 ns, At safepoint: 2901 ns, Total: 29501 ns
[438.170s][info ][safepoint      ] Safepoint "Cleanup", Time since last: 1000160804 ns, Reaching safepoint: 9801 ns, Cleanup: 15900 ns, At safepoint: 3100 ns, Total: 28801 ns
[445.171s][info ][safepoint      ] Safepoint "Cleanup", Time since last: 7000728089 ns, Reaching safepoint: 8900 ns, Cleanup: 17501 ns, At safepoint: 2600 ns, Total: 29001 ns
[448.172s][info ][safepoint      ] Safepoint "Cleanup", Time since last: 3000317726 ns, Reaching safepoint: 11500 ns, Cleanup: 15401 ns, At safepoint: 3200 ns, Total: 30101 ns
[451.172s][info ][safepoint      ] Safepoint "Cleanup", Time since last: 3000345186 ns, Reaching safepoint: 8100 ns, Cleanup: 14400 ns, At safepoint: 2800 ns, Total: 25300 ns
[452.172s][info ][safepoint      ] Safepoint "Cleanup", Time since last: 1000186134 ns, Reaching safepoint: 10001 ns, Cleanup: 23500 ns, At safepoint: 2700 ns, Total: 36201 ns
[453.172s][info ][safepoint      ] Safepoint "Cleanup", Time since last: 1000134733 ns, Reaching safepoint: 49501 ns, Cleanup: 15600 ns, At safepoint: 3100 ns, Total: 68201 ns
[464.173s][info ][safepoint      ] Safepoint "Cleanup", Time since last: 11000960286 ns, Reaching safepoint: 7800 ns, Cleanup: 18901 ns, At safepoint: 2700 ns, Total: 29401 ns
[465.173s][info ][safepoint      ] Safepoint "Cleanup", Time since last: 1000129280 ns, Reaching safepoint: 7600 ns, Cleanup: 12800 ns, At safepoint: 3000 ns, Total: 23400 ns
[466.174s][info ][safepoint      ] Safepoint "Cleanup", Time since last: 1000127924 ns, Reaching safepoint: 7300 ns, Cleanup: 17400 ns, At safepoint: 2600 ns, Total: 27300 ns
[468.174s][info ][safepoint      ] Safepoint "Cleanup", Time since last: 2000217135 ns, Reaching safepoint: 8900 ns, Cleanup: 16101 ns, At safepoint: 2700 ns, Total: 27701 ns
[469.653s][info ][gc,start       ] GC(14) Pause Young (Allocation Failure)
[469.661s][debug][gc,phases      ] GC(14) Scavenge 8.588ms
[469.661s][debug][gc,ref         ] GC(14) ReferenceProcessor::execute queues: 1, RefProcThreadModel::Single, marks_oops_alive: false
[469.661s][debug][gc,ref         ] GC(14) Skipped KeepAliveFinalRefsPhase of Reference Processing: no references
[469.661s][debug][gc,ref         ] GC(14) ReferenceProcessor::execute queues: 1, RefProcThreadModel::Single, marks_oops_alive: false
[469.661s][debug][gc,phases      ] GC(14) Reference Processing 0.140ms
[469.662s][debug][gc,phases      ] GC(14)   VM Weak                        Min:  0.0, Avg:  0.0, Max:  0.0, Diff:  0.0, Sum:  0.0, Workers: 4
[469.662s][debug][gc,phases      ] GC(14)     Dead                           Min: 0, Avg:  0.0, Max: 0, Diff: 0, Sum: 0, Workers: 4
[469.662s][debug][gc,phases      ] GC(14)     Total                          Min: 0, Avg: 231.2, Max: 512, Diff: 512, Sum: 925, Workers: 4
[469.662s][debug][gc,phases      ] GC(14)   ObjectSynchronizer Weak        Min:  0.0, Avg:  0.0, Max:  0.0, Diff:  0.0, Sum:  0.0, Workers: 4
[469.662s][debug][gc,phases      ] GC(14)     Dead                           Min: 0, Avg:  0.0, Max: 0, Diff: 0, Sum: 0, Workers: 4
[469.662s][debug][gc,phases      ] GC(14)     Total                          Min: 0, Avg:  1.0, Max: 4, Diff: 4, Sum: 4, Workers: 4
[469.662s][debug][gc,phases      ] GC(14)   JVMTI Tag Weak OopStorage      Min:  0.0, Avg:  0.0, Max:  0.0, Diff:  0.0, Sum:  0.0, Workers: 4
[469.662s][debug][gc,phases      ] GC(14)     Dead                           Min: 0, Avg:  0.0, Max: 0, Diff: 0, Sum: 0, Workers: 4
[469.662s][debug][gc,phases      ] GC(14)     Total                          Min: 0, Avg:  0.0, Max: 0, Diff: 0, Sum: 0, Workers: 4
[469.662s][debug][gc,phases      ] GC(14)   StringTable Weak               Min:  0.0, Avg:  0.1, Max:  0.2, Diff:  0.2, Sum:  0.5, Workers: 4
[469.662s][debug][gc,phases      ] GC(14)     Dead                           Min: 0, Avg:  0.0, Max: 0, Diff: 0, Sum: 0, Workers: 4
[469.662s][debug][gc,phases      ] GC(14)     Total                          Min: 0, Avg: 11054.0, Max: 15744, Diff: 15744, Sum: 44216, Workers: 4
[469.662s][debug][gc,phases      ] GC(14)   ResolvedMethodTable Weak       Min:  0.0, Avg:  0.0, Max:  0.1, Diff:  0.1, Sum:  0.2, Workers: 4
[469.662s][debug][gc,phases      ] GC(14)     Dead                           Min: 0, Avg:  4.0, Max: 16, Diff: 16, Sum: 16, Workers: 4
[469.662s][debug][gc,phases      ] GC(14)     Total                          Min: 0, Avg: 3472.0, Max: 5188, Diff: 5188, Sum: 13888, Workers: 4
[469.662s][debug][gc,phases      ] GC(14)   JNI Weak                       Min:  0.0, Avg:  0.0, Max:  0.0, Diff:  0.0, Sum:  0.0, Workers: 4
[469.662s][debug][gc,phases      ] GC(14)     Dead                           Min: 0, Avg:  0.0, Max: 0, Diff: 0, Sum: 0, Workers: 4
[469.662s][debug][gc,phases      ] GC(14)     Total                          Min: 0, Avg: 13.0, Max: 52, Diff: 52, Sum: 52, Workers: 4
[469.662s][debug][gc,phases      ] GC(14)   StringDedup Table Weak         Min:  0.0, Avg:  0.0, Max:  0.0, Diff:  0.0, Sum:  0.0, Workers: 4
[469.662s][debug][gc,phases      ] GC(14)     Dead                           Min: 0, Avg:  0.0, Max: 0, Diff: 0, Sum: 0, Workers: 4
[469.662s][debug][gc,phases      ] GC(14)     Total                          Min: 0, Avg:  0.0, Max: 0, Diff: 0, Sum: 0, Workers: 4
[469.662s][debug][gc,phases      ] GC(14)   StringDedup Requests0 Weak     Min:  0.0, Avg:  0.0, Max:  0.0, Diff:  0.0, Sum:  0.0, Workers: 4
[469.662s][debug][gc,phases      ] GC(14)     Dead                           Min: 0, Avg:  0.0, Max: 0, Diff: 0, Sum: 0, Workers: 4
[469.662s][debug][gc,phases      ] GC(14)     Total                          Min: 0, Avg:  0.0, Max: 0, Diff: 0, Sum: 0, Workers: 4
[469.662s][debug][gc,phases      ] GC(14)   StringDedup Requests1 Weak     Min:  0.0, Avg:  0.0, Max:  0.0, Diff:  0.0, Sum:  0.0, Workers: 4
[469.662s][debug][gc,phases      ] GC(14)     Dead                           Min: 0, Avg:  0.0, Max: 0, Diff: 0, Sum: 0, Workers: 4
[469.662s][debug][gc,phases      ] GC(14)     Total                          Min: 0, Avg:  0.0, Max: 0, Diff: 0, Sum: 0, Workers: 4
[469.662s][debug][gc,phases      ] GC(14)   Weak JFR Old Object Samples    Min:  0.0, Avg:  0.0, Max:  0.0, Diff:  0.0, Sum:  0.0, Workers: 4
[469.662s][debug][gc,phases      ] GC(14)     Dead                           Min: 0, Avg:  0.0, Max: 0, Diff: 0, Sum: 0, Workers: 4
[469.662s][debug][gc,phases      ] GC(14)     Total                          Min: 0, Avg:  0.0, Max: 0, Diff: 0, Sum: 0, Workers: 4
[469.662s][debug][gc,phases      ] GC(14) Weak Processing 0.504ms
[469.662s][debug][gc,age         ] GC(14) Desired survivor size 260571136 bytes, new threshold 1 (max threshold 15)
[469.662s][info ][gc,heap        ] GC(14) PSYoungGen: 1605648K(1841664K)->1456K(1594880K) Eden: 1593344K(1593344K)->0K(1593344K) From: 12304K(248320K)->1456K(1536K)
[469.662s][info ][gc,heap        ] GC(14) ParOldGen: 244274K(244736K)->255479K(255488K)
[469.662s][info ][gc,metaspace   ] GC(14) Metaspace: 100441K(101696K)->100441K(101696K) NonClass: 85272K(85952K)->85272K(85952K) Class: 15169K(15744K)->15169K(15744K)
[469.662s][info ][gc             ] GC(14) Pause Young (Allocation Failure) 1806M->250M(1807M) 9.413ms
[469.662s][info ][gc,cpu         ] GC(14) User=0.02s Sys=0.01s Real=0.00s
[469.662s][info ][safepoint      ] Safepoint "ParallelGCFailedAllocation", Time since last: 1478683224 ns, Reaching safepoint: 6400 ns, Cleanup: 4301 ns, At safepoint: 9495666 ns, Total: 9506367 ns
[470.662s][info ][safepoint      ] Safepoint "Cleanup", Time since last: 1000093316 ns, Reaching safepoint: 7201 ns, Cleanup: 12600 ns, At safepoint: 2400 ns, Total: 22201 ns
[472.662s][info ][safepoint      ] Safepoint "Cleanup", Time since last: 2000204034 ns, Reaching safepoint: 8201 ns, Cleanup: 13400 ns, At safepoint: 2800 ns, Total: 24401 ns
[484.203s][info ][safepoint      ] Safepoint "Cleanup", Time since last: 11540675038 ns, Reaching safepoint: 83103 ns, Cleanup: 10400 ns, At safepoint: 8900 ns, Total: 102403 ns
[485.346s][info ][safepoint      ] Safepoint "Cleanup", Time since last: 1143152655 ns, Reaching safepoint: 3700 ns, Cleanup: 8100 ns, At safepoint: 1800 ns, Total: 13600 ns
[486.346s][info ][safepoint      ] Safepoint "Cleanup", Time since last: 1000114882 ns, Reaching safepoint: 6600 ns, Cleanup: 17100 ns, At safepoint: 2201 ns, Total: 25901 ns
[492.347s][info ][safepoint      ] Safepoint "Cleanup", Time since last: 6000516893 ns, Reaching safepoint: 8000 ns, Cleanup: 22601 ns, At safepoint: 2600 ns, Total: 33201 ns
[493.347s][info ][safepoint      ] Safepoint "Cleanup", Time since last: 1000123925 ns, Reaching safepoint: 6700 ns, Cleanup: 13200 ns, At safepoint: 2800 ns, Total: 22700 ns
[494.347s][info ][safepoint      ] Safepoint "Cleanup", Time since last: 1000149126 ns, Reaching safepoint: 8100 ns, Cleanup: 33501 ns, At safepoint: 2800 ns, Total: 44401 ns
[496.348s][info ][safepoint      ] Safepoint "Cleanup", Time since last: 2000223249 ns, Reaching safepoint: 6700 ns, Cleanup: 11900 ns, At safepoint: 2401 ns, Total: 21001 ns
[498.348s][info ][safepoint      ] Safepoint "Cleanup", Time since last: 2000247514 ns, Reaching safepoint: 8900 ns, Cleanup: 17401 ns, At safepoint: 3100 ns, Total: 29401 ns
[499.348s][info ][safepoint      ] Safepoint "Cleanup", Time since last: 1000131313 ns, Reaching safepoint: 7700 ns, Cleanup: 12101 ns, At safepoint: 2600 ns, Total: 22401 ns
[501.348s][info ][safepoint      ] Safepoint "Cleanup", Time since last: 2000204225 ns, Reaching safepoint: 6300 ns, Cleanup: 30101 ns, At safepoint: 2400 ns, Total: 38801 ns
[502.348s][info ][safepoint      ] Safepoint "Cleanup", Time since last: 1000149014 ns, Reaching safepoint: 9600 ns, Cleanup: 24701 ns, At safepoint: 2700 ns, Total: 37001 ns
[504.349s][info ][safepoint      ] Safepoint "Cleanup", Time since last: 2000202825 ns, Reaching safepoint: 8900 ns, Cleanup: 13301 ns, At safepoint: 2500 ns, Total: 24701 ns
[509.349s][info ][safepoint      ] Safepoint "Cleanup", Time since last: 5000423765 ns, Reaching safepoint: 6401 ns, Cleanup: 14800 ns, At safepoint: 2400 ns, Total: 23601 ns
[515.350s][info ][safepoint      ] Safepoint "Cleanup", Time since last: 6000607842 ns, Reaching safepoint: 8301 ns, Cleanup: 16500 ns, At safepoint: 2400 ns, Total: 27201 ns
[517.350s][info ][safepoint      ] Safepoint "Cleanup", Time since last: 2000226811 ns, Reaching safepoint: 9200 ns, Cleanup: 24500 ns, At safepoint: 2900 ns, Total: 36600 ns
[523.351s][info ][safepoint      ] Safepoint "Cleanup", Time since last: 6000650838 ns, Reaching safepoint: 5900 ns, Cleanup: 10100 ns, At safepoint: 2300 ns, Total: 18300 ns
[524.351s][info ][safepoint      ] Safepoint "Cleanup", Time since last: 1000124150 ns, Reaching safepoint: 7800 ns, Cleanup: 16301 ns, At safepoint: 28201 ns, Total: 52302 ns
[526.351s][info ][safepoint      ] Safepoint "Cleanup", Time since last: 2000192198 ns, Reaching safepoint: 81002 ns, Cleanup: 16800 ns, At safepoint: 7400 ns, Total: 105202 ns
[527.351s][info ][safepoint      ] Safepoint "Cleanup", Time since last: 1000126650 ns, Reaching safepoint: 81003 ns, Cleanup: 9100 ns, At safepoint: 6300 ns, Total: 96403 ns
[530.352s][info ][safepoint      ] Safepoint "Cleanup", Time since last: 3000278321 ns, Reaching safepoint: 80302 ns, Cleanup: 10500 ns, At safepoint: 7100 ns, Total: 97902 ns
[532.352s][info ][safepoint      ] Safepoint "Cleanup", Time since last: 2000200851 ns, Reaching safepoint: 87803 ns, Cleanup: 16500 ns, At safepoint: 6000 ns, Total: 110303 ns
[533.352s][info ][safepoint      ] Safepoint "Cleanup", Time since last: 1000129026 ns, Reaching safepoint: 84703 ns, Cleanup: 11100 ns, At safepoint: 6600 ns, Total: 102403 ns
[534.353s][info ][safepoint      ] Safepoint "Cleanup", Time since last: 1000138027 ns, Reaching safepoint: 83402 ns, Cleanup: 13600 ns, At safepoint: 7700 ns, Total: 104702 ns
[535.353s][info ][safepoint      ] Safepoint "Cleanup", Time since last: 1000133227 ns, Reaching safepoint: 83502 ns, Cleanup: 39301 ns, At safepoint: 7400 ns, Total: 130203 ns
[537.353s][info ][safepoint      ] Safepoint "Cleanup", Time since last: 2000235151 ns, Reaching safepoint: 83502 ns, Cleanup: 13500 ns, At safepoint: 8901 ns, Total: 105903 ns
[539.354s][info ][safepoint      ] Safepoint "Cleanup", Time since last: 2000216611 ns, Reaching safepoint: 81102 ns, Cleanup: 21301 ns, At safepoint: 6500 ns, Total: 108903 ns
[541.224s][info ][safepoint      ] Safepoint "Cleanup", Time since last: 1870063770 ns, Reaching safepoint: 9401 ns, Cleanup: 18000 ns, At safepoint: 2700 ns, Total: 30101 ns
[542.224s][info ][safepoint      ] Safepoint "Cleanup", Time since last: 1000153307 ns, Reaching safepoint: 9000 ns, Cleanup: 25101 ns, At safepoint: 3000 ns, Total: 37101 ns
[543.224s][info ][safepoint      ] Safepoint "Cleanup", Time since last: 1000162107 ns, Reaching safepoint: 9600 ns, Cleanup: 21601 ns, At safepoint: 3000 ns, Total: 34201 ns
[544.224s][info ][safepoint      ] Safepoint "Cleanup", Time since last: 1000137206 ns, Reaching safepoint: 8100 ns, Cleanup: 34001 ns, At safepoint: 2800 ns, Total: 44901 ns
[546.225s][info ][safepoint      ] Safepoint "Cleanup", Time since last: 2000366191 ns, Reaching safepoint: 9600 ns, Cleanup: 21501 ns, At safepoint: 2800 ns, Total: 33901 ns
[547.225s][info ][safepoint      ] Safepoint "Cleanup", Time since last: 1000196126 ns, Reaching safepoint: 19701 ns, Cleanup: 55601 ns, At safepoint: 15800 ns, Total: 91102 ns
[548.225s][info ][safepoint      ] Safepoint "Cleanup", Time since last: 1000237128 ns, Reaching safepoint: 9000 ns, Cleanup: 18401 ns, At safepoint: 2800 ns, Total: 30201 ns
[549.225s][info ][safepoint      ] Safepoint "Cleanup", Time since last: 1000144325 ns, Reaching safepoint: 9600 ns, Cleanup: 15100 ns, At safepoint: 2900 ns, Total: 27600 ns
[550.225s][info ][safepoint      ] Safepoint "Cleanup", Time since last: 1000147025 ns, Reaching safepoint: 8901 ns, Cleanup: 27900 ns, At safepoint: 3001 ns, Total: 39802 ns
[556.226s][info ][safepoint      ] Safepoint "Cleanup", Time since last: 6000708060 ns, Reaching safepoint: 8700 ns, Cleanup: 14500 ns, At safepoint: 31201 ns, Total: 54401 ns
[558.227s][info ][safepoint      ] Safepoint "Cleanup", Time since last: 2000245107 ns, Reaching safepoint: 9300 ns, Cleanup: 20501 ns, At safepoint: 3000 ns, Total: 32801 ns
[571.228s][info ][safepoint      ] Safepoint "Cleanup", Time since last: 13001411787 ns, Reaching safepoint: 8200 ns, Cleanup: 15901 ns, At safepoint: 2800 ns, Total: 26901 ns
[574.228s][info ][safepoint      ] Safepoint "Cleanup", Time since last: 3000321510 ns, Reaching safepoint: 7000 ns, Cleanup: 13500 ns, At safepoint: 2100 ns, Total: 22600 ns
[575.228s][info ][safepoint      ] Safepoint "Cleanup", Time since last: 1000125637 ns, Reaching safepoint: 7401 ns, Cleanup: 11000 ns, At safepoint: 2400 ns, Total: 20801 ns
[576.686s][info ][gc,start       ] GC(15) Pause Young (Allocation Failure)
[576.690s][debug][gc,phases      ] GC(15) Scavenge 3.818ms
[576.690s][debug][gc,ref         ] GC(15) ReferenceProcessor::execute queues: 1, RefProcThreadModel::Single, marks_oops_alive: false
[576.690s][debug][gc,ref         ] GC(15) Skipped KeepAliveFinalRefsPhase of Reference Processing: no references
[576.690s][debug][gc,ref         ] GC(15) ReferenceProcessor::execute queues: 1, RefProcThreadModel::Single, marks_oops_alive: false
[576.690s][debug][gc,phases      ] GC(15) Reference Processing 0.121ms
[576.691s][debug][gc,phases      ] GC(15)   VM Weak                        Min:  0.0, Avg:  0.0, Max:  0.0, Diff:  0.0, Sum:  0.0, Workers: 4
[576.691s][debug][gc,phases      ] GC(15)     Dead                           Min: 0, Avg:  0.0, Max: 0, Diff: 0, Sum: 0, Workers: 4
[576.691s][debug][gc,phases      ] GC(15)     Total                          Min: 0, Avg: 231.5, Max: 542, Diff: 542, Sum: 926, Workers: 4
[576.691s][debug][gc,phases      ] GC(15)   ObjectSynchronizer Weak        Min:  0.0, Avg:  0.0, Max:  0.0, Diff:  0.0, Sum:  0.0, Workers: 4
[576.691s][debug][gc,phases      ] GC(15)     Dead                           Min: 0, Avg:  0.0, Max: 0, Diff: 0, Sum: 0, Workers: 4
[576.691s][debug][gc,phases      ] GC(15)     Total                          Min: 0, Avg:  1.0, Max: 4, Diff: 4, Sum: 4, Workers: 4
[576.691s][debug][gc,phases      ] GC(15)   JVMTI Tag Weak OopStorage      Min:  0.0, Avg:  0.0, Max:  0.0, Diff:  0.0, Sum:  0.0, Workers: 4
[576.691s][debug][gc,phases      ] GC(15)     Dead                           Min: 0, Avg:  0.0, Max: 0, Diff: 0, Sum: 0, Workers: 4
[576.691s][debug][gc,phases      ] GC(15)     Total                          Min: 0, Avg:  0.0, Max: 0, Diff: 0, Sum: 0, Workers: 4
[576.691s][debug][gc,phases      ] GC(15)   StringTable Weak               Min:  0.0, Avg:  0.1, Max:  0.1, Diff:  0.1, Sum:  0.4, Workers: 4
[576.691s][debug][gc,phases      ] GC(15)     Dead                           Min: 0, Avg:  1.0, Max: 3, Diff: 3, Sum: 4, Workers: 4
[576.691s][debug][gc,phases      ] GC(15)     Total                          Min: 0, Avg: 11071.8, Max: 15936, Diff: 15936, Sum: 44287, Workers: 4
[576.691s][debug][gc,phases      ] GC(15)   ResolvedMethodTable Weak       Min:  0.0, Avg:  0.0, Max:  0.1, Diff:  0.1, Sum:  0.2, Workers: 4
[576.691s][debug][gc,phases      ] GC(15)     Dead                           Min: 0, Avg:  5.0, Max: 16, Diff: 16, Sum: 20, Workers: 4
[576.691s][debug][gc,phases      ] GC(15)     Total                          Min: 0, Avg: 3483.0, Max: 5123, Diff: 5123, Sum: 13932, Workers: 4
[576.691s][debug][gc,phases      ] GC(15)   JNI Weak                       Min:  0.0, Avg:  0.0, Max:  0.0, Diff:  0.0, Sum:  0.0, Workers: 4
[576.691s][debug][gc,phases      ] GC(15)     Dead                           Min: 0, Avg:  0.0, Max: 0, Diff: 0, Sum: 0, Workers: 4
[576.691s][debug][gc,phases      ] GC(15)     Total                          Min: 0, Avg: 13.0, Max: 52, Diff: 52, Sum: 52, Workers: 4
[576.691s][debug][gc,phases      ] GC(15)   StringDedup Table Weak         Min:  0.0, Avg:  0.0, Max:  0.0, Diff:  0.0, Sum:  0.0, Workers: 4
[576.691s][debug][gc,phases      ] GC(15)     Dead                           Min: 0, Avg:  0.0, Max: 0, Diff: 0, Sum: 0, Workers: 4
[576.691s][debug][gc,phases      ] GC(15)     Total                          Min: 0, Avg:  0.0, Max: 0, Diff: 0, Sum: 0, Workers: 4
[576.691s][debug][gc,phases      ] GC(15)   StringDedup Requests0 Weak     Min:  0.0, Avg:  0.0, Max:  0.0, Diff:  0.0, Sum:  0.0, Workers: 4
[576.691s][debug][gc,phases      ] GC(15)     Dead                           Min: 0, Avg:  0.0, Max: 0, Diff: 0, Sum: 0, Workers: 4
[576.691s][debug][gc,phases      ] GC(15)     Total                          Min: 0, Avg:  0.0, Max: 0, Diff: 0, Sum: 0, Workers: 4
[576.691s][debug][gc,phases      ] GC(15)   StringDedup Requests1 Weak     Min:  0.0, Avg:  0.0, Max:  0.0, Diff:  0.0, Sum:  0.0, Workers: 4
[576.691s][debug][gc,phases      ] GC(15)     Dead                           Min: 0, Avg:  0.0, Max: 0, Diff: 0, Sum: 0, Workers: 4
[576.691s][debug][gc,phases      ] GC(15)     Total                          Min: 0, Avg:  0.0, Max: 0, Diff: 0, Sum: 0, Workers: 4
[576.691s][debug][gc,phases      ] GC(15)   Weak JFR Old Object Samples    Min:  0.0, Avg:  0.0, Max:  0.0, Diff:  0.0, Sum:  0.0, Workers: 4
[576.691s][debug][gc,phases      ] GC(15)     Dead                           Min: 0, Avg:  0.0, Max: 0, Diff: 0, Sum: 0, Workers: 4
[576.691s][debug][gc,phases      ] GC(15)     Total                          Min: 0, Avg:  0.0, Max: 0, Diff: 0, Sum: 0, Workers: 4
[576.691s][debug][gc,phases      ] GC(15) Weak Processing 0.448ms
[576.691s][debug][gc,age         ] GC(15) Desired survivor size 259522560 bytes, new threshold 1 (max threshold 15)
[576.691s][info ][gc,heap        ] GC(15) PSYoungGen: 1594800K(1594880K)->3888K(1843712K) Eden: 1593344K(1593344K)->0K(1589248K) From: 1456K(1536K)->3888K(254464K)
[576.691s][info ][gc,heap        ] GC(15) ParOldGen: 255479K(255488K)->255631K(256000K)
[576.691s][info ][gc,metaspace   ] GC(15) Metaspace: 100743K(101952K)->100743K(101952K) NonClass: 85540K(86208K)->85540K(86208K) Class: 15202K(15744K)->15202K(15744K)
[576.691s][info ][gc             ] GC(15) Pause Young (Allocation Failure) 1806M->253M(2050M) 4.529ms
[576.691s][info ][gc,cpu         ] GC(15) User=0.01s Sys=0.00s Real=0.00s
[576.691s][info ][safepoint      ] Safepoint "ParallelGCFailedAllocation", Time since last: 1457644980 ns, Reaching safepoint: 89702 ns, Cleanup: 3600 ns, At safepoint: 4605128 ns, Total: 4698430 ns
[577.879s][info ][safepoint      ] Safepoint "Cleanup", Time since last: 1188460366 ns, Reaching safepoint: 9201 ns, Cleanup: 122003 ns, At safepoint: 2800 ns, Total: 134004 ns
[578.880s][info ][safepoint      ] Safepoint "Cleanup", Time since last: 1000150337 ns, Reaching safepoint: 8301 ns, Cleanup: 12900 ns, At safepoint: 2500 ns, Total: 23701 ns
[581.880s][info ][safepoint      ] Safepoint "Cleanup", Time since last: 3000263707 ns, Reaching safepoint: 10001 ns, Cleanup: 22400 ns, At safepoint: 2900 ns, Total: 35301 ns
[584.880s][info ][safepoint      ] Safepoint "Cleanup", Time since last: 3000242107 ns, Reaching safepoint: 7700 ns, Cleanup: 13000 ns, At safepoint: 2401 ns, Total: 23101 ns
[586.880s][info ][safepoint      ] Safepoint "Cleanup", Time since last: 2000175158 ns, Reaching safepoint: 8600 ns, Cleanup: 10300 ns, At safepoint: 2300 ns, Total: 21200 ns
[587.880s][info ][safepoint      ] Safepoint "Cleanup", Time since last: 1000129216 ns, Reaching safepoint: 8501 ns, Cleanup: 13700 ns, At safepoint: 2400 ns, Total: 24601 ns
[589.881s][info ][safepoint      ] Safepoint "Cleanup", Time since last: 2000201631 ns, Reaching safepoint: 8000 ns, Cleanup: 17400 ns, At safepoint: 2600 ns, Total: 28000 ns
[591.881s][info ][safepoint      ] Safepoint "Cleanup", Time since last: 2000208631 ns, Reaching safepoint: 10100 ns, Cleanup: 14201 ns, At safepoint: 2800 ns, Total: 27101 ns
[594.881s][info ][safepoint      ] Safepoint "Cleanup", Time since last: 3000279120 ns, Reaching safepoint: 8300 ns, Cleanup: 12200 ns, At safepoint: 2200 ns, Total: 22700 ns
[595.881s][info ][safepoint      ] Safepoint "Cleanup", Time since last: 1000124379 ns, Reaching safepoint: 8800 ns, Cleanup: 25301 ns, At safepoint: 2700 ns, Total: 36801 ns
[597.882s][info ][safepoint      ] Safepoint "Cleanup", Time since last: 2000192655 ns, Reaching safepoint: 8900 ns, Cleanup: 12701 ns, At safepoint: 2700 ns, Total: 24301 ns
[598.882s][info ][safepoint      ] Safepoint "Cleanup", Time since last: 1000149179 ns, Reaching safepoint: 9300 ns, Cleanup: 24901 ns, At safepoint: 2500 ns, Total: 36701 ns
[599.882s][info ][safepoint      ] Safepoint "Cleanup", Time since last: 1000128778 ns, Reaching safepoint: 9400 ns, Cleanup: 14501 ns, At safepoint: 2400 ns, Total: 26301 ns
[601.244s][info ][safepoint      ] Safepoint "Cleanup", Time since last: 1362269622 ns, Reaching safepoint: 7300 ns, Cleanup: 39501 ns, At safepoint: 26601 ns, Total: 73402 ns
[602.244s][info ][safepoint      ] Safepoint "Cleanup", Time since last: 1000106010 ns, Reaching safepoint: 7100 ns, Cleanup: 13801 ns, At safepoint: 2500 ns, Total: 23401 ns
[604.245s][info ][safepoint      ] Safepoint "Cleanup", Time since last: 2000185832 ns, Reaching safepoint: 8900 ns, Cleanup: 18601 ns, At safepoint: 2300 ns, Total: 29801 ns
[605.245s][info ][safepoint      ] Safepoint "Cleanup", Time since last: 1000120766 ns, Reaching safepoint: 10001 ns, Cleanup: 25600 ns, At safepoint: 2301 ns, Total: 37902 ns
[606.764s][info ][safepoint      ] Safepoint "Cleanup", Time since last: 1519600868 ns, Reaching safepoint: 8200 ns, Cleanup: 12701 ns, At safepoint: 2600 ns, Total: 23501 ns
[607.765s][info ][safepoint      ] Safepoint "Cleanup", Time since last: 1000139467 ns, Reaching safepoint: 9600 ns, Cleanup: 25001 ns, At safepoint: 2500 ns, Total: 37101 ns
[608.765s][info ][safepoint      ] Safepoint "Cleanup", Time since last: 1000137767 ns, Reaching safepoint: 10701 ns, Cleanup: 18800 ns, At safepoint: 2800 ns, Total: 32301 ns
[610.765s][info ][safepoint      ] Safepoint "Cleanup", Time since last: 2000197570 ns, Reaching safepoint: 8400 ns, Cleanup: 12000 ns, At safepoint: 3000 ns, Total: 23400 ns
[613.765s][info ][safepoint      ] Safepoint "Cleanup", Time since last: 3000292938 ns, Reaching safepoint: 12201 ns, Cleanup: 22100 ns, At safepoint: 3000 ns, Total: 37301 ns
[614.766s][info ][safepoint      ] Safepoint "Cleanup", Time since last: 1000337720 ns, Reaching safepoint: 13600 ns, Cleanup: 92203 ns, At safepoint: 3300 ns, Total: 109103 ns
[616.766s][info ][safepoint      ] Safepoint "Cleanup", Time since last: 2000250227 ns, Reaching safepoint: 8700 ns, Cleanup: 17101 ns, At safepoint: 2600 ns, Total: 28401 ns
[617.766s][info ][safepoint      ] Safepoint "Cleanup", Time since last: 1000144497 ns, Reaching safepoint: 13100 ns, Cleanup: 18201 ns, At safepoint: 3100 ns, Total: 34401 ns
[619.767s][info ][safepoint      ] Safepoint "Cleanup", Time since last: 2000240102 ns, Reaching safepoint: 10201 ns, Cleanup: 28501 ns, At safepoint: 2700 ns, Total: 41402 ns
[620.767s][info ][safepoint      ] Safepoint "Cleanup", Time since last: 1000129402 ns, Reaching safepoint: 9600 ns, Cleanup: 16601 ns, At safepoint: 2600 ns, Total: 28801 ns
[623.767s][info ][safepoint      ] Safepoint "Cleanup", Time since last: 3000273099 ns, Reaching safepoint: 9501 ns, Cleanup: 13100 ns, At safepoint: 2700 ns, Total: 25301 ns
[627.767s][info ][safepoint      ] Safepoint "Cleanup", Time since last: 4000338873 ns, Reaching safepoint: 8101 ns, Cleanup: 37703 ns, At safepoint: 2600 ns, Total: 48404 ns
[628.768s][info ][safepoint      ] Safepoint "Cleanup", Time since last: 1000122952 ns, Reaching safepoint: 10201 ns, Cleanup: 43001 ns, At safepoint: 3000 ns, Total: 56202 ns
[629.768s][info ][safepoint      ] Safepoint "Cleanup", Time since last: 1000138522 ns, Reaching safepoint: 11300 ns, Cleanup: 67103 ns, At safepoint: 3100 ns, Total: 81503 ns
[630.768s][info ][safepoint      ] Safepoint "Cleanup", Time since last: 1000164323 ns, Reaching safepoint: 11400 ns, Cleanup: 22201 ns, At safepoint: 2600 ns, Total: 36201 ns
[632.768s][info ][safepoint      ] Safepoint "Cleanup", Time since last: 2000239243 ns, Reaching safepoint: 9600 ns, Cleanup: 13601 ns, At safepoint: 2500 ns, Total: 25701 ns
[634.769s][info ][safepoint      ] Safepoint "Cleanup", Time since last: 2000310568 ns, Reaching safepoint: 12401 ns, Cleanup: 15301 ns, At safepoint: 3000 ns, Total: 30702 ns
[635.769s][info ][safepoint      ] Safepoint "Cleanup", Time since last: 1000166875 ns, Reaching safepoint: 11401 ns, Cleanup: 17201 ns, At safepoint: 2900 ns, Total: 31502 ns
[636.769s][info ][safepoint      ] Safepoint "Cleanup", Time since last: 1000149543 ns, Reaching safepoint: 10901 ns, Cleanup: 14400 ns, At safepoint: 2900 ns, Total: 28201 ns
[637.769s][info ][safepoint      ] Safepoint "Cleanup", Time since last: 1000124314 ns, Reaching safepoint: 8101 ns, Cleanup: 35701 ns, At safepoint: 2800 ns, Total: 46602 ns
[638.769s][info ][safepoint      ] Safepoint "Cleanup", Time since last: 1000163516 ns, Reaching safepoint: 12200 ns, Cleanup: 28201 ns, At safepoint: 3100 ns, Total: 43501 ns
[639.769s][info ][safepoint      ] Safepoint "Cleanup", Time since last: 1000131614 ns, Reaching safepoint: 9701 ns, Cleanup: 17300 ns, At safepoint: 2801 ns, Total: 29802 ns
[640.770s][info ][safepoint      ] Safepoint "Cleanup", Time since last: 1000123314 ns, Reaching safepoint: 8800 ns, Cleanup: 13300 ns, At safepoint: 2500 ns, Total: 24600 ns
[641.770s][info ][safepoint      ] Safepoint "Cleanup", Time since last: 1000144569 ns, Reaching safepoint: 10700 ns, Cleanup: 29401 ns, At safepoint: 2901 ns, Total: 43002 ns
[642.770s][info ][safepoint      ] Safepoint "Cleanup", Time since last: 1000132739 ns, Reaching safepoint: 9600 ns, Cleanup: 13901 ns, At safepoint: 3200 ns, Total: 26701 ns
[643.770s][info ][safepoint      ] Safepoint "Cleanup", Time since last: 1000125839 ns, Reaching safepoint: 9101 ns, Cleanup: 11900 ns, At safepoint: 2500 ns, Total: 23501 ns
[644.770s][info ][safepoint      ] Safepoint "Cleanup", Time since last: 1000110739 ns, Reaching safepoint: 8300 ns, Cleanup: 14601 ns, At safepoint: 2500 ns, Total: 25401 ns
[645.770s][info ][safepoint      ] Safepoint "Cleanup", Time since last: 1000124139 ns, Reaching safepoint: 7300 ns, Cleanup: 12201 ns, At safepoint: 2400 ns, Total: 21901 ns
[647.771s][info ][safepoint      ] Safepoint "Cleanup", Time since last: 2000192764 ns, Reaching safepoint: 8000 ns, Cleanup: 12401 ns, At safepoint: 2300 ns, Total: 22701 ns
[650.961s][info ][gc,start       ] GC(16) Pause Young (Allocation Failure)
[650.970s][debug][gc,phases      ] GC(16) Scavenge 8.784ms
[650.970s][debug][gc,ref         ] GC(16) ReferenceProcessor::execute queues: 1, RefProcThreadModel::Single, marks_oops_alive: false
[650.970s][debug][gc,ref         ] GC(16) Skipped KeepAliveFinalRefsPhase of Reference Processing: no references
[650.970s][debug][gc,ref         ] GC(16) ReferenceProcessor::execute queues: 1, RefProcThreadModel::Single, marks_oops_alive: false
[650.970s][debug][gc,phases      ] GC(16) Reference Processing 0.125ms
[650.971s][debug][gc,phases      ] GC(16)   VM Weak                        Min:  0.0, Avg:  0.0, Max:  0.0, Diff:  0.0, Sum:  0.0, Workers: 4
[650.971s][debug][gc,phases      ] GC(16)     Dead                           Min: 0, Avg:  0.0, Max: 0, Diff: 0, Sum: 0, Workers: 4
[650.971s][debug][gc,phases      ] GC(16)     Total                          Min: 0, Avg: 233.5, Max: 806, Diff: 806, Sum: 934, Workers: 4
[650.971s][debug][gc,phases      ] GC(16)   ObjectSynchronizer Weak        Min:  0.0, Avg:  0.0, Max:  0.0, Diff:  0.0, Sum:  0.0, Workers: 4
[650.971s][debug][gc,phases      ] GC(16)     Dead                           Min: 0, Avg:  0.0, Max: 0, Diff: 0, Sum: 0, Workers: 4
[650.971s][debug][gc,phases      ] GC(16)     Total                          Min: 0, Avg:  1.0, Max: 4, Diff: 4, Sum: 4, Workers: 4
[650.971s][debug][gc,phases      ] GC(16)   JVMTI Tag Weak OopStorage      Min:  0.0, Avg:  0.0, Max:  0.0, Diff:  0.0, Sum:  0.0, Workers: 4
[650.971s][debug][gc,phases      ] GC(16)     Dead                           Min: 0, Avg:  0.0, Max: 0, Diff: 0, Sum: 0, Workers: 4
[650.971s][debug][gc,phases      ] GC(16)     Total                          Min: 0, Avg:  0.0, Max: 0, Diff: 0, Sum: 0, Workers: 4
[650.971s][debug][gc,phases      ] GC(16)   StringTable Weak               Min:  0.0, Avg:  0.1, Max:  0.2, Diff:  0.2, Sum:  0.5, Workers: 4
[650.971s][debug][gc,phases      ] GC(16)     Dead                           Min: 0, Avg:  0.5, Max: 2, Diff: 2, Sum: 2, Workers: 4
[650.971s][debug][gc,phases      ] GC(16)     Total                          Min: 0, Avg: 11350.5, Max: 16026, Diff: 16026, Sum: 45402, Workers: 4
[650.971s][debug][gc,phases      ] GC(16)   ResolvedMethodTable Weak       Min:  0.0, Avg:  0.0, Max:  0.1, Diff:  0.1, Sum:  0.2, Workers: 4
[650.971s][debug][gc,phases      ] GC(16)     Dead                           Min: 0, Avg: 19.0, Max: 36, Diff: 36, Sum: 76, Workers: 4
[650.971s][debug][gc,phases      ] GC(16)     Total                          Min: 0, Avg: 3513.2, Max: 5015, Diff: 5015, Sum: 14053, Workers: 4
[650.971s][debug][gc,phases      ] GC(16)   JNI Weak                       Min:  0.0, Avg:  0.0, Max:  0.0, Diff:  0.0, Sum:  0.0, Workers: 4
[650.971s][debug][gc,phases      ] GC(16)     Dead                           Min: 0, Avg:  0.0, Max: 0, Diff: 0, Sum: 0, Workers: 4
[650.971s][debug][gc,phases      ] GC(16)     Total                          Min: 0, Avg: 13.0, Max: 52, Diff: 52, Sum: 52, Workers: 4
[650.971s][debug][gc,phases      ] GC(16)   StringDedup Table Weak         Min:  0.0, Avg:  0.0, Max:  0.0, Diff:  0.0, Sum:  0.0, Workers: 4
[650.971s][debug][gc,phases      ] GC(16)     Dead                           Min: 0, Avg:  0.0, Max: 0, Diff: 0, Sum: 0, Workers: 4
[650.971s][debug][gc,phases      ] GC(16)     Total                          Min: 0, Avg:  0.0, Max: 0, Diff: 0, Sum: 0, Workers: 4
[650.971s][debug][gc,phases      ] GC(16)   StringDedup Requests0 Weak     Min:  0.0, Avg:  0.0, Max:  0.0, Diff:  0.0, Sum:  0.0, Workers: 4
[650.971s][debug][gc,phases      ] GC(16)     Dead                           Min: 0, Avg:  0.0, Max: 0, Diff: 0, Sum: 0, Workers: 4
[650.971s][debug][gc,phases      ] GC(16)     Total                          Min: 0, Avg:  0.0, Max: 0, Diff: 0, Sum: 0, Workers: 4
[650.971s][debug][gc,phases      ] GC(16)   StringDedup Requests1 Weak     Min:  0.0, Avg:  0.0, Max:  0.0, Diff:  0.0, Sum:  0.0, Workers: 4
[650.971s][debug][gc,phases      ] GC(16)     Dead                           Min: 0, Avg:  0.0, Max: 0, Diff: 0, Sum: 0, Workers: 4
[650.971s][debug][gc,phases      ] GC(16)     Total                          Min: 0, Avg:  0.0, Max: 0, Diff: 0, Sum: 0, Workers: 4
[650.971s][debug][gc,phases      ] GC(16)   Weak JFR Old Object Samples    Min:  0.0, Avg:  0.0, Max:  0.0, Diff:  0.0, Sum:  0.0, Workers: 4
[650.971s][debug][gc,phases      ] GC(16)     Dead                           Min: 0, Avg:  0.0, Max: 0, Diff: 0, Sum: 0, Workers: 4
[650.971s][debug][gc,phases      ] GC(16)     Total                          Min: 0, Avg:  0.0, Max: 0, Diff: 0, Sum: 0, Workers: 4
[650.971s][debug][gc,phases      ] GC(16) Weak Processing 0.466ms
[650.971s][debug][gc,age         ] GC(16) Desired survivor size 255328256 bytes, new threshold 1 (max threshold 15)
[650.971s][info ][gc,heap        ] GC(16) PSYoungGen: 1593136K(1843712K)->9824K(1842688K) Eden: 1589248K(1589248K)->0K(1589248K) From: 3888K(254464K)->9824K(253440K)
[650.971s][info ][gc,heap        ] GC(16) ParOldGen: 255631K(256000K)->257591K(258048K)
[650.971s][info ][gc,metaspace   ] GC(16) Metaspace: 104225K(105408K)->104225K(105408K) NonClass: 88610K(89280K)->88610K(89280K) Class: 15614K(16128K)->15614K(16128K)
[650.971s][info ][gc             ] GC(16) Pause Young (Allocation Failure) 1805M->261M(2051M) 9.528ms
[650.971s][info ][gc,cpu         ] GC(16) User=0.03s Sys=0.00s Real=0.01s
[650.971s][info ][safepoint      ] Safepoint "ParallelGCFailedAllocation", Time since last: 3190725511 ns, Reaching safepoint: 10300 ns, Cleanup: 5000 ns, At safepoint: 9613596 ns, Total: 9628896 ns
[653.971s][info ][safepoint      ] Safepoint "Cleanup", Time since last: 3000262060 ns, Reaching safepoint: 8400 ns, Cleanup: 13701 ns, At safepoint: 2700 ns, Total: 24801 ns
[655.971s][info ][safepoint      ] Safepoint "Cleanup", Time since last: 2000200368 ns, Reaching safepoint: 9100 ns, Cleanup: 13200 ns, At safepoint: 2801 ns, Total: 25101 ns
[657.972s][info ][safepoint      ] Safepoint "Cleanup", Time since last: 2000265486 ns, Reaching safepoint: 12201 ns, Cleanup: 17101 ns, At safepoint: 2800 ns, Total: 32102 ns
[659.972s][info ][safepoint      ] Safepoint "Cleanup", Time since last: 2000244180 ns, Reaching safepoint: 9300 ns, Cleanup: 13301 ns, At safepoint: 2700 ns, Total: 25301 ns
[661.266s][info ][safepoint      ] Safepoint "Cleanup", Time since last: 1293804074 ns, Reaching safepoint: 8700 ns, Cleanup: 15801 ns, At safepoint: 2600 ns, Total: 27101 ns
[663.266s][info ][safepoint      ] Safepoint "Cleanup", Time since last: 2000189078 ns, Reaching safepoint: 9000 ns, Cleanup: 15501 ns, At safepoint: 2900 ns, Total: 27401 ns
[664.266s][info ][safepoint      ] Safepoint "Cleanup", Time since last: 1000120640 ns, Reaching safepoint: 8100 ns, Cleanup: 18101 ns, At safepoint: 2700 ns, Total: 28901 ns
[665.266s][info ][safepoint      ] Safepoint "Cleanup", Time since last: 1000123640 ns, Reaching safepoint: 8301 ns, Cleanup: 18400 ns, At safepoint: 2400 ns, Total: 29101 ns
[666.267s][info ][safepoint      ] Safepoint "Cleanup", Time since last: 1000115901 ns, Reaching safepoint: 8300 ns, Cleanup: 64903 ns, At safepoint: 2400 ns, Total: 75603 ns
[667.267s][info ][safepoint      ] Safepoint "Cleanup", Time since last: 1000113013 ns, Reaching safepoint: 9200 ns, Cleanup: 42702 ns, At safepoint: 3200 ns, Total: 55102 ns
[668.267s][info ][safepoint      ] Safepoint "Cleanup", Time since last: 1000120114 ns, Reaching safepoint: 7300 ns, Cleanup: 18801 ns, At safepoint: 2500 ns, Total: 28601 ns
[669.267s][info ][safepoint      ] Safepoint "Cleanup", Time since last: 1000128014 ns, Reaching safepoint: 8700 ns, Cleanup: 40402 ns, At safepoint: 2500 ns, Total: 51602 ns
[670.267s][info ][safepoint      ] Safepoint "Cleanup", Time since last: 1000126114 ns, Reaching safepoint: 8300 ns, Cleanup: 22401 ns, At safepoint: 2700 ns, Total: 33401 ns
[671.267s][info ][safepoint      ] Safepoint "Cleanup", Time since last: 1000128114 ns, Reaching safepoint: 9000 ns, Cleanup: 30701 ns, At safepoint: 2500 ns, Total: 42201 ns
[672.268s][info ][safepoint      ] Safepoint "Cleanup", Time since last: 1000223518 ns, Reaching safepoint: 12401 ns, Cleanup: 30201 ns, At safepoint: 2900 ns, Total: 45502 ns
[673.268s][info ][safepoint      ] Safepoint "Cleanup", Time since last: 1000135314 ns, Reaching safepoint: 9500 ns, Cleanup: 11901 ns, At safepoint: 3100 ns, Total: 24501 ns
[674.268s][info ][safepoint      ] Safepoint "Cleanup", Time since last: 1000164958 ns, Reaching safepoint: 13901 ns, Cleanup: 18601 ns, At safepoint: 2700 ns, Total: 35202 ns
[675.268s][info ][safepoint      ] Safepoint "Cleanup", Time since last: 1000135280 ns, Reaching safepoint: 12300 ns, Cleanup: 26802 ns, At safepoint: 2500 ns, Total: 41602 ns
[676.268s][info ][safepoint      ] Safepoint "Cleanup", Time since last: 1000161281 ns, Reaching safepoint: 9201 ns, Cleanup: 78703 ns, At safepoint: 2500 ns, Total: 90404 ns
[677.269s][info ][safepoint      ] Safepoint "Cleanup", Time since last: 1000101679 ns, Reaching safepoint: 81104 ns, Cleanup: 98204 ns, At safepoint: 11701 ns, Total: 191009 ns
[678.269s][info ][safepoint      ] Safepoint "Cleanup", Time since last: 1000146780 ns, Reaching safepoint: 12101 ns, Cleanup: 44002 ns, At safepoint: 3000 ns, Total: 59103 ns
[679.269s][info ][safepoint      ] Safepoint "Cleanup", Time since last: 1000131780 ns, Reaching safepoint: 7300 ns, Cleanup: 8801 ns, At safepoint: 2100 ns, Total: 18201 ns
[680.269s][info ][safepoint      ] Safepoint "Cleanup", Time since last: 1000119326 ns, Reaching safepoint: 7501 ns, Cleanup: 34701 ns, At safepoint: 3000 ns, Total: 45202 ns
[681.269s][info ][safepoint      ] Safepoint "Cleanup", Time since last: 1000119290 ns, Reaching safepoint: 10001 ns, Cleanup: 22401 ns, At safepoint: 3100 ns, Total: 35502 ns
[682.270s][info ][safepoint      ] Safepoint "Cleanup", Time since last: 1000117582 ns, Reaching safepoint: 8600 ns, Cleanup: 32802 ns, At safepoint: 2700 ns, Total: 44102 ns
[683.270s][info ][safepoint      ] Safepoint "Cleanup", Time since last: 1000137058 ns, Reaching safepoint: 12101 ns, Cleanup: 29201 ns, At safepoint: 3201 ns, Total: 44503 ns
[684.270s][info ][safepoint      ] Safepoint "Cleanup", Time since last: 1000152259 ns, Reaching safepoint: 9000 ns, Cleanup: 27402 ns, At safepoint: 2400 ns, Total: 38802 ns
[685.270s][info ][safepoint      ] Safepoint "Cleanup", Time since last: 1000126658 ns, Reaching safepoint: 8800 ns, Cleanup: 15001 ns, At safepoint: 2900 ns, Total: 26701 ns
[686.270s][info ][safepoint      ] Safepoint "Cleanup", Time since last: 1000140159 ns, Reaching safepoint: 10801 ns, Cleanup: 17301 ns, At safepoint: 3000 ns, Total: 31102 ns
[687.270s][info ][safepoint      ] Safepoint "Cleanup", Time since last: 1000129258 ns, Reaching safepoint: 10600 ns, Cleanup: 24002 ns, At safepoint: 3100 ns, Total: 37702 ns
[688.271s][info ][safepoint      ] Safepoint "Cleanup", Time since last: 1000155059 ns, Reaching safepoint: 11401 ns, Cleanup: 17501 ns, At safepoint: 3200 ns, Total: 32102 ns
[689.271s][info ][safepoint      ] Safepoint "Cleanup", Time since last: 1000129888 ns, Reaching safepoint: 8701 ns, Cleanup: 33201 ns, At safepoint: 2800 ns, Total: 44702 ns
[690.271s][info ][safepoint      ] Safepoint "Cleanup", Time since last: 1000120068 ns, Reaching safepoint: 7800 ns, Cleanup: 47903 ns, At safepoint: 2500 ns, Total: 58203 ns
[691.271s][info ][safepoint      ] Safepoint "Cleanup", Time since last: 1000114663 ns, Reaching safepoint: 9601 ns, Cleanup: 17501 ns, At safepoint: 2800 ns, Total: 29902 ns
[691.915s][info ][gc,start       ] GC(17) Pause Young (Allocation Failure)
[691.931s][debug][gc,phases      ] GC(17) Scavenge 16.509ms
[691.931s][debug][gc,ref         ] GC(17) ReferenceProcessor::execute queues: 1, RefProcThreadModel::Single, marks_oops_alive: false
[691.931s][debug][gc,ref         ] GC(17) Skipped KeepAliveFinalRefsPhase of Reference Processing: no references
[691.931s][debug][gc,ref         ] GC(17) ReferenceProcessor::execute queues: 1, RefProcThreadModel::Single, marks_oops_alive: false
[691.931s][debug][gc,phases      ] GC(17) Reference Processing 0.138ms
[691.932s][debug][gc,phases      ] GC(17)   VM Weak                        Min:  0.0, Avg:  0.0, Max:  0.0, Diff:  0.0, Sum:  0.0, Workers: 4
[691.932s][debug][gc,phases      ] GC(17)     Dead                           Min: 0, Avg:  0.0, Max: 0, Diff: 0, Sum: 0, Workers: 4
[691.932s][debug][gc,phases      ] GC(17)     Total                          Min: 0, Avg: 239.5, Max: 766, Diff: 766, Sum: 958, Workers: 4
[691.932s][debug][gc,phases      ] GC(17)   ObjectSynchronizer Weak        Min:  0.0, Avg:  0.0, Max:  0.0, Diff:  0.0, Sum:  0.0, Workers: 4
[691.932s][debug][gc,phases      ] GC(17)     Dead                           Min: 0, Avg:  0.0, Max: 0, Diff: 0, Sum: 0, Workers: 4
[691.932s][debug][gc,phases      ] GC(17)     Total                          Min: 0, Avg:  1.2, Max: 5, Diff: 5, Sum: 5, Workers: 4
[691.932s][debug][gc,phases      ] GC(17)   JVMTI Tag Weak OopStorage      Min:  0.0, Avg:  0.0, Max:  0.0, Diff:  0.0, Sum:  0.0, Workers: 4
[691.932s][debug][gc,phases      ] GC(17)     Dead                           Min: 0, Avg:  0.0, Max: 0, Diff: 0, Sum: 0, Workers: 4
[691.932s][debug][gc,phases      ] GC(17)     Total                          Min: 0, Avg:  0.0, Max: 0, Diff: 0, Sum: 0, Workers: 4
[691.932s][debug][gc,phases      ] GC(17)   StringTable Weak               Min:  0.0, Avg:  0.1, Max:  0.3, Diff:  0.3, Sum:  0.5, Workers: 4
[691.932s][debug][gc,phases      ] GC(17)     Dead                           Min: 0, Avg:  0.8, Max: 3, Diff: 3, Sum: 3, Workers: 4
[691.932s][debug][gc,phases      ] GC(17)     Total                          Min: 0, Avg: 11366.5, Max: 23962, Diff: 23962, Sum: 45466, Workers: 4
[691.932s][debug][gc,phases      ] GC(17)   ResolvedMethodTable Weak       Min:  0.0, Avg:  0.0, Max:  0.1, Diff:  0.1, Sum:  0.2, Workers: 4
[691.932s][debug][gc,phases      ] GC(17)     Dead                           Min: 0, Avg:  7.5, Max: 20, Diff: 20, Sum: 30, Workers: 4
[691.932s][debug][gc,phases      ] GC(17)     Total                          Min: 0, Avg: 3549.5, Max: 7544, Diff: 7544, Sum: 14198, Workers: 4
[691.932s][debug][gc,phases      ] GC(17)   JNI Weak                       Min:  0.0, Avg:  0.0, Max:  0.0, Diff:  0.0, Sum:  0.0, Workers: 4
[691.932s][debug][gc,phases      ] GC(17)     Dead                           Min: 0, Avg:  0.0, Max: 0, Diff: 0, Sum: 0, Workers: 4
[691.932s][debug][gc,phases      ] GC(17)     Total                          Min: 0, Avg: 13.0, Max: 52, Diff: 52, Sum: 52, Workers: 4
[691.932s][debug][gc,phases      ] GC(17)   StringDedup Table Weak         Min:  0.0, Avg:  0.0, Max:  0.0, Diff:  0.0, Sum:  0.0, Workers: 4
[691.932s][debug][gc,phases      ] GC(17)     Dead                           Min: 0, Avg:  0.0, Max: 0, Diff: 0, Sum: 0, Workers: 4
[691.932s][debug][gc,phases      ] GC(17)     Total                          Min: 0, Avg:  0.0, Max: 0, Diff: 0, Sum: 0, Workers: 4
[691.932s][debug][gc,phases      ] GC(17)   StringDedup Requests0 Weak     Min:  0.0, Avg:  0.0, Max:  0.0, Diff:  0.0, Sum:  0.0, Workers: 4
[691.932s][debug][gc,phases      ] GC(17)     Dead                           Min: 0, Avg:  0.0, Max: 0, Diff: 0, Sum: 0, Workers: 4
[691.932s][debug][gc,phases      ] GC(17)     Total                          Min: 0, Avg:  0.0, Max: 0, Diff: 0, Sum: 0, Workers: 4
[691.932s][debug][gc,phases      ] GC(17)   StringDedup Requests1 Weak     Min:  0.0, Avg:  0.0, Max:  0.0, Diff:  0.0, Sum:  0.0, Workers: 4
[691.932s][debug][gc,phases      ] GC(17)     Dead                           Min: 0, Avg:  0.0, Max: 0, Diff: 0, Sum: 0, Workers: 4
[691.932s][debug][gc,phases      ] GC(17)     Total                          Min: 0, Avg:  0.0, Max: 0, Diff: 0, Sum: 0, Workers: 4
[691.932s][debug][gc,phases      ] GC(17)   Weak JFR Old Object Samples    Min:  0.0, Avg:  0.0, Max:  0.0, Diff:  0.0, Sum:  0.0, Workers: 4
[691.932s][debug][gc,phases      ] GC(17)     Dead                           Min: 0, Avg:  0.0, Max: 0, Diff: 0, Sum: 0, Workers: 4
[691.932s][debug][gc,phases      ] GC(17)     Total                          Min: 0, Avg:  0.0, Max: 0, Diff: 0, Sum: 0, Workers: 4
[691.932s][debug][gc,phases      ] GC(17) Weak Processing 0.606ms
[691.932s][debug][gc,age         ] GC(17) Desired survivor size 246939648 bytes, new threshold 1 (max threshold 15)
[691.932s][info ][gc,heap        ] GC(17) PSYoungGen: 1599072K(1842688K)->22787K(1856000K) Eden: 1589248K(1589248K)->0K(1606656K) From: 9824K(253440K)->22787K(249344K)
[691.932s][info ][gc,heap        ] GC(17) ParOldGen: 257591K(258048K)->261453K(261632K)
[691.932s][info ][gc,metaspace   ] GC(17) Metaspace: 104504K(105728K)->104504K(105728K) NonClass: 88845K(89536K)->88845K(89536K) Class: 15658K(16192K)->15658K(16192K)
[691.932s][info ][gc             ] GC(17) Pause Young (Allocation Failure) 1813M->277M(2068M) 17.398ms
[691.932s][info ][gc,cpu         ] GC(17) User=0.06s Sys=0.00s Real=0.01s
[691.932s][info ][safepoint      ] Safepoint "ParallelGCFailedAllocation", Time since last: 643450555 ns, Reaching safepoint: 7901 ns, Cleanup: 46802 ns, At safepoint: 17482366 ns, Total: 17537069 ns
[692.932s][info ][safepoint      ] Safepoint "Cleanup", Time since last: 1000127164 ns, Reaching safepoint: 11301 ns, Cleanup: 23401 ns, At safepoint: 2800 ns, Total: 37502 ns
[693.932s][info ][safepoint      ] Safepoint "Cleanup", Time since last: 1000129564 ns, Reaching safepoint: 11201 ns, Cleanup: 25602 ns, At safepoint: 2700 ns, Total: 39503 ns
[694.933s][info ][safepoint      ] Safepoint "Cleanup", Time since last: 1000131964 ns, Reaching safepoint: 11601 ns, Cleanup: 19101 ns, At safepoint: 3000 ns, Total: 33702 ns
[695.933s][info ][safepoint      ] Safepoint "Cleanup", Time since last: 1000128733 ns, Reaching safepoint: 9601 ns, Cleanup: 28401 ns, At safepoint: 2700 ns, Total: 40702 ns
[696.933s][info ][safepoint      ] Safepoint "Cleanup", Time since last: 1000128757 ns, Reaching safepoint: 9301 ns, Cleanup: 25701 ns, At safepoint: 3000 ns, Total: 38002 ns
[697.933s][info ][safepoint      ] Safepoint "Cleanup", Time since last: 1000123588 ns, Reaching safepoint: 9001 ns, Cleanup: 27701 ns, At safepoint: 2600 ns, Total: 39302 ns
[698.933s][info ][safepoint      ] Safepoint "Cleanup", Time since last: 1000128163 ns, Reaching safepoint: 11901 ns, Cleanup: 14700 ns, At safepoint: 3001 ns, Total: 29602 ns
[700.934s][info ][safepoint      ] Safepoint "Cleanup", Time since last: 2000216023 ns, Reaching safepoint: 10101 ns, Cleanup: 13800 ns, At safepoint: 2901 ns, Total: 26802 ns
[702.934s][info ][safepoint      ] Safepoint "Cleanup", Time since last: 2000181821 ns, Reaching safepoint: 9401 ns, Cleanup: 15200 ns, At safepoint: 2701 ns, Total: 27302 ns
[704.934s][info ][safepoint      ] Safepoint "Cleanup", Time since last: 2000200893 ns, Reaching safepoint: 9500 ns, Cleanup: 22901 ns, At safepoint: 3201 ns, Total: 35602 ns
[705.934s][info ][safepoint      ] Safepoint "Cleanup", Time since last: 1000119913 ns, Reaching safepoint: 8000 ns, Cleanup: 10901 ns, At safepoint: 2600 ns, Total: 21501 ns
[707.934s][info ][safepoint      ] Safepoint "Cleanup", Time since last: 2000183870 ns, Reaching safepoint: 9001 ns, Cleanup: 24601 ns, At safepoint: 2300 ns, Total: 35902 ns
[708.934s][info ][safepoint      ] Safepoint "Cleanup", Time since last: 1000099236 ns, Reaching safepoint: 8800 ns, Cleanup: 29201 ns, At safepoint: 2401 ns, Total: 40402 ns
[709.935s][info ][safepoint      ] Safepoint "Cleanup", Time since last: 1000107636 ns, Reaching safepoint: 8800 ns, Cleanup: 19301 ns, At safepoint: 2700 ns, Total: 30801 ns
[712.935s][info ][safepoint      ] Safepoint "Cleanup", Time since last: 3000249004 ns, Reaching safepoint: 8901 ns, Cleanup: 11500 ns, At safepoint: 2100 ns, Total: 22501 ns
[721.285s][info ][safepoint      ] Safepoint "Cleanup", Time since last: 8350252210 ns, Reaching safepoint: 11801 ns, Cleanup: 15101 ns, At safepoint: 2600 ns, Total: 29502 ns
[724.286s][info ][safepoint      ] Safepoint "Cleanup", Time since last: 3000304672 ns, Reaching safepoint: 9800 ns, Cleanup: 14501 ns, At safepoint: 2700 ns, Total: 27001 ns
[728.286s][info ][safepoint      ] Safepoint "Cleanup", Time since last: 4000361088 ns, Reaching safepoint: 10701 ns, Cleanup: 16701 ns, At safepoint: 2800 ns, Total: 30202 ns
[729.286s][info ][safepoint      ] Safepoint "Cleanup", Time since last: 1000154375 ns, Reaching safepoint: 12001 ns, Cleanup: 19801 ns, At safepoint: 2900 ns, Total: 34702 ns
[730.286s][info ][safepoint      ] Safepoint "Cleanup", Time since last: 1000168061 ns, Reaching safepoint: 16701 ns, Cleanup: 26401 ns, At safepoint: 3801 ns, Total: 46903 ns
[735.287s][info ][safepoint      ] Safepoint "Cleanup", Time since last: 5000468636 ns, Reaching safepoint: 10500 ns, Cleanup: 19001 ns, At safepoint: 2700 ns, Total: 32201 ns
[740.287s][info ][safepoint      ] Safepoint "Cleanup", Time since last: 5000454894 ns, Reaching safepoint: 11001 ns, Cleanup: 14901 ns, At safepoint: 2700 ns, Total: 28602 ns
[743.288s][info ][safepoint      ] Safepoint "Cleanup", Time since last: 3000280379 ns, Reaching safepoint: 9500 ns, Cleanup: 14301 ns, At safepoint: 2600 ns, Total: 26401 ns
[746.905s][info ][gc,start       ] GC(18) Pause Young (Allocation Failure)
[746.918s][debug][gc,phases      ] GC(18) Scavenge 13.443ms
[746.918s][debug][gc,ref         ] GC(18) ReferenceProcessor::execute queues: 1, RefProcThreadModel::Single, marks_oops_alive: false
[746.918s][debug][gc,ref         ] GC(18) Skipped KeepAliveFinalRefsPhase of Reference Processing: no references
[746.918s][debug][gc,ref         ] GC(18) ReferenceProcessor::execute queues: 1, RefProcThreadModel::Single, marks_oops_alive: false
[746.918s][debug][gc,phases      ] GC(18) Reference Processing 0.148ms
[746.919s][debug][gc,phases      ] GC(18)   VM Weak                        Min:  0.0, Avg:  0.0, Max:  0.0, Diff:  0.0, Sum:  0.0, Workers: 4
[746.919s][debug][gc,phases      ] GC(18)     Dead                           Min: 0, Avg:  0.0, Max: 0, Diff: 0, Sum: 0, Workers: 4
[746.919s][debug][gc,phases      ] GC(18)     Total                          Min: 0, Avg: 239.8, Max: 959, Diff: 959, Sum: 959, Workers: 4
[746.919s][debug][gc,phases      ] GC(18)   ObjectSynchronizer Weak        Min:  0.0, Avg:  0.0, Max:  0.0, Diff:  0.0, Sum:  0.0, Workers: 4
[746.919s][debug][gc,phases      ] GC(18)     Dead                           Min: 0, Avg:  0.0, Max: 0, Diff: 0, Sum: 0, Workers: 4
[746.919s][debug][gc,phases      ] GC(18)     Total                          Min: 0, Avg:  0.8, Max: 3, Diff: 3, Sum: 3, Workers: 4
[746.919s][debug][gc,phases      ] GC(18)   JVMTI Tag Weak OopStorage      Min:  0.0, Avg:  0.0, Max:  0.0, Diff:  0.0, Sum:  0.0, Workers: 4
[746.919s][debug][gc,phases      ] GC(18)     Dead                           Min: 0, Avg:  0.0, Max: 0, Diff: 0, Sum: 0, Workers: 4
[746.919s][debug][gc,phases      ] GC(18)     Total                          Min: 0, Avg:  0.0, Max: 0, Diff: 0, Sum: 0, Workers: 4
[746.919s][debug][gc,phases      ] GC(18)   StringTable Weak               Min:  0.0, Avg:  0.1, Max:  0.2, Diff:  0.2, Sum:  0.6, Workers: 4
[746.919s][debug][gc,phases      ] GC(18)     Dead                           Min: 0, Avg:  0.2, Max: 1, Diff: 1, Sum: 1, Workers: 4
[746.919s][debug][gc,phases      ] GC(18)     Total                          Min: 0, Avg: 11382.2, Max: 15424, Diff: 15424, Sum: 45529, Workers: 4
[746.919s][debug][gc,phases      ] GC(18)   ResolvedMethodTable Weak       Min:  0.0, Avg:  0.1, Max:  0.1, Diff:  0.1, Sum:  0.2, Workers: 4
[746.919s][debug][gc,phases      ] GC(18)     Dead                           Min: 0, Avg:  5.0, Max: 19, Diff: 19, Sum: 20, Workers: 4
[746.919s][debug][gc,phases      ] GC(18)     Total                          Min: 0, Avg: 3555.8, Max: 5135, Diff: 5135, Sum: 14223, Workers: 4
[746.919s][debug][gc,phases      ] GC(18)   JNI Weak                       Min:  0.0, Avg:  0.0, Max:  0.0, Diff:  0.0, Sum:  0.0, Workers: 4
[746.919s][debug][gc,phases      ] GC(18)     Dead                           Min: 0, Avg:  0.0, Max: 0, Diff: 0, Sum: 0, Workers: 4
[746.919s][debug][gc,phases      ] GC(18)     Total                          Min: 0, Avg: 13.0, Max: 52, Diff: 52, Sum: 52, Workers: 4
[746.919s][debug][gc,phases      ] GC(18)   StringDedup Table Weak         Min:  0.0, Avg:  0.0, Max:  0.0, Diff:  0.0, Sum:  0.0, Workers: 4
[746.919s][debug][gc,phases      ] GC(18)     Dead                           Min: 0, Avg:  0.0, Max: 0, Diff: 0, Sum: 0, Workers: 4
[746.919s][debug][gc,phases      ] GC(18)     Total                          Min: 0, Avg:  0.0, Max: 0, Diff: 0, Sum: 0, Workers: 4
[746.919s][debug][gc,phases      ] GC(18)   StringDedup Requests0 Weak     Min:  0.0, Avg:  0.0, Max:  0.0, Diff:  0.0, Sum:  0.0, Workers: 4
[746.919s][debug][gc,phases      ] GC(18)     Dead                           Min: 0, Avg:  0.0, Max: 0, Diff: 0, Sum: 0, Workers: 4
[746.919s][debug][gc,phases      ] GC(18)     Total                          Min: 0, Avg:  0.0, Max: 0, Diff: 0, Sum: 0, Workers: 4
[746.919s][debug][gc,phases      ] GC(18)   StringDedup Requests1 Weak     Min:  0.0, Avg:  0.0, Max:  0.0, Diff:  0.0, Sum:  0.0, Workers: 4
[746.919s][debug][gc,phases      ] GC(18)     Dead                           Min: 0, Avg:  0.0, Max: 0, Diff: 0, Sum: 0, Workers: 4
[746.919s][debug][gc,phases      ] GC(18)     Total                          Min: 0, Avg:  0.0, Max: 0, Diff: 0, Sum: 0, Workers: 4
[746.919s][debug][gc,phases      ] GC(18)   Weak JFR Old Object Samples    Min:  0.0, Avg:  0.0, Max:  0.0, Diff:  0.0, Sum:  0.0, Workers: 4
[746.919s][debug][gc,phases      ] GC(18)     Dead                           Min: 0, Avg:  0.0, Max: 0, Diff: 0, Sum: 0, Workers: 4
[746.919s][debug][gc,phases      ] GC(18)     Total                          Min: 0, Avg:  0.0, Max: 0, Diff: 0, Sum: 0, Workers: 4
[746.919s][debug][gc,phases      ] GC(18) Weak Processing 0.532ms
[746.919s][debug][gc,age         ] GC(18) Desired survivor size 240648192 bytes, new threshold 1 (max threshold 15)
[746.919s][info ][gc,heap        ] GC(18) PSYoungGen: 1629443K(1856000K)->7056K(1847808K) Eden: 1606656K(1606656K)->0K(1606656K) From: 22787K(249344K)->7056K(241152K)
[746.919s][info ][gc,heap        ] GC(18) ParOldGen: 261453K(261632K)->278132K(278528K)
[746.919s][info ][gc,metaspace   ] GC(18) Metaspace: 104573K(105856K)->104573K(105856K) NonClass: 88904K(89664K)->88904K(89664K) Class: 15668K(16192K)->15668K(16192K)
[746.919s][info ][gc             ] GC(18) Pause Young (Allocation Failure) 1846M->278M(2076M) 14.316ms
[746.919s][info ][gc,cpu         ] GC(18) User=0.04s Sys=0.00s Real=0.01s
[746.919s][info ][safepoint      ] Safepoint "ParallelGCFailedAllocation", Time since last: 3617055295 ns, Reaching safepoint: 10600 ns, Cleanup: 13601 ns, At safepoint: 14411305 ns, Total: 14435506 ns
[748.919s][info ][safepoint      ] Safepoint "Cleanup", Time since last: 2000178313 ns, Reaching safepoint: 10200 ns, Cleanup: 22502 ns, At safepoint: 2600 ns, Total: 35302 ns
[751.920s][info ][safepoint      ] Safepoint "Cleanup", Time since last: 3000298870 ns, Reaching safepoint: 9500 ns, Cleanup: 14501 ns, At safepoint: 3300 ns, Total: 27301 ns
[762.921s][info ][safepoint      ] Safepoint "Cleanup", Time since last: 11000899273 ns, Reaching safepoint: 8501 ns, Cleanup: 13401 ns, At safepoint: 2900 ns, Total: 24802 ns
[767.921s][info ][safepoint      ] Safepoint "Cleanup", Time since last: 5000409403 ns, Reaching safepoint: 10001 ns, Cleanup: 14501 ns, At safepoint: 2900 ns, Total: 27402 ns
[768.921s][info ][safepoint      ] Safepoint "Cleanup", Time since last: 1000128833 ns, Reaching safepoint: 13601 ns, Cleanup: 25302 ns, At safepoint: 3100 ns, Total: 42003 ns
[769.921s][info ][safepoint      ] Safepoint "Cleanup", Time since last: 1000143235 ns, Reaching safepoint: 9600 ns, Cleanup: 18901 ns, At safepoint: 2901 ns, Total: 31402 ns
[771.922s][info ][safepoint      ] Safepoint "Cleanup", Time since last: 2000288290 ns, Reaching safepoint: 11901 ns, Cleanup: 18301 ns, At safepoint: 2800 ns, Total: 33002 ns
[778.922s][info ][safepoint      ] Safepoint "Cleanup", Time since last: 7000680069 ns, Reaching safepoint: 8901 ns, Cleanup: 12100 ns, At safepoint: 2500 ns, Total: 23501 ns
[783.306s][info ][safepoint      ] Safepoint "Cleanup", Time since last: 4383585937 ns, Reaching safepoint: 81904 ns, Cleanup: 15200 ns, At safepoint: 6301 ns, Total: 103405 ns
[784.306s][info ][safepoint      ] Safepoint "Cleanup", Time since last: 1000140829 ns, Reaching safepoint: 81604 ns, Cleanup: 11100 ns, At safepoint: 6501 ns, Total: 99205 ns
[785.307s][info ][safepoint      ] Safepoint "Cleanup", Time since last: 1000126428 ns, Reaching safepoint: 81604 ns, Cleanup: 15300 ns, At safepoint: 6501 ns, Total: 103405 ns
[788.307s][info ][safepoint      ] Safepoint "Cleanup", Time since last: 3000294967 ns, Reaching safepoint: 86904 ns, Cleanup: 29702 ns, At safepoint: 9400 ns, Total: 126006 ns
[789.307s][info ][safepoint      ] Safepoint "Cleanup", Time since last: 1000146191 ns, Reaching safepoint: 90505 ns, Cleanup: 13901 ns, At safepoint: 9700 ns, Total: 114106 ns
[790.307s][info ][safepoint      ] Safepoint "Cleanup", Time since last: 1000128991 ns, Reaching safepoint: 89704 ns, Cleanup: 16701 ns, At safepoint: 7801 ns, Total: 114206 ns
[796.308s][info ][safepoint      ] Safepoint "Cleanup", Time since last: 6000567431 ns, Reaching safepoint: 133807 ns, Cleanup: 16600 ns, At safepoint: 22402 ns, Total: 172809 ns
[797.309s][info ][safepoint      ] Safepoint "Cleanup", Time since last: 1000208449 ns, Reaching safepoint: 88804 ns, Cleanup: 12901 ns, At safepoint: 7200 ns, Total: 108905 ns
[798.309s][info ][safepoint      ] Safepoint "Cleanup", Time since last: 1000136647 ns, Reaching safepoint: 81804 ns, Cleanup: 14100 ns, At safepoint: 7000 ns, Total: 102904 ns
[799.605s][info ][gc,start       ] GC(19) Pause Young (Allocation Failure)
[799.614s][debug][gc,phases      ] GC(19) Scavenge 8.853ms
[799.614s][debug][gc,ref         ] GC(19) ReferenceProcessor::execute queues: 1, RefProcThreadModel::Single, marks_oops_alive: false
[799.614s][debug][gc,ref         ] GC(19) Skipped KeepAliveFinalRefsPhase of Reference Processing: no references
[799.614s][debug][gc,ref         ] GC(19) ReferenceProcessor::execute queues: 1, RefProcThreadModel::Single, marks_oops_alive: false
[799.614s][debug][gc,phases      ] GC(19) Reference Processing 0.114ms
[799.615s][debug][gc,phases      ] GC(19)   VM Weak                        Min:  0.0, Avg:  0.0, Max:  0.0, Diff:  0.0, Sum:  0.0, Workers: 4
[799.615s][debug][gc,phases      ] GC(19)     Dead                           Min: 0, Avg:  0.0, Max: 0, Diff: 0, Sum: 0, Workers: 4
[799.615s][debug][gc,phases      ] GC(19)     Total                          Min: 0, Avg: 239.8, Max: 831, Diff: 831, Sum: 959, Workers: 4
[799.615s][debug][gc,phases      ] GC(19)   ObjectSynchronizer Weak        Min:  0.0, Avg:  0.0, Max:  0.0, Diff:  0.0, Sum:  0.0, Workers: 4
[799.615s][debug][gc,phases      ] GC(19)     Dead                           Min: 0, Avg:  0.0, Max: 0, Diff: 0, Sum: 0, Workers: 4
[799.615s][debug][gc,phases      ] GC(19)     Total                          Min: 0, Avg:  0.8, Max: 3, Diff: 3, Sum: 3, Workers: 4
[799.615s][debug][gc,phases      ] GC(19)   JVMTI Tag Weak OopStorage      Min:  0.0, Avg:  0.0, Max:  0.0, Diff:  0.0, Sum:  0.0, Workers: 4
[799.615s][debug][gc,phases      ] GC(19)     Dead                           Min: 0, Avg:  0.0, Max: 0, Diff: 0, Sum: 0, Workers: 4
[799.615s][debug][gc,phases      ] GC(19)     Total                          Min: 0, Avg:  0.0, Max: 0, Diff: 0, Sum: 0, Workers: 4
[799.615s][debug][gc,phases      ] GC(19)   StringTable Weak               Min:  0.0, Avg:  0.1, Max:  0.2, Diff:  0.2, Sum:  0.5, Workers: 4
[799.615s][debug][gc,phases      ] GC(19)     Dead                           Min: 0, Avg:  0.0, Max: 0, Diff: 0, Sum: 0, Workers: 4
[799.615s][debug][gc,phases      ] GC(19)     Total                          Min: 0, Avg: 11383.5, Max: 16542, Diff: 16542, Sum: 45534, Workers: 4
[799.615s][debug][gc,phases      ] GC(19)   ResolvedMethodTable Weak       Min:  0.0, Avg:  0.0, Max:  0.1, Diff:  0.1, Sum:  0.2, Workers: 4
[799.615s][debug][gc,phases      ] GC(19)     Dead                           Min: 0, Avg:  4.0, Max: 16, Diff: 16, Sum: 16, Workers: 4
[799.615s][debug][gc,phases      ] GC(19)     Total                          Min: 0, Avg: 3555.8, Max: 5364, Diff: 5364, Sum: 14223, Workers: 4
[799.615s][debug][gc,phases      ] GC(19)   JNI Weak                       Min:  0.0, Avg:  0.0, Max:  0.0, Diff:  0.0, Sum:  0.0, Workers: 4
[799.615s][debug][gc,phases      ] GC(19)     Dead                           Min: 0, Avg:  0.0, Max: 0, Diff: 0, Sum: 0, Workers: 4
[799.615s][debug][gc,phases      ] GC(19)     Total                          Min: 0, Avg: 13.0, Max: 52, Diff: 52, Sum: 52, Workers: 4
[799.615s][debug][gc,phases      ] GC(19)   StringDedup Table Weak         Min:  0.0, Avg:  0.0, Max:  0.0, Diff:  0.0, Sum:  0.0, Workers: 4
[799.615s][debug][gc,phases      ] GC(19)     Dead                           Min: 0, Avg:  0.0, Max: 0, Diff: 0, Sum: 0, Workers: 4
[799.615s][debug][gc,phases      ] GC(19)     Total                          Min: 0, Avg:  0.0, Max: 0, Diff: 0, Sum: 0, Workers: 4
[799.615s][debug][gc,phases      ] GC(19)   StringDedup Requests0 Weak     Min:  0.0, Avg:  0.0, Max:  0.0, Diff:  0.0, Sum:  0.0, Workers: 4
[799.615s][debug][gc,phases      ] GC(19)     Dead                           Min: 0, Avg:  0.0, Max: 0, Diff: 0, Sum: 0, Workers: 4
[799.615s][debug][gc,phases      ] GC(19)     Total                          Min: 0, Avg:  0.0, Max: 0, Diff: 0, Sum: 0, Workers: 4
[799.615s][debug][gc,phases      ] GC(19)   StringDedup Requests1 Weak     Min:  0.0, Avg:  0.0, Max:  0.0, Diff:  0.0, Sum:  0.0, Workers: 4
[799.615s][debug][gc,phases      ] GC(19)     Dead                           Min: 0, Avg:  0.0, Max: 0, Diff: 0, Sum: 0, Workers: 4
[799.615s][debug][gc,phases      ] GC(19)     Total                          Min: 0, Avg:  0.0, Max: 0, Diff: 0, Sum: 0, Workers: 4
[799.615s][debug][gc,phases      ] GC(19)   Weak JFR Old Object Samples    Min:  0.0, Avg:  0.0, Max:  0.0, Diff:  0.0, Sum:  0.0, Workers: 4
[799.615s][debug][gc,phases      ] GC(19)     Dead                           Min: 0, Avg:  0.0, Max: 0, Diff: 0, Sum: 0, Workers: 4
[799.615s][debug][gc,phases      ] GC(19)     Total                          Min: 0, Avg:  0.0, Max: 0, Diff: 0, Sum: 0, Workers: 4
[799.615s][debug][gc,phases      ] GC(19) Weak Processing 0.453ms
[799.615s][debug][gc,age         ] GC(19) Desired survivor size 233308160 bytes, new threshold 1 (max threshold 15)
[799.615s][info ][gc,heap        ] GC(19) PSYoungGen: 1613712K(1847808K)->8560K(1869312K) Eden: 1606656K(1606656K)->0K(1634304K) From: 7056K(241152K)->8560K(235008K)
[799.615s][info ][gc,heap        ] GC(19) ParOldGen: 278132K(278528K)->280153K(280576K)
[799.615s][info ][gc,metaspace   ] GC(19) Metaspace: 104605K(105856K)->104605K(105856K) NonClass: 88936K(89664K)->88936K(89664K) Class: 15668K(16192K)->15668K(16192K)
[799.615s][info ][gc             ] GC(19) Pause Young (Allocation Failure) 1847M->281M(2099M) 9.561ms
[799.615s][info ][gc,cpu         ] GC(19) User=0.02s Sys=0.00s Real=0.01s
[799.615s][info ][safepoint      ] Safepoint "ParallelGCFailedAllocation", Time since last: 1296394405 ns, Reaching safepoint: 8601 ns, Cleanup: 4100 ns, At safepoint: 9643448 ns, Total: 9656149 ns
[801.615s][info ][safepoint      ] Safepoint "Cleanup", Time since last: 2000167626 ns, Reaching safepoint: 9501 ns, Cleanup: 12600 ns, At safepoint: 2700 ns, Total: 24801 ns
[802.615s][info ][safepoint      ] Safepoint "Cleanup", Time since last: 1000128506 ns, Reaching safepoint: 9000 ns, Cleanup: 16301 ns, At safepoint: 2500 ns, Total: 27801 ns
[804.615s][info ][safepoint      ] Safepoint "Cleanup", Time since last: 2000208650 ns, Reaching safepoint: 90505 ns, Cleanup: 12400 ns, At safepoint: 7901 ns, Total: 110806 ns
[821.617s][info ][safepoint      ] Safepoint "Cleanup", Time since last: 17001529677 ns, Reaching safepoint: 12100 ns, Cleanup: 14101 ns, At safepoint: 3200 ns, Total: 29401 ns
[823.617s][info ][safepoint      ] Safepoint "Cleanup", Time since last: 2000190626 ns, Reaching safepoint: 8701 ns, Cleanup: 13700 ns, At safepoint: 2700 ns, Total: 25101 ns
[825.617s][info ][safepoint      ] Safepoint "Cleanup", Time since last: 2000190940 ns, Reaching safepoint: 9100 ns, Cleanup: 11501 ns, At safepoint: 2700 ns, Total: 23301 ns
[827.618s][info ][safepoint      ] Safepoint "Cleanup", Time since last: 2000204372 ns, Reaching safepoint: 9001 ns, Cleanup: 19101 ns, At safepoint: 2800 ns, Total: 30902 ns
[829.618s][info ][safepoint      ] Safepoint "Cleanup", Time since last: 2000217326 ns, Reaching safepoint: 12601 ns, Cleanup: 14201 ns, At safepoint: 3000 ns, Total: 29802 ns
[831.618s][info ][safepoint      ] Safepoint "Cleanup", Time since last: 2000249028 ns, Reaching safepoint: 11600 ns, Cleanup: 17101 ns, At safepoint: 3200 ns, Total: 31901 ns
[833.619s][info ][safepoint      ] Safepoint "Cleanup", Time since last: 2000270529 ns, Reaching safepoint: 12001 ns, Cleanup: 15501 ns, At safepoint: 2800 ns, Total: 30302 ns
[836.619s][info ][safepoint      ] Safepoint "Cleanup", Time since last: 3000277956 ns, Reaching safepoint: 9400 ns, Cleanup: 12501 ns, At safepoint: 29901 ns, Total: 51802 ns
[841.619s][info ][safepoint      ] Safepoint "Cleanup", Time since last: 5000548919 ns, Reaching safepoint: 11000 ns, Cleanup: 15001 ns, At safepoint: 3300 ns, Total: 29301 ns
[844.620s][info ][safepoint      ] Safepoint "Cleanup", Time since last: 3000337574 ns, Reaching safepoint: 9901 ns, Cleanup: 15100 ns, At safepoint: 2801 ns, Total: 27802 ns
[845.620s][info ][safepoint      ] Safepoint "Cleanup", Time since last: 1000126211 ns, Reaching safepoint: 8800 ns, Cleanup: 11801 ns, At safepoint: 2700 ns, Total: 23301 ns
[846.620s][info ][safepoint      ] Safepoint "Cleanup", Time since last: 1000128712 ns, Reaching safepoint: 8000 ns, Cleanup: 13701 ns, At safepoint: 2700 ns, Total: 24401 ns
[847.620s][info ][safepoint      ] Safepoint "Cleanup", Time since last: 1000139412 ns, Reaching safepoint: 11800 ns, Cleanup: 68803 ns, At safepoint: 3201 ns, Total: 83804 ns
[848.620s][info ][safepoint      ] Safepoint "Cleanup", Time since last: 1000136811 ns, Reaching safepoint: 9901 ns, Cleanup: 13701 ns, At safepoint: 2900 ns, Total: 26502 ns
[856.104s][info ][gc,start       ] GC(20) Pause Young (Allocation Failure)
[856.112s][debug][gc,phases      ] GC(20) Scavenge 7.701ms
[856.112s][debug][gc,ref         ] GC(20) ReferenceProcessor::execute queues: 1, RefProcThreadModel::Single, marks_oops_alive: false
[856.112s][debug][gc,ref         ] GC(20) Skipped KeepAliveFinalRefsPhase of Reference Processing: no references
[856.112s][debug][gc,ref         ] GC(20) Skipped PhantomRefsPhase of Reference Processing: no references
[856.112s][debug][gc,phases      ] GC(20) Reference Processing 0.157ms
[856.112s][debug][gc,phases      ] GC(20)   VM Weak                        Min:  0.0, Avg:  0.0, Max:  0.0, Diff:  0.0, Sum:  0.0, Workers: 4
[856.112s][debug][gc,phases      ] GC(20)     Dead                           Min: 0, Avg:  0.0, Max: 0, Diff: 0, Sum: 0, Workers: 4
[856.112s][debug][gc,phases      ] GC(20)     Total                          Min: 0, Avg: 239.8, Max: 512, Diff: 512, Sum: 959, Workers: 4
[856.112s][debug][gc,phases      ] GC(20)   ObjectSynchronizer Weak        Min:  0.0, Avg:  0.0, Max:  0.0, Diff:  0.0, Sum:  0.0, Workers: 4
[856.112s][debug][gc,phases      ] GC(20)     Dead                           Min: 0, Avg:  0.0, Max: 0, Diff: 0, Sum: 0, Workers: 4
[856.112s][debug][gc,phases      ] GC(20)     Total                          Min: 0, Avg:  0.8, Max: 3, Diff: 3, Sum: 3, Workers: 4
[856.112s][debug][gc,phases      ] GC(20)   JVMTI Tag Weak OopStorage      Min:  0.0, Avg:  0.0, Max:  0.0, Diff:  0.0, Sum:  0.0, Workers: 4
[856.112s][debug][gc,phases      ] GC(20)     Dead                           Min: 0, Avg:  0.0, Max: 0, Diff: 0, Sum: 0, Workers: 4
[856.112s][debug][gc,phases      ] GC(20)     Total                          Min: 0, Avg:  0.0, Max: 0, Diff: 0, Sum: 0, Workers: 4
[856.112s][debug][gc,phases      ] GC(20)   StringTable Weak               Min:  0.0, Avg:  0.1, Max:  0.2, Diff:  0.2, Sum:  0.5, Workers: 4
[856.112s][debug][gc,phases      ] GC(20)     Dead                           Min: 0, Avg:  0.0, Max: 0, Diff: 0, Sum: 0, Workers: 4
[856.112s][debug][gc,phases      ] GC(20)     Total                          Min: 0, Avg: 11383.5, Max: 15744, Diff: 15744, Sum: 45534, Workers: 4
[856.112s][debug][gc,phases      ] GC(20)   ResolvedMethodTable Weak       Min:  0.0, Avg:  0.0, Max:  0.1, Diff:  0.1, Sum:  0.2, Workers: 4
[856.112s][debug][gc,phases      ] GC(20)     Dead                           Min: 0, Avg:  4.2, Max: 17, Diff: 17, Sum: 17, Workers: 4
[856.112s][debug][gc,phases      ] GC(20)     Total                          Min: 0, Avg: 3556.0, Max: 5450, Diff: 5450, Sum: 14224, Workers: 4
[856.112s][debug][gc,phases      ] GC(20)   JNI Weak                       Min:  0.0, Avg:  0.0, Max:  0.0, Diff:  0.0, Sum:  0.0, Workers: 4
[856.112s][debug][gc,phases      ] GC(20)     Dead                           Min: 0, Avg:  0.0, Max: 0, Diff: 0, Sum: 0, Workers: 4
[856.112s][debug][gc,phases      ] GC(20)     Total                          Min: 0, Avg: 13.0, Max: 52, Diff: 52, Sum: 52, Workers: 4
[856.112s][debug][gc,phases      ] GC(20)   StringDedup Table Weak         Min:  0.0, Avg:  0.0, Max:  0.0, Diff:  0.0, Sum:  0.0, Workers: 4
[856.112s][debug][gc,phases      ] GC(20)     Dead                           Min: 0, Avg:  0.0, Max: 0, Diff: 0, Sum: 0, Workers: 4
[856.112s][debug][gc,phases      ] GC(20)     Total                          Min: 0, Avg:  0.0, Max: 0, Diff: 0, Sum: 0, Workers: 4
[856.112s][debug][gc,phases      ] GC(20)   StringDedup Requests0 Weak     Min:  0.0, Avg:  0.0, Max:  0.0, Diff:  0.0, Sum:  0.0, Workers: 4
[856.112s][debug][gc,phases      ] GC(20)     Dead                           Min: 0, Avg:  0.0, Max: 0, Diff: 0, Sum: 0, Workers: 4
[856.112s][debug][gc,phases      ] GC(20)     Total                          Min: 0, Avg:  0.0, Max: 0, Diff: 0, Sum: 0, Workers: 4
[856.112s][debug][gc,phases      ] GC(20)   StringDedup Requests1 Weak     Min:  0.0, Avg:  0.0, Max:  0.0, Diff:  0.0, Sum:  0.0, Workers: 4
[856.112s][debug][gc,phases      ] GC(20)     Dead                           Min: 0, Avg:  0.0, Max: 0, Diff: 0, Sum: 0, Workers: 4
[856.112s][debug][gc,phases      ] GC(20)     Total                          Min: 0, Avg:  0.0, Max: 0, Diff: 0, Sum: 0, Workers: 4
[856.112s][debug][gc,phases      ] GC(20)   Weak JFR Old Object Samples    Min:  0.0, Avg:  0.0, Max:  0.0, Diff:  0.0, Sum:  0.0, Workers: 4
[856.112s][debug][gc,phases      ] GC(20)     Dead                           Min: 0, Avg:  0.0, Max: 0, Diff: 0, Sum: 0, Workers: 4
[856.112s][debug][gc,phases      ] GC(20)     Total                          Min: 0, Avg:  0.0, Max: 0, Diff: 0, Sum: 0, Workers: 4
[856.112s][debug][gc,phases      ] GC(20) Weak Processing 0.534ms
[856.112s][debug][gc,age         ] GC(20) Desired survivor size 224919552 bytes, new threshold 1 (max threshold 15)
[856.112s][info ][gc,heap        ] GC(20) PSYoungGen: 1642864K(1869312K)->6544K(1862144K) Eden: 1634304K(1634304K)->0K(1634304K) From: 8560K(235008K)->6544K(227840K)
[856.112s][info ][gc,heap        ] GC(20) ParOldGen: 280153K(280576K)->284102K(284160K)
[856.112s][info ][gc,metaspace   ] GC(20) Metaspace: 104627K(105920K)->104627K(105920K) NonClass: 88958K(89728K)->88958K(89728K) Class: 15668K(16192K)->15668K(16192K)
[856.112s][info ][gc             ] GC(20) Pause Young (Allocation Failure) 1877M->283M(2096M) 8.564ms
[856.113s][info ][gc,cpu         ] GC(20) User=0.02s Sys=0.00s Real=0.02s
[856.113s][info ][safepoint      ] Safepoint "ParallelGCFailedAllocation", Time since last: 7483308930 ns, Reaching safepoint: 83304 ns, Cleanup: 4600 ns, At safepoint: 8657790 ns, Total: 8745694 ns
[858.113s][info ][safepoint      ] Safepoint "Cleanup", Time since last: 2000186069 ns, Reaching safepoint: 9201 ns, Cleanup: 12700 ns, At safepoint: 2700 ns, Total: 24601 ns
[863.113s][info ][safepoint      ] Safepoint "Cleanup", Time since last: 5000508189 ns, Reaching safepoint: 10400 ns, Cleanup: 13201 ns, At safepoint: 2600 ns, Total: 26201 ns
[869.114s][info ][safepoint      ] Safepoint "Cleanup", Time since last: 6000565082 ns, Reaching safepoint: 8500 ns, Cleanup: 11001 ns, At safepoint: 3000 ns, Total: 22501 ns
[871.114s][info ][safepoint      ] Safepoint "Cleanup", Time since last: 2000245365 ns, Reaching safepoint: 9100 ns, Cleanup: 20001 ns, At safepoint: 2700 ns, Total: 31801 ns
[874.115s][info ][safepoint      ] Safepoint "Cleanup", Time since last: 3000339295 ns, Reaching safepoint: 9300 ns, Cleanup: 13700 ns, At safepoint: 2800 ns, Total: 25800 ns
[877.115s][info ][safepoint      ] Safepoint "Cleanup", Time since last: 3000272040 ns, Reaching safepoint: 6700 ns, Cleanup: 7800 ns, At safepoint: 2501 ns, Total: 17001 ns
[880.115s][info ][safepoint      ] Safepoint "Cleanup", Time since last: 3000370945 ns, Reaching safepoint: 94904 ns, Cleanup: 43202 ns, At safepoint: 4000 ns, Total: 142106 ns
[882.116s][info ][safepoint      ] Safepoint "Cleanup", Time since last: 2000327637 ns, Reaching safepoint: 9901 ns, Cleanup: 15700 ns, At safepoint: 2701 ns, Total: 28302 ns
[884.116s][info ][safepoint      ] Safepoint "Cleanup", Time since last: 2000211895 ns, Reaching safepoint: 10800 ns, Cleanup: 13601 ns, At safepoint: 2700 ns, Total: 27101 ns
[886.116s][info ][safepoint      ] Safepoint "Cleanup", Time since last: 2000202595 ns, Reaching safepoint: 8000 ns, Cleanup: 13400 ns, At safepoint: 2701 ns, Total: 24101 ns
[890.117s][info ][safepoint      ] Safepoint "Cleanup", Time since last: 4000351448 ns, Reaching safepoint: 10101 ns, Cleanup: 20100 ns, At safepoint: 3300 ns, Total: 33501 ns
[892.117s][info ][safepoint      ] Safepoint "Cleanup", Time since last: 2000260758 ns, Reaching safepoint: 12300 ns, Cleanup: 17901 ns, At safepoint: 3000 ns, Total: 33201 ns
[893.117s][info ][safepoint      ] Safepoint "Cleanup", Time since last: 1000185831 ns, Reaching safepoint: 12301 ns, Cleanup: 19300 ns, At safepoint: 2801 ns, Total: 34402 ns
[896.117s][info ][safepoint      ] Safepoint "Cleanup", Time since last: 3000360384 ns, Reaching safepoint: 13501 ns, Cleanup: 16401 ns, At safepoint: 2900 ns, Total: 32802 ns
[897.118s][info ][safepoint      ] Safepoint "Cleanup", Time since last: 1000210832 ns, Reaching safepoint: 13600 ns, Cleanup: 15701 ns, At safepoint: 2900 ns, Total: 32201 ns
[900.118s][info ][safepoint      ] Safepoint "Cleanup", Time since last: 3000342356 ns, Reaching safepoint: 11600 ns, Cleanup: 14401 ns, At safepoint: 2600 ns, Total: 28601 ns
[905.121s][info ][safepoint      ] Safepoint "Cleanup", Time since last: 5002735900 ns, Reaching safepoint: 13601 ns, Cleanup: 17700 ns, At safepoint: 3300 ns, Total: 34601 ns
[911.554s][info ][gc,start       ] GC(21) Pause Young (Allocation Failure)
[911.561s][debug][gc,phases      ] GC(21) Scavenge 6.680ms
[911.561s][debug][gc,ref         ] GC(21) ReferenceProcessor::execute queues: 1, RefProcThreadModel::Single, marks_oops_alive: false
[911.561s][debug][gc,ref         ] GC(21) Skipped KeepAliveFinalRefsPhase of Reference Processing: no references
[911.561s][debug][gc,ref         ] GC(21) Skipped PhantomRefsPhase of Reference Processing: no references
[911.561s][debug][gc,phases      ] GC(21) Reference Processing 0.137ms
[911.561s][debug][gc,phases      ] GC(21)   VM Weak                        Min:  0.0, Avg:  0.0, Max:  0.0, Diff:  0.0, Sum:  0.0, Workers: 4
[911.561s][debug][gc,phases      ] GC(21)     Dead                           Min: 0, Avg:  0.0, Max: 0, Diff: 0, Sum: 0, Workers: 4
[911.561s][debug][gc,phases      ] GC(21)     Total                          Min: 0, Avg: 239.8, Max: 511, Diff: 511, Sum: 959, Workers: 4
[911.561s][debug][gc,phases      ] GC(21)   ObjectSynchronizer Weak        Min:  0.0, Avg:  0.0, Max:  0.0, Diff:  0.0, Sum:  0.0, Workers: 4
[911.561s][debug][gc,phases      ] GC(21)     Dead                           Min: 0, Avg:  0.0, Max: 0, Diff: 0, Sum: 0, Workers: 4
[911.561s][debug][gc,phases      ] GC(21)     Total                          Min: 0, Avg:  0.8, Max: 3, Diff: 3, Sum: 3, Workers: 4
[911.561s][debug][gc,phases      ] GC(21)   JVMTI Tag Weak OopStorage      Min:  0.0, Avg:  0.0, Max:  0.0, Diff:  0.0, Sum:  0.0, Workers: 4
[911.561s][debug][gc,phases      ] GC(21)     Dead                           Min: 0, Avg:  0.0, Max: 0, Diff: 0, Sum: 0, Workers: 4
[911.561s][debug][gc,phases      ] GC(21)     Total                          Min: 0, Avg:  0.0, Max: 0, Diff: 0, Sum: 0, Workers: 4
[911.561s][debug][gc,phases      ] GC(21)   StringTable Weak               Min:  0.0, Avg:  0.1, Max:  0.2, Diff:  0.2, Sum:  0.5, Workers: 4
[911.561s][debug][gc,phases      ] GC(21)     Dead                           Min: 0, Avg:  0.0, Max: 0, Diff: 0, Sum: 0, Workers: 4
[911.561s][debug][gc,phases      ] GC(21)     Total                          Min: 0, Avg: 11385.0, Max: 18084, Diff: 18084, Sum: 45540, Workers: 4
[911.561s][debug][gc,phases      ] GC(21)   ResolvedMethodTable Weak       Min:  0.0, Avg:  0.0, Max:  0.1, Diff:  0.1, Sum:  0.2, Workers: 4
[911.561s][debug][gc,phases      ] GC(21)     Dead                           Min: 0, Avg:  4.0, Max: 16, Diff: 16, Sum: 16, Workers: 4
[911.561s][debug][gc,phases      ] GC(21)     Total                          Min: 0, Avg: 3556.0, Max: 4809, Diff: 4809, Sum: 14224, Workers: 4
[911.561s][debug][gc,phases      ] GC(21)   JNI Weak                       Min:  0.0, Avg:  0.0, Max:  0.0, Diff:  0.0, Sum:  0.0, Workers: 4
[911.561s][debug][gc,phases      ] GC(21)     Dead                           Min: 0, Avg:  0.0, Max: 0, Diff: 0, Sum: 0, Workers: 4
[911.561s][debug][gc,phases      ] GC(21)     Total                          Min: 0, Avg: 13.0, Max: 52, Diff: 52, Sum: 52, Workers: 4
[911.561s][debug][gc,phases      ] GC(21)   StringDedup Table Weak         Min:  0.0, Avg:  0.0, Max:  0.0, Diff:  0.0, Sum:  0.0, Workers: 4
[911.561s][debug][gc,phases      ] GC(21)     Dead                           Min: 0, Avg:  0.0, Max: 0, Diff: 0, Sum: 0, Workers: 4
[911.561s][debug][gc,phases      ] GC(21)     Total                          Min: 0, Avg:  0.0, Max: 0, Diff: 0, Sum: 0, Workers: 4
[911.561s][debug][gc,phases      ] GC(21)   StringDedup Requests0 Weak     Min:  0.0, Avg:  0.0, Max:  0.0, Diff:  0.0, Sum:  0.0, Workers: 4
[911.561s][debug][gc,phases      ] GC(21)     Dead                           Min: 0, Avg:  0.0, Max: 0, Diff: 0, Sum: 0, Workers: 4
[911.561s][debug][gc,phases      ] GC(21)     Total                          Min: 0, Avg:  0.0, Max: 0, Diff: 0, Sum: 0, Workers: 4
[911.561s][debug][gc,phases      ] GC(21)   StringDedup Requests1 Weak     Min:  0.0, Avg:  0.0, Max:  0.0, Diff:  0.0, Sum:  0.0, Workers: 4
[911.561s][debug][gc,phases      ] GC(21)     Dead                           Min: 0, Avg:  0.0, Max: 0, Diff: 0, Sum: 0, Workers: 4
[911.561s][debug][gc,phases      ] GC(21)     Total                          Min: 0, Avg:  0.0, Max: 0, Diff: 0, Sum: 0, Workers: 4
[911.561s][debug][gc,phases      ] GC(21)   Weak JFR Old Object Samples    Min:  0.0, Avg:  0.0, Max:  0.0, Diff:  0.0, Sum:  0.0, Workers: 4
[911.561s][debug][gc,phases      ] GC(21)     Dead                           Min: 0, Avg:  0.0, Max: 0, Diff: 0, Sum: 0, Workers: 4
[911.561s][debug][gc,phases      ] GC(21)     Total                          Min: 0, Avg:  0.0, Max: 0, Diff: 0, Sum: 0, Workers: 4
[911.561s][debug][gc,phases      ] GC(21) Weak Processing 0.563ms
[911.561s][debug][gc,age         ] GC(21) Desired survivor size 216530944 bytes, new threshold 1 (max threshold 15)
[911.561s][info ][gc,heap        ] GC(21) PSYoungGen: 1640848K(1862144K)->6656K(1885696K) Eden: 1634304K(1634304K)->0K(1666048K) From: 6544K(227840K)->6656K(219648K)
[911.561s][info ][gc,heap        ] GC(21) ParOldGen: 284102K(284160K)->285771K(286208K)
[911.561s][info ][gc,metaspace   ] GC(21) Metaspace: 104683K(105920K)->104683K(105920K) NonClass: 89012K(89728K)->89012K(89728K) Class: 15670K(16192K)->15670K(16192K)
[911.561s][info ][gc             ] GC(21) Pause Young (Allocation Failure) 1879M->285M(2121M) 7.546ms
[911.561s][info ][gc,cpu         ] GC(21) User=0.01s Sys=0.00s Real=0.00s
[911.561s][info ][safepoint      ] Safepoint "ParallelGCFailedAllocation", Time since last: 6432873746 ns, Reaching safepoint: 89004 ns, Cleanup: 4900 ns, At safepoint: 7650717 ns, Total: 7744621 ns
[914.562s][info ][safepoint      ] Safepoint "Cleanup", Time since last: 3000257564 ns, Reaching safepoint: 9301 ns, Cleanup: 78702 ns, At safepoint: 2800 ns, Total: 90803 ns
[917.562s][info ][safepoint      ] Safepoint "Cleanup", Time since last: 3000345745 ns, Reaching safepoint: 9100 ns, Cleanup: 13401 ns, At safepoint: 2800 ns, Total: 25301 ns
[921.563s][info ][safepoint      ] Safepoint "Cleanup", Time since last: 4000379294 ns, Reaching safepoint: 10000 ns, Cleanup: 13301 ns, At safepoint: 2500 ns, Total: 25801 ns
[922.563s][info ][safepoint      ] Safepoint "Cleanup", Time since last: 1000142868 ns, Reaching safepoint: 10401 ns, Cleanup: 13500 ns, At safepoint: 2700 ns, Total: 26601 ns
[930.563s][info ][safepoint      ] Safepoint "Cleanup", Time since last: 8000707557 ns, Reaching safepoint: 11100 ns, Cleanup: 20201 ns, At safepoint: 3200 ns, Total: 34501 ns
[931.564s][info ][safepoint      ] Safepoint "Cleanup", Time since last: 1000128744 ns, Reaching safepoint: 9200 ns, Cleanup: 15601 ns, At safepoint: 2500 ns, Total: 27301 ns
[933.564s][info ][safepoint      ] Safepoint "Cleanup", Time since last: 2000211785 ns, Reaching safepoint: 9701 ns, Cleanup: 12700 ns, At safepoint: 2500 ns, Total: 24901 ns
[934.564s][info ][safepoint      ] Safepoint "Cleanup", Time since last: 1000126444 ns, Reaching safepoint: 8800 ns, Cleanup: 17101 ns, At safepoint: 2800 ns, Total: 28701 ns
[937.564s][info ][safepoint      ] Safepoint "Cleanup", Time since last: 3000280926 ns, Reaching safepoint: 9101 ns, Cleanup: 22501 ns, At safepoint: 2900 ns, Total: 34502 ns
[939.565s][info ][safepoint      ] Safepoint "Cleanup", Time since last: 2000203398 ns, Reaching safepoint: 9500 ns, Cleanup: 13801 ns, At safepoint: 2700 ns, Total: 26001 ns
[940.565s][info ][safepoint      ] Safepoint "Cleanup", Time since last: 1000128994 ns, Reaching safepoint: 10800 ns, Cleanup: 25801 ns, At safepoint: 3500 ns, Total: 40101 ns
[943.565s][info ][safepoint      ] Safepoint "Cleanup", Time since last: 3000287378 ns, Reaching safepoint: 9301 ns, Cleanup: 15100 ns, At safepoint: 2300 ns, Total: 26701 ns
[945.565s][info ][safepoint      ] Safepoint "Cleanup", Time since last: 2000199086 ns, Reaching safepoint: 85003 ns, Cleanup: 15401 ns, At safepoint: 9800 ns, Total: 110204 ns
[947.566s][info ][safepoint      ] Safepoint "Cleanup", Time since last: 2000188293 ns, Reaching safepoint: 10100 ns, Cleanup: 14201 ns, At safepoint: 2700 ns, Total: 27001 ns
[948.566s][info ][safepoint      ] Safepoint "Cleanup", Time since last: 1000136169 ns, Reaching safepoint: 82903 ns, Cleanup: 22501 ns, At safepoint: 11101 ns, Total: 116505 ns
[949.566s][info ][safepoint      ] Safepoint "Cleanup", Time since last: 1000116168 ns, Reaching safepoint: 9501 ns, Cleanup: 17200 ns, At safepoint: 2700 ns, Total: 29401 ns
[951.566s][info ][safepoint      ] Safepoint "Cleanup", Time since last: 2000212937 ns, Reaching safepoint: 10000 ns, Cleanup: 29101 ns, At safepoint: 3401 ns, Total: 42502 ns
[952.566s][info ][safepoint      ] Safepoint "Cleanup", Time since last: 1000131269 ns, Reaching safepoint: 9200 ns, Cleanup: 14801 ns, At safepoint: 2700 ns, Total: 26701 ns
[953.567s][info ][safepoint      ] Safepoint "Cleanup", Time since last: 1000121369 ns, Reaching safepoint: 9400 ns, Cleanup: 13201 ns, At safepoint: 2600 ns, Total: 25201 ns
[954.031s][info ][gc,start       ] GC(22) Pause Young (CodeCache GC Threshold)
[954.046s][debug][gc,phases      ] GC(22) Scavenge 14.361ms
[954.046s][debug][gc,ref         ] GC(22) ReferenceProcessor::execute queues: 1, RefProcThreadModel::Single, marks_oops_alive: false
[954.046s][debug][gc,ref         ] GC(22) Skipped KeepAliveFinalRefsPhase of Reference Processing: no references
[954.046s][debug][gc,ref         ] GC(22) ReferenceProcessor::execute queues: 1, RefProcThreadModel::Single, marks_oops_alive: false
[954.046s][debug][gc,phases      ] GC(22) Reference Processing 0.118ms
[954.046s][debug][gc,phases      ] GC(22)   VM Weak                        Min:  0.0, Avg:  0.0, Max:  0.0, Diff:  0.0, Sum:  0.0, Workers: 4
[954.046s][debug][gc,phases      ] GC(22)     Dead                           Min: 0, Avg:  0.0, Max: 0, Diff: 0, Sum: 0, Workers: 4
[954.046s][debug][gc,phases      ] GC(22)     Total                          Min: 0, Avg: 239.8, Max: 768, Diff: 768, Sum: 959, Workers: 4
[954.046s][debug][gc,phases      ] GC(22)   ObjectSynchronizer Weak        Min:  0.0, Avg:  0.0, Max:  0.0, Diff:  0.0, Sum:  0.0, Workers: 4
[954.046s][debug][gc,phases      ] GC(22)     Dead                           Min: 0, Avg:  0.0, Max: 0, Diff: 0, Sum: 0, Workers: 4
[954.046s][debug][gc,phases      ] GC(22)     Total                          Min: 0, Avg:  1.2, Max: 5, Diff: 5, Sum: 5, Workers: 4
[954.046s][debug][gc,phases      ] GC(22)   JVMTI Tag Weak OopStorage      Min:  0.0, Avg:  0.0, Max:  0.0, Diff:  0.0, Sum:  0.0, Workers: 4
[954.046s][debug][gc,phases      ] GC(22)     Dead                           Min: 0, Avg:  0.0, Max: 0, Diff: 0, Sum: 0, Workers: 4
[954.046s][debug][gc,phases      ] GC(22)     Total                          Min: 0, Avg:  0.0, Max: 0, Diff: 0, Sum: 0, Workers: 4
[954.046s][debug][gc,phases      ] GC(22)   StringTable Weak               Min:  0.0, Avg:  0.1, Max:  0.1, Diff:  0.1, Sum:  0.4, Workers: 4
[954.046s][debug][gc,phases      ] GC(22)     Dead                           Min: 0, Avg:  0.0, Max: 0, Diff: 0, Sum: 0, Workers: 4
[954.046s][debug][gc,phases      ] GC(22)     Total                          Min: 0, Avg: 11388.0, Max: 17392, Diff: 17392, Sum: 45552, Workers: 4
[954.046s][debug][gc,phases      ] GC(22)   ResolvedMethodTable Weak       Min:  0.0, Avg:  0.0, Max:  0.0, Diff:  0.0, Sum:  0.1, Workers: 4
[954.046s][debug][gc,phases      ] GC(22)     Dead                           Min: 0, Avg:  4.0, Max: 16, Diff: 16, Sum: 16, Workers: 4
[954.046s][debug][gc,phases      ] GC(22)     Total                          Min: 0, Avg: 3556.0, Max: 5459, Diff: 5459, Sum: 14224, Workers: 4
[954.046s][debug][gc,phases      ] GC(22)   JNI Weak                       Min:  0.0, Avg:  0.0, Max:  0.0, Diff:  0.0, Sum:  0.0, Workers: 4
[954.046s][debug][gc,phases      ] GC(22)     Dead                           Min: 0, Avg:  0.0, Max: 0, Diff: 0, Sum: 0, Workers: 4
[954.046s][debug][gc,phases      ] GC(22)     Total                          Min: 0, Avg: 13.5, Max: 54, Diff: 54, Sum: 54, Workers: 4
[954.046s][debug][gc,phases      ] GC(22)   StringDedup Table Weak         Min:  0.0, Avg:  0.0, Max:  0.0, Diff:  0.0, Sum:  0.0, Workers: 4
[954.046s][debug][gc,phases      ] GC(22)     Dead                           Min: 0, Avg:  0.0, Max: 0, Diff: 0, Sum: 0, Workers: 4
[954.046s][debug][gc,phases      ] GC(22)     Total                          Min: 0, Avg:  0.0, Max: 0, Diff: 0, Sum: 0, Workers: 4
[954.046s][debug][gc,phases      ] GC(22)   StringDedup Requests0 Weak     Min:  0.0, Avg:  0.0, Max:  0.0, Diff:  0.0, Sum:  0.0, Workers: 4
[954.046s][debug][gc,phases      ] GC(22)     Dead                           Min: 0, Avg:  0.0, Max: 0, Diff: 0, Sum: 0, Workers: 4
[954.046s][debug][gc,phases      ] GC(22)     Total                          Min: 0, Avg:  0.0, Max: 0, Diff: 0, Sum: 0, Workers: 4
[954.046s][debug][gc,phases      ] GC(22)   StringDedup Requests1 Weak     Min:  0.0, Avg:  0.0, Max:  0.0, Diff:  0.0, Sum:  0.0, Workers: 4
[954.046s][debug][gc,phases      ] GC(22)     Dead                           Min: 0, Avg:  0.0, Max: 0, Diff: 0, Sum: 0, Workers: 4
[954.046s][debug][gc,phases      ] GC(22)     Total                          Min: 0, Avg:  0.0, Max: 0, Diff: 0, Sum: 0, Workers: 4
[954.046s][debug][gc,phases      ] GC(22)   Weak JFR Old Object Samples    Min:  0.0, Avg:  0.0, Max:  0.0, Diff:  0.0, Sum:  0.0, Workers: 4
[954.046s][debug][gc,phases      ] GC(22)     Dead                           Min: 0, Avg:  0.0, Max: 0, Diff: 0, Sum: 0, Workers: 4
[954.046s][debug][gc,phases      ] GC(22)     Total                          Min: 0, Avg:  0.0, Max: 0, Diff: 0, Sum: 0, Workers: 4
[954.046s][debug][gc,phases      ] GC(22) Weak Processing 0.441ms
[954.046s][debug][gc,age         ] GC(22) Desired survivor size 203423744 bytes, new threshold 1 (max threshold 15)
[954.046s][info ][gc,heap        ] GC(22) PSYoungGen: 1662203K(1885696K)->29394K(1877504K) Eden: 1655547K(1666048K)->0K(1666048K) From: 6656K(219648K)->29394K(211456K)
[954.046s][info ][gc,heap        ] GC(22) ParOldGen: 285771K(286208K)->286768K(287232K)
[954.046s][info ][gc,metaspace   ] GC(22) Metaspace: 104752K(105984K)->104752K(105984K) NonClass: 89082K(89792K)->89082K(89792K) Class: 15670K(16192K)->15670K(16192K)
[954.046s][info ][gc             ] GC(22) Pause Young (CodeCache GC Threshold) 1902M->308M(2114M) 15.070ms
[954.046s][info ][gc,cpu         ] GC(22) User=0.06s Sys=0.00s Real=0.02s
[954.046s][debug][gc,phases      ] GC(23) Pre Compact 0.010ms
[954.046s][info ][gc,start       ] GC(23) Pause Full (CodeCache GC Threshold)
[954.046s][info ][gc,phases,start] GC(23) Marking Phase
[954.144s][debug][gc,phases      ] GC(23) Par Mark 97.526ms
[954.144s][debug][gc,ref         ] GC(23) ReferenceProcessor::execute queues: 2, RefProcThreadModel::Multi, marks_oops_alive: false
[954.144s][debug][gc,ref         ] GC(23) ReferenceProcessor::execute queues: 4, RefProcThreadModel::Multi, marks_oops_alive: true
[954.144s][debug][gc,ref         ] GC(23) ReferenceProcessor::execute queues: 1, RefProcThreadModel::Single, marks_oops_alive: false
[954.144s][debug][gc,phases      ] GC(23) Reference Processing 0.440ms
[954.145s][debug][gc,phases      ] GC(23)   VM Weak                        Min:  0.0, Avg:  0.0, Max:  0.0, Diff:  0.0, Sum:  0.0, Workers: 4
[954.145s][debug][gc,phases      ] GC(23)     Dead                           Min: 0, Avg:  0.0, Max: 0, Diff: 0, Sum: 0, Workers: 4
[954.145s][debug][gc,phases      ] GC(23)     Total                          Min: 0, Avg: 239.8, Max: 512, Diff: 512, Sum: 959, Workers: 4
[954.145s][debug][gc,phases      ] GC(23)   ObjectSynchronizer Weak        Min:  0.0, Avg:  0.0, Max:  0.0, Diff:  0.0, Sum:  0.0, Workers: 4
[954.145s][debug][gc,phases      ] GC(23)     Dead                           Min: 0, Avg:  0.0, Max: 0, Diff: 0, Sum: 0, Workers: 4
[954.145s][debug][gc,phases      ] GC(23)     Total                          Min: 0, Avg:  1.2, Max: 5, Diff: 5, Sum: 5, Workers: 4
[954.145s][debug][gc,phases      ] GC(23)   JVMTI Tag Weak OopStorage      Min:  0.0, Avg:  0.0, Max:  0.0, Diff:  0.0, Sum:  0.0, Workers: 4
[954.145s][debug][gc,phases      ] GC(23)     Dead                           Min: 0, Avg:  0.0, Max: 0, Diff: 0, Sum: 0, Workers: 4
[954.145s][debug][gc,phases      ] GC(23)     Total                          Min: 0, Avg:  0.0, Max: 0, Diff: 0, Sum: 0, Workers: 4
[954.145s][debug][gc,phases      ] GC(23)   StringTable Weak               Min:  0.0, Avg:  0.2, Max:  0.3, Diff:  0.3, Sum:  0.8, Workers: 4
[954.145s][debug][gc,phases      ] GC(23)     Dead                           Min: 0, Avg:  0.0, Max: 0, Diff: 0, Sum: 0, Workers: 4
[954.145s][debug][gc,phases      ] GC(23)     Total                          Min: 0, Avg: 11388.0, Max: 17904, Diff: 17904, Sum: 45552, Workers: 4
[954.145s][debug][gc,phases      ] GC(23)   ResolvedMethodTable Weak       Min:  0.0, Avg:  0.1, Max:  0.1, Diff:  0.1, Sum:  0.2, Workers: 4
[954.145s][debug][gc,phases      ] GC(23)     Dead                           Min: 0, Avg:  0.0, Max: 0, Diff: 0, Sum: 0, Workers: 4
[954.145s][debug][gc,phases      ] GC(23)     Total                          Min: 0, Avg: 3556.0, Max: 5222, Diff: 5222, Sum: 14224, Workers: 4
[954.145s][debug][gc,phases      ] GC(23)   JNI Weak                       Min:  0.0, Avg:  0.0, Max:  0.0, Diff:  0.0, Sum:  0.0, Workers: 4
[954.145s][debug][gc,phases      ] GC(23)     Dead                           Min: 0, Avg:  0.0, Max: 0, Diff: 0, Sum: 0, Workers: 4
[954.145s][debug][gc,phases      ] GC(23)     Total                          Min: 0, Avg: 13.5, Max: 54, Diff: 54, Sum: 54, Workers: 4
[954.145s][debug][gc,phases      ] GC(23)   StringDedup Table Weak         Min:  0.0, Avg:  0.0, Max:  0.0, Diff:  0.0, Sum:  0.0, Workers: 4
[954.145s][debug][gc,phases      ] GC(23)     Dead                           Min: 0, Avg:  0.0, Max: 0, Diff: 0, Sum: 0, Workers: 4
[954.145s][debug][gc,phases      ] GC(23)     Total                          Min: 0, Avg:  0.0, Max: 0, Diff: 0, Sum: 0, Workers: 4
[954.145s][debug][gc,phases      ] GC(23)   StringDedup Requests0 Weak     Min:  0.0, Avg:  0.0, Max:  0.0, Diff:  0.0, Sum:  0.0, Workers: 4
[954.145s][debug][gc,phases      ] GC(23)     Dead                           Min: 0, Avg:  0.0, Max: 0, Diff: 0, Sum: 0, Workers: 4
[954.145s][debug][gc,phases      ] GC(23)     Total                          Min: 0, Avg:  0.0, Max: 0, Diff: 0, Sum: 0, Workers: 4
[954.145s][debug][gc,phases      ] GC(23)   StringDedup Requests1 Weak     Min:  0.0, Avg:  0.0, Max:  0.0, Diff:  0.0, Sum:  0.0, Workers: 4
[954.145s][debug][gc,phases      ] GC(23)     Dead                           Min: 0, Avg:  0.0, Max: 0, Diff: 0, Sum: 0, Workers: 4
[954.145s][debug][gc,phases      ] GC(23)     Total                          Min: 0, Avg:  0.0, Max: 0, Diff: 0, Sum: 0, Workers: 4
[954.145s][debug][gc,phases      ] GC(23)   Weak JFR Old Object Samples    Min:  0.0, Avg:  0.0, Max:  0.0, Diff:  0.0, Sum:  0.0, Workers: 4
[954.145s][debug][gc,phases      ] GC(23)     Dead                           Min: 0, Avg:  0.0, Max: 0, Diff: 0, Sum: 0, Workers: 4
[954.145s][debug][gc,phases      ] GC(23)     Total                          Min: 0, Avg:  0.0, Max: 0, Diff: 0, Sum: 0, Workers: 4
[954.145s][debug][gc,phases      ] GC(23) Weak Processing 0.578ms
[954.145s][debug][gc,phases      ] GC(23) ClassLoaderData 0.142ms
[954.145s][debug][gc,phases      ] GC(23) Trigger cleanups 0.000ms
[954.206s][debug][gc,phases      ] GC(23) Purge Unlinked NMethods 3.038ms
[954.206s][debug][gc,phases      ] GC(23) Unregister NMethods 0.002ms
[954.206s][debug][gc,phases      ] GC(23) Free Code Blobs 0.622ms
[954.206s][debug][gc,phases      ] GC(23) Class Unloading 61.336ms
[954.206s][debug][gc,phases      ] GC(23) Report Object Count 0.001ms
[954.206s][info ][gc,phases      ] GC(23) Marking Phase 159.962ms
[954.206s][info ][gc,phases,start] GC(23) Summary Phase
[954.206s][info ][gc,phases      ] GC(23) Summary Phase 0.020ms
[954.206s][info ][gc,phases,start] GC(23) Adjust Roots
[954.228s][info ][gc,phases      ] GC(23) Adjust Roots 22.084ms
[954.228s][info ][gc,phases,start] GC(23) Compaction Phase
[954.334s][info ][gc,phases      ] GC(23) Compaction Phase 105.588ms
[954.334s][info ][gc,phases,start] GC(23) Post Compact
[954.336s][debug][gc,phases      ] GC(23) Purge Class Loader Data 0.635ms
[954.336s][info ][gc,phases      ] GC(23) Post Compact 2.013ms
[954.336s][info ][gc,heap        ] GC(23) PSYoungGen: 29394K(1877504K)->0K(1877504K) Eden: 0K(1666048K)->0K(1666048K) From: 29394K(211456K)->0K(211456K)
[954.336s][info ][gc,heap        ] GC(23) ParOldGen: 286768K(287232K)->266419K(287232K)
[954.336s][info ][gc,metaspace   ] GC(23) Metaspace: 104752K(105984K)->104752K(105984K) NonClass: 89082K(89792K)->89082K(89792K) Class: 15670K(16192K)->15670K(16192K)
[954.336s][info ][gc             ] GC(23) Pause Full (CodeCache GC Threshold) 308M->260M(2114M) 289.834ms
[954.336s][info ][gc,cpu         ] GC(23) User=0.82s Sys=0.03s Real=0.29s
[954.336s][info ][safepoint      ] Safepoint "ParallelGCSystemGC", Time since last: 464572343 ns, Reaching safepoint: 7201 ns, Cleanup: 7300 ns, At safepoint: 305056299 ns, Total: 305070800 ns
[955.336s][info ][safepoint      ] Safepoint "Cleanup", Time since last: 1000120819 ns, Reaching safepoint: 12100 ns, Cleanup: 139605 ns, At safepoint: 2900 ns, Total: 154605 ns
[959.337s][info ][safepoint      ] Safepoint "Cleanup", Time since last: 4000386475 ns, Reaching safepoint: 9300 ns, Cleanup: 18301 ns, At safepoint: 14400 ns, Total: 42001 ns
[960.337s][info ][safepoint      ] Safepoint "Cleanup", Time since last: 1000117742 ns, Reaching safepoint: 10200 ns, Cleanup: 40702 ns, At safepoint: 2700 ns, Total: 53602 ns
[961.378s][info ][safepoint      ] Safepoint "Cleanup", Time since last: 1041164274 ns, Reaching safepoint: 11801 ns, Cleanup: 17200 ns, At safepoint: 3201 ns, Total: 32202 ns
[962.378s][info ][safepoint      ] Safepoint "Cleanup", Time since last: 1000147108 ns, Reaching safepoint: 9200 ns, Cleanup: 10301 ns, At safepoint: 2500 ns, Total: 22001 ns
[963.379s][info ][safepoint      ] Safepoint "Cleanup", Time since last: 1000114068 ns, Reaching safepoint: 170307 ns, Cleanup: 15801 ns, At safepoint: 29701 ns, Total: 215809 ns
[964.379s][info ][safepoint      ] Safepoint "Cleanup", Time since last: 1000136269 ns, Reaching safepoint: 8800 ns, Cleanup: 27302 ns, At safepoint: 2500 ns, Total: 38602 ns
[965.379s][info ][safepoint      ] Safepoint "Cleanup", Time since last: 1000122269 ns, Reaching safepoint: 11100 ns, Cleanup: 22801 ns, At safepoint: 2900 ns, Total: 36801 ns
[966.379s][info ][safepoint      ] Safepoint "Cleanup", Time since last: 1000161670 ns, Reaching safepoint: 12601 ns, Cleanup: 15401 ns, At safepoint: 2700 ns, Total: 30702 ns
[967.379s][info ][safepoint      ] Safepoint "Cleanup", Time since last: 1000145969 ns, Reaching safepoint: 14701 ns, Cleanup: 43702 ns, At safepoint: 3400 ns, Total: 61803 ns
[972.380s][info ][safepoint      ] Safepoint "Cleanup", Time since last: 5000445154 ns, Reaching safepoint: 9301 ns, Cleanup: 20700 ns, At safepoint: 3100 ns, Total: 33101 ns
[973.380s][info ][safepoint      ] Safepoint "Cleanup", Time since last: 1000133498 ns, Reaching safepoint: 9700 ns, Cleanup: 18201 ns, At safepoint: 2500 ns, Total: 30401 ns
[976.380s][info ][safepoint      ] Safepoint "Cleanup", Time since last: 3000267182 ns, Reaching safepoint: 9801 ns, Cleanup: 12600 ns, At safepoint: 2600 ns, Total: 25001 ns
[978.381s][info ][safepoint      ] Safepoint "Cleanup", Time since last: 2000203761 ns, Reaching safepoint: 8800 ns, Cleanup: 18001 ns, At safepoint: 2700 ns, Total: 29501 ns
[981.381s][info ][safepoint      ] Safepoint "Cleanup", Time since last: 3000249823 ns, Reaching safepoint: 12300 ns, Cleanup: 24301 ns, At safepoint: 2800 ns, Total: 39401 ns
[983.381s][info ][safepoint      ] Safepoint "Cleanup", Time since last: 2000269286 ns, Reaching safepoint: 12701 ns, Cleanup: 16200 ns, At safepoint: 2700 ns, Total: 31601 ns
[985.381s][info ][safepoint      ] Safepoint "Cleanup", Time since last: 2000216385 ns, Reaching safepoint: 12500 ns, Cleanup: 21201 ns, At safepoint: 3200 ns, Total: 36901 ns
[993.382s][info ][safepoint      ] Safepoint "Cleanup", Time since last: 8000738734 ns, Reaching safepoint: 10800 ns, Cleanup: 17101 ns, At safepoint: 3000 ns, Total: 30901 ns
[994.254s][info ][gc,start       ] GC(24) Pause Young (Allocation Failure)
[994.266s][debug][gc,phases      ] GC(24) Scavenge 11.731ms
[994.266s][debug][gc,ref         ] GC(24) ReferenceProcessor::execute queues: 1, RefProcThreadModel::Single, marks_oops_alive: false
[994.266s][debug][gc,ref         ] GC(24) Skipped KeepAliveFinalRefsPhase of Reference Processing: no references
[994.266s][debug][gc,ref         ] GC(24) ReferenceProcessor::execute queues: 1, RefProcThreadModel::Single, marks_oops_alive: false
[994.266s][debug][gc,phases      ] GC(24) Reference Processing 0.125ms
[994.266s][debug][gc,phases      ] GC(24)   VM Weak                        Min:  0.0, Avg:  0.0, Max:  0.0, Diff:  0.0, Sum:  0.0, Workers: 4
[994.266s][debug][gc,phases      ] GC(24)     Dead                           Min: 0, Avg:  0.0, Max: 0, Diff: 0, Sum: 0, Workers: 4
[994.266s][debug][gc,phases      ] GC(24)     Total                          Min: 0, Avg: 240.8, Max: 899, Diff: 899, Sum: 963, Workers: 4
[994.266s][debug][gc,phases      ] GC(24)   ObjectSynchronizer Weak        Min:  0.0, Avg:  0.0, Max:  0.0, Diff:  0.0, Sum:  0.0, Workers: 4
[994.266s][debug][gc,phases      ] GC(24)     Dead                           Min: 0, Avg:  0.0, Max: 0, Diff: 0, Sum: 0, Workers: 4
[994.266s][debug][gc,phases      ] GC(24)     Total                          Min: 0, Avg:  1.2, Max: 5, Diff: 5, Sum: 5, Workers: 4
[994.266s][debug][gc,phases      ] GC(24)   JVMTI Tag Weak OopStorage      Min:  0.0, Avg:  0.0, Max:  0.0, Diff:  0.0, Sum:  0.0, Workers: 4
[994.266s][debug][gc,phases      ] GC(24)     Dead                           Min: 0, Avg:  0.0, Max: 0, Diff: 0, Sum: 0, Workers: 4
[994.266s][debug][gc,phases      ] GC(24)     Total                          Min: 0, Avg:  0.0, Max: 0, Diff: 0, Sum: 0, Workers: 4
[994.266s][debug][gc,phases      ] GC(24)   StringTable Weak               Min:  0.0, Avg:  0.1, Max:  0.2, Diff:  0.2, Sum:  0.5, Workers: 4
[994.266s][debug][gc,phases      ] GC(24)     Dead                           Min: 0, Avg:  0.2, Max: 1, Diff: 1, Sum: 1, Workers: 4
[994.266s][debug][gc,phases      ] GC(24)     Total                          Min: 0, Avg: 11392.2, Max: 24129, Diff: 24129, Sum: 45569, Workers: 4
[994.266s][debug][gc,phases      ] GC(24)   ResolvedMethodTable Weak       Min:  0.0, Avg:  0.0, Max:  0.1, Diff:  0.1, Sum:  0.2, Workers: 4
[994.266s][debug][gc,phases      ] GC(24)     Dead                           Min: 0, Avg:  4.5, Max: 17, Diff: 17, Sum: 18, Workers: 4
[994.266s][debug][gc,phases      ] GC(24)     Total                          Min: 0, Avg: 3562.2, Max: 7664, Diff: 7664, Sum: 14249, Workers: 4
[994.266s][debug][gc,phases      ] GC(24)   JNI Weak                       Min:  0.0, Avg:  0.0, Max:  0.0, Diff:  0.0, Sum:  0.0, Workers: 4
[994.266s][debug][gc,phases      ] GC(24)     Dead                           Min: 0, Avg:  0.0, Max: 0, Diff: 0, Sum: 0, Workers: 4
[994.266s][debug][gc,phases      ] GC(24)     Total                          Min: 0, Avg: 13.0, Max: 52, Diff: 52, Sum: 52, Workers: 4
[994.266s][debug][gc,phases      ] GC(24)   StringDedup Table Weak         Min:  0.0, Avg:  0.0, Max:  0.0, Diff:  0.0, Sum:  0.0, Workers: 4
[994.266s][debug][gc,phases      ] GC(24)     Dead                           Min: 0, Avg:  0.0, Max: 0, Diff: 0, Sum: 0, Workers: 4
[994.266s][debug][gc,phases      ] GC(24)     Total                          Min: 0, Avg:  0.0, Max: 0, Diff: 0, Sum: 0, Workers: 4
[994.266s][debug][gc,phases      ] GC(24)   StringDedup Requests0 Weak     Min:  0.0, Avg:  0.0, Max:  0.0, Diff:  0.0, Sum:  0.0, Workers: 4
[994.266s][debug][gc,phases      ] GC(24)     Dead                           Min: 0, Avg:  0.0, Max: 0, Diff: 0, Sum: 0, Workers: 4
[994.266s][debug][gc,phases      ] GC(24)     Total                          Min: 0, Avg:  0.0, Max: 0, Diff: 0, Sum: 0, Workers: 4
[994.266s][debug][gc,phases      ] GC(24)   StringDedup Requests1 Weak     Min:  0.0, Avg:  0.0, Max:  0.0, Diff:  0.0, Sum:  0.0, Workers: 4
[994.266s][debug][gc,phases      ] GC(24)     Dead                           Min: 0, Avg:  0.0, Max: 0, Diff: 0, Sum: 0, Workers: 4
[994.266s][debug][gc,phases      ] GC(24)     Total                          Min: 0, Avg:  0.0, Max: 0, Diff: 0, Sum: 0, Workers: 4
[994.266s][debug][gc,phases      ] GC(24)   Weak JFR Old Object Samples    Min:  0.0, Avg:  0.0, Max:  0.0, Diff:  0.0, Sum:  0.0, Workers: 4
[994.266s][debug][gc,phases      ] GC(24)     Dead                           Min: 0, Avg:  0.0, Max: 0, Diff: 0, Sum: 0, Workers: 4
[994.266s][debug][gc,phases      ] GC(24)     Total                          Min: 0, Avg:  0.0, Max: 0, Diff: 0, Sum: 0, Workers: 4
[994.266s][debug][gc,phases      ] GC(24) Weak Processing 0.557ms
[994.266s][debug][gc,age         ] GC(24) Desired survivor size 191365120 bytes, new threshold 1 (max threshold 15)
[994.266s][info ][gc,heap        ] GC(24) PSYoungGen: 1666048K(1877504K)->25859K(1910272K) Eden: 1666048K(1666048K)->0K(1711616K) From: 0K(211456K)->25859K(198656K)
[994.266s][info ][gc,heap        ] GC(24) ParOldGen: 266419K(287232K)->266427K(287232K)
[994.266s][info ][gc,metaspace   ] GC(24) Metaspace: 104893K(106176K)->104893K(106176K) NonClass: 89206K(89920K)->89206K(89920K) Class: 15686K(16256K)->15686K(16256K)
[994.266s][info ][gc             ] GC(24) Pause Young (Allocation Failure) 1887M->285M(2146M) 12.566ms
[994.266s][info ][gc,cpu         ] GC(24) User=0.04s Sys=0.00s Real=0.01s
[994.266s][info ][safepoint      ] Safepoint "ParallelGCFailedAllocation", Time since last: 871448552 ns, Reaching safepoint: 82803 ns, Cleanup: 13000 ns, At safepoint: 12659290 ns, Total: 12755093 ns
[996.267s][info ][safepoint      ] Safepoint "Cleanup", Time since last: 2000163567 ns, Reaching safepoint: 9800 ns, Cleanup: 18401 ns, At safepoint: 3100 ns, Total: 31301 ns
[1002.267s][info ][safepoint      ] Safepoint "Cleanup", Time since last: 6000504051 ns, Reaching safepoint: 9900 ns, Cleanup: 13901 ns, At safepoint: 2600 ns, Total: 26401 ns
[1006.268s][info ][safepoint      ] Safepoint "Cleanup", Time since last: 4000349615 ns, Reaching safepoint: 9401 ns, Cleanup: 11300 ns, At safepoint: 3000 ns, Total: 23701 ns
[1007.268s][info ][safepoint      ] Safepoint "Cleanup", Time since last: 1000124905 ns, Reaching safepoint: 9001 ns, Cleanup: 12800 ns, At safepoint: 2800 ns, Total: 24601 ns
[1011.268s][info ][safepoint      ] Safepoint "Cleanup", Time since last: 4000357478 ns, Reaching safepoint: 10600 ns, Cleanup: 9300 ns, At safepoint: 2901 ns, Total: 22801 ns
[1022.400s][info ][safepoint      ] Safepoint "Cleanup", Time since last: 11131754778 ns, Reaching safepoint: 10100 ns, Cleanup: 12301 ns, At safepoint: 2700 ns, Total: 25101 ns
[1028.400s][info ][safepoint      ] Safepoint "Cleanup", Time since last: 6000510283 ns, Reaching safepoint: 10200 ns, Cleanup: 18801 ns, At safepoint: 2600 ns, Total: 31601 ns
[1029.401s][info ][safepoint      ] Safepoint "Cleanup", Time since last: 1000126267 ns, Reaching safepoint: 11600 ns, Cleanup: 14401 ns, At safepoint: 2600 ns, Total: 28601 ns
[1031.401s][info ][safepoint      ] Safepoint "Cleanup", Time since last: 2000203532 ns, Reaching safepoint: 10300 ns, Cleanup: 14401 ns, At safepoint: 2600 ns, Total: 27301 ns
[1035.401s][info ][safepoint      ] Safepoint "Cleanup", Time since last: 4000359317 ns, Reaching safepoint: 84803 ns, Cleanup: 12700 ns, At safepoint: 7801 ns, Total: 105304 ns
[1038.402s][info ][safepoint      ] Safepoint "Cleanup", Time since last: 3000290848 ns, Reaching safepoint: 86802 ns, Cleanup: 11701 ns, At safepoint: 7500 ns, Total: 106003 ns
[1049.403s][info ][safepoint      ] Safepoint "Cleanup", Time since last: 11000920941 ns, Reaching safepoint: 85303 ns, Cleanup: 11900 ns, At safepoint: 33601 ns, Total: 130804 ns
[1053.057s][info ][gc,start       ] GC(25) Pause Young (Allocation Failure)
[1053.073s][debug][gc,phases      ] GC(25) Scavenge 15.963ms
[1053.073s][debug][gc,ref         ] GC(25) ReferenceProcessor::execute queues: 1, RefProcThreadModel::Single, marks_oops_alive: false
[1053.073s][debug][gc,ref         ] GC(25) Skipped KeepAliveFinalRefsPhase of Reference Processing: no references
[1053.073s][debug][gc,ref         ] GC(25) ReferenceProcessor::execute queues: 1, RefProcThreadModel::Single, marks_oops_alive: false
[1053.073s][debug][gc,phases      ] GC(25) Reference Processing 0.270ms
[1053.074s][debug][gc,phases      ] GC(25)   VM Weak                        Min:  0.0, Avg:  0.0, Max:  0.0, Diff:  0.0, Sum:  0.0, Workers: 4
[1053.074s][debug][gc,phases      ] GC(25)     Dead                           Min: 0, Avg:  0.0, Max: 0, Diff: 0, Sum: 0, Workers: 4
[1053.074s][debug][gc,phases      ] GC(25)     Total                          Min: 0, Avg: 240.8, Max: 704, Diff: 704, Sum: 963, Workers: 4
[1053.074s][debug][gc,phases      ] GC(25)   ObjectSynchronizer Weak        Min:  0.0, Avg:  0.0, Max:  0.0, Diff:  0.0, Sum:  0.0, Workers: 4
[1053.074s][debug][gc,phases      ] GC(25)     Dead                           Min: 0, Avg:  0.0, Max: 0, Diff: 0, Sum: 0, Workers: 4
[1053.074s][debug][gc,phases      ] GC(25)     Total                          Min: 0, Avg:  0.8, Max: 3, Diff: 3, Sum: 3, Workers: 4
[1053.074s][debug][gc,phases      ] GC(25)   JVMTI Tag Weak OopStorage      Min:  0.0, Avg:  0.0, Max:  0.0, Diff:  0.0, Sum:  0.0, Workers: 4
[1053.074s][debug][gc,phases      ] GC(25)     Dead                           Min: 0, Avg:  0.0, Max: 0, Diff: 0, Sum: 0, Workers: 4
[1053.074s][debug][gc,phases      ] GC(25)     Total                          Min: 0, Avg:  0.0, Max: 0, Diff: 0, Sum: 0, Workers: 4
[1053.074s][debug][gc,phases      ] GC(25)   StringTable Weak               Min:  0.0, Avg:  0.3, Max:  0.4, Diff:  0.4, Sum:  1.1, Workers: 4
[1053.074s][debug][gc,phases      ] GC(25)     Dead                           Min: 0, Avg:  0.0, Max: 0, Diff: 0, Sum: 0, Workers: 4
[1053.074s][debug][gc,phases      ] GC(25)     Total                          Min: 0, Avg: 11392.8, Max: 16131, Diff: 16131, Sum: 45571, Workers: 4
[1053.074s][debug][gc,phases      ] GC(25)   ResolvedMethodTable Weak       Min:  0.0, Avg:  0.1, Max:  0.2, Diff:  0.2, Sum:  0.5, Workers: 4
[1053.074s][debug][gc,phases      ] GC(25)     Dead                           Min: 0, Avg:  4.2, Max: 17, Diff: 17, Sum: 17, Workers: 4
[1053.074s][debug][gc,phases      ] GC(25)     Total                          Min: 0, Avg: 3562.8, Max: 5262, Diff: 5262, Sum: 14251, Workers: 4
[1053.074s][debug][gc,phases      ] GC(25)   JNI Weak                       Min:  0.0, Avg:  0.0, Max:  0.0, Diff:  0.0, Sum:  0.0, Workers: 4
[1053.074s][debug][gc,phases      ] GC(25)     Dead                           Min: 0, Avg:  0.0, Max: 0, Diff: 0, Sum: 0, Workers: 4
[1053.074s][debug][gc,phases      ] GC(25)     Total                          Min: 0, Avg: 13.0, Max: 52, Diff: 52, Sum: 52, Workers: 4
[1053.074s][debug][gc,phases      ] GC(25)   StringDedup Table Weak         Min:  0.0, Avg:  0.0, Max:  0.0, Diff:  0.0, Sum:  0.0, Workers: 4
[1053.074s][debug][gc,phases      ] GC(25)     Dead                           Min: 0, Avg:  0.0, Max: 0, Diff: 0, Sum: 0, Workers: 4
[1053.074s][debug][gc,phases      ] GC(25)     Total                          Min: 0, Avg:  0.0, Max: 0, Diff: 0, Sum: 0, Workers: 4
[1053.074s][debug][gc,phases      ] GC(25)   StringDedup Requests0 Weak     Min:  0.0, Avg:  0.0, Max:  0.0, Diff:  0.0, Sum:  0.0, Workers: 4
[1053.074s][debug][gc,phases      ] GC(25)     Dead                           Min: 0, Avg:  0.0, Max: 0, Diff: 0, Sum: 0, Workers: 4
[1053.074s][debug][gc,phases      ] GC(25)     Total                          Min: 0, Avg:  0.0, Max: 0, Diff: 0, Sum: 0, Workers: 4
[1053.074s][debug][gc,phases      ] GC(25)   StringDedup Requests1 Weak     Min:  0.0, Avg:  0.0, Max:  0.0, Diff:  0.0, Sum:  0.0, Workers: 4
[1053.074s][debug][gc,phases      ] GC(25)     Dead                           Min: 0, Avg:  0.0, Max: 0, Diff: 0, Sum: 0, Workers: 4
[1053.074s][debug][gc,phases      ] GC(25)     Total                          Min: 0, Avg:  0.0, Max: 0, Diff: 0, Sum: 0, Workers: 4
[1053.074s][debug][gc,phases      ] GC(25)   Weak JFR Old Object Samples    Min:  0.0, Avg:  0.0, Max:  0.0, Diff:  0.0, Sum:  0.0, Workers: 4
[1053.074s][debug][gc,phases      ] GC(25)     Dead                           Min: 0, Avg:  0.0, Max: 0, Diff: 0, Sum: 0, Workers: 4
[1053.074s][debug][gc,phases      ] GC(25)     Total                          Min: 0, Avg:  0.0, Max: 0, Diff: 0, Sum: 0, Workers: 4
[1053.074s][debug][gc,phases      ] GC(25) Weak Processing 0.929ms
[1053.074s][debug][gc,age         ] GC(25) Desired survivor size 184549376 bytes, new threshold 1 (max threshold 15)
[1053.074s][info ][gc,heap        ] GC(25) PSYoungGen: 1737475K(1910272K)->2608K(1898496K) Eden: 1711616K(1711616K)->0K(1711616K) From: 25859K(198656K)->2608K(186880K)
[1053.074s][info ][gc,heap        ] GC(25) ParOldGen: 266427K(287232K)->291352K(291840K)
[1053.074s][info ][gc,metaspace   ] GC(25) Metaspace: 104915K(106240K)->104915K(106240K) NonClass: 89227K(89984K)->89227K(89984K) Class: 15687K(16256K)->15687K(16256K)
[1053.074s][info ][gc             ] GC(25) Pause Young (Allocation Failure) 1956M->287M(2139M) 17.458ms
[1053.074s][info ][gc,cpu         ] GC(25) User=0.04s Sys=0.02s Real=0.02s
[1053.074s][info ][safepoint      ] Safepoint "ParallelGCFailedAllocation", Time since last: 3653792646 ns, Reaching safepoint: 9801 ns, Cleanup: 6200 ns, At safepoint: 17587127 ns, Total: 17603128 ns
[1059.075s][info ][safepoint      ] Safepoint "Cleanup", Time since last: 6000565910 ns, Reaching safepoint: 11900 ns, Cleanup: 22201 ns, At safepoint: 2900 ns, Total: 37001 ns
[1078.076s][info ][safepoint      ] Safepoint "Cleanup", Time since last: 19001520929 ns, Reaching safepoint: 9800 ns, Cleanup: 12401 ns, At safepoint: 2700 ns, Total: 24901 ns
[1079.076s][info ][safepoint      ] Safepoint "Cleanup", Time since last: 1000138939 ns, Reaching safepoint: 11901 ns, Cleanup: 22700 ns, At safepoint: 2800 ns, Total: 37401 ns
[1080.077s][info ][safepoint      ] Safepoint "Cleanup", Time since last: 1000132040 ns, Reaching safepoint: 10600 ns, Cleanup: 14100 ns, At safepoint: 2700 ns, Total: 27400 ns
[1082.420s][info ][safepoint      ] Safepoint "Cleanup", Time since last: 2343208231 ns, Reaching safepoint: 8300 ns, Cleanup: 33301 ns, At safepoint: 2600 ns, Total: 44201 ns
[1084.420s][info ][safepoint      ] Safepoint "Cleanup", Time since last: 2000206584 ns, Reaching safepoint: 9300 ns, Cleanup: 11601 ns, At safepoint: 2900 ns, Total: 23801 ns
[1085.420s][info ][safepoint      ] Safepoint "Cleanup", Time since last: 1000124642 ns, Reaching safepoint: 8600 ns, Cleanup: 11201 ns, At safepoint: 2500 ns, Total: 22301 ns
[1087.420s][info ][safepoint      ] Safepoint "Cleanup", Time since last: 2000191583 ns, Reaching safepoint: 8700 ns, Cleanup: 10301 ns, At safepoint: 2600 ns, Total: 21601 ns
[1089.421s][info ][safepoint      ] Safepoint "Cleanup", Time since last: 2000199983 ns, Reaching safepoint: 9600 ns, Cleanup: 11001 ns, At safepoint: 2700 ns, Total: 23301 ns
[1091.421s][info ][safepoint      ] Safepoint "Cleanup", Time since last: 2000255945 ns, Reaching safepoint: 10100 ns, Cleanup: 15401 ns, At safepoint: 2800 ns, Total: 28301 ns
[1092.421s][info ][safepoint      ] Safepoint "Cleanup", Time since last: 1000145171 ns, Reaching safepoint: 11700 ns, Cleanup: 14001 ns, At safepoint: 3200 ns, Total: 28901 ns
[1095.421s][info ][safepoint      ] Safepoint "Cleanup", Time since last: 3000334209 ns, Reaching safepoint: 10501 ns, Cleanup: 16900 ns, At safepoint: 2601 ns, Total: 30002 ns
[1096.422s][info ][safepoint      ] Safepoint "Cleanup", Time since last: 1000147871 ns, Reaching safepoint: 11200 ns, Cleanup: 33901 ns, At safepoint: 2400 ns, Total: 47501 ns
[1098.422s][info ][safepoint      ] Safepoint "Cleanup", Time since last: 2000207324 ns, Reaching safepoint: 10000 ns, Cleanup: 24401 ns, At safepoint: 3000 ns, Total: 37401 ns
[1099.422s][info ][safepoint      ] Safepoint "Cleanup", Time since last: 1000135336 ns, Reaching safepoint: 10500 ns, Cleanup: 14000 ns, At safepoint: 2801 ns, Total: 27301 ns
[1100.422s][info ][safepoint      ] Safepoint "Cleanup", Time since last: 1000136535 ns, Reaching safepoint: 12700 ns, Cleanup: 14601 ns, At safepoint: 2800 ns, Total: 30101 ns
[1102.423s][info ][safepoint      ] Safepoint "Cleanup", Time since last: 2000269071 ns, Reaching safepoint: 15900 ns, Cleanup: 19701 ns, At safepoint: 3200 ns, Total: 38801 ns
[1108.423s][info ][safepoint      ] Safepoint "Cleanup", Time since last: 6000642631 ns, Reaching safepoint: 11300 ns, Cleanup: 14301 ns, At safepoint: 3000 ns, Total: 28601 ns
[1109.378s][info ][gc,start       ] GC(26) Pause Young (Allocation Failure)
[1109.383s][debug][gc,phases      ] GC(26) Scavenge 5.063ms
[1109.383s][debug][gc,ref         ] GC(26) ReferenceProcessor::execute queues: 1, RefProcThreadModel::Single, marks_oops_alive: false
[1109.383s][debug][gc,ref         ] GC(26) Skipped KeepAliveFinalRefsPhase of Reference Processing: no references
[1109.383s][debug][gc,ref         ] GC(26) ReferenceProcessor::execute queues: 1, RefProcThreadModel::Single, marks_oops_alive: false
[1109.383s][debug][gc,phases      ] GC(26) Reference Processing 0.114ms
[1109.383s][debug][gc,phases      ] GC(26)   VM Weak                        Min:  0.0, Avg:  0.0, Max:  0.0, Diff:  0.0, Sum:  0.0, Workers: 4
[1109.383s][debug][gc,phases      ] GC(26)     Dead                           Min: 0, Avg:  0.0, Max: 0, Diff: 0, Sum: 0, Workers: 4
[1109.383s][debug][gc,phases      ] GC(26)     Total                          Min: 0, Avg: 240.8, Max: 579, Diff: 579, Sum: 963, Workers: 4
[1109.383s][debug][gc,phases      ] GC(26)   ObjectSynchronizer Weak        Min:  0.0, Avg:  0.0, Max:  0.0, Diff:  0.0, Sum:  0.0, Workers: 4
[1109.383s][debug][gc,phases      ] GC(26)     Dead                           Min: 0, Avg:  0.0, Max: 0, Diff: 0, Sum: 0, Workers: 4
[1109.383s][debug][gc,phases      ] GC(26)     Total                          Min: 0, Avg:  1.0, Max: 4, Diff: 4, Sum: 4, Workers: 4
[1109.383s][debug][gc,phases      ] GC(26)   JVMTI Tag Weak OopStorage      Min:  0.0, Avg:  0.0, Max:  0.0, Diff:  0.0, Sum:  0.0, Workers: 4
[1109.383s][debug][gc,phases      ] GC(26)     Dead                           Min: 0, Avg:  0.0, Max: 0, Diff: 0, Sum: 0, Workers: 4
[1109.383s][debug][gc,phases      ] GC(26)     Total                          Min: 0, Avg:  0.0, Max: 0, Diff: 0, Sum: 0, Workers: 4
[1109.383s][debug][gc,phases      ] GC(26)   StringTable Weak               Min:  0.0, Avg:  0.1, Max:  0.1, Diff:  0.1, Sum:  0.4, Workers: 4
[1109.383s][debug][gc,phases      ] GC(26)     Dead                           Min: 0, Avg:  0.2, Max: 1, Diff: 1, Sum: 1, Workers: 4
[1109.383s][debug][gc,phases      ] GC(26)     Total                          Min: 0, Avg: 11394.0, Max: 16905, Diff: 16905, Sum: 45576, Workers: 4
[1109.383s][debug][gc,phases      ] GC(26)   ResolvedMethodTable Weak       Min:  0.0, Avg:  0.0, Max:  0.0, Diff:  0.0, Sum:  0.1, Workers: 4
[1109.383s][debug][gc,phases      ] GC(26)     Dead                           Min: 0, Avg:  4.0, Max: 16, Diff: 16, Sum: 16, Workers: 4
[1109.383s][debug][gc,phases      ] GC(26)     Total                          Min: 0, Avg: 3564.0, Max: 5208, Diff: 5208, Sum: 14256, Workers: 4
[1109.383s][debug][gc,phases      ] GC(26)   JNI Weak                       Min:  0.0, Avg:  0.0, Max:  0.0, Diff:  0.0, Sum:  0.0, Workers: 4
[1109.383s][debug][gc,phases      ] GC(26)     Dead                           Min: 0, Avg:  0.0, Max: 0, Diff: 0, Sum: 0, Workers: 4
[1109.383s][debug][gc,phases      ] GC(26)     Total                          Min: 0, Avg: 13.0, Max: 52, Diff: 52, Sum: 52, Workers: 4
[1109.383s][debug][gc,phases      ] GC(26)   StringDedup Table Weak         Min:  0.0, Avg:  0.0, Max:  0.0, Diff:  0.0, Sum:  0.0, Workers: 4
[1109.383s][debug][gc,phases      ] GC(26)     Dead                           Min: 0, Avg:  0.0, Max: 0, Diff: 0, Sum: 0, Workers: 4
[1109.383s][debug][gc,phases      ] GC(26)     Total                          Min: 0, Avg:  0.0, Max: 0, Diff: 0, Sum: 0, Workers: 4
[1109.383s][debug][gc,phases      ] GC(26)   StringDedup Requests0 Weak     Min:  0.0, Avg:  0.0, Max:  0.0, Diff:  0.0, Sum:  0.0, Workers: 4
[1109.383s][debug][gc,phases      ] GC(26)     Dead                           Min: 0, Avg:  0.0, Max: 0, Diff: 0, Sum: 0, Workers: 4
[1109.383s][debug][gc,phases      ] GC(26)     Total                          Min: 0, Avg:  0.0, Max: 0, Diff: 0, Sum: 0, Workers: 4
[1109.383s][debug][gc,phases      ] GC(26)   StringDedup Requests1 Weak     Min:  0.0, Avg:  0.0, Max:  0.0, Diff:  0.0, Sum:  0.0, Workers: 4
[1109.383s][debug][gc,phases      ] GC(26)     Dead                           Min: 0, Avg:  0.0, Max: 0, Diff: 0, Sum: 0, Workers: 4
[1109.383s][debug][gc,phases      ] GC(26)     Total                          Min: 0, Avg:  0.0, Max: 0, Diff: 0, Sum: 0, Workers: 4
[1109.383s][debug][gc,phases      ] GC(26)   Weak JFR Old Object Samples    Min:  0.0, Avg:  0.0, Max:  0.0, Diff:  0.0, Sum:  0.0, Workers: 4
[1109.383s][debug][gc,phases      ] GC(26)     Dead                           Min: 0, Avg:  0.0, Max: 0, Diff: 0, Sum: 0, Workers: 4
[1109.383s][debug][gc,phases      ] GC(26)     Total                          Min: 0, Avg:  0.0, Max: 0, Diff: 0, Sum: 0, Workers: 4
[1109.383s][debug][gc,phases      ] GC(26) Weak Processing 0.428ms
[1109.383s][debug][gc,age         ] GC(26) Desired survivor size 176160768 bytes, new threshold 1 (max threshold 15)
[1109.383s][info ][gc,heap        ] GC(26) PSYoungGen: 1714224K(1898496K)->6880K(1925120K) Eden: 1711616K(1711616K)->0K(1744896K) From: 2608K(186880K)->6880K(180224K)
[1109.383s][info ][gc,heap        ] GC(26) ParOldGen: 291352K(291840K)->292404K(292864K)
[1109.383s][info ][gc,metaspace   ] GC(26) Metaspace: 104995K(106304K)->104995K(106304K) NonClass: 89304K(90048K)->89304K(90048K) Class: 15690K(16256K)->15690K(16256K)
[1109.383s][info ][gc             ] GC(26) Pause Young (Allocation Failure) 1958M->292M(2166M) 5.744ms
[1109.383s][info ][gc,cpu         ] GC(26) User=0.02s Sys=0.00s Real=0.00s
[1109.383s][info ][safepoint      ] Safepoint "ParallelGCFailedAllocation", Time since last: 954342654 ns, Reaching safepoint: 9401 ns, Cleanup: 4300 ns, At safepoint: 5824397 ns, Total: 5838098 ns
[1110.384s][info ][safepoint      ] Safepoint "Cleanup", Time since last: 1000095306 ns, Reaching safepoint: 9900 ns, Cleanup: 10401 ns, At safepoint: 3000 ns, Total: 23301 ns
[1111.384s][info ][safepoint      ] Safepoint "Cleanup", Time since last: 1000119806 ns, Reaching safepoint: 10801 ns, Cleanup: 17100 ns, At safepoint: 3101 ns, Total: 31002 ns
[1112.384s][info ][safepoint      ] Safepoint "Cleanup", Time since last: 1000119006 ns, Reaching safepoint: 8700 ns, Cleanup: 12301 ns, At safepoint: 2500 ns, Total: 23501 ns
[1113.384s][info ][safepoint      ] Safepoint "Cleanup", Time since last: 1000108006 ns, Reaching safepoint: 9700 ns, Cleanup: 12901 ns, At safepoint: 3200 ns, Total: 25801 ns
[1114.384s][info ][safepoint      ] Safepoint "Cleanup", Time since last: 1000123006 ns, Reaching safepoint: 11000 ns, Cleanup: 27401 ns, At safepoint: 2700 ns, Total: 41101 ns
[1115.384s][info ][safepoint      ] Safepoint "Cleanup", Time since last: 1000130705 ns, Reaching safepoint: 11800 ns, Cleanup: 90803 ns, At safepoint: 3000 ns, Total: 105603 ns
[1116.385s][info ][safepoint      ] Safepoint "Cleanup", Time since last: 1000132705 ns, Reaching safepoint: 11500 ns, Cleanup: 24101 ns, At safepoint: 3000 ns, Total: 38601 ns
[1117.385s][info ][safepoint      ] Safepoint "Cleanup", Time since last: 1000131604 ns, Reaching safepoint: 11001 ns, Cleanup: 22500 ns, At safepoint: 2501 ns, Total: 36002 ns
[1118.385s][info ][safepoint      ] Safepoint "Cleanup", Time since last: 1000143504 ns, Reaching safepoint: 11501 ns, Cleanup: 31501 ns, At safepoint: 2900 ns, Total: 45902 ns
[1119.385s][info ][safepoint      ] Safepoint "Cleanup", Time since last: 1000140805 ns, Reaching safepoint: 9900 ns, Cleanup: 14400 ns, At safepoint: 2701 ns, Total: 27001 ns
[1120.385s][info ][safepoint      ] Safepoint "Cleanup", Time since last: 1000128404 ns, Reaching safepoint: 9400 ns, Cleanup: 18101 ns, At safepoint: 2600 ns, Total: 30101 ns
[1121.385s][info ][safepoint      ] Safepoint "Cleanup", Time since last: 1000114704 ns, Reaching safepoint: 8500 ns, Cleanup: 11100 ns, At safepoint: 2500 ns, Total: 22100 ns
[1122.385s][info ][safepoint      ] Safepoint "Cleanup", Time since last: 1000115805 ns, Reaching safepoint: 9401 ns, Cleanup: 12300 ns, At safepoint: 2700 ns, Total: 24401 ns
[1123.386s][info ][safepoint      ] Safepoint "Cleanup", Time since last: 1000130708 ns, Reaching safepoint: 9700 ns, Cleanup: 10700 ns, At safepoint: 2500 ns, Total: 22900 ns
[1125.386s][info ][safepoint      ] Safepoint "Cleanup", Time since last: 2000186913 ns, Reaching safepoint: 10200 ns, Cleanup: 12000 ns, At safepoint: 2501 ns, Total: 24701 ns
[1126.386s][info ][safepoint      ] Safepoint "Cleanup", Time since last: 1000120507 ns, Reaching safepoint: 7900 ns, Cleanup: 9500 ns, At safepoint: 2400 ns, Total: 19800 ns
[1127.386s][info ][safepoint      ] Safepoint "Cleanup", Time since last: 1000110107 ns, Reaching safepoint: 8500 ns, Cleanup: 11501 ns, At safepoint: 2400 ns, Total: 22401 ns
[1132.387s][info ][safepoint      ] Safepoint "Cleanup", Time since last: 5000414037 ns, Reaching safepoint: 9300 ns, Cleanup: 11400 ns, At safepoint: 2400 ns, Total: 23100 ns
[1134.387s][info ][safepoint      ] Safepoint "Cleanup", Time since last: 2000213128 ns, Reaching safepoint: 10000 ns, Cleanup: 17601 ns, At safepoint: 2800 ns, Total: 30401 ns
[1135.387s][info ][safepoint      ] Safepoint "Cleanup", Time since last: 1000132252 ns, Reaching safepoint: 10500 ns, Cleanup: 21501 ns, At safepoint: 2400 ns, Total: 34401 ns
[1137.387s][info ][safepoint      ] Safepoint "Cleanup", Time since last: 2000188301 ns, Reaching safepoint: 10000 ns, Cleanup: 15901 ns, At safepoint: 3000 ns, Total: 28901 ns
[1140.388s][info ][safepoint      ] Safepoint "Cleanup", Time since last: 3000274732 ns, Reaching safepoint: 84503 ns, Cleanup: 10601 ns, At safepoint: 6500 ns, Total: 101604 ns
[1142.441s][info ][safepoint      ] Safepoint "Cleanup", Time since last: 2053570841 ns, Reaching safepoint: 8801 ns, Cleanup: 18300 ns, At safepoint: 2500 ns, Total: 29601 ns
[1143.441s][info ][safepoint      ] Safepoint "Cleanup", Time since last: 1000121540 ns, Reaching safepoint: 9101 ns, Cleanup: 38101 ns, At safepoint: 2400 ns, Total: 49602 ns
[1144.441s][info ][safepoint      ] Safepoint "Cleanup", Time since last: 1000128740 ns, Reaching safepoint: 12101 ns, Cleanup: 19900 ns, At safepoint: 2400 ns, Total: 34401 ns
[1145.442s][info ][safepoint      ] Safepoint "Cleanup", Time since last: 1000127140 ns, Reaching safepoint: 11201 ns, Cleanup: 21301 ns, At safepoint: 2600 ns, Total: 35102 ns
[1147.442s][info ][safepoint      ] Safepoint "Cleanup", Time since last: 2000216173 ns, Reaching safepoint: 13700 ns, Cleanup: 16001 ns, At safepoint: 2900 ns, Total: 32601 ns
[1148.442s][info ][safepoint      ] Safepoint "Cleanup", Time since last: 1000158741 ns, Reaching safepoint: 12601 ns, Cleanup: 18500 ns, At safepoint: 2900 ns, Total: 34001 ns
[1149.442s][info ][safepoint      ] Safepoint "Cleanup", Time since last: 1000159941 ns, Reaching safepoint: 12701 ns, Cleanup: 21401 ns, At safepoint: 2800 ns, Total: 36902 ns
[1151.443s][info ][safepoint      ] Safepoint "Cleanup", Time since last: 2000275481 ns, Reaching safepoint: 12300 ns, Cleanup: 17101 ns, At safepoint: 2800 ns, Total: 32201 ns
[1153.443s][info ][safepoint      ] Safepoint "Cleanup", Time since last: 2000335082 ns, Reaching safepoint: 14801 ns, Cleanup: 23801 ns, At safepoint: 3100 ns, Total: 41702 ns
[1156.443s][info ][safepoint      ] Safepoint "Cleanup", Time since last: 3000408383 ns, Reaching safepoint: 13900 ns, Cleanup: 25001 ns, At safepoint: 2900 ns, Total: 41801 ns
[1158.444s][info ][safepoint      ] Safepoint "Cleanup", Time since last: 2000231399 ns, Reaching safepoint: 11400 ns, Cleanup: 15001 ns, At safepoint: 2700 ns, Total: 29101 ns
[1161.444s][info ][safepoint      ] Safepoint "Cleanup", Time since last: 3000317397 ns, Reaching safepoint: 15601 ns, Cleanup: 18800 ns, At safepoint: 3001 ns, Total: 37402 ns
[1163.298s][info ][gc,start       ] GC(27) Pause Young (Allocation Failure)
[1163.310s][debug][gc,phases      ] GC(27) Scavenge 12.115ms
[1163.310s][debug][gc,ref         ] GC(27) ReferenceProcessor::execute queues: 1, RefProcThreadModel::Single, marks_oops_alive: false
[1163.310s][debug][gc,ref         ] GC(27) Skipped KeepAliveFinalRefsPhase of Reference Processing: no references
[1163.310s][debug][gc,ref         ] GC(27) ReferenceProcessor::execute queues: 1, RefProcThreadModel::Single, marks_oops_alive: false
[1163.310s][debug][gc,phases      ] GC(27) Reference Processing 0.129ms
[1163.310s][debug][gc,phases      ] GC(27)   VM Weak                        Min:  0.0, Avg:  0.0, Max:  0.0, Diff:  0.0, Sum:  0.0, Workers: 4
[1163.310s][debug][gc,phases      ] GC(27)     Dead                           Min: 0, Avg:  0.0, Max: 0, Diff: 0, Sum: 0, Workers: 4
[1163.310s][debug][gc,phases      ] GC(27)     Total                          Min: 0, Avg: 241.8, Max: 448, Diff: 448, Sum: 967, Workers: 4
[1163.310s][debug][gc,phases      ] GC(27)   ObjectSynchronizer Weak        Min:  0.0, Avg:  0.0, Max:  0.0, Diff:  0.0, Sum:  0.0, Workers: 4
[1163.310s][debug][gc,phases      ] GC(27)     Dead                           Min: 0, Avg:  0.0, Max: 0, Diff: 0, Sum: 0, Workers: 4
[1163.310s][debug][gc,phases      ] GC(27)     Total                          Min: 0, Avg:  1.0, Max: 4, Diff: 4, Sum: 4, Workers: 4
[1163.310s][debug][gc,phases      ] GC(27)   JVMTI Tag Weak OopStorage      Min:  0.0, Avg:  0.0, Max:  0.0, Diff:  0.0, Sum:  0.0, Workers: 4
[1163.310s][debug][gc,phases      ] GC(27)     Dead                           Min: 0, Avg:  0.0, Max: 0, Diff: 0, Sum: 0, Workers: 4
[1163.310s][debug][gc,phases      ] GC(27)     Total                          Min: 0, Avg:  0.0, Max: 0, Diff: 0, Sum: 0, Workers: 4
[1163.310s][debug][gc,phases      ] GC(27)   StringTable Weak               Min:  0.0, Avg:  0.1, Max:  0.2, Diff:  0.2, Sum:  0.5, Workers: 4
[1163.311s][debug][gc,phases      ] GC(27)     Dead                           Min: 0, Avg:  0.5, Max: 2, Diff: 2, Sum: 2, Workers: 4
[1163.311s][debug][gc,phases      ] GC(27)     Total                          Min: 0, Avg: 11400.2, Max: 17279, Diff: 17279, Sum: 45601, Workers: 4
[1163.311s][debug][gc,phases      ] GC(27)   ResolvedMethodTable Weak       Min:  0.0, Avg:  0.0, Max:  0.1, Diff:  0.1, Sum:  0.2, Workers: 4
[1163.311s][debug][gc,phases      ] GC(27)     Dead                           Min: 0, Avg:  4.2, Max: 17, Diff: 17, Sum: 17, Workers: 4
[1163.311s][debug][gc,phases      ] GC(27)     Total                          Min: 0, Avg: 3570.8, Max: 5161, Diff: 5161, Sum: 14283, Workers: 4
[1163.311s][debug][gc,phases      ] GC(27)   JNI Weak                       Min:  0.0, Avg:  0.0, Max:  0.0, Diff:  0.0, Sum:  0.0, Workers: 4
[1163.311s][debug][gc,phases      ] GC(27)     Dead                           Min: 0, Avg:  0.0, Max: 0, Diff: 0, Sum: 0, Workers: 4
[1163.311s][debug][gc,phases      ] GC(27)     Total                          Min: 0, Avg: 13.0, Max: 52, Diff: 52, Sum: 52, Workers: 4
[1163.311s][debug][gc,phases      ] GC(27)   StringDedup Table Weak         Min:  0.0, Avg:  0.0, Max:  0.0, Diff:  0.0, Sum:  0.0, Workers: 4
[1163.311s][debug][gc,phases      ] GC(27)     Dead                           Min: 0, Avg:  0.0, Max: 0, Diff: 0, Sum: 0, Workers: 4
[1163.311s][debug][gc,phases      ] GC(27)     Total                          Min: 0, Avg:  0.0, Max: 0, Diff: 0, Sum: 0, Workers: 4
[1163.311s][debug][gc,phases      ] GC(27)   StringDedup Requests0 Weak     Min:  0.0, Avg:  0.0, Max:  0.0, Diff:  0.0, Sum:  0.0, Workers: 4
[1163.311s][debug][gc,phases      ] GC(27)     Dead                           Min: 0, Avg:  0.0, Max: 0, Diff: 0, Sum: 0, Workers: 4
[1163.311s][debug][gc,phases      ] GC(27)     Total                          Min: 0, Avg:  0.0, Max: 0, Diff: 0, Sum: 0, Workers: 4
[1163.311s][debug][gc,phases      ] GC(27)   StringDedup Requests1 Weak     Min:  0.0, Avg:  0.0, Max:  0.0, Diff:  0.0, Sum:  0.0, Workers: 4
[1163.311s][debug][gc,phases      ] GC(27)     Dead                           Min: 0, Avg:  0.0, Max: 0, Diff: 0, Sum: 0, Workers: 4
[1163.311s][debug][gc,phases      ] GC(27)     Total                          Min: 0, Avg:  0.0, Max: 0, Diff: 0, Sum: 0, Workers: 4
[1163.311s][debug][gc,phases      ] GC(27)   Weak JFR Old Object Samples    Min:  0.0, Avg:  0.0, Max:  0.0, Diff:  0.0, Sum:  0.0, Workers: 4
[1163.311s][debug][gc,phases      ] GC(27)     Dead                           Min: 0, Avg:  0.0, Max: 0, Diff: 0, Sum: 0, Workers: 4
[1163.311s][debug][gc,phases      ] GC(27)     Total                          Min: 0, Avg:  0.0, Max: 0, Diff: 0, Sum: 0, Workers: 4
[1163.311s][debug][gc,phases      ] GC(27) Weak Processing 0.458ms
[1163.311s][debug][gc,age         ] GC(27) Desired survivor size 167247872 bytes, new threshold 1 (max threshold 15)
[1163.311s][info ][gc,heap        ] GC(27) PSYoungGen: 1751776K(1925120K)->11392K(1916928K) Eden: 1744896K(1744896K)->0K(1744896K) From: 6880K(180224K)->11392K(172032K)
[1163.311s][info ][gc,heap        ] GC(27) ParOldGen: 292404K(292864K)->297641K(297984K)
[1163.311s][info ][gc,metaspace   ] GC(27) Metaspace: 105148K(106432K)->105148K(106432K) NonClass: 89445K(90176K)->89445K(90176K) Class: 15702K(16256K)->15702K(16256K)
[1163.311s][info ][gc             ] GC(27) Pause Young (Allocation Failure) 1996M->301M(2163M) 12.854ms
[1163.311s][info ][gc,cpu         ] GC(27) User=0.04s Sys=0.00s Real=0.01s
[1163.311s][info ][safepoint      ] Safepoint "ParallelGCFailedAllocation", Time since last: 1853716761 ns, Reaching safepoint: 7700 ns, Cleanup: 15101 ns, At safepoint: 12941520 ns, Total: 12964321 ns
[1163.916s][info ][safepoint      ] Safepoint "ICBufferFull", Time since last: 605391250 ns, Reaching safepoint: 86003 ns, Cleanup: 239708 ns, At safepoint: 10800 ns, Total: 336511 ns
[1165.008s][info ][safepoint      ] Safepoint "ICBufferFull", Time since last: 1090859608 ns, Reaching safepoint: 89103 ns, Cleanup: 201007 ns, At safepoint: 13300 ns, Total: 303410 ns
[1166.193s][info ][safepoint      ] Safepoint "Cleanup", Time since last: 1185460479 ns, Reaching safepoint: 10000 ns, Cleanup: 142105 ns, At safepoint: 10400 ns, Total: 162505 ns
[1167.194s][info ][safepoint      ] Safepoint "Cleanup", Time since last: 1000112863 ns, Reaching safepoint: 87303 ns, Cleanup: 129704 ns, At safepoint: 6300 ns, Total: 223307 ns
[1168.194s][info ][safepoint      ] Safepoint "Cleanup", Time since last: 1000122163 ns, Reaching safepoint: 9700 ns, Cleanup: 27301 ns, At safepoint: 2400 ns, Total: 39401 ns
[1169.194s][info ][safepoint      ] Safepoint "Cleanup", Time since last: 1000117563 ns, Reaching safepoint: 22101 ns, Cleanup: 59002 ns, At safepoint: 5000 ns, Total: 86103 ns
[1170.194s][info ][safepoint      ] Safepoint "Cleanup", Time since last: 1000113288 ns, Reaching safepoint: 11500 ns, Cleanup: 24001 ns, At safepoint: 2600 ns, Total: 38101 ns
[1171.194s][info ][safepoint      ] Safepoint "Cleanup", Time since last: 1000124556 ns, Reaching safepoint: 10800 ns, Cleanup: 46102 ns, At safepoint: 2600 ns, Total: 59502 ns
[1172.194s][info ][safepoint      ] Safepoint "Cleanup", Time since last: 1000133356 ns, Reaching safepoint: 11900 ns, Cleanup: 47802 ns, At safepoint: 2800 ns, Total: 62502 ns
[1172.558s][info ][gc,start       ] GC(28) Pause Young (Allocation Failure)
[1172.593s][debug][gc,phases      ] GC(28) Scavenge 35.523ms
[1172.594s][debug][gc,ref         ] GC(28) ReferenceProcessor::execute queues: 1, RefProcThreadModel::Single, marks_oops_alive: false
[1172.594s][debug][gc,ref         ] GC(28) Skipped KeepAliveFinalRefsPhase of Reference Processing: no references
[1172.594s][debug][gc,ref         ] GC(28) ReferenceProcessor::execute queues: 1, RefProcThreadModel::Single, marks_oops_alive: false
[1172.594s][debug][gc,phases      ] GC(28) Reference Processing 0.130ms
[1172.594s][debug][gc,phases      ] GC(28)   VM Weak                        Min:  0.0, Avg:  0.0, Max:  0.0, Diff:  0.0, Sum:  0.0, Workers: 4
[1172.594s][debug][gc,phases      ] GC(28)     Dead                           Min: 0, Avg:  0.0, Max: 0, Diff: 0, Sum: 0, Workers: 4
[1172.594s][debug][gc,phases      ] GC(28)     Total                          Min: 0, Avg: 242.8, Max: 960, Diff: 960, Sum: 971, Workers: 4
[1172.594s][debug][gc,phases      ] GC(28)   ObjectSynchronizer Weak        Min:  0.0, Avg:  0.0, Max:  0.0, Diff:  0.0, Sum:  0.0, Workers: 4
[1172.594s][debug][gc,phases      ] GC(28)     Dead                           Min: 0, Avg:  0.0, Max: 0, Diff: 0, Sum: 0, Workers: 4
[1172.594s][debug][gc,phases      ] GC(28)     Total                          Min: 0, Avg:  1.8, Max: 7, Diff: 7, Sum: 7, Workers: 4
[1172.594s][debug][gc,phases      ] GC(28)   JVMTI Tag Weak OopStorage      Min:  0.0, Avg:  0.0, Max:  0.0, Diff:  0.0, Sum:  0.0, Workers: 4
[1172.594s][debug][gc,phases      ] GC(28)     Dead                           Min: 0, Avg:  0.0, Max: 0, Diff: 0, Sum: 0, Workers: 4
[1172.594s][debug][gc,phases      ] GC(28)     Total                          Min: 0, Avg:  0.0, Max: 0, Diff: 0, Sum: 0, Workers: 4
[1172.594s][debug][gc,phases      ] GC(28)   StringTable Weak               Min:  0.0, Avg:  0.1, Max:  0.2, Diff:  0.2, Sum:  0.5, Workers: 4
[1172.594s][debug][gc,phases      ] GC(28)     Dead                           Min: 0, Avg:  0.5, Max: 2, Diff: 2, Sum: 2, Workers: 4
[1172.594s][debug][gc,phases      ] GC(28)     Total                          Min: 0, Avg: 11435.2, Max: 15661, Diff: 15661, Sum: 45741, Workers: 4
[1172.594s][debug][gc,phases      ] GC(28)   ResolvedMethodTable Weak       Min:  0.0, Avg:  0.0, Max:  0.0, Diff:  0.0, Sum:  0.1, Workers: 4
[1172.594s][debug][gc,phases      ] GC(28)     Dead                           Min: 0, Avg:  8.5, Max: 18, Diff: 18, Sum: 34, Workers: 4
[1172.594s][debug][gc,phases      ] GC(28)     Total                          Min: 0, Avg: 3593.2, Max: 5123, Diff: 5123, Sum: 14373, Workers: 4
[1172.594s][debug][gc,phases      ] GC(28)   JNI Weak                       Min:  0.0, Avg:  0.0, Max:  0.0, Diff:  0.0, Sum:  0.0, Workers: 4
[1172.594s][debug][gc,phases      ] GC(28)     Dead                           Min: 0, Avg:  0.0, Max: 0, Diff: 0, Sum: 0, Workers: 4
[1172.594s][debug][gc,phases      ] GC(28)     Total                          Min: 0, Avg: 13.0, Max: 52, Diff: 52, Sum: 52, Workers: 4
[1172.594s][debug][gc,phases      ] GC(28)   StringDedup Table Weak         Min:  0.0, Avg:  0.0, Max:  0.0, Diff:  0.0, Sum:  0.0, Workers: 4
[1172.594s][debug][gc,phases      ] GC(28)     Dead                           Min: 0, Avg:  0.0, Max: 0, Diff: 0, Sum: 0, Workers: 4
[1172.594s][debug][gc,phases      ] GC(28)     Total                          Min: 0, Avg:  0.0, Max: 0, Diff: 0, Sum: 0, Workers: 4
[1172.594s][debug][gc,phases      ] GC(28)   StringDedup Requests0 Weak     Min:  0.0, Avg:  0.0, Max:  0.0, Diff:  0.0, Sum:  0.0, Workers: 4
[1172.594s][debug][gc,phases      ] GC(28)     Dead                           Min: 0, Avg:  0.0, Max: 0, Diff: 0, Sum: 0, Workers: 4
[1172.594s][debug][gc,phases      ] GC(28)     Total                          Min: 0, Avg:  0.0, Max: 0, Diff: 0, Sum: 0, Workers: 4
[1172.594s][debug][gc,phases      ] GC(28)   StringDedup Requests1 Weak     Min:  0.0, Avg:  0.0, Max:  0.0, Diff:  0.0, Sum:  0.0, Workers: 4
[1172.594s][debug][gc,phases      ] GC(28)     Dead                           Min: 0, Avg:  0.0, Max: 0, Diff: 0, Sum: 0, Workers: 4
[1172.594s][debug][gc,phases      ] GC(28)     Total                          Min: 0, Avg:  0.0, Max: 0, Diff: 0, Sum: 0, Workers: 4
[1172.594s][debug][gc,phases      ] GC(28)   Weak JFR Old Object Samples    Min:  0.0, Avg:  0.0, Max:  0.0, Diff:  0.0, Sum:  0.0, Workers: 4
[1172.594s][debug][gc,phases      ] GC(28)     Dead                           Min: 0, Avg:  0.0, Max: 0, Diff: 0, Sum: 0, Workers: 4
[1172.594s][debug][gc,phases      ] GC(28)     Total                          Min: 0, Avg:  0.0, Max: 0, Diff: 0, Sum: 0, Workers: 4
[1172.594s][debug][gc,phases      ] GC(28) Weak Processing 0.456ms
[1172.594s][debug][gc,age         ] GC(28) Desired survivor size 173015040 bytes, new threshold 1 (max threshold 15)
[1172.594s][info ][gc,heap        ] GC(28) PSYoungGen: 1756288K(1916928K)->84745K(1922560K) Eden: 1744896K(1744896K)->0K(1759232K) From: 11392K(172032K)->84745K(163328K)
[1172.594s][info ][gc,heap        ] GC(28) ParOldGen: 297641K(297984K)->307466K(307712K)
[1172.594s][info ][gc,metaspace   ] GC(28) Metaspace: 105616K(106880K)->105616K(106880K) NonClass: 89872K(90560K)->89872K(90560K) Class: 15744K(16320K)->15744K(16320K)
[1172.594s][info ][gc             ] GC(28) Pause Young (Allocation Failure) 2005M->383M(2178M) 36.282ms
[1172.594s][info ][gc,cpu         ] GC(28) User=0.13s Sys=0.01s Real=0.04s
[1172.594s][info ][safepoint      ] Safepoint "ParallelGCFailedAllocation", Time since last: 363361829 ns, Reaching safepoint: 8800 ns, Cleanup: 4300 ns, At safepoint: 36370844 ns, Total: 36383944 ns
[1173.594s][info ][safepoint      ] Safepoint "Cleanup", Time since last: 1000117256 ns, Reaching safepoint: 12500 ns, Cleanup: 29301 ns, At safepoint: 2800 ns, Total: 44601 ns
[1174.595s][info ][safepoint      ] Safepoint "Cleanup", Time since last: 1000150357 ns, Reaching safepoint: 12700 ns, Cleanup: 30501 ns, At safepoint: 2900 ns, Total: 46101 ns
[1175.595s][info ][safepoint      ] Safepoint "Cleanup", Time since last: 1000348463 ns, Reaching safepoint: 13701 ns, Cleanup: 19600 ns, At safepoint: 2800 ns, Total: 36101 ns
[1176.595s][info ][safepoint      ] Safepoint "Cleanup", Time since last: 1000214359 ns, Reaching safepoint: 21001 ns, Cleanup: 41701 ns, At safepoint: 4300 ns, Total: 67002 ns
[1177.595s][info ][safepoint      ] Safepoint "Cleanup", Time since last: 1000168658 ns, Reaching safepoint: 12900 ns, Cleanup: 26601 ns, At safepoint: 2900 ns, Total: 42401 ns
[1178.596s][info ][safepoint      ] Safepoint "Cleanup", Time since last: 1000341461 ns, Reaching safepoint: 47001 ns, Cleanup: 65402 ns, At safepoint: 10200 ns, Total: 122603 ns
[1179.596s][info ][safepoint      ] Safepoint "Cleanup", Time since last: 1000400131 ns, Reaching safepoint: 13200 ns, Cleanup: 21301 ns, At safepoint: 3100 ns, Total: 37601 ns
[1180.597s][info ][safepoint      ] Safepoint "Cleanup", Time since last: 1000139922 ns, Reaching safepoint: 13500 ns, Cleanup: 15301 ns, At safepoint: 3000 ns, Total: 31801 ns
[1181.597s][info ][safepoint      ] Safepoint "Cleanup", Time since last: 1000162823 ns, Reaching safepoint: 11800 ns, Cleanup: 16601 ns, At safepoint: 2400 ns, Total: 30801 ns
[1182.597s][info ][safepoint      ] Safepoint "Cleanup", Time since last: 1000144722 ns, Reaching safepoint: 21201 ns, Cleanup: 16500 ns, At safepoint: 3401 ns, Total: 41102 ns
[1183.597s][info ][safepoint      ] Safepoint "Cleanup", Time since last: 1000170023 ns, Reaching safepoint: 13500 ns, Cleanup: 20301 ns, At safepoint: 3200 ns, Total: 37001 ns
[1184.597s][info ][safepoint      ] Safepoint "Cleanup", Time since last: 1000142222 ns, Reaching safepoint: 11701 ns, Cleanup: 20500 ns, At safepoint: 2600 ns, Total: 34801 ns
[1185.598s][info ][safepoint      ] Safepoint "Cleanup", Time since last: 1000112522 ns, Reaching safepoint: 87002 ns, Cleanup: 16601 ns, At safepoint: 7100 ns, Total: 110703 ns
[1186.598s][info ][safepoint      ] Safepoint "Cleanup", Time since last: 1000121689 ns, Reaching safepoint: 8000 ns, Cleanup: 14301 ns, At safepoint: 2600 ns, Total: 24901 ns
[1187.598s][info ][safepoint      ] Safepoint "Cleanup", Time since last: 1000120025 ns, Reaching safepoint: 10500 ns, Cleanup: 12501 ns, At safepoint: 2600 ns, Total: 25601 ns
[1188.598s][info ][safepoint      ] Safepoint "Cleanup", Time since last: 1000124725 ns, Reaching safepoint: 11200 ns, Cleanup: 13101 ns, At safepoint: 2900 ns, Total: 27201 ns
[1189.598s][info ][safepoint      ] Safepoint "Cleanup", Time since last: 1000125125 ns, Reaching safepoint: 9801 ns, Cleanup: 38901 ns, At safepoint: 2400 ns, Total: 51102 ns
[1190.598s][info ][safepoint      ] Safepoint "Cleanup", Time since last: 1000129425 ns, Reaching safepoint: 10001 ns, Cleanup: 14100 ns, At safepoint: 2700 ns, Total: 26801 ns
[1191.598s][info ][safepoint      ] Safepoint "Cleanup", Time since last: 1000120925 ns, Reaching safepoint: 14401 ns, Cleanup: 16700 ns, At safepoint: 3001 ns, Total: 34102 ns
[1192.599s][info ][safepoint      ] Safepoint "Cleanup", Time since last: 1000137825 ns, Reaching safepoint: 11201 ns, Cleanup: 24200 ns, At safepoint: 2701 ns, Total: 38102 ns
[1193.599s][info ][safepoint      ] Safepoint "Cleanup", Time since last: 1000130025 ns, Reaching safepoint: 12700 ns, Cleanup: 29701 ns, At safepoint: 3101 ns, Total: 45502 ns
[1194.323s][info ][safepoint      ] Safepoint "ICBufferFull", Time since last: 723767660 ns, Reaching safepoint: 93602 ns, Cleanup: 173003 ns, At safepoint: 11101 ns, Total: 277706 ns
[1194.504s][info ][safepoint      ] Safepoint "ICBufferFull", Time since last: 181068691 ns, Reaching safepoint: 98102 ns, Cleanup: 153203 ns, At safepoint: 16800 ns, Total: 268105 ns
[1194.854s][info ][safepoint      ] Safepoint "ICBufferFull", Time since last: 349286521 ns, Reaching safepoint: 91002 ns, Cleanup: 150203 ns, At safepoint: 11500 ns, Total: 252705 ns
[1195.014s][info ][safepoint      ] Safepoint "ICBufferFull", Time since last: 160476971 ns, Reaching safepoint: 11901 ns, Cleanup: 199004 ns, At safepoint: 3300 ns, Total: 214205 ns
[1195.615s][info ][safepoint      ] Safepoint "ICBufferFull", Time since last: 600081633 ns, Reaching safepoint: 82201 ns, Cleanup: 179704 ns, At safepoint: 18600 ns, Total: 280505 ns
[1196.615s][info ][safepoint      ] Safepoint "Cleanup", Time since last: 1000125389 ns, Reaching safepoint: 10600 ns, Cleanup: 78301 ns, At safepoint: 3500 ns, Total: 92401 ns
[1197.615s][info ][safepoint      ] Safepoint "Cleanup", Time since last: 1000157894 ns, Reaching safepoint: 12201 ns, Cleanup: 47901 ns, At safepoint: 3300 ns, Total: 63402 ns
[1198.615s][info ][safepoint      ] Safepoint "Cleanup", Time since last: 1000130498 ns, Reaching safepoint: 12501 ns, Cleanup: 14100 ns, At safepoint: 3400 ns, Total: 30001 ns
[1199.616s][info ][safepoint      ] Safepoint "Cleanup", Time since last: 1000132298 ns, Reaching safepoint: 11500 ns, Cleanup: 23201 ns, At safepoint: 2800 ns, Total: 37501 ns
[1201.468s][info ][safepoint      ] Safepoint "Cleanup", Time since last: 1852151728 ns, Reaching safepoint: 10400 ns, Cleanup: 8900 ns, At safepoint: 2501 ns, Total: 21801 ns
[1202.468s][info ][safepoint      ] Safepoint "Cleanup", Time since last: 1000130545 ns, Reaching safepoint: 12100 ns, Cleanup: 20101 ns, At safepoint: 3000 ns, Total: 35201 ns
[1203.468s][info ][safepoint      ] Safepoint "Cleanup", Time since last: 1000130550 ns, Reaching safepoint: 11301 ns, Cleanup: 15300 ns, At safepoint: 2600 ns, Total: 29201 ns
[1204.468s][info ][safepoint      ] Safepoint "Cleanup", Time since last: 1000114550 ns, Reaching safepoint: 8101 ns, Cleanup: 31701 ns, At safepoint: 2400 ns, Total: 42202 ns
[1205.468s][info ][safepoint      ] Safepoint "Cleanup", Time since last: 1000110950 ns, Reaching safepoint: 9300 ns, Cleanup: 14501 ns, At safepoint: 2400 ns, Total: 26201 ns
[1206.468s][info ][safepoint      ] Safepoint "Cleanup", Time since last: 1000119450 ns, Reaching safepoint: 11200 ns, Cleanup: 23301 ns, At safepoint: 3300 ns, Total: 37801 ns
[1207.469s][info ][safepoint      ] Safepoint "Cleanup", Time since last: 1000132151 ns, Reaching safepoint: 11800 ns, Cleanup: 30401 ns, At safepoint: 3300 ns, Total: 45501 ns
[1208.469s][info ][safepoint      ] Safepoint "Cleanup", Time since last: 1000129851 ns, Reaching safepoint: 8500 ns, Cleanup: 22901 ns, At safepoint: 2200 ns, Total: 33601 ns
[1209.469s][info ][safepoint      ] Safepoint "Cleanup", Time since last: 1000125951 ns, Reaching safepoint: 8800 ns, Cleanup: 57902 ns, At safepoint: 2600 ns, Total: 69302 ns
[1210.469s][info ][safepoint      ] Safepoint "Cleanup", Time since last: 1000118124 ns, Reaching safepoint: 8900 ns, Cleanup: 23901 ns, At safepoint: 2100 ns, Total: 34901 ns
[1211.469s][info ][safepoint      ] Safepoint "Cleanup", Time since last: 1000122277 ns, Reaching safepoint: 84103 ns, Cleanup: 62002 ns, At safepoint: 10200 ns, Total: 156305 ns
[1212.470s][info ][safepoint      ] Safepoint "Cleanup", Time since last: 1000114677 ns, Reaching safepoint: 13100 ns, Cleanup: 26901 ns, At safepoint: 3000 ns, Total: 43001 ns
[1214.470s][info ][safepoint      ] Safepoint "Cleanup", Time since last: 2000206653 ns, Reaching safepoint: 11201 ns, Cleanup: 19700 ns, At safepoint: 2300 ns, Total: 33201 ns
[1224.471s][info ][safepoint      ] Safepoint "Cleanup", Time since last: 10000877104 ns, Reaching safepoint: 12701 ns, Cleanup: 13700 ns, At safepoint: 2800 ns, Total: 29201 ns
[1225.471s][info ][safepoint      ] Safepoint "Cleanup", Time since last: 1000176634 ns, Reaching safepoint: 12000 ns, Cleanup: 13701 ns, At safepoint: 3100 ns, Total: 28801 ns
[1271.493s][info ][safepoint      ] Safepoint "Cleanup", Time since last: 46021657839 ns, Reaching safepoint: 9901 ns, Cleanup: 11500 ns, At safepoint: 2300 ns, Total: 23701 ns
[1331.498s][info ][safepoint      ] Safepoint "Cleanup", Time since last: 60005315006 ns, Reaching safepoint: 15901 ns, Cleanup: 18000 ns, At safepoint: 3600 ns, Total: 37501 ns
[1332.610s][info ][safepoint      ] Safepoint "JFRCheckpoint", Time since last: 1112038204 ns, Reaching safepoint: 329010 ns, Cleanup: 35201 ns, At safepoint: 58402 ns, Total: 422613 ns
[1332.617s][info ][gc,heap,exit   ] Heap
[1332.617s][info ][gc,heap,exit   ]  PSYoungGen      total 1922560K, used 1729385K [0x0000000780000000, 0x0000000800000000, 0x0000000800000000)
[1332.617s][info ][gc,heap,exit   ]   eden space 1759232K, 93% used [0x0000000780000000,0x00000007e4617ea8,0x00000007eb600000)
[1332.617s][info ][gc,heap,exit   ]   from space 163328K, 51% used [0x00000007f6080000,0x00000007fb342628,0x0000000800000000)
[1332.617s][info ][gc,heap,exit   ]   to   space 168960K, 0% used [0x00000007eb600000,0x00000007eb600000,0x00000007f5b00000)
[1332.617s][info ][gc,heap,exit   ]  ParOldGen       total 307712K, used 307466K [0x00000006c0000000, 0x00000006d2c80000, 0x0000000780000000)
[1332.617s][info ][gc,heap,exit   ]   object space 307712K, 99% used [0x00000006c0000000,0x00000006d2c42820,0x00000006d2c80000)
[1332.617s][info ][gc,heap,exit   ]  Metaspace       used 107055K, committed 108288K, reserved 1179648K
[1332.617s][info ][gc,heap,exit   ]   class space    used 15924K, committed 16448K, reserved 1048576K
