[0.003s][info][gc,init] CardTable entry size: 512
[0.003s][info][gc     ] Using Parallel
[0.004s][info][gc,init] Version: 21.0.7+6-LTS (release)
[0.004s][info][gc,init] CPUs: 4 total, 4 available
[0.004s][info][gc,init] Memory: 15995M
[0.004s][info][gc,init] Large Page Support: Disabled
[0.004s][info][gc,init] NUMA Support: Disabled
[0.004s][info][gc,init] Compressed Oops: Enabled (Zero based)
[0.005s][info][gc,init] Alignments: Space 512K, Generation 512K, Heap 2M
[0.005s][info][gc,init] Heap Min Capacity: 2054M
[0.005s][info][gc,init] Heap Initial Capacity: 2054M
[0.005s][info][gc,init] Heap Max Capacity: 5G
[0.005s][info][gc,init] Pre-touch: Disabled
[0.005s][info][gc,init] Parallel Workers: 4
[0.012s][info][gc,metaspace] CDS archive(s) mapped at: [0x00007c4664000000-0x00007c4664c97000-0x00007c4664c97000), size 13201408, SharedBaseAddress: 0x00007c4664000000, ArchiveRelocationMode: 1.
[0.012s][info][gc,metaspace] Compressed class space mapped at: 0x00007c4665000000-0x00007c46a5000000, reserved size: 1073741824
[0.012s][info][gc,metaspace] Narrow klass base: 0x00007c4664000000, Narrow klass shift: 0, Narrow klass range: 0x100000000
[0.222s][info][safepoint   ] Safepoint "ICBufferFull", Time since last: 204195920 ns, Reaching safepoint: 4001 ns, Cleanup: 95801 ns, At safepoint: 12100 ns, Total: 111902 ns
[0.422s][info][safepoint   ] Safepoint "RedefineClasses", Time since last: 194606816 ns, Reaching safepoint: 4000 ns, Cleanup: 97401 ns, At safepoint: 4953354 ns, Total: 5054755 ns
[1.079s][info][safepoint   ] Safepoint "JFRCheckpoint", Time since last: 657000043 ns, Reaching safepoint: 80401 ns, Cleanup: 53300 ns, At safepoint: 10901 ns, Total: 144602 ns
[1.891s][info][safepoint   ] Safepoint "ICBufferFull", Time since last: 811851027 ns, Reaching safepoint: 2700 ns, Cleanup: 99901 ns, At safepoint: 1400 ns, Total: 104001 ns
[2.305s][info][safepoint   ] Safepoint "ICBufferFull", Time since last: 414040902 ns, Reaching safepoint: 3300 ns, Cleanup: 124001 ns, At safepoint: 8200 ns, Total: 135501 ns
[2.420s][info][gc,start    ] GC(0) Pause Young (Metadata GC Threshold)
[2.438s][debug][gc,phases   ] GC(0) Scavenge 17.174ms
[2.438s][debug][gc,ref      ] GC(0) ReferenceProcessor::execute queues: 2, RefProcThreadModel::Multi, marks_oops_alive: false
[2.438s][debug][gc,ref      ] GC(0) ReferenceProcessor::execute queues: 4, RefProcThreadModel::Multi, marks_oops_alive: true
[2.438s][debug][gc,ref      ] GC(0) ReferenceProcessor::execute queues: 1, RefProcThreadModel::Single, marks_oops_alive: false
[2.438s][debug][gc,phases   ] GC(0) Reference Processing 0.320ms
[2.438s][debug][gc,phases   ] GC(0)   VM Weak                        Min:  0.0, Avg:  0.0, Max:  0.0, Diff:  0.0, Sum:  0.0, Workers: 4
[2.438s][debug][gc,phases   ] GC(0)     Dead                           Min: 0, Avg:  0.0, Max: 0, Diff: 0, Sum: 0, Workers: 4
[2.438s][debug][gc,phases   ] GC(0)     Total                          Min: 0, Avg: 59.5, Max: 192, Diff: 192, Sum: 238, Workers: 4
[2.438s][debug][gc,phases   ] GC(0)   ObjectSynchronizer Weak        Min:  0.0, Avg:  0.0, Max:  0.0, Diff:  0.0, Sum:  0.0, Workers: 4
[2.438s][debug][gc,phases   ] GC(0)     Dead                           Min: 0, Avg:  0.0, Max: 0, Diff: 0, Sum: 0, Workers: 4
[2.438s][debug][gc,phases   ] GC(0)     Total                          Min: 0, Avg:  1.8, Max: 7, Diff: 7, Sum: 7, Workers: 4
[2.438s][debug][gc,phases   ] GC(0)   JVMTI Tag Weak OopStorage      Min:  0.0, Avg:  0.0, Max:  0.0, Diff:  0.0, Sum:  0.0, Workers: 4
[2.438s][debug][gc,phases   ] GC(0)     Dead                           Min: 0, Avg:  0.0, Max: 0, Diff: 0, Sum: 0, Workers: 4
[2.438s][debug][gc,phases   ] GC(0)     Total                          Min: 0, Avg:  0.0, Max: 0, Diff: 0, Sum: 0, Workers: 4
[2.438s][debug][gc,phases   ] GC(0)   StringTable Weak               Min:  0.0, Avg:  0.0, Max:  0.1, Diff:  0.1, Sum:  0.2, Workers: 4
[2.438s][debug][gc,phases   ] GC(0)     Dead                           Min: 0, Avg:  7.8, Max: 14, Diff: 14, Sum: 31, Workers: 4
[2.438s][debug][gc,phases   ] GC(0)     Total                          Min: 0, Avg: 1996.0, Max: 3440, Diff: 3440, Sum: 7984, Workers: 4
[2.438s][debug][gc,phases   ] GC(0)   ResolvedMethodTable Weak       Min:  0.0, Avg:  0.0, Max:  0.0, Diff:  0.0, Sum:  0.0, Workers: 4
[2.438s][debug][gc,phases   ] GC(0)     Dead                           Min: 0, Avg: 96.8, Max: 213, Diff: 213, Sum: 387, Workers: 4
[2.438s][debug][gc,phases   ] GC(0)     Total                          Min: 0, Avg: 469.8, Max: 768, Diff: 768, Sum: 1879, Workers: 4
[2.438s][debug][gc,phases   ] GC(0)   JNI Weak                       Min:  0.0, Avg:  0.0, Max:  0.0, Diff:  0.0, Sum:  0.0, Workers: 4
[2.438s][debug][gc,phases   ] GC(0)     Dead                           Min: 0, Avg:  0.0, Max: 0, Diff: 0, Sum: 0, Workers: 4
[2.438s][debug][gc,phases   ] GC(0)     Total                          Min: 0, Avg: 12.0, Max: 48, Diff: 48, Sum: 48, Workers: 4
[2.438s][debug][gc,phases   ] GC(0)   StringDedup Table Weak         Min:  0.0, Avg:  0.0, Max:  0.0, Diff:  0.0, Sum:  0.0, Workers: 4
[2.438s][debug][gc,phases   ] GC(0)     Dead                           Min: 0, Avg:  0.0, Max: 0, Diff: 0, Sum: 0, Workers: 4
[2.438s][debug][gc,phases   ] GC(0)     Total                          Min: 0, Avg:  0.0, Max: 0, Diff: 0, Sum: 0, Workers: 4
[2.438s][debug][gc,phases   ] GC(0)   StringDedup Requests0 Weak     Min:  0.0, Avg:  0.0, Max:  0.0, Diff:  0.0, Sum:  0.0, Workers: 4
[2.438s][debug][gc,phases   ] GC(0)     Dead                           Min: 0, Avg:  0.0, Max: 0, Diff: 0, Sum: 0, Workers: 4
[2.438s][debug][gc,phases   ] GC(0)     Total                          Min: 0, Avg:  0.0, Max: 0, Diff: 0, Sum: 0, Workers: 4
[2.438s][debug][gc,phases   ] GC(0)   StringDedup Requests1 Weak     Min:  0.0, Avg:  0.0, Max:  0.0, Diff:  0.0, Sum:  0.0, Workers: 4
[2.438s][debug][gc,phases   ] GC(0)     Dead                           Min: 0, Avg:  0.0, Max: 0, Diff: 0, Sum: 0, Workers: 4
[2.438s][debug][gc,phases   ] GC(0)     Total                          Min: 0, Avg:  0.0, Max: 0, Diff: 0, Sum: 0, Workers: 4
[2.438s][debug][gc,phases   ] GC(0)   Weak JFR Old Object Samples    Min:  0.0, Avg:  0.0, Max:  0.0, Diff:  0.0, Sum:  0.0, Workers: 4
[2.438s][debug][gc,phases   ] GC(0)     Dead                           Min: 0, Avg:  0.0, Max: 0, Diff: 0, Sum: 0, Workers: 4
[2.438s][debug][gc,phases   ] GC(0)     Total                          Min: 0, Avg:  0.0, Max: 0, Diff: 0, Sum: 0, Workers: 4
[2.438s][debug][gc,phases   ] GC(0) Weak Processing 0.237ms
[2.438s][debug][gc,age      ] GC(0) Desired survivor size 536870912 bytes, new threshold 7 (max threshold 15)
[2.438s][info ][gc,heap     ] GC(0) PSYoungGen: 393155K(1572864K)->37864K(1572864K) Eden: 393155K(1048576K)->0K(1048576K) From: 0K(524288K)->37864K(524288K)
[2.438s][info ][gc,heap     ] GC(0) ParOldGen: 1073K(6144K)->1145K(6144K)
[2.438s][info ][gc,metaspace] GC(0) Metaspace: 21139K(21504K)->21139K(21504K) NonClass: 18810K(19008K)->18810K(19008K) Class: 2329K(2496K)->2329K(2496K)
[2.438s][info ][gc          ] GC(0) Pause Young (Metadata GC Threshold) 384M->38M(1542M) 18.149ms
[2.438s][info ][gc,cpu      ] GC(0) User=0.05s Sys=0.02s Real=0.02s
[2.438s][debug][gc,phases   ] GC(1) Pre Compact 0.007ms
[2.438s][info ][gc,start    ] GC(1) Pause Full (Metadata GC Threshold)
[2.438s][info ][gc,phases,start] GC(1) Marking Phase
[2.446s][debug][gc,phases      ] GC(1) Par Mark 8.147ms
[2.446s][debug][gc,ref         ] GC(1) ReferenceProcessor::execute queues: 2, RefProcThreadModel::Multi, marks_oops_alive: false
[2.446s][debug][gc,ref         ] GC(1) ReferenceProcessor::execute queues: 4, RefProcThreadModel::Multi, marks_oops_alive: true
[2.446s][debug][gc,ref         ] GC(1) ReferenceProcessor::execute queues: 1, RefProcThreadModel::Single, marks_oops_alive: false
[2.446s][debug][gc,phases      ] GC(1) Reference Processing 0.147ms
[2.447s][debug][gc,phases      ] GC(1)   VM Weak                        Min:  0.0, Avg:  0.0, Max:  0.0, Diff:  0.0, Sum:  0.0, Workers: 4
[2.447s][debug][gc,phases      ] GC(1)     Dead                           Min: 0, Avg:  0.0, Max: 0, Diff: 0, Sum: 0, Workers: 4
[2.447s][debug][gc,phases      ] GC(1)     Total                          Min: 0, Avg: 59.5, Max: 238, Diff: 238, Sum: 238, Workers: 4
[2.447s][debug][gc,phases      ] GC(1)   ObjectSynchronizer Weak        Min:  0.0, Avg:  0.0, Max:  0.0, Diff:  0.0, Sum:  0.0, Workers: 4
[2.447s][debug][gc,phases      ] GC(1)     Dead                           Min: 0, Avg:  0.0, Max: 0, Diff: 0, Sum: 0, Workers: 4
[2.447s][debug][gc,phases      ] GC(1)     Total                          Min: 0, Avg:  1.8, Max: 7, Diff: 7, Sum: 7, Workers: 4
[2.447s][debug][gc,phases      ] GC(1)   JVMTI Tag Weak OopStorage      Min:  0.0, Avg:  0.0, Max:  0.0, Diff:  0.0, Sum:  0.0, Workers: 4
[2.447s][debug][gc,phases      ] GC(1)     Dead                           Min: 0, Avg:  0.0, Max: 0, Diff: 0, Sum: 0, Workers: 4
[2.447s][debug][gc,phases      ] GC(1)     Total                          Min: 0, Avg:  0.0, Max: 0, Diff: 0, Sum: 0, Workers: 4
[2.447s][debug][gc,phases      ] GC(1)   StringTable Weak               Min:  0.0, Avg:  0.0, Max:  0.0, Diff:  0.0, Sum:  0.1, Workers: 4
[2.447s][debug][gc,phases      ] GC(1)     Dead                           Min: 0, Avg:  0.0, Max: 0, Diff: 0, Sum: 0, Workers: 4
[2.447s][debug][gc,phases      ] GC(1)     Total                          Min: 1920, Avg: 1996.0, Max: 2048, Diff: 128, Sum: 7984, Workers: 4
[2.447s][debug][gc,phases      ] GC(1)   ResolvedMethodTable Weak       Min:  0.0, Avg:  0.0, Max:  0.0, Diff:  0.0, Sum:  0.0, Workers: 4
[2.447s][debug][gc,phases      ] GC(1)     Dead                           Min: 0, Avg:  0.0, Max: 0, Diff: 0, Sum: 0, Workers: 4
[2.447s][debug][gc,phases      ] GC(1)     Total                          Min: 448, Avg: 469.8, Max: 535, Diff: 87, Sum: 1879, Workers: 4
[2.447s][debug][gc,phases      ] GC(1)   JNI Weak                       Min:  0.0, Avg:  0.0, Max:  0.0, Diff:  0.0, Sum:  0.0, Workers: 4
[2.447s][debug][gc,phases      ] GC(1)     Dead                           Min: 0, Avg:  0.0, Max: 0, Diff: 0, Sum: 0, Workers: 4
[2.447s][debug][gc,phases      ] GC(1)     Total                          Min: 0, Avg: 12.0, Max: 48, Diff: 48, Sum: 48, Workers: 4
[2.447s][debug][gc,phases      ] GC(1)   StringDedup Table Weak         Min:  0.0, Avg:  0.0, Max:  0.0, Diff:  0.0, Sum:  0.0, Workers: 4
[2.447s][debug][gc,phases      ] GC(1)     Dead                           Min: 0, Avg:  0.0, Max: 0, Diff: 0, Sum: 0, Workers: 4
[2.447s][debug][gc,phases      ] GC(1)     Total                          Min: 0, Avg:  0.0, Max: 0, Diff: 0, Sum: 0, Workers: 4
[2.447s][debug][gc,phases      ] GC(1)   StringDedup Requests0 Weak     Min:  0.0, Avg:  0.0, Max:  0.0, Diff:  0.0, Sum:  0.0, Workers: 4
[2.447s][debug][gc,phases      ] GC(1)     Dead                           Min: 0, Avg:  0.0, Max: 0, Diff: 0, Sum: 0, Workers: 4
[2.447s][debug][gc,phases      ] GC(1)     Total                          Min: 0, Avg:  0.0, Max: 0, Diff: 0, Sum: 0, Workers: 4
[2.447s][debug][gc,phases      ] GC(1)   StringDedup Requests1 Weak     Min:  0.0, Avg:  0.0, Max:  0.0, Diff:  0.0, Sum:  0.0, Workers: 4
[2.447s][debug][gc,phases      ] GC(1)     Dead                           Min: 0, Avg:  0.0, Max: 0, Diff: 0, Sum: 0, Workers: 4
[2.447s][debug][gc,phases      ] GC(1)     Total                          Min: 0, Avg:  0.0, Max: 0, Diff: 0, Sum: 0, Workers: 4
[2.447s][debug][gc,phases      ] GC(1)   Weak JFR Old Object Samples    Min:  0.0, Avg:  0.0, Max:  0.0, Diff:  0.0, Sum:  0.0, Workers: 4
[2.447s][debug][gc,phases      ] GC(1)     Dead                           Min: 0, Avg:  0.0, Max: 0, Diff: 0, Sum: 0, Workers: 4
[2.447s][debug][gc,phases      ] GC(1)     Total                          Min: 0, Avg:  0.0, Max: 0, Diff: 0, Sum: 0, Workers: 4
[2.447s][debug][gc,phases      ] GC(1) Weak Processing 0.183ms
[2.447s][debug][gc,phases      ] GC(1) ClassLoaderData 0.008ms
[2.447s][debug][gc,phases      ] GC(1) Trigger cleanups 0.000ms
[2.452s][debug][gc,phases      ] GC(1) Purge Unlinked NMethods 0.001ms
[2.452s][debug][gc,phases      ] GC(1) Unregister NMethods 0.014ms
[2.452s][debug][gc,phases      ] GC(1) Free Code Blobs 0.002ms
[2.452s][debug][gc,phases      ] GC(1) Class Unloading 5.216ms
[2.452s][debug][gc,phases      ] GC(1) Report Object Count 0.001ms
[2.452s][info ][gc,phases      ] GC(1) Marking Phase 13.725ms
[2.452s][info ][gc,phases,start] GC(1) Summary Phase
[2.452s][info ][gc,phases      ] GC(1) Summary Phase 0.004ms
[2.452s][info ][gc,phases,start] GC(1) Adjust Roots
[2.456s][info ][gc,phases      ] GC(1) Adjust Roots 4.420ms
[2.456s][info ][gc,phases,start] GC(1) Compaction Phase
[2.475s][info ][gc,phases      ] GC(1) Compaction Phase 18.330ms
[2.475s][info ][gc,phases,start] GC(1) Post Compact
[2.476s][debug][gc,phases      ] GC(1) Purge Class Loader Data 0.982ms
[2.477s][info ][gc,phases      ] GC(1) Post Compact 1.863ms
[2.477s][info ][gc,heap        ] GC(1) PSYoungGen: 37864K(1572864K)->32618K(1572864K) Eden: 0K(1048576K)->0K(1048576K) From: 37864K(524288K)->32618K(524288K)
[2.477s][info ][gc,heap        ] GC(1) ParOldGen: 1145K(6144K)->6081K(6144K)
[2.477s][info ][gc,metaspace   ] GC(1) Metaspace: 21139K(21504K)->21139K(21504K) NonClass: 18810K(19008K)->18810K(19008K) Class: 2329K(2496K)->2329K(2496K)
[2.477s][info ][gc             ] GC(1) Pause Full (Metadata GC Threshold) 38M->37M(1542M) 38.431ms
[2.477s][info ][gc,cpu         ] GC(1) User=0.11s Sys=0.00s Real=0.04s
[2.477s][info ][safepoint      ] Safepoint "CollectForMetadataAllocation", Time since last: 114788448 ns, Reaching safepoint: 3200 ns, Cleanup: 37901 ns, At safepoint: 56676716 ns, Total: 56717817 ns
[2.819s][info ][safepoint      ] Safepoint "ICBufferFull", Time since last: 342211022 ns, Reaching safepoint: 3500 ns, Cleanup: 112002 ns, At safepoint: 5600 ns, Total: 121102 ns
[3.041s][info ][safepoint      ] Safepoint "ICBufferFull", Time since last: 221432110 ns, Reaching safepoint: 3100 ns, Cleanup: 125702 ns, At safepoint: 2100 ns, Total: 130902 ns
[3.140s][info ][safepoint      ] Safepoint "ICBufferFull", Time since last: 99139479 ns, Reaching safepoint: 76601 ns, Cleanup: 126101 ns, At safepoint: 6300 ns, Total: 209002 ns
[3.376s][info ][safepoint      ] Safepoint "ICBufferFull", Time since last: 236002770 ns, Reaching safepoint: 3700 ns, Cleanup: 116501 ns, At safepoint: 2500 ns, Total: 122701 ns
[3.654s][info ][gc,start       ] GC(2) Pause Young (Metadata GC Threshold)
[3.686s][debug][gc,phases      ] GC(2) Scavenge 32.263ms
[3.686s][debug][gc,ref         ] GC(2) ReferenceProcessor::execute queues: 4, RefProcThreadModel::Multi, marks_oops_alive: false
[3.686s][debug][gc,ref         ] GC(2) ReferenceProcessor::execute queues: 4, RefProcThreadModel::Multi, marks_oops_alive: true
[3.687s][debug][gc,ref         ] GC(2) ReferenceProcessor::execute queues: 2, RefProcThreadModel::Multi, marks_oops_alive: false
[3.687s][debug][gc,phases      ] GC(2) Reference Processing 0.721ms
[3.687s][debug][gc,phases      ] GC(2)   VM Weak                        Min:  0.0, Avg:  0.0, Max:  0.0, Diff:  0.0, Sum:  0.0, Workers: 4
[3.687s][debug][gc,phases      ] GC(2)     Dead                           Min: 0, Avg:  0.0, Max: 0, Diff: 0, Sum: 0, Workers: 4
[3.687s][debug][gc,phases      ] GC(2)     Total                          Min: 0, Avg: 72.0, Max: 192, Diff: 192, Sum: 288, Workers: 4
[3.687s][debug][gc,phases      ] GC(2)   ObjectSynchronizer Weak        Min:  0.0, Avg:  0.0, Max:  0.0, Diff:  0.0, Sum:  0.0, Workers: 4
[3.687s][debug][gc,phases      ] GC(2)     Dead                           Min: 0, Avg:  0.0, Max: 0, Diff: 0, Sum: 0, Workers: 4
[3.687s][debug][gc,phases      ] GC(2)     Total                          Min: 0, Avg:  2.0, Max: 8, Diff: 8, Sum: 8, Workers: 4
[3.687s][debug][gc,phases      ] GC(2)   JVMTI Tag Weak OopStorage      Min:  0.0, Avg:  0.0, Max:  0.0, Diff:  0.0, Sum:  0.0, Workers: 4
[3.687s][debug][gc,phases      ] GC(2)     Dead                           Min: 0, Avg:  0.0, Max: 0, Diff: 0, Sum: 0, Workers: 4
[3.687s][debug][gc,phases      ] GC(2)     Total                          Min: 0, Avg:  0.0, Max: 0, Diff: 0, Sum: 0, Workers: 4
[3.687s][debug][gc,phases      ] GC(2)   StringTable Weak               Min:  0.0, Avg:  0.1, Max:  0.1, Diff:  0.1, Sum:  0.4, Workers: 4
[3.687s][debug][gc,phases      ] GC(2)     Dead                           Min: 0, Avg:  2.8, Max: 6, Diff: 6, Sum: 11, Workers: 4
[3.687s][debug][gc,phases      ] GC(2)     Total                          Min: 0, Avg: 3684.8, Max: 5248, Diff: 5248, Sum: 14739, Workers: 4
[3.687s][debug][gc,phases      ] GC(2)   ResolvedMethodTable Weak       Min:  0.0, Avg:  0.0, Max:  0.0, Diff:  0.0, Sum:  0.1, Workers: 4
[3.687s][debug][gc,phases      ] GC(2)     Dead                           Min: 0, Avg: 434.2, Max: 606, Diff: 606, Sum: 1737, Workers: 4
[3.687s][debug][gc,phases      ] GC(2)     Total                          Min: 0, Avg: 1193.2, Max: 1702, Diff: 1702, Sum: 4773, Workers: 4
[3.687s][debug][gc,phases      ] GC(2)   JNI Weak                       Min:  0.0, Avg:  0.0, Max:  0.0, Diff:  0.0, Sum:  0.0, Workers: 4
[3.687s][debug][gc,phases      ] GC(2)     Dead                           Min: 0, Avg:  0.0, Max: 0, Diff: 0, Sum: 0, Workers: 4
[3.687s][debug][gc,phases      ] GC(2)     Total                          Min: 0, Avg: 14.8, Max: 51, Diff: 51, Sum: 59, Workers: 4
[3.687s][debug][gc,phases      ] GC(2)   StringDedup Table Weak         Min:  0.0, Avg:  0.0, Max:  0.0, Diff:  0.0, Sum:  0.0, Workers: 4
[3.687s][debug][gc,phases      ] GC(2)     Dead                           Min: 0, Avg:  0.0, Max: 0, Diff: 0, Sum: 0, Workers: 4
[3.687s][debug][gc,phases      ] GC(2)     Total                          Min: 0, Avg:  0.0, Max: 0, Diff: 0, Sum: 0, Workers: 4
[3.687s][debug][gc,phases      ] GC(2)   StringDedup Requests0 Weak     Min:  0.0, Avg:  0.0, Max:  0.0, Diff:  0.0, Sum:  0.0, Workers: 4
[3.687s][debug][gc,phases      ] GC(2)     Dead                           Min: 0, Avg:  0.0, Max: 0, Diff: 0, Sum: 0, Workers: 4
[3.687s][debug][gc,phases      ] GC(2)     Total                          Min: 0, Avg:  0.0, Max: 0, Diff: 0, Sum: 0, Workers: 4
[3.687s][debug][gc,phases      ] GC(2)   StringDedup Requests1 Weak     Min:  0.0, Avg:  0.0, Max:  0.0, Diff:  0.0, Sum:  0.0, Workers: 4
[3.687s][debug][gc,phases      ] GC(2)     Dead                           Min: 0, Avg:  0.0, Max: 0, Diff: 0, Sum: 0, Workers: 4
[3.687s][debug][gc,phases      ] GC(2)     Total                          Min: 0, Avg:  0.0, Max: 0, Diff: 0, Sum: 0, Workers: 4
[3.687s][debug][gc,phases      ] GC(2)   Weak JFR Old Object Samples    Min:  0.0, Avg:  0.0, Max:  0.0, Diff:  0.0, Sum:  0.0, Workers: 4
[3.687s][debug][gc,phases      ] GC(2)     Dead                           Min: 0, Avg:  0.0, Max: 0, Diff: 0, Sum: 0, Workers: 4
[3.687s][debug][gc,phases      ] GC(2)     Total                          Min: 0, Avg:  0.0, Max: 0, Diff: 0, Sum: 0, Workers: 4
[3.687s][debug][gc,phases      ] GC(2) Weak Processing 0.365ms
[3.687s][debug][gc,age         ] GC(2) Desired survivor size 536870912 bytes, new threshold 7 (max threshold 15)
[3.687s][info ][gc,heap        ] GC(2) PSYoungGen: 577878K(1572864K)->55471K(1572864K) Eden: 545260K(1048576K)->0K(1048576K) From: 32618K(524288K)->55471K(524288K)
[3.687s][info ][gc,heap        ] GC(2) ParOldGen: 6081K(6144K)->6097K(6144K)
[3.687s][info ][gc,metaspace   ] GC(2) Metaspace: 35394K(35840K)->35394K(35840K) NonClass: 30855K(31104K)->30855K(31104K) Class: 4539K(4736K)->4539K(4736K)
[3.687s][info ][gc             ] GC(2) Pause Young (Metadata GC Threshold) 570M->60M(1542M) 33.450ms
[3.687s][info ][gc,cpu         ] GC(2) User=0.09s Sys=0.02s Real=0.03s
[3.687s][debug][gc,phases      ] GC(3) Pre Compact 0.007ms
[3.687s][info ][gc,start       ] GC(3) Pause Full (Metadata GC Threshold)
[3.687s][info ][gc,phases,start] GC(3) Marking Phase
[3.708s][debug][gc,phases      ] GC(3) Par Mark 20.664ms
[3.708s][debug][gc,ref         ] GC(3) ReferenceProcessor::execute queues: 4, RefProcThreadModel::Multi, marks_oops_alive: false
[3.708s][debug][gc,ref         ] GC(3) ReferenceProcessor::execute queues: 4, RefProcThreadModel::Multi, marks_oops_alive: true
[3.708s][debug][gc,ref         ] GC(3) ReferenceProcessor::execute queues: 1, RefProcThreadModel::Single, marks_oops_alive: false
[3.708s][debug][gc,phases      ] GC(3) Reference Processing 0.332ms
[3.708s][debug][gc,phases      ] GC(3)   VM Weak                        Min:  0.0, Avg:  0.0, Max:  0.0, Diff:  0.0, Sum:  0.0, Workers: 4
[3.708s][debug][gc,phases      ] GC(3)     Dead                           Min: 0, Avg:  0.0, Max: 0, Diff: 0, Sum: 0, Workers: 4
[3.708s][debug][gc,phases      ] GC(3)     Total                          Min: 0, Avg: 72.0, Max: 160, Diff: 160, Sum: 288, Workers: 4
[3.708s][debug][gc,phases      ] GC(3)   ObjectSynchronizer Weak        Min:  0.0, Avg:  0.0, Max:  0.0, Diff:  0.0, Sum:  0.0, Workers: 4
[3.708s][debug][gc,phases      ] GC(3)     Dead                           Min: 0, Avg:  0.0, Max: 0, Diff: 0, Sum: 0, Workers: 4
[3.708s][debug][gc,phases      ] GC(3)     Total                          Min: 0, Avg:  2.0, Max: 8, Diff: 8, Sum: 8, Workers: 4
[3.708s][debug][gc,phases      ] GC(3)   JVMTI Tag Weak OopStorage      Min:  0.0, Avg:  0.0, Max:  0.0, Diff:  0.0, Sum:  0.0, Workers: 4
[3.708s][debug][gc,phases      ] GC(3)     Dead                           Min: 0, Avg:  0.0, Max: 0, Diff: 0, Sum: 0, Workers: 4
[3.708s][debug][gc,phases      ] GC(3)     Total                          Min: 0, Avg:  0.0, Max: 0, Diff: 0, Sum: 0, Workers: 4
[3.708s][debug][gc,phases      ] GC(3)   StringTable Weak               Min:  0.0, Avg:  0.0, Max:  0.1, Diff:  0.1, Sum:  0.2, Workers: 4
[3.708s][debug][gc,phases      ] GC(3)     Dead                           Min: 0, Avg:  0.0, Max: 0, Diff: 0, Sum: 0, Workers: 4
[3.708s][debug][gc,phases      ] GC(3)     Total                          Min: 192, Avg: 3684.8, Max: 5331, Diff: 5139, Sum: 14739, Workers: 4
[3.708s][debug][gc,phases      ] GC(3)   ResolvedMethodTable Weak       Min:  0.0, Avg:  0.0, Max:  0.0, Diff:  0.0, Sum:  0.1, Workers: 4
[3.708s][debug][gc,phases      ] GC(3)     Dead                           Min: 0, Avg:  0.0, Max: 0, Diff: 0, Sum: 0, Workers: 4
[3.708s][debug][gc,phases      ] GC(3)     Total                          Min: 1127, Avg: 1193.2, Max: 1216, Diff: 89, Sum: 4773, Workers: 4
[3.708s][debug][gc,phases      ] GC(3)   JNI Weak                       Min:  0.0, Avg:  0.0, Max:  0.0, Diff:  0.0, Sum:  0.0, Workers: 4
[3.708s][debug][gc,phases      ] GC(3)     Dead                           Min: 0, Avg:  0.0, Max: 0, Diff: 0, Sum: 0, Workers: 4
[3.708s][debug][gc,phases      ] GC(3)     Total                          Min: 0, Avg: 14.8, Max: 51, Diff: 51, Sum: 59, Workers: 4
[3.708s][debug][gc,phases      ] GC(3)   StringDedup Table Weak         Min:  0.0, Avg:  0.0, Max:  0.0, Diff:  0.0, Sum:  0.0, Workers: 4
[3.708s][debug][gc,phases      ] GC(3)     Dead                           Min: 0, Avg:  0.0, Max: 0, Diff: 0, Sum: 0, Workers: 4
[3.708s][debug][gc,phases      ] GC(3)     Total                          Min: 0, Avg:  0.0, Max: 0, Diff: 0, Sum: 0, Workers: 4
[3.708s][debug][gc,phases      ] GC(3)   StringDedup Requests0 Weak     Min:  0.0, Avg:  0.0, Max:  0.0, Diff:  0.0, Sum:  0.0, Workers: 4
[3.708s][debug][gc,phases      ] GC(3)     Dead                           Min: 0, Avg:  0.0, Max: 0, Diff: 0, Sum: 0, Workers: 4
[3.708s][debug][gc,phases      ] GC(3)     Total                          Min: 0, Avg:  0.0, Max: 0, Diff: 0, Sum: 0, Workers: 4
[3.708s][debug][gc,phases      ] GC(3)   StringDedup Requests1 Weak     Min:  0.0, Avg:  0.0, Max:  0.0, Diff:  0.0, Sum:  0.0, Workers: 4
[3.708s][debug][gc,phases      ] GC(3)     Dead                           Min: 0, Avg:  0.0, Max: 0, Diff: 0, Sum: 0, Workers: 4
[3.708s][debug][gc,phases      ] GC(3)     Total                          Min: 0, Avg:  0.0, Max: 0, Diff: 0, Sum: 0, Workers: 4
[3.708s][debug][gc,phases      ] GC(3)   Weak JFR Old Object Samples    Min:  0.0, Avg:  0.0, Max:  0.0, Diff:  0.0, Sum:  0.0, Workers: 4
[3.708s][debug][gc,phases      ] GC(3)     Dead                           Min: 0, Avg:  0.0, Max: 0, Diff: 0, Sum: 0, Workers: 4
[3.708s][debug][gc,phases      ] GC(3)     Total                          Min: 0, Avg:  0.0, Max: 0, Diff: 0, Sum: 0, Workers: 4
[3.708s][debug][gc,phases      ] GC(3) Weak Processing 0.223ms
[3.708s][debug][gc,phases      ] GC(3) ClassLoaderData 0.033ms
[3.708s][debug][gc,phases      ] GC(3) Trigger cleanups 0.000ms
[3.716s][debug][gc,phases      ] GC(3) Purge Unlinked NMethods 0.493ms
[3.716s][debug][gc,phases      ] GC(3) Unregister NMethods 0.031ms
[3.716s][debug][gc,phases      ] GC(3) Free Code Blobs 0.117ms
[3.716s][debug][gc,phases      ] GC(3) Class Unloading 7.990ms
[3.716s][debug][gc,phases      ] GC(3) Report Object Count 0.001ms
[3.716s][info ][gc,phases      ] GC(3) Marking Phase 29.267ms
[3.716s][info ][gc,phases,start] GC(3) Summary Phase
[3.716s][info ][gc,phases      ] GC(3) Summary Phase 0.005ms
[3.716s][info ][gc,phases,start] GC(3) Adjust Roots
[3.721s][info ][gc,phases      ] GC(3) Adjust Roots 4.464ms
[3.721s][info ][gc,phases,start] GC(3) Compaction Phase
[3.901s][info ][gc,phases      ] GC(3) Compaction Phase 180.112ms
[3.901s][info ][gc,phases,start] GC(3) Post Compact
[3.903s][debug][gc,phases      ] GC(3) Purge Class Loader Data 1.146ms
[3.903s][info ][gc,phases      ] GC(3) Post Compact 2.060ms
[3.903s][info ][gc,heap        ] GC(3) PSYoungGen: 55471K(1572864K)->55294K(1572864K) Eden: 0K(1048576K)->0K(1048576K) From: 55471K(524288K)->55294K(524288K)
[3.903s][info ][gc,heap        ] GC(3) ParOldGen: 6097K(6144K)->6049K(6144K)
[3.903s][info ][gc,metaspace   ] GC(3) Metaspace: 35394K(35840K)->35394K(35840K) NonClass: 30855K(31104K)->30855K(31104K) Class: 4539K(4736K)->4539K(4736K)
[3.903s][info ][gc             ] GC(3) Pause Full (Metadata GC Threshold) 60M->59M(1542M) 216.007ms
[3.903s][info ][gc,cpu         ] GC(3) User=0.46s Sys=0.01s Real=0.22s
[3.903s][info ][safepoint      ] Safepoint "CollectForMetadataAllocation", Time since last: 277517222 ns, Reaching safepoint: 3300 ns, Cleanup: 118201 ns, At safepoint: 249557117 ns, Total: 249678618 ns
[4.014s][info ][safepoint      ] Safepoint "ICBufferFull", Time since last: 110872107 ns, Reaching safepoint: 4200 ns, Cleanup: 121501 ns, At safepoint: 1500 ns, Total: 127201 ns
[4.205s][info ][safepoint      ] Safepoint "ICBufferFull", Time since last: 190924679 ns, Reaching safepoint: 3700 ns, Cleanup: 117601 ns, At safepoint: 5700 ns, Total: 127001 ns
[4.289s][info ][safepoint      ] Safepoint "ICBufferFull", Time since last: 83766812 ns, Reaching safepoint: 3800 ns, Cleanup: 120002 ns, At safepoint: 5300 ns, Total: 129102 ns
[4.730s][info ][safepoint      ] Safepoint "ICBufferFull", Time since last: 440363694 ns, Reaching safepoint: 3000 ns, Cleanup: 132902 ns, At safepoint: 3600 ns, Total: 139502 ns
[4.826s][info ][safepoint      ] Safepoint "ICBufferFull", Time since last: 95770242 ns, Reaching safepoint: 3000 ns, Cleanup: 105902 ns, At safepoint: 5000 ns, Total: 113902 ns
[4.942s][info ][safepoint      ] Safepoint "ICBufferFull", Time since last: 116759771 ns, Reaching safepoint: 78501 ns, Cleanup: 109001 ns, At safepoint: 5100 ns, Total: 192602 ns
[5.179s][info ][safepoint      ] Safepoint "ICBufferFull", Time since last: 236344673 ns, Reaching safepoint: 3200 ns, Cleanup: 131001 ns, At safepoint: 1800 ns, Total: 136001 ns
[5.369s][info ][safepoint      ] Safepoint "ICBufferFull", Time since last: 189856368 ns, Reaching safepoint: 3600 ns, Cleanup: 116301 ns, At safepoint: 4100 ns, Total: 124001 ns
[5.713s][info ][safepoint      ] Safepoint "ICBufferFull", Time since last: 344129846 ns, Reaching safepoint: 3401 ns, Cleanup: 151701 ns, At safepoint: 7300 ns, Total: 162402 ns
[5.930s][info ][gc,start       ] GC(4) Pause Young (Metadata GC Threshold)
[5.968s][debug][gc,phases      ] GC(4) Scavenge 38.231ms
[5.969s][debug][gc,ref         ] GC(4) ReferenceProcessor::execute queues: 4, RefProcThreadModel::Multi, marks_oops_alive: false
[5.969s][debug][gc,ref         ] GC(4) Skipped KeepAliveFinalRefsPhase of Reference Processing: no references
[5.969s][debug][gc,ref         ] GC(4) ReferenceProcessor::execute queues: 4, RefProcThreadModel::Multi, marks_oops_alive: false
[5.969s][debug][gc,phases      ] GC(4) Reference Processing 0.858ms
[5.970s][debug][gc,phases      ] GC(4)   VM Weak                        Min:  0.0, Avg:  0.0, Max:  0.0, Diff:  0.0, Sum:  0.0, Workers: 4
[5.970s][debug][gc,phases      ] GC(4)     Dead                           Min: 0, Avg:  0.0, Max: 0, Diff: 0, Sum: 0, Workers: 4
[5.970s][debug][gc,phases      ] GC(4)     Total                          Min: 0, Avg: 114.8, Max: 256, Diff: 256, Sum: 459, Workers: 4
[5.970s][debug][gc,phases      ] GC(4)   ObjectSynchronizer Weak        Min:  0.0, Avg:  0.0, Max:  0.0, Diff:  0.0, Sum:  0.0, Workers: 4
[5.970s][debug][gc,phases      ] GC(4)     Dead                           Min: 0, Avg:  0.0, Max: 0, Diff: 0, Sum: 0, Workers: 4
[5.970s][debug][gc,phases      ] GC(4)     Total                          Min: 0, Avg:  2.0, Max: 8, Diff: 8, Sum: 8, Workers: 4
[5.970s][debug][gc,phases      ] GC(4)   JVMTI Tag Weak OopStorage      Min:  0.0, Avg:  0.0, Max:  0.0, Diff:  0.0, Sum:  0.0, Workers: 4
[5.970s][debug][gc,phases      ] GC(4)     Dead                           Min: 0, Avg:  0.0, Max: 0, Diff: 0, Sum: 0, Workers: 4
[5.970s][debug][gc,phases      ] GC(4)     Total                          Min: 0, Avg:  0.0, Max: 0, Diff: 0, Sum: 0, Workers: 4
[5.970s][debug][gc,phases      ] GC(4)   StringTable Weak               Min:  0.0, Avg:  0.2, Max:  0.2, Diff:  0.2, Sum:  0.6, Workers: 4
[5.970s][debug][gc,phases      ] GC(4)     Dead                           Min: 0, Avg:  3.8, Max: 7, Diff: 7, Sum: 15, Workers: 4
[5.970s][debug][gc,phases      ] GC(4)     Total                          Min: 0, Avg: 6969.0, Max: 11748, Diff: 11748, Sum: 27876, Workers: 4
[5.970s][debug][gc,phases      ] GC(4)   ResolvedMethodTable Weak       Min:  0.0, Avg:  0.1, Max:  0.1, Diff:  0.1, Sum:  0.3, Workers: 4
[5.970s][debug][gc,phases      ] GC(4)     Dead                           Min: 0, Avg: 979.2, Max: 1840, Diff: 1840, Sum: 3917, Workers: 4
[5.970s][debug][gc,phases      ] GC(4)     Total                          Min: 0, Avg: 2855.2, Max: 5149, Diff: 5149, Sum: 11421, Workers: 4
[5.970s][debug][gc,phases      ] GC(4)   JNI Weak                       Min:  0.0, Avg:  0.0, Max:  0.0, Diff:  0.0, Sum:  0.0, Workers: 4
[5.970s][debug][gc,phases      ] GC(4)     Dead                           Min: 0, Avg:  0.0, Max: 0, Diff: 0, Sum: 0, Workers: 4
[5.970s][debug][gc,phases      ] GC(4)     Total                          Min: 0, Avg: 12.2, Max: 48, Diff: 48, Sum: 49, Workers: 4
[5.970s][debug][gc,phases      ] GC(4)   StringDedup Table Weak         Min:  0.0, Avg:  0.0, Max:  0.0, Diff:  0.0, Sum:  0.0, Workers: 4
[5.970s][debug][gc,phases      ] GC(4)     Dead                           Min: 0, Avg:  0.0, Max: 0, Diff: 0, Sum: 0, Workers: 4
[5.970s][debug][gc,phases      ] GC(4)     Total                          Min: 0, Avg:  0.0, Max: 0, Diff: 0, Sum: 0, Workers: 4
[5.970s][debug][gc,phases      ] GC(4)   StringDedup Requests0 Weak     Min:  0.0, Avg:  0.0, Max:  0.0, Diff:  0.0, Sum:  0.0, Workers: 4
[5.970s][debug][gc,phases      ] GC(4)     Dead                           Min: 0, Avg:  0.0, Max: 0, Diff: 0, Sum: 0, Workers: 4
[5.970s][debug][gc,phases      ] GC(4)     Total                          Min: 0, Avg:  0.0, Max: 0, Diff: 0, Sum: 0, Workers: 4
[5.970s][debug][gc,phases      ] GC(4)   StringDedup Requests1 Weak     Min:  0.0, Avg:  0.0, Max:  0.0, Diff:  0.0, Sum:  0.0, Workers: 4
[5.970s][debug][gc,phases      ] GC(4)     Dead                           Min: 0, Avg:  0.0, Max: 0, Diff: 0, Sum: 0, Workers: 4
[5.970s][debug][gc,phases      ] GC(4)     Total                          Min: 0, Avg:  0.0, Max: 0, Diff: 0, Sum: 0, Workers: 4
[5.970s][debug][gc,phases      ] GC(4)   Weak JFR Old Object Samples    Min:  0.0, Avg:  0.0, Max:  0.0, Diff:  0.0, Sum:  0.0, Workers: 4
[5.970s][debug][gc,phases      ] GC(4)     Dead                           Min: 0, Avg:  0.0, Max: 0, Diff: 0, Sum: 0, Workers: 4
[5.970s][debug][gc,phases      ] GC(4)     Total                          Min: 0, Avg:  0.0, Max: 0, Diff: 0, Sum: 0, Workers: 4
[5.970s][debug][gc,phases      ] GC(4) Weak Processing 0.487ms
[5.970s][debug][gc,age         ] GC(4) Desired survivor size 536870912 bytes, new threshold 7 (max threshold 15)
[5.970s][info ][gc,heap        ] GC(4) PSYoungGen: 452397K(1572864K)->77651K(1572864K) Eden: 397102K(1048576K)->0K(1048576K) From: 55294K(524288K)->77651K(524288K)
[5.970s][info ][gc,heap        ] GC(4) ParOldGen: 6049K(6144K)->6073K(6144K)
[5.970s][info ][gc,metaspace   ] GC(4) Metaspace: 59153K(59776K)->59153K(59776K) NonClass: 49678K(50048K)->49678K(50048K) Class: 9474K(9728K)->9474K(9728K)
[5.970s][info ][gc             ] GC(4) Pause Young (Metadata GC Threshold) 447M->81M(1542M) 39.695ms
[5.970s][info ][gc,cpu         ] GC(4) User=0.12s Sys=0.03s Real=0.04s
[5.970s][debug][gc,phases      ] GC(5) Pre Compact 0.007ms
[5.970s][info ][gc,start       ] GC(5) Pause Full (Metadata GC Threshold)
[5.970s][info ][gc,phases,start] GC(5) Marking Phase
[5.999s][debug][gc,phases      ] GC(5) Par Mark 29.410ms
[5.999s][debug][gc,ref         ] GC(5) ReferenceProcessor::execute queues: 4, RefProcThreadModel::Multi, marks_oops_alive: false
[6.000s][debug][gc,ref         ] GC(5) ReferenceProcessor::execute queues: 4, RefProcThreadModel::Multi, marks_oops_alive: true
[6.000s][debug][gc,ref         ] GC(5) ReferenceProcessor::execute queues: 1, RefProcThreadModel::Single, marks_oops_alive: false
[6.000s][debug][gc,phases      ] GC(5) Reference Processing 0.426ms
[6.000s][debug][gc,phases      ] GC(5)   VM Weak                        Min:  0.0, Avg:  0.0, Max:  0.0, Diff:  0.0, Sum:  0.0, Workers: 4
[6.000s][debug][gc,phases      ] GC(5)     Dead                           Min: 0, Avg:  0.0, Max: 0, Diff: 0, Sum: 0, Workers: 4
[6.000s][debug][gc,phases      ] GC(5)     Total                          Min: 0, Avg: 114.8, Max: 395, Diff: 395, Sum: 459, Workers: 4
[6.000s][debug][gc,phases      ] GC(5)   ObjectSynchronizer Weak        Min:  0.0, Avg:  0.0, Max:  0.0, Diff:  0.0, Sum:  0.0, Workers: 4
[6.000s][debug][gc,phases      ] GC(5)     Dead                           Min: 0, Avg:  0.0, Max: 0, Diff: 0, Sum: 0, Workers: 4
[6.000s][debug][gc,phases      ] GC(5)     Total                          Min: 0, Avg:  2.0, Max: 8, Diff: 8, Sum: 8, Workers: 4
[6.000s][debug][gc,phases      ] GC(5)   JVMTI Tag Weak OopStorage      Min:  0.0, Avg:  0.0, Max:  0.0, Diff:  0.0, Sum:  0.0, Workers: 4
[6.000s][debug][gc,phases      ] GC(5)     Dead                           Min: 0, Avg:  0.0, Max: 0, Diff: 0, Sum: 0, Workers: 4
[6.000s][debug][gc,phases      ] GC(5)     Total                          Min: 0, Avg:  0.0, Max: 0, Diff: 0, Sum: 0, Workers: 4
[6.000s][debug][gc,phases      ] GC(5)   StringTable Weak               Min:  0.1, Avg:  0.1, Max:  0.1, Diff:  0.0, Sum:  0.3, Workers: 4
[6.000s][debug][gc,phases      ] GC(5)     Dead                           Min: 0, Avg:  0.0, Max: 0, Diff: 0, Sum: 0, Workers: 4
[6.000s][debug][gc,phases      ] GC(5)     Total                          Min: 6116, Avg: 6969.0, Max: 8128, Diff: 2012, Sum: 27876, Workers: 4
[6.000s][debug][gc,phases      ] GC(5)   ResolvedMethodTable Weak       Min:  0.0, Avg:  0.0, Max:  0.0, Diff:  0.0, Sum:  0.1, Workers: 4
[6.000s][debug][gc,phases      ] GC(5)     Dead                           Min: 0, Avg:  0.0, Max: 0, Diff: 0, Sum: 0, Workers: 4
[6.000s][debug][gc,phases      ] GC(5)     Total                          Min: 2688, Avg: 2855.2, Max: 3101, Diff: 413, Sum: 11421, Workers: 4
[6.000s][debug][gc,phases      ] GC(5)   JNI Weak                       Min:  0.0, Avg:  0.0, Max:  0.0, Diff:  0.0, Sum:  0.0, Workers: 4
[6.000s][debug][gc,phases      ] GC(5)     Dead                           Min: 0, Avg:  0.0, Max: 0, Diff: 0, Sum: 0, Workers: 4
[6.000s][debug][gc,phases      ] GC(5)     Total                          Min: 0, Avg: 12.2, Max: 48, Diff: 48, Sum: 49, Workers: 4
[6.000s][debug][gc,phases      ] GC(5)   StringDedup Table Weak         Min:  0.0, Avg:  0.0, Max:  0.0, Diff:  0.0, Sum:  0.0, Workers: 4
[6.000s][debug][gc,phases      ] GC(5)     Dead                           Min: 0, Avg:  0.0, Max: 0, Diff: 0, Sum: 0, Workers: 4
[6.000s][debug][gc,phases      ] GC(5)     Total                          Min: 0, Avg:  0.0, Max: 0, Diff: 0, Sum: 0, Workers: 4
[6.000s][debug][gc,phases      ] GC(5)   StringDedup Requests0 Weak     Min:  0.0, Avg:  0.0, Max:  0.0, Diff:  0.0, Sum:  0.0, Workers: 4
[6.000s][debug][gc,phases      ] GC(5)     Dead                           Min: 0, Avg:  0.0, Max: 0, Diff: 0, Sum: 0, Workers: 4
[6.000s][debug][gc,phases      ] GC(5)     Total                          Min: 0, Avg:  0.0, Max: 0, Diff: 0, Sum: 0, Workers: 4
[6.000s][debug][gc,phases      ] GC(5)   StringDedup Requests1 Weak     Min:  0.0, Avg:  0.0, Max:  0.0, Diff:  0.0, Sum:  0.0, Workers: 4
[6.000s][debug][gc,phases      ] GC(5)     Dead                           Min: 0, Avg:  0.0, Max: 0, Diff: 0, Sum: 0, Workers: 4
[6.000s][debug][gc,phases      ] GC(5)     Total                          Min: 0, Avg:  0.0, Max: 0, Diff: 0, Sum: 0, Workers: 4
[6.000s][debug][gc,phases      ] GC(5)   Weak JFR Old Object Samples    Min:  0.0, Avg:  0.0, Max:  0.0, Diff:  0.0, Sum:  0.0, Workers: 4
[6.000s][debug][gc,phases      ] GC(5)     Dead                           Min: 0, Avg:  0.0, Max: 0, Diff: 0, Sum: 0, Workers: 4
[6.000s][debug][gc,phases      ] GC(5)     Total                          Min: 0, Avg:  0.0, Max: 0, Diff: 0, Sum: 0, Workers: 4
[6.000s][debug][gc,phases      ] GC(5) Weak Processing 0.282ms
[6.000s][debug][gc,phases      ] GC(5) ClassLoaderData 0.056ms
[6.000s][debug][gc,phases      ] GC(5) Trigger cleanups 0.000ms
[6.008s][debug][gc,phases      ] GC(5) Purge Unlinked NMethods 0.160ms
[6.008s][debug][gc,phases      ] GC(5) Unregister NMethods 0.079ms
[6.008s][debug][gc,phases      ] GC(5) Free Code Blobs 0.044ms
[6.008s][debug][gc,phases      ] GC(5) Class Unloading 8.282ms
[6.008s][debug][gc,phases      ] GC(5) Report Object Count 0.001ms
[6.008s][info ][gc,phases      ] GC(5) Marking Phase 38.453ms
[6.008s][info ][gc,phases,start] GC(5) Summary Phase
[6.008s][info ][gc,phases      ] GC(5) Summary Phase 0.005ms
[6.008s][info ][gc,phases,start] GC(5) Adjust Roots
[6.015s][info ][gc,phases      ] GC(5) Adjust Roots 6.459ms
[6.015s][info ][gc,phases,start] GC(5) Compaction Phase
[6.312s][info ][gc,phases      ] GC(5) Compaction Phase 296.917ms
[6.312s][info ][gc,phases,start] GC(5) Post Compact
[6.312s][debug][gc,phases      ] GC(5) Purge Class Loader Data 0.260ms
[6.313s][info ][gc,phases      ] GC(5) Post Compact 1.428ms
[6.313s][info ][gc,heap        ] GC(5) PSYoungGen: 77651K(1572864K)->77446K(1572864K) Eden: 0K(1048576K)->0K(1048576K) From: 77651K(524288K)->77446K(524288K)
[6.313s][info ][gc,heap        ] GC(5) ParOldGen: 6073K(6144K)->6039K(6144K)
[6.313s][info ][gc,metaspace   ] GC(5) Metaspace: 59153K(59776K)->59153K(59776K) NonClass: 49678K(50048K)->49678K(50048K) Class: 9474K(9728K)->9474K(9728K)
[6.313s][info ][gc             ] GC(5) Pause Full (Metadata GC Threshold) 81M->81M(1542M) 343.354ms
[6.313s][info ][gc,cpu         ] GC(5) User=0.74s Sys=0.00s Real=0.35s
[6.313s][info ][safepoint      ] Safepoint "CollectForMetadataAllocation", Time since last: 216805761 ns, Reaching safepoint: 3700 ns, Cleanup: 50900 ns, At safepoint: 383197672 ns, Total: 383252272 ns
[6.871s][info ][safepoint      ] Safepoint "ICBufferFull", Time since last: 557510670 ns, Reaching safepoint: 3800 ns, Cleanup: 154902 ns, At safepoint: 1400 ns, Total: 160102 ns
[7.729s][info ][safepoint      ] Safepoint "ICBufferFull", Time since last: 857745038 ns, Reaching safepoint: 3500 ns, Cleanup: 120302 ns, At safepoint: 1900 ns, Total: 125702 ns
[7.834s][info ][safepoint      ] Safepoint "ICBufferFull", Time since last: 104640939 ns, Reaching safepoint: 4300 ns, Cleanup: 118701 ns, At safepoint: 5700 ns, Total: 128701 ns
[7.917s][info ][safepoint      ] Safepoint "ICBufferFull", Time since last: 83490309 ns, Reaching safepoint: 4000 ns, Cleanup: 108001 ns, At safepoint: 10701 ns, Total: 122702 ns
[8.031s][info ][safepoint      ] Safepoint "ICBufferFull", Time since last: 113851239 ns, Reaching safepoint: 83201 ns, Cleanup: 112401 ns, At safepoint: 10200 ns, Total: 205802 ns
[8.251s][info ][safepoint      ] Safepoint "ICBufferFull", Time since last: 219225187 ns, Reaching safepoint: 3900 ns, Cleanup: 113001 ns, At safepoint: 4500 ns, Total: 121401 ns
[8.400s][info ][safepoint      ] Safepoint "ICBufferFull", Time since last: 149660330 ns, Reaching safepoint: 4200 ns, Cleanup: 129301 ns, At safepoint: 7600 ns, Total: 141101 ns
[8.654s][info ][safepoint      ] Safepoint "ICBufferFull", Time since last: 253591461 ns, Reaching safepoint: 81701 ns, Cleanup: 118001 ns, At safepoint: 6600 ns, Total: 206302 ns
[8.857s][info ][safepoint      ] Safepoint "ICBufferFull", Time since last: 202533805 ns, Reaching safepoint: 92302 ns, Cleanup: 112901 ns, At safepoint: 9700 ns, Total: 214903 ns
[9.846s][info ][safepoint      ] Safepoint "ICBufferFull", Time since last: 989051368 ns, Reaching safepoint: 4200 ns, Cleanup: 135201 ns, At safepoint: 1600 ns, Total: 141001 ns
[10.107s][info ][safepoint      ] Safepoint "ICBufferFull", Time since last: 260970842 ns, Reaching safepoint: 83201 ns, Cleanup: 106601 ns, At safepoint: 14200 ns, Total: 204002 ns
[10.322s][info ][safepoint      ] Safepoint "ICBufferFull", Time since last: 214479435 ns, Reaching safepoint: 79501 ns, Cleanup: 124701 ns, At safepoint: 9500 ns, Total: 213702 ns
[10.622s][info ][safepoint      ] Safepoint "ICBufferFull", Time since last: 299516561 ns, Reaching safepoint: 87201 ns, Cleanup: 173002 ns, At safepoint: 11200 ns, Total: 271403 ns
[10.622s][info ][safepoint      ] Safepoint "ICBufferFull", Time since last: 85101 ns, Reaching safepoint: 77601 ns, Cleanup: 4500 ns, At safepoint: 12700 ns, Total: 94801 ns
[11.622s][info ][safepoint      ] Safepoint "Cleanup", Time since last: 1000094322 ns, Reaching safepoint: 79501 ns, Cleanup: 124302 ns, At safepoint: 7300 ns, Total: 211103 ns
[12.623s][info ][safepoint      ] Safepoint "Cleanup", Time since last: 1000118078 ns, Reaching safepoint: 79501 ns, Cleanup: 11900 ns, At safepoint: 12801 ns, Total: 104202 ns
[13.623s][info ][safepoint      ] Safepoint "Cleanup", Time since last: 1000117078 ns, Reaching safepoint: 78001 ns, Cleanup: 9800 ns, At safepoint: 12800 ns, Total: 100601 ns
[14.071s][info ][safepoint      ] Safepoint "ICBufferFull", Time since last: 447664338 ns, Reaching safepoint: 83501 ns, Cleanup: 116702 ns, At safepoint: 8300 ns, Total: 208503 ns
[14.295s][info ][safepoint      ] Safepoint "ICBufferFull", Time since last: 223181561 ns, Reaching safepoint: 82401 ns, Cleanup: 133202 ns, At safepoint: 1268514 ns, Total: 1484117 ns
[14.407s][info ][safepoint      ] Safepoint "ICBufferFull", Time since last: 111120776 ns, Reaching safepoint: 4700 ns, Cleanup: 121201 ns, At safepoint: 7000 ns, Total: 132901 ns
[14.585s][info ][safepoint      ] Safepoint "ICBufferFull", Time since last: 178750552 ns, Reaching safepoint: 4200 ns, Cleanup: 145001 ns, At safepoint: 7901 ns, Total: 157102 ns
[14.673s][info ][safepoint      ] Safepoint "ICBufferFull", Time since last: 87085299 ns, Reaching safepoint: 81901 ns, Cleanup: 124501 ns, At safepoint: 13801 ns, Total: 220203 ns
[15.125s][info ][safepoint      ] Safepoint "ICBufferFull", Time since last: 452452193 ns, Reaching safepoint: 4900 ns, Cleanup: 134401 ns, At safepoint: 2400 ns, Total: 141701 ns
[16.126s][info ][safepoint      ] Safepoint "Cleanup", Time since last: 1000121879 ns, Reaching safepoint: 6200 ns, Cleanup: 61401 ns, At safepoint: 8300 ns, Total: 75901 ns
[17.126s][info ][safepoint      ] Safepoint "Cleanup", Time since last: 1000120378 ns, Reaching safepoint: 80901 ns, Cleanup: 60001 ns, At safepoint: 8600 ns, Total: 149502 ns
[18.126s][info ][safepoint      ] Safepoint "Cleanup", Time since last: 1000120379 ns, Reaching safepoint: 6100 ns, Cleanup: 59501 ns, At safepoint: 6700 ns, Total: 72301 ns
[19.126s][info ][safepoint      ] Safepoint "Cleanup", Time since last: 1000107510 ns, Reaching safepoint: 4300 ns, Cleanup: 77801 ns, At safepoint: 8500 ns, Total: 90601 ns
[20.126s][info ][safepoint      ] Safepoint "Cleanup", Time since last: 1000096601 ns, Reaching safepoint: 5200 ns, Cleanup: 71100 ns, At safepoint: 1900 ns, Total: 78200 ns
[21.062s][info ][gc,start       ] GC(6) Pause Young (Metadata GC Threshold)
[21.136s][debug][gc,phases      ] GC(6) Scavenge 74.080ms
[21.136s][debug][gc,ref         ] GC(6) ReferenceProcessor::execute queues: 4, RefProcThreadModel::Multi, marks_oops_alive: false
[21.137s][debug][gc,ref         ] GC(6) Skipped KeepAliveFinalRefsPhase of Reference Processing: no references
[21.137s][debug][gc,ref         ] GC(6) ReferenceProcessor::execute queues: 4, RefProcThreadModel::Multi, marks_oops_alive: false
[21.137s][debug][gc,phases      ] GC(6) Reference Processing 0.946ms
[21.137s][debug][gc,phases      ] GC(6)   VM Weak                        Min:  0.0, Avg:  0.0, Max:  0.0, Diff:  0.0, Sum:  0.0, Workers: 4
[21.137s][debug][gc,phases      ] GC(6)     Dead                           Min: 0, Avg:  0.0, Max: 0, Diff: 0, Sum: 0, Workers: 4
[21.137s][debug][gc,phases      ] GC(6)     Total                          Min: 39, Avg: 201.8, Max: 384, Diff: 345, Sum: 807, Workers: 4
[21.137s][debug][gc,phases      ] GC(6)   ObjectSynchronizer Weak        Min:  0.0, Avg:  0.0, Max:  0.0, Diff:  0.0, Sum:  0.0, Workers: 4
[21.137s][debug][gc,phases      ] GC(6)     Dead                           Min: 0, Avg:  5.8, Max: 23, Diff: 23, Sum: 23, Workers: 4
[21.137s][debug][gc,phases      ] GC(6)     Total                          Min: 0, Avg: 13.8, Max: 55, Diff: 55, Sum: 55, Workers: 4
[21.137s][debug][gc,phases      ] GC(6)   JVMTI Tag Weak OopStorage      Min:  0.0, Avg:  0.0, Max:  0.0, Diff:  0.0, Sum:  0.0, Workers: 4
[21.137s][debug][gc,phases      ] GC(6)     Dead                           Min: 0, Avg:  0.0, Max: 0, Diff: 0, Sum: 0, Workers: 4
[21.137s][debug][gc,phases      ] GC(6)     Total                          Min: 0, Avg:  0.0, Max: 0, Diff: 0, Sum: 0, Workers: 4
[21.137s][debug][gc,phases      ] GC(6)   StringTable Weak               Min:  0.3, Avg:  0.3, Max:  0.3, Diff:  0.0, Sum:  1.1, Workers: 4
[21.137s][debug][gc,phases      ] GC(6)     Dead                           Min: 7, Avg:  9.2, Max: 11, Diff: 4, Sum: 37, Workers: 4
[21.137s][debug][gc,phases      ] GC(6)     Total                          Min: 10176, Avg: 11256.8, Max: 12195, Diff: 2019, Sum: 45027, Workers: 4
[21.137s][debug][gc,phases      ] GC(6)   ResolvedMethodTable Weak       Min:  0.1, Avg:  0.1, Max:  0.1, Diff:  0.0, Sum:  0.5, Workers: 4
[21.137s][debug][gc,phases      ] GC(6)     Dead                           Min: 955, Avg: 1076.5, Max: 1243, Diff: 288, Sum: 4306, Workers: 4
[21.137s][debug][gc,phases      ] GC(6)     Total                          Min: 4407, Avg: 4493.8, Max: 4544, Diff: 137, Sum: 17975, Workers: 4
[21.137s][debug][gc,phases      ] GC(6)   JNI Weak                       Min:  0.0, Avg:  0.0, Max:  0.0, Diff:  0.0, Sum:  0.0, Workers: 4
[21.137s][debug][gc,phases      ] GC(6)     Dead                           Min: 0, Avg:  0.0, Max: 0, Diff: 0, Sum: 0, Workers: 4
[21.137s][debug][gc,phases      ] GC(6)     Total                          Min: 0, Avg: 13.0, Max: 52, Diff: 52, Sum: 52, Workers: 4
[21.137s][debug][gc,phases      ] GC(6)   StringDedup Table Weak         Min:  0.0, Avg:  0.0, Max:  0.0, Diff:  0.0, Sum:  0.0, Workers: 4
[21.137s][debug][gc,phases      ] GC(6)     Dead                           Min: 0, Avg:  0.0, Max: 0, Diff: 0, Sum: 0, Workers: 4
[21.137s][debug][gc,phases      ] GC(6)     Total                          Min: 0, Avg:  0.0, Max: 0, Diff: 0, Sum: 0, Workers: 4
[21.137s][debug][gc,phases      ] GC(6)   StringDedup Requests0 Weak     Min:  0.0, Avg:  0.0, Max:  0.0, Diff:  0.0, Sum:  0.0, Workers: 4
[21.137s][debug][gc,phases      ] GC(6)     Dead                           Min: 0, Avg:  0.0, Max: 0, Diff: 0, Sum: 0, Workers: 4
[21.137s][debug][gc,phases      ] GC(6)     Total                          Min: 0, Avg:  0.0, Max: 0, Diff: 0, Sum: 0, Workers: 4
[21.137s][debug][gc,phases      ] GC(6)   StringDedup Requests1 Weak     Min:  0.0, Avg:  0.0, Max:  0.0, Diff:  0.0, Sum:  0.0, Workers: 4
[21.137s][debug][gc,phases      ] GC(6)     Dead                           Min: 0, Avg:  0.0, Max: 0, Diff: 0, Sum: 0, Workers: 4
[21.137s][debug][gc,phases      ] GC(6)     Total                          Min: 0, Avg:  0.0, Max: 0, Diff: 0, Sum: 0, Workers: 4
[21.137s][debug][gc,phases      ] GC(6)   Weak JFR Old Object Samples    Min:  0.0, Avg:  0.0, Max:  0.0, Diff:  0.0, Sum:  0.0, Workers: 4
[21.137s][debug][gc,phases      ] GC(6)     Dead                           Min: 0, Avg:  0.0, Max: 0, Diff: 0, Sum: 0, Workers: 4
[21.137s][debug][gc,phases      ] GC(6)     Total                          Min: 0, Avg:  0.0, Max: 0, Diff: 0, Sum: 0, Workers: 4
[21.137s][debug][gc,phases      ] GC(6) Weak Processing 0.586ms
[21.137s][debug][gc,age         ] GC(6) Desired survivor size 536870912 bytes, new threshold 7 (max threshold 15)
[21.137s][info ][gc,heap        ] GC(6) PSYoungGen: 1008934K(1572864K)->140296K(1572864K) Eden: 931487K(1048576K)->0K(1048576K) From: 77446K(524288K)->140296K(524288K)
[21.137s][info ][gc,heap        ] GC(6) ParOldGen: 6039K(6144K)->6084K(6144K)
[21.137s][info ][gc,metaspace   ] GC(6) Metaspace: 98552K(99648K)->98552K(99648K) NonClass: 83034K(83648K)->83034K(83648K) Class: 15518K(16000K)->15518K(16000K)
[21.137s][info ][gc             ] GC(6) Pause Young (Metadata GC Threshold) 991M->142M(1542M) 75.735ms
[21.137s][info ][gc,cpu         ] GC(6) User=0.26s Sys=0.04s Real=0.08s
[21.137s][debug][gc,phases      ] GC(7) Pre Compact 0.008ms
[21.137s][info ][gc,start       ] GC(7) Pause Full (Metadata GC Threshold)
[21.137s][info ][gc,phases,start] GC(7) Marking Phase
[21.189s][debug][gc,phases      ] GC(7) Par Mark 51.593ms
[21.189s][debug][gc,ref         ] GC(7) ReferenceProcessor::execute queues: 4, RefProcThreadModel::Multi, marks_oops_alive: false
[21.190s][debug][gc,ref         ] GC(7) Skipped KeepAliveFinalRefsPhase of Reference Processing: no references
[21.190s][debug][gc,ref         ] GC(7) ReferenceProcessor::execute queues: 1, RefProcThreadModel::Single, marks_oops_alive: false
[21.190s][debug][gc,phases      ] GC(7) Reference Processing 0.486ms
[21.190s][debug][gc,phases      ] GC(7)   VM Weak                        Min:  0.0, Avg:  0.0, Max:  0.0, Diff:  0.0, Sum:  0.0, Workers: 4
[21.190s][debug][gc,phases      ] GC(7)     Dead                           Min: 0, Avg:  0.5, Max: 2, Diff: 2, Sum: 2, Workers: 4
[21.190s][debug][gc,phases      ] GC(7)     Total                          Min: 0, Avg: 201.8, Max: 512, Diff: 512, Sum: 807, Workers: 4
[21.190s][debug][gc,phases      ] GC(7)   ObjectSynchronizer Weak        Min:  0.0, Avg:  0.0, Max:  0.0, Diff:  0.0, Sum:  0.0, Workers: 4
[21.190s][debug][gc,phases      ] GC(7)     Dead                           Min: 0, Avg:  0.0, Max: 0, Diff: 0, Sum: 0, Workers: 4
[21.190s][debug][gc,phases      ] GC(7)     Total                          Min: 0, Avg: 13.8, Max: 55, Diff: 55, Sum: 55, Workers: 4
[21.190s][debug][gc,phases      ] GC(7)   JVMTI Tag Weak OopStorage      Min:  0.0, Avg:  0.0, Max:  0.0, Diff:  0.0, Sum:  0.0, Workers: 4
[21.190s][debug][gc,phases      ] GC(7)     Dead                           Min: 0, Avg:  0.0, Max: 0, Diff: 0, Sum: 0, Workers: 4
[21.190s][debug][gc,phases      ] GC(7)     Total                          Min: 0, Avg:  0.0, Max: 0, Diff: 0, Sum: 0, Workers: 4
[21.190s][debug][gc,phases      ] GC(7)   StringTable Weak               Min:  0.0, Avg:  0.1, Max:  0.2, Diff:  0.2, Sum:  0.5, Workers: 4
[21.190s][debug][gc,phases      ] GC(7)     Dead                           Min: 0, Avg:  0.0, Max: 0, Diff: 0, Sum: 0, Workers: 4
[21.190s][debug][gc,phases      ] GC(7)     Total                          Min: 0, Avg: 11256.8, Max: 15907, Diff: 15907, Sum: 45027, Workers: 4
[21.190s][debug][gc,phases      ] GC(7)   ResolvedMethodTable Weak       Min:  0.0, Avg:  0.0, Max:  0.1, Diff:  0.1, Sum:  0.2, Workers: 4
[21.190s][debug][gc,phases      ] GC(7)     Dead                           Min: 0, Avg:  0.2, Max: 1, Diff: 1, Sum: 1, Workers: 4
[21.190s][debug][gc,phases      ] GC(7)     Total                          Min: 0, Avg: 4493.8, Max: 6903, Diff: 6903, Sum: 17975, Workers: 4
[21.190s][debug][gc,phases      ] GC(7)   JNI Weak                       Min:  0.0, Avg:  0.0, Max:  0.0, Diff:  0.0, Sum:  0.0, Workers: 4
[21.190s][debug][gc,phases      ] GC(7)     Dead                           Min: 0, Avg:  0.0, Max: 0, Diff: 0, Sum: 0, Workers: 4
[21.190s][debug][gc,phases      ] GC(7)     Total                          Min: 0, Avg: 13.0, Max: 52, Diff: 52, Sum: 52, Workers: 4
[21.190s][debug][gc,phases      ] GC(7)   StringDedup Table Weak         Min:  0.0, Avg:  0.0, Max:  0.0, Diff:  0.0, Sum:  0.0, Workers: 4
[21.190s][debug][gc,phases      ] GC(7)     Dead                           Min: 0, Avg:  0.0, Max: 0, Diff: 0, Sum: 0, Workers: 4
[21.190s][debug][gc,phases      ] GC(7)     Total                          Min: 0, Avg:  0.0, Max: 0, Diff: 0, Sum: 0, Workers: 4
[21.190s][debug][gc,phases      ] GC(7)   StringDedup Requests0 Weak     Min:  0.0, Avg:  0.0, Max:  0.0, Diff:  0.0, Sum:  0.0, Workers: 4
[21.190s][debug][gc,phases      ] GC(7)     Dead                           Min: 0, Avg:  0.0, Max: 0, Diff: 0, Sum: 0, Workers: 4
[21.190s][debug][gc,phases      ] GC(7)     Total                          Min: 0, Avg:  0.0, Max: 0, Diff: 0, Sum: 0, Workers: 4
[21.190s][debug][gc,phases      ] GC(7)   StringDedup Requests1 Weak     Min:  0.0, Avg:  0.0, Max:  0.0, Diff:  0.0, Sum:  0.0, Workers: 4
[21.190s][debug][gc,phases      ] GC(7)     Dead                           Min: 0, Avg:  0.0, Max: 0, Diff: 0, Sum: 0, Workers: 4
[21.190s][debug][gc,phases      ] GC(7)     Total                          Min: 0, Avg:  0.0, Max: 0, Diff: 0, Sum: 0, Workers: 4
[21.190s][debug][gc,phases      ] GC(7)   Weak JFR Old Object Samples    Min:  0.0, Avg:  0.0, Max:  0.0, Diff:  0.0, Sum:  0.0, Workers: 4
[21.190s][debug][gc,phases      ] GC(7)     Dead                           Min: 0, Avg:  0.0, Max: 0, Diff: 0, Sum: 0, Workers: 4
[21.190s][debug][gc,phases      ] GC(7)     Total                          Min: 0, Avg:  0.0, Max: 0, Diff: 0, Sum: 0, Workers: 4
[21.190s][debug][gc,phases      ] GC(7) Weak Processing 0.417ms
[21.190s][debug][gc,phases      ] GC(7) ClassLoaderData 0.177ms
[21.190s][debug][gc,phases      ] GC(7) Trigger cleanups 0.001ms
[21.211s][debug][gc,phases      ] GC(7) Purge Unlinked NMethods 0.338ms
[21.211s][debug][gc,phases      ] GC(7) Unregister NMethods 0.335ms
[21.211s][debug][gc,phases      ] GC(7) Free Code Blobs 0.055ms
[21.219s][debug][gc,phases      ] GC(7) Class Unloading 28.512ms
[21.219s][debug][gc,phases      ] GC(7) Report Object Count 0.001ms
[21.219s][info ][gc,phases      ] GC(7) Marking Phase 81.080ms
[21.219s][info ][gc,phases,start] GC(7) Summary Phase
[21.219s][info ][gc,phases      ] GC(7) Summary Phase 0.007ms
[21.219s][info ][gc,phases,start] GC(7) Adjust Roots
[21.234s][info ][gc,phases      ] GC(7) Adjust Roots 15.889ms
[21.234s][info ][gc,phases,start] GC(7) Compaction Phase
[21.760s][info ][gc,phases      ] GC(7) Compaction Phase 525.691ms
[21.760s][info ][gc,phases,start] GC(7) Post Compact
[21.762s][debug][gc,phases      ] GC(7) Purge Class Loader Data 1.360ms
[21.765s][info ][gc,phases      ] GC(7) Post Compact 4.867ms
[21.765s][info ][gc,heap        ] GC(7) PSYoungGen: 140296K(1572864K)->139837K(1572864K) Eden: 0K(1048576K)->0K(1048576K) From: 140296K(524288K)->139837K(524288K)
[21.765s][info ][gc,heap        ] GC(7) ParOldGen: 6084K(6144K)->6066K(6144K)
[21.765s][info ][gc,metaspace   ] GC(7) Metaspace: 98552K(99648K)->98549K(99648K) NonClass: 83034K(83648K)->83031K(83648K) Class: 15518K(16000K)->15517K(16000K)
[21.765s][info ][gc             ] GC(7) Pause Full (Metadata GC Threshold) 142M->142M(1542M) 627.636ms
[21.765s][info ][gc,cpu         ] GC(7) User=1.32s Sys=0.01s Real=0.63s
[21.765s][info ][safepoint      ] Safepoint "CollectForMetadataAllocation", Time since last: 935184900 ns, Reaching safepoint: 4100 ns, Cleanup: 76201 ns, At safepoint: 703498497 ns, Total: 703578798 ns
[21.970s][info ][safepoint      ] Safepoint "ICBufferFull", Time since last: 204509609 ns, Reaching safepoint: 83401 ns, Cleanup: 182502 ns, At safepoint: 8100 ns, Total: 274003 ns
[22.065s][info ][safepoint      ] Safepoint "ICBufferFull", Time since last: 94574021 ns, Reaching safepoint: 5200 ns, Cleanup: 131202 ns, At safepoint: 12700 ns, Total: 149102 ns
[22.144s][info ][safepoint      ] Safepoint "ICBufferFull", Time since last: 79195955 ns, Reaching safepoint: 82501 ns, Cleanup: 114801 ns, At safepoint: 10900 ns, Total: 208202 ns
[22.201s][info ][safepoint      ] Safepoint "ICBufferFull", Time since last: 56618612 ns, Reaching safepoint: 5900 ns, Cleanup: 136501 ns, At safepoint: 8901 ns, Total: 151302 ns
[22.314s][info ][safepoint      ] Safepoint "ICBufferFull", Time since last: 112787018 ns, Reaching safepoint: 149201 ns, Cleanup: 157402 ns, At safepoint: 6500 ns, Total: 313103 ns
[22.395s][info ][safepoint      ] Safepoint "ICBufferFull", Time since last: 80868873 ns, Reaching safepoint: 81801 ns, Cleanup: 134102 ns, At safepoint: 19000 ns, Total: 234903 ns
[22.480s][info ][safepoint      ] Safepoint "ICBufferFull", Time since last: 84773315 ns, Reaching safepoint: 5000 ns, Cleanup: 136002 ns, At safepoint: 7400 ns, Total: 148402 ns
[22.578s][info ][safepoint      ] Safepoint "ICBufferFull", Time since last: 97802456 ns, Reaching safepoint: 5000 ns, Cleanup: 150702 ns, At safepoint: 7100 ns, Total: 162802 ns
[22.736s][info ][safepoint      ] Safepoint "ICBufferFull", Time since last: 158203508 ns, Reaching safepoint: 5601 ns, Cleanup: 139201 ns, At safepoint: 12000 ns, Total: 156802 ns
[22.872s][info ][safepoint      ] Safepoint "ICBufferFull", Time since last: 135443963 ns, Reaching safepoint: 81801 ns, Cleanup: 129701 ns, At safepoint: 11600 ns, Total: 223102 ns
[23.004s][info ][safepoint      ] Safepoint "ICBufferFull", Time since last: 131445620 ns, Reaching safepoint: 5000 ns, Cleanup: 154802 ns, At safepoint: 7900 ns, Total: 167702 ns
[23.100s][info ][safepoint      ] Safepoint "ICBufferFull", Time since last: 96026737 ns, Reaching safepoint: 86401 ns, Cleanup: 175102 ns, At safepoint: 12700 ns, Total: 274203 ns
[23.200s][info ][safepoint      ] Safepoint "ICBufferFull", Time since last: 99552675 ns, Reaching safepoint: 4900 ns, Cleanup: 119801 ns, At safepoint: 2000 ns, Total: 126701 ns
[23.449s][info ][safepoint      ] Safepoint "ICBufferFull", Time since last: 249426894 ns, Reaching safepoint: 5400 ns, Cleanup: 129401 ns, At safepoint: 11501 ns, Total: 146302 ns
[23.692s][info ][safepoint      ] Safepoint "ICBufferFull", Time since last: 242018913 ns, Reaching safepoint: 86701 ns, Cleanup: 141802 ns, At safepoint: 148201 ns, Total: 376704 ns
[23.903s][info ][safepoint      ] Safepoint "ICBufferFull", Time since last: 211457684 ns, Reaching safepoint: 88901 ns, Cleanup: 145501 ns, At safepoint: 17101 ns, Total: 251503 ns
[24.126s][info ][safepoint      ] Safepoint "ICBufferFull", Time since last: 222735005 ns, Reaching safepoint: 5300 ns, Cleanup: 138402 ns, At safepoint: 4200 ns, Total: 147902 ns
[24.468s][info ][safepoint      ] Safepoint "ICBufferFull", Time since last: 341873092 ns, Reaching safepoint: 301103 ns, Cleanup: 127301 ns, At safepoint: 18001 ns, Total: 446405 ns
[24.684s][info ][gc,start       ] GC(8) Pause Young (Allocation Failure)
[24.775s][debug][gc,phases      ] GC(8) Scavenge 90.688ms
[24.775s][debug][gc,ref         ] GC(8) ReferenceProcessor::execute queues: 4, RefProcThreadModel::Multi, marks_oops_alive: false
[24.776s][debug][gc,ref         ] GC(8) Skipped KeepAliveFinalRefsPhase of Reference Processing: no references
[24.776s][debug][gc,ref         ] GC(8) ReferenceProcessor::execute queues: 1, RefProcThreadModel::Single, marks_oops_alive: false
[24.776s][debug][gc,phases      ] GC(8) Reference Processing 0.705ms
[24.776s][debug][gc,phases      ] GC(8)   VM Weak                        Min:  0.0, Avg:  0.0, Max:  0.0, Diff:  0.0, Sum:  0.0, Workers: 4
[24.776s][debug][gc,phases      ] GC(8)     Dead                           Min: 0, Avg:  0.0, Max: 0, Diff: 0, Sum: 0, Workers: 4
[24.776s][debug][gc,phases      ] GC(8)     Total                          Min: 64, Avg: 220.8, Max: 499, Diff: 435, Sum: 883, Workers: 4
[24.776s][debug][gc,phases      ] GC(8)   ObjectSynchronizer Weak        Min:  0.0, Avg:  0.0, Max:  0.0, Diff:  0.0, Sum:  0.0, Workers: 4
[24.776s][debug][gc,phases      ] GC(8)     Dead                           Min: 0, Avg:  1.2, Max: 5, Diff: 5, Sum: 5, Workers: 4
[24.776s][debug][gc,phases      ] GC(8)     Total                          Min: 0, Avg: 15.5, Max: 62, Diff: 62, Sum: 62, Workers: 4
[24.776s][debug][gc,phases      ] GC(8)   JVMTI Tag Weak OopStorage      Min:  0.0, Avg:  0.0, Max:  0.0, Diff:  0.0, Sum:  0.0, Workers: 4
[24.776s][debug][gc,phases      ] GC(8)     Dead                           Min: 0, Avg:  0.0, Max: 0, Diff: 0, Sum: 0, Workers: 4
[24.776s][debug][gc,phases      ] GC(8)     Total                          Min: 0, Avg:  0.0, Max: 0, Diff: 0, Sum: 0, Workers: 4
[24.776s][debug][gc,phases      ] GC(8)   StringTable Weak               Min:  0.3, Avg:  0.3, Max:  0.3, Diff:  0.0, Sum:  1.2, Workers: 4
[24.776s][debug][gc,phases      ] GC(8)     Dead                           Min: 1, Avg:  3.0, Max: 6, Diff: 5, Sum: 12, Workers: 4
[24.776s][debug][gc,phases      ] GC(8)     Total                          Min: 11200, Avg: 11535.0, Max: 12156, Diff: 956, Sum: 46140, Workers: 4
[24.776s][debug][gc,phases      ] GC(8)   ResolvedMethodTable Weak       Min:  0.1, Avg:  0.1, Max:  0.1, Diff:  0.0, Sum:  0.4, Workers: 4
[24.776s][debug][gc,phases      ] GC(8)     Dead                           Min: 52, Avg: 72.2, Max: 93, Diff: 41, Sum: 289, Workers: 4
[24.776s][debug][gc,phases      ] GC(8)     Total                          Min: 3582, Avg: 3656.5, Max: 3789, Diff: 207, Sum: 14626, Workers: 4
[24.776s][debug][gc,phases      ] GC(8)   JNI Weak                       Min:  0.0, Avg:  0.0, Max:  0.0, Diff:  0.0, Sum:  0.0, Workers: 4
[24.776s][debug][gc,phases      ] GC(8)     Dead                           Min: 0, Avg:  0.0, Max: 0, Diff: 0, Sum: 0, Workers: 4
[24.776s][debug][gc,phases      ] GC(8)     Total                          Min: 0, Avg: 19.8, Max: 52, Diff: 52, Sum: 79, Workers: 4
[24.776s][debug][gc,phases      ] GC(8)   StringDedup Table Weak         Min:  0.0, Avg:  0.0, Max:  0.0, Diff:  0.0, Sum:  0.0, Workers: 4
[24.776s][debug][gc,phases      ] GC(8)     Dead                           Min: 0, Avg:  0.0, Max: 0, Diff: 0, Sum: 0, Workers: 4
[24.776s][debug][gc,phases      ] GC(8)     Total                          Min: 0, Avg:  0.0, Max: 0, Diff: 0, Sum: 0, Workers: 4
[24.776s][debug][gc,phases      ] GC(8)   StringDedup Requests0 Weak     Min:  0.0, Avg:  0.0, Max:  0.0, Diff:  0.0, Sum:  0.0, Workers: 4
[24.776s][debug][gc,phases      ] GC(8)     Dead                           Min: 0, Avg:  0.0, Max: 0, Diff: 0, Sum: 0, Workers: 4
[24.776s][debug][gc,phases      ] GC(8)     Total                          Min: 0, Avg:  0.0, Max: 0, Diff: 0, Sum: 0, Workers: 4
[24.776s][debug][gc,phases      ] GC(8)   StringDedup Requests1 Weak     Min:  0.0, Avg:  0.0, Max:  0.0, Diff:  0.0, Sum:  0.0, Workers: 4
[24.776s][debug][gc,phases      ] GC(8)     Dead                           Min: 0, Avg:  0.0, Max: 0, Diff: 0, Sum: 0, Workers: 4
[24.776s][debug][gc,phases      ] GC(8)     Total                          Min: 0, Avg:  0.0, Max: 0, Diff: 0, Sum: 0, Workers: 4
[24.776s][debug][gc,phases      ] GC(8)   Weak JFR Old Object Samples    Min:  0.0, Avg:  0.0, Max:  0.0, Diff:  0.0, Sum:  0.0, Workers: 4
[24.776s][debug][gc,phases      ] GC(8)     Dead                           Min: 0, Avg:  0.0, Max: 0, Diff: 0, Sum: 0, Workers: 4
[24.776s][debug][gc,phases      ] GC(8)     Total                          Min: 0, Avg:  0.0, Max: 0, Diff: 0, Sum: 0, Workers: 4
[24.776s][debug][gc,phases      ] GC(8) Weak Processing 0.588ms
[24.776s][debug][gc,age         ] GC(8) Desired survivor size 228589568 bytes, new threshold 6 (max threshold 15)
[24.776s][info ][gc,heap        ] GC(8) PSYoungGen: 1188413K(1572864K)->210129K(1572864K) Eden: 1048576K(1048576K)->0K(1048576K) From: 139837K(524288K)->210129K(524288K)
[24.776s][info ][gc,heap        ] GC(8) ParOldGen: 6066K(6144K)->6382K(6656K)
[24.777s][info ][gc,metaspace   ] GC(8) Metaspace: 102751K(104000K)->102751K(104000K) NonClass: 86837K(87552K)->86837K(87552K) Class: 15913K(16448K)->15913K(16448K)
[24.777s][info ][gc             ] GC(8) Pause Young (Allocation Failure) 1166M->211M(1542M) 92.087ms
[24.777s][info ][gc,cpu         ] GC(8) User=0.29s Sys=0.07s Real=0.09s
[24.780s][info ][safepoint      ] Safepoint "ParallelGCFailedAllocation", Time since last: 215833531 ns, Reaching safepoint: 85800 ns, Cleanup: 62501 ns, At safepoint: 95386730 ns, Total: 95535031 ns
[25.124s][info ][safepoint      ] Safepoint "ICBufferFull", Time since last: 343632011 ns, Reaching safepoint: 84901 ns, Cleanup: 127602 ns, At safepoint: 17900 ns, Total: 230403 ns
[25.430s][info ][safepoint      ] Safepoint "ICBufferFull", Time since last: 305882303 ns, Reaching safepoint: 84901 ns, Cleanup: 130302 ns, At safepoint: 29300 ns, Total: 244503 ns
[26.282s][info ][safepoint      ] Safepoint "ICBufferFull", Time since last: 852224404 ns, Reaching safepoint: 6700 ns, Cleanup: 162901 ns, At safepoint: 2500 ns, Total: 172101 ns
[26.876s][info ][safepoint      ] Safepoint "ICBufferFull", Time since last: 593661806 ns, Reaching safepoint: 79901 ns, Cleanup: 121802 ns, At safepoint: 7500 ns, Total: 209203 ns
[27.478s][info ][safepoint      ] Safepoint "ICBufferFull", Time since last: 601740475 ns, Reaching safepoint: 7300 ns, Cleanup: 140202 ns, At safepoint: 2600 ns, Total: 150102 ns
[27.933s][info ][safepoint      ] Safepoint "ICBufferFull", Time since last: 454513390 ns, Reaching safepoint: 79701 ns, Cleanup: 133002 ns, At safepoint: 5300 ns, Total: 218003 ns
[28.576s][info ][safepoint      ] Safepoint "ICBufferFull", Time since last: 643268122 ns, Reaching safepoint: 6400 ns, Cleanup: 149502 ns, At safepoint: 4900 ns, Total: 160802 ns
[29.227s][info ][safepoint      ] Safepoint "ICBufferFull", Time since last: 651230907 ns, Reaching safepoint: 5600 ns, Cleanup: 128602 ns, At safepoint: 1800 ns, Total: 136002 ns
[30.228s][info ][safepoint      ] Safepoint "Cleanup", Time since last: 1000111862 ns, Reaching safepoint: 81201 ns, Cleanup: 72301 ns, At safepoint: 7400 ns, Total: 160902 ns
[31.228s][info ][safepoint      ] Safepoint "Cleanup", Time since last: 1000120662 ns, Reaching safepoint: 75801 ns, Cleanup: 95401 ns, At safepoint: 8300 ns, Total: 179502 ns
[32.228s][info ][safepoint      ] Safepoint "Cleanup", Time since last: 1000111662 ns, Reaching safepoint: 83501 ns, Cleanup: 90500 ns, At safepoint: 11801 ns, Total: 185802 ns
[33.229s][info ][safepoint      ] Safepoint "Cleanup", Time since last: 1000138162 ns, Reaching safepoint: 87701 ns, Cleanup: 109201 ns, At safepoint: 9600 ns, Total: 206502 ns
[34.229s][info ][safepoint      ] Safepoint "Cleanup", Time since last: 1000108562 ns, Reaching safepoint: 80401 ns, Cleanup: 89101 ns, At safepoint: 7500 ns, Total: 177002 ns
[35.229s][info ][safepoint      ] Safepoint "Cleanup", Time since last: 1000113303 ns, Reaching safepoint: 84001 ns, Cleanup: 43501 ns, At safepoint: 10100 ns, Total: 137602 ns
[36.230s][info ][safepoint      ] Safepoint "Cleanup", Time since last: 1000127249 ns, Reaching safepoint: 159902 ns, Cleanup: 54800 ns, At safepoint: 10800 ns, Total: 225502 ns
[37.230s][info ][safepoint      ] Safepoint "Cleanup", Time since last: 1000116249 ns, Reaching safepoint: 77301 ns, Cleanup: 52401 ns, At safepoint: 4800 ns, Total: 134502 ns
[37.478s][info ][gc,start       ] GC(9) Pause Young (Allocation Failure)
[37.573s][debug][gc,phases      ] GC(9) Scavenge 94.531ms
[37.573s][debug][gc,ref         ] GC(9) ReferenceProcessor::execute queues: 4, RefProcThreadModel::Multi, marks_oops_alive: false
[37.574s][debug][gc,ref         ] GC(9) ReferenceProcessor::execute queues: 4, RefProcThreadModel::Multi, marks_oops_alive: true
[37.574s][debug][gc,ref         ] GC(9) ReferenceProcessor::execute queues: 1, RefProcThreadModel::Single, marks_oops_alive: false
[37.574s][debug][gc,phases      ] GC(9) Reference Processing 0.650ms
[37.574s][debug][gc,phases      ] GC(9)   VM Weak                        Min:  0.0, Avg:  0.0, Max:  0.0, Diff:  0.0, Sum:  0.0, Workers: 4
[37.574s][debug][gc,phases      ] GC(9)     Dead                           Min: 0, Avg:  0.0, Max: 0, Diff: 0, Sum: 0, Workers: 4
[37.574s][debug][gc,phases      ] GC(9)     Total                          Min: 0, Avg: 223.5, Max: 512, Diff: 512, Sum: 894, Workers: 4
[37.574s][debug][gc,phases      ] GC(9)   ObjectSynchronizer Weak        Min:  0.0, Avg:  0.0, Max:  0.0, Diff:  0.0, Sum:  0.0, Workers: 4
[37.574s][debug][gc,phases      ] GC(9)     Dead                           Min: 0, Avg:  0.0, Max: 0, Diff: 0, Sum: 0, Workers: 4
[37.574s][debug][gc,phases      ] GC(9)     Total                          Min: 0, Avg: 15.5, Max: 62, Diff: 62, Sum: 62, Workers: 4
[37.574s][debug][gc,phases      ] GC(9)   JVMTI Tag Weak OopStorage      Min:  0.0, Avg:  0.0, Max:  0.0, Diff:  0.0, Sum:  0.0, Workers: 4
[37.574s][debug][gc,phases      ] GC(9)     Dead                           Min: 0, Avg:  0.0, Max: 0, Diff: 0, Sum: 0, Workers: 4
[37.574s][debug][gc,phases      ] GC(9)     Total                          Min: 0, Avg:  0.0, Max: 0, Diff: 0, Sum: 0, Workers: 4
[37.574s][debug][gc,phases      ] GC(9)   StringTable Weak               Min:  0.3, Avg:  0.3, Max:  0.3, Diff:  0.0, Sum:  1.3, Workers: 4
[37.574s][debug][gc,phases      ] GC(9)     Dead                           Min: 0, Avg:  1.0, Max: 2, Diff: 2, Sum: 4, Workers: 4
[37.574s][debug][gc,phases      ] GC(9)     Total                          Min: 11456, Avg: 11696.0, Max: 12096, Diff: 640, Sum: 46784, Workers: 4
[37.574s][debug][gc,phases      ] GC(9)   ResolvedMethodTable Weak       Min:  0.1, Avg:  0.1, Max:  0.1, Diff:  0.0, Sum:  0.5, Workers: 4
[37.574s][debug][gc,phases      ] GC(9)     Dead                           Min: 5, Avg: 16.0, Max: 27, Diff: 22, Sum: 64, Workers: 4
[37.574s][debug][gc,phases      ] GC(9)     Total                          Min: 1601, Avg: 3703.0, Max: 4455, Diff: 2854, Sum: 14812, Workers: 4
[37.574s][debug][gc,phases      ] GC(9)   JNI Weak                       Min:  0.0, Avg:  0.0, Max:  0.0, Diff:  0.0, Sum:  0.0, Workers: 4
[37.574s][debug][gc,phases      ] GC(9)     Dead                           Min: 0, Avg:  0.0, Max: 0, Diff: 0, Sum: 0, Workers: 4
[37.574s][debug][gc,phases      ] GC(9)     Total                          Min: 0, Avg: 13.0, Max: 52, Diff: 52, Sum: 52, Workers: 4
[37.574s][debug][gc,phases      ] GC(9)   StringDedup Table Weak         Min:  0.0, Avg:  0.0, Max:  0.0, Diff:  0.0, Sum:  0.0, Workers: 4
[37.574s][debug][gc,phases      ] GC(9)     Dead                           Min: 0, Avg:  0.0, Max: 0, Diff: 0, Sum: 0, Workers: 4
[37.574s][debug][gc,phases      ] GC(9)     Total                          Min: 0, Avg:  0.0, Max: 0, Diff: 0, Sum: 0, Workers: 4
[37.574s][debug][gc,phases      ] GC(9)   StringDedup Requests0 Weak     Min:  0.0, Avg:  0.0, Max:  0.0, Diff:  0.0, Sum:  0.0, Workers: 4
[37.574s][debug][gc,phases      ] GC(9)     Dead                           Min: 0, Avg:  0.0, Max: 0, Diff: 0, Sum: 0, Workers: 4
[37.574s][debug][gc,phases      ] GC(9)     Total                          Min: 0, Avg:  0.0, Max: 0, Diff: 0, Sum: 0, Workers: 4
[37.574s][debug][gc,phases      ] GC(9)   StringDedup Requests1 Weak     Min:  0.0, Avg:  0.0, Max:  0.0, Diff:  0.0, Sum:  0.0, Workers: 4
[37.574s][debug][gc,phases      ] GC(9)     Dead                           Min: 0, Avg:  0.0, Max: 0, Diff: 0, Sum: 0, Workers: 4
[37.574s][debug][gc,phases      ] GC(9)     Total                          Min: 0, Avg:  0.0, Max: 0, Diff: 0, Sum: 0, Workers: 4
[37.574s][debug][gc,phases      ] GC(9)   Weak JFR Old Object Samples    Min:  0.0, Avg:  0.0, Max:  0.0, Diff:  0.0, Sum:  0.0, Workers: 4
[37.574s][debug][gc,phases      ] GC(9)     Dead                           Min: 0, Avg:  0.0, Max: 0, Diff: 0, Sum: 0, Workers: 4
[37.574s][debug][gc,phases      ] GC(9)     Total                          Min: 0, Avg:  0.0, Max: 0, Diff: 0, Sum: 0, Workers: 4
[37.574s][debug][gc,phases      ] GC(9) Weak Processing 0.612ms
[37.574s][debug][gc,age         ] GC(9) Desired survivor size 277348352 bytes, new threshold 5 (max threshold 15)
[37.574s][info ][gc,heap        ] GC(9) PSYoungGen: 1258705K(1572864K)->222962K(1778688K) Eden: 1048576K(1048576K)->0K(1555456K) From: 210129K(524288K)->222962K(223232K)
[37.574s][info ][gc,heap        ] GC(9) ParOldGen: 6382K(6656K)->6390K(6656K)
[37.574s][info ][gc,metaspace   ] GC(9) Metaspace: 103933K(105152K)->103933K(105152K) NonClass: 87939K(88576K)->87939K(88576K) Class: 15994K(16576K)->15994K(16576K)
[37.574s][info ][gc             ] GC(9) Pause Young (Allocation Failure) 1235M->223M(1743M) 95.922ms
[37.574s][info ][gc,cpu         ] GC(9) User=0.31s Sys=0.05s Real=0.10s
[37.574s][info ][safepoint      ] Safepoint "ParallelGCFailedAllocation", Time since last: 248571596 ns, Reaching safepoint: 6300 ns, Cleanup: 34700 ns, At safepoint: 95991742 ns, Total: 96032742 ns
[38.575s][info ][safepoint      ] Safepoint "Cleanup", Time since last: 1000088148 ns, Reaching safepoint: 78601 ns, Cleanup: 21000 ns, At safepoint: 8200 ns, Total: 107801 ns
[39.575s][info ][safepoint      ] Safepoint "Cleanup", Time since last: 1000106049 ns, Reaching safepoint: 72501 ns, Cleanup: 34200 ns, At safepoint: 6400 ns, Total: 113101 ns
[40.575s][info ][safepoint      ] Safepoint "Cleanup", Time since last: 1000098949 ns, Reaching safepoint: 79201 ns, Cleanup: 31900 ns, At safepoint: 3400 ns, Total: 114501 ns
[41.575s][info ][safepoint      ] Safepoint "Cleanup", Time since last: 1000101149 ns, Reaching safepoint: 139901 ns, Cleanup: 22601 ns, At safepoint: 5400 ns, Total: 167902 ns
[42.576s][info ][safepoint      ] Safepoint "Cleanup", Time since last: 1000104848 ns, Reaching safepoint: 81401 ns, Cleanup: 17701 ns, At safepoint: 11400 ns, Total: 110502 ns
[43.576s][info ][safepoint      ] Safepoint "Cleanup", Time since last: 1000101681 ns, Reaching safepoint: 80201 ns, Cleanup: 19400 ns, At safepoint: 6200 ns, Total: 105801 ns
[44.576s][info ][safepoint      ] Safepoint "Cleanup", Time since last: 1000132943 ns, Reaching safepoint: 99002 ns, Cleanup: 32000 ns, At safepoint: 9800 ns, Total: 140802 ns
[45.576s][info ][safepoint      ] Safepoint "Cleanup", Time since last: 1000103643 ns, Reaching safepoint: 79601 ns, Cleanup: 28900 ns, At safepoint: 14800 ns, Total: 123301 ns
[46.580s][info ][safepoint      ] Safepoint "Cleanup", Time since last: 1000098443 ns, Reaching safepoint: 3206535 ns, Cleanup: 18000 ns, At safepoint: 8500 ns, Total: 3233035 ns
[47.580s][info ][safepoint      ] Safepoint "Cleanup", Time since last: 1000115943 ns, Reaching safepoint: 6500 ns, Cleanup: 51501 ns, At safepoint: 3200 ns, Total: 61201 ns
[48.580s][info ][safepoint      ] Safepoint "Cleanup", Time since last: 1000121843 ns, Reaching safepoint: 79301 ns, Cleanup: 16900 ns, At safepoint: 8400 ns, Total: 104601 ns
[49.581s][info ][safepoint      ] Safepoint "Cleanup", Time since last: 1000101043 ns, Reaching safepoint: 712108 ns, Cleanup: 25000 ns, At safepoint: 6400 ns, Total: 743508 ns
[50.581s][info ][safepoint      ] Safepoint "Cleanup", Time since last: 1000100743 ns, Reaching safepoint: 79301 ns, Cleanup: 18600 ns, At safepoint: 9000 ns, Total: 106901 ns
[51.581s][info ][safepoint      ] Safepoint "Cleanup", Time since last: 1000097497 ns, Reaching safepoint: 78300 ns, Cleanup: 21301 ns, At safepoint: 8400 ns, Total: 108001 ns
[52.582s][info ][safepoint      ] Safepoint "Cleanup", Time since last: 1000716041 ns, Reaching safepoint: 80501 ns, Cleanup: 74201 ns, At safepoint: 9400 ns, Total: 164102 ns
[53.584s][info ][safepoint      ] Safepoint "Cleanup", Time since last: 1000098435 ns, Reaching safepoint: 1572717 ns, Cleanup: 45500 ns, At safepoint: 6900 ns, Total: 1625117 ns
[54.586s][info ][safepoint      ] Safepoint "Cleanup", Time since last: 1001868654 ns, Reaching safepoint: 146902 ns, Cleanup: 17900 ns, At safepoint: 9600 ns, Total: 174402 ns
[55.586s][info ][safepoint      ] Safepoint "Cleanup", Time since last: 1000095235 ns, Reaching safepoint: 6500 ns, Cleanup: 34901 ns, At safepoint: 2200 ns, Total: 43601 ns
[56.589s][info ][safepoint      ] Safepoint "Cleanup", Time since last: 1003108067 ns, Reaching safepoint: 6100 ns, Cleanup: 53001 ns, At safepoint: 2100 ns, Total: 61201 ns
[57.589s][info ][safepoint      ] Safepoint "Cleanup", Time since last: 1000098934 ns, Reaching safepoint: 6300 ns, Cleanup: 29701 ns, At safepoint: 2500 ns, Total: 38501 ns
[58.589s][info ][safepoint      ] Safepoint "Cleanup", Time since last: 1000104035 ns, Reaching safepoint: 6700 ns, Cleanup: 21800 ns, At safepoint: 5100 ns, Total: 33600 ns
[59.590s][info ][safepoint      ] Safepoint "Cleanup", Time since last: 1000096289 ns, Reaching safepoint: 6900 ns, Cleanup: 26200 ns, At safepoint: 2500 ns, Total: 35600 ns
[61.063s][info ][safepoint      ] Safepoint "Cleanup", Time since last: 1473565379 ns, Reaching safepoint: 6800 ns, Cleanup: 23000 ns, At safepoint: 2600 ns, Total: 32400 ns
[62.063s][info ][safepoint      ] Safepoint "Cleanup", Time since last: 1000095977 ns, Reaching safepoint: 6300 ns, Cleanup: 9800 ns, At safepoint: 2000 ns, Total: 18100 ns
[63.063s][info ][safepoint      ] Safepoint "Cleanup", Time since last: 1000095276 ns, Reaching safepoint: 5900 ns, Cleanup: 33401 ns, At safepoint: 2100 ns, Total: 41401 ns
[64.064s][info ][safepoint      ] Safepoint "Cleanup", Time since last: 1000096576 ns, Reaching safepoint: 6001 ns, Cleanup: 14900 ns, At safepoint: 2000 ns, Total: 22901 ns
[65.064s][info ][safepoint      ] Safepoint "Cleanup", Time since last: 1000100176 ns, Reaching safepoint: 6501 ns, Cleanup: 30200 ns, At safepoint: 2200 ns, Total: 38901 ns
[66.064s][info ][safepoint      ] Safepoint "Cleanup", Time since last: 1000088276 ns, Reaching safepoint: 7301 ns, Cleanup: 16300 ns, At safepoint: 2700 ns, Total: 26301 ns
[67.064s][info ][safepoint      ] Safepoint "Cleanup", Time since last: 1000102384 ns, Reaching safepoint: 7900 ns, Cleanup: 39400 ns, At safepoint: 2800 ns, Total: 50100 ns
[68.064s][info ][safepoint      ] Safepoint "Cleanup", Time since last: 1000100724 ns, Reaching safepoint: 6600 ns, Cleanup: 42500 ns, At safepoint: 2200 ns, Total: 51300 ns
[69.064s][info ][safepoint      ] Safepoint "Cleanup", Time since last: 1000102624 ns, Reaching safepoint: 6300 ns, Cleanup: 28301 ns, At safepoint: 2000 ns, Total: 36601 ns
[70.064s][info ][safepoint      ] Safepoint "Cleanup", Time since last: 1000108823 ns, Reaching safepoint: 6801 ns, Cleanup: 10300 ns, At safepoint: 2500 ns, Total: 19601 ns
[71.065s][info ][safepoint      ] Safepoint "Cleanup", Time since last: 1000105624 ns, Reaching safepoint: 5700 ns, Cleanup: 7100 ns, At safepoint: 1800 ns, Total: 14600 ns
[72.065s][info ][safepoint      ] Safepoint "Cleanup", Time since last: 1000112624 ns, Reaching safepoint: 6300 ns, Cleanup: 16000 ns, At safepoint: 1800 ns, Total: 24100 ns
[73.065s][info ][safepoint      ] Safepoint "Cleanup", Time since last: 1000101524 ns, Reaching safepoint: 6300 ns, Cleanup: 39500 ns, At safepoint: 2300 ns, Total: 48100 ns
[74.065s][info ][safepoint      ] Safepoint "Cleanup", Time since last: 1000102124 ns, Reaching safepoint: 6000 ns, Cleanup: 17500 ns, At safepoint: 2100 ns, Total: 25600 ns
[75.065s][info ][safepoint      ] Safepoint "Cleanup", Time since last: 1000101863 ns, Reaching safepoint: 7500 ns, Cleanup: 29701 ns, At safepoint: 2400 ns, Total: 39601 ns
[76.065s][info ][safepoint      ] Safepoint "Cleanup", Time since last: 1000100378 ns, Reaching safepoint: 6500 ns, Cleanup: 16300 ns, At safepoint: 2200 ns, Total: 25000 ns
[77.065s][info ][safepoint      ] Safepoint "Cleanup", Time since last: 1000103379 ns, Reaching safepoint: 7100 ns, Cleanup: 11100 ns, At safepoint: 2100 ns, Total: 20300 ns
[78.065s][info ][safepoint      ] Safepoint "Cleanup", Time since last: 1000102678 ns, Reaching safepoint: 7801 ns, Cleanup: 21800 ns, At safepoint: 3300 ns, Total: 32901 ns
[79.066s][info ][safepoint      ] Safepoint "Cleanup", Time since last: 1000100178 ns, Reaching safepoint: 6700 ns, Cleanup: 11900 ns, At safepoint: 1900 ns, Total: 20500 ns
[80.066s][info ][safepoint      ] Safepoint "Cleanup", Time since last: 1000124079 ns, Reaching safepoint: 7000 ns, Cleanup: 15100 ns, At safepoint: 2300 ns, Total: 24400 ns
[81.066s][info ][safepoint      ] Safepoint "Cleanup", Time since last: 1000072078 ns, Reaching safepoint: 5600 ns, Cleanup: 7700 ns, At safepoint: 2000 ns, Total: 15300 ns
[82.066s][info ][safepoint      ] Safepoint "Cleanup", Time since last: 1000100179 ns, Reaching safepoint: 6000 ns, Cleanup: 18400 ns, At safepoint: 2000 ns, Total: 26400 ns
[83.066s][info ][safepoint      ] Safepoint "Cleanup", Time since last: 1000122815 ns, Reaching safepoint: 5900 ns, Cleanup: 9500 ns, At safepoint: 2000 ns, Total: 17400 ns
[84.066s][info ][safepoint      ] Safepoint "Cleanup", Time since last: 1000102656 ns, Reaching safepoint: 5600 ns, Cleanup: 27900 ns, At safepoint: 2000 ns, Total: 35500 ns
[85.066s][info ][safepoint      ] Safepoint "Cleanup", Time since last: 1000101956 ns, Reaching safepoint: 5900 ns, Cleanup: 36500 ns, At safepoint: 2200 ns, Total: 44600 ns
[86.067s][info ][safepoint      ] Safepoint "Cleanup", Time since last: 1000105270 ns, Reaching safepoint: 5800 ns, Cleanup: 37900 ns, At safepoint: 2100 ns, Total: 45800 ns
[87.067s][info ][safepoint      ] Safepoint "Cleanup", Time since last: 1000102553 ns, Reaching safepoint: 6801 ns, Cleanup: 9500 ns, At safepoint: 2100 ns, Total: 18401 ns
[88.067s][info ][safepoint      ] Safepoint "Cleanup", Time since last: 1000107053 ns, Reaching safepoint: 5800 ns, Cleanup: 36800 ns, At safepoint: 1700 ns, Total: 44300 ns
[89.067s][info ][safepoint      ] Safepoint "Cleanup", Time since last: 1000104853 ns, Reaching safepoint: 6800 ns, Cleanup: 15201 ns, At safepoint: 2200 ns, Total: 24201 ns
[90.067s][info ][safepoint      ] Safepoint "Cleanup", Time since last: 1000115753 ns, Reaching safepoint: 6900 ns, Cleanup: 9500 ns, At safepoint: 2100 ns, Total: 18500 ns
[91.067s][info ][safepoint      ] Safepoint "Cleanup", Time since last: 1000107233 ns, Reaching safepoint: 6400 ns, Cleanup: 14400 ns, At safepoint: 1800 ns, Total: 22600 ns
[91.727s][info ][gc,start       ] GC(10) Pause Young (Allocation Failure)
[91.842s][debug][gc,phases      ] GC(10) Scavenge 114.072ms
[91.842s][debug][gc,ref         ] GC(10) ReferenceProcessor::execute queues: 4, RefProcThreadModel::Multi, marks_oops_alive: false
[91.842s][debug][gc,ref         ] GC(10) ReferenceProcessor::execute queues: 4, RefProcThreadModel::Multi, marks_oops_alive: true
[91.842s][debug][gc,ref         ] GC(10) ReferenceProcessor::execute queues: 1, RefProcThreadModel::Single, marks_oops_alive: false
[91.842s][debug][gc,phases      ] GC(10) Reference Processing 0.558ms
[91.843s][debug][gc,phases      ] GC(10)   VM Weak                        Min:  0.0, Avg:  0.0, Max:  0.0, Diff:  0.0, Sum:  0.0, Workers: 4
[91.843s][debug][gc,phases      ] GC(10)     Dead                           Min: 0, Avg:  0.0, Max: 0, Diff: 0, Sum: 0, Workers: 4
[91.843s][debug][gc,phases      ] GC(10)     Total                          Min: 64, Avg: 225.0, Max: 512, Diff: 448, Sum: 900, Workers: 4
[91.843s][debug][gc,phases      ] GC(10)   ObjectSynchronizer Weak        Min:  0.0, Avg:  0.0, Max:  0.0, Diff:  0.0, Sum:  0.0, Workers: 4
[91.843s][debug][gc,phases      ] GC(10)     Dead                           Min: 0, Avg:  0.0, Max: 0, Diff: 0, Sum: 0, Workers: 4
[91.843s][debug][gc,phases      ] GC(10)     Total                          Min: 0, Avg:  0.8, Max: 3, Diff: 3, Sum: 3, Workers: 4
[91.843s][debug][gc,phases      ] GC(10)   JVMTI Tag Weak OopStorage      Min:  0.0, Avg:  0.0, Max:  0.0, Diff:  0.0, Sum:  0.0, Workers: 4
[91.843s][debug][gc,phases      ] GC(10)     Dead                           Min: 0, Avg:  0.0, Max: 0, Diff: 0, Sum: 0, Workers: 4
[91.843s][debug][gc,phases      ] GC(10)     Total                          Min: 0, Avg:  0.0, Max: 0, Diff: 0, Sum: 0, Workers: 4
[91.843s][debug][gc,phases      ] GC(10)   StringTable Weak               Min:  0.3, Avg:  0.3, Max:  0.3, Diff:  0.0, Sum:  1.3, Workers: 4
[91.843s][debug][gc,phases      ] GC(10)     Dead                           Min: 0, Avg:  0.5, Max: 2, Diff: 2, Sum: 2, Workers: 4
[91.843s][debug][gc,phases      ] GC(10)     Total                          Min: 11392, Avg: 11728.2, Max: 12224, Diff: 832, Sum: 46913, Workers: 4
[91.843s][debug][gc,phases      ] GC(10)   ResolvedMethodTable Weak       Min:  0.1, Avg:  0.1, Max:  0.1, Diff:  0.0, Sum:  0.4, Workers: 4
[91.843s][debug][gc,phases      ] GC(10)     Dead                           Min: 1, Avg:  5.0, Max: 10, Diff: 9, Sum: 20, Workers: 4
[91.843s][debug][gc,phases      ] GC(10)     Total                          Min: 3591, Avg: 3711.0, Max: 3790, Diff: 199, Sum: 14844, Workers: 4
[91.843s][debug][gc,phases      ] GC(10)   JNI Weak                       Min:  0.0, Avg:  0.0, Max:  0.0, Diff:  0.0, Sum:  0.0, Workers: 4
[91.843s][debug][gc,phases      ] GC(10)     Dead                           Min: 0, Avg:  0.0, Max: 0, Diff: 0, Sum: 0, Workers: 4
[91.843s][debug][gc,phases      ] GC(10)     Total                          Min: 0, Avg: 13.0, Max: 52, Diff: 52, Sum: 52, Workers: 4
[91.843s][debug][gc,phases      ] GC(10)   StringDedup Table Weak         Min:  0.0, Avg:  0.0, Max:  0.0, Diff:  0.0, Sum:  0.0, Workers: 4
[91.843s][debug][gc,phases      ] GC(10)     Dead                           Min: 0, Avg:  0.0, Max: 0, Diff: 0, Sum: 0, Workers: 4
[91.843s][debug][gc,phases      ] GC(10)     Total                          Min: 0, Avg:  0.0, Max: 0, Diff: 0, Sum: 0, Workers: 4
[91.843s][debug][gc,phases      ] GC(10)   StringDedup Requests0 Weak     Min:  0.0, Avg:  0.0, Max:  0.0, Diff:  0.0, Sum:  0.0, Workers: 4
[91.843s][debug][gc,phases      ] GC(10)     Dead                           Min: 0, Avg:  0.0, Max: 0, Diff: 0, Sum: 0, Workers: 4
[91.843s][debug][gc,phases      ] GC(10)     Total                          Min: 0, Avg:  0.0, Max: 0, Diff: 0, Sum: 0, Workers: 4
[91.843s][debug][gc,phases      ] GC(10)   StringDedup Requests1 Weak     Min:  0.0, Avg:  0.0, Max:  0.0, Diff:  0.0, Sum:  0.0, Workers: 4
[91.843s][debug][gc,phases      ] GC(10)     Dead                           Min: 0, Avg:  0.0, Max: 0, Diff: 0, Sum: 0, Workers: 4
[91.843s][debug][gc,phases      ] GC(10)     Total                          Min: 0, Avg:  0.0, Max: 0, Diff: 0, Sum: 0, Workers: 4
[91.843s][debug][gc,phases      ] GC(10)   Weak JFR Old Object Samples    Min:  0.0, Avg:  0.0, Max:  0.0, Diff:  0.0, Sum:  0.0, Workers: 4
[91.843s][debug][gc,phases      ] GC(10)     Dead                           Min: 0, Avg:  0.0, Max: 0, Diff: 0, Sum: 0, Workers: 4
[91.843s][debug][gc,phases      ] GC(10)     Total                          Min: 0, Avg:  0.0, Max: 0, Diff: 0, Sum: 0, Workers: 4
[91.843s][debug][gc,phases      ] GC(10) Weak Processing 0.584ms
[91.843s][debug][gc,age         ] GC(10) Desired survivor size 279969792 bytes, new threshold 4 (max threshold 15)
[91.843s][info ][gc,heap        ] GC(10) PSYoungGen: 1778418K(1778688K)->169405K(1724928K) Eden: 1555456K(1555456K)->0K(1555456K) From: 222962K(223232K)->169405K(169472K)
[91.843s][info ][gc,heap        ] GC(10) ParOldGen: 6390K(6656K)->60508K(60928K)
[91.843s][info ][gc,metaspace   ] GC(10) Metaspace: 104452K(105664K)->104452K(105664K) NonClass: 88436K(89088K)->88436K(89088K) Class: 16016K(16576K)->16016K(16576K)
[91.843s][info ][gc             ] GC(10) Pause Young (Allocation Failure) 1742M->224M(1744M) 115.359ms
[91.843s][info ][gc,cpu         ] GC(10) User=0.28s Sys=0.09s Real=0.12s
[91.843s][info ][safepoint      ] Safepoint "ParallelGCFailedAllocation", Time since last: 660152876 ns, Reaching safepoint: 6601 ns, Cleanup: 14800 ns, At safepoint: 115477020 ns, Total: 115498421 ns
[92.843s][info ][safepoint      ] Safepoint "Cleanup", Time since last: 1000086969 ns, Reaching safepoint: 5600 ns, Cleanup: 13700 ns, At safepoint: 1800 ns, Total: 21100 ns
[93.843s][info ][safepoint      ] Safepoint "Cleanup", Time since last: 1000110769 ns, Reaching safepoint: 6800 ns, Cleanup: 19700 ns, At safepoint: 2300 ns, Total: 28800 ns
[94.843s][info ][safepoint      ] Safepoint "Cleanup", Time since last: 1000109769 ns, Reaching safepoint: 5300 ns, Cleanup: 9000 ns, At safepoint: 1800 ns, Total: 16100 ns
[95.843s][info ][safepoint      ] Safepoint "Cleanup", Time since last: 1000108169 ns, Reaching safepoint: 6100 ns, Cleanup: 14800 ns, At safepoint: 2100 ns, Total: 23000 ns
[96.843s][info ][safepoint      ] Safepoint "Cleanup", Time since last: 1000104269 ns, Reaching safepoint: 5400 ns, Cleanup: 9000 ns, At safepoint: 1800 ns, Total: 16200 ns
[97.844s][info ][safepoint      ] Safepoint "Cleanup", Time since last: 1000107869 ns, Reaching safepoint: 6000 ns, Cleanup: 14800 ns, At safepoint: 2300 ns, Total: 23100 ns
[99.844s][info ][safepoint      ] Safepoint "Cleanup", Time since last: 2000237927 ns, Reaching safepoint: 5400 ns, Cleanup: 10100 ns, At safepoint: 2100 ns, Total: 17600 ns
[100.844s][info ][safepoint      ] Safepoint "Cleanup", Time since last: 1000143959 ns, Reaching safepoint: 6200 ns, Cleanup: 14300 ns, At safepoint: 2000 ns, Total: 22500 ns
[101.844s][info ][safepoint      ] Safepoint "Cleanup", Time since last: 1000119258 ns, Reaching safepoint: 5500 ns, Cleanup: 10101 ns, At safepoint: 2200 ns, Total: 17801 ns
[102.844s][info ][safepoint      ] Safepoint "Cleanup", Time since last: 1000112158 ns, Reaching safepoint: 5200 ns, Cleanup: 8900 ns, At safepoint: 1800 ns, Total: 15900 ns
[103.844s][info ][safepoint      ] Safepoint "Cleanup", Time since last: 1000102858 ns, Reaching safepoint: 4500 ns, Cleanup: 9600 ns, At safepoint: 1700 ns, Total: 15800 ns
[104.845s][info ][safepoint      ] Safepoint "Cleanup", Time since last: 1000103158 ns, Reaching safepoint: 5400 ns, Cleanup: 16601 ns, At safepoint: 1700 ns, Total: 23701 ns
[105.845s][info ][safepoint      ] Safepoint "Cleanup", Time since last: 1000108258 ns, Reaching safepoint: 5600 ns, Cleanup: 17000 ns, At safepoint: 2000 ns, Total: 24600 ns
[106.845s][info ][safepoint      ] Safepoint "Cleanup", Time since last: 1000138659 ns, Reaching safepoint: 6400 ns, Cleanup: 11100 ns, At safepoint: 2300 ns, Total: 19800 ns
[107.845s][info ][safepoint      ] Safepoint "Cleanup", Time since last: 1000133544 ns, Reaching safepoint: 6100 ns, Cleanup: 18601 ns, At safepoint: 2000 ns, Total: 26701 ns
[108.845s][info ][safepoint      ] Safepoint "Cleanup", Time since last: 1000126043 ns, Reaching safepoint: 5800 ns, Cleanup: 15500 ns, At safepoint: 1900 ns, Total: 23200 ns
[109.845s][info ][safepoint      ] Safepoint "Cleanup", Time since last: 1000103843 ns, Reaching safepoint: 5800 ns, Cleanup: 6300 ns, At safepoint: 1900 ns, Total: 14000 ns
[110.845s][info ][safepoint      ] Safepoint "Cleanup", Time since last: 1000102842 ns, Reaching safepoint: 5001 ns, Cleanup: 14000 ns, At safepoint: 1800 ns, Total: 20801 ns
[111.845s][info ][safepoint      ] Safepoint "Cleanup", Time since last: 1000101742 ns, Reaching safepoint: 5500 ns, Cleanup: 8901 ns, At safepoint: 1800 ns, Total: 16201 ns
[112.846s][info ][safepoint      ] Safepoint "Cleanup", Time since last: 1000107242 ns, Reaching safepoint: 5600 ns, Cleanup: 12701 ns, At safepoint: 1800 ns, Total: 20101 ns
[113.846s][info ][safepoint      ] Safepoint "Cleanup", Time since last: 1000108042 ns, Reaching safepoint: 5400 ns, Cleanup: 13101 ns, At safepoint: 1700 ns, Total: 20201 ns
[114.846s][info ][safepoint      ] Safepoint "Cleanup", Time since last: 1000101342 ns, Reaching safepoint: 5000 ns, Cleanup: 7500 ns, At safepoint: 1800 ns, Total: 14300 ns
[115.846s][info ][safepoint      ] Safepoint "Cleanup", Time since last: 1000122452 ns, Reaching safepoint: 5300 ns, Cleanup: 16900 ns, At safepoint: 1600 ns, Total: 23800 ns
[116.846s][info ][safepoint      ] Safepoint "Cleanup", Time since last: 1000132742 ns, Reaching safepoint: 5300 ns, Cleanup: 14700 ns, At safepoint: 2000 ns, Total: 22000 ns
[117.846s][info ][safepoint      ] Safepoint "Cleanup", Time since last: 1000140842 ns, Reaching safepoint: 5800 ns, Cleanup: 17500 ns, At safepoint: 2000 ns, Total: 25300 ns
[118.846s][info ][safepoint      ] Safepoint "Cleanup", Time since last: 1000133142 ns, Reaching safepoint: 6600 ns, Cleanup: 9300 ns, At safepoint: 2200 ns, Total: 18100 ns
[120.847s][info ][safepoint      ] Safepoint "Cleanup", Time since last: 2000212383 ns, Reaching safepoint: 5600 ns, Cleanup: 11000 ns, At safepoint: 2000 ns, Total: 18600 ns
[121.847s][info ][safepoint      ] Safepoint "Cleanup", Time since last: 1000108460 ns, Reaching safepoint: 5800 ns, Cleanup: 9100 ns, At safepoint: 2300 ns, Total: 17200 ns
[122.847s][info ][safepoint      ] Safepoint "Cleanup", Time since last: 1000103167 ns, Reaching safepoint: 5500 ns, Cleanup: 10100 ns, At safepoint: 1500 ns, Total: 17100 ns
[123.847s][info ][safepoint      ] Safepoint "Cleanup", Time since last: 1000103380 ns, Reaching safepoint: 4700 ns, Cleanup: 7600 ns, At safepoint: 1900 ns, Total: 14200 ns
[124.847s][info ][safepoint      ] Safepoint "Cleanup", Time since last: 1000123278 ns, Reaching safepoint: 5300 ns, Cleanup: 10800 ns, At safepoint: 2000 ns, Total: 18100 ns
[125.847s][info ][safepoint      ] Safepoint "Cleanup", Time since last: 1000107278 ns, Reaching safepoint: 5900 ns, Cleanup: 14700 ns, At safepoint: 2600 ns, Total: 23200 ns
[130.848s][info ][safepoint      ] Safepoint "Cleanup", Time since last: 5000513590 ns, Reaching safepoint: 5400 ns, Cleanup: 8400 ns, At safepoint: 2000 ns, Total: 15800 ns
[131.848s][info ][safepoint      ] Safepoint "Cleanup", Time since last: 1000134882 ns, Reaching safepoint: 5800 ns, Cleanup: 14000 ns, At safepoint: 2000 ns, Total: 21800 ns
[132.848s][info ][safepoint      ] Safepoint "Cleanup", Time since last: 1000134082 ns, Reaching safepoint: 5000 ns, Cleanup: 7800 ns, At safepoint: 2100 ns, Total: 14900 ns
[133.848s][info ][safepoint      ] Safepoint "Cleanup", Time since last: 1000106082 ns, Reaching safepoint: 5000 ns, Cleanup: 9300 ns, At safepoint: 1700 ns, Total: 16000 ns
[134.848s][info ][safepoint      ] Safepoint "Cleanup", Time since last: 1000134482 ns, Reaching safepoint: 5400 ns, Cleanup: 17000 ns, At safepoint: 1900 ns, Total: 24300 ns
[135.849s][info ][safepoint      ] Safepoint "Cleanup", Time since last: 1000119882 ns, Reaching safepoint: 5400 ns, Cleanup: 17200 ns, At safepoint: 2300 ns, Total: 24900 ns
[137.849s][info ][safepoint      ] Safepoint "Cleanup", Time since last: 2000200164 ns, Reaching safepoint: 5800 ns, Cleanup: 11800 ns, At safepoint: 1800 ns, Total: 19400 ns
[138.849s][info ][safepoint      ] Safepoint "Cleanup", Time since last: 1000106082 ns, Reaching safepoint: 6100 ns, Cleanup: 13600 ns, At safepoint: 2100 ns, Total: 21800 ns
[140.849s][info ][safepoint      ] Safepoint "Cleanup", Time since last: 2000178270 ns, Reaching safepoint: 6500 ns, Cleanup: 10900 ns, At safepoint: 2200 ns, Total: 19600 ns
[142.849s][info ][safepoint      ] Safepoint "Cleanup", Time since last: 2000175771 ns, Reaching safepoint: 6000 ns, Cleanup: 16700 ns, At safepoint: 1900 ns, Total: 24600 ns
[144.850s][info ][safepoint      ] Safepoint "Cleanup", Time since last: 2000217971 ns, Reaching safepoint: 5000 ns, Cleanup: 12500 ns, At safepoint: 1800 ns, Total: 19300 ns
[145.850s][info ][safepoint      ] Safepoint "Cleanup", Time since last: 1000122886 ns, Reaching safepoint: 5400 ns, Cleanup: 6000 ns, At safepoint: 1500 ns, Total: 12900 ns
[146.426s][info ][gc,start       ] GC(11) Pause Young (Allocation Failure)
[146.501s][debug][gc,phases      ] GC(11) Scavenge 74.618ms
[146.501s][debug][gc,ref         ] GC(11) ReferenceProcessor::execute queues: 1, RefProcThreadModel::Single, marks_oops_alive: false
[146.501s][debug][gc,ref         ] GC(11) Skipped KeepAliveFinalRefsPhase of Reference Processing: no references
[146.501s][debug][gc,ref         ] GC(11) ReferenceProcessor::execute queues: 1, RefProcThreadModel::Single, marks_oops_alive: false
[146.501s][debug][gc,phases      ] GC(11) Reference Processing 0.104ms
[146.502s][debug][gc,phases      ] GC(11)   VM Weak                        Min:  0.0, Avg:  0.0, Max:  0.0, Diff:  0.0, Sum:  0.0, Workers: 4
[146.502s][debug][gc,phases      ] GC(11)     Dead                           Min: 0, Avg:  0.0, Max: 0, Diff: 0, Sum: 0, Workers: 4
[146.502s][debug][gc,phases      ] GC(11)     Total                          Min: 0, Avg: 225.2, Max: 576, Diff: 576, Sum: 901, Workers: 4
[146.502s][debug][gc,phases      ] GC(11)   ObjectSynchronizer Weak        Min:  0.0, Avg:  0.0, Max:  0.0, Diff:  0.0, Sum:  0.0, Workers: 4
[146.502s][debug][gc,phases      ] GC(11)     Dead                           Min: 0, Avg:  0.0, Max: 0, Diff: 0, Sum: 0, Workers: 4
[146.502s][debug][gc,phases      ] GC(11)     Total                          Min: 0, Avg:  0.8, Max: 3, Diff: 3, Sum: 3, Workers: 4
[146.502s][debug][gc,phases      ] GC(11)   JVMTI Tag Weak OopStorage      Min:  0.0, Avg:  0.0, Max:  0.0, Diff:  0.0, Sum:  0.0, Workers: 4
[146.502s][debug][gc,phases      ] GC(11)     Dead                           Min: 0, Avg:  0.0, Max: 0, Diff: 0, Sum: 0, Workers: 4
[146.502s][debug][gc,phases      ] GC(11)     Total                          Min: 0, Avg:  0.0, Max: 0, Diff: 0, Sum: 0, Workers: 4
[146.502s][debug][gc,phases      ] GC(11)   StringTable Weak               Min:  0.2, Avg:  0.3, Max:  0.3, Diff:  0.0, Sum:  1.0, Workers: 4
[146.502s][debug][gc,phases      ] GC(11)     Dead                           Min: 0, Avg:  0.2, Max: 1, Diff: 1, Sum: 1, Workers: 4
[146.502s][debug][gc,phases      ] GC(11)     Total                          Min: 11188, Avg: 11757.0, Max: 12800, Diff: 1612, Sum: 47028, Workers: 4
[146.502s][debug][gc,phases      ] GC(11)   ResolvedMethodTable Weak       Min:  0.1, Avg:  0.1, Max:  0.1, Diff:  0.0, Sum:  0.4, Workers: 4
[146.502s][debug][gc,phases      ] GC(11)     Dead                           Min: 0, Avg:  5.0, Max: 10, Diff: 10, Sum: 20, Workers: 4
[146.502s][debug][gc,phases      ] GC(11)     Total                          Min: 3540, Avg: 3719.0, Max: 3845, Diff: 305, Sum: 14876, Workers: 4
[146.502s][debug][gc,phases      ] GC(11)   JNI Weak                       Min:  0.0, Avg:  0.0, Max:  0.0, Diff:  0.0, Sum:  0.0, Workers: 4
[146.502s][debug][gc,phases      ] GC(11)     Dead                           Min: 0, Avg:  0.0, Max: 0, Diff: 0, Sum: 0, Workers: 4
[146.502s][debug][gc,phases      ] GC(11)     Total                          Min: 0, Avg: 13.0, Max: 52, Diff: 52, Sum: 52, Workers: 4
[146.502s][debug][gc,phases      ] GC(11)   StringDedup Table Weak         Min:  0.0, Avg:  0.0, Max:  0.0, Diff:  0.0, Sum:  0.0, Workers: 4
[146.502s][debug][gc,phases      ] GC(11)     Dead                           Min: 0, Avg:  0.0, Max: 0, Diff: 0, Sum: 0, Workers: 4
[146.502s][debug][gc,phases      ] GC(11)     Total                          Min: 0, Avg:  0.0, Max: 0, Diff: 0, Sum: 0, Workers: 4
[146.502s][debug][gc,phases      ] GC(11)   StringDedup Requests0 Weak     Min:  0.0, Avg:  0.0, Max:  0.0, Diff:  0.0, Sum:  0.0, Workers: 4
[146.502s][debug][gc,phases      ] GC(11)     Dead                           Min: 0, Avg:  0.0, Max: 0, Diff: 0, Sum: 0, Workers: 4
[146.502s][debug][gc,phases      ] GC(11)     Total                          Min: 0, Avg:  0.0, Max: 0, Diff: 0, Sum: 0, Workers: 4
[146.502s][debug][gc,phases      ] GC(11)   StringDedup Requests1 Weak     Min:  0.0, Avg:  0.0, Max:  0.0, Diff:  0.0, Sum:  0.0, Workers: 4
[146.502s][debug][gc,phases      ] GC(11)     Dead                           Min: 0, Avg:  0.0, Max: 0, Diff: 0, Sum: 0, Workers: 4
[146.502s][debug][gc,phases      ] GC(11)     Total                          Min: 0, Avg:  0.0, Max: 0, Diff: 0, Sum: 0, Workers: 4
[146.502s][debug][gc,phases      ] GC(11)   Weak JFR Old Object Samples    Min:  0.0, Avg:  0.0, Max:  0.0, Diff:  0.0, Sum:  0.0, Workers: 4
[146.502s][debug][gc,phases      ] GC(11)     Dead                           Min: 0, Avg:  0.0, Max: 0, Diff: 0, Sum: 0, Workers: 4
[146.502s][debug][gc,phases      ] GC(11)     Total                          Min: 0, Avg:  0.0, Max: 0, Diff: 0, Sum: 0, Workers: 4
[146.502s][debug][gc,phases      ] GC(11) Weak Processing 0.524ms
[146.502s][debug][gc,age         ] GC(11) Desired survivor size 271581184 bytes, new threshold 3 (max threshold 15)
[146.502s][info ][gc,heap        ] GC(11) PSYoungGen: 1724861K(1724928K)->85577K(1831936K) Eden: 1555456K(1555456K)->0K(1558528K) From: 169405K(169472K)->85577K(273408K)
[146.502s][info ][gc,heap        ] GC(11) ParOldGen: 60508K(60928K)->145756K(145920K)
[146.502s][info ][gc,metaspace   ] GC(11) Metaspace: 104622K(105856K)->104622K(105856K) NonClass: 88591K(89280K)->88591K(89280K) Class: 16031K(16576K)->16031K(16576K)
[146.502s][info ][gc             ] GC(11) Pause Young (Allocation Failure) 1743M->225M(1931M) 75.365ms
[146.502s][info ][gc,cpu         ] GC(11) User=0.23s Sys=0.06s Real=0.07s
[146.502s][info ][safepoint      ] Safepoint "ParallelGCFailedAllocation", Time since last: 576638788 ns, Reaching safepoint: 5900 ns, Cleanup: 2900 ns, At safepoint: 75459284 ns, Total: 75468084 ns
[147.502s][info ][safepoint      ] Safepoint "Cleanup", Time since last: 1000095424 ns, Reaching safepoint: 5800 ns, Cleanup: 23000 ns, At safepoint: 2200 ns, Total: 31000 ns
[148.502s][info ][safepoint      ] Safepoint "Cleanup", Time since last: 1000107787 ns, Reaching safepoint: 5700 ns, Cleanup: 8600 ns, At safepoint: 2100 ns, Total: 16400 ns
[149.502s][info ][safepoint      ] Safepoint "Cleanup", Time since last: 1000134588 ns, Reaching safepoint: 5500 ns, Cleanup: 33100 ns, At safepoint: 2000 ns, Total: 40600 ns
[150.502s][info ][safepoint      ] Safepoint "Cleanup", Time since last: 1000134588 ns, Reaching safepoint: 5300 ns, Cleanup: 22300 ns, At safepoint: 2000 ns, Total: 29600 ns
[151.503s][info ][safepoint      ] Safepoint "Cleanup", Time since last: 1000136088 ns, Reaching safepoint: 5900 ns, Cleanup: 11000 ns, At safepoint: 2100 ns, Total: 19000 ns
[153.503s][info ][safepoint      ] Safepoint "Cleanup", Time since last: 2000240675 ns, Reaching safepoint: 9100 ns, Cleanup: 19500 ns, At safepoint: 2000 ns, Total: 30600 ns
[155.503s][info ][safepoint      ] Safepoint "Cleanup", Time since last: 2000177552 ns, Reaching safepoint: 5300 ns, Cleanup: 10700 ns, At safepoint: 1700 ns, Total: 17700 ns
[159.503s][info ][safepoint      ] Safepoint "Cleanup", Time since last: 4000324782 ns, Reaching safepoint: 5600 ns, Cleanup: 14200 ns, At safepoint: 2000 ns, Total: 21800 ns
[160.504s][info ][safepoint      ] Safepoint "Cleanup", Time since last: 1000116246 ns, Reaching safepoint: 5100 ns, Cleanup: 17700 ns, At safepoint: 2000 ns, Total: 24800 ns
[161.504s][info ][safepoint      ] Safepoint "Cleanup", Time since last: 1000106361 ns, Reaching safepoint: 5400 ns, Cleanup: 10800 ns, At safepoint: 2100 ns, Total: 18300 ns
[163.504s][info ][safepoint      ] Safepoint "Cleanup", Time since last: 2000177697 ns, Reaching safepoint: 5900 ns, Cleanup: 8500 ns, At safepoint: 2100 ns, Total: 16500 ns
[164.504s][info ][safepoint      ] Safepoint "Cleanup", Time since last: 1000107689 ns, Reaching safepoint: 4801 ns, Cleanup: 10900 ns, At safepoint: 1800 ns, Total: 17501 ns
[165.504s][info ][safepoint      ] Safepoint "Cleanup", Time since last: 1000099189 ns, Reaching safepoint: 6300 ns, Cleanup: 12400 ns, At safepoint: 2100 ns, Total: 20800 ns
[166.504s][info ][safepoint      ] Safepoint "Cleanup", Time since last: 1000136689 ns, Reaching safepoint: 5600 ns, Cleanup: 8600 ns, At safepoint: 2200 ns, Total: 16400 ns
[168.504s][info ][safepoint      ] Safepoint "Cleanup", Time since last: 2000233079 ns, Reaching safepoint: 5300 ns, Cleanup: 11200 ns, At safepoint: 1800 ns, Total: 18300 ns
[169.505s][info ][safepoint      ] Safepoint "Cleanup", Time since last: 1000139990 ns, Reaching safepoint: 5600 ns, Cleanup: 8600 ns, At safepoint: 2300 ns, Total: 16500 ns
[170.505s][info ][safepoint      ] Safepoint "Cleanup", Time since last: 1000114289 ns, Reaching safepoint: 5600 ns, Cleanup: 29800 ns, At safepoint: 2300 ns, Total: 37700 ns
[172.505s][info ][safepoint      ] Safepoint "Cleanup", Time since last: 2000212557 ns, Reaching safepoint: 5700 ns, Cleanup: 7100 ns, At safepoint: 2200 ns, Total: 15000 ns
[173.505s][info ][safepoint      ] Safepoint "Cleanup", Time since last: 1000132946 ns, Reaching safepoint: 4800 ns, Cleanup: 12900 ns, At safepoint: 2100 ns, Total: 19800 ns
[174.505s][info ][safepoint      ] Safepoint "Cleanup", Time since last: 1000109346 ns, Reaching safepoint: 6200 ns, Cleanup: 10100 ns, At safepoint: 2200 ns, Total: 18500 ns
[175.505s][info ][safepoint      ] Safepoint "Cleanup", Time since last: 1000103245 ns, Reaching safepoint: 5801 ns, Cleanup: 19400 ns, At safepoint: 2100 ns, Total: 27301 ns
[176.506s][info ][safepoint      ] Safepoint "Cleanup", Time since last: 1000110645 ns, Reaching safepoint: 5601 ns, Cleanup: 15800 ns, At safepoint: 2100 ns, Total: 23501 ns
[177.506s][info ][safepoint      ] Safepoint "Cleanup", Time since last: 1000110445 ns, Reaching safepoint: 4800 ns, Cleanup: 15201 ns, At safepoint: 2300 ns, Total: 22301 ns
[178.506s][info ][safepoint      ] Safepoint "Cleanup", Time since last: 1000123845 ns, Reaching safepoint: 4801 ns, Cleanup: 11400 ns, At safepoint: 1800 ns, Total: 18001 ns
[179.506s][info ][safepoint      ] Safepoint "Cleanup", Time since last: 1000107373 ns, Reaching safepoint: 5800 ns, Cleanup: 12900 ns, At safepoint: 2200 ns, Total: 20900 ns
[182.506s][info ][safepoint      ] Safepoint "Cleanup", Time since last: 3000249057 ns, Reaching safepoint: 4600 ns, Cleanup: 7200 ns, At safepoint: 1700 ns, Total: 13500 ns
[183.506s][info ][safepoint      ] Safepoint "Cleanup", Time since last: 1000113019 ns, Reaching safepoint: 5400 ns, Cleanup: 6600 ns, At safepoint: 2100 ns, Total: 14100 ns
[184.507s][info ][safepoint      ] Safepoint "Cleanup", Time since last: 1000128519 ns, Reaching safepoint: 4300 ns, Cleanup: 12600 ns, At safepoint: 1700 ns, Total: 18600 ns
[186.507s][info ][safepoint      ] Safepoint "Cleanup", Time since last: 2000165738 ns, Reaching safepoint: 5700 ns, Cleanup: 8400 ns, At safepoint: 2000 ns, Total: 16100 ns
[187.507s][info ][safepoint      ] Safepoint "Cleanup", Time since last: 1000126616 ns, Reaching safepoint: 5700 ns, Cleanup: 8800 ns, At safepoint: 1800 ns, Total: 16300 ns
[188.507s][info ][safepoint      ] Safepoint "Cleanup", Time since last: 1000130815 ns, Reaching safepoint: 5700 ns, Cleanup: 14500 ns, At safepoint: 1900 ns, Total: 22100 ns
[189.507s][info ][safepoint      ] Safepoint "Cleanup", Time since last: 1000105614 ns, Reaching safepoint: 5200 ns, Cleanup: 12801 ns, At safepoint: 2100 ns, Total: 20101 ns
[190.507s][info ][safepoint      ] Safepoint "Cleanup", Time since last: 1000111214 ns, Reaching safepoint: 5500 ns, Cleanup: 12300 ns, At safepoint: 2100 ns, Total: 19900 ns
[191.507s][info ][safepoint      ] Safepoint "Cleanup", Time since last: 1000106914 ns, Reaching safepoint: 5400 ns, Cleanup: 7200 ns, At safepoint: 1900 ns, Total: 14500 ns
[192.507s][info ][safepoint      ] Safepoint "Cleanup", Time since last: 1000102215 ns, Reaching safepoint: 5000 ns, Cleanup: 13700 ns, At safepoint: 1900 ns, Total: 20600 ns
[193.508s][info ][safepoint      ] Safepoint "Cleanup", Time since last: 1000108514 ns, Reaching safepoint: 5600 ns, Cleanup: 45001 ns, At safepoint: 2100 ns, Total: 52701 ns
[194.508s][info ][safepoint      ] Safepoint "Cleanup", Time since last: 1000103214 ns, Reaching safepoint: 4300 ns, Cleanup: 36600 ns, At safepoint: 2000 ns, Total: 42900 ns
[195.508s][info ][safepoint      ] Safepoint "Cleanup", Time since last: 1000095011 ns, Reaching safepoint: 4900 ns, Cleanup: 72001 ns, At safepoint: 1800 ns, Total: 78701 ns
[196.508s][info ][safepoint      ] Safepoint "Cleanup", Time since last: 1000107808 ns, Reaching safepoint: 5100 ns, Cleanup: 25001 ns, At safepoint: 1800 ns, Total: 31901 ns
[197.508s][info ][safepoint      ] Safepoint "Cleanup", Time since last: 1000110708 ns, Reaching safepoint: 5900 ns, Cleanup: 12800 ns, At safepoint: 2200 ns, Total: 20900 ns
[198.508s][info ][safepoint      ] Safepoint "Cleanup", Time since last: 1000111009 ns, Reaching safepoint: 6500 ns, Cleanup: 9900 ns, At safepoint: 2000 ns, Total: 18400 ns
[200.509s][info ][safepoint      ] Safepoint "Cleanup", Time since last: 2000175216 ns, Reaching safepoint: 5100 ns, Cleanup: 7901 ns, At safepoint: 2000 ns, Total: 15001 ns
[201.175s][info ][gc,start       ] GC(12) Pause Young (Allocation Failure)
[201.214s][debug][gc,phases      ] GC(12) Scavenge 38.611ms
[201.214s][debug][gc,ref         ] GC(12) ReferenceProcessor::execute queues: 1, RefProcThreadModel::Single, marks_oops_alive: false
[201.214s][debug][gc,ref         ] GC(12) Skipped KeepAliveFinalRefsPhase of Reference Processing: no references
[201.214s][debug][gc,ref         ] GC(12) ReferenceProcessor::execute queues: 1, RefProcThreadModel::Single, marks_oops_alive: false
[201.214s][debug][gc,phases      ] GC(12) Reference Processing 0.134ms
[201.214s][debug][gc,phases      ] GC(12)   VM Weak                        Min:  0.0, Avg:  0.0, Max:  0.0, Diff:  0.0, Sum:  0.0, Workers: 4
[201.214s][debug][gc,phases      ] GC(12)     Dead                           Min: 0, Avg:  0.0, Max: 0, Diff: 0, Sum: 0, Workers: 4
[201.214s][debug][gc,phases      ] GC(12)     Total                          Min: 0, Avg: 225.2, Max: 832, Diff: 832, Sum: 901, Workers: 4
[201.214s][debug][gc,phases      ] GC(12)   ObjectSynchronizer Weak        Min:  0.0, Avg:  0.0, Max:  0.0, Diff:  0.0, Sum:  0.0, Workers: 4
[201.214s][debug][gc,phases      ] GC(12)     Dead                           Min: 0, Avg:  0.0, Max: 0, Diff: 0, Sum: 0, Workers: 4
[201.214s][debug][gc,phases      ] GC(12)     Total                          Min: 0, Avg:  0.8, Max: 3, Diff: 3, Sum: 3, Workers: 4
[201.214s][debug][gc,phases      ] GC(12)   JVMTI Tag Weak OopStorage      Min:  0.0, Avg:  0.0, Max:  0.0, Diff:  0.0, Sum:  0.0, Workers: 4
[201.214s][debug][gc,phases      ] GC(12)     Dead                           Min: 0, Avg:  0.0, Max: 0, Diff: 0, Sum: 0, Workers: 4
[201.214s][debug][gc,phases      ] GC(12)     Total                          Min: 0, Avg:  0.0, Max: 0, Diff: 0, Sum: 0, Workers: 4
[201.214s][debug][gc,phases      ] GC(12)   StringTable Weak               Min:  0.0, Avg:  0.1, Max:  0.1, Diff:  0.1, Sum:  0.4, Workers: 4
[201.214s][debug][gc,phases      ] GC(12)     Dead                           Min: 0, Avg:  0.0, Max: 0, Diff: 0, Sum: 0, Workers: 4
[201.214s][debug][gc,phases      ] GC(12)     Total                          Min: 0, Avg: 11764.5, Max: 20032, Diff: 20032, Sum: 47058, Workers: 4
[201.214s][debug][gc,phases      ] GC(12)   ResolvedMethodTable Weak       Min:  0.0, Avg:  0.0, Max:  0.1, Diff:  0.1, Sum:  0.2, Workers: 4
[201.214s][debug][gc,phases      ] GC(12)     Dead                           Min: 0, Avg:  4.2, Max: 17, Diff: 17, Sum: 17, Workers: 4
[201.214s][debug][gc,phases      ] GC(12)     Total                          Min: 0, Avg: 3720.0, Max: 5889, Diff: 5889, Sum: 14880, Workers: 4
[201.214s][debug][gc,phases      ] GC(12)   JNI Weak                       Min:  0.0, Avg:  0.0, Max:  0.0, Diff:  0.0, Sum:  0.0, Workers: 4
[201.214s][debug][gc,phases      ] GC(12)     Dead                           Min: 0, Avg:  0.0, Max: 0, Diff: 0, Sum: 0, Workers: 4
[201.214s][debug][gc,phases      ] GC(12)     Total                          Min: 0, Avg: 13.0, Max: 52, Diff: 52, Sum: 52, Workers: 4
[201.214s][debug][gc,phases      ] GC(12)   StringDedup Table Weak         Min:  0.0, Avg:  0.0, Max:  0.0, Diff:  0.0, Sum:  0.0, Workers: 4
[201.214s][debug][gc,phases      ] GC(12)     Dead                           Min: 0, Avg:  0.0, Max: 0, Diff: 0, Sum: 0, Workers: 4
[201.214s][debug][gc,phases      ] GC(12)     Total                          Min: 0, Avg:  0.0, Max: 0, Diff: 0, Sum: 0, Workers: 4
[201.214s][debug][gc,phases      ] GC(12)   StringDedup Requests0 Weak     Min:  0.0, Avg:  0.0, Max:  0.0, Diff:  0.0, Sum:  0.0, Workers: 4
[201.214s][debug][gc,phases      ] GC(12)     Dead                           Min: 0, Avg:  0.0, Max: 0, Diff: 0, Sum: 0, Workers: 4
[201.214s][debug][gc,phases      ] GC(12)     Total                          Min: 0, Avg:  0.0, Max: 0, Diff: 0, Sum: 0, Workers: 4
[201.214s][debug][gc,phases      ] GC(12)   StringDedup Requests1 Weak     Min:  0.0, Avg:  0.0, Max:  0.0, Diff:  0.0, Sum:  0.0, Workers: 4
[201.214s][debug][gc,phases      ] GC(12)     Dead                           Min: 0, Avg:  0.0, Max: 0, Diff: 0, Sum: 0, Workers: 4
[201.214s][debug][gc,phases      ] GC(12)     Total                          Min: 0, Avg:  0.0, Max: 0, Diff: 0, Sum: 0, Workers: 4
[201.214s][debug][gc,phases      ] GC(12)   Weak JFR Old Object Samples    Min:  0.0, Avg:  0.0, Max:  0.0, Diff:  0.0, Sum:  0.0, Workers: 4
[201.214s][debug][gc,phases      ] GC(12)     Dead                           Min: 0, Avg:  0.0, Max: 0, Diff: 0, Sum: 0, Workers: 4
[201.214s][debug][gc,phases      ] GC(12)     Total                          Min: 0, Avg:  0.0, Max: 0, Diff: 0, Sum: 0, Workers: 4
[201.214s][debug][gc,phases      ] GC(12) Weak Processing 0.363ms
[201.214s][debug][gc,age         ] GC(12) Desired survivor size 278396928 bytes, new threshold 2 (max threshold 15)
[201.214s][info ][gc,heap        ] GC(12) PSYoungGen: 1644105K(1831936K)->3632K(1823744K) Eden: 1558528K(1558528K)->0K(1558528K) From: 85577K(273408K)->3632K(265216K)
[201.214s][info ][gc,heap        ] GC(12) ParOldGen: 145756K(145920K)->232938K(232960K)
[201.214s][info ][gc,metaspace   ] GC(12) Metaspace: 104755K(105984K)->104755K(105984K) NonClass: 88723K(89408K)->88723K(89408K) Class: 16032K(16576K)->16032K(16576K)
[201.214s][info ][gc             ] GC(12) Pause Young (Allocation Failure) 1747M->231M(2008M) 39.229ms
[201.214s][info ][gc,cpu         ] GC(12) User=0.09s Sys=0.05s Real=0.04s
[201.214s][info ][safepoint      ] Safepoint "ParallelGCFailedAllocation", Time since last: 666366301 ns, Reaching safepoint: 90501 ns, Cleanup: 10600 ns, At safepoint: 39292101 ns, Total: 39393202 ns
[202.214s][info ][safepoint      ] Safepoint "Cleanup", Time since last: 1000091209 ns, Reaching safepoint: 5400 ns, Cleanup: 12600 ns, At safepoint: 2100 ns, Total: 20100 ns
[204.215s][info ][safepoint      ] Safepoint "Cleanup", Time since last: 2000184438 ns, Reaching safepoint: 5700 ns, Cleanup: 16800 ns, At safepoint: 1900 ns, Total: 24400 ns
[205.215s][info ][safepoint      ] Safepoint "Cleanup", Time since last: 1000106366 ns, Reaching safepoint: 5400 ns, Cleanup: 44801 ns, At safepoint: 3000 ns, Total: 53201 ns
[206.215s][info ][safepoint      ] Safepoint "Cleanup", Time since last: 1000111265 ns, Reaching safepoint: 5500 ns, Cleanup: 20001 ns, At safepoint: 2400 ns, Total: 27901 ns
[207.215s][info ][safepoint      ] Safepoint "Cleanup", Time since last: 1000108565 ns, Reaching safepoint: 5400 ns, Cleanup: 24801 ns, At safepoint: 1800 ns, Total: 32001 ns
[208.215s][info ][safepoint      ] Safepoint "Cleanup", Time since last: 1000110465 ns, Reaching safepoint: 5500 ns, Cleanup: 10700 ns, At safepoint: 2100 ns, Total: 18300 ns
[209.215s][info ][safepoint      ] Safepoint "Cleanup", Time since last: 1000106866 ns, Reaching safepoint: 5100 ns, Cleanup: 12900 ns, At safepoint: 1900 ns, Total: 19900 ns
[211.216s][info ][safepoint      ] Safepoint "Cleanup", Time since last: 2000209582 ns, Reaching safepoint: 87301 ns, Cleanup: 14900 ns, At safepoint: 11500 ns, Total: 113701 ns
[212.216s][info ][safepoint      ] Safepoint "Cleanup", Time since last: 1000147275 ns, Reaching safepoint: 6500 ns, Cleanup: 15101 ns, At safepoint: 1900 ns, Total: 23501 ns
[213.216s][info ][safepoint      ] Safepoint "Cleanup", Time since last: 1000104774 ns, Reaching safepoint: 5200 ns, Cleanup: 15900 ns, At safepoint: 2301 ns, Total: 23401 ns
[214.216s][info ][safepoint      ] Safepoint "Cleanup", Time since last: 1000110474 ns, Reaching safepoint: 5700 ns, Cleanup: 9600 ns, At safepoint: 2100 ns, Total: 17400 ns
[215.216s][info ][safepoint      ] Safepoint "Cleanup", Time since last: 1000136576 ns, Reaching safepoint: 5600 ns, Cleanup: 10100 ns, At safepoint: 2100 ns, Total: 17800 ns
[217.216s][info ][safepoint      ] Safepoint "Cleanup", Time since last: 2000224649 ns, Reaching safepoint: 5000 ns, Cleanup: 10500 ns, At safepoint: 2000 ns, Total: 17500 ns
[218.217s][info ][safepoint      ] Safepoint "Cleanup", Time since last: 1000136976 ns, Reaching safepoint: 5200 ns, Cleanup: 16700 ns, At safepoint: 2000 ns, Total: 23900 ns
[219.217s][info ][safepoint      ] Safepoint "Cleanup", Time since last: 1000153260 ns, Reaching safepoint: 6400 ns, Cleanup: 7300 ns, At safepoint: 2000 ns, Total: 15700 ns
[220.217s][info ][safepoint      ] Safepoint "Cleanup", Time since last: 1000133811 ns, Reaching safepoint: 5200 ns, Cleanup: 6900 ns, At safepoint: 1700 ns, Total: 13800 ns
[221.217s][info ][safepoint      ] Safepoint "Cleanup", Time since last: 1000109110 ns, Reaching safepoint: 5601 ns, Cleanup: 13900 ns, At safepoint: 1600 ns, Total: 21101 ns
[222.217s][info ][safepoint      ] Safepoint "Cleanup", Time since last: 1000101410 ns, Reaching safepoint: 5500 ns, Cleanup: 12900 ns, At safepoint: 1900 ns, Total: 20300 ns
[223.217s][info ][safepoint      ] Safepoint "Cleanup", Time since last: 1000140111 ns, Reaching safepoint: 5900 ns, Cleanup: 13600 ns, At safepoint: 2400 ns, Total: 21900 ns
[224.218s][info ][safepoint      ] Safepoint "Cleanup", Time since last: 1000127611 ns, Reaching safepoint: 5700 ns, Cleanup: 9300 ns, At safepoint: 2000 ns, Total: 17000 ns
[225.218s][info ][safepoint      ] Safepoint "Cleanup", Time since last: 1000133011 ns, Reaching safepoint: 6000 ns, Cleanup: 13500 ns, At safepoint: 2100 ns, Total: 21600 ns
[226.218s][info ][safepoint      ] Safepoint "Cleanup", Time since last: 1000118410 ns, Reaching safepoint: 6401 ns, Cleanup: 12500 ns, At safepoint: 2200 ns, Total: 21101 ns
[227.218s][info ][safepoint      ] Safepoint "Cleanup", Time since last: 1000108197 ns, Reaching safepoint: 5400 ns, Cleanup: 9401 ns, At safepoint: 1700 ns, Total: 16501 ns
[229.218s][info ][safepoint      ] Safepoint "Cleanup", Time since last: 2000227907 ns, Reaching safepoint: 5700 ns, Cleanup: 8801 ns, At safepoint: 2000 ns, Total: 16501 ns
[231.218s][info ][safepoint      ] Safepoint "Cleanup", Time since last: 2000178907 ns, Reaching safepoint: 5400 ns, Cleanup: 9400 ns, At safepoint: 2000 ns, Total: 16800 ns
[232.218s][info ][safepoint      ] Safepoint "Cleanup", Time since last: 1000112654 ns, Reaching safepoint: 5700 ns, Cleanup: 9200 ns, At safepoint: 2100 ns, Total: 17000 ns
[233.219s][info ][safepoint      ] Safepoint "Cleanup", Time since last: 1000114854 ns, Reaching safepoint: 5700 ns, Cleanup: 14400 ns, At safepoint: 1900 ns, Total: 22000 ns
[235.219s][info ][safepoint      ] Safepoint "Cleanup", Time since last: 2000187883 ns, Reaching safepoint: 5500 ns, Cleanup: 20500 ns, At safepoint: 2000 ns, Total: 28000 ns
[236.219s][info ][safepoint      ] Safepoint "Cleanup", Time since last: 1000110738 ns, Reaching safepoint: 5300 ns, Cleanup: 10200 ns, At safepoint: 2000 ns, Total: 17500 ns
[237.219s][info ][safepoint      ] Safepoint "Cleanup", Time since last: 1000129139 ns, Reaching safepoint: 4900 ns, Cleanup: 8600 ns, At safepoint: 1600 ns, Total: 15100 ns
[239.219s][info ][safepoint      ] Safepoint "Cleanup", Time since last: 2000231176 ns, Reaching safepoint: 5600 ns, Cleanup: 9100 ns, At safepoint: 2000 ns, Total: 16700 ns
[240.220s][info ][safepoint      ] Safepoint "Cleanup", Time since last: 1000130239 ns, Reaching safepoint: 5100 ns, Cleanup: 15000 ns, At safepoint: 1700 ns, Total: 21800 ns
[241.220s][info ][safepoint      ] Safepoint "Cleanup", Time since last: 1000143639 ns, Reaching safepoint: 5800 ns, Cleanup: 27800 ns, At safepoint: 2400 ns, Total: 36000 ns
[243.220s][info ][safepoint      ] Safepoint "Cleanup", Time since last: 2000231821 ns, Reaching safepoint: 5500 ns, Cleanup: 9100 ns, At safepoint: 1900 ns, Total: 16500 ns
[244.220s][info ][safepoint      ] Safepoint "Cleanup", Time since last: 1000131669 ns, Reaching safepoint: 5400 ns, Cleanup: 8800 ns, At safepoint: 2000 ns, Total: 16200 ns
[245.220s][info ][safepoint      ] Safepoint "Cleanup", Time since last: 1000126569 ns, Reaching safepoint: 5100 ns, Cleanup: 20000 ns, At safepoint: 1600 ns, Total: 26700 ns
[246.220s][info ][safepoint      ] Safepoint "Cleanup", Time since last: 1000130569 ns, Reaching safepoint: 5300 ns, Cleanup: 10500 ns, At safepoint: 1700 ns, Total: 17500 ns
[247.221s][info ][safepoint      ] Safepoint "Cleanup", Time since last: 1000158470 ns, Reaching safepoint: 5500 ns, Cleanup: 7400 ns, At safepoint: 1900 ns, Total: 14800 ns
[249.221s][info ][safepoint      ] Safepoint "Cleanup", Time since last: 2000204537 ns, Reaching safepoint: 6000 ns, Cleanup: 13100 ns, At safepoint: 1900 ns, Total: 21000 ns
[250.221s][info ][safepoint      ] Safepoint "Cleanup", Time since last: 1000110869 ns, Reaching safepoint: 5000 ns, Cleanup: 17600 ns, At safepoint: 2001 ns, Total: 24601 ns
[251.221s][info ][safepoint      ] Safepoint "Cleanup", Time since last: 1000106411 ns, Reaching safepoint: 5200 ns, Cleanup: 13200 ns, At safepoint: 2000 ns, Total: 20400 ns
[252.221s][info ][safepoint      ] Safepoint "Cleanup", Time since last: 1000126572 ns, Reaching safepoint: 6500 ns, Cleanup: 29300 ns, At safepoint: 2800 ns, Total: 38600 ns
[253.221s][info ][safepoint      ] Safepoint "Cleanup", Time since last: 1000171672 ns, Reaching safepoint: 5700 ns, Cleanup: 10900 ns, At safepoint: 2200 ns, Total: 18800 ns
[254.222s][info ][safepoint      ] Safepoint "Cleanup", Time since last: 1000137472 ns, Reaching safepoint: 5500 ns, Cleanup: 9200 ns, At safepoint: 2100 ns, Total: 16800 ns
[254.726s][info ][gc,start       ] GC(13) Pause Young (Allocation Failure)
[254.729s][debug][gc,phases      ] GC(13) Scavenge 2.418ms
[254.729s][debug][gc,ref         ] GC(13) ReferenceProcessor::execute queues: 1, RefProcThreadModel::Single, marks_oops_alive: false
[254.729s][debug][gc,ref         ] GC(13) Skipped KeepAliveFinalRefsPhase of Reference Processing: no references
[254.729s][debug][gc,ref         ] GC(13) ReferenceProcessor::execute queues: 1, RefProcThreadModel::Single, marks_oops_alive: false
[254.729s][debug][gc,phases      ] GC(13) Reference Processing 0.092ms
[254.729s][debug][gc,phases      ] GC(13)   VM Weak                        Min:  0.0, Avg:  0.0, Max:  0.0, Diff:  0.0, Sum:  0.0, Workers: 4
[254.729s][debug][gc,phases      ] GC(13)     Dead                           Min: 0, Avg:  0.0, Max: 0, Diff: 0, Sum: 0, Workers: 4
[254.729s][debug][gc,phases      ] GC(13)     Total                          Min: 0, Avg: 226.0, Max: 520, Diff: 520, Sum: 904, Workers: 4
[254.729s][debug][gc,phases      ] GC(13)   ObjectSynchronizer Weak        Min:  0.0, Avg:  0.0, Max:  0.0, Diff:  0.0, Sum:  0.0, Workers: 4
[254.729s][debug][gc,phases      ] GC(13)     Dead                           Min: 0, Avg:  0.0, Max: 0, Diff: 0, Sum: 0, Workers: 4
[254.729s][debug][gc,phases      ] GC(13)     Total                          Min: 0, Avg:  0.8, Max: 3, Diff: 3, Sum: 3, Workers: 4
[254.729s][debug][gc,phases      ] GC(13)   JVMTI Tag Weak OopStorage      Min:  0.0, Avg:  0.0, Max:  0.0, Diff:  0.0, Sum:  0.0, Workers: 4
[254.729s][debug][gc,phases      ] GC(13)     Dead                           Min: 0, Avg:  0.0, Max: 0, Diff: 0, Sum: 0, Workers: 4
[254.729s][debug][gc,phases      ] GC(13)     Total                          Min: 0, Avg:  0.0, Max: 0, Diff: 0, Sum: 0, Workers: 4
[254.729s][debug][gc,phases      ] GC(13)   StringTable Weak               Min:  0.0, Avg:  0.1, Max:  0.1, Diff:  0.1, Sum:  0.4, Workers: 4
[254.729s][debug][gc,phases      ] GC(13)     Dead                           Min: 0, Avg:  0.2, Max: 1, Diff: 1, Sum: 1, Workers: 4
[254.729s][debug][gc,phases      ] GC(13)     Total                          Min: 0, Avg: 11791.8, Max: 19519, Diff: 19519, Sum: 47167, Workers: 4
[254.729s][debug][gc,phases      ] GC(13)   ResolvedMethodTable Weak       Min:  0.0, Avg:  0.0, Max:  0.0, Diff:  0.0, Sum:  0.1, Workers: 4
[254.729s][debug][gc,phases      ] GC(13)     Dead                           Min: 0, Avg:  8.2, Max: 17, Diff: 17, Sum: 33, Workers: 4
[254.729s][debug][gc,phases      ] GC(13)     Total                          Min: 0, Avg: 3729.8, Max: 6200, Diff: 6200, Sum: 14919, Workers: 4
[254.729s][debug][gc,phases      ] GC(13)   JNI Weak                       Min:  0.0, Avg:  0.0, Max:  0.0, Diff:  0.0, Sum:  0.0, Workers: 4
[254.729s][debug][gc,phases      ] GC(13)     Dead                           Min: 0, Avg:  0.0, Max: 0, Diff: 0, Sum: 0, Workers: 4
[254.729s][debug][gc,phases      ] GC(13)     Total                          Min: 0, Avg: 13.0, Max: 52, Diff: 52, Sum: 52, Workers: 4
[254.729s][debug][gc,phases      ] GC(13)   StringDedup Table Weak         Min:  0.0, Avg:  0.0, Max:  0.0, Diff:  0.0, Sum:  0.0, Workers: 4
[254.729s][debug][gc,phases      ] GC(13)     Dead                           Min: 0, Avg:  0.0, Max: 0, Diff: 0, Sum: 0, Workers: 4
[254.729s][debug][gc,phases      ] GC(13)     Total                          Min: 0, Avg:  0.0, Max: 0, Diff: 0, Sum: 0, Workers: 4
[254.729s][debug][gc,phases      ] GC(13)   StringDedup Requests0 Weak     Min:  0.0, Avg:  0.0, Max:  0.0, Diff:  0.0, Sum:  0.0, Workers: 4
[254.729s][debug][gc,phases      ] GC(13)     Dead                           Min: 0, Avg:  0.0, Max: 0, Diff: 0, Sum: 0, Workers: 4
[254.729s][debug][gc,phases      ] GC(13)     Total                          Min: 0, Avg:  0.0, Max: 0, Diff: 0, Sum: 0, Workers: 4
[254.729s][debug][gc,phases      ] GC(13)   StringDedup Requests1 Weak     Min:  0.0, Avg:  0.0, Max:  0.0, Diff:  0.0, Sum:  0.0, Workers: 4
[254.729s][debug][gc,phases      ] GC(13)     Dead                           Min: 0, Avg:  0.0, Max: 0, Diff: 0, Sum: 0, Workers: 4
[254.729s][debug][gc,phases      ] GC(13)     Total                          Min: 0, Avg:  0.0, Max: 0, Diff: 0, Sum: 0, Workers: 4
[254.729s][debug][gc,phases      ] GC(13)   Weak JFR Old Object Samples    Min:  0.0, Avg:  0.0, Max:  0.0, Diff:  0.0, Sum:  0.0, Workers: 4
[254.729s][debug][gc,phases      ] GC(13)     Dead                           Min: 0, Avg:  0.0, Max: 0, Diff: 0, Sum: 0, Workers: 4
[254.729s][debug][gc,phases      ] GC(13)     Total                          Min: 0, Avg:  0.0, Max: 0, Diff: 0, Sum: 0, Workers: 4
[254.729s][debug][gc,phases      ] GC(13) Weak Processing 0.358ms
[254.729s][debug][gc,age         ] GC(13) Desired survivor size 280494080 bytes, new threshold 1 (max threshold 15)
[254.729s][info ][gc,heap        ] GC(13) PSYoungGen: 1562160K(1823744K)->2960K(1821184K) Eden: 1558528K(1558528K)->0K(1549312K) From: 3632K(265216K)->2960K(271872K)
[254.729s][info ][gc,heap        ] GC(13) ParOldGen: 232938K(232960K)->234131K(234496K)
[254.729s][info ][gc,metaspace   ] GC(13) Metaspace: 104903K(106112K)->104903K(106112K) NonClass: 88856K(89536K)->88856K(89536K) Class: 16047K(16576K)->16047K(16576K)
[254.729s][info ][gc             ] GC(13) Pause Young (Allocation Failure) 1753M->231M(2007M) 2.952ms
[254.729s][info ][gc,cpu         ] GC(13) User=0.01s Sys=0.00s Real=0.00s
[254.729s][info ][safepoint      ] Safepoint "ParallelGCFailedAllocation", Time since last: 504374030 ns, Reaching safepoint: 81301 ns, Cleanup: 12200 ns, At safepoint: 3009531 ns, Total: 3103032 ns
[255.729s][info ][safepoint      ] Safepoint "Cleanup", Time since last: 1000102671 ns, Reaching safepoint: 5400 ns, Cleanup: 18100 ns, At safepoint: 1700 ns, Total: 25200 ns
[256.729s][info ][safepoint      ] Safepoint "Cleanup", Time since last: 1000127272 ns, Reaching safepoint: 5300 ns, Cleanup: 17700 ns, At safepoint: 2300 ns, Total: 25300 ns
[257.729s][info ][safepoint      ] Safepoint "Cleanup", Time since last: 1000106372 ns, Reaching safepoint: 4900 ns, Cleanup: 15100 ns, At safepoint: 1500 ns, Total: 21500 ns
[258.626s][info ][gc,start       ] GC(14) Pause Young (CodeCache GC Threshold)
[258.628s][debug][gc,phases      ] GC(14) Scavenge 2.451ms
[258.628s][debug][gc,ref         ] GC(14) Skipped SoftWeakFinalRefsPhase of Reference Processing: no references
[258.628s][debug][gc,ref         ] GC(14) Skipped KeepAliveFinalRefsPhase of Reference Processing: no references
[258.628s][debug][gc,ref         ] GC(14) Skipped PhantomRefsPhase of Reference Processing: no references
[258.628s][debug][gc,phases      ] GC(14) Reference Processing 0.017ms
[258.628s][debug][gc,phases      ] GC(14)   VM Weak                        Min:  0.0, Avg:  0.0, Max:  0.0, Diff:  0.0, Sum:  0.0, Workers: 4
[258.628s][debug][gc,phases      ] GC(14)     Dead                           Min: 0, Avg:  0.0, Max: 0, Diff: 0, Sum: 0, Workers: 4
[258.628s][debug][gc,phases      ] GC(14)     Total                          Min: 0, Avg: 226.0, Max: 648, Diff: 648, Sum: 904, Workers: 4
[258.628s][debug][gc,phases      ] GC(14)   ObjectSynchronizer Weak        Min:  0.0, Avg:  0.0, Max:  0.0, Diff:  0.0, Sum:  0.0, Workers: 4
[258.628s][debug][gc,phases      ] GC(14)     Dead                           Min: 0, Avg:  0.0, Max: 0, Diff: 0, Sum: 0, Workers: 4
[258.628s][debug][gc,phases      ] GC(14)     Total                          Min: 0, Avg:  0.8, Max: 3, Diff: 3, Sum: 3, Workers: 4
[258.628s][debug][gc,phases      ] GC(14)   JVMTI Tag Weak OopStorage      Min:  0.0, Avg:  0.0, Max:  0.0, Diff:  0.0, Sum:  0.0, Workers: 4
[258.628s][debug][gc,phases      ] GC(14)     Dead                           Min: 0, Avg:  0.0, Max: 0, Diff: 0, Sum: 0, Workers: 4
[258.628s][debug][gc,phases      ] GC(14)     Total                          Min: 0, Avg:  0.0, Max: 0, Diff: 0, Sum: 0, Workers: 4
[258.628s][debug][gc,phases      ] GC(14)   StringTable Weak               Min:  0.0, Avg:  0.1, Max:  0.1, Diff:  0.1, Sum:  0.4, Workers: 4
[258.628s][debug][gc,phases      ] GC(14)     Dead                           Min: 0, Avg:  0.0, Max: 0, Diff: 0, Sum: 0, Workers: 4
[258.628s][debug][gc,phases      ] GC(14)     Total                          Min: 0, Avg: 11792.8, Max: 20099, Diff: 20099, Sum: 47171, Workers: 4
[258.628s][debug][gc,phases      ] GC(14)   ResolvedMethodTable Weak       Min:  0.0, Avg:  0.0, Max:  0.0, Diff:  0.0, Sum:  0.1, Workers: 4
[258.628s][debug][gc,phases      ] GC(14)     Dead                           Min: 0, Avg:  0.0, Max: 0, Diff: 0, Sum: 0, Workers: 4
[258.628s][debug][gc,phases      ] GC(14)     Total                          Min: 0, Avg: 3729.8, Max: 6312, Diff: 6312, Sum: 14919, Workers: 4
[258.628s][debug][gc,phases      ] GC(14)   JNI Weak                       Min:  0.0, Avg:  0.0, Max:  0.0, Diff:  0.0, Sum:  0.0, Workers: 4
[258.628s][debug][gc,phases      ] GC(14)     Dead                           Min: 0, Avg:  0.0, Max: 0, Diff: 0, Sum: 0, Workers: 4
[258.628s][debug][gc,phases      ] GC(14)     Total                          Min: 0, Avg: 13.0, Max: 52, Diff: 52, Sum: 52, Workers: 4
[258.628s][debug][gc,phases      ] GC(14)   StringDedup Table Weak         Min:  0.0, Avg:  0.0, Max:  0.0, Diff:  0.0, Sum:  0.0, Workers: 4
[258.628s][debug][gc,phases      ] GC(14)     Dead                           Min: 0, Avg:  0.0, Max: 0, Diff: 0, Sum: 0, Workers: 4
[258.628s][debug][gc,phases      ] GC(14)     Total                          Min: 0, Avg:  0.0, Max: 0, Diff: 0, Sum: 0, Workers: 4
[258.628s][debug][gc,phases      ] GC(14)   StringDedup Requests0 Weak     Min:  0.0, Avg:  0.0, Max:  0.0, Diff:  0.0, Sum:  0.0, Workers: 4
[258.628s][debug][gc,phases      ] GC(14)     Dead                           Min: 0, Avg:  0.0, Max: 0, Diff: 0, Sum: 0, Workers: 4
[258.628s][debug][gc,phases      ] GC(14)     Total                          Min: 0, Avg:  0.0, Max: 0, Diff: 0, Sum: 0, Workers: 4
[258.628s][debug][gc,phases      ] GC(14)   StringDedup Requests1 Weak     Min:  0.0, Avg:  0.0, Max:  0.0, Diff:  0.0, Sum:  0.0, Workers: 4
[258.628s][debug][gc,phases      ] GC(14)     Dead                           Min: 0, Avg:  0.0, Max: 0, Diff: 0, Sum: 0, Workers: 4
[258.628s][debug][gc,phases      ] GC(14)     Total                          Min: 0, Avg:  0.0, Max: 0, Diff: 0, Sum: 0, Workers: 4
[258.628s][debug][gc,phases      ] GC(14)   Weak JFR Old Object Samples    Min:  0.0, Avg:  0.0, Max:  0.0, Diff:  0.0, Sum:  0.0, Workers: 4
[258.628s][debug][gc,phases      ] GC(14)     Dead                           Min: 0, Avg:  0.0, Max: 0, Diff: 0, Sum: 0, Workers: 4
[258.628s][debug][gc,phases      ] GC(14)     Total                          Min: 0, Avg:  0.0, Max: 0, Diff: 0, Sum: 0, Workers: 4
[258.628s][debug][gc,phases      ] GC(14) Weak Processing 0.343ms
[258.628s][debug][gc,age         ] GC(14) Desired survivor size 280494080 bytes, new threshold 1 (max threshold 15)
[258.628s][info ][gc,heap        ] GC(14) PSYoungGen: 145015K(1821184K)->704K(1823232K) Eden: 142055K(1549312K)->0K(1549312K) From: 2960K(271872K)->704K(273920K)
[258.628s][info ][gc,heap        ] GC(14) ParOldGen: 234131K(234496K)->236319K(236544K)
[258.628s][info ][gc,metaspace   ] GC(14) Metaspace: 104913K(106112K)->104913K(106112K) NonClass: 88866K(89536K)->88866K(89536K) Class: 16047K(16576K)->16047K(16576K)
[258.628s][info ][gc             ] GC(14) Pause Young (CodeCache GC Threshold) 370M->231M(2011M) 2.900ms
[258.628s][info ][gc,cpu         ] GC(14) User=0.01s Sys=0.00s Real=0.00s
[258.628s][debug][gc,phases      ] GC(15) Pre Compact 0.006ms
[258.628s][info ][gc,start       ] GC(15) Pause Full (CodeCache GC Threshold)
[258.628s][info ][gc,phases,start] GC(15) Marking Phase
[258.701s][debug][gc,phases      ] GC(15) Par Mark 72.619ms
[258.701s][debug][gc,ref         ] GC(15) ReferenceProcessor::execute queues: 3, RefProcThreadModel::Multi, marks_oops_alive: false
[258.701s][debug][gc,ref         ] GC(15) Skipped KeepAliveFinalRefsPhase of Reference Processing: no references
[258.701s][debug][gc,ref         ] GC(15) ReferenceProcessor::execute queues: 1, RefProcThreadModel::Single, marks_oops_alive: false
[258.701s][debug][gc,phases      ] GC(15) Reference Processing 0.358ms
[258.702s][debug][gc,phases      ] GC(15)   VM Weak                        Min:  0.0, Avg:  0.0, Max:  0.0, Diff:  0.0, Sum:  0.0, Workers: 4
[258.702s][debug][gc,phases      ] GC(15)     Dead                           Min: 0, Avg:  0.0, Max: 0, Diff: 0, Sum: 0, Workers: 4
[258.702s][debug][gc,phases      ] GC(15)     Total                          Min: 0, Avg: 226.0, Max: 512, Diff: 512, Sum: 904, Workers: 4
[258.702s][debug][gc,phases      ] GC(15)   ObjectSynchronizer Weak        Min:  0.0, Avg:  0.0, Max:  0.0, Diff:  0.0, Sum:  0.0, Workers: 4
[258.702s][debug][gc,phases      ] GC(15)     Dead                           Min: 0, Avg:  0.0, Max: 0, Diff: 0, Sum: 0, Workers: 4
[258.702s][debug][gc,phases      ] GC(15)     Total                          Min: 0, Avg:  0.8, Max: 3, Diff: 3, Sum: 3, Workers: 4
[258.702s][debug][gc,phases      ] GC(15)   JVMTI Tag Weak OopStorage      Min:  0.0, Avg:  0.0, Max:  0.0, Diff:  0.0, Sum:  0.0, Workers: 4
[258.702s][debug][gc,phases      ] GC(15)     Dead                           Min: 0, Avg:  0.0, Max: 0, Diff: 0, Sum: 0, Workers: 4
[258.702s][debug][gc,phases      ] GC(15)     Total                          Min: 0, Avg:  0.0, Max: 0, Diff: 0, Sum: 0, Workers: 4
[258.702s][debug][gc,phases      ] GC(15)   StringTable Weak               Min:  0.0, Avg:  0.1, Max:  0.2, Diff:  0.2, Sum:  0.5, Workers: 4
[258.702s][debug][gc,phases      ] GC(15)     Dead                           Min: 0, Avg:  0.0, Max: 0, Diff: 0, Sum: 0, Workers: 4
[258.702s][debug][gc,phases      ] GC(15)     Total                          Min: 0, Avg: 11792.8, Max: 17859, Diff: 17859, Sum: 47171, Workers: 4
[258.702s][debug][gc,phases      ] GC(15)   ResolvedMethodTable Weak       Min:  0.0, Avg:  0.0, Max:  0.1, Diff:  0.1, Sum:  0.2, Workers: 4
[258.702s][debug][gc,phases      ] GC(15)     Dead                           Min: 0, Avg:  0.0, Max: 0, Diff: 0, Sum: 0, Workers: 4
[258.702s][debug][gc,phases      ] GC(15)     Total                          Min: 0, Avg: 3729.8, Max: 5789, Diff: 5789, Sum: 14919, Workers: 4
[258.702s][debug][gc,phases      ] GC(15)   JNI Weak                       Min:  0.0, Avg:  0.0, Max:  0.0, Diff:  0.0, Sum:  0.0, Workers: 4
[258.702s][debug][gc,phases      ] GC(15)     Dead                           Min: 0, Avg:  0.0, Max: 0, Diff: 0, Sum: 0, Workers: 4
[258.702s][debug][gc,phases      ] GC(15)     Total                          Min: 0, Avg: 13.0, Max: 52, Diff: 52, Sum: 52, Workers: 4
[258.702s][debug][gc,phases      ] GC(15)   StringDedup Table Weak         Min:  0.0, Avg:  0.0, Max:  0.0, Diff:  0.0, Sum:  0.0, Workers: 4
[258.702s][debug][gc,phases      ] GC(15)     Dead                           Min: 0, Avg:  0.0, Max: 0, Diff: 0, Sum: 0, Workers: 4
[258.702s][debug][gc,phases      ] GC(15)     Total                          Min: 0, Avg:  0.0, Max: 0, Diff: 0, Sum: 0, Workers: 4
[258.702s][debug][gc,phases      ] GC(15)   StringDedup Requests0 Weak     Min:  0.0, Avg:  0.0, Max:  0.0, Diff:  0.0, Sum:  0.0, Workers: 4
[258.702s][debug][gc,phases      ] GC(15)     Dead                           Min: 0, Avg:  0.0, Max: 0, Diff: 0, Sum: 0, Workers: 4
[258.702s][debug][gc,phases      ] GC(15)     Total                          Min: 0, Avg:  0.0, Max: 0, Diff: 0, Sum: 0, Workers: 4
[258.702s][debug][gc,phases      ] GC(15)   StringDedup Requests1 Weak     Min:  0.0, Avg:  0.0, Max:  0.0, Diff:  0.0, Sum:  0.0, Workers: 4
[258.702s][debug][gc,phases      ] GC(15)     Dead                           Min: 0, Avg:  0.0, Max: 0, Diff: 0, Sum: 0, Workers: 4
[258.702s][debug][gc,phases      ] GC(15)     Total                          Min: 0, Avg:  0.0, Max: 0, Diff: 0, Sum: 0, Workers: 4
[258.702s][debug][gc,phases      ] GC(15)   Weak JFR Old Object Samples    Min:  0.0, Avg:  0.0, Max:  0.0, Diff:  0.0, Sum:  0.0, Workers: 4
[258.702s][debug][gc,phases      ] GC(15)     Dead                           Min: 0, Avg:  0.0, Max: 0, Diff: 0, Sum: 0, Workers: 4
[258.702s][debug][gc,phases      ] GC(15)     Total                          Min: 0, Avg:  0.0, Max: 0, Diff: 0, Sum: 0, Workers: 4
[258.702s][debug][gc,phases      ] GC(15) Weak Processing 0.421ms
[258.702s][debug][gc,phases      ] GC(15) ClassLoaderData 0.107ms
[258.702s][debug][gc,phases      ] GC(15) Trigger cleanups 0.000ms
[258.741s][debug][gc,phases      ] GC(15) Purge Unlinked NMethods 0.929ms
[258.741s][debug][gc,phases      ] GC(15) Unregister NMethods 0.001ms
[258.741s][debug][gc,phases      ] GC(15) Free Code Blobs 0.137ms
[258.741s][debug][gc,phases      ] GC(15) Class Unloading 39.118ms
[258.741s][debug][gc,phases      ] GC(15) Report Object Count 0.001ms
[258.741s][info ][gc,phases      ] GC(15) Marking Phase 112.572ms
[258.741s][info ][gc,phases,start] GC(15) Summary Phase
[258.741s][info ][gc,phases      ] GC(15) Summary Phase 0.009ms
[258.741s][info ][gc,phases,start] GC(15) Adjust Roots
[258.760s][info ][gc,phases      ] GC(15) Adjust Roots 19.029ms
[258.760s][info ][gc,phases,start] GC(15) Compaction Phase
[258.858s][info ][gc,phases      ] GC(15) Compaction Phase 97.577ms
[258.858s][info ][gc,phases,start] GC(15) Post Compact
[258.859s][debug][gc,phases      ] GC(15) Purge Class Loader Data 0.310ms
[258.859s][info ][gc,phases      ] GC(15) Post Compact 1.189ms
[258.859s][info ][gc,heap        ] GC(15) PSYoungGen: 704K(1823232K)->0K(1823232K) Eden: 0K(1549312K)->0K(1549312K) From: 704K(273920K)->0K(273920K)
[258.859s][info ][gc,heap        ] GC(15) ParOldGen: 236319K(236544K)->228980K(236544K)
[258.859s][info ][gc,metaspace   ] GC(15) Metaspace: 104913K(106112K)->104913K(106112K) NonClass: 88866K(89536K)->88866K(89536K) Class: 16047K(16576K)->16047K(16576K)
[258.859s][info ][gc             ] GC(15) Pause Full (CodeCache GC Threshold) 231M->223M(2011M) 230.482ms
[258.859s][info ][gc,cpu         ] GC(15) User=0.74s Sys=0.02s Real=0.23s
[258.859s][info ][safepoint      ] Safepoint "ParallelGCSystemGC", Time since last: 895932012 ns, Reaching safepoint: 80301 ns, Cleanup: 8900 ns, At safepoint: 233487474 ns, Total: 233576675 ns
[259.859s][info ][safepoint      ] Safepoint "Cleanup", Time since last: 1000105502 ns, Reaching safepoint: 5600 ns, Cleanup: 78601 ns, At safepoint: 6500 ns, Total: 90701 ns
[260.859s][info ][safepoint      ] Safepoint "Cleanup", Time since last: 1000137887 ns, Reaching safepoint: 6101 ns, Cleanup: 18100 ns, At safepoint: 2000 ns, Total: 26201 ns
[261.859s][info ][safepoint      ] Safepoint "Cleanup", Time since last: 1000143687 ns, Reaching safepoint: 5600 ns, Cleanup: 14800 ns, At safepoint: 2100 ns, Total: 22500 ns
[263.860s][info ][safepoint      ] Safepoint "Cleanup", Time since last: 2000203175 ns, Reaching safepoint: 5700 ns, Cleanup: 13900 ns, At safepoint: 1900 ns, Total: 21500 ns
[265.479s][info ][safepoint      ] Safepoint "ICBufferFull", Time since last: 1619529635 ns, Reaching safepoint: 6400 ns, Cleanup: 155801 ns, At safepoint: 6500 ns, Total: 168701 ns
[266.480s][info ][safepoint      ] Safepoint "Cleanup", Time since last: 1000127588 ns, Reaching safepoint: 81500 ns, Cleanup: 25301 ns, At safepoint: 6500 ns, Total: 113301 ns
[267.480s][info ][safepoint      ] Safepoint "Cleanup", Time since last: 1000119418 ns, Reaching safepoint: 5400 ns, Cleanup: 15100 ns, At safepoint: 1700 ns, Total: 22200 ns
[268.480s][info ][safepoint      ] Safepoint "Cleanup", Time since last: 1000107658 ns, Reaching safepoint: 5900 ns, Cleanup: 15600 ns, At safepoint: 1900 ns, Total: 23400 ns
[269.480s][info ][safepoint      ] Safepoint "Cleanup", Time since last: 1000106458 ns, Reaching safepoint: 4800 ns, Cleanup: 6200 ns, At safepoint: 1600 ns, Total: 12600 ns
[270.480s][info ][safepoint      ] Safepoint "Cleanup", Time since last: 1000108058 ns, Reaching safepoint: 5400 ns, Cleanup: 30001 ns, At safepoint: 1900 ns, Total: 37301 ns
[271.480s][info ][safepoint      ] Safepoint "Cleanup", Time since last: 1000121458 ns, Reaching safepoint: 5300 ns, Cleanup: 26100 ns, At safepoint: 1700 ns, Total: 33100 ns
[272.480s][info ][safepoint      ] Safepoint "Cleanup", Time since last: 1000102858 ns, Reaching safepoint: 5000 ns, Cleanup: 16800 ns, At safepoint: 2500 ns, Total: 24300 ns
[273.481s][info ][safepoint      ] Safepoint "Cleanup", Time since last: 1000108758 ns, Reaching safepoint: 6100 ns, Cleanup: 44201 ns, At safepoint: 1900 ns, Total: 52201 ns
[274.481s][info ][safepoint      ] Safepoint "Cleanup", Time since last: 1000102857 ns, Reaching safepoint: 5101 ns, Cleanup: 12900 ns, At safepoint: 1700 ns, Total: 19701 ns
[275.481s][info ][safepoint      ] Safepoint "Cleanup", Time since last: 1000125566 ns, Reaching safepoint: 5400 ns, Cleanup: 16400 ns, At safepoint: 1700 ns, Total: 23500 ns
[277.481s][info ][safepoint      ] Safepoint "Cleanup", Time since last: 2000183155 ns, Reaching safepoint: 5300 ns, Cleanup: 9400 ns, At safepoint: 1601 ns, Total: 16301 ns
[278.481s][info ][safepoint      ] Safepoint "Cleanup", Time since last: 1000139977 ns, Reaching safepoint: 6300 ns, Cleanup: 16201 ns, At safepoint: 2200 ns, Total: 24701 ns
[279.481s][info ][safepoint      ] Safepoint "Cleanup", Time since last: 1000136678 ns, Reaching safepoint: 5600 ns, Cleanup: 9100 ns, At safepoint: 2000 ns, Total: 16700 ns
[280.482s][info ][safepoint      ] Safepoint "Cleanup", Time since last: 1000133378 ns, Reaching safepoint: 5800 ns, Cleanup: 8400 ns, At safepoint: 2000 ns, Total: 16200 ns
[281.482s][info ][safepoint      ] Safepoint "Cleanup", Time since last: 1000129178 ns, Reaching safepoint: 5700 ns, Cleanup: 93601 ns, At safepoint: 2400 ns, Total: 101701 ns
[282.482s][info ][safepoint      ] Safepoint "Cleanup", Time since last: 1000108977 ns, Reaching safepoint: 5600 ns, Cleanup: 34101 ns, At safepoint: 2300 ns, Total: 42001 ns
[283.482s][info ][safepoint      ] Safepoint "Cleanup", Time since last: 1000120499 ns, Reaching safepoint: 5501 ns, Cleanup: 31200 ns, At safepoint: 2300 ns, Total: 39001 ns
[284.482s][info ][safepoint      ] Safepoint "Cleanup", Time since last: 1000109792 ns, Reaching safepoint: 5000 ns, Cleanup: 14100 ns, At safepoint: 1700 ns, Total: 20800 ns
[285.482s][info ][safepoint      ] Safepoint "Cleanup", Time since last: 1000099492 ns, Reaching safepoint: 5600 ns, Cleanup: 12900 ns, At safepoint: 2200 ns, Total: 20700 ns
[286.482s][info ][safepoint      ] Safepoint "Cleanup", Time since last: 1000109592 ns, Reaching safepoint: 7100 ns, Cleanup: 10600 ns, At safepoint: 3300 ns, Total: 21000 ns
[287.483s][info ][safepoint      ] Safepoint "Cleanup", Time since last: 1000117293 ns, Reaching safepoint: 237902 ns, Cleanup: 12100 ns, At safepoint: 10600 ns, Total: 260602 ns
[288.483s][info ][safepoint      ] Safepoint "Cleanup", Time since last: 1000105492 ns, Reaching safepoint: 79901 ns, Cleanup: 93601 ns, At safepoint: 9500 ns, Total: 183002 ns
[289.483s][info ][safepoint      ] Safepoint "Cleanup", Time since last: 1000104992 ns, Reaching safepoint: 5900 ns, Cleanup: 18800 ns, At safepoint: 2500 ns, Total: 27200 ns
[290.519s][info ][safepoint      ] Safepoint "Cleanup", Time since last: 1035415145 ns, Reaching safepoint: 5500 ns, Cleanup: 29700 ns, At safepoint: 2200 ns, Total: 37400 ns
[292.268s][info ][safepoint      ] Safepoint "Cleanup", Time since last: 1748975666 ns, Reaching safepoint: 6001 ns, Cleanup: 18600 ns, At safepoint: 2300 ns, Total: 26901 ns
[293.321s][info ][safepoint      ] Safepoint "Cleanup", Time since last: 1053191092 ns, Reaching safepoint: 6300 ns, Cleanup: 11300 ns, At safepoint: 3300 ns, Total: 20900 ns
[294.321s][info ][safepoint      ] Safepoint "Cleanup", Time since last: 1000112553 ns, Reaching safepoint: 6400 ns, Cleanup: 66201 ns, At safepoint: 2900 ns, Total: 75501 ns
[294.935s][info ][gc,start       ] GC(16) Pause Young (Allocation Failure)
[294.944s][debug][gc,phases      ] GC(16) Scavenge 9.035ms
[294.944s][debug][gc,ref         ] GC(16) ReferenceProcessor::execute queues: 1, RefProcThreadModel::Single, marks_oops_alive: false
[294.944s][debug][gc,ref         ] GC(16) Skipped KeepAliveFinalRefsPhase of Reference Processing: no references
[294.944s][debug][gc,ref         ] GC(16) ReferenceProcessor::execute queues: 1, RefProcThreadModel::Single, marks_oops_alive: false
[294.944s][debug][gc,phases      ] GC(16) Reference Processing 0.142ms
[294.945s][debug][gc,phases      ] GC(16)   VM Weak                        Min:  0.0, Avg:  0.0, Max:  0.0, Diff:  0.0, Sum:  0.0, Workers: 4
[294.945s][debug][gc,phases      ] GC(16)     Dead                           Min: 0, Avg:  0.0, Max: 0, Diff: 0, Sum: 0, Workers: 4
[294.945s][debug][gc,phases      ] GC(16)     Total                          Min: 0, Avg: 230.5, Max: 730, Diff: 730, Sum: 922, Workers: 4
[294.945s][debug][gc,phases      ] GC(16)   ObjectSynchronizer Weak        Min:  0.0, Avg:  0.0, Max:  0.0, Diff:  0.0, Sum:  0.0, Workers: 4
[294.945s][debug][gc,phases      ] GC(16)     Dead                           Min: 0, Avg:  0.0, Max: 0, Diff: 0, Sum: 0, Workers: 4
[294.945s][debug][gc,phases      ] GC(16)     Total                          Min: 0, Avg:  1.2, Max: 5, Diff: 5, Sum: 5, Workers: 4
[294.945s][debug][gc,phases      ] GC(16)   JVMTI Tag Weak OopStorage      Min:  0.0, Avg:  0.0, Max:  0.0, Diff:  0.0, Sum:  0.0, Workers: 4
[294.945s][debug][gc,phases      ] GC(16)     Dead                           Min: 0, Avg:  0.0, Max: 0, Diff: 0, Sum: 0, Workers: 4
[294.945s][debug][gc,phases      ] GC(16)     Total                          Min: 0, Avg:  0.0, Max: 0, Diff: 0, Sum: 0, Workers: 4
[294.945s][debug][gc,phases      ] GC(16)   StringTable Weak               Min:  0.1, Avg:  0.2, Max:  0.2, Diff:  0.1, Sum:  0.7, Workers: 4
[294.945s][debug][gc,phases      ] GC(16)     Dead                           Min: 0, Avg:  0.2, Max: 1, Diff: 1, Sum: 1, Workers: 4
[294.945s][debug][gc,phases      ] GC(16)     Total                          Min: 1280, Avg: 11852.0, Max: 16448, Diff: 15168, Sum: 47408, Workers: 4
[294.945s][debug][gc,phases      ] GC(16)   ResolvedMethodTable Weak       Min:  0.0, Avg:  0.0, Max:  0.1, Diff:  0.1, Sum:  0.1, Workers: 4
[294.945s][debug][gc,phases      ] GC(16)     Dead                           Min: 0, Avg: 17.8, Max: 36, Diff: 36, Sum: 71, Workers: 4
[294.945s][debug][gc,phases      ] GC(16)     Total                          Min: 0, Avg: 3786.8, Max: 5601, Diff: 5601, Sum: 15147, Workers: 4
[294.945s][debug][gc,phases      ] GC(16)   JNI Weak                       Min:  0.0, Avg:  0.0, Max:  0.0, Diff:  0.0, Sum:  0.0, Workers: 4
[294.945s][debug][gc,phases      ] GC(16)     Dead                           Min: 0, Avg:  0.0, Max: 0, Diff: 0, Sum: 0, Workers: 4
[294.945s][debug][gc,phases      ] GC(16)     Total                          Min: 0, Avg: 13.0, Max: 52, Diff: 52, Sum: 52, Workers: 4
[294.945s][debug][gc,phases      ] GC(16)   StringDedup Table Weak         Min:  0.0, Avg:  0.0, Max:  0.0, Diff:  0.0, Sum:  0.0, Workers: 4
[294.945s][debug][gc,phases      ] GC(16)     Dead                           Min: 0, Avg:  0.0, Max: 0, Diff: 0, Sum: 0, Workers: 4
[294.945s][debug][gc,phases      ] GC(16)     Total                          Min: 0, Avg:  0.0, Max: 0, Diff: 0, Sum: 0, Workers: 4
[294.945s][debug][gc,phases      ] GC(16)   StringDedup Requests0 Weak     Min:  0.0, Avg:  0.0, Max:  0.0, Diff:  0.0, Sum:  0.0, Workers: 4
[294.945s][debug][gc,phases      ] GC(16)     Dead                           Min: 0, Avg:  0.0, Max: 0, Diff: 0, Sum: 0, Workers: 4
[294.945s][debug][gc,phases      ] GC(16)     Total                          Min: 0, Avg:  0.0, Max: 0, Diff: 0, Sum: 0, Workers: 4
[294.945s][debug][gc,phases      ] GC(16)   StringDedup Requests1 Weak     Min:  0.0, Avg:  0.0, Max:  0.0, Diff:  0.0, Sum:  0.0, Workers: 4
[294.945s][debug][gc,phases      ] GC(16)     Dead                           Min: 0, Avg:  0.0, Max: 0, Diff: 0, Sum: 0, Workers: 4
[294.945s][debug][gc,phases      ] GC(16)     Total                          Min: 0, Avg:  0.0, Max: 0, Diff: 0, Sum: 0, Workers: 4
[294.945s][debug][gc,phases      ] GC(16)   Weak JFR Old Object Samples    Min:  0.0, Avg:  0.0, Max:  0.0, Diff:  0.0, Sum:  0.0, Workers: 4
[294.945s][debug][gc,phases      ] GC(16)     Dead                           Min: 0, Avg:  0.0, Max: 0, Diff: 0, Sum: 0, Workers: 4
[294.945s][debug][gc,phases      ] GC(16)     Total                          Min: 0, Avg:  0.0, Max: 0, Diff: 0, Sum: 0, Workers: 4
[294.945s][debug][gc,phases      ] GC(16) Weak Processing 0.483ms
[294.945s][debug][gc,age         ] GC(16) Desired survivor size 274202624 bytes, new threshold 1 (max threshold 15)
[294.945s][info ][gc,heap        ] GC(16) PSYoungGen: 1549312K(1823232K)->18576K(1829376K) Eden: 1549312K(1549312K)->0K(1555456K) From: 0K(273920K)->18576K(273920K)
[294.945s][info ][gc,heap        ] GC(16) ParOldGen: 228980K(236544K)->228988K(236544K)
[294.945s][info ][gc,metaspace   ] GC(16) Metaspace: 105479K(106752K)->105479K(106752K) NonClass: 89343K(90048K)->89343K(90048K) Class: 16136K(16704K)->16136K(16704K)
[294.945s][info ][gc             ] GC(16) Pause Young (Allocation Failure) 1736M->241M(2017M) 9.777ms
[294.945s][info ][gc,cpu         ] GC(16) User=0.03s Sys=0.00s Real=0.01s
[294.945s][info ][safepoint      ] Safepoint "ParallelGCFailedAllocation", Time since last: 613643329 ns, Reaching safepoint: 85001 ns, Cleanup: 25301 ns, At safepoint: 9886400 ns, Total: 9996702 ns
[295.945s][info ][safepoint      ] Safepoint "Cleanup", Time since last: 1000103353 ns, Reaching safepoint: 6400 ns, Cleanup: 12000 ns, At safepoint: 2500 ns, Total: 20900 ns
[297.945s][info ][safepoint      ] Safepoint "Cleanup", Time since last: 2000172006 ns, Reaching safepoint: 6200 ns, Cleanup: 21600 ns, At safepoint: 2500 ns, Total: 30300 ns
[298.945s][info ][safepoint      ] Safepoint "Cleanup", Time since last: 1000096753 ns, Reaching safepoint: 7000 ns, Cleanup: 8400 ns, At safepoint: 2400 ns, Total: 17800 ns
[299.945s][info ][safepoint      ] Safepoint "Cleanup", Time since last: 1000104369 ns, Reaching safepoint: 5900 ns, Cleanup: 10300 ns, At safepoint: 2200 ns, Total: 18400 ns
[301.149s][info ][safepoint      ] Safepoint "Cleanup", Time since last: 1203398699 ns, Reaching safepoint: 15000 ns, Cleanup: 77401 ns, At safepoint: 3300 ns, Total: 95701 ns
[302.149s][info ][safepoint      ] Safepoint "Cleanup", Time since last: 1000121774 ns, Reaching safepoint: 6200 ns, Cleanup: 55900 ns, At safepoint: 3500 ns, Total: 65600 ns
[303.149s][info ][safepoint      ] Safepoint "Cleanup", Time since last: 1000111574 ns, Reaching safepoint: 6700 ns, Cleanup: 29000 ns, At safepoint: 2300 ns, Total: 38000 ns
[304.149s][info ][safepoint      ] Safepoint "Cleanup", Time since last: 1000108274 ns, Reaching safepoint: 5500 ns, Cleanup: 14600 ns, At safepoint: 1800 ns, Total: 21900 ns
[305.149s][info ][safepoint      ] Safepoint "Cleanup", Time since last: 1000128173 ns, Reaching safepoint: 5700 ns, Cleanup: 11900 ns, At safepoint: 2400 ns, Total: 20000 ns
[306.150s][info ][safepoint      ] Safepoint "Cleanup", Time since last: 1000107311 ns, Reaching safepoint: 6200 ns, Cleanup: 8300 ns, At safepoint: 2500 ns, Total: 17000 ns
[308.150s][info ][safepoint      ] Safepoint "Cleanup", Time since last: 2000207154 ns, Reaching safepoint: 6900 ns, Cleanup: 20200 ns, At safepoint: 2200 ns, Total: 29300 ns
[309.150s][info ][safepoint      ] Safepoint "Cleanup", Time since last: 1000126921 ns, Reaching safepoint: 6500 ns, Cleanup: 9100 ns, At safepoint: 2400 ns, Total: 18000 ns
[310.150s][info ][safepoint      ] Safepoint "Cleanup", Time since last: 1000122621 ns, Reaching safepoint: 6500 ns, Cleanup: 10000 ns, At safepoint: 2400 ns, Total: 18900 ns
[311.150s][info ][safepoint      ] Safepoint "Cleanup", Time since last: 1000106920 ns, Reaching safepoint: 6000 ns, Cleanup: 7700 ns, At safepoint: 1800 ns, Total: 15500 ns
[312.150s][info ][safepoint      ] Safepoint "Cleanup", Time since last: 1000113921 ns, Reaching safepoint: 6200 ns, Cleanup: 12000 ns, At safepoint: 2500 ns, Total: 20700 ns
[313.150s][info ][safepoint      ] Safepoint "Cleanup", Time since last: 1000103120 ns, Reaching safepoint: 5900 ns, Cleanup: 9000 ns, At safepoint: 1800 ns, Total: 16700 ns
[314.151s][info ][safepoint      ] Safepoint "Cleanup", Time since last: 1000117721 ns, Reaching safepoint: 5500 ns, Cleanup: 7000 ns, At safepoint: 2000 ns, Total: 14500 ns
[314.774s][info ][safepoint      ] Safepoint "ICBufferFull", Time since last: 620837383 ns, Reaching safepoint: 2325623 ns, Cleanup: 155302 ns, At safepoint: 13200 ns, Total: 2494125 ns
[315.775s][info ][safepoint      ] Safepoint "Cleanup", Time since last: 1000473627 ns, Reaching safepoint: 90201 ns, Cleanup: 21701 ns, At safepoint: 6400 ns, Total: 118302 ns
[316.775s][info ][safepoint      ] Safepoint "Cleanup", Time since last: 1000119426 ns, Reaching safepoint: 84700 ns, Cleanup: 34901 ns, At safepoint: 10800 ns, Total: 130401 ns
[317.775s][info ][safepoint      ] Safepoint "Cleanup", Time since last: 1000105426 ns, Reaching safepoint: 83500 ns, Cleanup: 21301 ns, At safepoint: 10900 ns, Total: 115701 ns
[318.776s][info ][safepoint      ] Safepoint "Cleanup", Time since last: 1000562530 ns, Reaching safepoint: 96601 ns, Cleanup: 12700 ns, At safepoint: 6400 ns, Total: 115701 ns
[319.776s][info ][safepoint      ] Safepoint "Cleanup", Time since last: 1000109826 ns, Reaching safepoint: 81301 ns, Cleanup: 9100 ns, At safepoint: 6900 ns, Total: 97301 ns
[320.776s][info ][safepoint      ] Safepoint "Cleanup", Time since last: 1000135426 ns, Reaching safepoint: 82401 ns, Cleanup: 8400 ns, At safepoint: 6700 ns, Total: 97501 ns
[321.776s][info ][safepoint      ] Safepoint "Cleanup", Time since last: 1000130726 ns, Reaching safepoint: 82601 ns, Cleanup: 62400 ns, At safepoint: 6801 ns, Total: 151802 ns
[322.777s][info ][safepoint      ] Safepoint "Cleanup", Time since last: 1000108525 ns, Reaching safepoint: 77501 ns, Cleanup: 9000 ns, At safepoint: 5400 ns, Total: 91901 ns
[323.777s][info ][safepoint      ] Safepoint "Cleanup", Time since last: 1000102608 ns, Reaching safepoint: 60700 ns, Cleanup: 12100 ns, At safepoint: 5700 ns, Total: 78500 ns
[324.777s][info ][safepoint      ] Safepoint "Cleanup", Time since last: 1000110198 ns, Reaching safepoint: 81601 ns, Cleanup: 47800 ns, At safepoint: 6300 ns, Total: 135701 ns
[325.777s][info ][safepoint      ] Safepoint "Cleanup", Time since last: 1000120498 ns, Reaching safepoint: 85401 ns, Cleanup: 24600 ns, At safepoint: 6900 ns, Total: 116901 ns
[326.778s][info ][safepoint      ] Safepoint "Cleanup", Time since last: 1000124398 ns, Reaching safepoint: 83601 ns, Cleanup: 7500 ns, At safepoint: 7100 ns, Total: 98201 ns
[327.778s][info ][safepoint      ] Safepoint "Cleanup", Time since last: 1000093198 ns, Reaching safepoint: 80400 ns, Cleanup: 29301 ns, At safepoint: 6600 ns, Total: 116301 ns
[328.778s][info ][safepoint      ] Safepoint "Cleanup", Time since last: 1000101397 ns, Reaching safepoint: 77801 ns, Cleanup: 17600 ns, At safepoint: 5300 ns, Total: 100701 ns
[329.778s][info ][safepoint      ] Safepoint "Cleanup", Time since last: 1000106898 ns, Reaching safepoint: 80201 ns, Cleanup: 11800 ns, At safepoint: 6600 ns, Total: 98601 ns
[330.778s][info ][safepoint      ] Safepoint "Cleanup", Time since last: 1000111298 ns, Reaching safepoint: 79101 ns, Cleanup: 7700 ns, At safepoint: 8000 ns, Total: 94801 ns
[331.779s][info ][safepoint      ] Safepoint "Cleanup", Time since last: 1000106811 ns, Reaching safepoint: 81801 ns, Cleanup: 16100 ns, At safepoint: 6200 ns, Total: 104101 ns
[332.779s][info ][safepoint      ] Safepoint "Cleanup", Time since last: 1000113318 ns, Reaching safepoint: 82001 ns, Cleanup: 21600 ns, At safepoint: 21701 ns, Total: 125302 ns
[333.779s][info ][safepoint      ] Safepoint "Cleanup", Time since last: 1000112018 ns, Reaching safepoint: 77001 ns, Cleanup: 8500 ns, At safepoint: 5400 ns, Total: 90901 ns
[336.779s][info ][safepoint      ] Safepoint "Cleanup", Time since last: 3000258755 ns, Reaching safepoint: 81901 ns, Cleanup: 9000 ns, At safepoint: 6200 ns, Total: 97101 ns
[337.780s][info ][safepoint      ] Safepoint "Cleanup", Time since last: 1000119718 ns, Reaching safepoint: 79501 ns, Cleanup: 15100 ns, At safepoint: 5500 ns, Total: 100101 ns
[338.325s][info ][gc,start       ] GC(17) Pause Young (Allocation Failure)
[338.336s][debug][gc,phases      ] GC(17) Scavenge 10.189ms
[338.336s][debug][gc,ref         ] GC(17) ReferenceProcessor::execute queues: 1, RefProcThreadModel::Single, marks_oops_alive: false
[338.336s][debug][gc,ref         ] GC(17) Skipped KeepAliveFinalRefsPhase of Reference Processing: no references
[338.336s][debug][gc,ref         ] GC(17) ReferenceProcessor::execute queues: 1, RefProcThreadModel::Single, marks_oops_alive: false
[338.336s][debug][gc,phases      ] GC(17) Reference Processing 0.139ms
[338.336s][debug][gc,phases      ] GC(17)   VM Weak                        Min:  0.0, Avg:  0.0, Max:  0.0, Diff:  0.0, Sum:  0.0, Workers: 4
[338.336s][debug][gc,phases      ] GC(17)     Dead                           Min: 0, Avg:  0.0, Max: 0, Diff: 0, Sum: 0, Workers: 4
[338.336s][debug][gc,phases      ] GC(17)     Total                          Min: 0, Avg: 233.8, Max: 768, Diff: 768, Sum: 935, Workers: 4
[338.336s][debug][gc,phases      ] GC(17)   ObjectSynchronizer Weak        Min:  0.0, Avg:  0.0, Max:  0.0, Diff:  0.0, Sum:  0.0, Workers: 4
[338.336s][debug][gc,phases      ] GC(17)     Dead                           Min: 0, Avg:  0.0, Max: 0, Diff: 0, Sum: 0, Workers: 4
[338.336s][debug][gc,phases      ] GC(17)     Total                          Min: 0, Avg:  1.0, Max: 4, Diff: 4, Sum: 4, Workers: 4
[338.336s][debug][gc,phases      ] GC(17)   JVMTI Tag Weak OopStorage      Min:  0.0, Avg:  0.0, Max:  0.0, Diff:  0.0, Sum:  0.0, Workers: 4
[338.336s][debug][gc,phases      ] GC(17)     Dead                           Min: 0, Avg:  0.0, Max: 0, Diff: 0, Sum: 0, Workers: 4
[338.336s][debug][gc,phases      ] GC(17)     Total                          Min: 0, Avg:  0.0, Max: 0, Diff: 0, Sum: 0, Workers: 4
[338.336s][debug][gc,phases      ] GC(17)   StringTable Weak               Min:  0.0, Avg:  0.1, Max:  0.1, Diff:  0.1, Sum:  0.4, Workers: 4
[338.336s][debug][gc,phases      ] GC(17)     Dead                           Min: 0, Avg:  0.5, Max: 2, Diff: 2, Sum: 2, Workers: 4
[338.336s][debug][gc,phases      ] GC(17)     Total                          Min: 0, Avg: 11893.2, Max: 20821, Diff: 20821, Sum: 47573, Workers: 4
[338.336s][debug][gc,phases      ] GC(17)   ResolvedMethodTable Weak       Min:  0.0, Avg:  0.0, Max:  0.0, Diff:  0.0, Sum:  0.1, Workers: 4
[338.336s][debug][gc,phases      ] GC(17)     Dead                           Min: 0, Avg: 15.8, Max: 30, Diff: 30, Sum: 63, Workers: 4
[338.336s][debug][gc,phases      ] GC(17)     Total                          Min: 0, Avg: 3828.2, Max: 6599, Diff: 6599, Sum: 15313, Workers: 4
[338.336s][debug][gc,phases      ] GC(17)   JNI Weak                       Min:  0.0, Avg:  0.0, Max:  0.0, Diff:  0.0, Sum:  0.0, Workers: 4
[338.336s][debug][gc,phases      ] GC(17)     Dead                           Min: 0, Avg:  0.0, Max: 0, Diff: 0, Sum: 0, Workers: 4
[338.336s][debug][gc,phases      ] GC(17)     Total                          Min: 0, Avg: 13.0, Max: 52, Diff: 52, Sum: 52, Workers: 4
[338.336s][debug][gc,phases      ] GC(17)   StringDedup Table Weak         Min:  0.0, Avg:  0.0, Max:  0.0, Diff:  0.0, Sum:  0.0, Workers: 4
[338.336s][debug][gc,phases      ] GC(17)     Dead                           Min: 0, Avg:  0.0, Max: 0, Diff: 0, Sum: 0, Workers: 4
[338.336s][debug][gc,phases      ] GC(17)     Total                          Min: 0, Avg:  0.0, Max: 0, Diff: 0, Sum: 0, Workers: 4
[338.336s][debug][gc,phases      ] GC(17)   StringDedup Requests0 Weak     Min:  0.0, Avg:  0.0, Max:  0.0, Diff:  0.0, Sum:  0.0, Workers: 4
[338.336s][debug][gc,phases      ] GC(17)     Dead                           Min: 0, Avg:  0.0, Max: 0, Diff: 0, Sum: 0, Workers: 4
[338.336s][debug][gc,phases      ] GC(17)     Total                          Min: 0, Avg:  0.0, Max: 0, Diff: 0, Sum: 0, Workers: 4
[338.336s][debug][gc,phases      ] GC(17)   StringDedup Requests1 Weak     Min:  0.0, Avg:  0.0, Max:  0.0, Diff:  0.0, Sum:  0.0, Workers: 4
[338.336s][debug][gc,phases      ] GC(17)     Dead                           Min: 0, Avg:  0.0, Max: 0, Diff: 0, Sum: 0, Workers: 4
[338.336s][debug][gc,phases      ] GC(17)     Total                          Min: 0, Avg:  0.0, Max: 0, Diff: 0, Sum: 0, Workers: 4
[338.336s][debug][gc,phases      ] GC(17)   Weak JFR Old Object Samples    Min:  0.0, Avg:  0.0, Max:  0.0, Diff:  0.0, Sum:  0.0, Workers: 4
[338.336s][debug][gc,phases      ] GC(17)     Dead                           Min: 0, Avg:  0.0, Max: 0, Diff: 0, Sum: 0, Workers: 4
[338.336s][debug][gc,phases      ] GC(17)     Total                          Min: 0, Avg:  0.0, Max: 0, Diff: 0, Sum: 0, Workers: 4
[338.336s][debug][gc,phases      ] GC(17) Weak Processing 0.341ms
[338.336s][debug][gc,age         ] GC(17) Desired survivor size 268435456 bytes, new threshold 1 (max threshold 15)
[338.336s][info ][gc,heap        ] GC(17) PSYoungGen: 1574032K(1829376K)->7776K(1823232K) Eden: 1555456K(1555456K)->0K(1555456K) From: 18576K(273920K)->7776K(267776K)
[338.336s][info ][gc,heap        ] GC(17) ParOldGen: 228988K(236544K)->245624K(245760K)
[338.336s][info ][gc,metaspace   ] GC(17) Metaspace: 106083K(107328K)->106083K(107328K) NonClass: 89869K(90560K)->89869K(90560K) Class: 16214K(16768K)->16214K(16768K)
[338.336s][info ][gc             ] GC(17) Pause Young (Allocation Failure) 1760M->247M(2020M) 10.764ms
[338.336s][info ][gc,cpu         ] GC(17) User=0.04s Sys=0.00s Real=0.01s
[338.336s][info ][safepoint      ] Safepoint "ParallelGCFailedAllocation", Time since last: 545743622 ns, Reaching safepoint: 81501 ns, Cleanup: 13000 ns, At safepoint: 10826709 ns, Total: 10921210 ns
[339.336s][info ][safepoint      ] Safepoint "Cleanup", Time since last: 1000076418 ns, Reaching safepoint: 6200 ns, Cleanup: 8000 ns, At safepoint: 2200 ns, Total: 16400 ns
[340.337s][info ][safepoint      ] Safepoint "Cleanup", Time since last: 1000117317 ns, Reaching safepoint: 6400 ns, Cleanup: 67200 ns, At safepoint: 2001 ns, Total: 75601 ns
[341.337s][info ][safepoint      ] Safepoint "Cleanup", Time since last: 1000123516 ns, Reaching safepoint: 7300 ns, Cleanup: 57101 ns, At safepoint: 2400 ns, Total: 66801 ns
[342.337s][info ][safepoint      ] Safepoint "Cleanup", Time since last: 1000124316 ns, Reaching safepoint: 7201 ns, Cleanup: 13000 ns, At safepoint: 8600 ns, Total: 28801 ns
[343.337s][info ][safepoint      ] Safepoint "Cleanup", Time since last: 1000128616 ns, Reaching safepoint: 6800 ns, Cleanup: 7101 ns, At safepoint: 2300 ns, Total: 16201 ns
[344.337s][info ][safepoint      ] Safepoint "Cleanup", Time since last: 1000112116 ns, Reaching safepoint: 6400 ns, Cleanup: 26200 ns, At safepoint: 1900 ns, Total: 34500 ns
[345.337s][info ][safepoint      ] Safepoint "Cleanup", Time since last: 1000114517 ns, Reaching safepoint: 7200 ns, Cleanup: 18600 ns, At safepoint: 2300 ns, Total: 28100 ns
[346.337s][info ][safepoint      ] Safepoint "Cleanup", Time since last: 1000110317 ns, Reaching safepoint: 6500 ns, Cleanup: 39300 ns, At safepoint: 2100 ns, Total: 47900 ns
[347.338s][info ][safepoint      ] Safepoint "Cleanup", Time since last: 1000110515 ns, Reaching safepoint: 6600 ns, Cleanup: 9200 ns, At safepoint: 2200 ns, Total: 18000 ns
[348.338s][info ][safepoint      ] Safepoint "Cleanup", Time since last: 1000100606 ns, Reaching safepoint: 6200 ns, Cleanup: 9400 ns, At safepoint: 1900 ns, Total: 17500 ns
[349.338s][info ][safepoint      ] Safepoint "Cleanup", Time since last: 1000112006 ns, Reaching safepoint: 6600 ns, Cleanup: 25000 ns, At safepoint: 2200 ns, Total: 33800 ns
[350.338s][info ][safepoint      ] Safepoint "Cleanup", Time since last: 1000109606 ns, Reaching safepoint: 6000 ns, Cleanup: 22800 ns, At safepoint: 1900 ns, Total: 30700 ns
[351.338s][info ][safepoint      ] Safepoint "Cleanup", Time since last: 1000113806 ns, Reaching safepoint: 5600 ns, Cleanup: 12200 ns, At safepoint: 1900 ns, Total: 19700 ns
[354.338s][info ][safepoint      ] Safepoint "Cleanup", Time since last: 3000261717 ns, Reaching safepoint: 6100 ns, Cleanup: 9000 ns, At safepoint: 2600 ns, Total: 17700 ns
[355.339s][info ][safepoint      ] Safepoint "Cleanup", Time since last: 1000116802 ns, Reaching safepoint: 6400 ns, Cleanup: 19701 ns, At safepoint: 2100 ns, Total: 28201 ns
[357.339s][info ][safepoint      ] Safepoint "Cleanup", Time since last: 2000187870 ns, Reaching safepoint: 6000 ns, Cleanup: 9400 ns, At safepoint: 1800 ns, Total: 17200 ns
[358.339s][info ][safepoint      ] Safepoint "Cleanup", Time since last: 1000114585 ns, Reaching safepoint: 5700 ns, Cleanup: 24500 ns, At safepoint: 2200 ns, Total: 32400 ns
[359.339s][info ][safepoint      ] Safepoint "Cleanup", Time since last: 1000122286 ns, Reaching safepoint: 6500 ns, Cleanup: 6900 ns, At safepoint: 2000 ns, Total: 15400 ns
[361.172s][info ][safepoint      ] Safepoint "Cleanup", Time since last: 1833209286 ns, Reaching safepoint: 6000 ns, Cleanup: 14800 ns, At safepoint: 1800 ns, Total: 22600 ns
[362.172s][info ][safepoint      ] Safepoint "Cleanup", Time since last: 1000108185 ns, Reaching safepoint: 6700 ns, Cleanup: 49101 ns, At safepoint: 2100 ns, Total: 57901 ns
[363.173s][info ][safepoint      ] Safepoint "Cleanup", Time since last: 1000111685 ns, Reaching safepoint: 6000 ns, Cleanup: 33401 ns, At safepoint: 2200 ns, Total: 41601 ns
[365.173s][info ][safepoint      ] Safepoint "Cleanup", Time since last: 2000173938 ns, Reaching safepoint: 5800 ns, Cleanup: 31100 ns, At safepoint: 2200 ns, Total: 39100 ns
[368.173s][info ][safepoint      ] Safepoint "Cleanup", Time since last: 3000244958 ns, Reaching safepoint: 5900 ns, Cleanup: 12800 ns, At safepoint: 2000 ns, Total: 20700 ns
[369.173s][info ][safepoint      ] Safepoint "Cleanup", Time since last: 1000113119 ns, Reaching safepoint: 6301 ns, Cleanup: 8700 ns, At safepoint: 1900 ns, Total: 16901 ns
[370.173s][info ][safepoint      ] Safepoint "Cleanup", Time since last: 1000105419 ns, Reaching safepoint: 6100 ns, Cleanup: 7900 ns, At safepoint: 1900 ns, Total: 15900 ns
[373.174s][info ][safepoint      ] Safepoint "Cleanup", Time since last: 3000258517 ns, Reaching safepoint: 76801 ns, Cleanup: 9100 ns, At safepoint: 5700 ns, Total: 91601 ns
[374.174s][info ][safepoint      ] Safepoint "Cleanup", Time since last: 1000104649 ns, Reaching safepoint: 88901 ns, Cleanup: 8100 ns, At safepoint: 4900 ns, Total: 101901 ns
[375.174s][info ][safepoint      ] Safepoint "Cleanup", Time since last: 1000113149 ns, Reaching safepoint: 81301 ns, Cleanup: 8100 ns, At safepoint: 6400 ns, Total: 95801 ns
[376.174s][info ][safepoint      ] Safepoint "Cleanup", Time since last: 1000126449 ns, Reaching safepoint: 80701 ns, Cleanup: 21200 ns, At safepoint: 6600 ns, Total: 108501 ns
[377.175s][info ][safepoint      ] Safepoint "Cleanup", Time since last: 1000126150 ns, Reaching safepoint: 83601 ns, Cleanup: 15000 ns, At safepoint: 7400 ns, Total: 106001 ns
[380.175s][info ][safepoint      ] Safepoint "Cleanup", Time since last: 3000322870 ns, Reaching safepoint: 83600 ns, Cleanup: 22001 ns, At safepoint: 9000 ns, Total: 114601 ns
[383.175s][info ][safepoint      ] Safepoint "Cleanup", Time since last: 3000269499 ns, Reaching safepoint: 80801 ns, Cleanup: 17500 ns, At safepoint: 6800 ns, Total: 105101 ns
[384.176s][info ][safepoint      ] Safepoint "Cleanup", Time since last: 1000141067 ns, Reaching safepoint: 87201 ns, Cleanup: 11000 ns, At safepoint: 7300 ns, Total: 105501 ns
[385.176s][info ][safepoint      ] Safepoint "Cleanup", Time since last: 1000127967 ns, Reaching safepoint: 84601 ns, Cleanup: 11000 ns, At safepoint: 11500 ns, Total: 107101 ns
[386.176s][info ][safepoint      ] Safepoint "Cleanup", Time since last: 1000113867 ns, Reaching safepoint: 85801 ns, Cleanup: 11700 ns, At safepoint: 8300 ns, Total: 105801 ns
[387.033s][info ][gc,start       ] GC(18) Pause Young (Allocation Failure)
[387.039s][debug][gc,phases      ] GC(18) Scavenge 5.993ms
[387.039s][debug][gc,ref         ] GC(18) ReferenceProcessor::execute queues: 1, RefProcThreadModel::Single, marks_oops_alive: false
[387.039s][debug][gc,ref         ] GC(18) Skipped KeepAliveFinalRefsPhase of Reference Processing: no references
[387.039s][debug][gc,ref         ] GC(18) Skipped PhantomRefsPhase of Reference Processing: no references
[387.039s][debug][gc,phases      ] GC(18) Reference Processing 0.137ms
[387.040s][debug][gc,phases      ] GC(18)   VM Weak                        Min:  0.0, Avg:  0.0, Max:  0.0, Diff:  0.0, Sum:  0.0, Workers: 4
[387.040s][debug][gc,phases      ] GC(18)     Dead                           Min: 0, Avg:  0.0, Max: 0, Diff: 0, Sum: 0, Workers: 4
[387.040s][debug][gc,phases      ] GC(18)     Total                          Min: 0, Avg: 233.8, Max: 743, Diff: 743, Sum: 935, Workers: 4
[387.040s][debug][gc,phases      ] GC(18)   ObjectSynchronizer Weak        Min:  0.0, Avg:  0.0, Max:  0.0, Diff:  0.0, Sum:  0.0, Workers: 4
[387.040s][debug][gc,phases      ] GC(18)     Dead                           Min: 0, Avg:  0.0, Max: 0, Diff: 0, Sum: 0, Workers: 4
[387.040s][debug][gc,phases      ] GC(18)     Total                          Min: 0, Avg:  1.0, Max: 4, Diff: 4, Sum: 4, Workers: 4
[387.040s][debug][gc,phases      ] GC(18)   JVMTI Tag Weak OopStorage      Min:  0.0, Avg:  0.0, Max:  0.0, Diff:  0.0, Sum:  0.0, Workers: 4
[387.040s][debug][gc,phases      ] GC(18)     Dead                           Min: 0, Avg:  0.0, Max: 0, Diff: 0, Sum: 0, Workers: 4
[387.040s][debug][gc,phases      ] GC(18)     Total                          Min: 0, Avg:  0.0, Max: 0, Diff: 0, Sum: 0, Workers: 4
[387.040s][debug][gc,phases      ] GC(18)   StringTable Weak               Min:  0.0, Avg:  0.1, Max:  0.2, Diff:  0.2, Sum:  0.4, Workers: 4
[387.040s][debug][gc,phases      ] GC(18)     Dead                           Min: 0, Avg:  0.0, Max: 0, Diff: 0, Sum: 0, Workers: 4
[387.040s][debug][gc,phases      ] GC(18)     Total                          Min: 0, Avg: 11906.8, Max: 24267, Diff: 24267, Sum: 47627, Workers: 4
[387.040s][debug][gc,phases      ] GC(18)   ResolvedMethodTable Weak       Min:  0.0, Avg:  0.0, Max:  0.1, Diff:  0.1, Sum:  0.1, Workers: 4
[387.040s][debug][gc,phases      ] GC(18)     Dead                           Min: 0, Avg:  4.0, Max: 12, Diff: 12, Sum: 16, Workers: 4
[387.040s][debug][gc,phases      ] GC(18)     Total                          Min: 0, Avg: 3828.2, Max: 7711, Diff: 7711, Sum: 15313, Workers: 4
[387.040s][debug][gc,phases      ] GC(18)   JNI Weak                       Min:  0.0, Avg:  0.0, Max:  0.0, Diff:  0.0, Sum:  0.0, Workers: 4
[387.040s][debug][gc,phases      ] GC(18)     Dead                           Min: 0, Avg:  0.0, Max: 0, Diff: 0, Sum: 0, Workers: 4
[387.040s][debug][gc,phases      ] GC(18)     Total                          Min: 0, Avg: 13.0, Max: 52, Diff: 52, Sum: 52, Workers: 4
[387.040s][debug][gc,phases      ] GC(18)   StringDedup Table Weak         Min:  0.0, Avg:  0.0, Max:  0.0, Diff:  0.0, Sum:  0.0, Workers: 4
[387.040s][debug][gc,phases      ] GC(18)     Dead                           Min: 0, Avg:  0.0, Max: 0, Diff: 0, Sum: 0, Workers: 4
[387.040s][debug][gc,phases      ] GC(18)     Total                          Min: 0, Avg:  0.0, Max: 0, Diff: 0, Sum: 0, Workers: 4
[387.040s][debug][gc,phases      ] GC(18)   StringDedup Requests0 Weak     Min:  0.0, Avg:  0.0, Max:  0.0, Diff:  0.0, Sum:  0.0, Workers: 4
[387.040s][debug][gc,phases      ] GC(18)     Dead                           Min: 0, Avg:  0.0, Max: 0, Diff: 0, Sum: 0, Workers: 4
[387.040s][debug][gc,phases      ] GC(18)     Total                          Min: 0, Avg:  0.0, Max: 0, Diff: 0, Sum: 0, Workers: 4
[387.040s][debug][gc,phases      ] GC(18)   StringDedup Requests1 Weak     Min:  0.0, Avg:  0.0, Max:  0.0, Diff:  0.0, Sum:  0.0, Workers: 4
[387.040s][debug][gc,phases      ] GC(18)     Dead                           Min: 0, Avg:  0.0, Max: 0, Diff: 0, Sum: 0, Workers: 4
[387.040s][debug][gc,phases      ] GC(18)     Total                          Min: 0, Avg:  0.0, Max: 0, Diff: 0, Sum: 0, Workers: 4
[387.040s][debug][gc,phases      ] GC(18)   Weak JFR Old Object Samples    Min:  0.0, Avg:  0.0, Max:  0.0, Diff:  0.0, Sum:  0.0, Workers: 4
[387.040s][debug][gc,phases      ] GC(18)     Dead                           Min: 0, Avg:  0.0, Max: 0, Diff: 0, Sum: 0, Workers: 4
[387.040s][debug][gc,phases      ] GC(18)     Total                          Min: 0, Avg:  0.0, Max: 0, Diff: 0, Sum: 0, Workers: 4
[387.040s][debug][gc,phases      ] GC(18) Weak Processing 0.546ms
[387.040s][debug][gc,age         ] GC(18) Desired survivor size 261619712 bytes, new threshold 1 (max threshold 15)
[387.040s][info ][gc,heap        ] GC(18) PSYoungGen: 1563232K(1823232K)->2784K(1841664K) Eden: 1555456K(1555456K)->0K(1579520K) From: 7776K(267776K)->2784K(262144K)
[387.040s][info ][gc,heap        ] GC(18) ParOldGen: 245624K(245760K)->251948K(252416K)
[387.040s][info ][gc,metaspace   ] GC(18) Metaspace: 106144K(107392K)->106144K(107392K) NonClass: 89930K(90624K)->89930K(90624K) Class: 16214K(16768K)->16214K(16768K)
[387.040s][info ][gc             ] GC(18) Pause Young (Allocation Failure) 1766M->248M(2045M) 6.802ms
[387.040s][info ][gc,cpu         ] GC(18) User=0.02s Sys=0.00s Real=0.00s
[387.040s][info ][safepoint      ] Safepoint "ParallelGCFailedAllocation", Time since last: 857124970 ns, Reaching safepoint: 6000 ns, Cleanup: 3400 ns, At safepoint: 6877868 ns, Total: 6887268 ns
[389.040s][info ][safepoint      ] Safepoint "Cleanup", Time since last: 2000176365 ns, Reaching safepoint: 6500 ns, Cleanup: 13500 ns, At safepoint: 2300 ns, Total: 22300 ns
[390.040s][info ][safepoint      ] Safepoint "Cleanup", Time since last: 1000119148 ns, Reaching safepoint: 7500 ns, Cleanup: 26900 ns, At safepoint: 2500 ns, Total: 36900 ns
[391.041s][info ][safepoint      ] Safepoint "Cleanup", Time since last: 1000116848 ns, Reaching safepoint: 7000 ns, Cleanup: 22800 ns, At safepoint: 2300 ns, Total: 32100 ns
[392.041s][info ][safepoint      ] Safepoint "Cleanup", Time since last: 1000109347 ns, Reaching safepoint: 6500 ns, Cleanup: 26901 ns, At safepoint: 2100 ns, Total: 35501 ns
[393.041s][info ][safepoint      ] Safepoint "Cleanup", Time since last: 1000110447 ns, Reaching safepoint: 6600 ns, Cleanup: 9700 ns, At safepoint: 1900 ns, Total: 18200 ns
[394.041s][info ][safepoint      ] Safepoint "Cleanup", Time since last: 1000102948 ns, Reaching safepoint: 6100 ns, Cleanup: 14500 ns, At safepoint: 1700 ns, Total: 22300 ns
[395.041s][info ][safepoint      ] Safepoint "Cleanup", Time since last: 1000131247 ns, Reaching safepoint: 6901 ns, Cleanup: 9100 ns, At safepoint: 2100 ns, Total: 18101 ns
[397.041s][info ][safepoint      ] Safepoint "Cleanup", Time since last: 2000180385 ns, Reaching safepoint: 6900 ns, Cleanup: 7200 ns, At safepoint: 1700 ns, Total: 15800 ns
[399.042s][info ][safepoint      ] Safepoint "Cleanup", Time since last: 2000190104 ns, Reaching safepoint: 6800 ns, Cleanup: 8500 ns, At safepoint: 1700 ns, Total: 17000 ns
[400.042s][info ][safepoint      ] Safepoint "Cleanup", Time since last: 1000116652 ns, Reaching safepoint: 5600 ns, Cleanup: 7800 ns, At safepoint: 1700 ns, Total: 15100 ns
[401.042s][info ][safepoint      ] Safepoint "Cleanup", Time since last: 1000102352 ns, Reaching safepoint: 6000 ns, Cleanup: 26300 ns, At safepoint: 2300 ns, Total: 34600 ns
[402.042s][info ][safepoint      ] Safepoint "Cleanup", Time since last: 1000105552 ns, Reaching safepoint: 6400 ns, Cleanup: 7800 ns, At safepoint: 2000 ns, Total: 16200 ns
[404.042s][info ][safepoint      ] Safepoint "Cleanup", Time since last: 2000191650 ns, Reaching safepoint: 7201 ns, Cleanup: 24200 ns, At safepoint: 2300 ns, Total: 33701 ns
[405.042s][info ][safepoint      ] Safepoint "Cleanup", Time since last: 1000124987 ns, Reaching safepoint: 6500 ns, Cleanup: 20200 ns, At safepoint: 2400 ns, Total: 29100 ns
[406.042s][info ][safepoint      ] Safepoint "Cleanup", Time since last: 1000109987 ns, Reaching safepoint: 7001 ns, Cleanup: 19800 ns, At safepoint: 2000 ns, Total: 28801 ns
[407.043s][info ][safepoint      ] Safepoint "Cleanup", Time since last: 1000109887 ns, Reaching safepoint: 6700 ns, Cleanup: 13200 ns, At safepoint: 1900 ns, Total: 21800 ns
[408.043s][info ][safepoint      ] Safepoint "Cleanup", Time since last: 1000112987 ns, Reaching safepoint: 6800 ns, Cleanup: 9900 ns, At safepoint: 2000 ns, Total: 18700 ns
[409.043s][info ][safepoint      ] Safepoint "Cleanup", Time since last: 1000109488 ns, Reaching safepoint: 6600 ns, Cleanup: 8300 ns, At safepoint: 2100 ns, Total: 17000 ns
[410.043s][info ][safepoint      ] Safepoint "Cleanup", Time since last: 1000122487 ns, Reaching safepoint: 6200 ns, Cleanup: 8300 ns, At safepoint: 1900 ns, Total: 16400 ns
[411.043s][info ][safepoint      ] Safepoint "Cleanup", Time since last: 1000102187 ns, Reaching safepoint: 5900 ns, Cleanup: 7500 ns, At safepoint: 1900 ns, Total: 15300 ns
[412.043s][info ][safepoint      ] Safepoint "Cleanup", Time since last: 1000101733 ns, Reaching safepoint: 6500 ns, Cleanup: 8100 ns, At safepoint: 1800 ns, Total: 16400 ns
[415.043s][info ][safepoint      ] Safepoint "Cleanup", Time since last: 3000259308 ns, Reaching safepoint: 5900 ns, Cleanup: 7400 ns, At safepoint: 2300 ns, Total: 15600 ns
[417.040s][info ][safepoint      ] Safepoint "Cleanup", Time since last: 1996053512 ns, Reaching safepoint: 6900 ns, Cleanup: 24600 ns, At safepoint: 1700 ns, Total: 33200 ns
[418.040s][info ][safepoint      ] Safepoint "Cleanup", Time since last: 1000111759 ns, Reaching safepoint: 6900 ns, Cleanup: 26200 ns, At safepoint: 2200 ns, Total: 35300 ns
[419.040s][info ][safepoint      ] Safepoint "Cleanup", Time since last: 1000121259 ns, Reaching safepoint: 7000 ns, Cleanup: 12100 ns, At safepoint: 2200 ns, Total: 21300 ns
[420.040s][info ][safepoint      ] Safepoint "Cleanup", Time since last: 1000109325 ns, Reaching safepoint: 6701 ns, Cleanup: 13100 ns, At safepoint: 1700 ns, Total: 21501 ns
[422.190s][info ][safepoint      ] Safepoint "Cleanup", Time since last: 2149823033 ns, Reaching safepoint: 7500 ns, Cleanup: 17500 ns, At safepoint: 2501 ns, Total: 27501 ns
[423.190s][info ][safepoint      ] Safepoint "Cleanup", Time since last: 1000110317 ns, Reaching safepoint: 6600 ns, Cleanup: 13300 ns, At safepoint: 1900 ns, Total: 21800 ns
[424.190s][info ][safepoint      ] Safepoint "Cleanup", Time since last: 1000103218 ns, Reaching safepoint: 6400 ns, Cleanup: 9500 ns, At safepoint: 1600 ns, Total: 17500 ns
[425.190s][info ][safepoint      ] Safepoint "Cleanup", Time since last: 1000115317 ns, Reaching safepoint: 6801 ns, Cleanup: 8600 ns, At safepoint: 2200 ns, Total: 17601 ns
[427.190s][info ][safepoint      ] Safepoint "Cleanup", Time since last: 2000205535 ns, Reaching safepoint: 7200 ns, Cleanup: 31400 ns, At safepoint: 2600 ns, Total: 41200 ns
[428.191s][info ][safepoint      ] Safepoint "Cleanup", Time since last: 1000123779 ns, Reaching safepoint: 7200 ns, Cleanup: 13200 ns, At safepoint: 2500 ns, Total: 22900 ns
[429.191s][info ][safepoint      ] Safepoint "Cleanup", Time since last: 1000115677 ns, Reaching safepoint: 5600 ns, Cleanup: 16300 ns, At safepoint: 2100 ns, Total: 24000 ns
[430.191s][info ][safepoint      ] Safepoint "Cleanup", Time since last: 1000125377 ns, Reaching safepoint: 6000 ns, Cleanup: 11300 ns, At safepoint: 2000 ns, Total: 19300 ns
[431.191s][info ][safepoint      ] Safepoint "Cleanup", Time since last: 1000125277 ns, Reaching safepoint: 6800 ns, Cleanup: 9300 ns, At safepoint: 2200 ns, Total: 18300 ns
[434.278s][info ][gc,start       ] GC(19) Pause Young (Allocation Failure)
[434.281s][debug][gc,phases      ] GC(19) Scavenge 3.681ms
[434.282s][debug][gc,ref         ] GC(19) ReferenceProcessor::execute queues: 1, RefProcThreadModel::Single, marks_oops_alive: false
[434.282s][debug][gc,ref         ] GC(19) Skipped KeepAliveFinalRefsPhase of Reference Processing: no references
[434.282s][debug][gc,ref         ] GC(19) ReferenceProcessor::execute queues: 1, RefProcThreadModel::Single, marks_oops_alive: false
[434.282s][debug][gc,phases      ] GC(19) Reference Processing 0.096ms
[434.282s][debug][gc,phases      ] GC(19)   VM Weak                        Min:  0.0, Avg:  0.0, Max:  0.0, Diff:  0.0, Sum:  0.0, Workers: 4
[434.282s][debug][gc,phases      ] GC(19)     Dead                           Min: 0, Avg:  0.0, Max: 0, Diff: 0, Sum: 0, Workers: 4
[434.282s][debug][gc,phases      ] GC(19)     Total                          Min: 0, Avg: 233.8, Max: 935, Diff: 935, Sum: 935, Workers: 4
[434.282s][debug][gc,phases      ] GC(19)   ObjectSynchronizer Weak        Min:  0.0, Avg:  0.0, Max:  0.0, Diff:  0.0, Sum:  0.0, Workers: 4
[434.282s][debug][gc,phases      ] GC(19)     Dead                           Min: 0, Avg:  0.0, Max: 0, Diff: 0, Sum: 0, Workers: 4
[434.282s][debug][gc,phases      ] GC(19)     Total                          Min: 0, Avg:  1.0, Max: 4, Diff: 4, Sum: 4, Workers: 4
[434.282s][debug][gc,phases      ] GC(19)   JVMTI Tag Weak OopStorage      Min:  0.0, Avg:  0.0, Max:  0.0, Diff:  0.0, Sum:  0.0, Workers: 4
[434.282s][debug][gc,phases      ] GC(19)     Dead                           Min: 0, Avg:  0.0, Max: 0, Diff: 0, Sum: 0, Workers: 4
[434.282s][debug][gc,phases      ] GC(19)     Total                          Min: 0, Avg:  0.0, Max: 0, Diff: 0, Sum: 0, Workers: 4
[434.282s][debug][gc,phases      ] GC(19)   StringTable Weak               Min:  0.0, Avg:  0.1, Max:  0.1, Diff:  0.1, Sum:  0.4, Workers: 4
[434.282s][debug][gc,phases      ] GC(19)     Dead                           Min: 0, Avg:  0.0, Max: 0, Diff: 0, Sum: 0, Workers: 4
[434.282s][debug][gc,phases      ] GC(19)     Total                          Min: 0, Avg: 11913.5, Max: 19558, Diff: 19558, Sum: 47654, Workers: 4
[434.282s][debug][gc,phases      ] GC(19)   ResolvedMethodTable Weak       Min:  0.0, Avg:  0.0, Max:  0.0, Diff:  0.0, Sum:  0.1, Workers: 4
[434.282s][debug][gc,phases      ] GC(19)     Dead                           Min: 0, Avg:  4.0, Max: 16, Diff: 16, Sum: 16, Workers: 4
[434.282s][debug][gc,phases      ] GC(19)     Total                          Min: 0, Avg: 3829.2, Max: 6473, Diff: 6473, Sum: 15317, Workers: 4
[434.282s][debug][gc,phases      ] GC(19)   JNI Weak                       Min:  0.0, Avg:  0.0, Max:  0.0, Diff:  0.0, Sum:  0.0, Workers: 4
[434.282s][debug][gc,phases      ] GC(19)     Dead                           Min: 0, Avg:  0.0, Max: 0, Diff: 0, Sum: 0, Workers: 4
[434.282s][debug][gc,phases      ] GC(19)     Total                          Min: 0, Avg: 13.0, Max: 52, Diff: 52, Sum: 52, Workers: 4
[434.282s][debug][gc,phases      ] GC(19)   StringDedup Table Weak         Min:  0.0, Avg:  0.0, Max:  0.0, Diff:  0.0, Sum:  0.0, Workers: 4
[434.282s][debug][gc,phases      ] GC(19)     Dead                           Min: 0, Avg:  0.0, Max: 0, Diff: 0, Sum: 0, Workers: 4
[434.282s][debug][gc,phases      ] GC(19)     Total                          Min: 0, Avg:  0.0, Max: 0, Diff: 0, Sum: 0, Workers: 4
[434.282s][debug][gc,phases      ] GC(19)   StringDedup Requests0 Weak     Min:  0.0, Avg:  0.0, Max:  0.0, Diff:  0.0, Sum:  0.0, Workers: 4
[434.282s][debug][gc,phases      ] GC(19)     Dead                           Min: 0, Avg:  0.0, Max: 0, Diff: 0, Sum: 0, Workers: 4
[434.282s][debug][gc,phases      ] GC(19)     Total                          Min: 0, Avg:  0.0, Max: 0, Diff: 0, Sum: 0, Workers: 4
[434.282s][debug][gc,phases      ] GC(19)   StringDedup Requests1 Weak     Min:  0.0, Avg:  0.0, Max:  0.0, Diff:  0.0, Sum:  0.0, Workers: 4
[434.282s][debug][gc,phases      ] GC(19)     Dead                           Min: 0, Avg:  0.0, Max: 0, Diff: 0, Sum: 0, Workers: 4
[434.282s][debug][gc,phases      ] GC(19)     Total                          Min: 0, Avg:  0.0, Max: 0, Diff: 0, Sum: 0, Workers: 4
[434.282s][debug][gc,phases      ] GC(19)   Weak JFR Old Object Samples    Min:  0.0, Avg:  0.0, Max:  0.0, Diff:  0.0, Sum:  0.0, Workers: 4
[434.282s][debug][gc,phases      ] GC(19)     Dead                           Min: 0, Avg:  0.0, Max: 0, Diff: 0, Sum: 0, Workers: 4
[434.282s][debug][gc,phases      ] GC(19)     Total                          Min: 0, Avg:  0.0, Max: 0, Diff: 0, Sum: 0, Workers: 4
[434.282s][debug][gc,phases      ] GC(19) Weak Processing 0.372ms
[434.282s][debug][gc,age         ] GC(19) Desired survivor size 253755392 bytes, new threshold 1 (max threshold 15)
[434.282s][info ][gc,heap        ] GC(19) PSYoungGen: 1582304K(1841664K)->5360K(1835008K) Eden: 1579520K(1579520K)->0K(1579520K) From: 2784K(262144K)->5360K(255488K)
[434.282s][info ][gc,heap        ] GC(19) ParOldGen: 251948K(252416K)->252589K(252928K)
[434.282s][info ][gc,metaspace   ] GC(19) Metaspace: 106225K(107456K)->106225K(107456K) NonClass: 90004K(90688K)->90004K(90688K) Class: 16220K(16768K)->16220K(16768K)
[434.282s][info ][gc             ] GC(19) Pause Young (Allocation Failure) 1791M->251M(2039M) 4.292ms
[434.282s][info ][gc,cpu         ] GC(19) User=0.02s Sys=0.00s Real=0.01s
[434.282s][info ][safepoint      ] Safepoint "ParallelGCFailedAllocation", Time since last: 3086656091 ns, Reaching safepoint: 5900 ns, Cleanup: 3800 ns, At safepoint: 4351543 ns, Total: 4361243 ns
[435.282s][info ][safepoint      ] Safepoint "Cleanup", Time since last: 1000083076 ns, Reaching safepoint: 6100 ns, Cleanup: 9400 ns, At safepoint: 1700 ns, Total: 17200 ns
[436.282s][info ][safepoint      ] Safepoint "Cleanup", Time since last: 1000108046 ns, Reaching safepoint: 5700 ns, Cleanup: 8600 ns, At safepoint: 2300 ns, Total: 16600 ns
[439.283s][info ][safepoint      ] Safepoint "Cleanup", Time since last: 3000247038 ns, Reaching safepoint: 6400 ns, Cleanup: 8900 ns, At safepoint: 2000 ns, Total: 17300 ns
[447.283s][info ][safepoint      ] Safepoint "Cleanup", Time since last: 8000606129 ns, Reaching safepoint: 5900 ns, Cleanup: 8700 ns, At safepoint: 1800 ns, Total: 16400 ns
[449.283s][info ][safepoint      ] Safepoint "Cleanup", Time since last: 2000182724 ns, Reaching safepoint: 5800 ns, Cleanup: 10200 ns, At safepoint: 1700 ns, Total: 17700 ns
[451.284s][info ][safepoint      ] Safepoint "Cleanup", Time since last: 2000174225 ns, Reaching safepoint: 6100 ns, Cleanup: 9100 ns, At safepoint: 1900 ns, Total: 17100 ns
[458.284s][info ][safepoint      ] Safepoint "Cleanup", Time since last: 7000536033 ns, Reaching safepoint: 6000 ns, Cleanup: 9300 ns, At safepoint: 23400 ns, Total: 38700 ns
[463.285s][info ][safepoint      ] Safepoint "Cleanup", Time since last: 5000390669 ns, Reaching safepoint: 6300 ns, Cleanup: 12500 ns, At safepoint: 2100 ns, Total: 20900 ns
[465.285s][info ][safepoint      ] Safepoint "Cleanup", Time since last: 2000177761 ns, Reaching safepoint: 5900 ns, Cleanup: 9600 ns, At safepoint: 1800 ns, Total: 17300 ns
[469.285s][info ][safepoint      ] Safepoint "Cleanup", Time since last: 4000355232 ns, Reaching safepoint: 5300 ns, Cleanup: 9100 ns, At safepoint: 1900 ns, Total: 16300 ns
[470.285s][info ][safepoint      ] Safepoint "Cleanup", Time since last: 1000104580 ns, Reaching safepoint: 5300 ns, Cleanup: 9600 ns, At safepoint: 1800 ns, Total: 16700 ns
[481.207s][info ][safepoint      ] Safepoint "Cleanup", Time since last: 10921719347 ns, Reaching safepoint: 6400 ns, Cleanup: 9800 ns, At safepoint: 2100 ns, Total: 18300 ns
[485.207s][info ][safepoint      ] Safepoint "Cleanup", Time since last: 4000316794 ns, Reaching safepoint: 5800 ns, Cleanup: 7900 ns, At safepoint: 1800 ns, Total: 15500 ns
[489.876s][info ][gc,start       ] GC(20) Pause Young (Allocation Failure)
[489.880s][debug][gc,phases      ] GC(20) Scavenge 3.370ms
[489.880s][debug][gc,ref         ] GC(20) ReferenceProcessor::execute queues: 1, RefProcThreadModel::Single, marks_oops_alive: false
[489.880s][debug][gc,ref         ] GC(20) Skipped KeepAliveFinalRefsPhase of Reference Processing: no references
[489.880s][debug][gc,ref         ] GC(20) Skipped PhantomRefsPhase of Reference Processing: no references
[489.880s][debug][gc,phases      ] GC(20) Reference Processing 0.092ms
[489.880s][debug][gc,phases      ] GC(20)   VM Weak                        Min:  0.0, Avg:  0.0, Max:  0.0, Diff:  0.0, Sum:  0.0, Workers: 4
[489.880s][debug][gc,phases      ] GC(20)     Dead                           Min: 0, Avg:  0.0, Max: 0, Diff: 0, Sum: 0, Workers: 4
[489.880s][debug][gc,phases      ] GC(20)     Total                          Min: 0, Avg: 233.8, Max: 832, Diff: 832, Sum: 935, Workers: 4
[489.880s][debug][gc,phases      ] GC(20)   ObjectSynchronizer Weak        Min:  0.0, Avg:  0.0, Max:  0.0, Diff:  0.0, Sum:  0.0, Workers: 4
[489.880s][debug][gc,phases      ] GC(20)     Dead                           Min: 0, Avg:  0.0, Max: 0, Diff: 0, Sum: 0, Workers: 4
[489.880s][debug][gc,phases      ] GC(20)     Total                          Min: 0, Avg:  0.8, Max: 3, Diff: 3, Sum: 3, Workers: 4
[489.880s][debug][gc,phases      ] GC(20)   JVMTI Tag Weak OopStorage      Min:  0.0, Avg:  0.0, Max:  0.0, Diff:  0.0, Sum:  0.0, Workers: 4
[489.880s][debug][gc,phases      ] GC(20)     Dead                           Min: 0, Avg:  0.0, Max: 0, Diff: 0, Sum: 0, Workers: 4
[489.880s][debug][gc,phases      ] GC(20)     Total                          Min: 0, Avg:  0.0, Max: 0, Diff: 0, Sum: 0, Workers: 4
[489.880s][debug][gc,phases      ] GC(20)   StringTable Weak               Min:  0.0, Avg:  0.1, Max:  0.2, Diff:  0.2, Sum:  0.4, Workers: 4
[489.880s][debug][gc,phases      ] GC(20)     Dead                           Min: 0, Avg:  0.0, Max: 0, Diff: 0, Sum: 0, Workers: 4
[489.880s][debug][gc,phases      ] GC(20)     Total                          Min: 0, Avg: 11915.5, Max: 22528, Diff: 22528, Sum: 47662, Workers: 4
[489.880s][debug][gc,phases      ] GC(20)   ResolvedMethodTable Weak       Min:  0.0, Avg:  0.0, Max:  0.0, Diff:  0.0, Sum:  0.1, Workers: 4
[489.880s][debug][gc,phases      ] GC(20)     Dead                           Min: 0, Avg:  4.0, Max: 16, Diff: 16, Sum: 16, Workers: 4
[489.880s][debug][gc,phases      ] GC(20)     Total                          Min: 0, Avg: 3829.2, Max: 6740, Diff: 6740, Sum: 15317, Workers: 4
[489.880s][debug][gc,phases      ] GC(20)   JNI Weak                       Min:  0.0, Avg:  0.0, Max:  0.0, Diff:  0.0, Sum:  0.0, Workers: 4
[489.880s][debug][gc,phases      ] GC(20)     Dead                           Min: 0, Avg:  0.0, Max: 0, Diff: 0, Sum: 0, Workers: 4
[489.880s][debug][gc,phases      ] GC(20)     Total                          Min: 0, Avg: 13.0, Max: 52, Diff: 52, Sum: 52, Workers: 4
[489.880s][debug][gc,phases      ] GC(20)   StringDedup Table Weak         Min:  0.0, Avg:  0.0, Max:  0.0, Diff:  0.0, Sum:  0.0, Workers: 4
[489.880s][debug][gc,phases      ] GC(20)     Dead                           Min: 0, Avg:  0.0, Max: 0, Diff: 0, Sum: 0, Workers: 4
[489.880s][debug][gc,phases      ] GC(20)     Total                          Min: 0, Avg:  0.0, Max: 0, Diff: 0, Sum: 0, Workers: 4
[489.880s][debug][gc,phases      ] GC(20)   StringDedup Requests0 Weak     Min:  0.0, Avg:  0.0, Max:  0.0, Diff:  0.0, Sum:  0.0, Workers: 4
[489.880s][debug][gc,phases      ] GC(20)     Dead                           Min: 0, Avg:  0.0, Max: 0, Diff: 0, Sum: 0, Workers: 4
[489.880s][debug][gc,phases      ] GC(20)     Total                          Min: 0, Avg:  0.0, Max: 0, Diff: 0, Sum: 0, Workers: 4
[489.880s][debug][gc,phases      ] GC(20)   StringDedup Requests1 Weak     Min:  0.0, Avg:  0.0, Max:  0.0, Diff:  0.0, Sum:  0.0, Workers: 4
[489.880s][debug][gc,phases      ] GC(20)     Dead                           Min: 0, Avg:  0.0, Max: 0, Diff: 0, Sum: 0, Workers: 4
[489.880s][debug][gc,phases      ] GC(20)     Total                          Min: 0, Avg:  0.0, Max: 0, Diff: 0, Sum: 0, Workers: 4
[489.880s][debug][gc,phases      ] GC(20)   Weak JFR Old Object Samples    Min:  0.0, Avg:  0.0, Max:  0.0, Diff:  0.0, Sum:  0.0, Workers: 4
[489.880s][debug][gc,phases      ] GC(20)     Dead                           Min: 0, Avg:  0.0, Max: 0, Diff: 0, Sum: 0, Workers: 4
[489.880s][debug][gc,phases      ] GC(20)     Total                          Min: 0, Avg:  0.0, Max: 0, Diff: 0, Sum: 0, Workers: 4
[489.880s][debug][gc,phases      ] GC(20) Weak Processing 0.376ms
[489.880s][debug][gc,age         ] GC(20) Desired survivor size 245366784 bytes, new threshold 1 (max threshold 15)
[489.880s][info ][gc,heap        ] GC(20) PSYoungGen: 1584880K(1835008K)->2096K(1857536K) Eden: 1579520K(1579520K)->0K(1609728K) From: 5360K(255488K)->2096K(247808K)
[489.880s][info ][gc,heap        ] GC(20) ParOldGen: 252589K(252928K)->256713K(257024K)
[489.880s][info ][gc,metaspace   ] GC(20) Metaspace: 106243K(107456K)->106243K(107456K) NonClass: 90023K(90688K)->90023K(90688K) Class: 16220K(16768K)->16220K(16768K)
[489.880s][info ][gc             ] GC(20) Pause Young (Allocation Failure) 1794M->252M(2065M) 3.933ms
[489.880s][info ][gc,cpu         ] GC(20) User=0.01s Sys=0.00s Real=0.00s
[489.880s][info ][safepoint      ] Safepoint "ParallelGCFailedAllocation", Time since last: 4669092565 ns, Reaching safepoint: 6000 ns, Cleanup: 9300 ns, At safepoint: 3991340 ns, Total: 4006640 ns
[490.881s][info ][safepoint      ] Safepoint "Cleanup", Time since last: 1000092324 ns, Reaching safepoint: 5800 ns, Cleanup: 9700 ns, At safepoint: 1700 ns, Total: 17200 ns
[507.882s][info ][safepoint      ] Safepoint "Cleanup", Time since last: 17001276931 ns, Reaching safepoint: 5300 ns, Cleanup: 8800 ns, At safepoint: 1900 ns, Total: 16000 ns
[512.882s][info ][safepoint      ] Safepoint "Cleanup", Time since last: 5000402345 ns, Reaching safepoint: 5700 ns, Cleanup: 9500 ns, At safepoint: 1800 ns, Total: 17000 ns
[513.882s][info ][safepoint      ] Safepoint "Cleanup", Time since last: 1000111609 ns, Reaching safepoint: 6300 ns, Cleanup: 10200 ns, At safepoint: 2200 ns, Total: 18700 ns
[514.882s][info ][safepoint      ] Safepoint "Cleanup", Time since last: 1000114410 ns, Reaching safepoint: 6600 ns, Cleanup: 9000 ns, At safepoint: 2400 ns, Total: 18000 ns
[523.883s][info ][safepoint      ] Safepoint "Cleanup", Time since last: 9000704407 ns, Reaching safepoint: 6400 ns, Cleanup: 8900 ns, At safepoint: 2000 ns, Total: 17300 ns
[524.883s][info ][safepoint      ] Safepoint "Cleanup", Time since last: 1000112364 ns, Reaching safepoint: 6500 ns, Cleanup: 11700 ns, At safepoint: 2400 ns, Total: 20600 ns
[530.884s][info ][safepoint      ] Safepoint "Cleanup", Time since last: 6000478885 ns, Reaching safepoint: 6400 ns, Cleanup: 11000 ns, At safepoint: 2200 ns, Total: 19600 ns
[531.884s][info ][safepoint      ] Safepoint "Cleanup", Time since last: 1000108395 ns, Reaching safepoint: 6200 ns, Cleanup: 10200 ns, At safepoint: 2000 ns, Total: 18400 ns
[540.885s][info ][safepoint      ] Safepoint "Cleanup", Time since last: 9000709665 ns, Reaching safepoint: 6500 ns, Cleanup: 8600 ns, At safepoint: 1900 ns, Total: 17000 ns
[545.957s][info ][gc,start       ] GC(21) Pause Young (Allocation Failure)
[545.959s][debug][gc,phases      ] GC(21) Scavenge 2.158ms
[545.959s][debug][gc,ref         ] GC(21) ReferenceProcessor::execute queues: 1, RefProcThreadModel::Single, marks_oops_alive: false
[545.959s][debug][gc,ref         ] GC(21) Skipped KeepAliveFinalRefsPhase of Reference Processing: no references
[545.959s][debug][gc,ref         ] GC(21) ReferenceProcessor::execute queues: 1, RefProcThreadModel::Single, marks_oops_alive: false
[545.959s][debug][gc,phases      ] GC(21) Reference Processing 0.094ms
[545.959s][debug][gc,phases      ] GC(21)   VM Weak                        Min:  0.0, Avg:  0.0, Max:  0.0, Diff:  0.0, Sum:  0.0, Workers: 4
[545.959s][debug][gc,phases      ] GC(21)     Dead                           Min: 0, Avg:  0.0, Max: 0, Diff: 0, Sum: 0, Workers: 4
[545.959s][debug][gc,phases      ] GC(21)     Total                          Min: 0, Avg: 233.8, Max: 935, Diff: 935, Sum: 935, Workers: 4
[545.959s][debug][gc,phases      ] GC(21)   ObjectSynchronizer Weak        Min:  0.0, Avg:  0.0, Max:  0.0, Diff:  0.0, Sum:  0.0, Workers: 4
[545.959s][debug][gc,phases      ] GC(21)     Dead                           Min: 0, Avg:  0.0, Max: 0, Diff: 0, Sum: 0, Workers: 4
[545.959s][debug][gc,phases      ] GC(21)     Total                          Min: 0, Avg:  0.8, Max: 3, Diff: 3, Sum: 3, Workers: 4
[545.959s][debug][gc,phases      ] GC(21)   JVMTI Tag Weak OopStorage      Min:  0.0, Avg:  0.0, Max:  0.0, Diff:  0.0, Sum:  0.0, Workers: 4
[545.959s][debug][gc,phases      ] GC(21)     Dead                           Min: 0, Avg:  0.0, Max: 0, Diff: 0, Sum: 0, Workers: 4
[545.959s][debug][gc,phases      ] GC(21)     Total                          Min: 0, Avg:  0.0, Max: 0, Diff: 0, Sum: 0, Workers: 4
[545.959s][debug][gc,phases      ] GC(21)   StringTable Weak               Min:  0.0, Avg:  0.1, Max:  0.1, Diff:  0.1, Sum:  0.4, Workers: 4
[545.959s][debug][gc,phases      ] GC(21)     Dead                           Min: 0, Avg:  0.0, Max: 0, Diff: 0, Sum: 0, Workers: 4
[545.959s][debug][gc,phases      ] GC(21)     Total                          Min: 0, Avg: 11917.5, Max: 20342, Diff: 20342, Sum: 47670, Workers: 4
[545.959s][debug][gc,phases      ] GC(21)   ResolvedMethodTable Weak       Min:  0.0, Avg:  0.0, Max:  0.0, Diff:  0.0, Sum:  0.1, Workers: 4
[545.959s][debug][gc,phases      ] GC(21)     Dead                           Min: 0, Avg:  4.0, Max: 14, Diff: 14, Sum: 16, Workers: 4
[545.959s][debug][gc,phases      ] GC(21)     Total                          Min: 0, Avg: 3829.2, Max: 6562, Diff: 6562, Sum: 15317, Workers: 4
[545.959s][debug][gc,phases      ] GC(21)   JNI Weak                       Min:  0.0, Avg:  0.0, Max:  0.0, Diff:  0.0, Sum:  0.0, Workers: 4
[545.959s][debug][gc,phases      ] GC(21)     Dead                           Min: 0, Avg:  0.0, Max: 0, Diff: 0, Sum: 0, Workers: 4
[545.959s][debug][gc,phases      ] GC(21)     Total                          Min: 0, Avg: 13.0, Max: 52, Diff: 52, Sum: 52, Workers: 4
[545.959s][debug][gc,phases      ] GC(21)   StringDedup Table Weak         Min:  0.0, Avg:  0.0, Max:  0.0, Diff:  0.0, Sum:  0.0, Workers: 4
[545.959s][debug][gc,phases      ] GC(21)     Dead                           Min: 0, Avg:  0.0, Max: 0, Diff: 0, Sum: 0, Workers: 4
[545.959s][debug][gc,phases      ] GC(21)     Total                          Min: 0, Avg:  0.0, Max: 0, Diff: 0, Sum: 0, Workers: 4
[545.959s][debug][gc,phases      ] GC(21)   StringDedup Requests0 Weak     Min:  0.0, Avg:  0.0, Max:  0.0, Diff:  0.0, Sum:  0.0, Workers: 4
[545.959s][debug][gc,phases      ] GC(21)     Dead                           Min: 0, Avg:  0.0, Max: 0, Diff: 0, Sum: 0, Workers: 4
[545.959s][debug][gc,phases      ] GC(21)     Total                          Min: 0, Avg:  0.0, Max: 0, Diff: 0, Sum: 0, Workers: 4
[545.959s][debug][gc,phases      ] GC(21)   StringDedup Requests1 Weak     Min:  0.0, Avg:  0.0, Max:  0.0, Diff:  0.0, Sum:  0.0, Workers: 4
[545.959s][debug][gc,phases      ] GC(21)     Dead                           Min: 0, Avg:  0.0, Max: 0, Diff: 0, Sum: 0, Workers: 4
[545.959s][debug][gc,phases      ] GC(21)     Total                          Min: 0, Avg:  0.0, Max: 0, Diff: 0, Sum: 0, Workers: 4
[545.959s][debug][gc,phases      ] GC(21)   Weak JFR Old Object Samples    Min:  0.0, Avg:  0.0, Max:  0.0, Diff:  0.0, Sum:  0.0, Workers: 4
[545.959s][debug][gc,phases      ] GC(21)     Dead                           Min: 0, Avg:  0.0, Max: 0, Diff: 0, Sum: 0, Workers: 4
[545.959s][debug][gc,phases      ] GC(21)     Total                          Min: 0, Avg:  0.0, Max: 0, Diff: 0, Sum: 0, Workers: 4
[545.959s][debug][gc,phases      ] GC(21) Weak Processing 0.360ms
[545.959s][debug][gc,age         ] GC(21) Desired survivor size 235929600 bytes, new threshold 1 (max threshold 15)
[545.959s][info ][gc,heap        ] GC(21) PSYoungGen: 1611824K(1857536K)->2176K(1849344K) Eden: 1609728K(1609728K)->0K(1609728K) From: 2096K(247808K)->2176K(239616K)
[545.959s][info ][gc,heap        ] GC(21) ParOldGen: 256713K(257024K)->257365K(257536K)
[545.959s][info ][gc,metaspace   ] GC(21) Metaspace: 106254K(107456K)->106254K(107456K) NonClass: 90034K(90688K)->90034K(90688K) Class: 16220K(16768K)->16220K(16768K)
[545.959s][info ][gc             ] GC(21) Pause Young (Allocation Failure) 1824M->253M(2057M) 2.739ms
[545.959s][info ][gc,cpu         ] GC(21) User=0.00s Sys=0.00s Real=0.00s
[545.960s][info ][safepoint      ] Safepoint "ParallelGCFailedAllocation", Time since last: 5072010979 ns, Reaching safepoint: 6500 ns, Cleanup: 3100 ns, At safepoint: 2806327 ns, Total: 2815927 ns
[547.960s][info ][safepoint      ] Safepoint "Cleanup", Time since last: 2000157916 ns, Reaching safepoint: 6000 ns, Cleanup: 9900 ns, At safepoint: 1800 ns, Total: 17700 ns
[553.960s][info ][safepoint      ] Safepoint "Cleanup", Time since last: 6000444998 ns, Reaching safepoint: 5200 ns, Cleanup: 6400 ns, At safepoint: 1500 ns, Total: 13100 ns
[557.960s][info ][safepoint      ] Safepoint "Cleanup", Time since last: 4000298288 ns, Reaching safepoint: 5100 ns, Cleanup: 6200 ns, At safepoint: 1400 ns, Total: 12700 ns
[558.961s][info ][safepoint      ] Safepoint "Cleanup", Time since last: 1000088075 ns, Reaching safepoint: 5100 ns, Cleanup: 6200 ns, At safepoint: 1600 ns, Total: 12900 ns
[559.961s][info ][safepoint      ] Safepoint "Cleanup", Time since last: 1000101775 ns, Reaching safepoint: 5700 ns, Cleanup: 7200 ns, At safepoint: 1700 ns, Total: 14600 ns
[560.961s][info ][safepoint      ] Safepoint "Cleanup", Time since last: 1000104476 ns, Reaching safepoint: 5200 ns, Cleanup: 5900 ns, At safepoint: 1500 ns, Total: 12600 ns
[561.961s][info ][safepoint      ] Safepoint "Cleanup", Time since last: 1000088975 ns, Reaching safepoint: 5300 ns, Cleanup: 5400 ns, At safepoint: 1400 ns, Total: 12100 ns
[562.961s][info ][safepoint      ] Safepoint "Cleanup", Time since last: 1000089575 ns, Reaching safepoint: 5100 ns, Cleanup: 6600 ns, At safepoint: 1400 ns, Total: 13100 ns
[568.961s][info ][safepoint      ] Safepoint "Cleanup", Time since last: 6000469703 ns, Reaching safepoint: 7000 ns, Cleanup: 11300 ns, At safepoint: 3100 ns, Total: 21400 ns
[570.962s][info ][safepoint      ] Safepoint "Cleanup", Time since last: 2000195925 ns, Reaching safepoint: 86801 ns, Cleanup: 9500 ns, At safepoint: 7300 ns, Total: 103601 ns
[572.962s][info ][safepoint      ] Safepoint "Cleanup", Time since last: 2000177717 ns, Reaching safepoint: 6600 ns, Cleanup: 12100 ns, At safepoint: 2300 ns, Total: 21000 ns
[577.962s][info ][safepoint      ] Safepoint "Cleanup", Time since last: 5000390385 ns, Reaching safepoint: 5301 ns, Cleanup: 7600 ns, At safepoint: 2000 ns, Total: 14901 ns
[579.963s][info ][safepoint      ] Safepoint "Cleanup", Time since last: 2000169610 ns, Reaching safepoint: 6100 ns, Cleanup: 7400 ns, At safepoint: 18900 ns, Total: 32400 ns
[582.963s][info ][safepoint      ] Safepoint "Cleanup", Time since last: 3000237251 ns, Reaching safepoint: 6100 ns, Cleanup: 9800 ns, At safepoint: 2300 ns, Total: 18200 ns
[589.963s][info ][safepoint      ] Safepoint "Cleanup", Time since last: 7000540580 ns, Reaching safepoint: 6400 ns, Cleanup: 10000 ns, At safepoint: 2500 ns, Total: 18900 ns
[590.964s][info ][safepoint      ] Safepoint "Cleanup", Time since last: 1000105323 ns, Reaching safepoint: 5300 ns, Cleanup: 7700 ns, At safepoint: 1900 ns, Total: 14900 ns
[593.964s][info ][safepoint      ] Safepoint "Cleanup", Time since last: 3000271567 ns, Reaching safepoint: 8000 ns, Cleanup: 11701 ns, At safepoint: 2300 ns, Total: 22001 ns
[603.125s][info ][gc,start       ] GC(22) Pause Young (Allocation Failure)
[603.127s][debug][gc,phases      ] GC(22) Scavenge 2.012ms
[603.128s][debug][gc,ref         ] GC(22) ReferenceProcessor::execute queues: 1, RefProcThreadModel::Single, marks_oops_alive: false
[603.128s][debug][gc,ref         ] GC(22) Skipped KeepAliveFinalRefsPhase of Reference Processing: no references
[603.128s][debug][gc,ref         ] GC(22) ReferenceProcessor::execute queues: 1, RefProcThreadModel::Single, marks_oops_alive: false
[603.128s][debug][gc,phases      ] GC(22) Reference Processing 0.096ms
[603.128s][debug][gc,phases      ] GC(22)   VM Weak                        Min:  0.0, Avg:  0.0, Max:  0.0, Diff:  0.0, Sum:  0.0, Workers: 4
[603.128s][debug][gc,phases      ] GC(22)     Dead                           Min: 0, Avg:  0.0, Max: 0, Diff: 0, Sum: 0, Workers: 4
[603.128s][debug][gc,phases      ] GC(22)     Total                          Min: 0, Avg: 233.8, Max: 448, Diff: 448, Sum: 935, Workers: 4
[603.128s][debug][gc,phases      ] GC(22)   ObjectSynchronizer Weak        Min:  0.0, Avg:  0.0, Max:  0.0, Diff:  0.0, Sum:  0.0, Workers: 4
[603.128s][debug][gc,phases      ] GC(22)     Dead                           Min: 0, Avg:  0.0, Max: 0, Diff: 0, Sum: 0, Workers: 4
[603.128s][debug][gc,phases      ] GC(22)     Total                          Min: 0, Avg:  0.8, Max: 3, Diff: 3, Sum: 3, Workers: 4
[603.128s][debug][gc,phases      ] GC(22)   JVMTI Tag Weak OopStorage      Min:  0.0, Avg:  0.0, Max:  0.0, Diff:  0.0, Sum:  0.0, Workers: 4
[603.128s][debug][gc,phases      ] GC(22)     Dead                           Min: 0, Avg:  0.0, Max: 0, Diff: 0, Sum: 0, Workers: 4
[603.128s][debug][gc,phases      ] GC(22)     Total                          Min: 0, Avg:  0.0, Max: 0, Diff: 0, Sum: 0, Workers: 4
[603.128s][debug][gc,phases      ] GC(22)   StringTable Weak               Min:  0.1, Avg:  0.1, Max:  0.1, Diff:  0.0, Sum:  0.5, Workers: 4
[603.128s][debug][gc,phases      ] GC(22)     Dead                           Min: 0, Avg:  0.0, Max: 0, Diff: 0, Sum: 0, Workers: 4
[603.128s][debug][gc,phases      ] GC(22)     Total                          Min: 11136, Avg: 11917.8, Max: 12352, Diff: 1216, Sum: 47671, Workers: 4
[603.128s][debug][gc,phases      ] GC(22)   ResolvedMethodTable Weak       Min:  0.1, Avg:  0.1, Max:  0.1, Diff:  0.0, Sum:  0.2, Workers: 4
[603.128s][debug][gc,phases      ] GC(22)     Dead                           Min: 0, Avg:  4.0, Max: 10, Diff: 10, Sum: 16, Workers: 4
[603.128s][debug][gc,phases      ] GC(22)     Total                          Min: 3612, Avg: 3829.2, Max: 4008, Diff: 396, Sum: 15317, Workers: 4
[603.128s][debug][gc,phases      ] GC(22)   JNI Weak                       Min:  0.0, Avg:  0.0, Max:  0.0, Diff:  0.0, Sum:  0.0, Workers: 4
[603.128s][debug][gc,phases      ] GC(22)     Dead                           Min: 0, Avg:  0.0, Max: 0, Diff: 0, Sum: 0, Workers: 4
[603.128s][debug][gc,phases      ] GC(22)     Total                          Min: 0, Avg: 13.0, Max: 52, Diff: 52, Sum: 52, Workers: 4
[603.128s][debug][gc,phases      ] GC(22)   StringDedup Table Weak         Min:  0.0, Avg:  0.0, Max:  0.0, Diff:  0.0, Sum:  0.0, Workers: 4
[603.128s][debug][gc,phases      ] GC(22)     Dead                           Min: 0, Avg:  0.0, Max: 0, Diff: 0, Sum: 0, Workers: 4
[603.128s][debug][gc,phases      ] GC(22)     Total                          Min: 0, Avg:  0.0, Max: 0, Diff: 0, Sum: 0, Workers: 4
[603.128s][debug][gc,phases      ] GC(22)   StringDedup Requests0 Weak     Min:  0.0, Avg:  0.0, Max:  0.0, Diff:  0.0, Sum:  0.0, Workers: 4
[603.128s][debug][gc,phases      ] GC(22)     Dead                           Min: 0, Avg:  0.0, Max: 0, Diff: 0, Sum: 0, Workers: 4
[603.128s][debug][gc,phases      ] GC(22)     Total                          Min: 0, Avg:  0.0, Max: 0, Diff: 0, Sum: 0, Workers: 4
[603.128s][debug][gc,phases      ] GC(22)   StringDedup Requests1 Weak     Min:  0.0, Avg:  0.0, Max:  0.0, Diff:  0.0, Sum:  0.0, Workers: 4
[603.128s][debug][gc,phases      ] GC(22)     Dead                           Min: 0, Avg:  0.0, Max: 0, Diff: 0, Sum: 0, Workers: 4
[603.128s][debug][gc,phases      ] GC(22)     Total                          Min: 0, Avg:  0.0, Max: 0, Diff: 0, Sum: 0, Workers: 4
[603.128s][debug][gc,phases      ] GC(22)   Weak JFR Old Object Samples    Min:  0.0, Avg:  0.0, Max:  0.0, Diff:  0.0, Sum:  0.0, Workers: 4
[603.128s][debug][gc,phases      ] GC(22)     Dead                           Min: 0, Avg:  0.0, Max: 0, Diff: 0, Sum: 0, Workers: 4
[603.128s][debug][gc,phases      ] GC(22)     Total                          Min: 0, Avg:  0.0, Max: 0, Diff: 0, Sum: 0, Workers: 4
[603.128s][debug][gc,phases      ] GC(22) Weak Processing 0.351ms
[603.128s][debug][gc,age         ] GC(22) Desired survivor size 225968128 bytes, new threshold 1 (max threshold 15)
[603.128s][info ][gc,heap        ] GC(22) PSYoungGen: 1611904K(1849344K)->2608K(1876480K) Eden: 1609728K(1609728K)->0K(1646080K) From: 2176K(239616K)->2608K(230400K)
[603.128s][info ][gc,heap        ] GC(22) ParOldGen: 257365K(257536K)->257905K(258048K)
[603.128s][info ][gc,metaspace   ] GC(22) Metaspace: 106270K(107520K)->106270K(107520K) NonClass: 90049K(90752K)->90049K(90752K) Class: 16221K(16768K)->16221K(16768K)
[603.128s][info ][gc             ] GC(22) Pause Young (Allocation Failure) 1825M->254M(2084M) 2.555ms
[603.128s][info ][gc,cpu         ] GC(22) User=0.01s Sys=0.00s Real=0.00s
[603.128s][info ][safepoint      ] Safepoint "ParallelGCFailedAllocation", Time since last: 9161576605 ns, Reaching safepoint: 5600 ns, Cleanup: 3500 ns, At safepoint: 2610225 ns, Total: 2619325 ns
[604.128s][info ][safepoint      ] Safepoint "Cleanup", Time since last: 1000090034 ns, Reaching safepoint: 80300 ns, Cleanup: 9501 ns, At safepoint: 6500 ns, Total: 96301 ns
[608.129s][info ][safepoint      ] Safepoint "Cleanup", Time since last: 4000348452 ns, Reaching safepoint: 80301 ns, Cleanup: 9300 ns, At safepoint: 6400 ns, Total: 96001 ns
[609.129s][info ][safepoint      ] Safepoint "Cleanup", Time since last: 1000109388 ns, Reaching safepoint: 24900 ns, Cleanup: 15200 ns, At safepoint: 6000 ns, Total: 46100 ns
[612.129s][info ][safepoint      ] Safepoint "Cleanup", Time since last: 3000258160 ns, Reaching safepoint: 6300 ns, Cleanup: 9400 ns, At safepoint: 2000 ns, Total: 17700 ns
[614.129s][info ][safepoint      ] Safepoint "Cleanup", Time since last: 2000184764 ns, Reaching safepoint: 5300 ns, Cleanup: 8300 ns, At safepoint: 1800 ns, Total: 15400 ns
[615.130s][info ][safepoint      ] Safepoint "Cleanup", Time since last: 1000109232 ns, Reaching safepoint: 80301 ns, Cleanup: 75301 ns, At safepoint: 5100 ns, Total: 160702 ns
[616.130s][info ][safepoint      ] Safepoint "Cleanup", Time since last: 1000107432 ns, Reaching safepoint: 6000 ns, Cleanup: 9200 ns, At safepoint: 1800 ns, Total: 17000 ns
[618.130s][info ][safepoint      ] Safepoint "Cleanup", Time since last: 2000178164 ns, Reaching safepoint: 6900 ns, Cleanup: 11300 ns, At safepoint: 1900 ns, Total: 20100 ns
[622.130s][info ][safepoint      ] Safepoint "Cleanup", Time since last: 4000312525 ns, Reaching safepoint: 6201 ns, Cleanup: 7000 ns, At safepoint: 1700 ns, Total: 14901 ns
[624.130s][info ][safepoint      ] Safepoint "Cleanup", Time since last: 2000180262 ns, Reaching safepoint: 6100 ns, Cleanup: 12000 ns, At safepoint: 1700 ns, Total: 19800 ns
[625.131s][info ][safepoint      ] Safepoint "Cleanup", Time since last: 1000107632 ns, Reaching safepoint: 6700 ns, Cleanup: 15000 ns, At safepoint: 1800 ns, Total: 23500 ns
[629.131s][info ][safepoint      ] Safepoint "Cleanup", Time since last: 4000321147 ns, Reaching safepoint: 5400 ns, Cleanup: 6300 ns, At safepoint: 1801 ns, Total: 13501 ns
[630.131s][info ][safepoint      ] Safepoint "Cleanup", Time since last: 1000105045 ns, Reaching safepoint: 5600 ns, Cleanup: 8000 ns, At safepoint: 2000 ns, Total: 15600 ns
[631.131s][info ][safepoint      ] Safepoint "Cleanup", Time since last: 1000100045 ns, Reaching safepoint: 6400 ns, Cleanup: 9701 ns, At safepoint: 1700 ns, Total: 17801 ns
[632.131s][info ][safepoint      ] Safepoint "Cleanup", Time since last: 1000118545 ns, Reaching safepoint: 7100 ns, Cleanup: 9700 ns, At safepoint: 2200 ns, Total: 19000 ns
[635.132s][info ][safepoint      ] Safepoint "Cleanup", Time since last: 3000268136 ns, Reaching safepoint: 6500 ns, Cleanup: 7700 ns, At safepoint: 1800 ns, Total: 16000 ns
[636.132s][info ][safepoint      ] Safepoint "Cleanup", Time since last: 1000109641 ns, Reaching safepoint: 7100 ns, Cleanup: 9400 ns, At safepoint: 2100 ns, Total: 18600 ns
[637.132s][info ][safepoint      ] Safepoint "Cleanup", Time since last: 1000103538 ns, Reaching safepoint: 18900 ns, Cleanup: 20100 ns, At safepoint: 2400 ns, Total: 41400 ns
[640.132s][info ][safepoint      ] Safepoint "Cleanup", Time since last: 3000256313 ns, Reaching safepoint: 6500 ns, Cleanup: 9600 ns, At safepoint: 1900 ns, Total: 18000 ns
[641.132s][info ][safepoint      ] Safepoint "Cleanup", Time since last: 1000116538 ns, Reaching safepoint: 6100 ns, Cleanup: 11700 ns, At safepoint: 1900 ns, Total: 19700 ns
[642.132s][info ][safepoint      ] Safepoint "Cleanup", Time since last: 1000106738 ns, Reaching safepoint: 6500 ns, Cleanup: 8500 ns, At safepoint: 1700 ns, Total: 16700 ns
[644.133s][info ][safepoint      ] Safepoint "Cleanup", Time since last: 2000205507 ns, Reaching safepoint: 6700 ns, Cleanup: 8200 ns, At safepoint: 2001 ns, Total: 16901 ns
[647.133s][info ][safepoint      ] Safepoint "Cleanup", Time since last: 3000259686 ns, Reaching safepoint: 6700 ns, Cleanup: 13300 ns, At safepoint: 2000 ns, Total: 22000 ns
[648.133s][info ][safepoint      ] Safepoint "Cleanup", Time since last: 1000110830 ns, Reaching safepoint: 6500 ns, Cleanup: 7800 ns, At safepoint: 2000 ns, Total: 16300 ns
[650.133s][info ][safepoint      ] Safepoint "Cleanup", Time since last: 2000180558 ns, Reaching safepoint: 6400 ns, Cleanup: 17300 ns, At safepoint: 2100 ns, Total: 25800 ns
[651.133s][info ][safepoint      ] Safepoint "Cleanup", Time since last: 1000128129 ns, Reaching safepoint: 6500 ns, Cleanup: 12700 ns, At safepoint: 2000 ns, Total: 21200 ns
[659.134s][info ][safepoint      ] Safepoint "Cleanup", Time since last: 8000616486 ns, Reaching safepoint: 6700 ns, Cleanup: 9400 ns, At safepoint: 2400 ns, Total: 18500 ns
[659.975s][info ][gc,start       ] GC(23) Pause Young (Allocation Failure)
[659.977s][debug][gc,phases      ] GC(23) Scavenge 2.167ms
[659.977s][debug][gc,ref         ] GC(23) ReferenceProcessor::execute queues: 1, RefProcThreadModel::Single, marks_oops_alive: false
[659.977s][debug][gc,ref         ] GC(23) Skipped KeepAliveFinalRefsPhase of Reference Processing: no references
[659.977s][debug][gc,ref         ] GC(23) ReferenceProcessor::execute queues: 1, RefProcThreadModel::Single, marks_oops_alive: false
[659.977s][debug][gc,phases      ] GC(23) Reference Processing 0.092ms
[659.978s][debug][gc,phases      ] GC(23)   VM Weak                        Min:  0.0, Avg:  0.0, Max:  0.0, Diff:  0.0, Sum:  0.0, Workers: 4
[659.978s][debug][gc,phases      ] GC(23)     Dead                           Min: 0, Avg:  0.0, Max: 0, Diff: 0, Sum: 0, Workers: 4
[659.978s][debug][gc,phases      ] GC(23)     Total                          Min: 0, Avg: 233.8, Max: 807, Diff: 807, Sum: 935, Workers: 4
[659.978s][debug][gc,phases      ] GC(23)   ObjectSynchronizer Weak        Min:  0.0, Avg:  0.0, Max:  0.0, Diff:  0.0, Sum:  0.0, Workers: 4
[659.978s][debug][gc,phases      ] GC(23)     Dead                           Min: 0, Avg:  0.0, Max: 0, Diff: 0, Sum: 0, Workers: 4
[659.978s][debug][gc,phases      ] GC(23)     Total                          Min: 0, Avg:  0.8, Max: 3, Diff: 3, Sum: 3, Workers: 4
[659.978s][debug][gc,phases      ] GC(23)   JVMTI Tag Weak OopStorage      Min:  0.0, Avg:  0.0, Max:  0.0, Diff:  0.0, Sum:  0.0, Workers: 4
[659.978s][debug][gc,phases      ] GC(23)     Dead                           Min: 0, Avg:  0.0, Max: 0, Diff: 0, Sum: 0, Workers: 4
[659.978s][debug][gc,phases      ] GC(23)     Total                          Min: 0, Avg:  0.0, Max: 0, Diff: 0, Sum: 0, Workers: 4
[659.978s][debug][gc,phases      ] GC(23)   StringTable Weak               Min:  0.0, Avg:  0.1, Max:  0.1, Diff:  0.1, Sum:  0.4, Workers: 4
[659.978s][debug][gc,phases      ] GC(23)     Dead                           Min: 0, Avg:  0.0, Max: 0, Diff: 0, Sum: 0, Workers: 4
[659.978s][debug][gc,phases      ] GC(23)     Total                          Min: 0, Avg: 11919.2, Max: 20285, Diff: 20285, Sum: 47677, Workers: 4
[659.978s][debug][gc,phases      ] GC(23)   ResolvedMethodTable Weak       Min:  0.0, Avg:  0.0, Max:  0.0, Diff:  0.0, Sum:  0.1, Workers: 4
[659.978s][debug][gc,phases      ] GC(23)     Dead                           Min: 0, Avg:  4.0, Max: 16, Diff: 16, Sum: 16, Workers: 4
[659.978s][debug][gc,phases      ] GC(23)     Total                          Min: 0, Avg: 3829.2, Max: 6396, Diff: 6396, Sum: 15317, Workers: 4
[659.978s][debug][gc,phases      ] GC(23)   JNI Weak                       Min:  0.0, Avg:  0.0, Max:  0.0, Diff:  0.0, Sum:  0.0, Workers: 4
[659.978s][debug][gc,phases      ] GC(23)     Dead                           Min: 0, Avg:  0.0, Max: 0, Diff: 0, Sum: 0, Workers: 4
[659.978s][debug][gc,phases      ] GC(23)     Total                          Min: 0, Avg: 13.0, Max: 52, Diff: 52, Sum: 52, Workers: 4
[659.978s][debug][gc,phases      ] GC(23)   StringDedup Table Weak         Min:  0.0, Avg:  0.0, Max:  0.0, Diff:  0.0, Sum:  0.0, Workers: 4
[659.978s][debug][gc,phases      ] GC(23)     Dead                           Min: 0, Avg:  0.0, Max: 0, Diff: 0, Sum: 0, Workers: 4
[659.978s][debug][gc,phases      ] GC(23)     Total                          Min: 0, Avg:  0.0, Max: 0, Diff: 0, Sum: 0, Workers: 4
[659.978s][debug][gc,phases      ] GC(23)   StringDedup Requests0 Weak     Min:  0.0, Avg:  0.0, Max:  0.0, Diff:  0.0, Sum:  0.0, Workers: 4
[659.978s][debug][gc,phases      ] GC(23)     Dead                           Min: 0, Avg:  0.0, Max: 0, Diff: 0, Sum: 0, Workers: 4
[659.978s][debug][gc,phases      ] GC(23)     Total                          Min: 0, Avg:  0.0, Max: 0, Diff: 0, Sum: 0, Workers: 4
[659.978s][debug][gc,phases      ] GC(23)   StringDedup Requests1 Weak     Min:  0.0, Avg:  0.0, Max:  0.0, Diff:  0.0, Sum:  0.0, Workers: 4
[659.978s][debug][gc,phases      ] GC(23)     Dead                           Min: 0, Avg:  0.0, Max: 0, Diff: 0, Sum: 0, Workers: 4
[659.978s][debug][gc,phases      ] GC(23)     Total                          Min: 0, Avg:  0.0, Max: 0, Diff: 0, Sum: 0, Workers: 4
[659.978s][debug][gc,phases      ] GC(23)   Weak JFR Old Object Samples    Min:  0.0, Avg:  0.0, Max:  0.0, Diff:  0.0, Sum:  0.0, Workers: 4
[659.978s][debug][gc,phases      ] GC(23)     Dead                           Min: 0, Avg:  0.0, Max: 0, Diff: 0, Sum: 0, Workers: 4
[659.978s][debug][gc,phases      ] GC(23)     Total                          Min: 0, Avg:  0.0, Max: 0, Diff: 0, Sum: 0, Workers: 4
[659.978s][debug][gc,phases      ] GC(23) Weak Processing 0.363ms
[659.978s][debug][gc,age         ] GC(23) Desired survivor size 215482368 bytes, new threshold 1 (max threshold 15)
[659.978s][info ][gc,heap        ] GC(23) PSYoungGen: 1648688K(1876480K)->2496K(1866752K) Eden: 1646080K(1646080K)->0K(1646080K) From: 2608K(230400K)->2496K(220672K)
[659.978s][info ][gc,heap        ] GC(23) ParOldGen: 257905K(258048K)->258746K(259072K)
[659.978s][info ][gc,metaspace   ] GC(23) Metaspace: 106305K(107584K)->106305K(107584K) NonClass: 90084K(90816K)->90084K(90816K) Class: 16221K(16768K)->16221K(16768K)
[659.978s][info ][gc             ] GC(23) Pause Young (Allocation Failure) 1861M->255M(2076M) 2.731ms
[659.978s][info ][gc,cpu         ] GC(23) User=0.00s Sys=0.00s Real=0.00s
[659.978s][info ][safepoint      ] Safepoint "ParallelGCFailedAllocation", Time since last: 841103566 ns, Reaching safepoint: 81000 ns, Cleanup: 4000 ns, At safepoint: 2792928 ns, Total: 2877928 ns
[661.978s][info ][safepoint      ] Safepoint "Cleanup", Time since last: 2000181455 ns, Reaching safepoint: 83400 ns, Cleanup: 12701 ns, At safepoint: 7500 ns, Total: 103601 ns
[664.979s][info ][safepoint      ] Safepoint "Cleanup", Time since last: 3000271382 ns, Reaching safepoint: 82501 ns, Cleanup: 11200 ns, At safepoint: 6900 ns, Total: 100601 ns
[667.979s][info ][safepoint      ] Safepoint "Cleanup", Time since last: 3000267166 ns, Reaching safepoint: 79501 ns, Cleanup: 9800 ns, At safepoint: 6700 ns, Total: 96001 ns
[674.980s][info ][safepoint      ] Safepoint "Cleanup", Time since last: 7000560542 ns, Reaching safepoint: 6500 ns, Cleanup: 9101 ns, At safepoint: 24700 ns, Total: 40301 ns
[679.980s][info ][safepoint      ] Safepoint "Cleanup", Time since last: 5000390160 ns, Reaching safepoint: 6400 ns, Cleanup: 9600 ns, At safepoint: 2100 ns, Total: 18100 ns
[680.980s][info ][safepoint      ] Safepoint "Cleanup", Time since last: 1000108593 ns, Reaching safepoint: 5600 ns, Cleanup: 8800 ns, At safepoint: 2100 ns, Total: 16500 ns
[683.980s][info ][safepoint      ] Safepoint "Cleanup", Time since last: 3000254749 ns, Reaching safepoint: 6100 ns, Cleanup: 11800 ns, At safepoint: 1800 ns, Total: 19700 ns
[685.981s][info ][safepoint      ] Safepoint "Cleanup", Time since last: 2000175092 ns, Reaching safepoint: 5200 ns, Cleanup: 8900 ns, At safepoint: 1800 ns, Total: 15900 ns
[690.981s][info ][safepoint      ] Safepoint "Cleanup", Time since last: 5000381878 ns, Reaching safepoint: 6500 ns, Cleanup: 11800 ns, At safepoint: 2100 ns, Total: 20400 ns
[691.981s][info ][safepoint      ] Safepoint "Cleanup", Time since last: 1000116759 ns, Reaching safepoint: 6600 ns, Cleanup: 12500 ns, At safepoint: 2200 ns, Total: 21300 ns
[702.982s][info ][safepoint      ] Safepoint "Cleanup", Time since last: 11000842759 ns, Reaching safepoint: 6000 ns, Cleanup: 10500 ns, At safepoint: 22000 ns, Total: 38500 ns
[704.982s][info ][safepoint      ] Safepoint "Cleanup", Time since last: 2000172324 ns, Reaching safepoint: 6000 ns, Cleanup: 7600 ns, At safepoint: 1800 ns, Total: 15400 ns
[705.982s][info ][safepoint      ] Safepoint "Cleanup", Time since last: 1000130413 ns, Reaching safepoint: 6800 ns, Cleanup: 9100 ns, At safepoint: 2400 ns, Total: 18300 ns
[707.983s][info ][safepoint      ] Safepoint "Cleanup", Time since last: 2000182526 ns, Reaching safepoint: 6200 ns, Cleanup: 8700 ns, At safepoint: 1900 ns, Total: 16800 ns
[708.983s][info ][safepoint      ] Safepoint "Cleanup", Time since last: 1000103415 ns, Reaching safepoint: 6500 ns, Cleanup: 10600 ns, At safepoint: 2001 ns, Total: 19101 ns
[715.983s][info ][safepoint      ] Safepoint "Cleanup", Time since last: 7000541514 ns, Reaching safepoint: 5900 ns, Cleanup: 9701 ns, At safepoint: 2200 ns, Total: 17801 ns
[718.477s][info ][gc,start       ] GC(24) Pause Young (Allocation Failure)
[718.479s][debug][gc,phases      ] GC(24) Scavenge 2.192ms
[718.479s][debug][gc,ref         ] GC(24) ReferenceProcessor::execute queues: 1, RefProcThreadModel::Single, marks_oops_alive: false
[718.479s][debug][gc,ref         ] GC(24) Skipped KeepAliveFinalRefsPhase of Reference Processing: no references
[718.479s][debug][gc,ref         ] GC(24) Skipped PhantomRefsPhase of Reference Processing: no references
[718.479s][debug][gc,phases      ] GC(24) Reference Processing 0.096ms
[718.479s][debug][gc,phases      ] GC(24)   VM Weak                        Min:  0.0, Avg:  0.0, Max:  0.0, Diff:  0.0, Sum:  0.0, Workers: 4
[718.479s][debug][gc,phases      ] GC(24)     Dead                           Min: 0, Avg:  0.0, Max: 0, Diff: 0, Sum: 0, Workers: 4
[718.479s][debug][gc,phases      ] GC(24)     Total                          Min: 0, Avg: 233.8, Max: 871, Diff: 871, Sum: 935, Workers: 4
[718.479s][debug][gc,phases      ] GC(24)   ObjectSynchronizer Weak        Min:  0.0, Avg:  0.0, Max:  0.0, Diff:  0.0, Sum:  0.0, Workers: 4
[718.479s][debug][gc,phases      ] GC(24)     Dead                           Min: 0, Avg:  0.0, Max: 0, Diff: 0, Sum: 0, Workers: 4
[718.479s][debug][gc,phases      ] GC(24)     Total                          Min: 0, Avg:  0.8, Max: 3, Diff: 3, Sum: 3, Workers: 4
[718.479s][debug][gc,phases      ] GC(24)   JVMTI Tag Weak OopStorage      Min:  0.0, Avg:  0.0, Max:  0.0, Diff:  0.0, Sum:  0.0, Workers: 4
[718.479s][debug][gc,phases      ] GC(24)     Dead                           Min: 0, Avg:  0.0, Max: 0, Diff: 0, Sum: 0, Workers: 4
[718.479s][debug][gc,phases      ] GC(24)     Total                          Min: 0, Avg:  0.0, Max: 0, Diff: 0, Sum: 0, Workers: 4
[718.479s][debug][gc,phases      ] GC(24)   StringTable Weak               Min:  0.0, Avg:  0.1, Max:  0.1, Diff:  0.1, Sum:  0.4, Workers: 4
[718.479s][debug][gc,phases      ] GC(24)     Dead                           Min: 0, Avg:  0.0, Max: 0, Diff: 0, Sum: 0, Workers: 4
[718.479s][debug][gc,phases      ] GC(24)     Total                          Min: 0, Avg: 11919.2, Max: 20992, Diff: 20992, Sum: 47677, Workers: 4
[718.479s][debug][gc,phases      ] GC(24)   ResolvedMethodTable Weak       Min:  0.0, Avg:  0.0, Max:  0.0, Diff:  0.0, Sum:  0.1, Workers: 4
[718.479s][debug][gc,phases      ] GC(24)     Dead                           Min: 0, Avg:  4.2, Max: 17, Diff: 17, Sum: 17, Workers: 4
[718.479s][debug][gc,phases      ] GC(24)     Total                          Min: 0, Avg: 3829.5, Max: 6669, Diff: 6669, Sum: 15318, Workers: 4
[718.479s][debug][gc,phases      ] GC(24)   JNI Weak                       Min:  0.0, Avg:  0.0, Max:  0.0, Diff:  0.0, Sum:  0.0, Workers: 4
[718.479s][debug][gc,phases      ] GC(24)     Dead                           Min: 0, Avg:  0.0, Max: 0, Diff: 0, Sum: 0, Workers: 4
[718.479s][debug][gc,phases      ] GC(24)     Total                          Min: 0, Avg: 13.0, Max: 52, Diff: 52, Sum: 52, Workers: 4
[718.479s][debug][gc,phases      ] GC(24)   StringDedup Table Weak         Min:  0.0, Avg:  0.0, Max:  0.0, Diff:  0.0, Sum:  0.0, Workers: 4
[718.479s][debug][gc,phases      ] GC(24)     Dead                           Min: 0, Avg:  0.0, Max: 0, Diff: 0, Sum: 0, Workers: 4
[718.480s][debug][gc,phases      ] GC(24)     Total                          Min: 0, Avg:  0.0, Max: 0, Diff: 0, Sum: 0, Workers: 4
[718.480s][debug][gc,phases      ] GC(24)   StringDedup Requests0 Weak     Min:  0.0, Avg:  0.0, Max:  0.0, Diff:  0.0, Sum:  0.0, Workers: 4
[718.480s][debug][gc,phases      ] GC(24)     Dead                           Min: 0, Avg:  0.0, Max: 0, Diff: 0, Sum: 0, Workers: 4
[718.480s][debug][gc,phases      ] GC(24)     Total                          Min: 0, Avg:  0.0, Max: 0, Diff: 0, Sum: 0, Workers: 4
[718.480s][debug][gc,phases      ] GC(24)   StringDedup Requests1 Weak     Min:  0.0, Avg:  0.0, Max:  0.0, Diff:  0.0, Sum:  0.0, Workers: 4
[718.480s][debug][gc,phases      ] GC(24)     Dead                           Min: 0, Avg:  0.0, Max: 0, Diff: 0, Sum: 0, Workers: 4
[718.480s][debug][gc,phases      ] GC(24)     Total                          Min: 0, Avg:  0.0, Max: 0, Diff: 0, Sum: 0, Workers: 4
[718.480s][debug][gc,phases      ] GC(24)   Weak JFR Old Object Samples    Min:  0.0, Avg:  0.0, Max:  0.0, Diff:  0.0, Sum:  0.0, Workers: 4
[718.480s][debug][gc,phases      ] GC(24)     Dead                           Min: 0, Avg:  0.0, Max: 0, Diff: 0, Sum: 0, Workers: 4
[718.480s][debug][gc,phases      ] GC(24)     Total                          Min: 0, Avg:  0.0, Max: 0, Diff: 0, Sum: 0, Workers: 4
[718.480s][debug][gc,phases      ] GC(24) Weak Processing 0.376ms
[718.480s][debug][gc,age         ] GC(24) Desired survivor size 204996608 bytes, new threshold 1 (max threshold 15)
[718.480s][info ][gc,heap        ] GC(24) PSYoungGen: 1648576K(1866752K)->2160K(1896960K) Eden: 1646080K(1646080K)->0K(1686528K) From: 2496K(220672K)->2160K(210432K)
[718.480s][info ][gc,heap        ] GC(24) ParOldGen: 258746K(259072K)->260294K(260608K)
[718.480s][info ][gc,metaspace   ] GC(24) Metaspace: 106338K(107584K)->106338K(107584K) NonClass: 90116K(90816K)->90116K(90816K) Class: 16221K(16768K)->16221K(16768K)
[718.480s][info ][gc             ] GC(24) Pause Young (Allocation Failure) 1862M->256M(2107M) 2.762ms
[718.480s][info ][gc,cpu         ] GC(24) User=0.01s Sys=0.00s Real=0.00s
[718.480s][info ][safepoint      ] Safepoint "ParallelGCFailedAllocation", Time since last: 2493584233 ns, Reaching safepoint: 6300 ns, Cleanup: 3800 ns, At safepoint: 2818128 ns, Total: 2828228 ns
[723.480s][info ][safepoint      ] Safepoint "Cleanup", Time since last: 5000366997 ns, Reaching safepoint: 5700 ns, Cleanup: 27700 ns, At safepoint: 2100 ns, Total: 35500 ns
[724.480s][info ][safepoint      ] Safepoint "Cleanup", Time since last: 1000108201 ns, Reaching safepoint: 5300 ns, Cleanup: 11201 ns, At safepoint: 2000 ns, Total: 18501 ns
[725.480s][info ][safepoint      ] Safepoint "Cleanup", Time since last: 1000097796 ns, Reaching safepoint: 5500 ns, Cleanup: 15500 ns, At safepoint: 1600 ns, Total: 22600 ns
[726.480s][info ][safepoint      ] Safepoint "Cleanup", Time since last: 1000097996 ns, Reaching safepoint: 4600 ns, Cleanup: 54201 ns, At safepoint: 1700 ns, Total: 60501 ns
[727.481s][info ][safepoint      ] Safepoint "Cleanup", Time since last: 1000096196 ns, Reaching safepoint: 5800 ns, Cleanup: 22200 ns, At safepoint: 1600 ns, Total: 29600 ns
[728.481s][info ][safepoint      ] Safepoint "Cleanup", Time since last: 1000110696 ns, Reaching safepoint: 6100 ns, Cleanup: 9400 ns, At safepoint: 2300 ns, Total: 17800 ns
[729.481s][info ][safepoint      ] Safepoint "Cleanup", Time since last: 1000109397 ns, Reaching safepoint: 5700 ns, Cleanup: 32800 ns, At safepoint: 1700 ns, Total: 40200 ns
[730.481s][info ][safepoint      ] Safepoint "Cleanup", Time since last: 1000105196 ns, Reaching safepoint: 6100 ns, Cleanup: 14300 ns, At safepoint: 1900 ns, Total: 22300 ns
[731.481s][info ][safepoint      ] Safepoint "Cleanup", Time since last: 1000101997 ns, Reaching safepoint: 5800 ns, Cleanup: 19700 ns, At safepoint: 2000 ns, Total: 27500 ns
[733.481s][info ][safepoint      ] Safepoint "Cleanup", Time since last: 2000171559 ns, Reaching safepoint: 5700 ns, Cleanup: 8900 ns, At safepoint: 20601 ns, Total: 35201 ns
[734.481s][info ][safepoint      ] Safepoint "Cleanup", Time since last: 1000120972 ns, Reaching safepoint: 6400 ns, Cleanup: 8700 ns, At safepoint: 1700 ns, Total: 16800 ns
[735.482s][info ][safepoint      ] Safepoint "Cleanup", Time since last: 1000119972 ns, Reaching safepoint: 6400 ns, Cleanup: 10500 ns, At safepoint: 2000 ns, Total: 18900 ns
[737.482s][info ][safepoint      ] Safepoint "Cleanup", Time since last: 2000178944 ns, Reaching safepoint: 5500 ns, Cleanup: 8300 ns, At safepoint: 1800 ns, Total: 15600 ns
[738.482s][info ][safepoint      ] Safepoint "Cleanup", Time since last: 1000126872 ns, Reaching safepoint: 6900 ns, Cleanup: 15400 ns, At safepoint: 2000 ns, Total: 24300 ns
[739.482s][info ][safepoint      ] Safepoint "Cleanup", Time since last: 1000106072 ns, Reaching safepoint: 6000 ns, Cleanup: 65101 ns, At safepoint: 1800 ns, Total: 72901 ns
[740.482s][info ][safepoint      ] Safepoint "Cleanup", Time since last: 1000101478 ns, Reaching safepoint: 5801 ns, Cleanup: 48600 ns, At safepoint: 1800 ns, Total: 56201 ns
[742.482s][info ][safepoint      ] Safepoint "Cleanup", Time since last: 2000207590 ns, Reaching safepoint: 6000 ns, Cleanup: 10000 ns, At safepoint: 2000 ns, Total: 18000 ns
[744.483s][info ][safepoint      ] Safepoint "Cleanup", Time since last: 2000188791 ns, Reaching safepoint: 6400 ns, Cleanup: 10300 ns, At safepoint: 2200 ns, Total: 18900 ns
[749.483s][info ][safepoint      ] Safepoint "Cleanup", Time since last: 5000425583 ns, Reaching safepoint: 6700 ns, Cleanup: 9800 ns, At safepoint: 2300 ns, Total: 18800 ns
[750.483s][info ][safepoint      ] Safepoint "Cleanup", Time since last: 1000123299 ns, Reaching safepoint: 6600 ns, Cleanup: 12001 ns, At safepoint: 1900 ns, Total: 20501 ns
[751.483s][info ][safepoint      ] Safepoint "Cleanup", Time since last: 1000108799 ns, Reaching safepoint: 6200 ns, Cleanup: 8500 ns, At safepoint: 1700 ns, Total: 16400 ns
[758.484s][info ][safepoint      ] Safepoint "Cleanup", Time since last: 7000540384 ns, Reaching safepoint: 6200 ns, Cleanup: 61100 ns, At safepoint: 2000 ns, Total: 69300 ns
[759.484s][info ][safepoint      ] Safepoint "Cleanup", Time since last: 1000109396 ns, Reaching safepoint: 5300 ns, Cleanup: 59101 ns, At safepoint: 3200 ns, Total: 67601 ns
[760.484s][info ][safepoint      ] Safepoint "Cleanup", Time since last: 1000109995 ns, Reaching safepoint: 5100 ns, Cleanup: 16100 ns, At safepoint: 2000 ns, Total: 23200 ns
[763.485s][info ][safepoint      ] Safepoint "Cleanup", Time since last: 3000255187 ns, Reaching safepoint: 7100 ns, Cleanup: 9900 ns, At safepoint: 2100 ns, Total: 19100 ns
[764.485s][info ][safepoint      ] Safepoint "Cleanup", Time since last: 1000113876 ns, Reaching safepoint: 5801 ns, Cleanup: 8800 ns, At safepoint: 1600 ns, Total: 16201 ns
[769.485s][info ][safepoint      ] Safepoint "Cleanup", Time since last: 5000407463 ns, Reaching safepoint: 6500 ns, Cleanup: 9100 ns, At safepoint: 2200 ns, Total: 17800 ns
[773.485s][info ][safepoint      ] Safepoint "Cleanup", Time since last: 4000319351 ns, Reaching safepoint: 6700 ns, Cleanup: 10400 ns, At safepoint: 1900 ns, Total: 19000 ns
[776.975s][info ][gc,start       ] GC(25) Pause Young (Allocation Failure)
[776.977s][debug][gc,phases      ] GC(25) Scavenge 1.902ms
[776.977s][debug][gc,ref         ] GC(25) ReferenceProcessor::execute queues: 1, RefProcThreadModel::Single, marks_oops_alive: false
[776.977s][debug][gc,ref         ] GC(25) Skipped KeepAliveFinalRefsPhase of Reference Processing: no references
[776.977s][debug][gc,ref         ] GC(25) ReferenceProcessor::execute queues: 1, RefProcThreadModel::Single, marks_oops_alive: false
[776.977s][debug][gc,phases      ] GC(25) Reference Processing 0.093ms
[776.978s][debug][gc,phases      ] GC(25)   VM Weak                        Min:  0.0, Avg:  0.0, Max:  0.0, Diff:  0.0, Sum:  0.0, Workers: 4
[776.978s][debug][gc,phases      ] GC(25)     Dead                           Min: 0, Avg:  0.0, Max: 0, Diff: 0, Sum: 0, Workers: 4
[776.978s][debug][gc,phases      ] GC(25)     Total                          Min: 0, Avg: 233.8, Max: 487, Diff: 487, Sum: 935, Workers: 4
[776.978s][debug][gc,phases      ] GC(25)   ObjectSynchronizer Weak        Min:  0.0, Avg:  0.0, Max:  0.0, Diff:  0.0, Sum:  0.0, Workers: 4
[776.978s][debug][gc,phases      ] GC(25)     Dead                           Min: 0, Avg:  0.0, Max: 0, Diff: 0, Sum: 0, Workers: 4
[776.978s][debug][gc,phases      ] GC(25)     Total                          Min: 0, Avg:  0.8, Max: 3, Diff: 3, Sum: 3, Workers: 4
[776.978s][debug][gc,phases      ] GC(25)   JVMTI Tag Weak OopStorage      Min:  0.0, Avg:  0.0, Max:  0.0, Diff:  0.0, Sum:  0.0, Workers: 4
[776.978s][debug][gc,phases      ] GC(25)     Dead                           Min: 0, Avg:  0.0, Max: 0, Diff: 0, Sum: 0, Workers: 4
[776.978s][debug][gc,phases      ] GC(25)     Total                          Min: 0, Avg:  0.0, Max: 0, Diff: 0, Sum: 0, Workers: 4
[776.978s][debug][gc,phases      ] GC(25)   StringTable Weak               Min:  0.0, Avg:  0.1, Max:  0.1, Diff:  0.1, Sum:  0.4, Workers: 4
[776.978s][debug][gc,phases      ] GC(25)     Dead                           Min: 0, Avg:  0.0, Max: 0, Diff: 0, Sum: 0, Workers: 4
[776.978s][debug][gc,phases      ] GC(25)     Total                          Min: 0, Avg: 11919.5, Max: 20608, Diff: 20608, Sum: 47678, Workers: 4
[776.978s][debug][gc,phases      ] GC(25)   ResolvedMethodTable Weak       Min:  0.0, Avg:  0.0, Max:  0.0, Diff:  0.0, Sum:  0.1, Workers: 4
[776.978s][debug][gc,phases      ] GC(25)     Dead                           Min: 0, Avg:  4.0, Max: 11, Diff: 11, Sum: 16, Workers: 4
[776.978s][debug][gc,phases      ] GC(25)     Total                          Min: 0, Avg: 3830.0, Max: 6610, Diff: 6610, Sum: 15320, Workers: 4
[776.978s][debug][gc,phases      ] GC(25)   JNI Weak                       Min:  0.0, Avg:  0.0, Max:  0.0, Diff:  0.0, Sum:  0.0, Workers: 4
[776.978s][debug][gc,phases      ] GC(25)     Dead                           Min: 0, Avg:  0.0, Max: 0, Diff: 0, Sum: 0, Workers: 4
[776.978s][debug][gc,phases      ] GC(25)     Total                          Min: 0, Avg: 13.0, Max: 52, Diff: 52, Sum: 52, Workers: 4
[776.978s][debug][gc,phases      ] GC(25)   StringDedup Table Weak         Min:  0.0, Avg:  0.0, Max:  0.0, Diff:  0.0, Sum:  0.0, Workers: 4
[776.978s][debug][gc,phases      ] GC(25)     Dead                           Min: 0, Avg:  0.0, Max: 0, Diff: 0, Sum: 0, Workers: 4
[776.978s][debug][gc,phases      ] GC(25)     Total                          Min: 0, Avg:  0.0, Max: 0, Diff: 0, Sum: 0, Workers: 4
[776.978s][debug][gc,phases      ] GC(25)   StringDedup Requests0 Weak     Min:  0.0, Avg:  0.0, Max:  0.0, Diff:  0.0, Sum:  0.0, Workers: 4
[776.978s][debug][gc,phases      ] GC(25)     Dead                           Min: 0, Avg:  0.0, Max: 0, Diff: 0, Sum: 0, Workers: 4
[776.978s][debug][gc,phases      ] GC(25)     Total                          Min: 0, Avg:  0.0, Max: 0, Diff: 0, Sum: 0, Workers: 4
[776.978s][debug][gc,phases      ] GC(25)   StringDedup Requests1 Weak     Min:  0.0, Avg:  0.0, Max:  0.0, Diff:  0.0, Sum:  0.0, Workers: 4
[776.978s][debug][gc,phases      ] GC(25)     Dead                           Min: 0, Avg:  0.0, Max: 0, Diff: 0, Sum: 0, Workers: 4
[776.978s][debug][gc,phases      ] GC(25)     Total                          Min: 0, Avg:  0.0, Max: 0, Diff: 0, Sum: 0, Workers: 4
[776.978s][debug][gc,phases      ] GC(25)   Weak JFR Old Object Samples    Min:  0.0, Avg:  0.0, Max:  0.0, Diff:  0.0, Sum:  0.0, Workers: 4
[776.978s][debug][gc,phases      ] GC(25)     Dead                           Min: 0, Avg:  0.0, Max: 0, Diff: 0, Sum: 0, Workers: 4
[776.978s][debug][gc,phases      ] GC(25)     Total                          Min: 0, Avg:  0.0, Max: 0, Diff: 0, Sum: 0, Workers: 4
[776.978s][debug][gc,phases      ] GC(25) Weak Processing 0.342ms
[776.978s][debug][gc,age         ] GC(25) Desired survivor size 194510848 bytes, new threshold 1 (max threshold 15)
[776.978s][info ][gc,heap        ] GC(25) PSYoungGen: 1688688K(1896960K)->1936K(1886720K) Eden: 1686528K(1686528K)->0K(1686528K) From: 2160K(210432K)->1936K(200192K)
[776.978s][info ][gc,heap        ] GC(25) ParOldGen: 260294K(260608K)->261386K(261632K)
[776.978s][info ][gc,metaspace   ] GC(25) Metaspace: 106369K(107648K)->106369K(107648K) NonClass: 90147K(90880K)->90147K(90880K) Class: 16221K(16768K)->16221K(16768K)
[776.978s][info ][gc             ] GC(25) Pause Young (Allocation Failure) 1903M->257M(2098M) 2.429ms
[776.978s][info ][gc,cpu         ] GC(25) User=0.01s Sys=0.00s Real=0.00s
[776.978s][info ][safepoint      ] Safepoint "ParallelGCFailedAllocation", Time since last: 3489641417 ns, Reaching safepoint: 100901 ns, Cleanup: 4700 ns, At safepoint: 2486824 ns, Total: 2592425 ns
[780.978s][info ][safepoint      ] Safepoint "Cleanup", Time since last: 4000293924 ns, Reaching safepoint: 80000 ns, Cleanup: 22301 ns, At safepoint: 6100 ns, Total: 108401 ns
[781.978s][info ][safepoint      ] Safepoint "Cleanup", Time since last: 1000108106 ns, Reaching safepoint: 80801 ns, Cleanup: 20800 ns, At safepoint: 6100 ns, Total: 107701 ns
[782.979s][info ][safepoint      ] Safepoint "Cleanup", Time since last: 1000114807 ns, Reaching safepoint: 81001 ns, Cleanup: 10400 ns, At safepoint: 7200 ns, Total: 98601 ns
[784.979s][info ][safepoint      ] Safepoint "Cleanup", Time since last: 2000190312 ns, Reaching safepoint: 82301 ns, Cleanup: 14000 ns, At safepoint: 7500 ns, Total: 103801 ns
[798.980s][info ][safepoint      ] Safepoint "Cleanup", Time since last: 14001081683 ns, Reaching safepoint: 6000 ns, Cleanup: 9700 ns, At safepoint: 2000 ns, Total: 17700 ns
[799.980s][info ][safepoint      ] Safepoint "Cleanup", Time since last: 1000113636 ns, Reaching safepoint: 5900 ns, Cleanup: 13800 ns, At safepoint: 2000 ns, Total: 21700 ns
[801.980s][info ][safepoint      ] Safepoint "Cleanup", Time since last: 2000182470 ns, Reaching safepoint: 5800 ns, Cleanup: 10600 ns, At safepoint: 2000 ns, Total: 18400 ns
[802.980s][info ][safepoint      ] Safepoint "Cleanup", Time since last: 1000120736 ns, Reaching safepoint: 5700 ns, Cleanup: 8200 ns, At safepoint: 1900 ns, Total: 15800 ns
[809.981s][info ][safepoint      ] Safepoint "Cleanup", Time since last: 7000539412 ns, Reaching safepoint: 5400 ns, Cleanup: 11400 ns, At safepoint: 2100 ns, Total: 18900 ns
[816.982s][info ][safepoint      ] Safepoint "Cleanup", Time since last: 7000537460 ns, Reaching safepoint: 4900 ns, Cleanup: 8700 ns, At safepoint: 1600 ns, Total: 15200 ns
[824.982s][info ][safepoint      ] Safepoint "Cleanup", Time since last: 8000667119 ns, Reaching safepoint: 6500 ns, Cleanup: 9900 ns, At safepoint: 2200 ns, Total: 18600 ns
[826.982s][info ][safepoint      ] Safepoint "Cleanup", Time since last: 2000185817 ns, Reaching safepoint: 5500 ns, Cleanup: 9100 ns, At safepoint: 1600 ns, Total: 16200 ns
[827.983s][info ][safepoint      ] Safepoint "Cleanup", Time since last: 1000105323 ns, Reaching safepoint: 6100 ns, Cleanup: 13801 ns, At safepoint: 2000 ns, Total: 21901 ns
[830.983s][info ][safepoint      ] Safepoint "Cleanup", Time since last: 3000269278 ns, Reaching safepoint: 5300 ns, Cleanup: 7800 ns, At safepoint: 1700 ns, Total: 14800 ns
[836.020s][info ][gc,start       ] GC(26) Pause Young (Allocation Failure)
[836.022s][debug][gc,phases      ] GC(26) Scavenge 2.007ms
[836.022s][debug][gc,ref         ] GC(26) ReferenceProcessor::execute queues: 1, RefProcThreadModel::Single, marks_oops_alive: false
[836.022s][debug][gc,ref         ] GC(26) Skipped KeepAliveFinalRefsPhase of Reference Processing: no references
[836.022s][debug][gc,ref         ] GC(26) Skipped PhantomRefsPhase of Reference Processing: no references
[836.022s][debug][gc,phases      ] GC(26) Reference Processing 0.093ms
[836.022s][debug][gc,phases      ] GC(26)   VM Weak                        Min:  0.0, Avg:  0.0, Max:  0.0, Diff:  0.0, Sum:  0.0, Workers: 4
[836.022s][debug][gc,phases      ] GC(26)     Dead                           Min: 0, Avg:  0.0, Max: 0, Diff: 0, Sum: 0, Workers: 4
[836.022s][debug][gc,phases      ] GC(26)     Total                          Min: 0, Avg: 233.8, Max: 935, Diff: 935, Sum: 935, Workers: 4
[836.022s][debug][gc,phases      ] GC(26)   ObjectSynchronizer Weak        Min:  0.0, Avg:  0.0, Max:  0.0, Diff:  0.0, Sum:  0.0, Workers: 4
[836.022s][debug][gc,phases      ] GC(26)     Dead                           Min: 0, Avg:  0.0, Max: 0, Diff: 0, Sum: 0, Workers: 4
[836.022s][debug][gc,phases      ] GC(26)     Total                          Min: 0, Avg:  0.8, Max: 3, Diff: 3, Sum: 3, Workers: 4
[836.023s][debug][gc,phases      ] GC(26)   JVMTI Tag Weak OopStorage      Min:  0.0, Avg:  0.0, Max:  0.0, Diff:  0.0, Sum:  0.0, Workers: 4
[836.023s][debug][gc,phases      ] GC(26)     Dead                           Min: 0, Avg:  0.0, Max: 0, Diff: 0, Sum: 0, Workers: 4
[836.023s][debug][gc,phases      ] GC(26)     Total                          Min: 0, Avg:  0.0, Max: 0, Diff: 0, Sum: 0, Workers: 4
[836.023s][debug][gc,phases      ] GC(26)   StringTable Weak               Min:  0.0, Avg:  0.1, Max:  0.1, Diff:  0.1, Sum:  0.4, Workers: 4
[836.023s][debug][gc,phases      ] GC(26)     Dead                           Min: 0, Avg:  0.0, Max: 0, Diff: 0, Sum: 0, Workers: 4
[836.023s][debug][gc,phases      ] GC(26)     Total                          Min: 0, Avg: 11919.5, Max: 20800, Diff: 20800, Sum: 47678, Workers: 4
[836.023s][debug][gc,phases      ] GC(26)   ResolvedMethodTable Weak       Min:  0.0, Avg:  0.0, Max:  0.0, Diff:  0.0, Sum:  0.1, Workers: 4
[836.023s][debug][gc,phases      ] GC(26)     Dead                           Min: 0, Avg:  4.0, Max: 16, Diff: 16, Sum: 16, Workers: 4
[836.023s][debug][gc,phases      ] GC(26)     Total                          Min: 0, Avg: 3830.0, Max: 6626, Diff: 6626, Sum: 15320, Workers: 4
[836.023s][debug][gc,phases      ] GC(26)   JNI Weak                       Min:  0.0, Avg:  0.0, Max:  0.0, Diff:  0.0, Sum:  0.0, Workers: 4
[836.023s][debug][gc,phases      ] GC(26)     Dead                           Min: 0, Avg:  0.0, Max: 0, Diff: 0, Sum: 0, Workers: 4
[836.023s][debug][gc,phases      ] GC(26)     Total                          Min: 0, Avg: 13.0, Max: 52, Diff: 52, Sum: 52, Workers: 4
[836.023s][debug][gc,phases      ] GC(26)   StringDedup Table Weak         Min:  0.0, Avg:  0.0, Max:  0.0, Diff:  0.0, Sum:  0.0, Workers: 4
[836.023s][debug][gc,phases      ] GC(26)     Dead                           Min: 0, Avg:  0.0, Max: 0, Diff: 0, Sum: 0, Workers: 4
[836.023s][debug][gc,phases      ] GC(26)     Total                          Min: 0, Avg:  0.0, Max: 0, Diff: 0, Sum: 0, Workers: 4
[836.023s][debug][gc,phases      ] GC(26)   StringDedup Requests0 Weak     Min:  0.0, Avg:  0.0, Max:  0.0, Diff:  0.0, Sum:  0.0, Workers: 4
[836.023s][debug][gc,phases      ] GC(26)     Dead                           Min: 0, Avg:  0.0, Max: 0, Diff: 0, Sum: 0, Workers: 4
[836.023s][debug][gc,phases      ] GC(26)     Total                          Min: 0, Avg:  0.0, Max: 0, Diff: 0, Sum: 0, Workers: 4
[836.023s][debug][gc,phases      ] GC(26)   StringDedup Requests1 Weak     Min:  0.0, Avg:  0.0, Max:  0.0, Diff:  0.0, Sum:  0.0, Workers: 4
[836.023s][debug][gc,phases      ] GC(26)     Dead                           Min: 0, Avg:  0.0, Max: 0, Diff: 0, Sum: 0, Workers: 4
[836.023s][debug][gc,phases      ] GC(26)     Total                          Min: 0, Avg:  0.0, Max: 0, Diff: 0, Sum: 0, Workers: 4
[836.023s][debug][gc,phases      ] GC(26)   Weak JFR Old Object Samples    Min:  0.0, Avg:  0.0, Max:  0.0, Diff:  0.0, Sum:  0.0, Workers: 4
[836.023s][debug][gc,phases      ] GC(26)     Dead                           Min: 0, Avg:  0.0, Max: 0, Diff: 0, Sum: 0, Workers: 4
[836.023s][debug][gc,phases      ] GC(26)     Total                          Min: 0, Avg:  0.0, Max: 0, Diff: 0, Sum: 0, Workers: 4
[836.023s][debug][gc,phases      ] GC(26) Weak Processing 0.346ms
[836.023s][debug][gc,age         ] GC(26) Desired survivor size 184025088 bytes, new threshold 1 (max threshold 15)
[836.023s][info ][gc,heap        ] GC(26) PSYoungGen: 1688464K(1886720K)->1776K(1917440K) Eden: 1686528K(1686528K)->0K(1727488K) From: 1936K(200192K)->1776K(189952K)
[836.023s][info ][gc,heap        ] GC(26) ParOldGen: 261386K(261632K)->261914K(262144K)
[836.023s][info ][gc,metaspace   ] GC(26) Metaspace: 106403K(107648K)->106403K(107648K) NonClass: 90181K(90880K)->90181K(90880K) Class: 16221K(16768K)->16221K(16768K)
[836.023s][info ][gc             ] GC(26) Pause Young (Allocation Failure) 1904M->257M(2128M) 2.543ms
[836.023s][info ][gc,cpu         ] GC(26) User=0.01s Sys=0.00s Real=0.01s
[836.023s][info ][safepoint      ] Safepoint "ParallelGCFailedAllocation", Time since last: 5037218410 ns, Reaching safepoint: 5900 ns, Cleanup: 3900 ns, At safepoint: 2600028 ns, Total: 2609828 ns
[839.023s][info ][safepoint      ] Safepoint "Cleanup", Time since last: 3000224263 ns, Reaching safepoint: 4900 ns, Cleanup: 8200 ns, At safepoint: 2000 ns, Total: 15100 ns
[840.023s][info ][safepoint      ] Safepoint "Cleanup", Time since last: 1000094788 ns, Reaching safepoint: 5300 ns, Cleanup: 9300 ns, At safepoint: 1800 ns, Total: 16400 ns
[849.024s][info ][safepoint      ] Safepoint "Cleanup", Time since last: 9000662348 ns, Reaching safepoint: 80601 ns, Cleanup: 6100 ns, At safepoint: 6300 ns, Total: 93001 ns
[850.024s][info ][safepoint      ] Safepoint "Cleanup", Time since last: 1000123302 ns, Reaching safepoint: 80401 ns, Cleanup: 7200 ns, At safepoint: 6300 ns, Total: 93901 ns
[852.024s][info ][safepoint      ] Safepoint "Cleanup", Time since last: 2000179171 ns, Reaching safepoint: 75701 ns, Cleanup: 10000 ns, At safepoint: 5400 ns, Total: 91101 ns
[854.024s][info ][safepoint      ] Safepoint "Cleanup", Time since last: 2000169224 ns, Reaching safepoint: 77400 ns, Cleanup: 8901 ns, At safepoint: 5200 ns, Total: 91501 ns
[857.025s][info ][safepoint      ] Safepoint "Cleanup", Time since last: 3000242635 ns, Reaching safepoint: 77201 ns, Cleanup: 9600 ns, At safepoint: 15700 ns, Total: 102501 ns
[861.025s][info ][safepoint      ] Safepoint "Cleanup", Time since last: 4000339352 ns, Reaching safepoint: 79501 ns, Cleanup: 17300 ns, At safepoint: 11700 ns, Total: 108501 ns
[863.026s][info ][safepoint      ] Safepoint "Cleanup", Time since last: 2000176930 ns, Reaching safepoint: 77401 ns, Cleanup: 10200 ns, At safepoint: 5200 ns, Total: 92801 ns
[865.026s][info ][safepoint      ] Safepoint "Cleanup", Time since last: 2000213031 ns, Reaching safepoint: 79000 ns, Cleanup: 8500 ns, At safepoint: 5301 ns, Total: 92801 ns
[871.026s][info ][safepoint      ] Safepoint "Cleanup", Time since last: 6000452611 ns, Reaching safepoint: 77501 ns, Cleanup: 8500 ns, At safepoint: 6300 ns, Total: 92301 ns
[873.027s][info ][safepoint      ] Safepoint "Cleanup", Time since last: 2000190028 ns, Reaching safepoint: 82601 ns, Cleanup: 9500 ns, At safepoint: 6700 ns, Total: 98801 ns
[875.027s][info ][safepoint      ] Safepoint "Cleanup", Time since last: 2000198729 ns, Reaching safepoint: 82100 ns, Cleanup: 9400 ns, At safepoint: 6201 ns, Total: 97701 ns
[893.028s][info ][safepoint      ] Safepoint "Cleanup", Time since last: 18001388442 ns, Reaching safepoint: 80600 ns, Cleanup: 11301 ns, At safepoint: 6400 ns, Total: 98301 ns
[896.029s][info ][safepoint      ] Safepoint "Cleanup", Time since last: 3000251096 ns, Reaching safepoint: 77501 ns, Cleanup: 10900 ns, At safepoint: 5401 ns, Total: 93802 ns
[896.033s][info ][gc,start       ] GC(27) Pause Young (Allocation Failure)
[896.035s][debug][gc,phases      ] GC(27) Scavenge 2.294ms
[896.035s][debug][gc,ref         ] GC(27) ReferenceProcessor::execute queues: 1, RefProcThreadModel::Single, marks_oops_alive: false
[896.035s][debug][gc,ref         ] GC(27) Skipped KeepAliveFinalRefsPhase of Reference Processing: no references
[896.035s][debug][gc,ref         ] GC(27) Skipped PhantomRefsPhase of Reference Processing: no references
[896.035s][debug][gc,phases      ] GC(27) Reference Processing 0.091ms
[896.035s][debug][gc,phases      ] GC(27)   VM Weak                        Min:  0.0, Avg:  0.0, Max:  0.0, Diff:  0.0, Sum:  0.0, Workers: 4
[896.035s][debug][gc,phases      ] GC(27)     Dead                           Min: 0, Avg:  0.0, Max: 0, Diff: 0, Sum: 0, Workers: 4
[896.035s][debug][gc,phases      ] GC(27)     Total                          Min: 0, Avg: 233.8, Max: 487, Diff: 487, Sum: 935, Workers: 4
[896.035s][debug][gc,phases      ] GC(27)   ObjectSynchronizer Weak        Min:  0.0, Avg:  0.0, Max:  0.0, Diff:  0.0, Sum:  0.0, Workers: 4
[896.035s][debug][gc,phases      ] GC(27)     Dead                           Min: 0, Avg:  0.0, Max: 0, Diff: 0, Sum: 0, Workers: 4
[896.035s][debug][gc,phases      ] GC(27)     Total                          Min: 0, Avg:  0.8, Max: 3, Diff: 3, Sum: 3, Workers: 4
[896.035s][debug][gc,phases      ] GC(27)   JVMTI Tag Weak OopStorage      Min:  0.0, Avg:  0.0, Max:  0.0, Diff:  0.0, Sum:  0.0, Workers: 4
[896.035s][debug][gc,phases      ] GC(27)     Dead                           Min: 0, Avg:  0.0, Max: 0, Diff: 0, Sum: 0, Workers: 4
[896.035s][debug][gc,phases      ] GC(27)     Total                          Min: 0, Avg:  0.0, Max: 0, Diff: 0, Sum: 0, Workers: 4
[896.035s][debug][gc,phases      ] GC(27)   StringTable Weak               Min:  0.0, Avg:  0.1, Max:  0.1, Diff:  0.1, Sum:  0.4, Workers: 4
[896.035s][debug][gc,phases      ] GC(27)     Dead                           Min: 0, Avg:  0.0, Max: 0, Diff: 0, Sum: 0, Workers: 4
[896.035s][debug][gc,phases      ] GC(27)     Total                          Min: 0, Avg: 11919.5, Max: 19648, Diff: 19648, Sum: 47678, Workers: 4
[896.035s][debug][gc,phases      ] GC(27)   ResolvedMethodTable Weak       Min:  0.0, Avg:  0.0, Max:  0.0, Diff:  0.0, Sum:  0.1, Workers: 4
[896.035s][debug][gc,phases      ] GC(27)     Dead                           Min: 0, Avg:  4.0, Max: 16, Diff: 16, Sum: 16, Workers: 4
[896.035s][debug][gc,phases      ] GC(27)     Total                          Min: 0, Avg: 3830.0, Max: 6548, Diff: 6548, Sum: 15320, Workers: 4
[896.035s][debug][gc,phases      ] GC(27)   JNI Weak                       Min:  0.0, Avg:  0.0, Max:  0.0, Diff:  0.0, Sum:  0.0, Workers: 4
[896.035s][debug][gc,phases      ] GC(27)     Dead                           Min: 0, Avg:  0.0, Max: 0, Diff: 0, Sum: 0, Workers: 4
[896.035s][debug][gc,phases      ] GC(27)     Total                          Min: 0, Avg: 13.0, Max: 52, Diff: 52, Sum: 52, Workers: 4
[896.035s][debug][gc,phases      ] GC(27)   StringDedup Table Weak         Min:  0.0, Avg:  0.0, Max:  0.0, Diff:  0.0, Sum:  0.0, Workers: 4
[896.035s][debug][gc,phases      ] GC(27)     Dead                           Min: 0, Avg:  0.0, Max: 0, Diff: 0, Sum: 0, Workers: 4
[896.035s][debug][gc,phases      ] GC(27)     Total                          Min: 0, Avg:  0.0, Max: 0, Diff: 0, Sum: 0, Workers: 4
[896.035s][debug][gc,phases      ] GC(27)   StringDedup Requests0 Weak     Min:  0.0, Avg:  0.0, Max:  0.0, Diff:  0.0, Sum:  0.0, Workers: 4
[896.035s][debug][gc,phases      ] GC(27)     Dead                           Min: 0, Avg:  0.0, Max: 0, Diff: 0, Sum: 0, Workers: 4
[896.035s][debug][gc,phases      ] GC(27)     Total                          Min: 0, Avg:  0.0, Max: 0, Diff: 0, Sum: 0, Workers: 4
[896.035s][debug][gc,phases      ] GC(27)   StringDedup Requests1 Weak     Min:  0.0, Avg:  0.0, Max:  0.0, Diff:  0.0, Sum:  0.0, Workers: 4
[896.035s][debug][gc,phases      ] GC(27)     Dead                           Min: 0, Avg:  0.0, Max: 0, Diff: 0, Sum: 0, Workers: 4
[896.035s][debug][gc,phases      ] GC(27)     Total                          Min: 0, Avg:  0.0, Max: 0, Diff: 0, Sum: 0, Workers: 4
[896.035s][debug][gc,phases      ] GC(27)   Weak JFR Old Object Samples    Min:  0.0, Avg:  0.0, Max:  0.0, Diff:  0.0, Sum:  0.0, Workers: 4
[896.035s][debug][gc,phases      ] GC(27)     Dead                           Min: 0, Avg:  0.0, Max: 0, Diff: 0, Sum: 0, Workers: 4
[896.035s][debug][gc,phases      ] GC(27)     Total                          Min: 0, Avg:  0.0, Max: 0, Diff: 0, Sum: 0, Workers: 4
[896.035s][debug][gc,phases      ] GC(27) Weak Processing 0.344ms
[896.035s][debug][gc,age         ] GC(27) Desired survivor size 174063616 bytes, new threshold 1 (max threshold 15)
[896.035s][info ][gc,heap        ] GC(27) PSYoungGen: 1729264K(1917440K)->2144K(1907200K) Eden: 1727488K(1727488K)->0K(1727488K) From: 1776K(189952K)->2144K(179712K)
[896.035s][info ][gc,heap        ] GC(27) ParOldGen: 261914K(262144K)->262338K(262656K)
[896.035s][info ][gc,metaspace   ] GC(27) Metaspace: 106422K(107712K)->106422K(107712K) NonClass: 90200K(90944K)->90200K(90944K) Class: 16221K(16768K)->16221K(16768K)
[896.035s][info ][gc             ] GC(27) Pause Young (Allocation Failure) 1944M->258M(2119M) 2.805ms
[896.035s][info ][gc,cpu         ] GC(27) User=0.01s Sys=0.01s Real=0.00s
[896.035s][info ][safepoint      ] Safepoint "ParallelGCFailedAllocation", Time since last: 3653041 ns, Reaching safepoint: 1900 ns, Cleanup: 1600 ns, At safepoint: 2872733 ns, Total: 2876233 ns
[915.037s][info ][safepoint      ] Safepoint "Cleanup", Time since last: 19001333082 ns, Reaching safepoint: 7100 ns, Cleanup: 78101 ns, At safepoint: 3600 ns, Total: 88801 ns
[916.037s][info ][safepoint      ] Safepoint "Cleanup", Time since last: 1000114745 ns, Reaching safepoint: 83401 ns, Cleanup: 9900 ns, At safepoint: 6700 ns, Total: 100001 ns
[922.037s][info ][safepoint      ] Safepoint "Cleanup", Time since last: 6000478660 ns, Reaching safepoint: 7000 ns, Cleanup: 9500 ns, At safepoint: 2200 ns, Total: 18700 ns
[925.038s][info ][safepoint      ] Safepoint "Cleanup", Time since last: 3000264336 ns, Reaching safepoint: 21900 ns, Cleanup: 10600 ns, At safepoint: 2300 ns, Total: 34800 ns
[926.038s][info ][safepoint      ] Safepoint "Cleanup", Time since last: 1000118740 ns, Reaching safepoint: 7100 ns, Cleanup: 8700 ns, At safepoint: 2000 ns, Total: 17800 ns
[934.039s][info ][safepoint      ] Safepoint "Cleanup", Time since last: 8000679220 ns, Reaching safepoint: 7000 ns, Cleanup: 9300 ns, At safepoint: 2300 ns, Total: 18600 ns
[935.039s][info ][safepoint      ] Safepoint "Cleanup", Time since last: 1000156788 ns, Reaching safepoint: 7100 ns, Cleanup: 12600 ns, At safepoint: 2100 ns, Total: 21800 ns
[943.039s][info ][safepoint      ] Safepoint "Cleanup", Time since last: 8000632273 ns, Reaching safepoint: 6900 ns, Cleanup: 9100 ns, At safepoint: 2100 ns, Total: 18100 ns
[945.040s][info ][safepoint      ] Safepoint "Cleanup", Time since last: 2000186572 ns, Reaching safepoint: 7400 ns, Cleanup: 17900 ns, At safepoint: 2300 ns, Total: 27600 ns
[946.040s][info ][safepoint      ] Safepoint "Cleanup", Time since last: 1000113086 ns, Reaching safepoint: 6700 ns, Cleanup: 12700 ns, At safepoint: 2000 ns, Total: 21400 ns
[947.040s][info ][safepoint      ] Safepoint "Cleanup", Time since last: 1000106686 ns, Reaching safepoint: 6200 ns, Cleanup: 18000 ns, At safepoint: 1700 ns, Total: 25900 ns
[951.040s][info ][safepoint      ] Safepoint "Cleanup", Time since last: 4000302981 ns, Reaching safepoint: 7000 ns, Cleanup: 8800 ns, At safepoint: 2100 ns, Total: 17900 ns
[953.040s][info ][safepoint      ] Safepoint "Cleanup", Time since last: 2000171669 ns, Reaching safepoint: 6200 ns, Cleanup: 8200 ns, At safepoint: 2000 ns, Total: 16400 ns
[955.041s][info ][safepoint      ] Safepoint "Cleanup", Time since last: 2000170770 ns, Reaching safepoint: 7000 ns, Cleanup: 10900 ns, At safepoint: 1700 ns, Total: 19600 ns
[955.046s][info ][gc,start       ] GC(28) Pause Young (Allocation Failure)
[955.048s][debug][gc,phases      ] GC(28) Scavenge 1.842ms
[955.048s][debug][gc,ref         ] GC(28) ReferenceProcessor::execute queues: 1, RefProcThreadModel::Single, marks_oops_alive: false
[955.048s][debug][gc,ref         ] GC(28) Skipped KeepAliveFinalRefsPhase of Reference Processing: no references
[955.048s][debug][gc,ref         ] GC(28) ReferenceProcessor::execute queues: 1, RefProcThreadModel::Single, marks_oops_alive: false
[955.048s][debug][gc,phases      ] GC(28) Reference Processing 0.095ms
[955.048s][debug][gc,phases      ] GC(28)   VM Weak                        Min:  0.0, Avg:  0.0, Max:  0.0, Diff:  0.0, Sum:  0.0, Workers: 4
[955.048s][debug][gc,phases      ] GC(28)     Dead                           Min: 0, Avg:  0.0, Max: 0, Diff: 0, Sum: 0, Workers: 4
[955.048s][debug][gc,phases      ] GC(28)     Total                          Min: 0, Avg: 233.8, Max: 768, Diff: 768, Sum: 935, Workers: 4
[955.048s][debug][gc,phases      ] GC(28)   ObjectSynchronizer Weak        Min:  0.0, Avg:  0.0, Max:  0.0, Diff:  0.0, Sum:  0.0, Workers: 4
[955.048s][debug][gc,phases      ] GC(28)     Dead                           Min: 0, Avg:  0.0, Max: 0, Diff: 0, Sum: 0, Workers: 4
[955.048s][debug][gc,phases      ] GC(28)     Total                          Min: 0, Avg:  0.8, Max: 3, Diff: 3, Sum: 3, Workers: 4
[955.048s][debug][gc,phases      ] GC(28)   JVMTI Tag Weak OopStorage      Min:  0.0, Avg:  0.0, Max:  0.0, Diff:  0.0, Sum:  0.0, Workers: 4
[955.048s][debug][gc,phases      ] GC(28)     Dead                           Min: 0, Avg:  0.0, Max: 0, Diff: 0, Sum: 0, Workers: 4
[955.048s][debug][gc,phases      ] GC(28)     Total                          Min: 0, Avg:  0.0, Max: 0, Diff: 0, Sum: 0, Workers: 4
[955.048s][debug][gc,phases      ] GC(28)   StringTable Weak               Min:  0.0, Avg:  0.1, Max:  0.1, Diff:  0.1, Sum:  0.4, Workers: 4
[955.048s][debug][gc,phases      ] GC(28)     Dead                           Min: 0, Avg:  0.0, Max: 0, Diff: 0, Sum: 0, Workers: 4
[955.048s][debug][gc,phases      ] GC(28)     Total                          Min: 0, Avg: 11924.0, Max: 20352, Diff: 20352, Sum: 47696, Workers: 4
[955.048s][debug][gc,phases      ] GC(28)   ResolvedMethodTable Weak       Min:  0.0, Avg:  0.0, Max:  0.0, Diff:  0.0, Sum:  0.1, Workers: 4
[955.048s][debug][gc,phases      ] GC(28)     Dead                           Min: 0, Avg:  4.0, Max: 16, Diff: 16, Sum: 16, Workers: 4
[955.048s][debug][gc,phases      ] GC(28)     Total                          Min: 0, Avg: 3830.0, Max: 6659, Diff: 6659, Sum: 15320, Workers: 4
[955.048s][debug][gc,phases      ] GC(28)   JNI Weak                       Min:  0.0, Avg:  0.0, Max:  0.0, Diff:  0.0, Sum:  0.0, Workers: 4
[955.048s][debug][gc,phases      ] GC(28)     Dead                           Min: 0, Avg:  0.0, Max: 0, Diff: 0, Sum: 0, Workers: 4
[955.048s][debug][gc,phases      ] GC(28)     Total                          Min: 0, Avg: 13.0, Max: 52, Diff: 52, Sum: 52, Workers: 4
[955.048s][debug][gc,phases      ] GC(28)   StringDedup Table Weak         Min:  0.0, Avg:  0.0, Max:  0.0, Diff:  0.0, Sum:  0.0, Workers: 4
[955.048s][debug][gc,phases      ] GC(28)     Dead                           Min: 0, Avg:  0.0, Max: 0, Diff: 0, Sum: 0, Workers: 4
[955.048s][debug][gc,phases      ] GC(28)     Total                          Min: 0, Avg:  0.0, Max: 0, Diff: 0, Sum: 0, Workers: 4
[955.048s][debug][gc,phases      ] GC(28)   StringDedup Requests0 Weak     Min:  0.0, Avg:  0.0, Max:  0.0, Diff:  0.0, Sum:  0.0, Workers: 4
[955.048s][debug][gc,phases      ] GC(28)     Dead                           Min: 0, Avg:  0.0, Max: 0, Diff: 0, Sum: 0, Workers: 4
[955.048s][debug][gc,phases      ] GC(28)     Total                          Min: 0, Avg:  0.0, Max: 0, Diff: 0, Sum: 0, Workers: 4
[955.048s][debug][gc,phases      ] GC(28)   StringDedup Requests1 Weak     Min:  0.0, Avg:  0.0, Max:  0.0, Diff:  0.0, Sum:  0.0, Workers: 4
[955.048s][debug][gc,phases      ] GC(28)     Dead                           Min: 0, Avg:  0.0, Max: 0, Diff: 0, Sum: 0, Workers: 4
[955.048s][debug][gc,phases      ] GC(28)     Total                          Min: 0, Avg:  0.0, Max: 0, Diff: 0, Sum: 0, Workers: 4
[955.048s][debug][gc,phases      ] GC(28)   Weak JFR Old Object Samples    Min:  0.0, Avg:  0.0, Max:  0.0, Diff:  0.0, Sum:  0.0, Workers: 4
[955.048s][debug][gc,phases      ] GC(28)     Dead                           Min: 0, Avg:  0.0, Max: 0, Diff: 0, Sum: 0, Workers: 4
[955.048s][debug][gc,phases      ] GC(28)     Total                          Min: 0, Avg:  0.0, Max: 0, Diff: 0, Sum: 0, Workers: 4
[955.048s][debug][gc,phases      ] GC(28) Weak Processing 0.378ms
[955.048s][debug][gc,age         ] GC(28) Desired survivor size 164102144 bytes, new threshold 1 (max threshold 15)
[955.048s][info ][gc,heap        ] GC(28) PSYoungGen: 1729632K(1907200K)->2016K(1936896K) Eden: 1727488K(1727488K)->0K(1766912K) From: 2144K(179712K)->2016K(169984K)
[955.048s][info ][gc,heap        ] GC(28) ParOldGen: 262338K(262656K)->262919K(263168K)
[955.048s][info ][gc,metaspace   ] GC(28) Metaspace: 106439K(107712K)->106439K(107712K) NonClass: 90217K(90944K)->90217K(90944K) Class: 16221K(16768K)->16221K(16768K)
[955.048s][info ][gc             ] GC(28) Pause Young (Allocation Failure) 1945M->258M(2148M) 2.403ms
[955.048s][info ][gc,cpu         ] GC(28) User=0.01s Sys=0.00s Real=0.00s
[955.048s][info ][safepoint      ] Safepoint "ParallelGCFailedAllocation", Time since last: 4999654 ns, Reaching safepoint: 4500 ns, Cleanup: 2600 ns, At safepoint: 2462726 ns, Total: 2469826 ns
[958.048s][info ][safepoint      ] Safepoint "Cleanup", Time since last: 3000219890 ns, Reaching safepoint: 5600 ns, Cleanup: 7100 ns, At safepoint: 1600 ns, Total: 14300 ns
[961.049s][info ][safepoint      ] Safepoint "Cleanup", Time since last: 3000246241 ns, Reaching safepoint: 5700 ns, Cleanup: 8200 ns, At safepoint: 2000 ns, Total: 15900 ns
[967.049s][info ][safepoint      ] Safepoint "Cleanup", Time since last: 6000460612 ns, Reaching safepoint: 6100 ns, Cleanup: 8600 ns, At safepoint: 1800 ns, Total: 16500 ns
[972.049s][info ][safepoint      ] Safepoint "Cleanup", Time since last: 5000382170 ns, Reaching safepoint: 7000 ns, Cleanup: 13600 ns, At safepoint: 2500 ns, Total: 23100 ns
[974.050s][info ][safepoint      ] Safepoint "Cleanup", Time since last: 2000192801 ns, Reaching safepoint: 7800 ns, Cleanup: 9601 ns, At safepoint: 8600 ns, Total: 26001 ns
[975.050s][info ][safepoint      ] Safepoint "Cleanup", Time since last: 1000108801 ns, Reaching safepoint: 76400 ns, Cleanup: 8701 ns, At safepoint: 5300 ns, Total: 90401 ns
[986.051s][info ][safepoint      ] Safepoint "Cleanup", Time since last: 11000797994 ns, Reaching safepoint: 5300 ns, Cleanup: 21300 ns, At safepoint: 4300 ns, Total: 30900 ns
[988.051s][info ][safepoint      ] Safepoint "Cleanup", Time since last: 2000190971 ns, Reaching safepoint: 5700 ns, Cleanup: 10201 ns, At safepoint: 1800 ns, Total: 17701 ns
[992.051s][info ][safepoint      ] Safepoint "Cleanup", Time since last: 4000308045 ns, Reaching safepoint: 5700 ns, Cleanup: 10800 ns, At safepoint: 1700 ns, Total: 18200 ns
[996.052s][info ][safepoint      ] Safepoint "Cleanup", Time since last: 4000317883 ns, Reaching safepoint: 5600 ns, Cleanup: 9500 ns, At safepoint: 2300 ns, Total: 17400 ns
[1009.053s][info ][safepoint      ] Safepoint "Cleanup", Time since last: 13000934794 ns, Reaching safepoint: 5200 ns, Cleanup: 9101 ns, At safepoint: 1800 ns, Total: 16101 ns
[1010.053s][info ][safepoint      ] Safepoint "Cleanup", Time since last: 1000111320 ns, Reaching safepoint: 6300 ns, Cleanup: 9600 ns, At safepoint: 24901 ns, Total: 40801 ns
[1015.053s][info ][safepoint      ] Safepoint "Cleanup", Time since last: 5000379591 ns, Reaching safepoint: 4600 ns, Cleanup: 7100 ns, At safepoint: 1500 ns, Total: 13200 ns
[1016.975s][info ][gc,start       ] GC(29) Pause Young (Allocation Failure)
[1016.978s][debug][gc,phases      ] GC(29) Scavenge 2.651ms
[1016.978s][debug][gc,ref         ] GC(29) ReferenceProcessor::execute queues: 1, RefProcThreadModel::Single, marks_oops_alive: false
[1016.978s][debug][gc,ref         ] GC(29) Skipped KeepAliveFinalRefsPhase of Reference Processing: no references
[1016.978s][debug][gc,ref         ] GC(29) ReferenceProcessor::execute queues: 1, RefProcThreadModel::Single, marks_oops_alive: false
[1016.978s][debug][gc,phases      ] GC(29) Reference Processing 0.098ms
[1016.978s][debug][gc,phases      ] GC(29)   VM Weak                        Min:  0.0, Avg:  0.0, Max:  0.0, Diff:  0.0, Sum:  0.0, Workers: 4
[1016.978s][debug][gc,phases      ] GC(29)     Dead                           Min: 0, Avg:  0.0, Max: 0, Diff: 0, Sum: 0, Workers: 4
[1016.978s][debug][gc,phases      ] GC(29)     Total                          Min: 0, Avg: 233.8, Max: 615, Diff: 615, Sum: 935, Workers: 4
[1016.978s][debug][gc,phases      ] GC(29)   ObjectSynchronizer Weak        Min:  0.0, Avg:  0.0, Max:  0.0, Diff:  0.0, Sum:  0.0, Workers: 4
[1016.978s][debug][gc,phases      ] GC(29)     Dead                           Min: 0, Avg:  0.0, Max: 0, Diff: 0, Sum: 0, Workers: 4
[1016.978s][debug][gc,phases      ] GC(29)     Total                          Min: 0, Avg:  0.8, Max: 3, Diff: 3, Sum: 3, Workers: 4
[1016.978s][debug][gc,phases      ] GC(29)   JVMTI Tag Weak OopStorage      Min:  0.0, Avg:  0.0, Max:  0.0, Diff:  0.0, Sum:  0.0, Workers: 4
[1016.978s][debug][gc,phases      ] GC(29)     Dead                           Min: 0, Avg:  0.0, Max: 0, Diff: 0, Sum: 0, Workers: 4
[1016.978s][debug][gc,phases      ] GC(29)     Total                          Min: 0, Avg:  0.0, Max: 0, Diff: 0, Sum: 0, Workers: 4
[1016.978s][debug][gc,phases      ] GC(29)   StringTable Weak               Min:  0.0, Avg:  0.1, Max:  0.1, Diff:  0.1, Sum:  0.4, Workers: 4
[1016.978s][debug][gc,phases      ] GC(29)     Dead                           Min: 0, Avg:  0.0, Max: 0, Diff: 0, Sum: 0, Workers: 4
[1016.978s][debug][gc,phases      ] GC(29)     Total                          Min: 0, Avg: 11924.0, Max: 20736, Diff: 20736, Sum: 47696, Workers: 4
[1016.978s][debug][gc,phases      ] GC(29)   ResolvedMethodTable Weak       Min:  0.0, Avg:  0.0, Max:  0.0, Diff:  0.0, Sum:  0.1, Workers: 4
[1016.978s][debug][gc,phases      ] GC(29)     Dead                           Min: 0, Avg:  4.0, Max: 16, Diff: 16, Sum: 16, Workers: 4
[1016.978s][debug][gc,phases      ] GC(29)     Total                          Min: 0, Avg: 3830.0, Max: 6479, Diff: 6479, Sum: 15320, Workers: 4
[1016.978s][debug][gc,phases      ] GC(29)   JNI Weak                       Min:  0.0, Avg:  0.0, Max:  0.0, Diff:  0.0, Sum:  0.0, Workers: 4
[1016.978s][debug][gc,phases      ] GC(29)     Dead                           Min: 0, Avg:  0.0, Max: 0, Diff: 0, Sum: 0, Workers: 4
[1016.978s][debug][gc,phases      ] GC(29)     Total                          Min: 0, Avg: 13.0, Max: 52, Diff: 52, Sum: 52, Workers: 4
[1016.978s][debug][gc,phases      ] GC(29)   StringDedup Table Weak         Min:  0.0, Avg:  0.0, Max:  0.0, Diff:  0.0, Sum:  0.0, Workers: 4
[1016.978s][debug][gc,phases      ] GC(29)     Dead                           Min: 0, Avg:  0.0, Max: 0, Diff: 0, Sum: 0, Workers: 4
[1016.978s][debug][gc,phases      ] GC(29)     Total                          Min: 0, Avg:  0.0, Max: 0, Diff: 0, Sum: 0, Workers: 4
[1016.978s][debug][gc,phases      ] GC(29)   StringDedup Requests0 Weak     Min:  0.0, Avg:  0.0, Max:  0.0, Diff:  0.0, Sum:  0.0, Workers: 4
[1016.978s][debug][gc,phases      ] GC(29)     Dead                           Min: 0, Avg:  0.0, Max: 0, Diff: 0, Sum: 0, Workers: 4
[1016.978s][debug][gc,phases      ] GC(29)     Total                          Min: 0, Avg:  0.0, Max: 0, Diff: 0, Sum: 0, Workers: 4
[1016.978s][debug][gc,phases      ] GC(29)   StringDedup Requests1 Weak     Min:  0.0, Avg:  0.0, Max:  0.0, Diff:  0.0, Sum:  0.0, Workers: 4
[1016.978s][debug][gc,phases      ] GC(29)     Dead                           Min: 0, Avg:  0.0, Max: 0, Diff: 0, Sum: 0, Workers: 4
[1016.978s][debug][gc,phases      ] GC(29)     Total                          Min: 0, Avg:  0.0, Max: 0, Diff: 0, Sum: 0, Workers: 4
[1016.978s][debug][gc,phases      ] GC(29)   Weak JFR Old Object Samples    Min:  0.0, Avg:  0.0, Max:  0.0, Diff:  0.0, Sum:  0.0, Workers: 4
[1016.978s][debug][gc,phases      ] GC(29)     Dead                           Min: 0, Avg:  0.0, Max: 0, Diff: 0, Sum: 0, Workers: 4
[1016.978s][debug][gc,phases      ] GC(29)     Total                          Min: 0, Avg:  0.0, Max: 0, Diff: 0, Sum: 0, Workers: 4
[1016.978s][debug][gc,phases      ] GC(29) Weak Processing 0.353ms
[1016.978s][debug][gc,age         ] GC(29) Desired survivor size 154140672 bytes, new threshold 1 (max threshold 15)
[1016.978s][info ][gc,heap        ] GC(29) PSYoungGen: 1768928K(1936896K)->2048K(1927168K) Eden: 1766912K(1766912K)->0K(1766912K) From: 2016K(169984K)->2048K(160256K)
[1016.978s][info ][gc,heap        ] GC(29) ParOldGen: 262919K(263168K)->263699K(264192K)
[1016.978s][info ][gc,metaspace   ] GC(29) Metaspace: 106451K(107712K)->106451K(107712K) NonClass: 90226K(90944K)->90226K(90944K) Class: 16225K(16768K)->16225K(16768K)
[1016.978s][info ][gc             ] GC(29) Pause Young (Allocation Failure) 1984M->259M(2140M) 3.201ms
[1016.978s][info ][gc,cpu         ] GC(29) User=0.00s Sys=0.01s Real=0.00s
[1016.978s][info ][safepoint      ] Safepoint "ParallelGCFailedAllocation", Time since last: 1921979009 ns, Reaching safepoint: 78900 ns, Cleanup: 4000 ns, At safepoint: 3269735 ns, Total: 3352635 ns
[1020.979s][info ][safepoint      ] Safepoint "Cleanup", Time since last: 4000292261 ns, Reaching safepoint: 78101 ns, Cleanup: 8300 ns, At safepoint: 5300 ns, Total: 91701 ns
[1044.981s][info ][safepoint      ] Safepoint "Cleanup", Time since last: 24001799977 ns, Reaching safepoint: 5900 ns, Cleanup: 8700 ns, At safepoint: 1900 ns, Total: 16500 ns
[1052.981s][info ][safepoint      ] Safepoint "Cleanup", Time since last: 8000613877 ns, Reaching safepoint: 6000 ns, Cleanup: 10400 ns, At safepoint: 2100 ns, Total: 18500 ns
[1060.982s][info ][safepoint      ] Safepoint "Cleanup", Time since last: 8000603088 ns, Reaching safepoint: 6100 ns, Cleanup: 10600 ns, At safepoint: 1800 ns, Total: 18500 ns
[1065.982s][info ][safepoint      ] Safepoint "Cleanup", Time since last: 5000431760 ns, Reaching safepoint: 6600 ns, Cleanup: 9600 ns, At safepoint: 2100 ns, Total: 18300 ns
[1066.982s][info ][safepoint      ] Safepoint "Cleanup", Time since last: 1000120192 ns, Reaching safepoint: 5400 ns, Cleanup: 8800 ns, At safepoint: 1800 ns, Total: 16000 ns
[1067.983s][info ][safepoint      ] Safepoint "Cleanup", Time since last: 1000112892 ns, Reaching safepoint: 6300 ns, Cleanup: 21200 ns, At safepoint: 2300 ns, Total: 29800 ns
[1070.983s][info ][safepoint      ] Safepoint "Cleanup", Time since last: 3000255672 ns, Reaching safepoint: 6601 ns, Cleanup: 10600 ns, At safepoint: 2200 ns, Total: 19401 ns
[1072.983s][info ][safepoint      ] Safepoint "Cleanup", Time since last: 2000205279 ns, Reaching safepoint: 6301 ns, Cleanup: 11200 ns, At safepoint: 2100 ns, Total: 19601 ns
[1074.983s][info ][safepoint      ] Safepoint "Cleanup", Time since last: 2000180379 ns, Reaching safepoint: 5600 ns, Cleanup: 11100 ns, At safepoint: 1700 ns, Total: 18400 ns
[1079.176s][info ][gc,start       ] GC(30) Pause Young (Allocation Failure)
[1079.178s][debug][gc,phases      ] GC(30) Scavenge 1.958ms
[1079.178s][debug][gc,ref         ] GC(30) ReferenceProcessor::execute queues: 1, RefProcThreadModel::Single, marks_oops_alive: false
[1079.178s][debug][gc,ref         ] GC(30) Skipped KeepAliveFinalRefsPhase of Reference Processing: no references
[1079.178s][debug][gc,ref         ] GC(30) Skipped PhantomRefsPhase of Reference Processing: no references
[1079.178s][debug][gc,phases      ] GC(30) Reference Processing 0.116ms
[1079.178s][debug][gc,phases      ] GC(30)   VM Weak                        Min:  0.0, Avg:  0.0, Max:  0.0, Diff:  0.0, Sum:  0.0, Workers: 4
[1079.178s][debug][gc,phases      ] GC(30)     Dead                           Min: 0, Avg:  0.0, Max: 0, Diff: 0, Sum: 0, Workers: 4
[1079.178s][debug][gc,phases      ] GC(30)     Total                          Min: 0, Avg: 233.8, Max: 640, Diff: 640, Sum: 935, Workers: 4
[1079.178s][debug][gc,phases      ] GC(30)   ObjectSynchronizer Weak        Min:  0.0, Avg:  0.0, Max:  0.0, Diff:  0.0, Sum:  0.0, Workers: 4
[1079.178s][debug][gc,phases      ] GC(30)     Dead                           Min: 0, Avg:  0.0, Max: 0, Diff: 0, Sum: 0, Workers: 4
[1079.178s][debug][gc,phases      ] GC(30)     Total                          Min: 0, Avg:  0.8, Max: 3, Diff: 3, Sum: 3, Workers: 4
[1079.178s][debug][gc,phases      ] GC(30)   JVMTI Tag Weak OopStorage      Min:  0.0, Avg:  0.0, Max:  0.0, Diff:  0.0, Sum:  0.0, Workers: 4
[1079.178s][debug][gc,phases      ] GC(30)     Dead                           Min: 0, Avg:  0.0, Max: 0, Diff: 0, Sum: 0, Workers: 4
[1079.178s][debug][gc,phases      ] GC(30)     Total                          Min: 0, Avg:  0.0, Max: 0, Diff: 0, Sum: 0, Workers: 4
[1079.178s][debug][gc,phases      ] GC(30)   StringTable Weak               Min:  0.0, Avg:  0.1, Max:  0.1, Diff:  0.1, Sum:  0.4, Workers: 4
[1079.178s][debug][gc,phases      ] GC(30)     Dead                           Min: 0, Avg:  0.0, Max: 0, Diff: 0, Sum: 0, Workers: 4
[1079.178s][debug][gc,phases      ] GC(30)     Total                          Min: 0, Avg: 11924.0, Max: 20432, Diff: 20432, Sum: 47696, Workers: 4
[1079.178s][debug][gc,phases      ] GC(30)   ResolvedMethodTable Weak       Min:  0.0, Avg:  0.0, Max:  0.0, Diff:  0.0, Sum:  0.1, Workers: 4
[1079.178s][debug][gc,phases      ] GC(30)     Dead                           Min: 0, Avg:  4.0, Max: 16, Diff: 16, Sum: 16, Workers: 4
[1079.178s][debug][gc,phases      ] GC(30)     Total                          Min: 0, Avg: 3830.0, Max: 6584, Diff: 6584, Sum: 15320, Workers: 4
[1079.178s][debug][gc,phases      ] GC(30)   JNI Weak                       Min:  0.0, Avg:  0.0, Max:  0.0, Diff:  0.0, Sum:  0.0, Workers: 4
[1079.178s][debug][gc,phases      ] GC(30)     Dead                           Min: 0, Avg:  0.0, Max: 0, Diff: 0, Sum: 0, Workers: 4
[1079.178s][debug][gc,phases      ] GC(30)     Total                          Min: 0, Avg: 13.0, Max: 52, Diff: 52, Sum: 52, Workers: 4
[1079.178s][debug][gc,phases      ] GC(30)   StringDedup Table Weak         Min:  0.0, Avg:  0.0, Max:  0.0, Diff:  0.0, Sum:  0.0, Workers: 4
[1079.178s][debug][gc,phases      ] GC(30)     Dead                           Min: 0, Avg:  0.0, Max: 0, Diff: 0, Sum: 0, Workers: 4
[1079.178s][debug][gc,phases      ] GC(30)     Total                          Min: 0, Avg:  0.0, Max: 0, Diff: 0, Sum: 0, Workers: 4
[1079.178s][debug][gc,phases      ] GC(30)   StringDedup Requests0 Weak     Min:  0.0, Avg:  0.0, Max:  0.0, Diff:  0.0, Sum:  0.0, Workers: 4
[1079.178s][debug][gc,phases      ] GC(30)     Dead                           Min: 0, Avg:  0.0, Max: 0, Diff: 0, Sum: 0, Workers: 4
[1079.178s][debug][gc,phases      ] GC(30)     Total                          Min: 0, Avg:  0.0, Max: 0, Diff: 0, Sum: 0, Workers: 4
[1079.178s][debug][gc,phases      ] GC(30)   StringDedup Requests1 Weak     Min:  0.0, Avg:  0.0, Max:  0.0, Diff:  0.0, Sum:  0.0, Workers: 4
[1079.178s][debug][gc,phases      ] GC(30)     Dead                           Min: 0, Avg:  0.0, Max: 0, Diff: 0, Sum: 0, Workers: 4
[1079.178s][debug][gc,phases      ] GC(30)     Total                          Min: 0, Avg:  0.0, Max: 0, Diff: 0, Sum: 0, Workers: 4
[1079.178s][debug][gc,phases      ] GC(30)   Weak JFR Old Object Samples    Min:  0.0, Avg:  0.0, Max:  0.0, Diff:  0.0, Sum:  0.0, Workers: 4
[1079.178s][debug][gc,phases      ] GC(30)     Dead                           Min: 0, Avg:  0.0, Max: 0, Diff: 0, Sum: 0, Workers: 4
[1079.178s][debug][gc,phases      ] GC(30)     Total                          Min: 0, Avg:  0.0, Max: 0, Diff: 0, Sum: 0, Workers: 4
[1079.178s][debug][gc,phases      ] GC(30) Weak Processing 0.385ms
[1079.178s][debug][gc,age         ] GC(30) Desired survivor size 145227776 bytes, new threshold 1 (max threshold 15)
[1079.178s][info ][gc,heap        ] GC(30) PSYoungGen: 1768960K(1927168K)->1568K(1955328K) Eden: 1766912K(1766912K)->0K(1804800K) From: 2048K(160256K)->1568K(150528K)
[1079.178s][info ][gc,heap        ] GC(30) ParOldGen: 263699K(264192K)->264623K(264704K)
[1079.178s][info ][gc,metaspace   ] GC(30) Metaspace: 106451K(107712K)->106451K(107712K) NonClass: 90226K(90944K)->90226K(90944K) Class: 16225K(16768K)->16225K(16768K)
[1079.178s][info ][gc             ] GC(30) Pause Young (Allocation Failure) 1985M->259M(2168M) 2.562ms
[1079.178s][info ][gc,cpu         ] GC(30) User=0.01s Sys=0.00s Real=0.00s
[1079.178s][info ][safepoint      ] Safepoint "ParallelGCFailedAllocation", Time since last: 4192217016 ns, Reaching safepoint: 81501 ns, Cleanup: 3800 ns, At safepoint: 2624027 ns, Total: 2709328 ns
[1085.179s][info ][safepoint      ] Safepoint "Cleanup", Time since last: 6000484524 ns, Reaching safepoint: 82801 ns, Cleanup: 9200 ns, At safepoint: 6400 ns, Total: 98401 ns
[1104.180s][info ][safepoint      ] Safepoint "Cleanup", Time since last: 19001401834 ns, Reaching safepoint: 6300 ns, Cleanup: 9400 ns, At safepoint: 1700 ns, Total: 17400 ns
[1109.181s][info ][safepoint      ] Safepoint "Cleanup", Time since last: 5000391334 ns, Reaching safepoint: 6100 ns, Cleanup: 8600 ns, At safepoint: 1600 ns, Total: 16300 ns
[1110.181s][info ][safepoint      ] Safepoint "Cleanup", Time since last: 1000218612 ns, Reaching safepoint: 7300 ns, Cleanup: 6500 ns, At safepoint: 2000 ns, Total: 15800 ns
[1116.181s][info ][safepoint      ] Safepoint "Cleanup", Time since last: 6000452887 ns, Reaching safepoint: 6801 ns, Cleanup: 11100 ns, At safepoint: 1900 ns, Total: 19801 ns
[1117.181s][info ][safepoint      ] Safepoint "Cleanup", Time since last: 1000111923 ns, Reaching safepoint: 7101 ns, Cleanup: 10800 ns, At safepoint: 2000 ns, Total: 19901 ns
[1132.183s][info ][safepoint      ] Safepoint "Cleanup", Time since last: 15001225988 ns, Reaching safepoint: 8500 ns, Cleanup: 11200 ns, At safepoint: 3100 ns, Total: 22800 ns
[1143.086s][info ][gc,start       ] GC(31) Pause Young (Allocation Failure)
[1143.088s][debug][gc,phases      ] GC(31) Scavenge 2.238ms
[1143.088s][debug][gc,ref         ] GC(31) ReferenceProcessor::execute queues: 1, RefProcThreadModel::Single, marks_oops_alive: false
[1143.088s][debug][gc,ref         ] GC(31) Skipped KeepAliveFinalRefsPhase of Reference Processing: no references
[1143.088s][debug][gc,ref         ] GC(31) Skipped PhantomRefsPhase of Reference Processing: no references
[1143.088s][debug][gc,phases      ] GC(31) Reference Processing 0.116ms
[1143.089s][debug][gc,phases      ] GC(31)   VM Weak                        Min:  0.0, Avg:  0.0, Max:  0.0, Diff:  0.0, Sum:  0.0, Workers: 4
[1143.089s][debug][gc,phases      ] GC(31)     Dead                           Min: 0, Avg:  0.0, Max: 0, Diff: 0, Sum: 0, Workers: 4
[1143.089s][debug][gc,phases      ] GC(31)     Total                          Min: 0, Avg: 233.8, Max: 576, Diff: 576, Sum: 935, Workers: 4
[1143.089s][debug][gc,phases      ] GC(31)   ObjectSynchronizer Weak        Min:  0.0, Avg:  0.0, Max:  0.0, Diff:  0.0, Sum:  0.0, Workers: 4
[1143.089s][debug][gc,phases      ] GC(31)     Dead                           Min: 0, Avg:  0.0, Max: 0, Diff: 0, Sum: 0, Workers: 4
[1143.089s][debug][gc,phases      ] GC(31)     Total                          Min: 0, Avg:  0.8, Max: 3, Diff: 3, Sum: 3, Workers: 4
[1143.089s][debug][gc,phases      ] GC(31)   JVMTI Tag Weak OopStorage      Min:  0.0, Avg:  0.0, Max:  0.0, Diff:  0.0, Sum:  0.0, Workers: 4
[1143.089s][debug][gc,phases      ] GC(31)     Dead                           Min: 0, Avg:  0.0, Max: 0, Diff: 0, Sum: 0, Workers: 4
[1143.089s][debug][gc,phases      ] GC(31)     Total                          Min: 0, Avg:  0.0, Max: 0, Diff: 0, Sum: 0, Workers: 4
[1143.089s][debug][gc,phases      ] GC(31)   StringTable Weak               Min:  0.0, Avg:  0.1, Max:  0.2, Diff:  0.2, Sum:  0.5, Workers: 4
[1143.089s][debug][gc,phases      ] GC(31)     Dead                           Min: 0, Avg:  0.0, Max: 0, Diff: 0, Sum: 0, Workers: 4
[1143.089s][debug][gc,phases      ] GC(31)     Total                          Min: 0, Avg: 11924.2, Max: 16256, Diff: 16256, Sum: 47697, Workers: 4
[1143.089s][debug][gc,phases      ] GC(31)   ResolvedMethodTable Weak       Min:  0.0, Avg:  0.0, Max:  0.1, Diff:  0.1, Sum:  0.2, Workers: 4
[1143.089s][debug][gc,phases      ] GC(31)     Dead                           Min: 0, Avg:  4.0, Max: 12, Diff: 12, Sum: 16, Workers: 4
[1143.089s][debug][gc,phases      ] GC(31)     Total                          Min: 0, Avg: 3830.0, Max: 5141, Diff: 5141, Sum: 15320, Workers: 4
[1143.089s][debug][gc,phases      ] GC(31)   JNI Weak                       Min:  0.0, Avg:  0.0, Max:  0.0, Diff:  0.0, Sum:  0.0, Workers: 4
[1143.089s][debug][gc,phases      ] GC(31)     Dead                           Min: 0, Avg:  0.0, Max: 0, Diff: 0, Sum: 0, Workers: 4
[1143.089s][debug][gc,phases      ] GC(31)     Total                          Min: 0, Avg: 13.0, Max: 52, Diff: 52, Sum: 52, Workers: 4
[1143.089s][debug][gc,phases      ] GC(31)   StringDedup Table Weak         Min:  0.0, Avg:  0.0, Max:  0.0, Diff:  0.0, Sum:  0.0, Workers: 4
[1143.089s][debug][gc,phases      ] GC(31)     Dead                           Min: 0, Avg:  0.0, Max: 0, Diff: 0, Sum: 0, Workers: 4
[1143.089s][debug][gc,phases      ] GC(31)     Total                          Min: 0, Avg:  0.0, Max: 0, Diff: 0, Sum: 0, Workers: 4
[1143.089s][debug][gc,phases      ] GC(31)   StringDedup Requests0 Weak     Min:  0.0, Avg:  0.0, Max:  0.0, Diff:  0.0, Sum:  0.0, Workers: 4
[1143.089s][debug][gc,phases      ] GC(31)     Dead                           Min: 0, Avg:  0.0, Max: 0, Diff: 0, Sum: 0, Workers: 4
[1143.089s][debug][gc,phases      ] GC(31)     Total                          Min: 0, Avg:  0.0, Max: 0, Diff: 0, Sum: 0, Workers: 4
[1143.089s][debug][gc,phases      ] GC(31)   StringDedup Requests1 Weak     Min:  0.0, Avg:  0.0, Max:  0.0, Diff:  0.0, Sum:  0.0, Workers: 4
[1143.089s][debug][gc,phases      ] GC(31)     Dead                           Min: 0, Avg:  0.0, Max: 0, Diff: 0, Sum: 0, Workers: 4
[1143.089s][debug][gc,phases      ] GC(31)     Total                          Min: 0, Avg:  0.0, Max: 0, Diff: 0, Sum: 0, Workers: 4
[1143.089s][debug][gc,phases      ] GC(31)   Weak JFR Old Object Samples    Min:  0.0, Avg:  0.0, Max:  0.0, Diff:  0.0, Sum:  0.0, Workers: 4
[1143.089s][debug][gc,phases      ] GC(31)     Dead                           Min: 0, Avg:  0.0, Max: 0, Diff: 0, Sum: 0, Workers: 4
[1143.089s][debug][gc,phases      ] GC(31)     Total                          Min: 0, Avg:  0.0, Max: 0, Diff: 0, Sum: 0, Workers: 4
[1143.089s][debug][gc,phases      ] GC(31) Weak Processing 0.514ms
[1143.089s][debug][gc,age         ] GC(31) Desired survivor size 135790592 bytes, new threshold 1 (max threshold 15)
[1143.089s][info ][gc,heap        ] GC(31) PSYoungGen: 1806368K(1955328K)->1792K(1946624K) Eden: 1804800K(1804800K)->0K(1804800K) From: 1568K(150528K)->1792K(141824K)
[1143.089s][info ][gc,heap        ] GC(31) ParOldGen: 264623K(264704K)->264903K(265216K)
[1143.089s][info ][gc,metaspace   ] GC(31) Metaspace: 106453K(107712K)->106453K(107712K) NonClass: 90228K(90944K)->90228K(90944K) Class: 16225K(16768K)->16225K(16768K)
[1143.089s][info ][gc             ] GC(31) Pause Young (Allocation Failure) 2022M->260M(2160M) 2.980ms
[1143.089s][info ][gc,cpu         ] GC(31) User=0.01s Sys=0.01s Real=0.00s
[1143.089s][info ][safepoint      ] Safepoint "ParallelGCFailedAllocation", Time since last: 10903149747 ns, Reaching safepoint: 7400 ns, Cleanup: 4100 ns, At safepoint: 3051430 ns, Total: 3062930 ns
[1155.090s][info ][safepoint      ] Safepoint "Cleanup", Time since last: 12000878291 ns, Reaching safepoint: 6000 ns, Cleanup: 9700 ns, At safepoint: 2500 ns, Total: 18200 ns
[1160.090s][info ][safepoint      ] Safepoint "Cleanup", Time since last: 5000392682 ns, Reaching safepoint: 5200 ns, Cleanup: 29900 ns, At safepoint: 1700 ns, Total: 36800 ns
[1161.090s][info ][safepoint      ] Safepoint "Cleanup", Time since last: 1000102857 ns, Reaching safepoint: 5700 ns, Cleanup: 9200 ns, At safepoint: 1800 ns, Total: 16700 ns
[1165.091s][info ][safepoint      ] Safepoint "Cleanup", Time since last: 4000314550 ns, Reaching safepoint: 7000 ns, Cleanup: 9700 ns, At safepoint: 2500 ns, Total: 19200 ns
[1170.091s][info ][safepoint      ] Safepoint "Cleanup", Time since last: 5000412713 ns, Reaching safepoint: 6700 ns, Cleanup: 10200 ns, At safepoint: 2100 ns, Total: 19000 ns
[1181.092s][info ][safepoint      ] Safepoint "Cleanup", Time since last: 11000855175 ns, Reaching safepoint: 5100 ns, Cleanup: 7600 ns, At safepoint: 2000 ns, Total: 14700 ns
[1186.092s][info ][safepoint      ] Safepoint "Cleanup", Time since last: 5000402574 ns, Reaching safepoint: 7700 ns, Cleanup: 9500 ns, At safepoint: 2700 ns, Total: 19900 ns
[1207.225s][info ][gc,start       ] GC(32) Pause Young (Allocation Failure)
[1207.227s][debug][gc,phases      ] GC(32) Scavenge 1.609ms
[1207.227s][debug][gc,ref         ] GC(32) ReferenceProcessor::execute queues: 1, RefProcThreadModel::Single, marks_oops_alive: false
[1207.227s][debug][gc,ref         ] GC(32) Skipped KeepAliveFinalRefsPhase of Reference Processing: no references
[1207.227s][debug][gc,ref         ] GC(32) Skipped PhantomRefsPhase of Reference Processing: no references
[1207.227s][debug][gc,phases      ] GC(32) Reference Processing 0.094ms
[1207.227s][debug][gc,phases      ] GC(32)   VM Weak                        Min:  0.0, Avg:  0.0, Max:  0.0, Diff:  0.0, Sum:  0.0, Workers: 4
[1207.227s][debug][gc,phases      ] GC(32)     Dead                           Min: 0, Avg:  0.0, Max: 0, Diff: 0, Sum: 0, Workers: 4
[1207.227s][debug][gc,phases      ] GC(32)     Total                          Min: 0, Avg: 233.8, Max: 807, Diff: 807, Sum: 935, Workers: 4
[1207.227s][debug][gc,phases      ] GC(32)   ObjectSynchronizer Weak        Min:  0.0, Avg:  0.0, Max:  0.0, Diff:  0.0, Sum:  0.0, Workers: 4
[1207.227s][debug][gc,phases      ] GC(32)     Dead                           Min: 0, Avg:  0.0, Max: 0, Diff: 0, Sum: 0, Workers: 4
[1207.227s][debug][gc,phases      ] GC(32)     Total                          Min: 0, Avg:  0.8, Max: 3, Diff: 3, Sum: 3, Workers: 4
[1207.227s][debug][gc,phases      ] GC(32)   JVMTI Tag Weak OopStorage      Min:  0.0, Avg:  0.0, Max:  0.0, Diff:  0.0, Sum:  0.0, Workers: 4
[1207.227s][debug][gc,phases      ] GC(32)     Dead                           Min: 0, Avg:  0.0, Max: 0, Diff: 0, Sum: 0, Workers: 4
[1207.227s][debug][gc,phases      ] GC(32)     Total                          Min: 0, Avg:  0.0, Max: 0, Diff: 0, Sum: 0, Workers: 4
[1207.227s][debug][gc,phases      ] GC(32)   StringTable Weak               Min:  0.0, Avg:  0.1, Max:  0.1, Diff:  0.1, Sum:  0.4, Workers: 4
[1207.227s][debug][gc,phases      ] GC(32)     Dead                           Min: 0, Avg:  0.0, Max: 0, Diff: 0, Sum: 0, Workers: 4
[1207.227s][debug][gc,phases      ] GC(32)     Total                          Min: 0, Avg: 11924.2, Max: 20113, Diff: 20113, Sum: 47697, Workers: 4
[1207.227s][debug][gc,phases      ] GC(32)   ResolvedMethodTable Weak       Min:  0.0, Avg:  0.0, Max:  0.0, Diff:  0.0, Sum:  0.1, Workers: 4
[1207.227s][debug][gc,phases      ] GC(32)     Dead                           Min: 0, Avg:  4.0, Max: 16, Diff: 16, Sum: 16, Workers: 4
[1207.227s][debug][gc,phases      ] GC(32)     Total                          Min: 0, Avg: 3830.0, Max: 6268, Diff: 6268, Sum: 15320, Workers: 4
[1207.227s][debug][gc,phases      ] GC(32)   JNI Weak                       Min:  0.0, Avg:  0.0, Max:  0.0, Diff:  0.0, Sum:  0.0, Workers: 4
[1207.227s][debug][gc,phases      ] GC(32)     Dead                           Min: 0, Avg:  0.0, Max: 0, Diff: 0, Sum: 0, Workers: 4
[1207.227s][debug][gc,phases      ] GC(32)     Total                          Min: 0, Avg: 13.0, Max: 52, Diff: 52, Sum: 52, Workers: 4
[1207.227s][debug][gc,phases      ] GC(32)   StringDedup Table Weak         Min:  0.0, Avg:  0.0, Max:  0.0, Diff:  0.0, Sum:  0.0, Workers: 4
[1207.227s][debug][gc,phases      ] GC(32)     Dead                           Min: 0, Avg:  0.0, Max: 0, Diff: 0, Sum: 0, Workers: 4
[1207.227s][debug][gc,phases      ] GC(32)     Total                          Min: 0, Avg:  0.0, Max: 0, Diff: 0, Sum: 0, Workers: 4
[1207.227s][debug][gc,phases      ] GC(32)   StringDedup Requests0 Weak     Min:  0.0, Avg:  0.0, Max:  0.0, Diff:  0.0, Sum:  0.0, Workers: 4
[1207.227s][debug][gc,phases      ] GC(32)     Dead                           Min: 0, Avg:  0.0, Max: 0, Diff: 0, Sum: 0, Workers: 4
[1207.227s][debug][gc,phases      ] GC(32)     Total                          Min: 0, Avg:  0.0, Max: 0, Diff: 0, Sum: 0, Workers: 4
[1207.227s][debug][gc,phases      ] GC(32)   StringDedup Requests1 Weak     Min:  0.0, Avg:  0.0, Max:  0.0, Diff:  0.0, Sum:  0.0, Workers: 4
[1207.227s][debug][gc,phases      ] GC(32)     Dead                           Min: 0, Avg:  0.0, Max: 0, Diff: 0, Sum: 0, Workers: 4
[1207.227s][debug][gc,phases      ] GC(32)     Total                          Min: 0, Avg:  0.0, Max: 0, Diff: 0, Sum: 0, Workers: 4
[1207.227s][debug][gc,phases      ] GC(32)   Weak JFR Old Object Samples    Min:  0.0, Avg:  0.0, Max:  0.0, Diff:  0.0, Sum:  0.0, Workers: 4
[1207.227s][debug][gc,phases      ] GC(32)     Dead                           Min: 0, Avg:  0.0, Max: 0, Diff: 0, Sum: 0, Workers: 4
[1207.227s][debug][gc,phases      ] GC(32)     Total                          Min: 0, Avg:  0.0, Max: 0, Diff: 0, Sum: 0, Workers: 4
[1207.227s][debug][gc,phases      ] GC(32) Weak Processing 0.337ms
[1207.227s][debug][gc,age         ] GC(32) Desired survivor size 127401984 bytes, new threshold 1 (max threshold 15)
[1207.227s][info ][gc,heap        ] GC(32) PSYoungGen: 1806592K(1946624K)->2192K(1972736K) Eden: 1804800K(1804800K)->0K(1840128K) From: 1792K(141824K)->2192K(132608K)
[1207.227s][info ][gc,heap        ] GC(32) ParOldGen: 264903K(265216K)->265279K(265728K)
[1207.227s][info ][gc,metaspace   ] GC(32) Metaspace: 106463K(107712K)->106463K(107712K) NonClass: 90238K(90944K)->90238K(90944K) Class: 16225K(16768K)->16225K(16768K)
[1207.227s][info ][gc             ] GC(32) Pause Young (Allocation Failure) 2022M->261M(2186M) 2.143ms
[1207.227s][info ][gc,cpu         ] GC(32) User=0.01s Sys=0.00s Real=0.00s
[1207.227s][info ][safepoint      ] Safepoint "ParallelGCFailedAllocation", Time since last: 21132585174 ns, Reaching safepoint: 81101 ns, Cleanup: 3600 ns, At safepoint: 2201521 ns, Total: 2286222 ns
[1215.228s][info ][safepoint      ] Safepoint "Cleanup", Time since last: 8000629369 ns, Reaching safepoint: 78001 ns, Cleanup: 34700 ns, At safepoint: 6500 ns, Total: 119201 ns
[1219.229s][info ][safepoint      ] Safepoint "Cleanup", Time since last: 4000334627 ns, Reaching safepoint: 100901 ns, Cleanup: 16800 ns, At safepoint: 7600 ns, Total: 125301 ns
[1222.229s][info ][safepoint      ] Safepoint "Cleanup", Time since last: 3000246445 ns, Reaching safepoint: 78101 ns, Cleanup: 10300 ns, At safepoint: 5900 ns, Total: 94301 ns
[1223.229s][info ][safepoint      ] Safepoint "Cleanup", Time since last: 1000117333 ns, Reaching safepoint: 80901 ns, Cleanup: 8900 ns, At safepoint: 6800 ns, Total: 96601 ns
[1225.229s][info ][safepoint      ] Safepoint "Cleanup", Time since last: 2000197465 ns, Reaching safepoint: 83801 ns, Cleanup: 18600 ns, At safepoint: 29600 ns, Total: 132001 ns
[1231.230s][info ][safepoint      ] Safepoint "Cleanup", Time since last: 6000465461 ns, Reaching safepoint: 6600 ns, Cleanup: 9600 ns, At safepoint: 2700 ns, Total: 18900 ns
[1232.230s][info ][safepoint      ] Safepoint "Cleanup", Time since last: 1000110289 ns, Reaching safepoint: 6300 ns, Cleanup: 8600 ns, At safepoint: 1800 ns, Total: 16700 ns
[1234.230s][info ][safepoint      ] Safepoint "Cleanup", Time since last: 2000174877 ns, Reaching safepoint: 6300 ns, Cleanup: 8500 ns, At safepoint: 1700 ns, Total: 16500 ns
[1235.230s][info ][safepoint      ] Safepoint "Cleanup", Time since last: 1000107088 ns, Reaching safepoint: 6701 ns, Cleanup: 9300 ns, At safepoint: 1700 ns, Total: 17701 ns
[1245.231s][info ][safepoint      ] Safepoint "Cleanup", Time since last: 10000763357 ns, Reaching safepoint: 6700 ns, Cleanup: 10000 ns, At safepoint: 2100 ns, Total: 18800 ns
[1266.233s][info ][safepoint      ] Safepoint "Cleanup", Time since last: 21001573268 ns, Reaching safepoint: 6700 ns, Cleanup: 12900 ns, At safepoint: 2000 ns, Total: 21600 ns
[1273.113s][info ][gc,start       ] GC(33) Pause Young (Allocation Failure)
[1273.115s][debug][gc,phases      ] GC(33) Scavenge 1.951ms
[1273.115s][debug][gc,ref         ] GC(33) ReferenceProcessor::execute queues: 1, RefProcThreadModel::Single, marks_oops_alive: false
[1273.115s][debug][gc,ref         ] GC(33) Skipped KeepAliveFinalRefsPhase of Reference Processing: no references
[1273.115s][debug][gc,ref         ] GC(33) ReferenceProcessor::execute queues: 1, RefProcThreadModel::Single, marks_oops_alive: false
[1273.115s][debug][gc,phases      ] GC(33) Reference Processing 0.095ms
[1273.116s][debug][gc,phases      ] GC(33)   VM Weak                        Min:  0.0, Avg:  0.0, Max:  0.0, Diff:  0.0, Sum:  0.0, Workers: 4
[1273.116s][debug][gc,phases      ] GC(33)     Dead                           Min: 0, Avg:  0.0, Max: 0, Diff: 0, Sum: 0, Workers: 4
[1273.116s][debug][gc,phases      ] GC(33)     Total                          Min: 0, Avg: 233.8, Max: 807, Diff: 807, Sum: 935, Workers: 4
[1273.116s][debug][gc,phases      ] GC(33)   ObjectSynchronizer Weak        Min:  0.0, Avg:  0.0, Max:  0.0, Diff:  0.0, Sum:  0.0, Workers: 4
[1273.116s][debug][gc,phases      ] GC(33)     Dead                           Min: 0, Avg:  0.0, Max: 0, Diff: 0, Sum: 0, Workers: 4
[1273.116s][debug][gc,phases      ] GC(33)     Total                          Min: 0, Avg:  0.8, Max: 3, Diff: 3, Sum: 3, Workers: 4
[1273.116s][debug][gc,phases      ] GC(33)   JVMTI Tag Weak OopStorage      Min:  0.0, Avg:  0.0, Max:  0.0, Diff:  0.0, Sum:  0.0, Workers: 4
[1273.116s][debug][gc,phases      ] GC(33)     Dead                           Min: 0, Avg:  0.0, Max: 0, Diff: 0, Sum: 0, Workers: 4
[1273.116s][debug][gc,phases      ] GC(33)     Total                          Min: 0, Avg:  0.0, Max: 0, Diff: 0, Sum: 0, Workers: 4
[1273.116s][debug][gc,phases      ] GC(33)   StringTable Weak               Min:  0.0, Avg:  0.1, Max:  0.1, Diff:  0.1, Sum:  0.4, Workers: 4
[1273.116s][debug][gc,phases      ] GC(33)     Dead                           Min: 0, Avg:  0.0, Max: 0, Diff: 0, Sum: 0, Workers: 4
[1273.116s][debug][gc,phases      ] GC(33)     Total                          Min: 0, Avg: 11924.5, Max: 21056, Diff: 21056, Sum: 47698, Workers: 4
[1273.116s][debug][gc,phases      ] GC(33)   ResolvedMethodTable Weak       Min:  0.0, Avg:  0.0, Max:  0.0, Diff:  0.0, Sum:  0.1, Workers: 4
[1273.116s][debug][gc,phases      ] GC(33)     Dead                           Min: 0, Avg:  4.0, Max: 16, Diff: 16, Sum: 16, Workers: 4
[1273.116s][debug][gc,phases      ] GC(33)     Total                          Min: 0, Avg: 3830.0, Max: 6667, Diff: 6667, Sum: 15320, Workers: 4
[1273.116s][debug][gc,phases      ] GC(33)   JNI Weak                       Min:  0.0, Avg:  0.0, Max:  0.0, Diff:  0.0, Sum:  0.0, Workers: 4
[1273.116s][debug][gc,phases      ] GC(33)     Dead                           Min: 0, Avg:  0.0, Max: 0, Diff: 0, Sum: 0, Workers: 4
[1273.116s][debug][gc,phases      ] GC(33)     Total                          Min: 0, Avg: 13.0, Max: 52, Diff: 52, Sum: 52, Workers: 4
[1273.116s][debug][gc,phases      ] GC(33)   StringDedup Table Weak         Min:  0.0, Avg:  0.0, Max:  0.0, Diff:  0.0, Sum:  0.0, Workers: 4
[1273.116s][debug][gc,phases      ] GC(33)     Dead                           Min: 0, Avg:  0.0, Max: 0, Diff: 0, Sum: 0, Workers: 4
[1273.116s][debug][gc,phases      ] GC(33)     Total                          Min: 0, Avg:  0.0, Max: 0, Diff: 0, Sum: 0, Workers: 4
[1273.116s][debug][gc,phases      ] GC(33)   StringDedup Requests0 Weak     Min:  0.0, Avg:  0.0, Max:  0.0, Diff:  0.0, Sum:  0.0, Workers: 4
[1273.116s][debug][gc,phases      ] GC(33)     Dead                           Min: 0, Avg:  0.0, Max: 0, Diff: 0, Sum: 0, Workers: 4
[1273.116s][debug][gc,phases      ] GC(33)     Total                          Min: 0, Avg:  0.0, Max: 0, Diff: 0, Sum: 0, Workers: 4
[1273.116s][debug][gc,phases      ] GC(33)   StringDedup Requests1 Weak     Min:  0.0, Avg:  0.0, Max:  0.0, Diff:  0.0, Sum:  0.0, Workers: 4
[1273.116s][debug][gc,phases      ] GC(33)     Dead                           Min: 0, Avg:  0.0, Max: 0, Diff: 0, Sum: 0, Workers: 4
[1273.116s][debug][gc,phases      ] GC(33)     Total                          Min: 0, Avg:  0.0, Max: 0, Diff: 0, Sum: 0, Workers: 4
[1273.116s][debug][gc,phases      ] GC(33)   Weak JFR Old Object Samples    Min:  0.0, Avg:  0.0, Max:  0.0, Diff:  0.0, Sum:  0.0, Workers: 4
[1273.116s][debug][gc,phases      ] GC(33)     Dead                           Min: 0, Avg:  0.0, Max: 0, Diff: 0, Sum: 0, Workers: 4
[1273.116s][debug][gc,phases      ] GC(33)     Total                          Min: 0, Avg:  0.0, Max: 0, Diff: 0, Sum: 0, Workers: 4
[1273.116s][debug][gc,phases      ] GC(33) Weak Processing 0.358ms
[1273.116s][debug][gc,age         ] GC(33) Desired survivor size 119013376 bytes, new threshold 1 (max threshold 15)
[1273.116s][info ][gc,heap        ] GC(33) PSYoungGen: 1842320K(1972736K)->2288K(1964544K) Eden: 1840128K(1840128K)->0K(1840128K) From: 2192K(132608K)->2288K(124416K)
[1273.116s][info ][gc,heap        ] GC(33) ParOldGen: 265279K(265728K)->266071K(266240K)
[1273.116s][info ][gc,metaspace   ] GC(33) Metaspace: 106488K(107712K)->106488K(107712K) NonClass: 90262K(90944K)->90262K(90944K) Class: 16225K(16768K)->16225K(16768K)
[1273.116s][info ][gc             ] GC(33) Pause Young (Allocation Failure) 2058M->262M(2178M) 2.510ms
[1273.116s][info ][gc,cpu         ] GC(33) User=0.01s Sys=0.00s Real=0.00s
[1273.116s][info ][safepoint      ] Safepoint "ParallelGCFailedAllocation", Time since last: 6880457948 ns, Reaching safepoint: 8000 ns, Cleanup: 4900 ns, At safepoint: 2594021 ns, Total: 2606921 ns
[1275.116s][info ][safepoint      ] Safepoint "Cleanup", Time since last: 2000183044 ns, Reaching safepoint: 5800 ns, Cleanup: 6300 ns, At safepoint: 2100 ns, Total: 14200 ns
[1281.116s][info ][safepoint      ] Safepoint "Cleanup", Time since last: 6000448286 ns, Reaching safepoint: 5200 ns, Cleanup: 8300 ns, At safepoint: 1900 ns, Total: 15400 ns
[1282.117s][info ][safepoint      ] Safepoint "Cleanup", Time since last: 1000097426 ns, Reaching safepoint: 5000 ns, Cleanup: 7800 ns, At safepoint: 1900 ns, Total: 14700 ns
[1283.117s][info ][safepoint      ] Safepoint "Cleanup", Time since last: 1000097926 ns, Reaching safepoint: 5400 ns, Cleanup: 11400 ns, At safepoint: 1700 ns, Total: 18500 ns
[1284.117s][info ][safepoint      ] Safepoint "Cleanup", Time since last: 1000109525 ns, Reaching safepoint: 5500 ns, Cleanup: 7800 ns, At safepoint: 1800 ns, Total: 15100 ns
[1285.117s][info ][safepoint      ] Safepoint "Cleanup", Time since last: 1000100209 ns, Reaching safepoint: 5500 ns, Cleanup: 10100 ns, At safepoint: 2100 ns, Total: 17700 ns
[1288.117s][info ][safepoint      ] Safepoint "Cleanup", Time since last: 3000238315 ns, Reaching safepoint: 5200 ns, Cleanup: 8300 ns, At safepoint: 1800 ns, Total: 15300 ns
[1295.118s][info ][safepoint      ] Safepoint "Cleanup", Time since last: 7000544747 ns, Reaching safepoint: 81801 ns, Cleanup: 9600 ns, At safepoint: 6800 ns, Total: 98201 ns
[1298.118s][info ][safepoint      ] Safepoint "Cleanup", Time since last: 3000267023 ns, Reaching safepoint: 6701 ns, Cleanup: 14500 ns, At safepoint: 2700 ns, Total: 23901 ns
[1301.118s][info ][safepoint      ] Safepoint "Cleanup", Time since last: 3000266006 ns, Reaching safepoint: 5700 ns, Cleanup: 10300 ns, At safepoint: 2400 ns, Total: 18400 ns
[1308.119s][info ][safepoint      ] Safepoint "Cleanup", Time since last: 7000538520 ns, Reaching safepoint: 5900 ns, Cleanup: 9900 ns, At safepoint: 2200 ns, Total: 18000 ns
[1315.119s][info ][safepoint      ] Safepoint "Cleanup", Time since last: 7000523014 ns, Reaching safepoint: 6600 ns, Cleanup: 11700 ns, At safepoint: 2100 ns, Total: 20400 ns
[1324.120s][info ][safepoint      ] Safepoint "Cleanup", Time since last: 9000662291 ns, Reaching safepoint: 6300 ns, Cleanup: 10700 ns, At safepoint: 2000 ns, Total: 19000 ns
[1333.121s][info ][safepoint      ] Safepoint "Cleanup", Time since last: 9000662098 ns, Reaching safepoint: 6100 ns, Cleanup: 13600 ns, At safepoint: 2400 ns, Total: 22100 ns
[1334.121s][info ][safepoint      ] Safepoint "Cleanup", Time since last: 1000140692 ns, Reaching safepoint: 5900 ns, Cleanup: 17400 ns, At safepoint: 2000 ns, Total: 25300 ns
[1337.121s][info ][safepoint      ] Safepoint "Cleanup", Time since last: 3000255574 ns, Reaching safepoint: 8600 ns, Cleanup: 15900 ns, At safepoint: 3000 ns, Total: 27500 ns
[1339.728s][info ][gc,start       ] GC(34) Pause Young (Allocation Failure)
[1339.731s][debug][gc,phases      ] GC(34) Scavenge 2.207ms
[1339.731s][debug][gc,ref         ] GC(34) ReferenceProcessor::execute queues: 1, RefProcThreadModel::Single, marks_oops_alive: false
[1339.731s][debug][gc,ref         ] GC(34) Skipped KeepAliveFinalRefsPhase of Reference Processing: no references
[1339.731s][debug][gc,ref         ] GC(34) ReferenceProcessor::execute queues: 1, RefProcThreadModel::Single, marks_oops_alive: false
[1339.731s][debug][gc,phases      ] GC(34) Reference Processing 0.087ms
[1339.731s][debug][gc,phases      ] GC(34)   VM Weak                        Min:  0.0, Avg:  0.0, Max:  0.0, Diff:  0.0, Sum:  0.0, Workers: 4
[1339.731s][debug][gc,phases      ] GC(34)     Dead                           Min: 0, Avg:  0.0, Max: 0, Diff: 0, Sum: 0, Workers: 4
[1339.731s][debug][gc,phases      ] GC(34)     Total                          Min: 0, Avg: 233.8, Max: 551, Diff: 551, Sum: 935, Workers: 4
[1339.731s][debug][gc,phases      ] GC(34)   ObjectSynchronizer Weak        Min:  0.0, Avg:  0.0, Max:  0.0, Diff:  0.0, Sum:  0.0, Workers: 4
[1339.731s][debug][gc,phases      ] GC(34)     Dead                           Min: 0, Avg:  0.0, Max: 0, Diff: 0, Sum: 0, Workers: 4
[1339.731s][debug][gc,phases      ] GC(34)     Total                          Min: 0, Avg:  0.8, Max: 3, Diff: 3, Sum: 3, Workers: 4
[1339.731s][debug][gc,phases      ] GC(34)   JVMTI Tag Weak OopStorage      Min:  0.0, Avg:  0.0, Max:  0.0, Diff:  0.0, Sum:  0.0, Workers: 4
[1339.731s][debug][gc,phases      ] GC(34)     Dead                           Min: 0, Avg:  0.0, Max: 0, Diff: 0, Sum: 0, Workers: 4
[1339.731s][debug][gc,phases      ] GC(34)     Total                          Min: 0, Avg:  0.0, Max: 0, Diff: 0, Sum: 0, Workers: 4
[1339.731s][debug][gc,phases      ] GC(34)   StringTable Weak               Min:  0.1, Avg:  0.1, Max:  0.1, Diff:  0.0, Sum:  0.5, Workers: 4
[1339.731s][debug][gc,phases      ] GC(34)     Dead                           Min: 0, Avg:  0.0, Max: 0, Diff: 0, Sum: 0, Workers: 4
[1339.731s][debug][gc,phases      ] GC(34)     Total                          Min: 11840, Avg: 11924.5, Max: 11986, Diff: 146, Sum: 47698, Workers: 4
[1339.731s][debug][gc,phases      ] GC(34)   ResolvedMethodTable Weak       Min:  0.0, Avg:  0.0, Max:  0.0, Diff:  0.0, Sum:  0.2, Workers: 4
[1339.731s][debug][gc,phases      ] GC(34)     Dead                           Min: 0, Avg:  4.0, Max: 16, Diff: 16, Sum: 16, Workers: 4
[1339.731s][debug][gc,phases      ] GC(34)     Total                          Min: 3647, Avg: 3830.0, Max: 3997, Diff: 350, Sum: 15320, Workers: 4
[1339.731s][debug][gc,phases      ] GC(34)   JNI Weak                       Min:  0.0, Avg:  0.0, Max:  0.0, Diff:  0.0, Sum:  0.0, Workers: 4
[1339.731s][debug][gc,phases      ] GC(34)     Dead                           Min: 0, Avg:  0.0, Max: 0, Diff: 0, Sum: 0, Workers: 4
[1339.731s][debug][gc,phases      ] GC(34)     Total                          Min: 0, Avg: 13.0, Max: 52, Diff: 52, Sum: 52, Workers: 4
[1339.731s][debug][gc,phases      ] GC(34)   StringDedup Table Weak         Min:  0.0, Avg:  0.0, Max:  0.0, Diff:  0.0, Sum:  0.0, Workers: 4
[1339.731s][debug][gc,phases      ] GC(34)     Dead                           Min: 0, Avg:  0.0, Max: 0, Diff: 0, Sum: 0, Workers: 4
[1339.731s][debug][gc,phases      ] GC(34)     Total                          Min: 0, Avg:  0.0, Max: 0, Diff: 0, Sum: 0, Workers: 4
[1339.731s][debug][gc,phases      ] GC(34)   StringDedup Requests0 Weak     Min:  0.0, Avg:  0.0, Max:  0.0, Diff:  0.0, Sum:  0.0, Workers: 4
[1339.731s][debug][gc,phases      ] GC(34)     Dead                           Min: 0, Avg:  0.0, Max: 0, Diff: 0, Sum: 0, Workers: 4
[1339.731s][debug][gc,phases      ] GC(34)     Total                          Min: 0, Avg:  0.0, Max: 0, Diff: 0, Sum: 0, Workers: 4
[1339.731s][debug][gc,phases      ] GC(34)   StringDedup Requests1 Weak     Min:  0.0, Avg:  0.0, Max:  0.0, Diff:  0.0, Sum:  0.0, Workers: 4
[1339.731s][debug][gc,phases      ] GC(34)     Dead                           Min: 0, Avg:  0.0, Max: 0, Diff: 0, Sum: 0, Workers: 4
[1339.731s][debug][gc,phases      ] GC(34)     Total                          Min: 0, Avg:  0.0, Max: 0, Diff: 0, Sum: 0, Workers: 4
[1339.731s][debug][gc,phases      ] GC(34)   Weak JFR Old Object Samples    Min:  0.0, Avg:  0.0, Max:  0.0, Diff:  0.0, Sum:  0.0, Workers: 4
[1339.731s][debug][gc,phases      ] GC(34)     Dead                           Min: 0, Avg:  0.0, Max: 0, Diff: 0, Sum: 0, Workers: 4
[1339.731s][debug][gc,phases      ] GC(34)     Total                          Min: 0, Avg:  0.0, Max: 0, Diff: 0, Sum: 0, Workers: 4
[1339.731s][debug][gc,phases      ] GC(34) Weak Processing 0.340ms
[1339.731s][debug][gc,age         ] GC(34) Desired survivor size 111149056 bytes, new threshold 1 (max threshold 15)
[1339.731s][info ][gc,heap        ] GC(34) PSYoungGen: 1842416K(1964544K)->2080K(1988608K) Eden: 1840128K(1840128K)->0K(1872384K) From: 2288K(124416K)->2080K(116224K)
[1339.731s][info ][gc,heap        ] GC(34) ParOldGen: 266071K(266240K)->266879K(267264K)
[1339.731s][info ][gc,metaspace   ] GC(34) Metaspace: 106504K(107712K)->106504K(107712K) NonClass: 90278K(90944K)->90278K(90944K) Class: 16225K(16768K)->16225K(16768K)
[1339.731s][info ][gc             ] GC(34) Pause Young (Allocation Failure) 2059M->262M(2203M) 2.737ms
[1339.731s][info ][gc,cpu         ] GC(34) User=0.01s Sys=0.00s Real=0.00s
[1339.731s][info ][safepoint      ] Safepoint "ParallelGCFailedAllocation", Time since last: 2606955766 ns, Reaching safepoint: 6400 ns, Cleanup: 3801 ns, At safepoint: 2792628 ns, Total: 2802829 ns
[1347.732s][info ][safepoint      ] Safepoint "Cleanup", Time since last: 8000600354 ns, Reaching safepoint: 6300 ns, Cleanup: 10400 ns, At safepoint: 2300 ns, Total: 19000 ns
[1379.734s][info ][safepoint      ] Safepoint "Cleanup", Time since last: 32002454553 ns, Reaching safepoint: 6000 ns, Cleanup: 9200 ns, At safepoint: 22500 ns, Total: 37700 ns
[1386.735s][info ][safepoint      ] Safepoint "Cleanup", Time since last: 7000528737 ns, Reaching safepoint: 5800 ns, Cleanup: 14400 ns, At safepoint: 2000 ns, Total: 22200 ns
[1399.736s][info ][safepoint      ] Safepoint "Cleanup", Time since last: 13001056228 ns, Reaching safepoint: 6900 ns, Cleanup: 12200 ns, At safepoint: 3300 ns, Total: 22400 ns
[1402.736s][info ][safepoint      ] Safepoint "Cleanup", Time since last: 3000261432 ns, Reaching safepoint: 6100 ns, Cleanup: 9900 ns, At safepoint: 2000 ns, Total: 18000 ns
[1406.142s][info ][gc,start       ] GC(35) Pause Young (Allocation Failure)
[1406.143s][debug][gc,phases      ] GC(35) Scavenge 1.835ms
[1406.144s][debug][gc,ref         ] GC(35) ReferenceProcessor::execute queues: 1, RefProcThreadModel::Single, marks_oops_alive: false
[1406.144s][debug][gc,ref         ] GC(35) Skipped KeepAliveFinalRefsPhase of Reference Processing: no references
[1406.144s][debug][gc,ref         ] GC(35) ReferenceProcessor::execute queues: 1, RefProcThreadModel::Single, marks_oops_alive: false
[1406.144s][debug][gc,phases      ] GC(35) Reference Processing 0.093ms
[1406.144s][debug][gc,phases      ] GC(35)   VM Weak                        Min:  0.0, Avg:  0.0, Max:  0.0, Diff:  0.0, Sum:  0.0, Workers: 4
[1406.144s][debug][gc,phases      ] GC(35)     Dead                           Min: 0, Avg:  0.0, Max: 0, Diff: 0, Sum: 0, Workers: 4
[1406.144s][debug][gc,phases      ] GC(35)     Total                          Min: 0, Avg: 233.8, Max: 615, Diff: 615, Sum: 935, Workers: 4
[1406.144s][debug][gc,phases      ] GC(35)   ObjectSynchronizer Weak        Min:  0.0, Avg:  0.0, Max:  0.0, Diff:  0.0, Sum:  0.0, Workers: 4
[1406.144s][debug][gc,phases      ] GC(35)     Dead                           Min: 0, Avg:  0.0, Max: 0, Diff: 0, Sum: 0, Workers: 4
[1406.144s][debug][gc,phases      ] GC(35)     Total                          Min: 0, Avg:  0.8, Max: 3, Diff: 3, Sum: 3, Workers: 4
[1406.144s][debug][gc,phases      ] GC(35)   JVMTI Tag Weak OopStorage      Min:  0.0, Avg:  0.0, Max:  0.0, Diff:  0.0, Sum:  0.0, Workers: 4
[1406.144s][debug][gc,phases      ] GC(35)     Dead                           Min: 0, Avg:  0.0, Max: 0, Diff: 0, Sum: 0, Workers: 4
[1406.144s][debug][gc,phases      ] GC(35)     Total                          Min: 0, Avg:  0.0, Max: 0, Diff: 0, Sum: 0, Workers: 4
[1406.144s][debug][gc,phases      ] GC(35)   StringTable Weak               Min:  0.0, Avg:  0.1, Max:  0.1, Diff:  0.1, Sum:  0.4, Workers: 4
[1406.144s][debug][gc,phases      ] GC(35)     Dead                           Min: 0, Avg:  0.0, Max: 0, Diff: 0, Sum: 0, Workers: 4
[1406.144s][debug][gc,phases      ] GC(35)     Total                          Min: 0, Avg: 11925.8, Max: 21079, Diff: 21079, Sum: 47703, Workers: 4
[1406.144s][debug][gc,phases      ] GC(35)   ResolvedMethodTable Weak       Min:  0.0, Avg:  0.0, Max:  0.1, Diff:  0.1, Sum:  0.2, Workers: 4
[1406.144s][debug][gc,phases      ] GC(35)     Dead                           Min: 0, Avg:  4.0, Max: 16, Diff: 16, Sum: 16, Workers: 4
[1406.144s][debug][gc,phases      ] GC(35)     Total                          Min: 0, Avg: 3830.0, Max: 6486, Diff: 6486, Sum: 15320, Workers: 4
[1406.144s][debug][gc,phases      ] GC(35)   JNI Weak                       Min:  0.0, Avg:  0.0, Max:  0.0, Diff:  0.0, Sum:  0.0, Workers: 4
[1406.144s][debug][gc,phases      ] GC(35)     Dead                           Min: 0, Avg:  0.0, Max: 0, Diff: 0, Sum: 0, Workers: 4
[1406.144s][debug][gc,phases      ] GC(35)     Total                          Min: 0, Avg: 13.0, Max: 52, Diff: 52, Sum: 52, Workers: 4
[1406.144s][debug][gc,phases      ] GC(35)   StringDedup Table Weak         Min:  0.0, Avg:  0.0, Max:  0.0, Diff:  0.0, Sum:  0.0, Workers: 4
[1406.144s][debug][gc,phases      ] GC(35)     Dead                           Min: 0, Avg:  0.0, Max: 0, Diff: 0, Sum: 0, Workers: 4
[1406.144s][debug][gc,phases      ] GC(35)     Total                          Min: 0, Avg:  0.0, Max: 0, Diff: 0, Sum: 0, Workers: 4
[1406.144s][debug][gc,phases      ] GC(35)   StringDedup Requests0 Weak     Min:  0.0, Avg:  0.0, Max:  0.0, Diff:  0.0, Sum:  0.0, Workers: 4
[1406.144s][debug][gc,phases      ] GC(35)     Dead                           Min: 0, Avg:  0.0, Max: 0, Diff: 0, Sum: 0, Workers: 4
[1406.144s][debug][gc,phases      ] GC(35)     Total                          Min: 0, Avg:  0.0, Max: 0, Diff: 0, Sum: 0, Workers: 4
[1406.144s][debug][gc,phases      ] GC(35)   StringDedup Requests1 Weak     Min:  0.0, Avg:  0.0, Max:  0.0, Diff:  0.0, Sum:  0.0, Workers: 4
[1406.144s][debug][gc,phases      ] GC(35)     Dead                           Min: 0, Avg:  0.0, Max: 0, Diff: 0, Sum: 0, Workers: 4
[1406.144s][debug][gc,phases      ] GC(35)     Total                          Min: 0, Avg:  0.0, Max: 0, Diff: 0, Sum: 0, Workers: 4
[1406.144s][debug][gc,phases      ] GC(35)   Weak JFR Old Object Samples    Min:  0.0, Avg:  0.0, Max:  0.0, Diff:  0.0, Sum:  0.0, Workers: 4
[1406.144s][debug][gc,phases      ] GC(35)     Dead                           Min: 0, Avg:  0.0, Max: 0, Diff: 0, Sum: 0, Workers: 4
[1406.144s][debug][gc,phases      ] GC(35)     Total                          Min: 0, Avg:  0.0, Max: 0, Diff: 0, Sum: 0, Workers: 4
[1406.144s][debug][gc,phases      ] GC(35) Weak Processing 0.382ms
[1406.144s][debug][gc,age         ] GC(35) Desired survivor size 103284736 bytes, new threshold 1 (max threshold 15)
[1406.144s][info ][gc,heap        ] GC(35) PSYoungGen: 1874464K(1988608K)->2560K(1980928K) Eden: 1872384K(1872384K)->0K(1872384K) From: 2080K(116224K)->2560K(108544K)
[1406.144s][info ][gc,heap        ] GC(35) ParOldGen: 266879K(267264K)->267355K(267776K)
[1406.144s][info ][gc,metaspace   ] GC(35) Metaspace: 106513K(107712K)->106513K(107712K) NonClass: 90288K(90944K)->90288K(90944K) Class: 16225K(16768K)->16225K(16768K)
[1406.144s][info ][gc             ] GC(35) Pause Young (Allocation Failure) 2091M->263M(2196M) 2.400ms
[1406.144s][info ][gc,cpu         ] GC(35) User=0.00s Sys=0.00s Real=0.01s
[1406.144s][info ][safepoint      ] Safepoint "ParallelGCFailedAllocation", Time since last: 3405454970 ns, Reaching safepoint: 5200 ns, Cleanup: 3600 ns, At safepoint: 2453725 ns, Total: 2462525 ns
[1407.144s][info ][safepoint      ] Safepoint "Cleanup", Time since last: 1000087142 ns, Reaching safepoint: 5500 ns, Cleanup: 8100 ns, At safepoint: 1500 ns, Total: 15100 ns
[1411.144s][info ][safepoint      ] Safepoint "Cleanup", Time since last: 4000304370 ns, Reaching safepoint: 5400 ns, Cleanup: 8600 ns, At safepoint: 17800 ns, Total: 31800 ns
[1413.145s][info ][safepoint      ] Safepoint "Cleanup", Time since last: 2000162718 ns, Reaching safepoint: 5400 ns, Cleanup: 7800 ns, At safepoint: 1700 ns, Total: 14900 ns
[1414.145s][info ][safepoint      ] Safepoint "Cleanup", Time since last: 1000098888 ns, Reaching safepoint: 5200 ns, Cleanup: 8800 ns, At safepoint: 1900 ns, Total: 15900 ns
[1415.145s][info ][safepoint      ] Safepoint "Cleanup", Time since last: 1000095788 ns, Reaching safepoint: 5000 ns, Cleanup: 11100 ns, At safepoint: 1900 ns, Total: 18000 ns
[1416.145s][info ][safepoint      ] Safepoint "Cleanup", Time since last: 1000106987 ns, Reaching safepoint: 4800 ns, Cleanup: 9901 ns, At safepoint: 1700 ns, Total: 16401 ns
[1427.146s][info ][safepoint      ] Safepoint "Cleanup", Time since last: 11000837463 ns, Reaching safepoint: 7600 ns, Cleanup: 11101 ns, At safepoint: 2900 ns, Total: 21601 ns
[1432.146s][info ][safepoint      ] Safepoint "Cleanup", Time since last: 5000416970 ns, Reaching safepoint: 5700 ns, Cleanup: 8100 ns, At safepoint: 2000 ns, Total: 15800 ns
[1433.146s][info ][safepoint      ] Safepoint "Cleanup", Time since last: 1000105653 ns, Reaching safepoint: 6100 ns, Cleanup: 9100 ns, At safepoint: 2000 ns, Total: 17200 ns
[1434.147s][info ][safepoint      ] Safepoint "Cleanup", Time since last: 1000110553 ns, Reaching safepoint: 5400 ns, Cleanup: 27301 ns, At safepoint: 2200 ns, Total: 34901 ns
[1435.147s][info ][safepoint      ] Safepoint "Cleanup", Time since last: 1000103852 ns, Reaching safepoint: 6000 ns, Cleanup: 30201 ns, At safepoint: 1800 ns, Total: 38001 ns
[1468.149s][info ][safepoint      ] Safepoint "Cleanup", Time since last: 33002437065 ns, Reaching safepoint: 5600 ns, Cleanup: 13600 ns, At safepoint: 1600 ns, Total: 20800 ns
[1470.149s][info ][safepoint      ] Safepoint "Cleanup", Time since last: 2000186366 ns, Reaching safepoint: 5700 ns, Cleanup: 9900 ns, At safepoint: 2300 ns, Total: 17900 ns
[1472.475s][info ][gc,start       ] GC(36) Pause Young (Allocation Failure)
[1472.477s][debug][gc,phases      ] GC(36) Scavenge 1.899ms
[1472.477s][debug][gc,ref         ] GC(36) ReferenceProcessor::execute queues: 1, RefProcThreadModel::Single, marks_oops_alive: false
[1472.477s][debug][gc,ref         ] GC(36) Skipped KeepAliveFinalRefsPhase of Reference Processing: no references
[1472.477s][debug][gc,ref         ] GC(36) ReferenceProcessor::execute queues: 1, RefProcThreadModel::Single, marks_oops_alive: false
[1472.477s][debug][gc,phases      ] GC(36) Reference Processing 0.092ms
[1472.478s][debug][gc,phases      ] GC(36)   VM Weak                        Min:  0.0, Avg:  0.0, Max:  0.0, Diff:  0.0, Sum:  0.0, Workers: 4
[1472.478s][debug][gc,phases      ] GC(36)     Dead                           Min: 0, Avg:  0.0, Max: 0, Diff: 0, Sum: 0, Workers: 4
[1472.478s][debug][gc,phases      ] GC(36)     Total                          Min: 0, Avg: 233.8, Max: 512, Diff: 512, Sum: 935, Workers: 4
[1472.478s][debug][gc,phases      ] GC(36)   ObjectSynchronizer Weak        Min:  0.0, Avg:  0.0, Max:  0.0, Diff:  0.0, Sum:  0.0, Workers: 4
[1472.478s][debug][gc,phases      ] GC(36)     Dead                           Min: 0, Avg:  0.0, Max: 0, Diff: 0, Sum: 0, Workers: 4
[1472.478s][debug][gc,phases      ] GC(36)     Total                          Min: 0, Avg:  0.8, Max: 3, Diff: 3, Sum: 3, Workers: 4
[1472.478s][debug][gc,phases      ] GC(36)   JVMTI Tag Weak OopStorage      Min:  0.0, Avg:  0.0, Max:  0.0, Diff:  0.0, Sum:  0.0, Workers: 4
[1472.478s][debug][gc,phases      ] GC(36)     Dead                           Min: 0, Avg:  0.0, Max: 0, Diff: 0, Sum: 0, Workers: 4
[1472.478s][debug][gc,phases      ] GC(36)     Total                          Min: 0, Avg:  0.0, Max: 0, Diff: 0, Sum: 0, Workers: 4
[1472.478s][debug][gc,phases      ] GC(36)   StringTable Weak               Min:  0.0, Avg:  0.1, Max:  0.1, Diff:  0.1, Sum:  0.4, Workers: 4
[1472.478s][debug][gc,phases      ] GC(36)     Dead                           Min: 0, Avg:  0.0, Max: 0, Diff: 0, Sum: 0, Workers: 4
[1472.478s][debug][gc,phases      ] GC(36)     Total                          Min: 0, Avg: 11927.2, Max: 19840, Diff: 19840, Sum: 47709, Workers: 4
[1472.478s][debug][gc,phases      ] GC(36)   ResolvedMethodTable Weak       Min:  0.0, Avg:  0.0, Max:  0.0, Diff:  0.0, Sum:  0.1, Workers: 4
[1472.478s][debug][gc,phases      ] GC(36)     Dead                           Min: 0, Avg:  4.0, Max: 16, Diff: 16, Sum: 16, Workers: 4
[1472.478s][debug][gc,phases      ] GC(36)     Total                          Min: 0, Avg: 3830.0, Max: 6619, Diff: 6619, Sum: 15320, Workers: 4
[1472.478s][debug][gc,phases      ] GC(36)   JNI Weak                       Min:  0.0, Avg:  0.0, Max:  0.0, Diff:  0.0, Sum:  0.0, Workers: 4
[1472.478s][debug][gc,phases      ] GC(36)     Dead                           Min: 0, Avg:  0.0, Max: 0, Diff: 0, Sum: 0, Workers: 4
[1472.478s][debug][gc,phases      ] GC(36)     Total                          Min: 0, Avg: 13.0, Max: 52, Diff: 52, Sum: 52, Workers: 4
[1472.478s][debug][gc,phases      ] GC(36)   StringDedup Table Weak         Min:  0.0, Avg:  0.0, Max:  0.0, Diff:  0.0, Sum:  0.0, Workers: 4
[1472.478s][debug][gc,phases      ] GC(36)     Dead                           Min: 0, Avg:  0.0, Max: 0, Diff: 0, Sum: 0, Workers: 4
[1472.478s][debug][gc,phases      ] GC(36)     Total                          Min: 0, Avg:  0.0, Max: 0, Diff: 0, Sum: 0, Workers: 4
[1472.478s][debug][gc,phases      ] GC(36)   StringDedup Requests0 Weak     Min:  0.0, Avg:  0.0, Max:  0.0, Diff:  0.0, Sum:  0.0, Workers: 4
[1472.478s][debug][gc,phases      ] GC(36)     Dead                           Min: 0, Avg:  0.0, Max: 0, Diff: 0, Sum: 0, Workers: 4
[1472.478s][debug][gc,phases      ] GC(36)     Total                          Min: 0, Avg:  0.0, Max: 0, Diff: 0, Sum: 0, Workers: 4
[1472.478s][debug][gc,phases      ] GC(36)   StringDedup Requests1 Weak     Min:  0.0, Avg:  0.0, Max:  0.0, Diff:  0.0, Sum:  0.0, Workers: 4
[1472.478s][debug][gc,phases      ] GC(36)     Dead                           Min: 0, Avg:  0.0, Max: 0, Diff: 0, Sum: 0, Workers: 4
[1472.478s][debug][gc,phases      ] GC(36)     Total                          Min: 0, Avg:  0.0, Max: 0, Diff: 0, Sum: 0, Workers: 4
[1472.478s][debug][gc,phases      ] GC(36)   Weak JFR Old Object Samples    Min:  0.0, Avg:  0.0, Max:  0.0, Diff:  0.0, Sum:  0.0, Workers: 4
[1472.478s][debug][gc,phases      ] GC(36)     Dead                           Min: 0, Avg:  0.0, Max: 0, Diff: 0, Sum: 0, Workers: 4
[1472.478s][debug][gc,phases      ] GC(36)     Total                          Min: 0, Avg:  0.0, Max: 0, Diff: 0, Sum: 0, Workers: 4
[1472.478s][debug][gc,phases      ] GC(36) Weak Processing 0.364ms
[1472.478s][debug][gc,age         ] GC(36) Desired survivor size 96468992 bytes, new threshold 1 (max threshold 15)
[1472.478s][info ][gc,heap        ] GC(36) PSYoungGen: 1874944K(1980928K)->2384K(2002944K) Eden: 1872384K(1872384K)->0K(1902080K) From: 2560K(108544K)->2384K(100864K)
[1472.478s][info ][gc,heap        ] GC(36) ParOldGen: 267355K(267776K)->268296K(268800K)
[1472.478s][info ][gc,metaspace   ] GC(36) Metaspace: 106522K(107776K)->106522K(107776K) NonClass: 90297K(91008K)->90297K(91008K) Class: 16225K(16768K)->16225K(16768K)
[1472.478s][info ][gc             ] GC(36) Pause Young (Allocation Failure) 2092M->264M(2218M) 2.446ms
[1472.478s][info ][gc,cpu         ] GC(36) User=0.01s Sys=0.00s Real=0.00s
[1472.478s][info ][safepoint      ] Safepoint "ParallelGCFailedAllocation", Time since last: 2325923767 ns, Reaching safepoint: 5800 ns, Cleanup: 3800 ns, At safepoint: 2523025 ns, Total: 2532625 ns
[1473.478s][info ][safepoint      ] Safepoint "Cleanup", Time since last: 1000102176 ns, Reaching safepoint: 83000 ns, Cleanup: 9601 ns, At safepoint: 7200 ns, Total: 99801 ns
[1476.478s][info ][safepoint      ] Safepoint "Cleanup", Time since last: 3000277526 ns, Reaching safepoint: 80300 ns, Cleanup: 12301 ns, At safepoint: 6900 ns, Total: 99501 ns
[1482.479s][info ][safepoint      ] Safepoint "Cleanup", Time since last: 6000498234 ns, Reaching safepoint: 77001 ns, Cleanup: 8400 ns, At safepoint: 5900 ns, Total: 91301 ns
[1487.479s][info ][safepoint      ] Safepoint "Cleanup", Time since last: 5000446466 ns, Reaching safepoint: 80201 ns, Cleanup: 9300 ns, At safepoint: 6500 ns, Total: 96001 ns
[1488.480s][info ][safepoint      ] Safepoint "Cleanup", Time since last: 1000111450 ns, Reaching safepoint: 80601 ns, Cleanup: 11800 ns, At safepoint: 7400 ns, Total: 99801 ns
[1491.480s][info ][safepoint      ] Safepoint "Cleanup", Time since last: 3000265350 ns, Reaching safepoint: 79401 ns, Cleanup: 6600 ns, At safepoint: 6100 ns, Total: 92101 ns
[1493.480s][info ][safepoint      ] Safepoint "Cleanup", Time since last: 2000190430 ns, Reaching safepoint: 6400 ns, Cleanup: 8200 ns, At safepoint: 2300 ns, Total: 16900 ns
[1495.480s][info ][safepoint      ] Safepoint "Cleanup", Time since last: 2000175468 ns, Reaching safepoint: 6300 ns, Cleanup: 11100 ns, At safepoint: 1900 ns, Total: 19300 ns
[1497.481s][info ][safepoint      ] Safepoint "Cleanup", Time since last: 2000175968 ns, Reaching safepoint: 5800 ns, Cleanup: 9200 ns, At safepoint: 1700 ns, Total: 16700 ns
[1506.481s][info ][safepoint      ] Safepoint "Cleanup", Time since last: 9000723651 ns, Reaching safepoint: 6100 ns, Cleanup: 9500 ns, At safepoint: 2000 ns, Total: 17600 ns
[1511.482s][info ][safepoint      ] Safepoint "Cleanup", Time since last: 5000403163 ns, Reaching safepoint: 6400 ns, Cleanup: 14200 ns, At safepoint: 1800 ns, Total: 22400 ns
[1514.482s][info ][safepoint      ] Safepoint "Cleanup", Time since last: 3000267728 ns, Reaching safepoint: 6600 ns, Cleanup: 7300 ns, At safepoint: 2700 ns, Total: 16600 ns
[1515.482s][info ][safepoint      ] Safepoint "Cleanup", Time since last: 1000130809 ns, Reaching safepoint: 6900 ns, Cleanup: 23401 ns, At safepoint: 2400 ns, Total: 32701 ns
[1527.483s][info ][safepoint      ] Safepoint "Cleanup", Time since last: 12000942492 ns, Reaching safepoint: 6200 ns, Cleanup: 8200 ns, At safepoint: 1900 ns, Total: 16300 ns
[1535.484s][info ][safepoint      ] Safepoint "Cleanup", Time since last: 8000609145 ns, Reaching safepoint: 6100 ns, Cleanup: 16001 ns, At safepoint: 14500 ns, Total: 36601 ns
[1540.170s][info ][gc,start       ] GC(37) Pause Young (Allocation Failure)
[1540.172s][debug][gc,phases      ] GC(37) Scavenge 1.968ms
[1540.172s][debug][gc,ref         ] GC(37) ReferenceProcessor::execute queues: 1, RefProcThreadModel::Single, marks_oops_alive: false
[1540.172s][debug][gc,ref         ] GC(37) Skipped KeepAliveFinalRefsPhase of Reference Processing: no references
[1540.172s][debug][gc,ref         ] GC(37) ReferenceProcessor::execute queues: 1, RefProcThreadModel::Single, marks_oops_alive: false
[1540.172s][debug][gc,phases      ] GC(37) Reference Processing 0.092ms
[1540.173s][debug][gc,phases      ] GC(37)   VM Weak                        Min:  0.0, Avg:  0.0, Max:  0.0, Diff:  0.0, Sum:  0.0, Workers: 4
[1540.173s][debug][gc,phases      ] GC(37)     Dead                           Min: 0, Avg:  0.0, Max: 0, Diff: 0, Sum: 0, Workers: 4
[1540.173s][debug][gc,phases      ] GC(37)     Total                          Min: 0, Avg: 233.8, Max: 704, Diff: 704, Sum: 935, Workers: 4
[1540.173s][debug][gc,phases      ] GC(37)   ObjectSynchronizer Weak        Min:  0.0, Avg:  0.0, Max:  0.0, Diff:  0.0, Sum:  0.0, Workers: 4
[1540.173s][debug][gc,phases      ] GC(37)     Dead                           Min: 0, Avg:  0.0, Max: 0, Diff: 0, Sum: 0, Workers: 4
[1540.173s][debug][gc,phases      ] GC(37)     Total                          Min: 0, Avg:  0.8, Max: 3, Diff: 3, Sum: 3, Workers: 4
[1540.173s][debug][gc,phases      ] GC(37)   JVMTI Tag Weak OopStorage      Min:  0.0, Avg:  0.0, Max:  0.0, Diff:  0.0, Sum:  0.0, Workers: 4
[1540.173s][debug][gc,phases      ] GC(37)     Dead                           Min: 0, Avg:  0.0, Max: 0, Diff: 0, Sum: 0, Workers: 4
[1540.173s][debug][gc,phases      ] GC(37)     Total                          Min: 0, Avg:  0.0, Max: 0, Diff: 0, Sum: 0, Workers: 4
[1540.173s][debug][gc,phases      ] GC(37)   StringTable Weak               Min:  0.0, Avg:  0.1, Max:  0.1, Diff:  0.1, Sum:  0.4, Workers: 4
[1540.173s][debug][gc,phases      ] GC(37)     Dead                           Min: 0, Avg:  0.0, Max: 0, Diff: 0, Sum: 0, Workers: 4
[1540.173s][debug][gc,phases      ] GC(37)     Total                          Min: 0, Avg: 11927.2, Max: 20288, Diff: 20288, Sum: 47709, Workers: 4
[1540.173s][debug][gc,phases      ] GC(37)   ResolvedMethodTable Weak       Min:  0.0, Avg:  0.0, Max:  0.0, Diff:  0.0, Sum:  0.1, Workers: 4
[1540.173s][debug][gc,phases      ] GC(37)     Dead                           Min: 0, Avg:  4.0, Max: 16, Diff: 16, Sum: 16, Workers: 4
[1540.173s][debug][gc,phases      ] GC(37)     Total                          Min: 0, Avg: 3830.0, Max: 6585, Diff: 6585, Sum: 15320, Workers: 4
[1540.173s][debug][gc,phases      ] GC(37)   JNI Weak                       Min:  0.0, Avg:  0.0, Max:  0.0, Diff:  0.0, Sum:  0.0, Workers: 4
[1540.173s][debug][gc,phases      ] GC(37)     Dead                           Min: 0, Avg:  0.0, Max: 0, Diff: 0, Sum: 0, Workers: 4
[1540.173s][debug][gc,phases      ] GC(37)     Total                          Min: 0, Avg: 13.0, Max: 52, Diff: 52, Sum: 52, Workers: 4
[1540.173s][debug][gc,phases      ] GC(37)   StringDedup Table Weak         Min:  0.0, Avg:  0.0, Max:  0.0, Diff:  0.0, Sum:  0.0, Workers: 4
[1540.173s][debug][gc,phases      ] GC(37)     Dead                           Min: 0, Avg:  0.0, Max: 0, Diff: 0, Sum: 0, Workers: 4
[1540.173s][debug][gc,phases      ] GC(37)     Total                          Min: 0, Avg:  0.0, Max: 0, Diff: 0, Sum: 0, Workers: 4
[1540.173s][debug][gc,phases      ] GC(37)   StringDedup Requests0 Weak     Min:  0.0, Avg:  0.0, Max:  0.0, Diff:  0.0, Sum:  0.0, Workers: 4
[1540.173s][debug][gc,phases      ] GC(37)     Dead                           Min: 0, Avg:  0.0, Max: 0, Diff: 0, Sum: 0, Workers: 4
[1540.173s][debug][gc,phases      ] GC(37)     Total                          Min: 0, Avg:  0.0, Max: 0, Diff: 0, Sum: 0, Workers: 4
[1540.173s][debug][gc,phases      ] GC(37)   StringDedup Requests1 Weak     Min:  0.0, Avg:  0.0, Max:  0.0, Diff:  0.0, Sum:  0.0, Workers: 4
[1540.173s][debug][gc,phases      ] GC(37)     Dead                           Min: 0, Avg:  0.0, Max: 0, Diff: 0, Sum: 0, Workers: 4
[1540.173s][debug][gc,phases      ] GC(37)     Total                          Min: 0, Avg:  0.0, Max: 0, Diff: 0, Sum: 0, Workers: 4
[1540.173s][debug][gc,phases      ] GC(37)   Weak JFR Old Object Samples    Min:  0.0, Avg:  0.0, Max:  0.0, Diff:  0.0, Sum:  0.0, Workers: 4
[1540.173s][debug][gc,phases      ] GC(37)     Dead                           Min: 0, Avg:  0.0, Max: 0, Diff: 0, Sum: 0, Workers: 4
[1540.173s][debug][gc,phases      ] GC(37)     Total                          Min: 0, Avg:  0.0, Max: 0, Diff: 0, Sum: 0, Workers: 4
[1540.173s][debug][gc,phases      ] GC(37) Weak Processing 0.377ms
[1540.173s][debug][gc,age         ] GC(37) Desired survivor size 89653248 bytes, new threshold 1 (max threshold 15)
[1540.173s][info ][gc,heap        ] GC(37) PSYoungGen: 1904464K(2002944K)->2240K(1996288K) Eden: 1902080K(1902080K)->0K(1902080K) From: 2384K(100864K)->2240K(94208K)
[1540.173s][info ][gc,heap        ] GC(37) ParOldGen: 268296K(268800K)->268800K(269312K)
[1540.173s][info ][gc,metaspace   ] GC(37) Metaspace: 106533K(107776K)->106533K(107776K) NonClass: 90308K(91008K)->90308K(91008K) Class: 16225K(16768K)->16225K(16768K)
[1540.173s][info ][gc             ] GC(37) Pause Young (Allocation Failure) 2121M->264M(2212M) 2.551ms
[1540.173s][info ][gc,cpu         ] GC(37) User=0.01s Sys=0.00s Real=0.01s
[1540.173s][info ][safepoint      ] Safepoint "ParallelGCFailedAllocation", Time since last: 4686263426 ns, Reaching safepoint: 7600 ns, Cleanup: 4400 ns, At safepoint: 2645226 ns, Total: 2657226 ns
[1541.173s][info ][safepoint      ] Safepoint "Cleanup", Time since last: 1000086929 ns, Reaching safepoint: 6100 ns, Cleanup: 9400 ns, At safepoint: 2200 ns, Total: 17700 ns
[1543.173s][info ][safepoint      ] Safepoint "Cleanup", Time since last: 2000169137 ns, Reaching safepoint: 6000 ns, Cleanup: 8800 ns, At safepoint: 1900 ns, Total: 16700 ns
[1560.175s][info ][safepoint      ] Safepoint "Cleanup", Time since last: 17001380966 ns, Reaching safepoint: 80200 ns, Cleanup: 9001 ns, At safepoint: 8900 ns, Total: 98101 ns
[1561.175s][info ][safepoint      ] Safepoint "Cleanup", Time since last: 1000126358 ns, Reaching safepoint: 84201 ns, Cleanup: 9500 ns, At safepoint: 8400 ns, Total: 102101 ns
[1575.176s][info ][safepoint      ] Safepoint "Cleanup", Time since last: 14001132714 ns, Reaching safepoint: 80501 ns, Cleanup: 10200 ns, At safepoint: 6200 ns, Total: 96901 ns
[1576.176s][info ][safepoint      ] Safepoint "Cleanup", Time since last: 1000144051 ns, Reaching safepoint: 81901 ns, Cleanup: 11900 ns, At safepoint: 6800 ns, Total: 100601 ns
[1602.178s][info ][safepoint      ] Safepoint "Cleanup", Time since last: 26002004788 ns, Reaching safepoint: 78200 ns, Cleanup: 8600 ns, At safepoint: 5500 ns, Total: 92300 ns
[1608.125s][info ][gc,start       ] GC(38) Pause Young (Allocation Failure)
[1608.126s][debug][gc,phases      ] GC(38) Scavenge 1.707ms
[1608.127s][debug][gc,ref         ] GC(38) ReferenceProcessor::execute queues: 1, RefProcThreadModel::Single, marks_oops_alive: false
[1608.127s][debug][gc,ref         ] GC(38) Skipped KeepAliveFinalRefsPhase of Reference Processing: no references
[1608.127s][debug][gc,ref         ] GC(38) ReferenceProcessor::execute queues: 1, RefProcThreadModel::Single, marks_oops_alive: false
[1608.127s][debug][gc,phases      ] GC(38) Reference Processing 0.095ms
[1608.127s][debug][gc,phases      ] GC(38)   VM Weak                        Min:  0.0, Avg:  0.0, Max:  0.0, Diff:  0.0, Sum:  0.0, Workers: 4
[1608.127s][debug][gc,phases      ] GC(38)     Dead                           Min: 0, Avg:  0.0, Max: 0, Diff: 0, Sum: 0, Workers: 4
[1608.127s][debug][gc,phases      ] GC(38)     Total                          Min: 0, Avg: 233.8, Max: 768, Diff: 768, Sum: 935, Workers: 4
[1608.127s][debug][gc,phases      ] GC(38)   ObjectSynchronizer Weak        Min:  0.0, Avg:  0.0, Max:  0.0, Diff:  0.0, Sum:  0.0, Workers: 4
[1608.127s][debug][gc,phases      ] GC(38)     Dead                           Min: 0, Avg:  0.0, Max: 0, Diff: 0, Sum: 0, Workers: 4
[1608.127s][debug][gc,phases      ] GC(38)     Total                          Min: 0, Avg:  0.8, Max: 3, Diff: 3, Sum: 3, Workers: 4
[1608.127s][debug][gc,phases      ] GC(38)   JVMTI Tag Weak OopStorage      Min:  0.0, Avg:  0.0, Max:  0.0, Diff:  0.0, Sum:  0.0, Workers: 4
[1608.127s][debug][gc,phases      ] GC(38)     Dead                           Min: 0, Avg:  0.0, Max: 0, Diff: 0, Sum: 0, Workers: 4
[1608.127s][debug][gc,phases      ] GC(38)     Total                          Min: 0, Avg:  0.0, Max: 0, Diff: 0, Sum: 0, Workers: 4
[1608.127s][debug][gc,phases      ] GC(38)   StringTable Weak               Min:  0.0, Avg:  0.1, Max:  0.1, Diff:  0.1, Sum:  0.4, Workers: 4
[1608.127s][debug][gc,phases      ] GC(38)     Dead                           Min: 0, Avg:  0.0, Max: 0, Diff: 0, Sum: 0, Workers: 4
[1608.127s][debug][gc,phases      ] GC(38)     Total                          Min: 0, Avg: 11927.2, Max: 20352, Diff: 20352, Sum: 47709, Workers: 4
[1608.127s][debug][gc,phases      ] GC(38)   ResolvedMethodTable Weak       Min:  0.0, Avg:  0.0, Max:  0.0, Diff:  0.0, Sum:  0.1, Workers: 4
[1608.127s][debug][gc,phases      ] GC(38)     Dead                           Min: 0, Avg:  4.0, Max: 16, Diff: 16, Sum: 16, Workers: 4
[1608.127s][debug][gc,phases      ] GC(38)     Total                          Min: 0, Avg: 3830.0, Max: 6508, Diff: 6508, Sum: 15320, Workers: 4
[1608.127s][debug][gc,phases      ] GC(38)   JNI Weak                       Min:  0.0, Avg:  0.0, Max:  0.0, Diff:  0.0, Sum:  0.0, Workers: 4
[1608.127s][debug][gc,phases      ] GC(38)     Dead                           Min: 0, Avg:  0.0, Max: 0, Diff: 0, Sum: 0, Workers: 4
[1608.127s][debug][gc,phases      ] GC(38)     Total                          Min: 0, Avg: 13.0, Max: 52, Diff: 52, Sum: 52, Workers: 4
[1608.127s][debug][gc,phases      ] GC(38)   StringDedup Table Weak         Min:  0.0, Avg:  0.0, Max:  0.0, Diff:  0.0, Sum:  0.0, Workers: 4
[1608.127s][debug][gc,phases      ] GC(38)     Dead                           Min: 0, Avg:  0.0, Max: 0, Diff: 0, Sum: 0, Workers: 4
[1608.127s][debug][gc,phases      ] GC(38)     Total                          Min: 0, Avg:  0.0, Max: 0, Diff: 0, Sum: 0, Workers: 4
[1608.127s][debug][gc,phases      ] GC(38)   StringDedup Requests0 Weak     Min:  0.0, Avg:  0.0, Max:  0.0, Diff:  0.0, Sum:  0.0, Workers: 4
[1608.127s][debug][gc,phases      ] GC(38)     Dead                           Min: 0, Avg:  0.0, Max: 0, Diff: 0, Sum: 0, Workers: 4
[1608.127s][debug][gc,phases      ] GC(38)     Total                          Min: 0, Avg:  0.0, Max: 0, Diff: 0, Sum: 0, Workers: 4
[1608.127s][debug][gc,phases      ] GC(38)   StringDedup Requests1 Weak     Min:  0.0, Avg:  0.0, Max:  0.0, Diff:  0.0, Sum:  0.0, Workers: 4
[1608.127s][debug][gc,phases      ] GC(38)     Dead                           Min: 0, Avg:  0.0, Max: 0, Diff: 0, Sum: 0, Workers: 4
[1608.127s][debug][gc,phases      ] GC(38)     Total                          Min: 0, Avg:  0.0, Max: 0, Diff: 0, Sum: 0, Workers: 4
[1608.127s][debug][gc,phases      ] GC(38)   Weak JFR Old Object Samples    Min:  0.0, Avg:  0.0, Max:  0.0, Diff:  0.0, Sum:  0.0, Workers: 4
[1608.127s][debug][gc,phases      ] GC(38)     Dead                           Min: 0, Avg:  0.0, Max: 0, Diff: 0, Sum: 0, Workers: 4
[1608.127s][debug][gc,phases      ] GC(38)     Total                          Min: 0, Avg:  0.0, Max: 0, Diff: 0, Sum: 0, Workers: 4
[1608.127s][debug][gc,phases      ] GC(38) Weak Processing 0.395ms
[1608.127s][debug][gc,age         ] GC(38) Desired survivor size 83361792 bytes, new threshold 1 (max threshold 15)
[1608.127s][info ][gc,heap        ] GC(38) PSYoungGen: 1904320K(1996288K)->1952K(2015744K) Eden: 1902080K(1902080K)->0K(1928192K) From: 2240K(94208K)->1952K(87552K)
[1608.127s][info ][gc,heap        ] GC(38) ParOldGen: 268800K(269312K)->269352K(269824K)
[1608.127s][info ][gc,metaspace   ] GC(38) Metaspace: 106538K(107776K)->106538K(107776K) NonClass: 90313K(91008K)->90313K(91008K) Class: 16225K(16768K)->16225K(16768K)
[1608.127s][info ][gc             ] GC(38) Pause Young (Allocation Failure) 2122M->264M(2232M) 2.300ms
[1608.127s][info ][gc,cpu         ] GC(38) User=0.01s Sys=0.00s Real=0.00s
[1608.127s][info ][safepoint      ] Safepoint "ParallelGCFailedAllocation", Time since last: 5946249480 ns, Reaching safepoint: 6000 ns, Cleanup: 3900 ns, At safepoint: 2360524 ns, Total: 2370424 ns
[1610.127s][info ][safepoint      ] Safepoint "Cleanup", Time since last: 2000176476 ns, Reaching safepoint: 82800 ns, Cleanup: 8900 ns, At safepoint: 6601 ns, Total: 98301 ns
[1611.127s][info ][safepoint      ] Safepoint "Cleanup", Time since last: 1000133788 ns, Reaching safepoint: 81401 ns, Cleanup: 8800 ns, At safepoint: 6500 ns, Total: 96701 ns
[1614.128s][info ][safepoint      ] Safepoint "Cleanup", Time since last: 3000251585 ns, Reaching safepoint: 26600 ns, Cleanup: 9100 ns, At safepoint: 6200 ns, Total: 41900 ns
[1635.129s][info ][safepoint      ] Safepoint "Cleanup", Time since last: 21001574502 ns, Reaching safepoint: 79901 ns, Cleanup: 9500 ns, At safepoint: 6000 ns, Total: 95401 ns
[1639.130s][info ][safepoint      ] Safepoint "Cleanup", Time since last: 4000337206 ns, Reaching safepoint: 5700 ns, Cleanup: 9600 ns, At safepoint: 2200 ns, Total: 17500 ns
[1641.130s][info ][safepoint      ] Safepoint "Cleanup", Time since last: 2000184803 ns, Reaching safepoint: 5900 ns, Cleanup: 13800 ns, At safepoint: 2000 ns, Total: 21700 ns
[1649.131s][info ][safepoint      ] Safepoint "Cleanup", Time since last: 8000584323 ns, Reaching safepoint: 5700 ns, Cleanup: 9800 ns, At safepoint: 1900 ns, Total: 17400 ns
[1657.131s][info ][safepoint      ] Safepoint "Cleanup", Time since last: 8000624579 ns, Reaching safepoint: 6000 ns, Cleanup: 10601 ns, At safepoint: 1900 ns, Total: 18501 ns
[1664.132s][info ][safepoint      ] Safepoint "Cleanup", Time since last: 7000532765 ns, Reaching safepoint: 6000 ns, Cleanup: 9800 ns, At safepoint: 2400 ns, Total: 18200 ns
[1666.132s][info ][safepoint      ] Safepoint "Cleanup", Time since last: 2000180098 ns, Reaching safepoint: 5600 ns, Cleanup: 11801 ns, At safepoint: 1900 ns, Total: 19301 ns
[1671.132s][info ][safepoint      ] Safepoint "Cleanup", Time since last: 5000402257 ns, Reaching safepoint: 7000 ns, Cleanup: 11101 ns, At safepoint: 2300 ns, Total: 20401 ns
[1672.133s][info ][safepoint      ] Safepoint "Cleanup", Time since last: 1000117296 ns, Reaching safepoint: 5400 ns, Cleanup: 9300 ns, At safepoint: 1800 ns, Total: 16500 ns
[1677.133s][info ][safepoint      ] Safepoint "Cleanup", Time since last: 5000421179 ns, Reaching safepoint: 6200 ns, Cleanup: 42601 ns, At safepoint: 2000 ns, Total: 50801 ns
[1677.675s][info ][gc,start       ] GC(39) Pause Young (Allocation Failure)
[1677.677s][debug][gc,phases      ] GC(39) Scavenge 1.744ms
[1677.677s][debug][gc,ref         ] GC(39) ReferenceProcessor::execute queues: 1, RefProcThreadModel::Single, marks_oops_alive: false
[1677.677s][debug][gc,ref         ] GC(39) Skipped KeepAliveFinalRefsPhase of Reference Processing: no references
[1677.677s][debug][gc,ref         ] GC(39) Skipped PhantomRefsPhase of Reference Processing: no references
[1677.677s][debug][gc,phases      ] GC(39) Reference Processing 0.091ms
[1677.677s][debug][gc,phases      ] GC(39)   VM Weak                        Min:  0.0, Avg:  0.0, Max:  0.0, Diff:  0.0, Sum:  0.0, Workers: 4
[1677.677s][debug][gc,phases      ] GC(39)     Dead                           Min: 0, Avg:  0.0, Max: 0, Diff: 0, Sum: 0, Workers: 4
[1677.677s][debug][gc,phases      ] GC(39)     Total                          Min: 0, Avg: 233.8, Max: 871, Diff: 871, Sum: 935, Workers: 4
[1677.677s][debug][gc,phases      ] GC(39)   ObjectSynchronizer Weak        Min:  0.0, Avg:  0.0, Max:  0.0, Diff:  0.0, Sum:  0.0, Workers: 4
[1677.677s][debug][gc,phases      ] GC(39)     Dead                           Min: 0, Avg:  0.0, Max: 0, Diff: 0, Sum: 0, Workers: 4
[1677.677s][debug][gc,phases      ] GC(39)     Total                          Min: 0, Avg:  0.8, Max: 3, Diff: 3, Sum: 3, Workers: 4
[1677.677s][debug][gc,phases      ] GC(39)   JVMTI Tag Weak OopStorage      Min:  0.0, Avg:  0.0, Max:  0.0, Diff:  0.0, Sum:  0.0, Workers: 4
[1677.677s][debug][gc,phases      ] GC(39)     Dead                           Min: 0, Avg:  0.0, Max: 0, Diff: 0, Sum: 0, Workers: 4
[1677.677s][debug][gc,phases      ] GC(39)     Total                          Min: 0, Avg:  0.0, Max: 0, Diff: 0, Sum: 0, Workers: 4
[1677.677s][debug][gc,phases      ] GC(39)   StringTable Weak               Min:  0.0, Avg:  0.1, Max:  0.1, Diff:  0.1, Sum:  0.4, Workers: 4
[1677.677s][debug][gc,phases      ] GC(39)     Dead                           Min: 0, Avg:  0.0, Max: 0, Diff: 0, Sum: 0, Workers: 4
[1677.677s][debug][gc,phases      ] GC(39)     Total                          Min: 0, Avg: 11927.5, Max: 20318, Diff: 20318, Sum: 47710, Workers: 4
[1677.677s][debug][gc,phases      ] GC(39)   ResolvedMethodTable Weak       Min:  0.0, Avg:  0.0, Max:  0.0, Diff:  0.0, Sum:  0.1, Workers: 4
[1677.677s][debug][gc,phases      ] GC(39)     Dead                           Min: 0, Avg:  4.0, Max: 16, Diff: 16, Sum: 16, Workers: 4
[1677.677s][debug][gc,phases      ] GC(39)     Total                          Min: 0, Avg: 3830.0, Max: 6610, Diff: 6610, Sum: 15320, Workers: 4
[1677.677s][debug][gc,phases      ] GC(39)   JNI Weak                       Min:  0.0, Avg:  0.0, Max:  0.0, Diff:  0.0, Sum:  0.0, Workers: 4
[1677.677s][debug][gc,phases      ] GC(39)     Dead                           Min: 0, Avg:  0.0, Max: 0, Diff: 0, Sum: 0, Workers: 4
[1677.677s][debug][gc,phases      ] GC(39)     Total                          Min: 0, Avg: 13.0, Max: 52, Diff: 52, Sum: 52, Workers: 4
[1677.677s][debug][gc,phases      ] GC(39)   StringDedup Table Weak         Min:  0.0, Avg:  0.0, Max:  0.0, Diff:  0.0, Sum:  0.0, Workers: 4
[1677.677s][debug][gc,phases      ] GC(39)     Dead                           Min: 0, Avg:  0.0, Max: 0, Diff: 0, Sum: 0, Workers: 4
[1677.677s][debug][gc,phases      ] GC(39)     Total                          Min: 0, Avg:  0.0, Max: 0, Diff: 0, Sum: 0, Workers: 4
[1677.677s][debug][gc,phases      ] GC(39)   StringDedup Requests0 Weak     Min:  0.0, Avg:  0.0, Max:  0.0, Diff:  0.0, Sum:  0.0, Workers: 4
[1677.677s][debug][gc,phases      ] GC(39)     Dead                           Min: 0, Avg:  0.0, Max: 0, Diff: 0, Sum: 0, Workers: 4
[1677.677s][debug][gc,phases      ] GC(39)     Total                          Min: 0, Avg:  0.0, Max: 0, Diff: 0, Sum: 0, Workers: 4
[1677.677s][debug][gc,phases      ] GC(39)   StringDedup Requests1 Weak     Min:  0.0, Avg:  0.0, Max:  0.0, Diff:  0.0, Sum:  0.0, Workers: 4
[1677.677s][debug][gc,phases      ] GC(39)     Dead                           Min: 0, Avg:  0.0, Max: 0, Diff: 0, Sum: 0, Workers: 4
[1677.677s][debug][gc,phases      ] GC(39)     Total                          Min: 0, Avg:  0.0, Max: 0, Diff: 0, Sum: 0, Workers: 4
[1677.677s][debug][gc,phases      ] GC(39)   Weak JFR Old Object Samples    Min:  0.0, Avg:  0.0, Max:  0.0, Diff:  0.0, Sum:  0.0, Workers: 4
[1677.677s][debug][gc,phases      ] GC(39)     Dead                           Min: 0, Avg:  0.0, Max: 0, Diff: 0, Sum: 0, Workers: 4
[1677.677s][debug][gc,phases      ] GC(39)     Total                          Min: 0, Avg:  0.0, Max: 0, Diff: 0, Sum: 0, Workers: 4
[1677.677s][debug][gc,phases      ] GC(39) Weak Processing 0.356ms
[1677.677s][debug][gc,age         ] GC(39) Desired survivor size 77594624 bytes, new threshold 1 (max threshold 15)
[1677.678s][info ][gc,heap        ] GC(39) PSYoungGen: 1930144K(2015744K)->1648K(2009600K) Eden: 1928192K(1928192K)->0K(1928192K) From: 1952K(87552K)->1648K(81408K)
[1677.678s][info ][gc,heap        ] GC(39) ParOldGen: 269352K(269824K)->270052K(270336K)
[1677.678s][info ][gc,metaspace   ] GC(39) Metaspace: 106549K(107776K)->106549K(107776K) NonClass: 90323K(91008K)->90323K(91008K) Class: 16225K(16768K)->16225K(16768K)
[1677.678s][info ][gc             ] GC(39) Pause Young (Allocation Failure) 2147M->265M(2226M) 2.282ms
[1677.678s][info ][gc,cpu         ] GC(39) User=0.01s Sys=0.00s Real=0.00s
[1677.678s][info ][safepoint      ] Safepoint "ParallelGCFailedAllocation", Time since last: 542051710 ns, Reaching safepoint: 81600 ns, Cleanup: 32901 ns, At safepoint: 2343123 ns, Total: 2457624 ns
[1678.678s][info ][safepoint      ] Safepoint "Cleanup", Time since last: 1000093796 ns, Reaching safepoint: 78301 ns, Cleanup: 15200 ns, At safepoint: 6300 ns, Total: 99801 ns
[1680.678s][info ][safepoint      ] Safepoint "Cleanup", Time since last: 2000213194 ns, Reaching safepoint: 77600 ns, Cleanup: 12100 ns, At safepoint: 5800 ns, Total: 95500 ns
[1685.679s][info ][safepoint      ] Safepoint "Cleanup", Time since last: 5000425451 ns, Reaching safepoint: 108201 ns, Cleanup: 12900 ns, At safepoint: 19301 ns, Total: 140402 ns
[1691.679s][info ][safepoint      ] Safepoint "Cleanup", Time since last: 6000506975 ns, Reaching safepoint: 81401 ns, Cleanup: 9900 ns, At safepoint: 6300 ns, Total: 97601 ns
[1713.681s][info ][safepoint      ] Safepoint "Cleanup", Time since last: 22001627333 ns, Reaching safepoint: 5500 ns, Cleanup: 9500 ns, At safepoint: 1600 ns, Total: 16600 ns
[1715.681s][info ][safepoint      ] Safepoint "Cleanup", Time since last: 2000181623 ns, Reaching safepoint: 5700 ns, Cleanup: 65601 ns, At safepoint: 2100 ns, Total: 73401 ns
[1716.681s][info ][safepoint      ] Safepoint "Cleanup", Time since last: 1000104811 ns, Reaching safepoint: 5100 ns, Cleanup: 68101 ns, At safepoint: 1600 ns, Total: 74801 ns
[1717.681s][info ][safepoint      ] Safepoint "Cleanup", Time since last: 1000109209 ns, Reaching safepoint: 5500 ns, Cleanup: 9900 ns, At safepoint: 1800 ns, Total: 17200 ns
[1719.682s][info ][safepoint      ] Safepoint "Cleanup", Time since last: 2000195917 ns, Reaching safepoint: 6200 ns, Cleanup: 13500 ns, At safepoint: 2000 ns, Total: 21700 ns
[1722.682s][info ][safepoint      ] Safepoint "Cleanup", Time since last: 3000237724 ns, Reaching safepoint: 6800 ns, Cleanup: 12701 ns, At safepoint: 2000 ns, Total: 21501 ns
[1724.682s][info ][safepoint      ] Safepoint "Cleanup", Time since last: 2000194016 ns, Reaching safepoint: 6300 ns, Cleanup: 11400 ns, At safepoint: 2200 ns, Total: 19900 ns
[1741.683s][info ][safepoint      ] Safepoint "Cleanup", Time since last: 17001321331 ns, Reaching safepoint: 5900 ns, Cleanup: 9600 ns, At safepoint: 1900 ns, Total: 17400 ns
[1746.684s][info ][safepoint      ] Safepoint "Cleanup", Time since last: 5000403015 ns, Reaching safepoint: 5900 ns, Cleanup: 8900 ns, At safepoint: 1700 ns, Total: 16500 ns
[1746.776s][info ][gc,start       ] GC(40) Pause Young (Allocation Failure)
[1746.778s][debug][gc,phases      ] GC(40) Scavenge 1.879ms
[1746.778s][debug][gc,ref         ] GC(40) ReferenceProcessor::execute queues: 1, RefProcThreadModel::Single, marks_oops_alive: false
[1746.778s][debug][gc,ref         ] GC(40) Skipped KeepAliveFinalRefsPhase of Reference Processing: no references
[1746.778s][debug][gc,ref         ] GC(40) ReferenceProcessor::execute queues: 1, RefProcThreadModel::Single, marks_oops_alive: false
[1746.778s][debug][gc,phases      ] GC(40) Reference Processing 0.094ms
[1746.778s][debug][gc,phases      ] GC(40)   VM Weak                        Min:  0.0, Avg:  0.0, Max:  0.0, Diff:  0.0, Sum:  0.0, Workers: 4
[1746.778s][debug][gc,phases      ] GC(40)     Dead                           Min: 0, Avg:  0.0, Max: 0, Diff: 0, Sum: 0, Workers: 4
[1746.778s][debug][gc,phases      ] GC(40)     Total                          Min: 0, Avg: 233.8, Max: 704, Diff: 704, Sum: 935, Workers: 4
[1746.778s][debug][gc,phases      ] GC(40)   ObjectSynchronizer Weak        Min:  0.0, Avg:  0.0, Max:  0.0, Diff:  0.0, Sum:  0.0, Workers: 4
[1746.778s][debug][gc,phases      ] GC(40)     Dead                           Min: 0, Avg:  0.0, Max: 0, Diff: 0, Sum: 0, Workers: 4
[1746.778s][debug][gc,phases      ] GC(40)     Total                          Min: 0, Avg:  0.8, Max: 3, Diff: 3, Sum: 3, Workers: 4
[1746.778s][debug][gc,phases      ] GC(40)   JVMTI Tag Weak OopStorage      Min:  0.0, Avg:  0.0, Max:  0.0, Diff:  0.0, Sum:  0.0, Workers: 4
[1746.778s][debug][gc,phases      ] GC(40)     Dead                           Min: 0, Avg:  0.0, Max: 0, Diff: 0, Sum: 0, Workers: 4
[1746.778s][debug][gc,phases      ] GC(40)     Total                          Min: 0, Avg:  0.0, Max: 0, Diff: 0, Sum: 0, Workers: 4
[1746.778s][debug][gc,phases      ] GC(40)   StringTable Weak               Min:  0.0, Avg:  0.1, Max:  0.1, Diff:  0.1, Sum:  0.4, Workers: 4
[1746.778s][debug][gc,phases      ] GC(40)     Dead                           Min: 0, Avg:  0.0, Max: 0, Diff: 0, Sum: 0, Workers: 4
[1746.778s][debug][gc,phases      ] GC(40)     Total                          Min: 0, Avg: 11927.8, Max: 20608, Diff: 20608, Sum: 47711, Workers: 4
[1746.778s][debug][gc,phases      ] GC(40)   ResolvedMethodTable Weak       Min:  0.0, Avg:  0.0, Max:  0.0, Diff:  0.0, Sum:  0.1, Workers: 4
[1746.778s][debug][gc,phases      ] GC(40)     Dead                           Min: 0, Avg:  4.0, Max: 16, Diff: 16, Sum: 16, Workers: 4
[1746.778s][debug][gc,phases      ] GC(40)     Total                          Min: 0, Avg: 3830.0, Max: 6639, Diff: 6639, Sum: 15320, Workers: 4
[1746.778s][debug][gc,phases      ] GC(40)   JNI Weak                       Min:  0.0, Avg:  0.0, Max:  0.0, Diff:  0.0, Sum:  0.0, Workers: 4
[1746.778s][debug][gc,phases      ] GC(40)     Dead                           Min: 0, Avg:  0.0, Max: 0, Diff: 0, Sum: 0, Workers: 4
[1746.778s][debug][gc,phases      ] GC(40)     Total                          Min: 0, Avg: 13.0, Max: 52, Diff: 52, Sum: 52, Workers: 4
[1746.778s][debug][gc,phases      ] GC(40)   StringDedup Table Weak         Min:  0.0, Avg:  0.0, Max:  0.0, Diff:  0.0, Sum:  0.0, Workers: 4
[1746.778s][debug][gc,phases      ] GC(40)     Dead                           Min: 0, Avg:  0.0, Max: 0, Diff: 0, Sum: 0, Workers: 4
[1746.778s][debug][gc,phases      ] GC(40)     Total                          Min: 0, Avg:  0.0, Max: 0, Diff: 0, Sum: 0, Workers: 4
[1746.778s][debug][gc,phases      ] GC(40)   StringDedup Requests0 Weak     Min:  0.0, Avg:  0.0, Max:  0.0, Diff:  0.0, Sum:  0.0, Workers: 4
[1746.778s][debug][gc,phases      ] GC(40)     Dead                           Min: 0, Avg:  0.0, Max: 0, Diff: 0, Sum: 0, Workers: 4
[1746.778s][debug][gc,phases      ] GC(40)     Total                          Min: 0, Avg:  0.0, Max: 0, Diff: 0, Sum: 0, Workers: 4
[1746.778s][debug][gc,phases      ] GC(40)   StringDedup Requests1 Weak     Min:  0.0, Avg:  0.0, Max:  0.0, Diff:  0.0, Sum:  0.0, Workers: 4
[1746.778s][debug][gc,phases      ] GC(40)     Dead                           Min: 0, Avg:  0.0, Max: 0, Diff: 0, Sum: 0, Workers: 4
[1746.778s][debug][gc,phases      ] GC(40)     Total                          Min: 0, Avg:  0.0, Max: 0, Diff: 0, Sum: 0, Workers: 4
[1746.778s][debug][gc,phases      ] GC(40)   Weak JFR Old Object Samples    Min:  0.0, Avg:  0.0, Max:  0.0, Diff:  0.0, Sum:  0.0, Workers: 4
[1746.778s][debug][gc,phases      ] GC(40)     Dead                           Min: 0, Avg:  0.0, Max: 0, Diff: 0, Sum: 0, Workers: 4
[1746.778s][debug][gc,phases      ] GC(40)     Total                          Min: 0, Avg:  0.0, Max: 0, Diff: 0, Sum: 0, Workers: 4
[1746.778s][debug][gc,phases      ] GC(40) Weak Processing 0.353ms
[1746.778s][debug][gc,age         ] GC(40) Desired survivor size 72351744 bytes, new threshold 1 (max threshold 15)
[1746.778s][info ][gc,heap        ] GC(40) PSYoungGen: 1929840K(2009600K)->2384K(2026496K) Eden: 1928192K(1928192K)->0K(1950720K) From: 1648K(81408K)->2384K(75776K)
[1746.778s][info ][gc,heap        ] GC(40) ParOldGen: 270052K(270336K)->270632K(270848K)
[1746.778s][info ][gc,metaspace   ] GC(40) Metaspace: 106556K(107776K)->106556K(107776K) NonClass: 90330K(91008K)->90330K(91008K) Class: 16225K(16768K)->16225K(16768K)
[1746.778s][info ][gc             ] GC(40) Pause Young (Allocation Failure) 2148M->266M(2243M) 2.447ms
[1746.778s][info ][gc,cpu         ] GC(40) User=0.01s Sys=0.00s Real=0.00s
[1746.778s][info ][safepoint      ] Safepoint "ParallelGCFailedAllocation", Time since last: 91618000 ns, Reaching safepoint: 79501 ns, Cleanup: 3600 ns, At safepoint: 2509725 ns, Total: 2592826 ns
[1747.778s][info ][safepoint      ] Safepoint "Cleanup", Time since last: 1000088223 ns, Reaching safepoint: 80300 ns, Cleanup: 10500 ns, At safepoint: 6401 ns, Total: 97201 ns
[1762.780s][info ][safepoint      ] Safepoint "Cleanup", Time since last: 15001253500 ns, Reaching safepoint: 85201 ns, Cleanup: 10600 ns, At safepoint: 7200 ns, Total: 103001 ns
[1776.781s][info ][safepoint      ] Safepoint "Cleanup", Time since last: 14001068231 ns, Reaching safepoint: 5600 ns, Cleanup: 9600 ns, At safepoint: 1800 ns, Total: 17000 ns
[1784.781s][info ][safepoint      ] Safepoint "Cleanup", Time since last: 8000598225 ns, Reaching safepoint: 6500 ns, Cleanup: 9600 ns, At safepoint: 24100 ns, Total: 40200 ns
[1788.782s][info ][safepoint      ] Safepoint "Cleanup", Time since last: 4000308994 ns, Reaching safepoint: 5800 ns, Cleanup: 11100 ns, At safepoint: 2000 ns, Total: 18900 ns
[1797.782s][info ][safepoint      ] Safepoint "Cleanup", Time since last: 9000687690 ns, Reaching safepoint: 5700 ns, Cleanup: 10200 ns, At safepoint: 2200 ns, Total: 18100 ns
[1800.439s][info ][safepoint      ] Safepoint "Cleanup", Time since last: 2656869226 ns, Reaching safepoint: 3600 ns, Cleanup: 12700 ns, At safepoint: 4100 ns, Total: 20400 ns
[1801.441s][info ][safepoint      ] Safepoint "Cleanup", Time since last: 1001509610 ns, Reaching safepoint: 6600 ns, Cleanup: 26601 ns, At safepoint: 2800 ns, Total: 36001 ns
[1815.447s][info ][safepoint      ] Safepoint "Cleanup", Time since last: 14005974298 ns, Reaching safepoint: 6700 ns, Cleanup: 12200 ns, At safepoint: 2600 ns, Total: 21500 ns
[1816.830s][info ][gc,start       ] GC(41) Pause Young (Allocation Failure)
[1816.841s][debug][gc,phases      ] GC(41) Scavenge 10.653ms
[1816.844s][debug][gc,ref         ] GC(41) ReferenceProcessor::execute queues: 1, RefProcThreadModel::Single, marks_oops_alive: false
[1816.844s][debug][gc,ref         ] GC(41) Skipped KeepAliveFinalRefsPhase of Reference Processing: no references
[1816.844s][debug][gc,ref         ] GC(41) ReferenceProcessor::execute queues: 1, RefProcThreadModel::Single, marks_oops_alive: false
[1816.844s][debug][gc,phases      ] GC(41) Reference Processing 2.870ms
[1816.844s][debug][gc,phases      ] GC(41)   VM Weak                        Min:  0.0, Avg:  0.0, Max:  0.0, Diff:  0.0, Sum:  0.0, Workers: 4
[1816.844s][debug][gc,phases      ] GC(41)     Dead                           Min: 0, Avg:  0.0, Max: 0, Diff: 0, Sum: 0, Workers: 4
[1816.844s][debug][gc,phases      ] GC(41)     Total                          Min: 0, Avg: 233.8, Max: 935, Diff: 935, Sum: 935, Workers: 4
[1816.844s][debug][gc,phases      ] GC(41)   ObjectSynchronizer Weak        Min:  0.0, Avg:  0.0, Max:  0.0, Diff:  0.0, Sum:  0.0, Workers: 4
[1816.844s][debug][gc,phases      ] GC(41)     Dead                           Min: 0, Avg:  0.0, Max: 0, Diff: 0, Sum: 0, Workers: 4
[1816.844s][debug][gc,phases      ] GC(41)     Total                          Min: 0, Avg:  0.8, Max: 3, Diff: 3, Sum: 3, Workers: 4
[1816.844s][debug][gc,phases      ] GC(41)   JVMTI Tag Weak OopStorage      Min:  0.0, Avg:  0.0, Max:  0.0, Diff:  0.0, Sum:  0.0, Workers: 4
[1816.844s][debug][gc,phases      ] GC(41)     Dead                           Min: 0, Avg:  0.0, Max: 0, Diff: 0, Sum: 0, Workers: 4
[1816.844s][debug][gc,phases      ] GC(41)     Total                          Min: 0, Avg:  0.0, Max: 0, Diff: 0, Sum: 0, Workers: 4
[1816.844s][debug][gc,phases      ] GC(41)   StringTable Weak               Min:  0.0, Avg:  0.1, Max:  0.4, Diff:  0.4, Sum:  0.4, Workers: 4
[1816.844s][debug][gc,phases      ] GC(41)     Dead                           Min: 0, Avg:  0.5, Max: 2, Diff: 2, Sum: 2, Workers: 4
[1816.844s][debug][gc,phases      ] GC(41)     Total                          Min: 0, Avg: 11935.2, Max: 42431, Diff: 42431, Sum: 47741, Workers: 4
[1816.844s][debug][gc,phases      ] GC(41)   ResolvedMethodTable Weak       Min:  0.0, Avg:  0.0, Max:  0.1, Diff:  0.1, Sum:  0.1, Workers: 4
[1816.844s][debug][gc,phases      ] GC(41)     Dead                           Min: 0, Avg:  8.8, Max: 29, Diff: 29, Sum: 35, Workers: 4
[1816.844s][debug][gc,phases      ] GC(41)     Total                          Min: 0, Avg: 3841.2, Max: 7700, Diff: 7700, Sum: 15365, Workers: 4
[1816.844s][debug][gc,phases      ] GC(41)   JNI Weak                       Min:  0.0, Avg:  0.0, Max:  0.0, Diff:  0.0, Sum:  0.0, Workers: 4
[1816.844s][debug][gc,phases      ] GC(41)     Dead                           Min: 0, Avg:  0.0, Max: 0, Diff: 0, Sum: 0, Workers: 4
[1816.844s][debug][gc,phases      ] GC(41)     Total                          Min: 0, Avg: 13.0, Max: 52, Diff: 52, Sum: 52, Workers: 4
[1816.844s][debug][gc,phases      ] GC(41)   StringDedup Table Weak         Min:  0.0, Avg:  0.0, Max:  0.0, Diff:  0.0, Sum:  0.0, Workers: 4
[1816.844s][debug][gc,phases      ] GC(41)     Dead                           Min: 0, Avg:  0.0, Max: 0, Diff: 0, Sum: 0, Workers: 4
[1816.844s][debug][gc,phases      ] GC(41)     Total                          Min: 0, Avg:  0.0, Max: 0, Diff: 0, Sum: 0, Workers: 4
[1816.844s][debug][gc,phases      ] GC(41)   StringDedup Requests0 Weak     Min:  0.0, Avg:  0.0, Max:  0.0, Diff:  0.0, Sum:  0.0, Workers: 4
[1816.844s][debug][gc,phases      ] GC(41)     Dead                           Min: 0, Avg:  0.0, Max: 0, Diff: 0, Sum: 0, Workers: 4
[1816.844s][debug][gc,phases      ] GC(41)     Total                          Min: 0, Avg:  0.0, Max: 0, Diff: 0, Sum: 0, Workers: 4
[1816.844s][debug][gc,phases      ] GC(41)   StringDedup Requests1 Weak     Min:  0.0, Avg:  0.0, Max:  0.0, Diff:  0.0, Sum:  0.0, Workers: 4
[1816.844s][debug][gc,phases      ] GC(41)     Dead                           Min: 0, Avg:  0.0, Max: 0, Diff: 0, Sum: 0, Workers: 4
[1816.844s][debug][gc,phases      ] GC(41)     Total                          Min: 0, Avg:  0.0, Max: 0, Diff: 0, Sum: 0, Workers: 4
[1816.844s][debug][gc,phases      ] GC(41)   Weak JFR Old Object Samples    Min:  0.0, Avg:  0.0, Max:  0.0, Diff:  0.0, Sum:  0.0, Workers: 4
[1816.844s][debug][gc,phases      ] GC(41)     Dead                           Min: 0, Avg:  0.0, Max: 0, Diff: 0, Sum: 0, Workers: 4
[1816.844s][debug][gc,phases      ] GC(41)     Total                          Min: 0, Avg:  0.0, Max: 0, Diff: 0, Sum: 0, Workers: 4
[1816.844s][debug][gc,phases      ] GC(41) Weak Processing 0.685ms
[1816.844s][debug][gc,age         ] GC(41) Desired survivor size 67108864 bytes, new threshold 1 (max threshold 15)
[1816.844s][info ][gc,heap        ] GC(41) PSYoungGen: 1953104K(2026496K)->2240K(2021376K) Eden: 1950720K(1950720K)->0K(1950720K) From: 2384K(75776K)->2240K(70656K)
[1816.844s][info ][gc,heap        ] GC(41) ParOldGen: 270632K(270848K)->271408K(271872K)
[1816.844s][info ][gc,metaspace   ] GC(41) Metaspace: 106645K(107968K)->106645K(107968K) NonClass: 90404K(91136K)->90404K(91136K) Class: 16241K(16832K)->16241K(16832K)
[1816.844s][info ][gc             ] GC(41) Pause Young (Allocation Failure) 2171M->267M(2239M) 14.333ms
[1816.844s][info ][gc,cpu         ] GC(41) User=0.01s Sys=0.00s Real=0.02s
[1816.844s][info ][safepoint      ] Safepoint "ParallelGCFailedAllocation", Time since last: 1380019216 ns, Reaching safepoint: 3187736 ns, Cleanup: 5600 ns, At safepoint: 14411260 ns, Total: 17604596 ns
[1821.845s][info ][safepoint      ] Safepoint "Cleanup", Time since last: 5000438241 ns, Reaching safepoint: 6700 ns, Cleanup: 13900 ns, At safepoint: 2400 ns, Total: 23000 ns
[1831.847s][info ][safepoint      ] Safepoint "Cleanup", Time since last: 10002501343 ns, Reaching safepoint: 5500 ns, Cleanup: 9300 ns, At safepoint: 1800 ns, Total: 16600 ns
[1833.848s][info ][safepoint      ] Safepoint "Cleanup", Time since last: 2000181257 ns, Reaching safepoint: 7000 ns, Cleanup: 14600 ns, At safepoint: 1900 ns, Total: 23500 ns
[1836.848s][info ][safepoint      ] Safepoint "Cleanup", Time since last: 3000267876 ns, Reaching safepoint: 9900 ns, Cleanup: 15200 ns, At safepoint: 4000 ns, Total: 29100 ns
[1848.849s][info ][safepoint      ] Safepoint "Cleanup", Time since last: 12000967194 ns, Reaching safepoint: 5900 ns, Cleanup: 17900 ns, At safepoint: 2000 ns, Total: 25800 ns
[1857.850s][info ][safepoint      ] Safepoint "Cleanup", Time since last: 9000647152 ns, Reaching safepoint: 6600 ns, Cleanup: 11400 ns, At safepoint: 1800 ns, Total: 19800 ns
[1876.851s][info ][safepoint      ] Safepoint "Cleanup", Time since last: 19001392840 ns, Reaching safepoint: 7000 ns, Cleanup: 9700 ns, At safepoint: 24801 ns, Total: 41501 ns
[1880.851s][info ][safepoint      ] Safepoint "Cleanup", Time since last: 4000342592 ns, Reaching safepoint: 6800 ns, Cleanup: 13100 ns, At safepoint: 2300 ns, Total: 22200 ns
[1886.265s][info ][gc,start       ] GC(42) Pause Young (Allocation Failure)
[1886.267s][debug][gc,phases      ] GC(42) Scavenge 2.046ms
[1886.267s][debug][gc,ref         ] GC(42) ReferenceProcessor::execute queues: 1, RefProcThreadModel::Single, marks_oops_alive: false
[1886.267s][debug][gc,ref         ] GC(42) Skipped KeepAliveFinalRefsPhase of Reference Processing: no references
[1886.267s][debug][gc,ref         ] GC(42) ReferenceProcessor::execute queues: 1, RefProcThreadModel::Single, marks_oops_alive: false
[1886.267s][debug][gc,phases      ] GC(42) Reference Processing 0.109ms
[1886.267s][debug][gc,phases      ] GC(42)   VM Weak                        Min:  0.0, Avg:  0.0, Max:  0.0, Diff:  0.0, Sum:  0.0, Workers: 4
[1886.267s][debug][gc,phases      ] GC(42)     Dead                           Min: 0, Avg:  0.0, Max: 0, Diff: 0, Sum: 0, Workers: 4
[1886.267s][debug][gc,phases      ] GC(42)     Total                          Min: 0, Avg: 233.8, Max: 615, Diff: 615, Sum: 935, Workers: 4
[1886.267s][debug][gc,phases      ] GC(42)   ObjectSynchronizer Weak        Min:  0.0, Avg:  0.0, Max:  0.0, Diff:  0.0, Sum:  0.0, Workers: 4
[1886.267s][debug][gc,phases      ] GC(42)     Dead                           Min: 0, Avg:  0.0, Max: 0, Diff: 0, Sum: 0, Workers: 4
[1886.267s][debug][gc,phases      ] GC(42)     Total                          Min: 0, Avg:  0.8, Max: 3, Diff: 3, Sum: 3, Workers: 4
[1886.267s][debug][gc,phases      ] GC(42)   JVMTI Tag Weak OopStorage      Min:  0.0, Avg:  0.0, Max:  0.0, Diff:  0.0, Sum:  0.0, Workers: 4
[1886.267s][debug][gc,phases      ] GC(42)     Dead                           Min: 0, Avg:  0.0, Max: 0, Diff: 0, Sum: 0, Workers: 4
[1886.267s][debug][gc,phases      ] GC(42)     Total                          Min: 0, Avg:  0.0, Max: 0, Diff: 0, Sum: 0, Workers: 4
[1886.267s][debug][gc,phases      ] GC(42)   StringTable Weak               Min:  0.0, Avg:  0.1, Max:  0.1, Diff:  0.1, Sum:  0.4, Workers: 4
[1886.267s][debug][gc,phases      ] GC(42)     Dead                           Min: 0, Avg:  0.0, Max: 0, Diff: 0, Sum: 0, Workers: 4
[1886.267s][debug][gc,phases      ] GC(42)     Total                          Min: 0, Avg: 11935.8, Max: 21184, Diff: 21184, Sum: 47743, Workers: 4
[1886.267s][debug][gc,phases      ] GC(42)   ResolvedMethodTable Weak       Min:  0.0, Avg:  0.0, Max:  0.0, Diff:  0.0, Sum:  0.1, Workers: 4
[1886.267s][debug][gc,phases      ] GC(42)     Dead                           Min: 0, Avg:  4.8, Max: 16, Diff: 16, Sum: 19, Workers: 4
[1886.267s][debug][gc,phases      ] GC(42)     Total                          Min: 0, Avg: 3841.8, Max: 6750, Diff: 6750, Sum: 15367, Workers: 4
[1886.267s][debug][gc,phases      ] GC(42)   JNI Weak                       Min:  0.0, Avg:  0.0, Max:  0.0, Diff:  0.0, Sum:  0.0, Workers: 4
[1886.267s][debug][gc,phases      ] GC(42)     Dead                           Min: 0, Avg:  0.0, Max: 0, Diff: 0, Sum: 0, Workers: 4
[1886.267s][debug][gc,phases      ] GC(42)     Total                          Min: 0, Avg: 13.0, Max: 52, Diff: 52, Sum: 52, Workers: 4
[1886.267s][debug][gc,phases      ] GC(42)   StringDedup Table Weak         Min:  0.0, Avg:  0.0, Max:  0.0, Diff:  0.0, Sum:  0.0, Workers: 4
[1886.267s][debug][gc,phases      ] GC(42)     Dead                           Min: 0, Avg:  0.0, Max: 0, Diff: 0, Sum: 0, Workers: 4
[1886.267s][debug][gc,phases      ] GC(42)     Total                          Min: 0, Avg:  0.0, Max: 0, Diff: 0, Sum: 0, Workers: 4
[1886.267s][debug][gc,phases      ] GC(42)   StringDedup Requests0 Weak     Min:  0.0, Avg:  0.0, Max:  0.0, Diff:  0.0, Sum:  0.0, Workers: 4
[1886.267s][debug][gc,phases      ] GC(42)     Dead                           Min: 0, Avg:  0.0, Max: 0, Diff: 0, Sum: 0, Workers: 4
[1886.267s][debug][gc,phases      ] GC(42)     Total                          Min: 0, Avg:  0.0, Max: 0, Diff: 0, Sum: 0, Workers: 4
[1886.267s][debug][gc,phases      ] GC(42)   StringDedup Requests1 Weak     Min:  0.0, Avg:  0.0, Max:  0.0, Diff:  0.0, Sum:  0.0, Workers: 4
[1886.267s][debug][gc,phases      ] GC(42)     Dead                           Min: 0, Avg:  0.0, Max: 0, Diff: 0, Sum: 0, Workers: 4
[1886.267s][debug][gc,phases      ] GC(42)     Total                          Min: 0, Avg:  0.0, Max: 0, Diff: 0, Sum: 0, Workers: 4
[1886.267s][debug][gc,phases      ] GC(42)   Weak JFR Old Object Samples    Min:  0.0, Avg:  0.0, Max:  0.0, Diff:  0.0, Sum:  0.0, Workers: 4
[1886.267s][debug][gc,phases      ] GC(42)     Dead                           Min: 0, Avg:  0.0, Max: 0, Diff: 0, Sum: 0, Workers: 4
[1886.267s][debug][gc,phases      ] GC(42)     Total                          Min: 0, Avg:  0.0, Max: 0, Diff: 0, Sum: 0, Workers: 4
[1886.267s][debug][gc,phases      ] GC(42) Weak Processing 0.356ms
[1886.267s][debug][gc,age         ] GC(42) Desired survivor size 62390272 bytes, new threshold 1 (max threshold 15)
[1886.267s][info ][gc,heap        ] GC(42) PSYoungGen: 1952960K(2021376K)->2320K(2036224K) Eden: 1950720K(1950720K)->0K(1970688K) From: 2240K(70656K)->2320K(65536K)
[1886.267s][info ][gc,heap        ] GC(42) ParOldGen: 271408K(271872K)->271869K(271872K)
[1886.267s][info ][gc,metaspace   ] GC(42) Metaspace: 106651K(107968K)->106651K(107968K) NonClass: 90409K(91136K)->90409K(91136K) Class: 16242K(16832K)->16242K(16832K)
[1886.267s][info ][gc             ] GC(42) Pause Young (Allocation Failure) 2172M->267M(2254M) 2.620ms
[1886.267s][info ][gc,cpu         ] GC(42) User=0.00s Sys=0.00s Real=0.00s
[1886.267s][info ][safepoint      ] Safepoint "ParallelGCFailedAllocation", Time since last: 5413357335 ns, Reaching safepoint: 6300 ns, Cleanup: 4100 ns, At safepoint: 2697928 ns, Total: 2708328 ns
[1888.268s][info ][safepoint      ] Safepoint "Cleanup", Time since last: 2000153458 ns, Reaching safepoint: 7400 ns, Cleanup: 10400 ns, At safepoint: 2801 ns, Total: 20601 ns
[1898.268s][info ][safepoint      ] Safepoint "Cleanup", Time since last: 10000716034 ns, Reaching safepoint: 5100 ns, Cleanup: 7300 ns, At safepoint: 1700 ns, Total: 14100 ns
[1904.269s][info ][safepoint      ] Safepoint "Cleanup", Time since last: 6000402688 ns, Reaching safepoint: 17100 ns, Cleanup: 8600 ns, At safepoint: 1800 ns, Total: 27500 ns
[1911.269s][info ][safepoint      ] Safepoint "Cleanup", Time since last: 7000512211 ns, Reaching safepoint: 5400 ns, Cleanup: 8201 ns, At safepoint: 1500 ns, Total: 15101 ns
[1928.271s][info ][safepoint      ] Safepoint "Cleanup", Time since last: 17001243895 ns, Reaching safepoint: 5700 ns, Cleanup: 12000 ns, At safepoint: 2100 ns, Total: 19800 ns
[1955.273s][info ][safepoint      ] Safepoint "Cleanup", Time since last: 27002021953 ns, Reaching safepoint: 5400 ns, Cleanup: 12200 ns, At safepoint: 1800 ns, Total: 19400 ns
[1956.829s][info ][gc,start       ] GC(43) Pause Young (Allocation Failure)
[1956.831s][debug][gc,phases      ] GC(43) Scavenge 1.812ms
[1956.831s][debug][gc,ref         ] GC(43) ReferenceProcessor::execute queues: 1, RefProcThreadModel::Single, marks_oops_alive: false
[1956.831s][debug][gc,ref         ] GC(43) Skipped KeepAliveFinalRefsPhase of Reference Processing: no references
[1956.831s][debug][gc,ref         ] GC(43) Skipped PhantomRefsPhase of Reference Processing: no references
[1956.831s][debug][gc,phases      ] GC(43) Reference Processing 0.092ms
[1956.831s][debug][gc,phases      ] GC(43)   VM Weak                        Min:  0.0, Avg:  0.0, Max:  0.0, Diff:  0.0, Sum:  0.0, Workers: 4
[1956.831s][debug][gc,phases      ] GC(43)     Dead                           Min: 0, Avg:  0.0, Max: 0, Diff: 0, Sum: 0, Workers: 4
[1956.832s][debug][gc,phases      ] GC(43)     Total                          Min: 0, Avg: 233.8, Max: 615, Diff: 615, Sum: 935, Workers: 4
[1956.832s][debug][gc,phases      ] GC(43)   ObjectSynchronizer Weak        Min:  0.0, Avg:  0.0, Max:  0.0, Diff:  0.0, Sum:  0.0, Workers: 4
[1956.832s][debug][gc,phases      ] GC(43)     Dead                           Min: 0, Avg:  0.0, Max: 0, Diff: 0, Sum: 0, Workers: 4
[1956.832s][debug][gc,phases      ] GC(43)     Total                          Min: 0, Avg:  0.8, Max: 3, Diff: 3, Sum: 3, Workers: 4
[1956.832s][debug][gc,phases      ] GC(43)   JVMTI Tag Weak OopStorage      Min:  0.0, Avg:  0.0, Max:  0.0, Diff:  0.0, Sum:  0.0, Workers: 4
[1956.832s][debug][gc,phases      ] GC(43)     Dead                           Min: 0, Avg:  0.0, Max: 0, Diff: 0, Sum: 0, Workers: 4
[1956.832s][debug][gc,phases      ] GC(43)     Total                          Min: 0, Avg:  0.0, Max: 0, Diff: 0, Sum: 0, Workers: 4
[1956.832s][debug][gc,phases      ] GC(43)   StringTable Weak               Min:  0.0, Avg:  0.1, Max:  0.1, Diff:  0.1, Sum:  0.4, Workers: 4
[1956.832s][debug][gc,phases      ] GC(43)     Dead                           Min: 0, Avg:  0.0, Max: 0, Diff: 0, Sum: 0, Workers: 4
[1956.832s][debug][gc,phases      ] GC(43)     Total                          Min: 0, Avg: 11935.8, Max: 18303, Diff: 18303, Sum: 47743, Workers: 4
[1956.832s][debug][gc,phases      ] GC(43)   ResolvedMethodTable Weak       Min:  0.0, Avg:  0.0, Max:  0.0, Diff:  0.0, Sum:  0.1, Workers: 4
[1956.832s][debug][gc,phases      ] GC(43)     Dead                           Min: 0, Avg:  4.0, Max: 12, Diff: 12, Sum: 16, Workers: 4
[1956.832s][debug][gc,phases      ] GC(43)     Total                          Min: 0, Avg: 3841.8, Max: 6444, Diff: 6444, Sum: 15367, Workers: 4
[1956.832s][debug][gc,phases      ] GC(43)   JNI Weak                       Min:  0.0, Avg:  0.0, Max:  0.0, Diff:  0.0, Sum:  0.0, Workers: 4
[1956.832s][debug][gc,phases      ] GC(43)     Dead                           Min: 0, Avg:  0.0, Max: 0, Diff: 0, Sum: 0, Workers: 4
[1956.832s][debug][gc,phases      ] GC(43)     Total                          Min: 0, Avg: 13.0, Max: 52, Diff: 52, Sum: 52, Workers: 4
[1956.832s][debug][gc,phases      ] GC(43)   StringDedup Table Weak         Min:  0.0, Avg:  0.0, Max:  0.0, Diff:  0.0, Sum:  0.0, Workers: 4
[1956.832s][debug][gc,phases      ] GC(43)     Dead                           Min: 0, Avg:  0.0, Max: 0, Diff: 0, Sum: 0, Workers: 4
[1956.832s][debug][gc,phases      ] GC(43)     Total                          Min: 0, Avg:  0.0, Max: 0, Diff: 0, Sum: 0, Workers: 4
[1956.832s][debug][gc,phases      ] GC(43)   StringDedup Requests0 Weak     Min:  0.0, Avg:  0.0, Max:  0.0, Diff:  0.0, Sum:  0.0, Workers: 4
[1956.832s][debug][gc,phases      ] GC(43)     Dead                           Min: 0, Avg:  0.0, Max: 0, Diff: 0, Sum: 0, Workers: 4
[1956.832s][debug][gc,phases      ] GC(43)     Total                          Min: 0, Avg:  0.0, Max: 0, Diff: 0, Sum: 0, Workers: 4
[1956.832s][debug][gc,phases      ] GC(43)   StringDedup Requests1 Weak     Min:  0.0, Avg:  0.0, Max:  0.0, Diff:  0.0, Sum:  0.0, Workers: 4
[1956.832s][debug][gc,phases      ] GC(43)     Dead                           Min: 0, Avg:  0.0, Max: 0, Diff: 0, Sum: 0, Workers: 4
[1956.832s][debug][gc,phases      ] GC(43)     Total                          Min: 0, Avg:  0.0, Max: 0, Diff: 0, Sum: 0, Workers: 4
[1956.832s][debug][gc,phases      ] GC(43)   Weak JFR Old Object Samples    Min:  0.0, Avg:  0.0, Max:  0.0, Diff:  0.0, Sum:  0.0, Workers: 4
[1956.832s][debug][gc,phases      ] GC(43)     Dead                           Min: 0, Avg:  0.0, Max: 0, Diff: 0, Sum: 0, Workers: 4
[1956.832s][debug][gc,phases      ] GC(43)     Total                          Min: 0, Avg:  0.0, Max: 0, Diff: 0, Sum: 0, Workers: 4
[1956.832s][debug][gc,phases      ] GC(43) Weak Processing 0.368ms
[1956.832s][debug][gc,age         ] GC(43) Desired survivor size 57671680 bytes, new threshold 1 (max threshold 15)
[1956.832s][info ][gc,heap        ] GC(43) PSYoungGen: 1973008K(2036224K)->2384K(2031616K) Eden: 1970688K(1970688K)->0K(1970688K) From: 2320K(65536K)->2384K(60928K)
[1956.832s][info ][gc,heap        ] GC(43) ParOldGen: 271869K(271872K)->272229K(272384K)
[1956.832s][info ][gc,metaspace   ] GC(43) Metaspace: 106657K(107968K)->106657K(107968K) NonClass: 90415K(91136K)->90415K(91136K) Class: 16242K(16832K)->16242K(16832K)
[1956.832s][info ][gc             ] GC(43) Pause Young (Allocation Failure) 2192M->268M(2250M) 2.363ms
[1956.832s][info ][gc,cpu         ] GC(43) User=0.01s Sys=0.00s Real=0.00s
[1956.832s][info ][safepoint      ] Safepoint "ParallelGCFailedAllocation", Time since last: 1556644475 ns, Reaching safepoint: 5800 ns, Cleanup: 3800 ns, At safepoint: 2417826 ns, Total: 2427426 ns
[1977.833s][info ][safepoint      ] Safepoint "Cleanup", Time since last: 21001513404 ns, Reaching safepoint: 5901 ns, Cleanup: 10100 ns, At safepoint: 2200 ns, Total: 18201 ns
[1987.834s][info ][safepoint      ] Safepoint "Cleanup", Time since last: 10000808259 ns, Reaching safepoint: 5800 ns, Cleanup: 9100 ns, At safepoint: 1800 ns, Total: 16700 ns
[1994.835s][info ][safepoint      ] Safepoint "Cleanup", Time since last: 7000564715 ns, Reaching safepoint: 6200 ns, Cleanup: 11400 ns, At safepoint: 2300 ns, Total: 19900 ns
[1996.835s][info ][safepoint      ] Safepoint "Cleanup", Time since last: 2000201485 ns, Reaching safepoint: 5700 ns, Cleanup: 9800 ns, At safepoint: 2200 ns, Total: 17700 ns
[2010.836s][info ][safepoint      ] Safepoint "Cleanup", Time since last: 14001016507 ns, Reaching safepoint: 5300 ns, Cleanup: 10600 ns, At safepoint: 2100 ns, Total: 18000 ns
[2023.837s][info ][safepoint      ] Safepoint "Cleanup", Time since last: 13000977039 ns, Reaching safepoint: 6600 ns, Cleanup: 9500 ns, At safepoint: 1700 ns, Total: 17800 ns
[2024.837s][info ][safepoint      ] Safepoint "Cleanup", Time since last: 1000105328 ns, Reaching safepoint: 5700 ns, Cleanup: 11600 ns, At safepoint: 1800 ns, Total: 19100 ns
[2028.176s][info ][gc,start       ] GC(44) Pause Young (Allocation Failure)
[2028.178s][debug][gc,phases      ] GC(44) Scavenge 1.747ms
[2028.178s][debug][gc,ref         ] GC(44) ReferenceProcessor::execute queues: 1, RefProcThreadModel::Single, marks_oops_alive: false
[2028.178s][debug][gc,ref         ] GC(44) Skipped KeepAliveFinalRefsPhase of Reference Processing: no references
[2028.178s][debug][gc,ref         ] GC(44) ReferenceProcessor::execute queues: 1, RefProcThreadModel::Single, marks_oops_alive: false
[2028.178s][debug][gc,phases      ] GC(44) Reference Processing 0.097ms
[2028.178s][debug][gc,phases      ] GC(44)   VM Weak                        Min:  0.0, Avg:  0.0, Max:  0.0, Diff:  0.0, Sum:  0.0, Workers: 4
[2028.178s][debug][gc,phases      ] GC(44)     Dead                           Min: 0, Avg:  0.0, Max: 0, Diff: 0, Sum: 0, Workers: 4
[2028.178s][debug][gc,phases      ] GC(44)     Total                          Min: 0, Avg: 233.8, Max: 768, Diff: 768, Sum: 935, Workers: 4
[2028.178s][debug][gc,phases      ] GC(44)   ObjectSynchronizer Weak        Min:  0.0, Avg:  0.0, Max:  0.0, Diff:  0.0, Sum:  0.0, Workers: 4
[2028.178s][debug][gc,phases      ] GC(44)     Dead                           Min: 0, Avg:  0.0, Max: 0, Diff: 0, Sum: 0, Workers: 4
[2028.178s][debug][gc,phases      ] GC(44)     Total                          Min: 0, Avg:  0.8, Max: 3, Diff: 3, Sum: 3, Workers: 4
[2028.178s][debug][gc,phases      ] GC(44)   JVMTI Tag Weak OopStorage      Min:  0.0, Avg:  0.0, Max:  0.0, Diff:  0.0, Sum:  0.0, Workers: 4
[2028.178s][debug][gc,phases      ] GC(44)     Dead                           Min: 0, Avg:  0.0, Max: 0, Diff: 0, Sum: 0, Workers: 4
[2028.178s][debug][gc,phases      ] GC(44)     Total                          Min: 0, Avg:  0.0, Max: 0, Diff: 0, Sum: 0, Workers: 4
[2028.178s][debug][gc,phases      ] GC(44)   StringTable Weak               Min:  0.0, Avg:  0.1, Max:  0.1, Diff:  0.1, Sum:  0.4, Workers: 4
[2028.178s][debug][gc,phases      ] GC(44)     Dead                           Min: 0, Avg:  0.0, Max: 0, Diff: 0, Sum: 0, Workers: 4
[2028.178s][debug][gc,phases      ] GC(44)     Total                          Min: 0, Avg: 11936.2, Max: 20736, Diff: 20736, Sum: 47745, Workers: 4
[2028.178s][debug][gc,phases      ] GC(44)   ResolvedMethodTable Weak       Min:  0.0, Avg:  0.0, Max:  0.0, Diff:  0.0, Sum:  0.1, Workers: 4
[2028.178s][debug][gc,phases      ] GC(44)     Dead                           Min: 0, Avg:  4.0, Max: 16, Diff: 16, Sum: 16, Workers: 4
[2028.178s][debug][gc,phases      ] GC(44)     Total                          Min: 0, Avg: 3842.2, Max: 6639, Diff: 6639, Sum: 15369, Workers: 4
[2028.178s][debug][gc,phases      ] GC(44)   JNI Weak                       Min:  0.0, Avg:  0.0, Max:  0.0, Diff:  0.0, Sum:  0.0, Workers: 4
[2028.178s][debug][gc,phases      ] GC(44)     Dead                           Min: 0, Avg:  0.0, Max: 0, Diff: 0, Sum: 0, Workers: 4
[2028.178s][debug][gc,phases      ] GC(44)     Total                          Min: 0, Avg: 13.0, Max: 52, Diff: 52, Sum: 52, Workers: 4
[2028.178s][debug][gc,phases      ] GC(44)   StringDedup Table Weak         Min:  0.0, Avg:  0.0, Max:  0.0, Diff:  0.0, Sum:  0.0, Workers: 4
[2028.178s][debug][gc,phases      ] GC(44)     Dead                           Min: 0, Avg:  0.0, Max: 0, Diff: 0, Sum: 0, Workers: 4
[2028.178s][debug][gc,phases      ] GC(44)     Total                          Min: 0, Avg:  0.0, Max: 0, Diff: 0, Sum: 0, Workers: 4
[2028.178s][debug][gc,phases      ] GC(44)   StringDedup Requests0 Weak     Min:  0.0, Avg:  0.0, Max:  0.0, Diff:  0.0, Sum:  0.0, Workers: 4
[2028.178s][debug][gc,phases      ] GC(44)     Dead                           Min: 0, Avg:  0.0, Max: 0, Diff: 0, Sum: 0, Workers: 4
[2028.178s][debug][gc,phases      ] GC(44)     Total                          Min: 0, Avg:  0.0, Max: 0, Diff: 0, Sum: 0, Workers: 4
[2028.178s][debug][gc,phases      ] GC(44)   StringDedup Requests1 Weak     Min:  0.0, Avg:  0.0, Max:  0.0, Diff:  0.0, Sum:  0.0, Workers: 4
[2028.178s][debug][gc,phases      ] GC(44)     Dead                           Min: 0, Avg:  0.0, Max: 0, Diff: 0, Sum: 0, Workers: 4
[2028.178s][debug][gc,phases      ] GC(44)     Total                          Min: 0, Avg:  0.0, Max: 0, Diff: 0, Sum: 0, Workers: 4
[2028.178s][debug][gc,phases      ] GC(44)   Weak JFR Old Object Samples    Min:  0.0, Avg:  0.0, Max:  0.0, Diff:  0.0, Sum:  0.0, Workers: 4
[2028.178s][debug][gc,phases      ] GC(44)     Dead                           Min: 0, Avg:  0.0, Max: 0, Diff: 0, Sum: 0, Workers: 4
[2028.178s][debug][gc,phases      ] GC(44)     Total                          Min: 0, Avg:  0.0, Max: 0, Diff: 0, Sum: 0, Workers: 4
[2028.178s][debug][gc,phases      ] GC(44) Weak Processing 0.357ms
[2028.178s][debug][gc,age         ] GC(44) Desired survivor size 53477376 bytes, new threshold 1 (max threshold 15)
[2028.178s][info ][gc,heap        ] GC(44) PSYoungGen: 1973072K(2031616K)->1888K(2044928K) Eden: 1970688K(1970688K)->0K(1988608K) From: 2384K(60928K)->1888K(56320K)
[2028.178s][info ][gc,heap        ] GC(44) ParOldGen: 272229K(272384K)->272949K(273408K)
[2028.178s][info ][gc,metaspace   ] GC(44) Metaspace: 106676K(107968K)->106676K(107968K) NonClass: 90434K(91136K)->90434K(91136K) Class: 16242K(16832K)->16242K(16832K)
[2028.178s][info ][gc             ] GC(44) Pause Young (Allocation Failure) 2192M->268M(2264M) 2.315ms
[2028.178s][info ][gc,cpu         ] GC(44) User=0.01s Sys=0.00s Real=0.00s
[2028.178s][info ][safepoint      ] Safepoint "ParallelGCFailedAllocation", Time since last: 3338680340 ns, Reaching safepoint: 5200 ns, Cleanup: 3900 ns, At safepoint: 2373025 ns, Total: 2382125 ns
[2031.178s][info ][safepoint      ] Safepoint "Cleanup", Time since last: 3000265745 ns, Reaching safepoint: 80001 ns, Cleanup: 9500 ns, At safepoint: 7000 ns, Total: 96501 ns
[2039.179s][info ][safepoint      ] Safepoint "Cleanup", Time since last: 8000606068 ns, Reaching safepoint: 5700 ns, Cleanup: 10100 ns, At safepoint: 2101 ns, Total: 17901 ns
[2045.180s][info ][safepoint      ] Safepoint "Cleanup", Time since last: 6000459541 ns, Reaching safepoint: 5500 ns, Cleanup: 8600 ns, At safepoint: 1800 ns, Total: 15900 ns
[2046.180s][info ][safepoint      ] Safepoint "Cleanup", Time since last: 1000115340 ns, Reaching safepoint: 6800 ns, Cleanup: 10600 ns, At safepoint: 2300 ns, Total: 19700 ns
[2086.183s][info ][safepoint      ] Safepoint "Cleanup", Time since last: 40002945363 ns, Reaching safepoint: 5800 ns, Cleanup: 9900 ns, At safepoint: 1700 ns, Total: 17400 ns
[2098.305s][info ][gc,start       ] GC(45) Pause Young (Allocation Failure)
[2098.307s][debug][gc,phases      ] GC(45) Scavenge 1.841ms
[2098.307s][debug][gc,ref         ] GC(45) ReferenceProcessor::execute queues: 1, RefProcThreadModel::Single, marks_oops_alive: false
[2098.307s][debug][gc,ref         ] GC(45) Skipped KeepAliveFinalRefsPhase of Reference Processing: no references
[2098.307s][debug][gc,ref         ] GC(45) Skipped PhantomRefsPhase of Reference Processing: no references
[2098.307s][debug][gc,phases      ] GC(45) Reference Processing 0.093ms
[2098.307s][debug][gc,phases      ] GC(45)   VM Weak                        Min:  0.0, Avg:  0.0, Max:  0.0, Diff:  0.0, Sum:  0.0, Workers: 4
[2098.307s][debug][gc,phases      ] GC(45)     Dead                           Min: 0, Avg:  0.0, Max: 0, Diff: 0, Sum: 0, Workers: 4
[2098.307s][debug][gc,phases      ] GC(45)     Total                          Min: 0, Avg: 233.8, Max: 512, Diff: 512, Sum: 935, Workers: 4
[2098.307s][debug][gc,phases      ] GC(45)   ObjectSynchronizer Weak        Min:  0.0, Avg:  0.0, Max:  0.0, Diff:  0.0, Sum:  0.0, Workers: 4
[2098.307s][debug][gc,phases      ] GC(45)     Dead                           Min: 0, Avg:  0.0, Max: 0, Diff: 0, Sum: 0, Workers: 4
[2098.307s][debug][gc,phases      ] GC(45)     Total                          Min: 0, Avg:  0.8, Max: 3, Diff: 3, Sum: 3, Workers: 4
[2098.307s][debug][gc,phases      ] GC(45)   JVMTI Tag Weak OopStorage      Min:  0.0, Avg:  0.0, Max:  0.0, Diff:  0.0, Sum:  0.0, Workers: 4
[2098.307s][debug][gc,phases      ] GC(45)     Dead                           Min: 0, Avg:  0.0, Max: 0, Diff: 0, Sum: 0, Workers: 4
[2098.307s][debug][gc,phases      ] GC(45)     Total                          Min: 0, Avg:  0.0, Max: 0, Diff: 0, Sum: 0, Workers: 4
[2098.307s][debug][gc,phases      ] GC(45)   StringTable Weak               Min:  0.0, Avg:  0.1, Max:  0.1, Diff:  0.1, Sum:  0.4, Workers: 4
[2098.307s][debug][gc,phases      ] GC(45)     Dead                           Min: 0, Avg:  0.0, Max: 0, Diff: 0, Sum: 0, Workers: 4
[2098.307s][debug][gc,phases      ] GC(45)     Total                          Min: 0, Avg: 11938.2, Max: 21257, Diff: 21257, Sum: 47753, Workers: 4
[2098.307s][debug][gc,phases      ] GC(45)   ResolvedMethodTable Weak       Min:  0.0, Avg:  0.0, Max:  0.0, Diff:  0.0, Sum:  0.1, Workers: 4
[2098.307s][debug][gc,phases      ] GC(45)     Dead                           Min: 0, Avg:  4.0, Max: 16, Diff: 16, Sum: 16, Workers: 4
[2098.307s][debug][gc,phases      ] GC(45)     Total                          Min: 0, Avg: 3842.2, Max: 6740, Diff: 6740, Sum: 15369, Workers: 4
[2098.307s][debug][gc,phases      ] GC(45)   JNI Weak                       Min:  0.0, Avg:  0.0, Max:  0.0, Diff:  0.0, Sum:  0.0, Workers: 4
[2098.307s][debug][gc,phases      ] GC(45)     Dead                           Min: 0, Avg:  0.0, Max: 0, Diff: 0, Sum: 0, Workers: 4
[2098.307s][debug][gc,phases      ] GC(45)     Total                          Min: 0, Avg: 13.0, Max: 52, Diff: 52, Sum: 52, Workers: 4
[2098.307s][debug][gc,phases      ] GC(45)   StringDedup Table Weak         Min:  0.0, Avg:  0.0, Max:  0.0, Diff:  0.0, Sum:  0.0, Workers: 4
[2098.307s][debug][gc,phases      ] GC(45)     Dead                           Min: 0, Avg:  0.0, Max: 0, Diff: 0, Sum: 0, Workers: 4
[2098.307s][debug][gc,phases      ] GC(45)     Total                          Min: 0, Avg:  0.0, Max: 0, Diff: 0, Sum: 0, Workers: 4
[2098.307s][debug][gc,phases      ] GC(45)   StringDedup Requests0 Weak     Min:  0.0, Avg:  0.0, Max:  0.0, Diff:  0.0, Sum:  0.0, Workers: 4
[2098.307s][debug][gc,phases      ] GC(45)     Dead                           Min: 0, Avg:  0.0, Max: 0, Diff: 0, Sum: 0, Workers: 4
[2098.307s][debug][gc,phases      ] GC(45)     Total                          Min: 0, Avg:  0.0, Max: 0, Diff: 0, Sum: 0, Workers: 4
[2098.307s][debug][gc,phases      ] GC(45)   StringDedup Requests1 Weak     Min:  0.0, Avg:  0.0, Max:  0.0, Diff:  0.0, Sum:  0.0, Workers: 4
[2098.307s][debug][gc,phases      ] GC(45)     Dead                           Min: 0, Avg:  0.0, Max: 0, Diff: 0, Sum: 0, Workers: 4
[2098.307s][debug][gc,phases      ] GC(45)     Total                          Min: 0, Avg:  0.0, Max: 0, Diff: 0, Sum: 0, Workers: 4
[2098.307s][debug][gc,phases      ] GC(45)   Weak JFR Old Object Samples    Min:  0.0, Avg:  0.0, Max:  0.0, Diff:  0.0, Sum:  0.0, Workers: 4
[2098.307s][debug][gc,phases      ] GC(45)     Dead                           Min: 0, Avg:  0.0, Max: 0, Diff: 0, Sum: 0, Workers: 4
[2098.307s][debug][gc,phases      ] GC(45)     Total                          Min: 0, Avg:  0.0, Max: 0, Diff: 0, Sum: 0, Workers: 4
[2098.307s][debug][gc,phases      ] GC(45) Weak Processing 0.349ms
[2098.307s][debug][gc,age         ] GC(45) Desired survivor size 49807360 bytes, new threshold 1 (max threshold 15)
[2098.307s][info ][gc,heap        ] GC(45) PSYoungGen: 1990496K(2044928K)->2016K(2040832K) Eden: 1988608K(1988608K)->0K(1988608K) From: 1888K(56320K)->2016K(52224K)
[2098.307s][info ][gc,heap        ] GC(45) ParOldGen: 272949K(273408K)->273377K(273408K)
[2098.307s][info ][gc,metaspace   ] GC(45) Metaspace: 106681K(107968K)->106681K(107968K) NonClass: 90438K(91136K)->90438K(91136K) Class: 16242K(16832K)->16242K(16832K)
[2098.307s][info ][gc             ] GC(45) Pause Young (Allocation Failure) 2210M->268M(2260M) 2.378ms
[2098.307s][info ][gc,cpu         ] GC(45) User=0.00s Sys=0.00s Real=0.00s
[2098.308s][info ][safepoint      ] Safepoint "ParallelGCFailedAllocation", Time since last: 12122428615 ns, Reaching safepoint: 5700 ns, Cleanup: 4100 ns, At safepoint: 2438425 ns, Total: 2448225 ns
[2107.309s][info ][safepoint      ] Safepoint "Cleanup", Time since last: 9001647899 ns, Reaching safepoint: 6600 ns, Cleanup: 11600 ns, At safepoint: 2600 ns, Total: 20800 ns
[2115.310s][info ][safepoint      ] Safepoint "Cleanup", Time since last: 8000578011 ns, Reaching safepoint: 4900 ns, Cleanup: 25100 ns, At safepoint: 2700 ns, Total: 32700 ns
[2116.310s][info ][safepoint      ] Safepoint "Cleanup", Time since last: 1000102069 ns, Reaching safepoint: 6501 ns, Cleanup: 21000 ns, At safepoint: 9000 ns, Total: 36501 ns
[2129.311s][info ][safepoint      ] Safepoint "Cleanup", Time since last: 13000946333 ns, Reaching safepoint: 6400 ns, Cleanup: 10100 ns, At safepoint: 2100 ns, Total: 18600 ns
[2138.312s][info ][safepoint      ] Safepoint "Cleanup", Time since last: 9000701458 ns, Reaching safepoint: 6300 ns, Cleanup: 8800 ns, At safepoint: 2000 ns, Total: 17100 ns
[2140.312s][info ][safepoint      ] Safepoint "Cleanup", Time since last: 2000177819 ns, Reaching safepoint: 6500 ns, Cleanup: 9800 ns, At safepoint: 2200 ns, Total: 18500 ns
[2169.825s][info ][gc,start       ] GC(46) Pause Young (Allocation Failure)
[2169.827s][debug][gc,phases      ] GC(46) Scavenge 1.831ms
[2169.827s][debug][gc,ref         ] GC(46) ReferenceProcessor::execute queues: 1, RefProcThreadModel::Single, marks_oops_alive: false
[2169.827s][debug][gc,ref         ] GC(46) Skipped KeepAliveFinalRefsPhase of Reference Processing: no references
[2169.827s][debug][gc,ref         ] GC(46) ReferenceProcessor::execute queues: 1, RefProcThreadModel::Single, marks_oops_alive: false
[2169.827s][debug][gc,phases      ] GC(46) Reference Processing 0.112ms
[2169.827s][debug][gc,phases      ] GC(46)   VM Weak                        Min:  0.0, Avg:  0.0, Max:  0.0, Diff:  0.0, Sum:  0.0, Workers: 4
[2169.827s][debug][gc,phases      ] GC(46)     Dead                           Min: 0, Avg:  0.0, Max: 0, Diff: 0, Sum: 0, Workers: 4
[2169.827s][debug][gc,phases      ] GC(46)     Total                          Min: 0, Avg: 233.8, Max: 871, Diff: 871, Sum: 935, Workers: 4
[2169.827s][debug][gc,phases      ] GC(46)   ObjectSynchronizer Weak        Min:  0.0, Avg:  0.0, Max:  0.0, Diff:  0.0, Sum:  0.0, Workers: 4
[2169.827s][debug][gc,phases      ] GC(46)     Dead                           Min: 0, Avg:  0.0, Max: 0, Diff: 0, Sum: 0, Workers: 4
[2169.827s][debug][gc,phases      ] GC(46)     Total                          Min: 0, Avg:  0.8, Max: 3, Diff: 3, Sum: 3, Workers: 4
[2169.827s][debug][gc,phases      ] GC(46)   JVMTI Tag Weak OopStorage      Min:  0.0, Avg:  0.0, Max:  0.0, Diff:  0.0, Sum:  0.0, Workers: 4
[2169.827s][debug][gc,phases      ] GC(46)     Dead                           Min: 0, Avg:  0.0, Max: 0, Diff: 0, Sum: 0, Workers: 4
[2169.827s][debug][gc,phases      ] GC(46)     Total                          Min: 0, Avg:  0.0, Max: 0, Diff: 0, Sum: 0, Workers: 4
[2169.827s][debug][gc,phases      ] GC(46)   StringTable Weak               Min:  0.0, Avg:  0.1, Max:  0.1, Diff:  0.1, Sum:  0.4, Workers: 4
[2169.827s][debug][gc,phases      ] GC(46)     Dead                           Min: 0, Avg:  0.0, Max: 0, Diff: 0, Sum: 0, Workers: 4
[2169.827s][debug][gc,phases      ] GC(46)     Total                          Min: 0, Avg: 11938.2, Max: 20736, Diff: 20736, Sum: 47753, Workers: 4
[2169.827s][debug][gc,phases      ] GC(46)   ResolvedMethodTable Weak       Min:  0.0, Avg:  0.0, Max:  0.0, Diff:  0.0, Sum:  0.1, Workers: 4
[2169.827s][debug][gc,phases      ] GC(46)     Dead                           Min: 0, Avg:  5.2, Max: 21, Diff: 21, Sum: 21, Workers: 4
[2169.828s][debug][gc,phases      ] GC(46)     Total                          Min: 0, Avg: 3842.8, Max: 6611, Diff: 6611, Sum: 15371, Workers: 4
[2169.828s][debug][gc,phases      ] GC(46)   JNI Weak                       Min:  0.0, Avg:  0.0, Max:  0.0, Diff:  0.0, Sum:  0.0, Workers: 4
[2169.828s][debug][gc,phases      ] GC(46)     Dead                           Min: 0, Avg:  0.0, Max: 0, Diff: 0, Sum: 0, Workers: 4
[2169.828s][debug][gc,phases      ] GC(46)     Total                          Min: 0, Avg: 13.0, Max: 52, Diff: 52, Sum: 52, Workers: 4
[2169.828s][debug][gc,phases      ] GC(46)   StringDedup Table Weak         Min:  0.0, Avg:  0.0, Max:  0.0, Diff:  0.0, Sum:  0.0, Workers: 4
[2169.828s][debug][gc,phases      ] GC(46)     Dead                           Min: 0, Avg:  0.0, Max: 0, Diff: 0, Sum: 0, Workers: 4
[2169.828s][debug][gc,phases      ] GC(46)     Total                          Min: 0, Avg:  0.0, Max: 0, Diff: 0, Sum: 0, Workers: 4
[2169.828s][debug][gc,phases      ] GC(46)   StringDedup Requests0 Weak     Min:  0.0, Avg:  0.0, Max:  0.0, Diff:  0.0, Sum:  0.0, Workers: 4
[2169.828s][debug][gc,phases      ] GC(46)     Dead                           Min: 0, Avg:  0.0, Max: 0, Diff: 0, Sum: 0, Workers: 4
[2169.828s][debug][gc,phases      ] GC(46)     Total                          Min: 0, Avg:  0.0, Max: 0, Diff: 0, Sum: 0, Workers: 4
[2169.828s][debug][gc,phases      ] GC(46)   StringDedup Requests1 Weak     Min:  0.0, Avg:  0.0, Max:  0.0, Diff:  0.0, Sum:  0.0, Workers: 4
[2169.828s][debug][gc,phases      ] GC(46)     Dead                           Min: 0, Avg:  0.0, Max: 0, Diff: 0, Sum: 0, Workers: 4
[2169.828s][debug][gc,phases      ] GC(46)     Total                          Min: 0, Avg:  0.0, Max: 0, Diff: 0, Sum: 0, Workers: 4
[2169.828s][debug][gc,phases      ] GC(46)   Weak JFR Old Object Samples    Min:  0.0, Avg:  0.0, Max:  0.0, Diff:  0.0, Sum:  0.0, Workers: 4
[2169.828s][debug][gc,phases      ] GC(46)     Dead                           Min: 0, Avg:  0.0, Max: 0, Diff: 0, Sum: 0, Workers: 4
[2169.828s][debug][gc,phases      ] GC(46)     Total                          Min: 0, Avg:  0.0, Max: 0, Diff: 0, Sum: 0, Workers: 4
[2169.828s][debug][gc,phases      ] GC(46) Weak Processing 0.370ms
[2169.828s][debug][gc,age         ] GC(46) Desired survivor size 46137344 bytes, new threshold 1 (max threshold 15)
[2169.828s][info ][gc,heap        ] GC(46) PSYoungGen: 1990624K(2040832K)->2336K(2052096K) Eden: 1988608K(1988608K)->0K(2003456K) From: 2016K(52224K)->2336K(48640K)
[2169.828s][info ][gc,heap        ] GC(46) ParOldGen: 273377K(273408K)->273737K(273920K)
[2169.828s][info ][gc,metaspace   ] GC(46) Metaspace: 106699K(107968K)->106699K(107968K) NonClass: 90456K(91136K)->90456K(91136K) Class: 16242K(16832K)->16242K(16832K)
[2169.828s][info ][gc             ] GC(46) Pause Young (Allocation Failure) 2210M->269M(2271M) 2.420ms
[2169.828s][info ][gc,cpu         ] GC(46) User=0.01s Sys=0.00s Real=0.00s
[2169.828s][info ][safepoint      ] Safepoint "ParallelGCFailedAllocation", Time since last: 29513271075 ns, Reaching safepoint: 81001 ns, Cleanup: 4500 ns, At safepoint: 2483125 ns, Total: 2568626 ns
[2181.829s][info ][safepoint      ] Safepoint "Cleanup", Time since last: 12000885264 ns, Reaching safepoint: 81401 ns, Cleanup: 9700 ns, At safepoint: 7000 ns, Total: 98101 ns
[2185.829s][info ][safepoint      ] Safepoint "Cleanup", Time since last: 4000337761 ns, Reaching safepoint: 79500 ns, Cleanup: 9201 ns, At safepoint: 6600 ns, Total: 95301 ns
[2195.830s][info ][safepoint      ] Safepoint "Cleanup", Time since last: 10000813167 ns, Reaching safepoint: 4600 ns, Cleanup: 9500 ns, At safepoint: 1800 ns, Total: 15900 ns
[2205.831s][info ][safepoint      ] Safepoint "Cleanup", Time since last: 10000758345 ns, Reaching safepoint: 6000 ns, Cleanup: 11500 ns, At safepoint: 1900 ns, Total: 19400 ns
[2210.831s][info ][safepoint      ] Safepoint "Cleanup", Time since last: 5000409124 ns, Reaching safepoint: 6300 ns, Cleanup: 14200 ns, At safepoint: 2300 ns, Total: 22800 ns
[2217.832s][info ][safepoint      ] Safepoint "Cleanup", Time since last: 7000542839 ns, Reaching safepoint: 5400 ns, Cleanup: 9600 ns, At safepoint: 2200 ns, Total: 17200 ns
[2234.833s][info ][safepoint      ] Safepoint "Cleanup", Time since last: 17001283910 ns, Reaching safepoint: 5800 ns, Cleanup: 12900 ns, At safepoint: 1900 ns, Total: 20600 ns
[2242.125s][info ][gc,start       ] GC(47) Pause Young (Allocation Failure)
[2242.127s][debug][gc,phases      ] GC(47) Scavenge 1.820ms
[2242.127s][debug][gc,ref         ] GC(47) ReferenceProcessor::execute queues: 1, RefProcThreadModel::Single, marks_oops_alive: false
[2242.127s][debug][gc,ref         ] GC(47) Skipped KeepAliveFinalRefsPhase of Reference Processing: no references
[2242.127s][debug][gc,ref         ] GC(47) ReferenceProcessor::execute queues: 1, RefProcThreadModel::Single, marks_oops_alive: false
[2242.127s][debug][gc,phases      ] GC(47) Reference Processing 0.096ms
[2242.127s][debug][gc,phases      ] GC(47)   VM Weak                        Min:  0.0, Avg:  0.0, Max:  0.0, Diff:  0.0, Sum:  0.0, Workers: 4
[2242.127s][debug][gc,phases      ] GC(47)     Dead                           Min: 0, Avg:  0.0, Max: 0, Diff: 0, Sum: 0, Workers: 4
[2242.127s][debug][gc,phases      ] GC(47)     Total                          Min: 0, Avg: 233.8, Max: 935, Diff: 935, Sum: 935, Workers: 4
[2242.127s][debug][gc,phases      ] GC(47)   ObjectSynchronizer Weak        Min:  0.0, Avg:  0.0, Max:  0.0, Diff:  0.0, Sum:  0.0, Workers: 4
[2242.127s][debug][gc,phases      ] GC(47)     Dead                           Min: 0, Avg:  0.0, Max: 0, Diff: 0, Sum: 0, Workers: 4
[2242.127s][debug][gc,phases      ] GC(47)     Total                          Min: 0, Avg:  0.8, Max: 3, Diff: 3, Sum: 3, Workers: 4
[2242.127s][debug][gc,phases      ] GC(47)   JVMTI Tag Weak OopStorage      Min:  0.0, Avg:  0.0, Max:  0.0, Diff:  0.0, Sum:  0.0, Workers: 4
[2242.127s][debug][gc,phases      ] GC(47)     Dead                           Min: 0, Avg:  0.0, Max: 0, Diff: 0, Sum: 0, Workers: 4
[2242.127s][debug][gc,phases      ] GC(47)     Total                          Min: 0, Avg:  0.0, Max: 0, Diff: 0, Sum: 0, Workers: 4
[2242.127s][debug][gc,phases      ] GC(47)   StringTable Weak               Min:  0.0, Avg:  0.1, Max:  0.1, Diff:  0.1, Sum:  0.4, Workers: 4
[2242.127s][debug][gc,phases      ] GC(47)     Dead                           Min: 0, Avg:  0.0, Max: 0, Diff: 0, Sum: 0, Workers: 4
[2242.127s][debug][gc,phases      ] GC(47)     Total                          Min: 0, Avg: 11938.2, Max: 21385, Diff: 21385, Sum: 47753, Workers: 4
[2242.127s][debug][gc,phases      ] GC(47)   ResolvedMethodTable Weak       Min:  0.0, Avg:  0.0, Max:  0.0, Diff:  0.0, Sum:  0.1, Workers: 4
[2242.127s][debug][gc,phases      ] GC(47)     Dead                           Min: 0, Avg:  4.0, Max: 16, Diff: 16, Sum: 16, Workers: 4
[2242.127s][debug][gc,phases      ] GC(47)     Total                          Min: 0, Avg: 3842.8, Max: 6719, Diff: 6719, Sum: 15371, Workers: 4
[2242.127s][debug][gc,phases      ] GC(47)   JNI Weak                       Min:  0.0, Avg:  0.0, Max:  0.0, Diff:  0.0, Sum:  0.0, Workers: 4
[2242.127s][debug][gc,phases      ] GC(47)     Dead                           Min: 0, Avg:  0.0, Max: 0, Diff: 0, Sum: 0, Workers: 4
[2242.127s][debug][gc,phases      ] GC(47)     Total                          Min: 0, Avg: 13.0, Max: 52, Diff: 52, Sum: 52, Workers: 4
[2242.127s][debug][gc,phases      ] GC(47)   StringDedup Table Weak         Min:  0.0, Avg:  0.0, Max:  0.0, Diff:  0.0, Sum:  0.0, Workers: 4
[2242.127s][debug][gc,phases      ] GC(47)     Dead                           Min: 0, Avg:  0.0, Max: 0, Diff: 0, Sum: 0, Workers: 4
[2242.127s][debug][gc,phases      ] GC(47)     Total                          Min: 0, Avg:  0.0, Max: 0, Diff: 0, Sum: 0, Workers: 4
[2242.127s][debug][gc,phases      ] GC(47)   StringDedup Requests0 Weak     Min:  0.0, Avg:  0.0, Max:  0.0, Diff:  0.0, Sum:  0.0, Workers: 4
[2242.127s][debug][gc,phases      ] GC(47)     Dead                           Min: 0, Avg:  0.0, Max: 0, Diff: 0, Sum: 0, Workers: 4
[2242.127s][debug][gc,phases      ] GC(47)     Total                          Min: 0, Avg:  0.0, Max: 0, Diff: 0, Sum: 0, Workers: 4
[2242.127s][debug][gc,phases      ] GC(47)   StringDedup Requests1 Weak     Min:  0.0, Avg:  0.0, Max:  0.0, Diff:  0.0, Sum:  0.0, Workers: 4
[2242.127s][debug][gc,phases      ] GC(47)     Dead                           Min: 0, Avg:  0.0, Max: 0, Diff: 0, Sum: 0, Workers: 4
[2242.127s][debug][gc,phases      ] GC(47)     Total                          Min: 0, Avg:  0.0, Max: 0, Diff: 0, Sum: 0, Workers: 4
[2242.127s][debug][gc,phases      ] GC(47)   Weak JFR Old Object Samples    Min:  0.0, Avg:  0.0, Max:  0.0, Diff:  0.0, Sum:  0.0, Workers: 4
[2242.127s][debug][gc,phases      ] GC(47)     Dead                           Min: 0, Avg:  0.0, Max: 0, Diff: 0, Sum: 0, Workers: 4
[2242.127s][debug][gc,phases      ] GC(47)     Total                          Min: 0, Avg:  0.0, Max: 0, Diff: 0, Sum: 0, Workers: 4
[2242.127s][debug][gc,phases      ] GC(47) Weak Processing 0.337ms
[2242.127s][debug][gc,age         ] GC(47) Desired survivor size 42467328 bytes, new threshold 1 (max threshold 15)
[2242.127s][info ][gc,heap        ] GC(47) PSYoungGen: 2005792K(2052096K)->2144K(2048512K) Eden: 2003456K(2003456K)->0K(2003456K) From: 2336K(48640K)->2144K(45056K)
[2242.127s][info ][gc,heap        ] GC(47) ParOldGen: 273737K(273920K)->274281K(274432K)
[2242.127s][info ][gc,metaspace   ] GC(47) Metaspace: 106714K(108032K)->106714K(108032K) NonClass: 90471K(91200K)->90471K(91200K) Class: 16242K(16832K)->16242K(16832K)
[2242.127s][info ][gc             ] GC(47) Pause Young (Allocation Failure) 2226M->269M(2268M) 2.352ms
[2242.127s][info ][gc,cpu         ] GC(47) User=0.00s Sys=0.00s Real=0.00s
[2242.128s][info ][safepoint      ] Safepoint "ParallelGCFailedAllocation", Time since last: 7292043273 ns, Reaching safepoint: 80901 ns, Cleanup: 3800 ns, At safepoint: 2412424 ns, Total: 2497125 ns
[2251.128s][info ][safepoint      ] Safepoint "Cleanup", Time since last: 9000663738 ns, Reaching safepoint: 79901 ns, Cleanup: 10200 ns, At safepoint: 6100 ns, Total: 96201 ns
[2280.130s][info ][safepoint      ] Safepoint "Cleanup", Time since last: 29002095773 ns, Reaching safepoint: 5700 ns, Cleanup: 9800 ns, At safepoint: 1800 ns, Total: 17300 ns
[2284.131s][info ][safepoint      ] Safepoint "Cleanup", Time since last: 4000320823 ns, Reaching safepoint: 5600 ns, Cleanup: 8700 ns, At safepoint: 1700 ns, Total: 16000 ns
[2293.131s][info ][safepoint      ] Safepoint "Cleanup", Time since last: 9000674359 ns, Reaching safepoint: 5300 ns, Cleanup: 9600 ns, At safepoint: 1700 ns, Total: 16600 ns
[2297.132s][info ][safepoint      ] Safepoint "Cleanup", Time since last: 4000333128 ns, Reaching safepoint: 5900 ns, Cleanup: 10900 ns, At safepoint: 2500 ns, Total: 19300 ns
[2310.133s][info ][safepoint      ] Safepoint "Cleanup", Time since last: 13001041251 ns, Reaching safepoint: 5500 ns, Cleanup: 9700 ns, At safepoint: 2000 ns, Total: 17200 ns
[2313.825s][info ][gc,start       ] GC(48) Pause Young (Allocation Failure)
[2313.827s][debug][gc,phases      ] GC(48) Scavenge 1.969ms
[2313.827s][debug][gc,ref         ] GC(48) ReferenceProcessor::execute queues: 1, RefProcThreadModel::Single, marks_oops_alive: false
[2313.827s][debug][gc,ref         ] GC(48) Skipped KeepAliveFinalRefsPhase of Reference Processing: no references
[2313.827s][debug][gc,ref         ] GC(48) Skipped PhantomRefsPhase of Reference Processing: no references
[2313.827s][debug][gc,phases      ] GC(48) Reference Processing 0.095ms
[2313.827s][debug][gc,phases      ] GC(48)   VM Weak                        Min:  0.0, Avg:  0.0, Max:  0.0, Diff:  0.0, Sum:  0.0, Workers: 4
[2313.827s][debug][gc,phases      ] GC(48)     Dead                           Min: 0, Avg:  0.0, Max: 0, Diff: 0, Sum: 0, Workers: 4
[2313.827s][debug][gc,phases      ] GC(48)     Total                          Min: 0, Avg: 233.8, Max: 576, Diff: 576, Sum: 935, Workers: 4
[2313.827s][debug][gc,phases      ] GC(48)   ObjectSynchronizer Weak        Min:  0.0, Avg:  0.0, Max:  0.0, Diff:  0.0, Sum:  0.0, Workers: 4
[2313.827s][debug][gc,phases      ] GC(48)     Dead                           Min: 0, Avg:  0.0, Max: 0, Diff: 0, Sum: 0, Workers: 4
[2313.827s][debug][gc,phases      ] GC(48)     Total                          Min: 0, Avg:  0.8, Max: 3, Diff: 3, Sum: 3, Workers: 4
[2313.827s][debug][gc,phases      ] GC(48)   JVMTI Tag Weak OopStorage      Min:  0.0, Avg:  0.0, Max:  0.0, Diff:  0.0, Sum:  0.0, Workers: 4
[2313.827s][debug][gc,phases      ] GC(48)     Dead                           Min: 0, Avg:  0.0, Max: 0, Diff: 0, Sum: 0, Workers: 4
[2313.827s][debug][gc,phases      ] GC(48)     Total                          Min: 0, Avg:  0.0, Max: 0, Diff: 0, Sum: 0, Workers: 4
[2313.827s][debug][gc,phases      ] GC(48)   StringTable Weak               Min:  0.0, Avg:  0.1, Max:  0.1, Diff:  0.1, Sum:  0.4, Workers: 4
[2313.827s][debug][gc,phases      ] GC(48)     Dead                           Min: 0, Avg:  0.0, Max: 0, Diff: 0, Sum: 0, Workers: 4
[2313.827s][debug][gc,phases      ] GC(48)     Total                          Min: 0, Avg: 11940.2, Max: 21009, Diff: 21009, Sum: 47761, Workers: 4
[2313.827s][debug][gc,phases      ] GC(48)   ResolvedMethodTable Weak       Min:  0.0, Avg:  0.0, Max:  0.0, Diff:  0.0, Sum:  0.1, Workers: 4
[2313.827s][debug][gc,phases      ] GC(48)     Dead                           Min: 0, Avg:  4.0, Max: 16, Diff: 16, Sum: 16, Workers: 4
[2313.827s][debug][gc,phases      ] GC(48)     Total                          Min: 0, Avg: 3842.8, Max: 6727, Diff: 6727, Sum: 15371, Workers: 4
[2313.827s][debug][gc,phases      ] GC(48)   JNI Weak                       Min:  0.0, Avg:  0.0, Max:  0.0, Diff:  0.0, Sum:  0.0, Workers: 4
[2313.827s][debug][gc,phases      ] GC(48)     Dead                           Min: 0, Avg:  0.0, Max: 0, Diff: 0, Sum: 0, Workers: 4
[2313.827s][debug][gc,phases      ] GC(48)     Total                          Min: 0, Avg: 13.0, Max: 52, Diff: 52, Sum: 52, Workers: 4
[2313.827s][debug][gc,phases      ] GC(48)   StringDedup Table Weak         Min:  0.0, Avg:  0.0, Max:  0.0, Diff:  0.0, Sum:  0.0, Workers: 4
[2313.827s][debug][gc,phases      ] GC(48)     Dead                           Min: 0, Avg:  0.0, Max: 0, Diff: 0, Sum: 0, Workers: 4
[2313.827s][debug][gc,phases      ] GC(48)     Total                          Min: 0, Avg:  0.0, Max: 0, Diff: 0, Sum: 0, Workers: 4
[2313.827s][debug][gc,phases      ] GC(48)   StringDedup Requests0 Weak     Min:  0.0, Avg:  0.0, Max:  0.0, Diff:  0.0, Sum:  0.0, Workers: 4
[2313.827s][debug][gc,phases      ] GC(48)     Dead                           Min: 0, Avg:  0.0, Max: 0, Diff: 0, Sum: 0, Workers: 4
[2313.827s][debug][gc,phases      ] GC(48)     Total                          Min: 0, Avg:  0.0, Max: 0, Diff: 0, Sum: 0, Workers: 4
[2313.827s][debug][gc,phases      ] GC(48)   StringDedup Requests1 Weak     Min:  0.0, Avg:  0.0, Max:  0.0, Diff:  0.0, Sum:  0.0, Workers: 4
[2313.827s][debug][gc,phases      ] GC(48)     Dead                           Min: 0, Avg:  0.0, Max: 0, Diff: 0, Sum: 0, Workers: 4
[2313.827s][debug][gc,phases      ] GC(48)     Total                          Min: 0, Avg:  0.0, Max: 0, Diff: 0, Sum: 0, Workers: 4
[2313.827s][debug][gc,phases      ] GC(48)   Weak JFR Old Object Samples    Min:  0.0, Avg:  0.0, Max:  0.0, Diff:  0.0, Sum:  0.0, Workers: 4
[2313.827s][debug][gc,phases      ] GC(48)     Dead                           Min: 0, Avg:  0.0, Max: 0, Diff: 0, Sum: 0, Workers: 4
[2313.827s][debug][gc,phases      ] GC(48)     Total                          Min: 0, Avg:  0.0, Max: 0, Diff: 0, Sum: 0, Workers: 4
[2313.827s][debug][gc,phases      ] GC(48) Weak Processing 0.355ms
[2313.827s][debug][gc,age         ] GC(48) Desired survivor size 39321600 bytes, new threshold 1 (max threshold 15)
[2313.828s][info ][gc,heap        ] GC(48) PSYoungGen: 2005600K(2048512K)->1920K(2058752K) Eden: 2003456K(2003456K)->0K(2017280K) From: 2144K(45056K)->1920K(41472K)
[2313.828s][info ][gc,heap        ] GC(48) ParOldGen: 274281K(274432K)->274697K(274944K)
[2313.828s][info ][gc,metaspace   ] GC(48) Metaspace: 106725K(108032K)->106725K(108032K) NonClass: 90483K(91200K)->90483K(91200K) Class: 16242K(16832K)->16242K(16832K)
[2313.828s][info ][gc             ] GC(48) Pause Young (Allocation Failure) 2226M->270M(2279M) 2.516ms
[2313.828s][info ][gc,cpu         ] GC(48) User=0.01s Sys=0.00s Real=0.00s
[2313.828s][info ][safepoint      ] Safepoint "ParallelGCFailedAllocation", Time since last: 3692084912 ns, Reaching safepoint: 78400 ns, Cleanup: 3500 ns, At safepoint: 2575026 ns, Total: 2656926 ns
[2315.828s][info ][safepoint      ] Safepoint "Cleanup", Time since last: 2000162943 ns, Reaching safepoint: 80700 ns, Cleanup: 10201 ns, At safepoint: 6500 ns, Total: 97401 ns
[2328.829s][info ][safepoint      ] Safepoint "Cleanup", Time since last: 13001075189 ns, Reaching safepoint: 81401 ns, Cleanup: 10100 ns, At safepoint: 6600 ns, Total: 98101 ns
[2337.830s][info ][safepoint      ] Safepoint "Cleanup", Time since last: 9000744143 ns, Reaching safepoint: 78201 ns, Cleanup: 8500 ns, At safepoint: 6300 ns, Total: 93001 ns
[2346.831s][info ][safepoint      ] Safepoint "Cleanup", Time since last: 9000670264 ns, Reaching safepoint: 6100 ns, Cleanup: 34600 ns, At safepoint: 2300 ns, Total: 43000 ns
[2347.831s][info ][safepoint      ] Safepoint "Cleanup", Time since last: 1000110237 ns, Reaching safepoint: 5800 ns, Cleanup: 22600 ns, At safepoint: 2000 ns, Total: 30400 ns
[2348.831s][info ][safepoint      ] Safepoint "Cleanup", Time since last: 1000120137 ns, Reaching safepoint: 5500 ns, Cleanup: 10100 ns, At safepoint: 1800 ns, Total: 17400 ns
[2350.831s][info ][safepoint      ] Safepoint "Cleanup", Time since last: 2000174141 ns, Reaching safepoint: 5900 ns, Cleanup: 11300 ns, At safepoint: 2200 ns, Total: 19400 ns
[2359.832s][info ][safepoint      ] Safepoint "Cleanup", Time since last: 9000717041 ns, Reaching safepoint: 5700 ns, Cleanup: 10300 ns, At safepoint: 2400 ns, Total: 18400 ns
[2386.276s][info ][gc,start       ] GC(49) Pause Young (Allocation Failure)
[2386.278s][debug][gc,phases      ] GC(49) Scavenge 1.959ms
[2386.278s][debug][gc,ref         ] GC(49) ReferenceProcessor::execute queues: 1, RefProcThreadModel::Single, marks_oops_alive: false
[2386.278s][debug][gc,ref         ] GC(49) Skipped KeepAliveFinalRefsPhase of Reference Processing: no references
[2386.278s][debug][gc,ref         ] GC(49) ReferenceProcessor::execute queues: 1, RefProcThreadModel::Single, marks_oops_alive: false
[2386.278s][debug][gc,phases      ] GC(49) Reference Processing 0.096ms
[2386.279s][debug][gc,phases      ] GC(49)   VM Weak                        Min:  0.0, Avg:  0.0, Max:  0.0, Diff:  0.0, Sum:  0.0, Workers: 4
[2386.279s][debug][gc,phases      ] GC(49)     Dead                           Min: 0, Avg:  0.0, Max: 0, Diff: 0, Sum: 0, Workers: 4
[2386.279s][debug][gc,phases      ] GC(49)     Total                          Min: 0, Avg: 233.8, Max: 615, Diff: 615, Sum: 935, Workers: 4
[2386.279s][debug][gc,phases      ] GC(49)   ObjectSynchronizer Weak        Min:  0.0, Avg:  0.0, Max:  0.0, Diff:  0.0, Sum:  0.0, Workers: 4
[2386.279s][debug][gc,phases      ] GC(49)     Dead                           Min: 0, Avg:  0.0, Max: 0, Diff: 0, Sum: 0, Workers: 4
[2386.279s][debug][gc,phases      ] GC(49)     Total                          Min: 0, Avg:  0.8, Max: 3, Diff: 3, Sum: 3, Workers: 4
[2386.279s][debug][gc,phases      ] GC(49)   JVMTI Tag Weak OopStorage      Min:  0.0, Avg:  0.0, Max:  0.0, Diff:  0.0, Sum:  0.0, Workers: 4
[2386.279s][debug][gc,phases      ] GC(49)     Dead                           Min: 0, Avg:  0.0, Max: 0, Diff: 0, Sum: 0, Workers: 4
[2386.279s][debug][gc,phases      ] GC(49)     Total                          Min: 0, Avg:  0.0, Max: 0, Diff: 0, Sum: 0, Workers: 4
[2386.279s][debug][gc,phases      ] GC(49)   StringTable Weak               Min:  0.0, Avg:  0.1, Max:  0.1, Diff:  0.1, Sum:  0.4, Workers: 4
[2386.279s][debug][gc,phases      ] GC(49)     Dead                           Min: 0, Avg:  0.0, Max: 0, Diff: 0, Sum: 0, Workers: 4
[2386.279s][debug][gc,phases      ] GC(49)     Total                          Min: 0, Avg: 11941.0, Max: 21012, Diff: 21012, Sum: 47764, Workers: 4
[2386.279s][debug][gc,phases      ] GC(49)   ResolvedMethodTable Weak       Min:  0.0, Avg:  0.0, Max:  0.0, Diff:  0.0, Sum:  0.1, Workers: 4
[2386.279s][debug][gc,phases      ] GC(49)     Dead                           Min: 0, Avg:  4.0, Max: 16, Diff: 16, Sum: 16, Workers: 4
[2386.279s][debug][gc,phases      ] GC(49)     Total                          Min: 0, Avg: 3842.8, Max: 6635, Diff: 6635, Sum: 15371, Workers: 4
[2386.279s][debug][gc,phases      ] GC(49)   JNI Weak                       Min:  0.0, Avg:  0.0, Max:  0.0, Diff:  0.0, Sum:  0.0, Workers: 4
[2386.279s][debug][gc,phases      ] GC(49)     Dead                           Min: 0, Avg:  0.0, Max: 0, Diff: 0, Sum: 0, Workers: 4
[2386.279s][debug][gc,phases      ] GC(49)     Total                          Min: 0, Avg: 13.0, Max: 52, Diff: 52, Sum: 52, Workers: 4
[2386.279s][debug][gc,phases      ] GC(49)   StringDedup Table Weak         Min:  0.0, Avg:  0.0, Max:  0.0, Diff:  0.0, Sum:  0.0, Workers: 4
[2386.279s][debug][gc,phases      ] GC(49)     Dead                           Min: 0, Avg:  0.0, Max: 0, Diff: 0, Sum: 0, Workers: 4
[2386.279s][debug][gc,phases      ] GC(49)     Total                          Min: 0, Avg:  0.0, Max: 0, Diff: 0, Sum: 0, Workers: 4
[2386.279s][debug][gc,phases      ] GC(49)   StringDedup Requests0 Weak     Min:  0.0, Avg:  0.0, Max:  0.0, Diff:  0.0, Sum:  0.0, Workers: 4
[2386.279s][debug][gc,phases      ] GC(49)     Dead                           Min: 0, Avg:  0.0, Max: 0, Diff: 0, Sum: 0, Workers: 4
[2386.279s][debug][gc,phases      ] GC(49)     Total                          Min: 0, Avg:  0.0, Max: 0, Diff: 0, Sum: 0, Workers: 4
[2386.279s][debug][gc,phases      ] GC(49)   StringDedup Requests1 Weak     Min:  0.0, Avg:  0.0, Max:  0.0, Diff:  0.0, Sum:  0.0, Workers: 4
[2386.279s][debug][gc,phases      ] GC(49)     Dead                           Min: 0, Avg:  0.0, Max: 0, Diff: 0, Sum: 0, Workers: 4
[2386.279s][debug][gc,phases      ] GC(49)     Total                          Min: 0, Avg:  0.0, Max: 0, Diff: 0, Sum: 0, Workers: 4
[2386.279s][debug][gc,phases      ] GC(49)   Weak JFR Old Object Samples    Min:  0.0, Avg:  0.0, Max:  0.0, Diff:  0.0, Sum:  0.0, Workers: 4
[2386.279s][debug][gc,phases      ] GC(49)     Dead                           Min: 0, Avg:  0.0, Max: 0, Diff: 0, Sum: 0, Workers: 4
[2386.279s][debug][gc,phases      ] GC(49)     Total                          Min: 0, Avg:  0.0, Max: 0, Diff: 0, Sum: 0, Workers: 4
[2386.279s][debug][gc,phases      ] GC(49) Weak Processing 0.361ms
[2386.279s][debug][gc,age         ] GC(49) Desired survivor size 36175872 bytes, new threshold 1 (max threshold 15)
[2386.279s][info ][gc,heap        ] GC(49) PSYoungGen: 2019200K(2058752K)->3072K(2055680K) Eden: 2017280K(2017280K)->0K(2017280K) From: 1920K(41472K)->3072K(38400K)
[2386.279s][info ][gc,heap        ] GC(49) ParOldGen: 274697K(274944K)->275029K(275456K)
[2386.279s][info ][gc,metaspace   ] GC(49) Metaspace: 106735K(108032K)->106735K(108032K) NonClass: 90492K(91200K)->90492K(91200K) Class: 16242K(16832K)->16242K(16832K)
[2386.279s][info ][gc             ] GC(49) Pause Young (Allocation Failure) 2240M->271M(2276M) 2.516ms
[2386.279s][info ][gc,cpu         ] GC(49) User=0.01s Sys=0.00s Real=0.00s
[2386.279s][info ][safepoint      ] Safepoint "ParallelGCFailedAllocation", Time since last: 26444353679 ns, Reaching safepoint: 85901 ns, Cleanup: 4000 ns, At safepoint: 2597125 ns, Total: 2687026 ns
[2396.280s][info ][safepoint      ] Safepoint "Cleanup", Time since last: 10000738453 ns, Reaching safepoint: 110701 ns, Cleanup: 6300 ns, At safepoint: 11400 ns, Total: 128401 ns
[2398.280s][info ][safepoint      ] Safepoint "Cleanup", Time since last: 2000175285 ns, Reaching safepoint: 6200 ns, Cleanup: 10800 ns, At safepoint: 1800 ns, Total: 18800 ns
[2414.281s][info ][safepoint      ] Safepoint "Cleanup", Time since last: 16001162085 ns, Reaching safepoint: 5500 ns, Cleanup: 9801 ns, At safepoint: 1700 ns, Total: 17001 ns
[2415.281s][info ][safepoint      ] Safepoint "Cleanup", Time since last: 1000111891 ns, Reaching safepoint: 5500 ns, Cleanup: 10200 ns, At safepoint: 2000 ns, Total: 17700 ns
[2418.281s][info ][safepoint      ] Safepoint "Cleanup", Time since last: 3000246674 ns, Reaching safepoint: 6400 ns, Cleanup: 22900 ns, At safepoint: 1800 ns, Total: 31100 ns
[2423.282s][info ][safepoint      ] Safepoint "Cleanup", Time since last: 5000396460 ns, Reaching safepoint: 6100 ns, Cleanup: 10100 ns, At safepoint: 2100 ns, Total: 18300 ns
[2433.283s][info ][safepoint      ] Safepoint "Cleanup", Time since last: 10000778563 ns, Reaching safepoint: 6000 ns, Cleanup: 8600 ns, At safepoint: 1700 ns, Total: 16300 ns
[2458.625s][info ][gc,start       ] GC(50) Pause Young (Allocation Failure)
[2458.627s][debug][gc,phases      ] GC(50) Scavenge 1.688ms
[2458.627s][debug][gc,ref         ] GC(50) ReferenceProcessor::execute queues: 1, RefProcThreadModel::Single, marks_oops_alive: false
[2458.627s][debug][gc,ref         ] GC(50) Skipped KeepAliveFinalRefsPhase of Reference Processing: no references
[2458.627s][debug][gc,ref         ] GC(50) ReferenceProcessor::execute queues: 1, RefProcThreadModel::Single, marks_oops_alive: false
[2458.627s][debug][gc,phases      ] GC(50) Reference Processing 0.098ms
[2458.627s][debug][gc,phases      ] GC(50)   VM Weak                        Min:  0.0, Avg:  0.0, Max:  0.0, Diff:  0.0, Sum:  0.0, Workers: 4
[2458.627s][debug][gc,phases      ] GC(50)     Dead                           Min: 0, Avg:  0.0, Max: 0, Diff: 0, Sum: 0, Workers: 4
[2458.627s][debug][gc,phases      ] GC(50)     Total                          Min: 0, Avg: 233.8, Max: 551, Diff: 551, Sum: 935, Workers: 4
[2458.627s][debug][gc,phases      ] GC(50)   ObjectSynchronizer Weak        Min:  0.0, Avg:  0.0, Max:  0.0, Diff:  0.0, Sum:  0.0, Workers: 4
[2458.627s][debug][gc,phases      ] GC(50)     Dead                           Min: 0, Avg:  0.0, Max: 0, Diff: 0, Sum: 0, Workers: 4
[2458.627s][debug][gc,phases      ] GC(50)     Total                          Min: 0, Avg:  0.8, Max: 3, Diff: 3, Sum: 3, Workers: 4
[2458.627s][debug][gc,phases      ] GC(50)   JVMTI Tag Weak OopStorage      Min:  0.0, Avg:  0.0, Max:  0.0, Diff:  0.0, Sum:  0.0, Workers: 4
[2458.627s][debug][gc,phases      ] GC(50)     Dead                           Min: 0, Avg:  0.0, Max: 0, Diff: 0, Sum: 0, Workers: 4
[2458.627s][debug][gc,phases      ] GC(50)     Total                          Min: 0, Avg:  0.0, Max: 0, Diff: 0, Sum: 0, Workers: 4
[2458.627s][debug][gc,phases      ] GC(50)   StringTable Weak               Min:  0.1, Avg:  0.1, Max:  0.1, Diff:  0.0, Sum:  0.5, Workers: 4
[2458.627s][debug][gc,phases      ] GC(50)     Dead                           Min: 0, Avg:  0.0, Max: 0, Diff: 0, Sum: 0, Workers: 4
[2458.627s][debug][gc,phases      ] GC(50)     Total                          Min: 8768, Avg: 11941.5, Max: 13312, Diff: 4544, Sum: 47766, Workers: 4
[2458.627s][debug][gc,phases      ] GC(50)   ResolvedMethodTable Weak       Min:  0.0, Avg:  0.0, Max:  0.0, Diff:  0.0, Sum:  0.1, Workers: 4
[2458.627s][debug][gc,phases      ] GC(50)     Dead                           Min: 0, Avg:  4.0, Max: 16, Diff: 16, Sum: 16, Workers: 4
[2458.627s][debug][gc,phases      ] GC(50)     Total                          Min: 3634, Avg: 3842.8, Max: 4161, Diff: 527, Sum: 15371, Workers: 4
[2458.627s][debug][gc,phases      ] GC(50)   JNI Weak                       Min:  0.0, Avg:  0.0, Max:  0.0, Diff:  0.0, Sum:  0.0, Workers: 4
[2458.627s][debug][gc,phases      ] GC(50)     Dead                           Min: 0, Avg:  0.0, Max: 0, Diff: 0, Sum: 0, Workers: 4
[2458.627s][debug][gc,phases      ] GC(50)     Total                          Min: 0, Avg: 13.0, Max: 52, Diff: 52, Sum: 52, Workers: 4
[2458.627s][debug][gc,phases      ] GC(50)   StringDedup Table Weak         Min:  0.0, Avg:  0.0, Max:  0.0, Diff:  0.0, Sum:  0.0, Workers: 4
[2458.627s][debug][gc,phases      ] GC(50)     Dead                           Min: 0, Avg:  0.0, Max: 0, Diff: 0, Sum: 0, Workers: 4
[2458.627s][debug][gc,phases      ] GC(50)     Total                          Min: 0, Avg:  0.0, Max: 0, Diff: 0, Sum: 0, Workers: 4
[2458.627s][debug][gc,phases      ] GC(50)   StringDedup Requests0 Weak     Min:  0.0, Avg:  0.0, Max:  0.0, Diff:  0.0, Sum:  0.0, Workers: 4
[2458.627s][debug][gc,phases      ] GC(50)     Dead                           Min: 0, Avg:  0.0, Max: 0, Diff: 0, Sum: 0, Workers: 4
[2458.627s][debug][gc,phases      ] GC(50)     Total                          Min: 0, Avg:  0.0, Max: 0, Diff: 0, Sum: 0, Workers: 4
[2458.627s][debug][gc,phases      ] GC(50)   StringDedup Requests1 Weak     Min:  0.0, Avg:  0.0, Max:  0.0, Diff:  0.0, Sum:  0.0, Workers: 4
[2458.627s][debug][gc,phases      ] GC(50)     Dead                           Min: 0, Avg:  0.0, Max: 0, Diff: 0, Sum: 0, Workers: 4
[2458.627s][debug][gc,phases      ] GC(50)     Total                          Min: 0, Avg:  0.0, Max: 0, Diff: 0, Sum: 0, Workers: 4
[2458.627s][debug][gc,phases      ] GC(50)   Weak JFR Old Object Samples    Min:  0.0, Avg:  0.0, Max:  0.0, Diff:  0.0, Sum:  0.0, Workers: 4
[2458.627s][debug][gc,phases      ] GC(50)     Dead                           Min: 0, Avg:  0.0, Max: 0, Diff: 0, Sum: 0, Workers: 4
[2458.627s][debug][gc,phases      ] GC(50)     Total                          Min: 0, Avg:  0.0, Max: 0, Diff: 0, Sum: 0, Workers: 4
[2458.627s][debug][gc,phases      ] GC(50) Weak Processing 0.330ms
[2458.627s][debug][gc,age         ] GC(50) Desired survivor size 33554432 bytes, new threshold 1 (max threshold 15)
[2458.627s][info ][gc,heap        ] GC(50) PSYoungGen: 2020352K(2055680K)->2144K(2064384K) Eden: 2017280K(2017280K)->0K(2029056K) From: 3072K(38400K)->2144K(35328K)
[2458.627s][info ][gc,heap        ] GC(50) ParOldGen: 275029K(275456K)->275341K(275456K)
[2458.627s][info ][gc,metaspace   ] GC(50) Metaspace: 106741K(108032K)->106741K(108032K) NonClass: 90499K(91200K)->90499K(91200K) Class: 16242K(16832K)->16242K(16832K)
[2458.627s][info ][gc             ] GC(50) Pause Young (Allocation Failure) 2241M->270M(2285M) 2.238ms
[2458.627s][info ][gc,cpu         ] GC(50) User=0.01s Sys=0.00s Real=0.00s
[2458.627s][info ][safepoint      ] Safepoint "ParallelGCFailedAllocation", Time since last: 25342147857 ns, Reaching safepoint: 6600 ns, Cleanup: 4000 ns, At safepoint: 2300323 ns, Total: 2310923 ns
[2484.629s][info ][safepoint      ] Safepoint "Cleanup", Time since last: 26001942382 ns, Reaching safepoint: 6100 ns, Cleanup: 11100 ns, At safepoint: 2000 ns, Total: 19200 ns
[2487.629s][info ][safepoint      ] Safepoint "Cleanup", Time since last: 3000255864 ns, Reaching safepoint: 81001 ns, Cleanup: 8700 ns, At safepoint: 6600 ns, Total: 96301 ns
[2489.630s][info ][safepoint      ] Safepoint "Cleanup", Time since last: 2000173181 ns, Reaching safepoint: 6000 ns, Cleanup: 9200 ns, At safepoint: 23200 ns, Total: 38400 ns
[2517.632s][info ][safepoint      ] Safepoint "Cleanup", Time since last: 28002008034 ns, Reaching safepoint: 5400 ns, Cleanup: 9601 ns, At safepoint: 2100 ns, Total: 17101 ns
[2518.632s][info ][safepoint      ] Safepoint "Cleanup", Time since last: 1000106636 ns, Reaching safepoint: 25500 ns, Cleanup: 10701 ns, At safepoint: 2200 ns, Total: 38401 ns
[2528.633s][info ][safepoint      ] Safepoint "Cleanup", Time since last: 10000764931 ns, Reaching safepoint: 5700 ns, Cleanup: 10600 ns, At safepoint: 2200 ns, Total: 18500 ns
[2529.633s][info ][safepoint      ] Safepoint "Cleanup", Time since last: 1000114680 ns, Reaching safepoint: 5900 ns, Cleanup: 9500 ns, At safepoint: 1900 ns, Total: 17300 ns
[2531.675s][info ][gc,start       ] GC(51) Pause Young (Allocation Failure)
[2531.677s][debug][gc,phases      ] GC(51) Scavenge 1.709ms
[2531.677s][debug][gc,ref         ] GC(51) ReferenceProcessor::execute queues: 1, RefProcThreadModel::Single, marks_oops_alive: false
[2531.677s][debug][gc,ref         ] GC(51) Skipped KeepAliveFinalRefsPhase of Reference Processing: no references
[2531.677s][debug][gc,ref         ] GC(51) ReferenceProcessor::execute queues: 1, RefProcThreadModel::Single, marks_oops_alive: false
[2531.677s][debug][gc,phases      ] GC(51) Reference Processing 0.096ms
[2531.677s][debug][gc,phases      ] GC(51)   VM Weak                        Min:  0.0, Avg:  0.0, Max:  0.0, Diff:  0.0, Sum:  0.0, Workers: 4
[2531.677s][debug][gc,phases      ] GC(51)     Dead                           Min: 0, Avg:  0.0, Max: 0, Diff: 0, Sum: 0, Workers: 4
[2531.677s][debug][gc,phases      ] GC(51)     Total                          Min: 0, Avg: 233.8, Max: 679, Diff: 679, Sum: 935, Workers: 4
[2531.677s][debug][gc,phases      ] GC(51)   ObjectSynchronizer Weak        Min:  0.0, Avg:  0.0, Max:  0.0, Diff:  0.0, Sum:  0.0, Workers: 4
[2531.677s][debug][gc,phases      ] GC(51)     Dead                           Min: 0, Avg:  0.0, Max: 0, Diff: 0, Sum: 0, Workers: 4
[2531.677s][debug][gc,phases      ] GC(51)     Total                          Min: 0, Avg:  0.8, Max: 3, Diff: 3, Sum: 3, Workers: 4
[2531.677s][debug][gc,phases      ] GC(51)   JVMTI Tag Weak OopStorage      Min:  0.0, Avg:  0.0, Max:  0.0, Diff:  0.0, Sum:  0.0, Workers: 4
[2531.677s][debug][gc,phases      ] GC(51)     Dead                           Min: 0, Avg:  0.0, Max: 0, Diff: 0, Sum: 0, Workers: 4
[2531.677s][debug][gc,phases      ] GC(51)     Total                          Min: 0, Avg:  0.0, Max: 0, Diff: 0, Sum: 0, Workers: 4
[2531.677s][debug][gc,phases      ] GC(51)   StringTable Weak               Min:  0.0, Avg:  0.1, Max:  0.1, Diff:  0.1, Sum:  0.4, Workers: 4
[2531.677s][debug][gc,phases      ] GC(51)     Dead                           Min: 0, Avg:  0.0, Max: 0, Diff: 0, Sum: 0, Workers: 4
[2531.677s][debug][gc,phases      ] GC(51)     Total                          Min: 0, Avg: 11941.5, Max: 21526, Diff: 21526, Sum: 47766, Workers: 4
[2531.677s][debug][gc,phases      ] GC(51)   ResolvedMethodTable Weak       Min:  0.0, Avg:  0.0, Max:  0.0, Diff:  0.0, Sum:  0.1, Workers: 4
[2531.677s][debug][gc,phases      ] GC(51)     Dead                           Min: 0, Avg:  4.0, Max: 16, Diff: 16, Sum: 16, Workers: 4
[2531.677s][debug][gc,phases      ] GC(51)     Total                          Min: 0, Avg: 3842.8, Max: 6748, Diff: 6748, Sum: 15371, Workers: 4
[2531.677s][debug][gc,phases      ] GC(51)   JNI Weak                       Min:  0.0, Avg:  0.0, Max:  0.0, Diff:  0.0, Sum:  0.0, Workers: 4
[2531.677s][debug][gc,phases      ] GC(51)     Dead                           Min: 0, Avg:  0.0, Max: 0, Diff: 0, Sum: 0, Workers: 4
[2531.677s][debug][gc,phases      ] GC(51)     Total                          Min: 0, Avg: 13.0, Max: 52, Diff: 52, Sum: 52, Workers: 4
[2531.677s][debug][gc,phases      ] GC(51)   StringDedup Table Weak         Min:  0.0, Avg:  0.0, Max:  0.0, Diff:  0.0, Sum:  0.0, Workers: 4
[2531.677s][debug][gc,phases      ] GC(51)     Dead                           Min: 0, Avg:  0.0, Max: 0, Diff: 0, Sum: 0, Workers: 4
[2531.677s][debug][gc,phases      ] GC(51)     Total                          Min: 0, Avg:  0.0, Max: 0, Diff: 0, Sum: 0, Workers: 4
[2531.677s][debug][gc,phases      ] GC(51)   StringDedup Requests0 Weak     Min:  0.0, Avg:  0.0, Max:  0.0, Diff:  0.0, Sum:  0.0, Workers: 4
[2531.677s][debug][gc,phases      ] GC(51)     Dead                           Min: 0, Avg:  0.0, Max: 0, Diff: 0, Sum: 0, Workers: 4
[2531.677s][debug][gc,phases      ] GC(51)     Total                          Min: 0, Avg:  0.0, Max: 0, Diff: 0, Sum: 0, Workers: 4
[2531.677s][debug][gc,phases      ] GC(51)   StringDedup Requests1 Weak     Min:  0.0, Avg:  0.0, Max:  0.0, Diff:  0.0, Sum:  0.0, Workers: 4
[2531.677s][debug][gc,phases      ] GC(51)     Dead                           Min: 0, Avg:  0.0, Max: 0, Diff: 0, Sum: 0, Workers: 4
[2531.677s][debug][gc,phases      ] GC(51)     Total                          Min: 0, Avg:  0.0, Max: 0, Diff: 0, Sum: 0, Workers: 4
[2531.677s][debug][gc,phases      ] GC(51)   Weak JFR Old Object Samples    Min:  0.0, Avg:  0.0, Max:  0.0, Diff:  0.0, Sum:  0.0, Workers: 4
[2531.677s][debug][gc,phases      ] GC(51)     Dead                           Min: 0, Avg:  0.0, Max: 0, Diff: 0, Sum: 0, Workers: 4
[2531.677s][debug][gc,phases      ] GC(51)     Total                          Min: 0, Avg:  0.0, Max: 0, Diff: 0, Sum: 0, Workers: 4
[2531.677s][debug][gc,phases      ] GC(51) Weak Processing 0.347ms
[2531.677s][debug][gc,age         ] GC(51) Desired survivor size 31457280 bytes, new threshold 1 (max threshold 15)
[2531.677s][info ][gc,heap        ] GC(51) PSYoungGen: 2031200K(2064384K)->2016K(2061824K) Eden: 2029056K(2029056K)->0K(2029056K) From: 2144K(35328K)->2016K(32768K)
[2531.677s][info ][gc,heap        ] GC(51) ParOldGen: 275341K(275456K)->275773K(275968K)
[2531.677s][info ][gc,metaspace   ] GC(51) Metaspace: 106750K(108032K)->106750K(108032K) NonClass: 90507K(91200K)->90507K(91200K) Class: 16242K(16832K)->16242K(16832K)
[2531.677s][info ][gc             ] GC(51) Pause Young (Allocation Failure) 2252M->271M(2283M) 2.245ms
[2531.677s][info ][gc,cpu         ] GC(51) User=0.01s Sys=0.00s Real=0.00s
[2531.677s][info ][safepoint      ] Safepoint "ParallelGCFailedAllocation", Time since last: 2042353070 ns, Reaching safepoint: 80601 ns, Cleanup: 3700 ns, At safepoint: 2307623 ns, Total: 2391924 ns
[2540.678s][info ][safepoint      ] Safepoint "Cleanup", Time since last: 9000720709 ns, Reaching safepoint: 80201 ns, Cleanup: 10700 ns, At safepoint: 6600 ns, Total: 97501 ns
[2543.679s][info ][safepoint      ] Safepoint "Cleanup", Time since last: 3000265031 ns, Reaching safepoint: 81800 ns, Cleanup: 8201 ns, At safepoint: 6400 ns, Total: 96401 ns
[2553.680s][info ][safepoint      ] Safepoint "Cleanup", Time since last: 10000932333 ns, Reaching safepoint: 6500 ns, Cleanup: 11200 ns, At safepoint: 25900 ns, Total: 43600 ns
[2556.680s][info ][safepoint      ] Safepoint "Cleanup", Time since last: 3000272496 ns, Reaching safepoint: 83901 ns, Cleanup: 10200 ns, At safepoint: 26900 ns, Total: 121001 ns
[2557.680s][info ][safepoint      ] Safepoint "Cleanup", Time since last: 1000104866 ns, Reaching safepoint: 5600 ns, Cleanup: 8900 ns, At safepoint: 1900 ns, Total: 16400 ns
[2564.681s][info ][safepoint      ] Safepoint "Cleanup", Time since last: 7000601490 ns, Reaching safepoint: 5800 ns, Cleanup: 11200 ns, At safepoint: 2200 ns, Total: 19200 ns
[2574.682s][info ][safepoint      ] Safepoint "Cleanup", Time since last: 10000773027 ns, Reaching safepoint: 6000 ns, Cleanup: 10000 ns, At safepoint: 1900 ns, Total: 17900 ns
[2578.682s][info ][safepoint      ] Safepoint "Cleanup", Time since last: 4000320951 ns, Reaching safepoint: 81001 ns, Cleanup: 14000 ns, At safepoint: 6600 ns, Total: 101601 ns
[2579.682s][info ][safepoint      ] Safepoint "Cleanup", Time since last: 1000124013 ns, Reaching safepoint: 6000 ns, Cleanup: 9600 ns, At safepoint: 1900 ns, Total: 17500 ns
[2585.683s][info ][safepoint      ] Safepoint "Cleanup", Time since last: 6000481848 ns, Reaching safepoint: 6400 ns, Cleanup: 12100 ns, At safepoint: 2100 ns, Total: 20600 ns
[2589.683s][info ][safepoint      ] Safepoint "Cleanup", Time since last: 4000348590 ns, Reaching safepoint: 7100 ns, Cleanup: 11800 ns, At safepoint: 2100 ns, Total: 21000 ns
[2590.683s][info ][safepoint      ] Safepoint "Cleanup", Time since last: 1000129299 ns, Reaching safepoint: 6000 ns, Cleanup: 10400 ns, At safepoint: 2000 ns, Total: 18400 ns
[2604.825s][info ][gc,start       ] GC(52) Pause Young (Allocation Failure)
[2604.827s][debug][gc,phases      ] GC(52) Scavenge 1.598ms
[2604.827s][debug][gc,ref         ] GC(52) ReferenceProcessor::execute queues: 1, RefProcThreadModel::Single, marks_oops_alive: false
[2604.827s][debug][gc,ref         ] GC(52) Skipped KeepAliveFinalRefsPhase of Reference Processing: no references
[2604.827s][debug][gc,ref         ] GC(52) Skipped PhantomRefsPhase of Reference Processing: no references
[2604.827s][debug][gc,phases      ] GC(52) Reference Processing 0.093ms
[2604.827s][debug][gc,phases      ] GC(52)   VM Weak                        Min:  0.0, Avg:  0.0, Max:  0.0, Diff:  0.0, Sum:  0.0, Workers: 4
[2604.827s][debug][gc,phases      ] GC(52)     Dead                           Min: 0, Avg:  0.0, Max: 0, Diff: 0, Sum: 0, Workers: 4
[2604.827s][debug][gc,phases      ] GC(52)     Total                          Min: 0, Avg: 233.8, Max: 935, Diff: 935, Sum: 935, Workers: 4
[2604.827s][debug][gc,phases      ] GC(52)   ObjectSynchronizer Weak        Min:  0.0, Avg:  0.0, Max:  0.0, Diff:  0.0, Sum:  0.0, Workers: 4
[2604.827s][debug][gc,phases      ] GC(52)     Dead                           Min: 0, Avg:  0.0, Max: 0, Diff: 0, Sum: 0, Workers: 4
[2604.827s][debug][gc,phases      ] GC(52)     Total                          Min: 0, Avg:  0.8, Max: 3, Diff: 3, Sum: 3, Workers: 4
[2604.827s][debug][gc,phases      ] GC(52)   JVMTI Tag Weak OopStorage      Min:  0.0, Avg:  0.0, Max:  0.0, Diff:  0.0, Sum:  0.0, Workers: 4
[2604.827s][debug][gc,phases      ] GC(52)     Dead                           Min: 0, Avg:  0.0, Max: 0, Diff: 0, Sum: 0, Workers: 4
[2604.827s][debug][gc,phases      ] GC(52)     Total                          Min: 0, Avg:  0.0, Max: 0, Diff: 0, Sum: 0, Workers: 4
[2604.827s][debug][gc,phases      ] GC(52)   StringTable Weak               Min:  0.1, Avg:  0.1, Max:  0.1, Diff:  0.0, Sum:  0.4, Workers: 4
[2604.827s][debug][gc,phases      ] GC(52)     Dead                           Min: 0, Avg:  0.0, Max: 0, Diff: 0, Sum: 0, Workers: 4
[2604.827s][debug][gc,phases      ] GC(52)     Total                          Min: 11776, Avg: 11942.5, Max: 12122, Diff: 346, Sum: 47770, Workers: 4
[2604.827s][debug][gc,phases      ] GC(52)   ResolvedMethodTable Weak       Min:  0.0, Avg:  0.0, Max:  0.0, Diff:  0.0, Sum:  0.1, Workers: 4
[2604.827s][debug][gc,phases      ] GC(52)     Dead                           Min: 0, Avg:  4.0, Max: 16, Diff: 16, Sum: 16, Workers: 4
[2604.827s][debug][gc,phases      ] GC(52)     Total                          Min: 3537, Avg: 3842.8, Max: 4260, Diff: 723, Sum: 15371, Workers: 4
[2604.827s][debug][gc,phases      ] GC(52)   JNI Weak                       Min:  0.0, Avg:  0.0, Max:  0.0, Diff:  0.0, Sum:  0.0, Workers: 4
[2604.827s][debug][gc,phases      ] GC(52)     Dead                           Min: 0, Avg:  0.0, Max: 0, Diff: 0, Sum: 0, Workers: 4
[2604.827s][debug][gc,phases      ] GC(52)     Total                          Min: 0, Avg: 13.0, Max: 52, Diff: 52, Sum: 52, Workers: 4
[2604.827s][debug][gc,phases      ] GC(52)   StringDedup Table Weak         Min:  0.0, Avg:  0.0, Max:  0.0, Diff:  0.0, Sum:  0.0, Workers: 4
[2604.827s][debug][gc,phases      ] GC(52)     Dead                           Min: 0, Avg:  0.0, Max: 0, Diff: 0, Sum: 0, Workers: 4
[2604.827s][debug][gc,phases      ] GC(52)     Total                          Min: 0, Avg:  0.0, Max: 0, Diff: 0, Sum: 0, Workers: 4
[2604.827s][debug][gc,phases      ] GC(52)   StringDedup Requests0 Weak     Min:  0.0, Avg:  0.0, Max:  0.0, Diff:  0.0, Sum:  0.0, Workers: 4
[2604.827s][debug][gc,phases      ] GC(52)     Dead                           Min: 0, Avg:  0.0, Max: 0, Diff: 0, Sum: 0, Workers: 4
[2604.827s][debug][gc,phases      ] GC(52)     Total                          Min: 0, Avg:  0.0, Max: 0, Diff: 0, Sum: 0, Workers: 4
[2604.827s][debug][gc,phases      ] GC(52)   StringDedup Requests1 Weak     Min:  0.0, Avg:  0.0, Max:  0.0, Diff:  0.0, Sum:  0.0, Workers: 4
[2604.827s][debug][gc,phases      ] GC(52)     Dead                           Min: 0, Avg:  0.0, Max: 0, Diff: 0, Sum: 0, Workers: 4
[2604.827s][debug][gc,phases      ] GC(52)     Total                          Min: 0, Avg:  0.0, Max: 0, Diff: 0, Sum: 0, Workers: 4
[2604.827s][debug][gc,phases      ] GC(52)   Weak JFR Old Object Samples    Min:  0.0, Avg:  0.0, Max:  0.0, Diff:  0.0, Sum:  0.0, Workers: 4
[2604.827s][debug][gc,phases      ] GC(52)     Dead                           Min: 0, Avg:  0.0, Max: 0, Diff: 0, Sum: 0, Workers: 4
[2604.827s][debug][gc,phases      ] GC(52)     Total                          Min: 0, Avg:  0.0, Max: 0, Diff: 0, Sum: 0, Workers: 4
[2604.827s][debug][gc,phases      ] GC(52) Weak Processing 0.340ms
[2604.827s][debug][gc,age         ] GC(52) Desired survivor size 28835840 bytes, new threshold 1 (max threshold 15)
[2604.827s][info ][gc,heap        ] GC(52) PSYoungGen: 2031072K(2061824K)->2496K(2068992K) Eden: 2029056K(2029056K)->0K(2038272K) From: 2016K(32768K)->2496K(30720K)
[2604.827s][info ][gc,heap        ] GC(52) ParOldGen: 275773K(275968K)->276069K(276480K)
[2604.827s][info ][gc,metaspace   ] GC(52) Metaspace: 106765K(108032K)->106765K(108032K) NonClass: 90523K(91200K)->90523K(91200K) Class: 16242K(16832K)->16242K(16832K)
[2604.827s][info ][gc             ] GC(52) Pause Young (Allocation Failure) 2252M->272M(2290M) 2.126ms
[2604.827s][info ][gc,cpu         ] GC(52) User=0.00s Sys=0.00s Real=0.00s
[2604.827s][info ][safepoint      ] Safepoint "ParallelGCFailedAllocation", Time since last: 14141961846 ns, Reaching safepoint: 83501 ns, Cleanup: 3800 ns, At safepoint: 2185421 ns, Total: 2272722 ns
[2616.828s][info ][safepoint      ] Safepoint "Cleanup", Time since last: 12000915684 ns, Reaching safepoint: 81601 ns, Cleanup: 10500 ns, At safepoint: 7400 ns, Total: 99501 ns
[2635.830s][info ][safepoint      ] Safepoint "Cleanup", Time since last: 19001465528 ns, Reaching safepoint: 5701 ns, Cleanup: 9400 ns, At safepoint: 1900 ns, Total: 17001 ns
[2641.830s][info ][safepoint      ] Safepoint "Cleanup", Time since last: 6000461067 ns, Reaching safepoint: 5700 ns, Cleanup: 9101 ns, At safepoint: 1700 ns, Total: 16501 ns
[2644.831s][info ][safepoint      ] Safepoint "Cleanup", Time since last: 3000252685 ns, Reaching safepoint: 5600 ns, Cleanup: 10100 ns, At safepoint: 1700 ns, Total: 17400 ns
[2664.832s][info ][safepoint      ] Safepoint "Cleanup", Time since last: 20001583426 ns, Reaching safepoint: 6200 ns, Cleanup: 9500 ns, At safepoint: 2000 ns, Total: 17700 ns
[2670.833s][info ][safepoint      ] Safepoint "Cleanup", Time since last: 6000469909 ns, Reaching safepoint: 6200 ns, Cleanup: 8800 ns, At safepoint: 1700 ns, Total: 16700 ns
[2676.425s][info ][gc,start       ] GC(53) Pause Young (Allocation Failure)
[2676.427s][debug][gc,phases      ] GC(53) Scavenge 1.784ms
[2676.427s][debug][gc,ref         ] GC(53) ReferenceProcessor::execute queues: 1, RefProcThreadModel::Single, marks_oops_alive: false
[2676.427s][debug][gc,ref         ] GC(53) Skipped KeepAliveFinalRefsPhase of Reference Processing: no references
[2676.427s][debug][gc,ref         ] GC(53) ReferenceProcessor::execute queues: 1, RefProcThreadModel::Single, marks_oops_alive: false
[2676.427s][debug][gc,phases      ] GC(53) Reference Processing 0.090ms
[2676.427s][debug][gc,phases      ] GC(53)   VM Weak                        Min:  0.0, Avg:  0.0, Max:  0.0, Diff:  0.0, Sum:  0.0, Workers: 4
[2676.427s][debug][gc,phases      ] GC(53)     Dead                           Min: 0, Avg:  0.0, Max: 0, Diff: 0, Sum: 0, Workers: 4
[2676.427s][debug][gc,phases      ] GC(53)     Total                          Min: 0, Avg: 233.8, Max: 487, Diff: 487, Sum: 935, Workers: 4
[2676.427s][debug][gc,phases      ] GC(53)   ObjectSynchronizer Weak        Min:  0.0, Avg:  0.0, Max:  0.0, Diff:  0.0, Sum:  0.0, Workers: 4
[2676.427s][debug][gc,phases      ] GC(53)     Dead                           Min: 0, Avg:  0.0, Max: 0, Diff: 0, Sum: 0, Workers: 4
[2676.427s][debug][gc,phases      ] GC(53)     Total                          Min: 0, Avg:  0.8, Max: 3, Diff: 3, Sum: 3, Workers: 4
[2676.427s][debug][gc,phases      ] GC(53)   JVMTI Tag Weak OopStorage      Min:  0.0, Avg:  0.0, Max:  0.0, Diff:  0.0, Sum:  0.0, Workers: 4
[2676.427s][debug][gc,phases      ] GC(53)     Dead                           Min: 0, Avg:  0.0, Max: 0, Diff: 0, Sum: 0, Workers: 4
[2676.427s][debug][gc,phases      ] GC(53)     Total                          Min: 0, Avg:  0.0, Max: 0, Diff: 0, Sum: 0, Workers: 4
[2676.427s][debug][gc,phases      ] GC(53)   StringTable Weak               Min:  0.0, Avg:  0.1, Max:  0.1, Diff:  0.1, Sum:  0.4, Workers: 4
[2676.427s][debug][gc,phases      ] GC(53)     Dead                           Min: 0, Avg:  0.0, Max: 0, Diff: 0, Sum: 0, Workers: 4
[2676.427s][debug][gc,phases      ] GC(53)     Total                          Min: 0, Avg: 11944.5, Max: 23458, Diff: 23458, Sum: 47778, Workers: 4
[2676.427s][debug][gc,phases      ] GC(53)   ResolvedMethodTable Weak       Min:  0.0, Avg:  0.0, Max:  0.0, Diff:  0.0, Sum:  0.1, Workers: 4
[2676.427s][debug][gc,phases      ] GC(53)     Dead                           Min: 0, Avg:  4.0, Max: 16, Diff: 16, Sum: 16, Workers: 4
[2676.427s][debug][gc,phases      ] GC(53)     Total                          Min: 0, Avg: 3842.8, Max: 6758, Diff: 6758, Sum: 15371, Workers: 4
[2676.427s][debug][gc,phases      ] GC(53)   JNI Weak                       Min:  0.0, Avg:  0.0, Max:  0.0, Diff:  0.0, Sum:  0.0, Workers: 4
[2676.427s][debug][gc,phases      ] GC(53)     Dead                           Min: 0, Avg:  0.0, Max: 0, Diff: 0, Sum: 0, Workers: 4
[2676.427s][debug][gc,phases      ] GC(53)     Total                          Min: 0, Avg: 13.0, Max: 52, Diff: 52, Sum: 52, Workers: 4
[2676.427s][debug][gc,phases      ] GC(53)   StringDedup Table Weak         Min:  0.0, Avg:  0.0, Max:  0.0, Diff:  0.0, Sum:  0.0, Workers: 4
[2676.427s][debug][gc,phases      ] GC(53)     Dead                           Min: 0, Avg:  0.0, Max: 0, Diff: 0, Sum: 0, Workers: 4
[2676.427s][debug][gc,phases      ] GC(53)     Total                          Min: 0, Avg:  0.0, Max: 0, Diff: 0, Sum: 0, Workers: 4
[2676.427s][debug][gc,phases      ] GC(53)   StringDedup Requests0 Weak     Min:  0.0, Avg:  0.0, Max:  0.0, Diff:  0.0, Sum:  0.0, Workers: 4
[2676.427s][debug][gc,phases      ] GC(53)     Dead                           Min: 0, Avg:  0.0, Max: 0, Diff: 0, Sum: 0, Workers: 4
[2676.427s][debug][gc,phases      ] GC(53)     Total                          Min: 0, Avg:  0.0, Max: 0, Diff: 0, Sum: 0, Workers: 4
[2676.427s][debug][gc,phases      ] GC(53)   StringDedup Requests1 Weak     Min:  0.0, Avg:  0.0, Max:  0.0, Diff:  0.0, Sum:  0.0, Workers: 4
[2676.427s][debug][gc,phases      ] GC(53)     Dead                           Min: 0, Avg:  0.0, Max: 0, Diff: 0, Sum: 0, Workers: 4
[2676.427s][debug][gc,phases      ] GC(53)     Total                          Min: 0, Avg:  0.0, Max: 0, Diff: 0, Sum: 0, Workers: 4
[2676.427s][debug][gc,phases      ] GC(53)   Weak JFR Old Object Samples    Min:  0.0, Avg:  0.0, Max:  0.0, Diff:  0.0, Sum:  0.0, Workers: 4
[2676.427s][debug][gc,phases      ] GC(53)     Dead                           Min: 0, Avg:  0.0, Max: 0, Diff: 0, Sum: 0, Workers: 4
[2676.427s][debug][gc,phases      ] GC(53)     Total                          Min: 0, Avg:  0.0, Max: 0, Diff: 0, Sum: 0, Workers: 4
[2676.427s][debug][gc,phases      ] GC(53) Weak Processing 0.376ms
[2676.427s][debug][gc,age         ] GC(53) Desired survivor size 26738688 bytes, new threshold 1 (max threshold 15)
[2676.427s][info ][gc,heap        ] GC(53) PSYoungGen: 2040768K(2068992K)->3072K(2066432K) Eden: 2038272K(2038272K)->0K(2038272K) From: 2496K(30720K)->3072K(28160K)
[2676.427s][info ][gc,heap        ] GC(53) ParOldGen: 276069K(276480K)->276457K(276480K)
[2676.427s][info ][gc,metaspace   ] GC(53) Metaspace: 106771K(108032K)->106771K(108032K) NonClass: 90528K(91200K)->90528K(91200K) Class: 16242K(16832K)->16242K(16832K)
[2676.427s][info ][gc             ] GC(53) Pause Young (Allocation Failure) 2262M->272M(2288M) 2.335ms
[2676.427s][info ][gc,cpu         ] GC(53) User=0.01s Sys=0.00s Real=0.00s
[2676.428s][info ][safepoint      ] Safepoint "ParallelGCFailedAllocation", Time since last: 5592343181 ns, Reaching safepoint: 83800 ns, Cleanup: 3500 ns, At safepoint: 2391524 ns, Total: 2478824 ns
[2678.428s][info ][safepoint      ] Safepoint "Cleanup", Time since last: 2000178514 ns, Reaching safepoint: 87201 ns, Cleanup: 10200 ns, At safepoint: 7300 ns, Total: 104701 ns
[2713.430s][info ][safepoint      ] Safepoint "Cleanup", Time since last: 35002547704 ns, Reaching safepoint: 5400 ns, Cleanup: 9201 ns, At safepoint: 1900 ns, Total: 16501 ns
[2718.431s][info ][safepoint      ] Safepoint "Cleanup", Time since last: 5000381232 ns, Reaching safepoint: 5600 ns, Cleanup: 9700 ns, At safepoint: 1700 ns, Total: 17000 ns
[2728.432s][info ][safepoint      ] Safepoint "Cleanup", Time since last: 10000766773 ns, Reaching safepoint: 5800 ns, Cleanup: 8700 ns, At safepoint: 1800 ns, Total: 16300 ns
[2747.579s][info ][gc,start       ] GC(54) Pause Young (Allocation Failure)
[2747.582s][debug][gc,phases      ] GC(54) Scavenge 3.132ms
[2747.582s][debug][gc,ref         ] GC(54) ReferenceProcessor::execute queues: 1, RefProcThreadModel::Single, marks_oops_alive: false
[2747.582s][debug][gc,ref         ] GC(54) Skipped KeepAliveFinalRefsPhase of Reference Processing: no references
[2747.582s][debug][gc,ref         ] GC(54) ReferenceProcessor::execute queues: 1, RefProcThreadModel::Single, marks_oops_alive: false
[2747.582s][debug][gc,phases      ] GC(54) Reference Processing 0.096ms
[2747.582s][debug][gc,phases      ] GC(54)   VM Weak                        Min:  0.0, Avg:  0.0, Max:  0.0, Diff:  0.0, Sum:  0.0, Workers: 4
[2747.582s][debug][gc,phases      ] GC(54)     Dead                           Min: 0, Avg:  0.0, Max: 0, Diff: 0, Sum: 0, Workers: 4
[2747.582s][debug][gc,phases      ] GC(54)     Total                          Min: 0, Avg: 233.8, Max: 807, Diff: 807, Sum: 935, Workers: 4
[2747.582s][debug][gc,phases      ] GC(54)   ObjectSynchronizer Weak        Min:  0.0, Avg:  0.0, Max:  0.0, Diff:  0.0, Sum:  0.0, Workers: 4
[2747.582s][debug][gc,phases      ] GC(54)     Dead                           Min: 0, Avg:  0.0, Max: 0, Diff: 0, Sum: 0, Workers: 4
[2747.582s][debug][gc,phases      ] GC(54)     Total                          Min: 0, Avg:  0.8, Max: 3, Diff: 3, Sum: 3, Workers: 4
[2747.582s][debug][gc,phases      ] GC(54)   JVMTI Tag Weak OopStorage      Min:  0.0, Avg:  0.0, Max:  0.0, Diff:  0.0, Sum:  0.0, Workers: 4
[2747.582s][debug][gc,phases      ] GC(54)     Dead                           Min: 0, Avg:  0.0, Max: 0, Diff: 0, Sum: 0, Workers: 4
[2747.582s][debug][gc,phases      ] GC(54)     Total                          Min: 0, Avg:  0.0, Max: 0, Diff: 0, Sum: 0, Workers: 4
[2747.582s][debug][gc,phases      ] GC(54)   StringTable Weak               Min:  0.0, Avg:  0.1, Max:  0.1, Diff:  0.1, Sum:  0.4, Workers: 4
[2747.582s][debug][gc,phases      ] GC(54)     Dead                           Min: 0, Avg:  0.2, Max: 1, Diff: 1, Sum: 1, Workers: 4
[2747.582s][debug][gc,phases      ] GC(54)     Total                          Min: 0, Avg: 11946.0, Max: 20479, Diff: 20479, Sum: 47784, Workers: 4
[2747.582s][debug][gc,phases      ] GC(54)   ResolvedMethodTable Weak       Min:  0.0, Avg:  0.0, Max:  0.0, Diff:  0.0, Sum:  0.1, Workers: 4
[2747.582s][debug][gc,phases      ] GC(54)     Dead                           Min: 0, Avg:  4.2, Max: 17, Diff: 17, Sum: 17, Workers: 4
[2747.582s][debug][gc,phases      ] GC(54)     Total                          Min: 0, Avg: 3843.8, Max: 6323, Diff: 6323, Sum: 15375, Workers: 4
[2747.582s][debug][gc,phases      ] GC(54)   JNI Weak                       Min:  0.0, Avg:  0.0, Max:  0.0, Diff:  0.0, Sum:  0.0, Workers: 4
[2747.582s][debug][gc,phases      ] GC(54)     Dead                           Min: 0, Avg:  0.0, Max: 0, Diff: 0, Sum: 0, Workers: 4
[2747.582s][debug][gc,phases      ] GC(54)     Total                          Min: 0, Avg: 13.0, Max: 52, Diff: 52, Sum: 52, Workers: 4
[2747.582s][debug][gc,phases      ] GC(54)   StringDedup Table Weak         Min:  0.0, Avg:  0.0, Max:  0.0, Diff:  0.0, Sum:  0.0, Workers: 4
[2747.582s][debug][gc,phases      ] GC(54)     Dead                           Min: 0, Avg:  0.0, Max: 0, Diff: 0, Sum: 0, Workers: 4
[2747.582s][debug][gc,phases      ] GC(54)     Total                          Min: 0, Avg:  0.0, Max: 0, Diff: 0, Sum: 0, Workers: 4
[2747.582s][debug][gc,phases      ] GC(54)   StringDedup Requests0 Weak     Min:  0.0, Avg:  0.0, Max:  0.0, Diff:  0.0, Sum:  0.0, Workers: 4
[2747.582s][debug][gc,phases      ] GC(54)     Dead                           Min: 0, Avg:  0.0, Max: 0, Diff: 0, Sum: 0, Workers: 4
[2747.582s][debug][gc,phases      ] GC(54)     Total                          Min: 0, Avg:  0.0, Max: 0, Diff: 0, Sum: 0, Workers: 4
[2747.582s][debug][gc,phases      ] GC(54)   StringDedup Requests1 Weak     Min:  0.0, Avg:  0.0, Max:  0.0, Diff:  0.0, Sum:  0.0, Workers: 4
[2747.582s][debug][gc,phases      ] GC(54)     Dead                           Min: 0, Avg:  0.0, Max: 0, Diff: 0, Sum: 0, Workers: 4
[2747.582s][debug][gc,phases      ] GC(54)     Total                          Min: 0, Avg:  0.0, Max: 0, Diff: 0, Sum: 0, Workers: 4
[2747.582s][debug][gc,phases      ] GC(54)   Weak JFR Old Object Samples    Min:  0.0, Avg:  0.0, Max:  0.0, Diff:  0.0, Sum:  0.0, Workers: 4
[2747.582s][debug][gc,phases      ] GC(54)     Dead                           Min: 0, Avg:  0.0, Max: 0, Diff: 0, Sum: 0, Workers: 4
[2747.582s][debug][gc,phases      ] GC(54)     Total                          Min: 0, Avg:  0.0, Max: 0, Diff: 0, Sum: 0, Workers: 4
[2747.582s][debug][gc,phases      ] GC(54) Weak Processing 0.337ms
[2747.582s][debug][gc,age         ] GC(54) Desired survivor size 24641536 bytes, new threshold 1 (max threshold 15)
[2747.583s][info ][gc,heap        ] GC(54) PSYoungGen: 2041344K(2066432K)->5072K(2073088K) Eden: 2038272K(2038272K)->0K(2046976K) From: 3072K(28160K)->5072K(26112K)
[2747.583s][info ][gc,heap        ] GC(54) ParOldGen: 276457K(276480K)->277554K(278016K)
[2747.583s][info ][gc,metaspace   ] GC(54) Metaspace: 106788K(108032K)->106788K(108032K) NonClass: 90544K(91200K)->90544K(91200K) Class: 16243K(16832K)->16243K(16832K)
[2747.583s][info ][gc             ] GC(54) Pause Young (Allocation Failure) 2263M->276M(2296M) 3.662ms
[2747.583s][info ][gc,cpu         ] GC(54) User=0.01s Sys=0.00s Real=0.01s
[2747.583s][info ][safepoint      ] Safepoint "ParallelGCFailedAllocation", Time since last: 19147206577 ns, Reaching safepoint: 80101 ns, Cleanup: 4300 ns, At safepoint: 3728136 ns, Total: 3812537 ns
[2748.583s][info ][safepoint      ] Safepoint "Cleanup", Time since last: 1000083542 ns, Reaching safepoint: 6900 ns, Cleanup: 11100 ns, At safepoint: 1700 ns, Total: 19700 ns
[2751.583s][info ][safepoint      ] Safepoint "Cleanup", Time since last: 3000310128 ns, Reaching safepoint: 6601 ns, Cleanup: 12800 ns, At safepoint: 2100 ns, Total: 21501 ns
[2756.583s][info ][safepoint      ] Safepoint "Cleanup", Time since last: 5000390393 ns, Reaching safepoint: 6400 ns, Cleanup: 11600 ns, At safepoint: 2300 ns, Total: 20300 ns
[2767.584s][info ][safepoint      ] Safepoint "Cleanup", Time since last: 11000840181 ns, Reaching safepoint: 5700 ns, Cleanup: 9700 ns, At safepoint: 2100 ns, Total: 17500 ns
[2775.585s][info ][safepoint      ] Safepoint "Cleanup", Time since last: 8000633685 ns, Reaching safepoint: 6500 ns, Cleanup: 10400 ns, At safepoint: 2500 ns, Total: 19400 ns
[2777.585s][info ][safepoint      ] Safepoint "Cleanup", Time since last: 2000186228 ns, Reaching safepoint: 4000 ns, Cleanup: 9400 ns, At safepoint: 1500 ns, Total: 14900 ns
[2778.585s][info ][safepoint      ] Safepoint "Cleanup", Time since last: 1000091465 ns, Reaching safepoint: 6000 ns, Cleanup: 9600 ns, At safepoint: 2100 ns, Total: 17700 ns
[2796.587s][info ][safepoint      ] Safepoint "Cleanup", Time since last: 18001338195 ns, Reaching safepoint: 5700 ns, Cleanup: 10700 ns, At safepoint: 1700 ns, Total: 18100 ns
[2815.588s][info ][safepoint      ] Safepoint "Cleanup", Time since last: 19001425346 ns, Reaching safepoint: 6600 ns, Cleanup: 11400 ns, At safepoint: 2100 ns, Total: 20100 ns
[2819.588s][info ][safepoint      ] Safepoint "Cleanup", Time since last: 4000323991 ns, Reaching safepoint: 6200 ns, Cleanup: 16000 ns, At safepoint: 1900 ns, Total: 24100 ns
[2820.978s][info ][gc,start       ] GC(55) Pause Young (Allocation Failure)
[2820.980s][debug][gc,phases      ] GC(55) Scavenge 1.678ms
[2820.980s][debug][gc,ref         ] GC(55) ReferenceProcessor::execute queues: 1, RefProcThreadModel::Single, marks_oops_alive: false
[2820.980s][debug][gc,ref         ] GC(55) Skipped KeepAliveFinalRefsPhase of Reference Processing: no references
[2820.980s][debug][gc,ref         ] GC(55) Skipped PhantomRefsPhase of Reference Processing: no references
[2820.980s][debug][gc,phases      ] GC(55) Reference Processing 0.110ms
[2820.980s][debug][gc,phases      ] GC(55)   VM Weak                        Min:  0.0, Avg:  0.0, Max:  0.0, Diff:  0.0, Sum:  0.0, Workers: 4
[2820.980s][debug][gc,phases      ] GC(55)     Dead                           Min: 0, Avg:  0.0, Max: 0, Diff: 0, Sum: 0, Workers: 4
[2820.980s][debug][gc,phases      ] GC(55)     Total                          Min: 0, Avg: 233.8, Max: 704, Diff: 704, Sum: 935, Workers: 4
[2820.980s][debug][gc,phases      ] GC(55)   ObjectSynchronizer Weak        Min:  0.0, Avg:  0.0, Max:  0.0, Diff:  0.0, Sum:  0.0, Workers: 4
[2820.980s][debug][gc,phases      ] GC(55)     Dead                           Min: 0, Avg:  0.0, Max: 0, Diff: 0, Sum: 0, Workers: 4
[2820.980s][debug][gc,phases      ] GC(55)     Total                          Min: 0, Avg:  0.8, Max: 3, Diff: 3, Sum: 3, Workers: 4
[2820.980s][debug][gc,phases      ] GC(55)   JVMTI Tag Weak OopStorage      Min:  0.0, Avg:  0.0, Max:  0.0, Diff:  0.0, Sum:  0.0, Workers: 4
[2820.980s][debug][gc,phases      ] GC(55)     Dead                           Min: 0, Avg:  0.0, Max: 0, Diff: 0, Sum: 0, Workers: 4
[2820.980s][debug][gc,phases      ] GC(55)     Total                          Min: 0, Avg:  0.0, Max: 0, Diff: 0, Sum: 0, Workers: 4
[2820.980s][debug][gc,phases      ] GC(55)   StringTable Weak               Min:  0.1, Avg:  0.1, Max:  0.1, Diff:  0.0, Sum:  0.4, Workers: 4
[2820.980s][debug][gc,phases      ] GC(55)     Dead                           Min: 0, Avg:  0.0, Max: 0, Diff: 0, Sum: 0, Workers: 4
[2820.980s][debug][gc,phases      ] GC(55)     Total                          Min: 11885, Avg: 11947.0, Max: 12031, Diff: 146, Sum: 47788, Workers: 4
[2820.980s][debug][gc,phases      ] GC(55)   ResolvedMethodTable Weak       Min:  0.0, Avg:  0.0, Max:  0.0, Diff:  0.0, Sum:  0.1, Workers: 4
[2820.980s][debug][gc,phases      ] GC(55)     Dead                           Min: 0, Avg:  4.0, Max: 13, Diff: 13, Sum: 16, Workers: 4
[2820.980s][debug][gc,phases      ] GC(55)     Total                          Min: 3598, Avg: 3843.8, Max: 4148, Diff: 550, Sum: 15375, Workers: 4
[2820.980s][debug][gc,phases      ] GC(55)   JNI Weak                       Min:  0.0, Avg:  0.0, Max:  0.0, Diff:  0.0, Sum:  0.0, Workers: 4
[2820.980s][debug][gc,phases      ] GC(55)     Dead                           Min: 0, Avg:  0.0, Max: 0, Diff: 0, Sum: 0, Workers: 4
[2820.980s][debug][gc,phases      ] GC(55)     Total                          Min: 0, Avg: 13.0, Max: 52, Diff: 52, Sum: 52, Workers: 4
[2820.980s][debug][gc,phases      ] GC(55)   StringDedup Table Weak         Min:  0.0, Avg:  0.0, Max:  0.0, Diff:  0.0, Sum:  0.0, Workers: 4
[2820.980s][debug][gc,phases      ] GC(55)     Dead                           Min: 0, Avg:  0.0, Max: 0, Diff: 0, Sum: 0, Workers: 4
[2820.980s][debug][gc,phases      ] GC(55)     Total                          Min: 0, Avg:  0.0, Max: 0, Diff: 0, Sum: 0, Workers: 4
[2820.980s][debug][gc,phases      ] GC(55)   StringDedup Requests0 Weak     Min:  0.0, Avg:  0.0, Max:  0.0, Diff:  0.0, Sum:  0.0, Workers: 4
[2820.980s][debug][gc,phases      ] GC(55)     Dead                           Min: 0, Avg:  0.0, Max: 0, Diff: 0, Sum: 0, Workers: 4
[2820.980s][debug][gc,phases      ] GC(55)     Total                          Min: 0, Avg:  0.0, Max: 0, Diff: 0, Sum: 0, Workers: 4
[2820.980s][debug][gc,phases      ] GC(55)   StringDedup Requests1 Weak     Min:  0.0, Avg:  0.0, Max:  0.0, Diff:  0.0, Sum:  0.0, Workers: 4
[2820.980s][debug][gc,phases      ] GC(55)     Dead                           Min: 0, Avg:  0.0, Max: 0, Diff: 0, Sum: 0, Workers: 4
[2820.980s][debug][gc,phases      ] GC(55)     Total                          Min: 0, Avg:  0.0, Max: 0, Diff: 0, Sum: 0, Workers: 4
[2820.980s][debug][gc,phases      ] GC(55)   Weak JFR Old Object Samples    Min:  0.0, Avg:  0.0, Max:  0.0, Diff:  0.0, Sum:  0.0, Workers: 4
[2820.980s][debug][gc,phases      ] GC(55)     Dead                           Min: 0, Avg:  0.0, Max: 0, Diff: 0, Sum: 0, Workers: 4
[2820.980s][debug][gc,phases      ] GC(55)     Total                          Min: 0, Avg:  0.0, Max: 0, Diff: 0, Sum: 0, Workers: 4
[2820.980s][debug][gc,phases      ] GC(55) Weak Processing 0.335ms
[2820.980s][debug][gc,age         ] GC(55) Desired survivor size 23068672 bytes, new threshold 1 (max threshold 15)
[2820.980s][info ][gc,heap        ] GC(55) PSYoungGen: 2052048K(2073088K)->2144K(2071040K) Eden: 2046976K(2046976K)->0K(2046976K) From: 5072K(26112K)->2144K(24064K)
[2820.980s][info ][gc,heap        ] GC(55) ParOldGen: 277554K(278016K)->277946K(278016K)
[2820.980s][info ][gc,metaspace   ] GC(55) Metaspace: 106793K(108032K)->106793K(108032K) NonClass: 90549K(91200K)->90549K(91200K) Class: 16243K(16832K)->16243K(16832K)
[2820.980s][info ][gc             ] GC(55) Pause Young (Allocation Failure) 2275M->273M(2294M) 2.209ms
[2820.980s][info ][gc,cpu         ] GC(55) User=0.00s Sys=0.00s Real=0.00s
[2820.980s][info ][safepoint      ] Safepoint "ParallelGCFailedAllocation", Time since last: 1389607662 ns, Reaching safepoint: 5000 ns, Cleanup: 3100 ns, At safepoint: 2260022 ns, Total: 2268122 ns
[2824.981s][info ][safepoint      ] Safepoint "Cleanup", Time since last: 4000326279 ns, Reaching safepoint: 81001 ns, Cleanup: 11900 ns, At safepoint: 6000 ns, Total: 98901 ns
[2830.981s][info ][safepoint      ] Safepoint "Cleanup", Time since last: 6000486365 ns, Reaching safepoint: 6200 ns, Cleanup: 9500 ns, At safepoint: 1600 ns, Total: 17300 ns
[2835.982s][info ][safepoint      ] Safepoint "Cleanup", Time since last: 5000400583 ns, Reaching safepoint: 6400 ns, Cleanup: 9901 ns, At safepoint: 1900 ns, Total: 18201 ns
[2836.982s][info ][safepoint      ] Safepoint "Cleanup", Time since last: 1000128197 ns, Reaching safepoint: 6200 ns, Cleanup: 9900 ns, At safepoint: 2200 ns, Total: 18300 ns
[2862.984s][info ][safepoint      ] Safepoint "Cleanup", Time since last: 26001931788 ns, Reaching safepoint: 6500 ns, Cleanup: 19700 ns, At safepoint: 1900 ns, Total: 28100 ns
[2863.984s][info ][safepoint      ] Safepoint "Cleanup", Time since last: 1000113135 ns, Reaching safepoint: 6200 ns, Cleanup: 13500 ns, At safepoint: 23300 ns, Total: 43000 ns
[2866.984s][info ][safepoint      ] Safepoint "Cleanup", Time since last: 3000239702 ns, Reaching safepoint: 6200 ns, Cleanup: 9600 ns, At safepoint: 2000 ns, Total: 17800 ns
[2885.986s][info ][safepoint      ] Safepoint "Cleanup", Time since last: 19001482767 ns, Reaching safepoint: 5000 ns, Cleanup: 13500 ns, At safepoint: 1900 ns, Total: 20400 ns
[2889.986s][info ][safepoint      ] Safepoint "Cleanup", Time since last: 4000345056 ns, Reaching safepoint: 6000 ns, Cleanup: 9601 ns, At safepoint: 1800 ns, Total: 17401 ns
[2894.473s][info ][gc,start       ] GC(56) Pause Young (Allocation Failure)
[2894.475s][debug][gc,phases      ] GC(56) Scavenge 1.913ms
[2894.475s][debug][gc,ref         ] GC(56) ReferenceProcessor::execute queues: 1, RefProcThreadModel::Single, marks_oops_alive: false
[2894.475s][debug][gc,ref         ] GC(56) Skipped KeepAliveFinalRefsPhase of Reference Processing: no references
[2894.475s][debug][gc,ref         ] GC(56) Skipped PhantomRefsPhase of Reference Processing: no references
[2894.475s][debug][gc,phases      ] GC(56) Reference Processing 0.092ms
[2894.475s][debug][gc,phases      ] GC(56)   VM Weak                        Min:  0.0, Avg:  0.0, Max:  0.0, Diff:  0.0, Sum:  0.0, Workers: 4
[2894.475s][debug][gc,phases      ] GC(56)     Dead                           Min: 0, Avg:  0.0, Max: 0, Diff: 0, Sum: 0, Workers: 4
[2894.475s][debug][gc,phases      ] GC(56)     Total                          Min: 0, Avg: 233.8, Max: 935, Diff: 935, Sum: 935, Workers: 4
[2894.475s][debug][gc,phases      ] GC(56)   ObjectSynchronizer Weak        Min:  0.0, Avg:  0.0, Max:  0.0, Diff:  0.0, Sum:  0.0, Workers: 4
[2894.475s][debug][gc,phases      ] GC(56)     Dead                           Min: 0, Avg:  0.0, Max: 0, Diff: 0, Sum: 0, Workers: 4
[2894.475s][debug][gc,phases      ] GC(56)     Total                          Min: 0, Avg:  0.8, Max: 3, Diff: 3, Sum: 3, Workers: 4
[2894.475s][debug][gc,phases      ] GC(56)   JVMTI Tag Weak OopStorage      Min:  0.0, Avg:  0.0, Max:  0.0, Diff:  0.0, Sum:  0.0, Workers: 4
[2894.475s][debug][gc,phases      ] GC(56)     Dead                           Min: 0, Avg:  0.0, Max: 0, Diff: 0, Sum: 0, Workers: 4
[2894.475s][debug][gc,phases      ] GC(56)     Total                          Min: 0, Avg:  0.0, Max: 0, Diff: 0, Sum: 0, Workers: 4
[2894.475s][debug][gc,phases      ] GC(56)   StringTable Weak               Min:  0.0, Avg:  0.1, Max:  0.1, Diff:  0.1, Sum:  0.4, Workers: 4
[2894.475s][debug][gc,phases      ] GC(56)     Dead                           Min: 0, Avg:  0.0, Max: 0, Diff: 0, Sum: 0, Workers: 4
[2894.475s][debug][gc,phases      ] GC(56)     Total                          Min: 0, Avg: 11947.0, Max: 21055, Diff: 21055, Sum: 47788, Workers: 4
[2894.475s][debug][gc,phases      ] GC(56)   ResolvedMethodTable Weak       Min:  0.0, Avg:  0.0, Max:  0.0, Diff:  0.0, Sum:  0.1, Workers: 4
[2894.475s][debug][gc,phases      ] GC(56)     Dead                           Min: 0, Avg:  4.0, Max: 11, Diff: 11, Sum: 16, Workers: 4
[2894.475s][debug][gc,phases      ] GC(56)     Total                          Min: 0, Avg: 3843.8, Max: 6704, Diff: 6704, Sum: 15375, Workers: 4
[2894.475s][debug][gc,phases      ] GC(56)   JNI Weak                       Min:  0.0, Avg:  0.0, Max:  0.0, Diff:  0.0, Sum:  0.0, Workers: 4
[2894.475s][debug][gc,phases      ] GC(56)     Dead                           Min: 0, Avg:  0.0, Max: 0, Diff: 0, Sum: 0, Workers: 4
[2894.475s][debug][gc,phases      ] GC(56)     Total                          Min: 0, Avg: 13.0, Max: 52, Diff: 52, Sum: 52, Workers: 4
[2894.475s][debug][gc,phases      ] GC(56)   StringDedup Table Weak         Min:  0.0, Avg:  0.0, Max:  0.0, Diff:  0.0, Sum:  0.0, Workers: 4
[2894.475s][debug][gc,phases      ] GC(56)     Dead                           Min: 0, Avg:  0.0, Max: 0, Diff: 0, Sum: 0, Workers: 4
[2894.475s][debug][gc,phases      ] GC(56)     Total                          Min: 0, Avg:  0.0, Max: 0, Diff: 0, Sum: 0, Workers: 4
[2894.475s][debug][gc,phases      ] GC(56)   StringDedup Requests0 Weak     Min:  0.0, Avg:  0.0, Max:  0.0, Diff:  0.0, Sum:  0.0, Workers: 4
[2894.475s][debug][gc,phases      ] GC(56)     Dead                           Min: 0, Avg:  0.0, Max: 0, Diff: 0, Sum: 0, Workers: 4
[2894.475s][debug][gc,phases      ] GC(56)     Total                          Min: 0, Avg:  0.0, Max: 0, Diff: 0, Sum: 0, Workers: 4
[2894.475s][debug][gc,phases      ] GC(56)   StringDedup Requests1 Weak     Min:  0.0, Avg:  0.0, Max:  0.0, Diff:  0.0, Sum:  0.0, Workers: 4
[2894.475s][debug][gc,phases      ] GC(56)     Dead                           Min: 0, Avg:  0.0, Max: 0, Diff: 0, Sum: 0, Workers: 4
[2894.475s][debug][gc,phases      ] GC(56)     Total                          Min: 0, Avg:  0.0, Max: 0, Diff: 0, Sum: 0, Workers: 4
[2894.475s][debug][gc,phases      ] GC(56)   Weak JFR Old Object Samples    Min:  0.0, Avg:  0.0, Max:  0.0, Diff:  0.0, Sum:  0.0, Workers: 4
[2894.475s][debug][gc,phases      ] GC(56)     Dead                           Min: 0, Avg:  0.0, Max: 0, Diff: 0, Sum: 0, Workers: 4
[2894.475s][debug][gc,phases      ] GC(56)     Total                          Min: 0, Avg:  0.0, Max: 0, Diff: 0, Sum: 0, Workers: 4
[2894.475s][debug][gc,phases      ] GC(56) Weak Processing 0.359ms
[2894.475s][debug][gc,age         ] GC(56) Desired survivor size 21495808 bytes, new threshold 1 (max threshold 15)
[2894.475s][info ][gc,heap        ] GC(56) PSYoungGen: 2049120K(2071040K)->1568K(2076160K) Eden: 2046976K(2046976K)->0K(2053632K) From: 2144K(24064K)->1568K(22528K)
[2894.475s][info ][gc,heap        ] GC(56) ParOldGen: 277946K(278016K)->278694K(279040K)
[2894.475s][info ][gc,metaspace   ] GC(56) Metaspace: 106798K(108032K)->106798K(108032K) NonClass: 90555K(91200K)->90555K(91200K) Class: 16243K(16832K)->16243K(16832K)
[2894.475s][info ][gc             ] GC(56) Pause Young (Allocation Failure) 2272M->273M(2300M) 2.454ms
[2894.475s][info ][gc,cpu         ] GC(56) User=0.00s Sys=0.00s Real=0.00s
[2894.475s][info ][safepoint      ] Safepoint "ParallelGCFailedAllocation", Time since last: 4486906581 ns, Reaching safepoint: 6000 ns, Cleanup: 3900 ns, At safepoint: 2533127 ns, Total: 2543027 ns
[2911.477s][info ][safepoint      ] Safepoint "Cleanup", Time since last: 17001214106 ns, Reaching safepoint: 81601 ns, Cleanup: 12600 ns, At safepoint: 5600 ns, Total: 99801 ns
[2933.479s][info ][safepoint      ] Safepoint "Cleanup", Time since last: 22001656153 ns, Reaching safepoint: 78701 ns, Cleanup: 8200 ns, At safepoint: 27000 ns, Total: 113901 ns
[2951.480s][info ][safepoint      ] Safepoint "Cleanup", Time since last: 18001406223 ns, Reaching safepoint: 5600 ns, Cleanup: 8800 ns, At safepoint: 2500 ns, Total: 16900 ns
[2967.579s][info ][gc,start       ] GC(57) Pause Young (Allocation Failure)
[2967.581s][debug][gc,phases      ] GC(57) Scavenge 2.506ms
[2967.581s][debug][gc,ref         ] GC(57) ReferenceProcessor::execute queues: 1, RefProcThreadModel::Single, marks_oops_alive: false
[2967.581s][debug][gc,ref         ] GC(57) Skipped KeepAliveFinalRefsPhase of Reference Processing: no references
[2967.581s][debug][gc,ref         ] GC(57) ReferenceProcessor::execute queues: 1, RefProcThreadModel::Single, marks_oops_alive: false
[2967.581s][debug][gc,phases      ] GC(57) Reference Processing 0.099ms
[2967.582s][debug][gc,phases      ] GC(57)   VM Weak                        Min:  0.0, Avg:  0.0, Max:  0.0, Diff:  0.0, Sum:  0.0, Workers: 4
[2967.582s][debug][gc,phases      ] GC(57)     Dead                           Min: 0, Avg:  0.0, Max: 0, Diff: 0, Sum: 0, Workers: 4
[2967.582s][debug][gc,phases      ] GC(57)     Total                          Min: 0, Avg: 233.8, Max: 512, Diff: 512, Sum: 935, Workers: 4
[2967.582s][debug][gc,phases      ] GC(57)   ObjectSynchronizer Weak        Min:  0.0, Avg:  0.0, Max:  0.0, Diff:  0.0, Sum:  0.0, Workers: 4
[2967.582s][debug][gc,phases      ] GC(57)     Dead                           Min: 0, Avg:  0.0, Max: 0, Diff: 0, Sum: 0, Workers: 4
[2967.582s][debug][gc,phases      ] GC(57)     Total                          Min: 0, Avg:  0.8, Max: 3, Diff: 3, Sum: 3, Workers: 4
[2967.582s][debug][gc,phases      ] GC(57)   JVMTI Tag Weak OopStorage      Min:  0.0, Avg:  0.0, Max:  0.0, Diff:  0.0, Sum:  0.0, Workers: 4
[2967.582s][debug][gc,phases      ] GC(57)     Dead                           Min: 0, Avg:  0.0, Max: 0, Diff: 0, Sum: 0, Workers: 4
[2967.582s][debug][gc,phases      ] GC(57)     Total                          Min: 0, Avg:  0.0, Max: 0, Diff: 0, Sum: 0, Workers: 4
[2967.582s][debug][gc,phases      ] GC(57)   StringTable Weak               Min:  0.0, Avg:  0.1, Max:  0.1, Diff:  0.1, Sum:  0.4, Workers: 4
[2967.582s][debug][gc,phases      ] GC(57)     Dead                           Min: 0, Avg:  0.0, Max: 0, Diff: 0, Sum: 0, Workers: 4
[2967.582s][debug][gc,phases      ] GC(57)     Total                          Min: 0, Avg: 11947.0, Max: 20607, Diff: 20607, Sum: 47788, Workers: 4
[2967.582s][debug][gc,phases      ] GC(57)   ResolvedMethodTable Weak       Min:  0.0, Avg:  0.0, Max:  0.0, Diff:  0.0, Sum:  0.1, Workers: 4
[2967.582s][debug][gc,phases      ] GC(57)     Dead                           Min: 0, Avg:  4.0, Max: 16, Diff: 16, Sum: 16, Workers: 4
[2967.582s][debug][gc,phases      ] GC(57)     Total                          Min: 0, Avg: 3843.8, Max: 6325, Diff: 6325, Sum: 15375, Workers: 4
[2967.582s][debug][gc,phases      ] GC(57)   JNI Weak                       Min:  0.0, Avg:  0.0, Max:  0.0, Diff:  0.0, Sum:  0.0, Workers: 4
[2967.582s][debug][gc,phases      ] GC(57)     Dead                           Min: 0, Avg:  0.0, Max: 0, Diff: 0, Sum: 0, Workers: 4
[2967.582s][debug][gc,phases      ] GC(57)     Total                          Min: 0, Avg: 13.0, Max: 52, Diff: 52, Sum: 52, Workers: 4
[2967.582s][debug][gc,phases      ] GC(57)   StringDedup Table Weak         Min:  0.0, Avg:  0.0, Max:  0.0, Diff:  0.0, Sum:  0.0, Workers: 4
[2967.582s][debug][gc,phases      ] GC(57)     Dead                           Min: 0, Avg:  0.0, Max: 0, Diff: 0, Sum: 0, Workers: 4
[2967.582s][debug][gc,phases      ] GC(57)     Total                          Min: 0, Avg:  0.0, Max: 0, Diff: 0, Sum: 0, Workers: 4
[2967.582s][debug][gc,phases      ] GC(57)   StringDedup Requests0 Weak     Min:  0.0, Avg:  0.0, Max:  0.0, Diff:  0.0, Sum:  0.0, Workers: 4
[2967.582s][debug][gc,phases      ] GC(57)     Dead                           Min: 0, Avg:  0.0, Max: 0, Diff: 0, Sum: 0, Workers: 4
[2967.582s][debug][gc,phases      ] GC(57)     Total                          Min: 0, Avg:  0.0, Max: 0, Diff: 0, Sum: 0, Workers: 4
[2967.582s][debug][gc,phases      ] GC(57)   StringDedup Requests1 Weak     Min:  0.0, Avg:  0.0, Max:  0.0, Diff:  0.0, Sum:  0.0, Workers: 4
[2967.582s][debug][gc,phases      ] GC(57)     Dead                           Min: 0, Avg:  0.0, Max: 0, Diff: 0, Sum: 0, Workers: 4
[2967.582s][debug][gc,phases      ] GC(57)     Total                          Min: 0, Avg:  0.0, Max: 0, Diff: 0, Sum: 0, Workers: 4
[2967.582s][debug][gc,phases      ] GC(57)   Weak JFR Old Object Samples    Min:  0.0, Avg:  0.0, Max:  0.0, Diff:  0.0, Sum:  0.0, Workers: 4
[2967.582s][debug][gc,phases      ] GC(57)     Dead                           Min: 0, Avg:  0.0, Max: 0, Diff: 0, Sum: 0, Workers: 4
[2967.582s][debug][gc,phases      ] GC(57)     Total                          Min: 0, Avg:  0.0, Max: 0, Diff: 0, Sum: 0, Workers: 4
[2967.582s][debug][gc,phases      ] GC(57) Weak Processing 0.357ms
[2967.582s][debug][gc,age         ] GC(57) Desired survivor size 20447232 bytes, new threshold 1 (max threshold 15)
[2967.582s][info ][gc,heap        ] GC(57) PSYoungGen: 2055200K(2076160K)->4816K(2074624K) Eden: 2053632K(2053632K)->0K(2053632K) From: 1568K(22528K)->4816K(20992K)
[2967.582s][info ][gc,heap        ] GC(57) ParOldGen: 278694K(279040K)->279030K(279040K)
[2967.582s][info ][gc,metaspace   ] GC(57) Metaspace: 106806K(108096K)->106806K(108096K) NonClass: 90562K(91264K)->90562K(91264K) Class: 16243K(16832K)->16243K(16832K)
[2967.582s][info ][gc             ] GC(57) Pause Young (Allocation Failure) 2279M->277M(2298M) 3.062ms
[2967.582s][info ][gc,cpu         ] GC(57) User=0.01s Sys=0.00s Real=0.01s
[2967.582s][info ][safepoint      ] Safepoint "ParallelGCFailedAllocation", Time since last: 16098724442 ns, Reaching safepoint: 83501 ns, Cleanup: 4000 ns, At safepoint: 3137133 ns, Total: 3224634 ns
[2971.582s][info ][safepoint      ] Safepoint "Cleanup", Time since last: 4000298845 ns, Reaching safepoint: 5700 ns, Cleanup: 9300 ns, At safepoint: 1900 ns, Total: 16900 ns
[3004.585s][info ][safepoint      ] Safepoint "Cleanup", Time since last: 33002355260 ns, Reaching safepoint: 5200 ns, Cleanup: 12700 ns, At safepoint: 2000 ns, Total: 19900 ns
[3008.585s][info ][safepoint      ] Safepoint "Cleanup", Time since last: 4000322823 ns, Reaching safepoint: 5900 ns, Cleanup: 21200 ns, At safepoint: 2000 ns, Total: 29100 ns
[3017.586s][info ][safepoint      ] Safepoint "Cleanup", Time since last: 9000696756 ns, Reaching safepoint: 79101 ns, Cleanup: 9200 ns, At safepoint: 5400 ns, Total: 93701 ns
[3035.587s][info ][safepoint      ] Safepoint "Cleanup", Time since last: 18001353870 ns, Reaching safepoint: 6400 ns, Cleanup: 9200 ns, At safepoint: 1900 ns, Total: 17500 ns
[3036.587s][info ][safepoint      ] Safepoint "Cleanup", Time since last: 1000114797 ns, Reaching safepoint: 7500 ns, Cleanup: 20900 ns, At safepoint: 1900 ns, Total: 30300 ns
[3037.587s][info ][safepoint      ] Safepoint "Cleanup", Time since last: 1000111597 ns, Reaching safepoint: 5400 ns, Cleanup: 6600 ns, At safepoint: 1900 ns, Total: 13900 ns
[3038.588s][info ][safepoint      ] Safepoint "Cleanup", Time since last: 1000098436 ns, Reaching safepoint: 6000 ns, Cleanup: 31200 ns, At safepoint: 1900 ns, Total: 39100 ns
[3039.588s][info ][safepoint      ] Safepoint "Cleanup", Time since last: 1000111370 ns, Reaching safepoint: 6100 ns, Cleanup: 9100 ns, At safepoint: 1700 ns, Total: 16900 ns
[3040.502s][info ][gc,start       ] GC(58) Pause Young (Allocation Failure)
[3040.505s][debug][gc,phases      ] GC(58) Scavenge 2.476ms
[3040.505s][debug][gc,ref         ] GC(58) ReferenceProcessor::execute queues: 1, RefProcThreadModel::Single, marks_oops_alive: false
[3040.505s][debug][gc,ref         ] GC(58) Skipped KeepAliveFinalRefsPhase of Reference Processing: no references
[3040.505s][debug][gc,ref         ] GC(58) ReferenceProcessor::execute queues: 1, RefProcThreadModel::Single, marks_oops_alive: false
[3040.505s][debug][gc,phases      ] GC(58) Reference Processing 0.094ms
[3040.505s][debug][gc,phases      ] GC(58)   VM Weak                        Min:  0.0, Avg:  0.0, Max:  0.0, Diff:  0.0, Sum:  0.0, Workers: 4
[3040.505s][debug][gc,phases      ] GC(58)     Dead                           Min: 0, Avg:  0.0, Max: 0, Diff: 0, Sum: 0, Workers: 4
[3040.505s][debug][gc,phases      ] GC(58)     Total                          Min: 0, Avg: 233.8, Max: 384, Diff: 384, Sum: 935, Workers: 4
[3040.505s][debug][gc,phases      ] GC(58)   ObjectSynchronizer Weak        Min:  0.0, Avg:  0.0, Max:  0.0, Diff:  0.0, Sum:  0.0, Workers: 4
[3040.505s][debug][gc,phases      ] GC(58)     Dead                           Min: 0, Avg:  0.0, Max: 0, Diff: 0, Sum: 0, Workers: 4
[3040.505s][debug][gc,phases      ] GC(58)     Total                          Min: 0, Avg:  1.0, Max: 4, Diff: 4, Sum: 4, Workers: 4
[3040.505s][debug][gc,phases      ] GC(58)   JVMTI Tag Weak OopStorage      Min:  0.0, Avg:  0.0, Max:  0.0, Diff:  0.0, Sum:  0.0, Workers: 4
[3040.505s][debug][gc,phases      ] GC(58)     Dead                           Min: 0, Avg:  0.0, Max: 0, Diff: 0, Sum: 0, Workers: 4
[3040.505s][debug][gc,phases      ] GC(58)     Total                          Min: 0, Avg:  0.0, Max: 0, Diff: 0, Sum: 0, Workers: 4
[3040.505s][debug][gc,phases      ] GC(58)   StringTable Weak               Min:  0.0, Avg:  0.1, Max:  0.1, Diff:  0.1, Sum:  0.4, Workers: 4
[3040.505s][debug][gc,phases      ] GC(58)     Dead                           Min: 0, Avg:  0.0, Max: 0, Diff: 0, Sum: 0, Workers: 4
[3040.505s][debug][gc,phases      ] GC(58)     Total                          Min: 0, Avg: 11947.2, Max: 21102, Diff: 21102, Sum: 47789, Workers: 4
[3040.505s][debug][gc,phases      ] GC(58)   ResolvedMethodTable Weak       Min:  0.0, Avg:  0.0, Max:  0.0, Diff:  0.0, Sum:  0.1, Workers: 4
[3040.505s][debug][gc,phases      ] GC(58)     Dead                           Min: 0, Avg:  4.0, Max: 16, Diff: 16, Sum: 16, Workers: 4
[3040.505s][debug][gc,phases      ] GC(58)     Total                          Min: 0, Avg: 3843.8, Max: 6703, Diff: 6703, Sum: 15375, Workers: 4
[3040.505s][debug][gc,phases      ] GC(58)   JNI Weak                       Min:  0.0, Avg:  0.0, Max:  0.0, Diff:  0.0, Sum:  0.0, Workers: 4
[3040.505s][debug][gc,phases      ] GC(58)     Dead                           Min: 0, Avg:  0.0, Max: 0, Diff: 0, Sum: 0, Workers: 4
[3040.505s][debug][gc,phases      ] GC(58)     Total                          Min: 0, Avg: 13.0, Max: 52, Diff: 52, Sum: 52, Workers: 4
[3040.505s][debug][gc,phases      ] GC(58)   StringDedup Table Weak         Min:  0.0, Avg:  0.0, Max:  0.0, Diff:  0.0, Sum:  0.0, Workers: 4
[3040.505s][debug][gc,phases      ] GC(58)     Dead                           Min: 0, Avg:  0.0, Max: 0, Diff: 0, Sum: 0, Workers: 4
[3040.505s][debug][gc,phases      ] GC(58)     Total                          Min: 0, Avg:  0.0, Max: 0, Diff: 0, Sum: 0, Workers: 4
[3040.505s][debug][gc,phases      ] GC(58)   StringDedup Requests0 Weak     Min:  0.0, Avg:  0.0, Max:  0.0, Diff:  0.0, Sum:  0.0, Workers: 4
[3040.505s][debug][gc,phases      ] GC(58)     Dead                           Min: 0, Avg:  0.0, Max: 0, Diff: 0, Sum: 0, Workers: 4
[3040.505s][debug][gc,phases      ] GC(58)     Total                          Min: 0, Avg:  0.0, Max: 0, Diff: 0, Sum: 0, Workers: 4
[3040.505s][debug][gc,phases      ] GC(58)   StringDedup Requests1 Weak     Min:  0.0, Avg:  0.0, Max:  0.0, Diff:  0.0, Sum:  0.0, Workers: 4
[3040.505s][debug][gc,phases      ] GC(58)     Dead                           Min: 0, Avg:  0.0, Max: 0, Diff: 0, Sum: 0, Workers: 4
[3040.505s][debug][gc,phases      ] GC(58)     Total                          Min: 0, Avg:  0.0, Max: 0, Diff: 0, Sum: 0, Workers: 4
[3040.505s][debug][gc,phases      ] GC(58)   Weak JFR Old Object Samples    Min:  0.0, Avg:  0.0, Max:  0.0, Diff:  0.0, Sum:  0.0, Workers: 4
[3040.505s][debug][gc,phases      ] GC(58)     Dead                           Min: 0, Avg:  0.0, Max: 0, Diff: 0, Sum: 0, Workers: 4
[3040.505s][debug][gc,phases      ] GC(58)     Total                          Min: 0, Avg:  0.0, Max: 0, Diff: 0, Sum: 0, Workers: 4
[3040.505s][debug][gc,phases      ] GC(58) Weak Processing 0.356ms
[3040.505s][debug][gc,age         ] GC(58) Desired survivor size 18874368 bytes, new threshold 1 (max threshold 15)
[3040.505s][info ][gc,heap        ] GC(58) PSYoungGen: 2058448K(2074624K)->2064K(2078720K) Eden: 2053632K(2053632K)->0K(2058752K) From: 4816K(20992K)->2064K(19968K)
[3040.505s][info ][gc,heap        ] GC(58) ParOldGen: 279030K(279040K)->279786K(280064K)
[3040.505s][info ][gc,metaspace   ] GC(58) Metaspace: 106846K(108096K)->106846K(108096K) NonClass: 90602K(91264K)->90602K(91264K) Class: 16243K(16832K)->16243K(16832K)
[3040.505s][info ][gc             ] GC(58) Pause Young (Allocation Failure) 2282M->275M(2303M) 3.034ms
[3040.505s][info ][gc,cpu         ] GC(58) User=0.01s Sys=0.00s Real=0.00s
[3040.505s][info ][safepoint      ] Safepoint "ParallelGCFailedAllocation", Time since last: 914388655 ns, Reaching safepoint: 7701 ns, Cleanup: 13100 ns, At safepoint: 3102433 ns, Total: 3123234 ns
[3041.505s][info ][safepoint      ] Safepoint "Cleanup", Time since last: 1000087869 ns, Reaching safepoint: 6100 ns, Cleanup: 10500 ns, At safepoint: 2000 ns, Total: 18600 ns
[3042.505s][info ][safepoint      ] Safepoint "Cleanup", Time since last: 1000110770 ns, Reaching safepoint: 5700 ns, Cleanup: 12100 ns, At safepoint: 1901 ns, Total: 19701 ns
[3043.505s][info ][safepoint      ] Safepoint "Cleanup", Time since last: 1000098169 ns, Reaching safepoint: 5600 ns, Cleanup: 10300 ns, At safepoint: 1700 ns, Total: 17600 ns
[3044.506s][info ][safepoint      ] Safepoint "Cleanup", Time since last: 1000094570 ns, Reaching safepoint: 5800 ns, Cleanup: 9100 ns, At safepoint: 1900 ns, Total: 16800 ns
[3045.506s][info ][safepoint      ] Safepoint "Cleanup", Time since last: 1000097270 ns, Reaching safepoint: 5600 ns, Cleanup: 19100 ns, At safepoint: 1700 ns, Total: 26400 ns
[3047.506s][info ][safepoint      ] Safepoint "Cleanup", Time since last: 2000178912 ns, Reaching safepoint: 5600 ns, Cleanup: 14801 ns, At safepoint: 1800 ns, Total: 22201 ns
[3049.506s][info ][safepoint      ] Safepoint "Cleanup", Time since last: 2000162840 ns, Reaching safepoint: 5500 ns, Cleanup: 10400 ns, At safepoint: 1900 ns, Total: 17800 ns
[3050.506s][info ][safepoint      ] Safepoint "Cleanup", Time since last: 1000100470 ns, Reaching safepoint: 5700 ns, Cleanup: 11200 ns, At safepoint: 1700 ns, Total: 18600 ns
[3051.506s][info ][safepoint      ] Safepoint "Cleanup", Time since last: 1000097270 ns, Reaching safepoint: 5700 ns, Cleanup: 15600 ns, At safepoint: 2100 ns, Total: 23400 ns
[3052.506s][info ][safepoint      ] Safepoint "Cleanup", Time since last: 1000101471 ns, Reaching safepoint: 6300 ns, Cleanup: 9400 ns, At safepoint: 1600 ns, Total: 17300 ns
[3055.507s][info ][safepoint      ] Safepoint "Cleanup", Time since last: 3000245131 ns, Reaching safepoint: 5800 ns, Cleanup: 33300 ns, At safepoint: 1800 ns, Total: 40900 ns
[3057.507s][info ][safepoint      ] Safepoint "Cleanup", Time since last: 2000187377 ns, Reaching safepoint: 5100 ns, Cleanup: 37301 ns, At safepoint: 1600 ns, Total: 44001 ns
[3059.507s][info ][safepoint      ] Safepoint "Cleanup", Time since last: 2000166977 ns, Reaching safepoint: 5600 ns, Cleanup: 21300 ns, At safepoint: 2000 ns, Total: 28900 ns
[3060.507s][info ][safepoint      ] Safepoint "Cleanup", Time since last: 1000097989 ns, Reaching safepoint: 6100 ns, Cleanup: 8800 ns, At safepoint: 1700 ns, Total: 16600 ns
[3061.982s][info ][safepoint      ] Safepoint "Cleanup", Time since last: 1474824367 ns, Reaching safepoint: 6200 ns, Cleanup: 17701 ns, At safepoint: 1900 ns, Total: 25801 ns
[3062.982s][info ][safepoint      ] Safepoint "Cleanup", Time since last: 1000122091 ns, Reaching safepoint: 6600 ns, Cleanup: 11300 ns, At safepoint: 1800 ns, Total: 19700 ns
[3063.982s][info ][safepoint      ] Safepoint "Cleanup", Time since last: 1000111045 ns, Reaching safepoint: 6700 ns, Cleanup: 10501 ns, At safepoint: 2400 ns, Total: 19601 ns
[3065.983s][info ][safepoint      ] Safepoint "Cleanup", Time since last: 2000177490 ns, Reaching safepoint: 7100 ns, Cleanup: 10400 ns, At safepoint: 2300 ns, Total: 19800 ns
[3068.983s][info ][safepoint      ] Safepoint "Cleanup", Time since last: 3000275700 ns, Reaching safepoint: 6500 ns, Cleanup: 10000 ns, At safepoint: 1900 ns, Total: 18400 ns
[3069.983s][info ][safepoint      ] Safepoint "Cleanup", Time since last: 1000113116 ns, Reaching safepoint: 6600 ns, Cleanup: 37301 ns, At safepoint: 1900 ns, Total: 45801 ns
[3070.983s][info ][safepoint      ] Safepoint "Cleanup", Time since last: 1000108601 ns, Reaching safepoint: 6400 ns, Cleanup: 45000 ns, At safepoint: 2000 ns, Total: 53400 ns
[3073.984s][info ][safepoint      ] Safepoint "Cleanup", Time since last: 3000255770 ns, Reaching safepoint: 6500 ns, Cleanup: 12300 ns, At safepoint: 1900 ns, Total: 20700 ns
[3074.984s][info ][safepoint      ] Safepoint "Cleanup", Time since last: 1000114591 ns, Reaching safepoint: 6500 ns, Cleanup: 17200 ns, At safepoint: 2300 ns, Total: 26000 ns
[3075.984s][info ][safepoint      ] Safepoint "Cleanup", Time since last: 1000129790 ns, Reaching safepoint: 6200 ns, Cleanup: 9300 ns, At safepoint: 2300 ns, Total: 17800 ns
[3079.984s][info ][safepoint      ] Safepoint "Cleanup", Time since last: 4000320551 ns, Reaching safepoint: 6300 ns, Cleanup: 17700 ns, At safepoint: 2201 ns, Total: 26201 ns
[3080.984s][info ][safepoint      ] Safepoint "Cleanup", Time since last: 1000127584 ns, Reaching safepoint: 6200 ns, Cleanup: 8101 ns, At safepoint: 1700 ns, Total: 16001 ns
[3081.984s][info ][safepoint      ] Safepoint "Cleanup", Time since last: 1000102784 ns, Reaching safepoint: 5900 ns, Cleanup: 8300 ns, At safepoint: 1700 ns, Total: 15900 ns
[3082.985s][info ][safepoint      ] Safepoint "Cleanup", Time since last: 1000104685 ns, Reaching safepoint: 6500 ns, Cleanup: 19800 ns, At safepoint: 2200 ns, Total: 28500 ns
[3083.985s][info ][safepoint      ] Safepoint "Cleanup", Time since last: 1000110485 ns, Reaching safepoint: 5900 ns, Cleanup: 9800 ns, At safepoint: 2000 ns, Total: 17700 ns
[3084.985s][info ][safepoint      ] Safepoint "Cleanup", Time since last: 1000111585 ns, Reaching safepoint: 5700 ns, Cleanup: 20200 ns, At safepoint: 1800 ns, Total: 27700 ns
[3086.985s][info ][safepoint      ] Safepoint "Cleanup", Time since last: 2000175880 ns, Reaching safepoint: 6300 ns, Cleanup: 12800 ns, At safepoint: 1800 ns, Total: 20900 ns
[3087.985s][info ][safepoint      ] Safepoint "Cleanup", Time since last: 1000110428 ns, Reaching safepoint: 6400 ns, Cleanup: 9300 ns, At safepoint: 2000 ns, Total: 17700 ns
[3088.985s][info ][safepoint      ] Safepoint "Cleanup", Time since last: 1000112728 ns, Reaching safepoint: 5400 ns, Cleanup: 13000 ns, At safepoint: 1800 ns, Total: 20200 ns
[3089.985s][info ][safepoint      ] Safepoint "Cleanup", Time since last: 1000104328 ns, Reaching safepoint: 6000 ns, Cleanup: 10300 ns, At safepoint: 2000 ns, Total: 18300 ns
[3093.986s][info ][safepoint      ] Safepoint "Cleanup", Time since last: 4000309910 ns, Reaching safepoint: 6600 ns, Cleanup: 14400 ns, At safepoint: 1800 ns, Total: 22800 ns
[3097.577s][info ][gc,start       ] GC(59) Pause Young (Allocation Failure)
[3097.584s][debug][gc,phases      ] GC(59) Scavenge 6.098ms
[3097.584s][debug][gc,ref         ] GC(59) ReferenceProcessor::execute queues: 1, RefProcThreadModel::Single, marks_oops_alive: false
[3097.584s][debug][gc,ref         ] GC(59) Skipped KeepAliveFinalRefsPhase of Reference Processing: no references
[3097.584s][debug][gc,ref         ] GC(59) ReferenceProcessor::execute queues: 1, RefProcThreadModel::Single, marks_oops_alive: false
[3097.584s][debug][gc,phases      ] GC(59) Reference Processing 0.095ms
[3097.584s][debug][gc,phases      ] GC(59)   VM Weak                        Min:  0.0, Avg:  0.0, Max:  0.0, Diff:  0.0, Sum:  0.0, Workers: 4
[3097.584s][debug][gc,phases      ] GC(59)     Dead                           Min: 0, Avg:  0.0, Max: 0, Diff: 0, Sum: 0, Workers: 4
[3097.584s][debug][gc,phases      ] GC(59)     Total                          Min: 0, Avg: 233.8, Max: 448, Diff: 448, Sum: 935, Workers: 4
[3097.584s][debug][gc,phases      ] GC(59)   ObjectSynchronizer Weak        Min:  0.0, Avg:  0.0, Max:  0.0, Diff:  0.0, Sum:  0.0, Workers: 4
[3097.584s][debug][gc,phases      ] GC(59)     Dead                           Min: 0, Avg:  0.0, Max: 0, Diff: 0, Sum: 0, Workers: 4
[3097.584s][debug][gc,phases      ] GC(59)     Total                          Min: 0, Avg:  1.0, Max: 4, Diff: 4, Sum: 4, Workers: 4
[3097.584s][debug][gc,phases      ] GC(59)   JVMTI Tag Weak OopStorage      Min:  0.0, Avg:  0.0, Max:  0.0, Diff:  0.0, Sum:  0.0, Workers: 4
[3097.584s][debug][gc,phases      ] GC(59)     Dead                           Min: 0, Avg:  0.0, Max: 0, Diff: 0, Sum: 0, Workers: 4
[3097.584s][debug][gc,phases      ] GC(59)     Total                          Min: 0, Avg:  0.0, Max: 0, Diff: 0, Sum: 0, Workers: 4
[3097.584s][debug][gc,phases      ] GC(59)   StringTable Weak               Min:  0.1, Avg:  0.1, Max:  0.1, Diff:  0.0, Sum:  0.5, Workers: 4
[3097.584s][debug][gc,phases      ] GC(59)     Dead                           Min: 0, Avg:  0.0, Max: 0, Diff: 0, Sum: 0, Workers: 4
[3097.584s][debug][gc,phases      ] GC(59)     Total                          Min: 11712, Avg: 11951.0, Max: 12032, Diff: 320, Sum: 47804, Workers: 4
[3097.584s][debug][gc,phases      ] GC(59)   ResolvedMethodTable Weak       Min:  0.0, Avg:  0.0, Max:  0.0, Diff:  0.0, Sum:  0.2, Workers: 4
[3097.584s][debug][gc,phases      ] GC(59)     Dead                           Min: 0, Avg:  4.0, Max: 16, Diff: 16, Sum: 16, Workers: 4
[3097.584s][debug][gc,phases      ] GC(59)     Total                          Min: 3724, Avg: 3844.2, Max: 3958, Diff: 234, Sum: 15377, Workers: 4
[3097.584s][debug][gc,phases      ] GC(59)   JNI Weak                       Min:  0.0, Avg:  0.0, Max:  0.0, Diff:  0.0, Sum:  0.0, Workers: 4
[3097.584s][debug][gc,phases      ] GC(59)     Dead                           Min: 0, Avg:  0.0, Max: 0, Diff: 0, Sum: 0, Workers: 4
[3097.584s][debug][gc,phases      ] GC(59)     Total                          Min: 0, Avg: 13.0, Max: 52, Diff: 52, Sum: 52, Workers: 4
[3097.584s][debug][gc,phases      ] GC(59)   StringDedup Table Weak         Min:  0.0, Avg:  0.0, Max:  0.0, Diff:  0.0, Sum:  0.0, Workers: 4
[3097.584s][debug][gc,phases      ] GC(59)     Dead                           Min: 0, Avg:  0.0, Max: 0, Diff: 0, Sum: 0, Workers: 4
[3097.584s][debug][gc,phases      ] GC(59)     Total                          Min: 0, Avg:  0.0, Max: 0, Diff: 0, Sum: 0, Workers: 4
[3097.584s][debug][gc,phases      ] GC(59)   StringDedup Requests0 Weak     Min:  0.0, Avg:  0.0, Max:  0.0, Diff:  0.0, Sum:  0.0, Workers: 4
[3097.584s][debug][gc,phases      ] GC(59)     Dead                           Min: 0, Avg:  0.0, Max: 0, Diff: 0, Sum: 0, Workers: 4
[3097.584s][debug][gc,phases      ] GC(59)     Total                          Min: 0, Avg:  0.0, Max: 0, Diff: 0, Sum: 0, Workers: 4
[3097.584s][debug][gc,phases      ] GC(59)   StringDedup Requests1 Weak     Min:  0.0, Avg:  0.0, Max:  0.0, Diff:  0.0, Sum:  0.0, Workers: 4
[3097.584s][debug][gc,phases      ] GC(59)     Dead                           Min: 0, Avg:  0.0, Max: 0, Diff: 0, Sum: 0, Workers: 4
[3097.584s][debug][gc,phases      ] GC(59)     Total                          Min: 0, Avg:  0.0, Max: 0, Diff: 0, Sum: 0, Workers: 4
[3097.584s][debug][gc,phases      ] GC(59)   Weak JFR Old Object Samples    Min:  0.0, Avg:  0.0, Max:  0.0, Diff:  0.0, Sum:  0.0, Workers: 4
[3097.584s][debug][gc,phases      ] GC(59)     Dead                           Min: 0, Avg:  0.0, Max: 0, Diff: 0, Sum: 0, Workers: 4
[3097.584s][debug][gc,phases      ] GC(59)     Total                          Min: 0, Avg:  0.0, Max: 0, Diff: 0, Sum: 0, Workers: 4
[3097.584s][debug][gc,phases      ] GC(59) Weak Processing 0.333ms
[3097.584s][debug][gc,age         ] GC(59) Desired survivor size 20447232 bytes, new threshold 1 (max threshold 15)
[3097.584s][info ][gc,heap        ] GC(59) PSYoungGen: 2060816K(2078720K)->11456K(2077184K) Eden: 2058752K(2058752K)->0K(2058752K) From: 2064K(19968K)->11456K(18432K)
[3097.584s][info ][gc,heap        ] GC(59) ParOldGen: 279786K(280064K)->280046K(280064K)
[3097.584s][info ][gc,metaspace   ] GC(59) Metaspace: 106910K(108224K)->106910K(108224K) NonClass: 90666K(91392K)->90666K(91392K) Class: 16244K(16832K)->16244K(16832K)
[3097.584s][info ][gc             ] GC(59) Pause Young (Allocation Failure) 2285M->284M(2302M) 6.630ms
[3097.584s][info ][gc,cpu         ] GC(59) User=0.02s Sys=0.00s Real=0.01s
[3097.584s][info ][safepoint      ] Safepoint "ParallelGCFailedAllocation", Time since last: 3591556803 ns, Reaching safepoint: 82900 ns, Cleanup: 10001 ns, At safepoint: 6709970 ns, Total: 6802871 ns
[3099.584s][info ][safepoint      ] Safepoint "Cleanup", Time since last: 2000162989 ns, Reaching safepoint: 6000 ns, Cleanup: 8900 ns, At safepoint: 1900 ns, Total: 16800 ns
[3100.584s][info ][safepoint      ] Safepoint "Cleanup", Time since last: 1000108245 ns, Reaching safepoint: 5000 ns, Cleanup: 18501 ns, At safepoint: 2200 ns, Total: 25701 ns
[3103.585s][info ][safepoint      ] Safepoint "Cleanup", Time since last: 3000245681 ns, Reaching safepoint: 6500 ns, Cleanup: 33201 ns, At safepoint: 2200 ns, Total: 41901 ns
[3104.585s][info ][safepoint      ] Safepoint "Cleanup", Time since last: 1000110841 ns, Reaching safepoint: 5600 ns, Cleanup: 8200 ns, At safepoint: 1500 ns, Total: 15300 ns
[3107.154s][info ][safepoint      ] Safepoint "Cleanup", Time since last: 2569095754 ns, Reaching safepoint: 3500 ns, Cleanup: 12300 ns, At safepoint: 9100 ns, Total: 24900 ns
[3108.156s][info ][safepoint      ] Safepoint "Cleanup", Time since last: 1002438364 ns, Reaching safepoint: 6300 ns, Cleanup: 34400 ns, At safepoint: 2300 ns, Total: 43000 ns
[3109.157s][info ][safepoint      ] Safepoint "Cleanup", Time since last: 1000112377 ns, Reaching safepoint: 6300 ns, Cleanup: 12100 ns, At safepoint: 22601 ns, Total: 41001 ns
[3110.157s][info ][safepoint      ] Safepoint "Cleanup", Time since last: 1000098527 ns, Reaching safepoint: 4800 ns, Cleanup: 20900 ns, At safepoint: 1500 ns, Total: 27200 ns
[3111.157s][info ][safepoint      ] Safepoint "Cleanup", Time since last: 1000098411 ns, Reaching safepoint: 6500 ns, Cleanup: 12200 ns, At safepoint: 2100 ns, Total: 20800 ns
[3114.157s][info ][safepoint      ] Safepoint "Cleanup", Time since last: 3000250512 ns, Reaching safepoint: 5500 ns, Cleanup: 14900 ns, At safepoint: 1700 ns, Total: 22100 ns
[3115.157s][info ][safepoint      ] Safepoint "Cleanup", Time since last: 1000133705 ns, Reaching safepoint: 7100 ns, Cleanup: 11000 ns, At safepoint: 2200 ns, Total: 20300 ns
[3116.157s][info ][safepoint      ] Safepoint "Cleanup", Time since last: 1000112604 ns, Reaching safepoint: 5800 ns, Cleanup: 26101 ns, At safepoint: 2000 ns, Total: 33901 ns
[3117.158s][info ][safepoint      ] Safepoint "Cleanup", Time since last: 1000103504 ns, Reaching safepoint: 7200 ns, Cleanup: 10900 ns, At safepoint: 1700 ns, Total: 19800 ns
[3118.158s][info ][safepoint      ] Safepoint "Cleanup", Time since last: 1000118004 ns, Reaching safepoint: 6300 ns, Cleanup: 22000 ns, At safepoint: 2600 ns, Total: 30900 ns
[3119.158s][info ][safepoint      ] Safepoint "Cleanup", Time since last: 1000130717 ns, Reaching safepoint: 6100 ns, Cleanup: 9500 ns, At safepoint: 2200 ns, Total: 17800 ns
[3120.158s][info ][safepoint      ] Safepoint "Cleanup", Time since last: 1000141538 ns, Reaching safepoint: 6700 ns, Cleanup: 13600 ns, At safepoint: 2200 ns, Total: 22500 ns
[3122.000s][info ][safepoint      ] Safepoint "Cleanup", Time since last: 1842077556 ns, Reaching safepoint: 5700 ns, Cleanup: 9200 ns, At safepoint: 2100 ns, Total: 17000 ns
[3125.000s][info ][safepoint      ] Safepoint "Cleanup", Time since last: 3000255811 ns, Reaching safepoint: 6800 ns, Cleanup: 13700 ns, At safepoint: 2100 ns, Total: 22600 ns
[3126.000s][info ][safepoint      ] Safepoint "Cleanup", Time since last: 1000115837 ns, Reaching safepoint: 6600 ns, Cleanup: 10000 ns, At safepoint: 2200 ns, Total: 18800 ns
[3128.001s][info ][safepoint      ] Safepoint "Cleanup", Time since last: 2000186998 ns, Reaching safepoint: 6500 ns, Cleanup: 22700 ns, At safepoint: 2000 ns, Total: 31200 ns
[3131.001s][info ][safepoint      ] Safepoint "Cleanup", Time since last: 3000279662 ns, Reaching safepoint: 6900 ns, Cleanup: 11400 ns, At safepoint: 2200 ns, Total: 20500 ns
[3132.001s][info ][safepoint      ] Safepoint "Cleanup", Time since last: 1000113487 ns, Reaching safepoint: 7200 ns, Cleanup: 15401 ns, At safepoint: 2000 ns, Total: 24601 ns
[3133.001s][info ][safepoint      ] Safepoint "Cleanup", Time since last: 1000111287 ns, Reaching safepoint: 7000 ns, Cleanup: 11600 ns, At safepoint: 2200 ns, Total: 20800 ns
[3134.001s][info ][safepoint      ] Safepoint "Cleanup", Time since last: 1000116988 ns, Reaching safepoint: 6000 ns, Cleanup: 26200 ns, At safepoint: 2100 ns, Total: 34300 ns
[3135.002s][info ][safepoint      ] Safepoint "Cleanup", Time since last: 1000142282 ns, Reaching safepoint: 6400 ns, Cleanup: 23501 ns, At safepoint: 2000 ns, Total: 31901 ns
[3136.002s][info ][safepoint      ] Safepoint "Cleanup", Time since last: 1000113366 ns, Reaching safepoint: 6600 ns, Cleanup: 12101 ns, At safepoint: 1900 ns, Total: 20601 ns
[3137.002s][info ][safepoint      ] Safepoint "Cleanup", Time since last: 1000113566 ns, Reaching safepoint: 6800 ns, Cleanup: 19001 ns, At safepoint: 2300 ns, Total: 28101 ns
[3138.002s][info ][safepoint      ] Safepoint "Cleanup", Time since last: 1000127667 ns, Reaching safepoint: 6300 ns, Cleanup: 14700 ns, At safepoint: 2100 ns, Total: 23100 ns
[3139.002s][info ][safepoint      ] Safepoint "Cleanup", Time since last: 1000138167 ns, Reaching safepoint: 6400 ns, Cleanup: 14700 ns, At safepoint: 2200 ns, Total: 23300 ns
[3140.002s][info ][safepoint      ] Safepoint "Cleanup", Time since last: 1000110667 ns, Reaching safepoint: 6800 ns, Cleanup: 9800 ns, At safepoint: 25200 ns, Total: 41800 ns
[3140.925s][info ][gc,start       ] GC(60) Pause Young (Allocation Failure)
[3140.936s][debug][gc,phases      ] GC(60) Scavenge 10.672ms
[3140.936s][debug][gc,ref         ] GC(60) ReferenceProcessor::execute queues: 1, RefProcThreadModel::Single, marks_oops_alive: false
[3140.936s][debug][gc,ref         ] GC(60) Skipped KeepAliveFinalRefsPhase of Reference Processing: no references
[3140.936s][debug][gc,ref         ] GC(60) ReferenceProcessor::execute queues: 1, RefProcThreadModel::Single, marks_oops_alive: false
[3140.936s][debug][gc,phases      ] GC(60) Reference Processing 0.097ms
[3140.936s][debug][gc,phases      ] GC(60)   VM Weak                        Min:  0.0, Avg:  0.0, Max:  0.0, Diff:  0.0, Sum:  0.0, Workers: 4
[3140.936s][debug][gc,phases      ] GC(60)     Dead                           Min: 0, Avg:  0.0, Max: 0, Diff: 0, Sum: 0, Workers: 4
[3140.936s][debug][gc,phases      ] GC(60)     Total                          Min: 0, Avg: 234.8, Max: 640, Diff: 640, Sum: 939, Workers: 4
[3140.936s][debug][gc,phases      ] GC(60)   ObjectSynchronizer Weak        Min:  0.0, Avg:  0.0, Max:  0.0, Diff:  0.0, Sum:  0.0, Workers: 4
[3140.936s][debug][gc,phases      ] GC(60)     Dead                           Min: 0, Avg:  0.0, Max: 0, Diff: 0, Sum: 0, Workers: 4
[3140.936s][debug][gc,phases      ] GC(60)     Total                          Min: 0, Avg:  1.0, Max: 4, Diff: 4, Sum: 4, Workers: 4
[3140.936s][debug][gc,phases      ] GC(60)   JVMTI Tag Weak OopStorage      Min:  0.0, Avg:  0.0, Max:  0.0, Diff:  0.0, Sum:  0.0, Workers: 4
[3140.936s][debug][gc,phases      ] GC(60)     Dead                           Min: 0, Avg:  0.0, Max: 0, Diff: 0, Sum: 0, Workers: 4
[3140.936s][debug][gc,phases      ] GC(60)     Total                          Min: 0, Avg:  0.0, Max: 0, Diff: 0, Sum: 0, Workers: 4
[3140.936s][debug][gc,phases      ] GC(60)   StringTable Weak               Min:  0.0, Avg:  0.1, Max:  0.1, Diff:  0.1, Sum:  0.4, Workers: 4
[3140.936s][debug][gc,phases      ] GC(60)     Dead                           Min: 0, Avg:  0.2, Max: 1, Diff: 1, Sum: 1, Workers: 4
[3140.936s][debug][gc,phases      ] GC(60)     Total                          Min: 0, Avg: 11965.2, Max: 18495, Diff: 18495, Sum: 47861, Workers: 4
[3140.936s][debug][gc,phases      ] GC(60)   ResolvedMethodTable Weak       Min:  0.0, Avg:  0.0, Max:  0.1, Diff:  0.1, Sum:  0.1, Workers: 4
[3140.937s][debug][gc,phases      ] GC(60)     Dead                           Min: 0, Avg:  6.5, Max: 20, Diff: 20, Sum: 26, Workers: 4
[3140.937s][debug][gc,phases      ] GC(60)     Total                          Min: 0, Avg: 3854.5, Max: 5350, Diff: 5350, Sum: 15418, Workers: 4
[3140.937s][debug][gc,phases      ] GC(60)   JNI Weak                       Min:  0.0, Avg:  0.0, Max:  0.0, Diff:  0.0, Sum:  0.0, Workers: 4
[3140.937s][debug][gc,phases      ] GC(60)     Dead                           Min: 0, Avg:  0.0, Max: 0, Diff: 0, Sum: 0, Workers: 4
[3140.937s][debug][gc,phases      ] GC(60)     Total                          Min: 0, Avg: 13.0, Max: 52, Diff: 52, Sum: 52, Workers: 4
[3140.937s][debug][gc,phases      ] GC(60)   StringDedup Table Weak         Min:  0.0, Avg:  0.0, Max:  0.0, Diff:  0.0, Sum:  0.0, Workers: 4
[3140.937s][debug][gc,phases      ] GC(60)     Dead                           Min: 0, Avg:  0.0, Max: 0, Diff: 0, Sum: 0, Workers: 4
[3140.937s][debug][gc,phases      ] GC(60)     Total                          Min: 0, Avg:  0.0, Max: 0, Diff: 0, Sum: 0, Workers: 4
[3140.937s][debug][gc,phases      ] GC(60)   StringDedup Requests0 Weak     Min:  0.0, Avg:  0.0, Max:  0.0, Diff:  0.0, Sum:  0.0, Workers: 4
[3140.937s][debug][gc,phases      ] GC(60)     Dead                           Min: 0, Avg:  0.0, Max: 0, Diff: 0, Sum: 0, Workers: 4
[3140.937s][debug][gc,phases      ] GC(60)     Total                          Min: 0, Avg:  0.0, Max: 0, Diff: 0, Sum: 0, Workers: 4
[3140.937s][debug][gc,phases      ] GC(60)   StringDedup Requests1 Weak     Min:  0.0, Avg:  0.0, Max:  0.0, Diff:  0.0, Sum:  0.0, Workers: 4
[3140.937s][debug][gc,phases      ] GC(60)     Dead                           Min: 0, Avg:  0.0, Max: 0, Diff: 0, Sum: 0, Workers: 4
[3140.937s][debug][gc,phases      ] GC(60)     Total                          Min: 0, Avg:  0.0, Max: 0, Diff: 0, Sum: 0, Workers: 4
[3140.937s][debug][gc,phases      ] GC(60)   Weak JFR Old Object Samples    Min:  0.0, Avg:  0.0, Max:  0.0, Diff:  0.0, Sum:  0.0, Workers: 4
[3140.937s][debug][gc,phases      ] GC(60)     Dead                           Min: 0, Avg:  0.0, Max: 0, Diff: 0, Sum: 0, Workers: 4
[3140.937s][debug][gc,phases      ] GC(60)     Total                          Min: 0, Avg:  0.0, Max: 0, Diff: 0, Sum: 0, Workers: 4
[3140.937s][debug][gc,phases      ] GC(60) Weak Processing 0.416ms
[3140.937s][debug][gc,age         ] GC(60) Desired survivor size 27787264 bytes, new threshold 1 (max threshold 15)
[3140.937s][info ][gc,heap        ] GC(60) PSYoungGen: 2070208K(2077184K)->19944K(2062848K) Eden: 2058752K(2058752K)->0K(2042880K) From: 11456K(18432K)->19944K(19968K)
[3140.937s][info ][gc,heap        ] GC(60) ParOldGen: 280046K(280064K)->287806K(288256K)
[3140.937s][info ][gc,metaspace   ] GC(60) Metaspace: 107108K(108416K)->107108K(108416K) NonClass: 90844K(91584K)->90844K(91584K) Class: 16263K(16832K)->16263K(16832K)
[3140.937s][info ][gc             ] GC(60) Pause Young (Allocation Failure) 2295M->300M(2296M) 11.308ms
[3140.937s][info ][gc,cpu         ] GC(60) User=0.03s Sys=0.01s Real=0.01s
[3140.937s][info ][safepoint      ] Safepoint "ParallelGCFailedAllocation", Time since last: 922878366 ns, Reaching safepoint: 80801 ns, Cleanup: 15700 ns, At safepoint: 11384718 ns, Total: 11481219 ns
[3141.937s][info ][safepoint      ] Safepoint "Cleanup", Time since last: 1000098367 ns, Reaching safepoint: 7500 ns, Cleanup: 7000 ns, At safepoint: 2300 ns, Total: 16800 ns
[3143.937s][info ][safepoint      ] Safepoint "Cleanup", Time since last: 2000190768 ns, Reaching safepoint: 6000 ns, Cleanup: 8500 ns, At safepoint: 1901 ns, Total: 16401 ns
[3144.937s][info ][safepoint      ] Safepoint "Cleanup", Time since last: 1000113015 ns, Reaching safepoint: 6400 ns, Cleanup: 10300 ns, At safepoint: 1900 ns, Total: 18600 ns
[3147.937s][info ][safepoint      ] Safepoint "Cleanup", Time since last: 3000251747 ns, Reaching safepoint: 6200 ns, Cleanup: 9800 ns, At safepoint: 2000 ns, Total: 18000 ns
[3150.938s][info ][safepoint      ] Safepoint "Cleanup", Time since last: 3000278977 ns, Reaching safepoint: 6300 ns, Cleanup: 8500 ns, At safepoint: 1800 ns, Total: 16600 ns
[3152.938s][info ][safepoint      ] Safepoint "Cleanup", Time since last: 2000202817 ns, Reaching safepoint: 6300 ns, Cleanup: 14100 ns, At safepoint: 1800 ns, Total: 22200 ns
[3153.938s][info ][safepoint      ] Safepoint "Cleanup", Time since last: 1000133209 ns, Reaching safepoint: 6500 ns, Cleanup: 12800 ns, At safepoint: 2000 ns, Total: 21300 ns
[3154.938s][info ][safepoint      ] Safepoint "Cleanup", Time since last: 1000121809 ns, Reaching safepoint: 7000 ns, Cleanup: 10400 ns, At safepoint: 2600 ns, Total: 20000 ns
[3157.939s][info ][safepoint      ] Safepoint "Cleanup", Time since last: 3000282225 ns, Reaching safepoint: 5800 ns, Cleanup: 9100 ns, At safepoint: 1800 ns, Total: 16700 ns
[3160.939s][info ][safepoint      ] Safepoint "Cleanup", Time since last: 3000276223 ns, Reaching safepoint: 7100 ns, Cleanup: 10300 ns, At safepoint: 2300 ns, Total: 19700 ns
[3163.939s][info ][safepoint      ] Safepoint "Cleanup", Time since last: 3000277031 ns, Reaching safepoint: 5700 ns, Cleanup: 11800 ns, At safepoint: 1900 ns, Total: 19400 ns
[3164.939s][info ][safepoint      ] Safepoint "Cleanup", Time since last: 1000125344 ns, Reaching safepoint: 5800 ns, Cleanup: 17500 ns, At safepoint: 1800 ns, Total: 25100 ns
[3165.939s][info ][safepoint      ] Safepoint "Cleanup", Time since last: 1000113844 ns, Reaching safepoint: 6400 ns, Cleanup: 8100 ns, At safepoint: 2200 ns, Total: 16700 ns
[3166.940s][info ][safepoint      ] Safepoint "Cleanup", Time since last: 1000121682 ns, Reaching safepoint: 6300 ns, Cleanup: 24000 ns, At safepoint: 2200 ns, Total: 32500 ns
[3167.940s][info ][safepoint      ] Safepoint "Cleanup", Time since last: 1000108066 ns, Reaching safepoint: 6200 ns, Cleanup: 14800 ns, At safepoint: 2100 ns, Total: 23100 ns
[3168.940s][info ][safepoint      ] Safepoint "Cleanup", Time since last: 1000116066 ns, Reaching safepoint: 6800 ns, Cleanup: 11100 ns, At safepoint: 2500 ns, Total: 20400 ns
[3169.940s][info ][safepoint      ] Safepoint "Cleanup", Time since last: 1000107666 ns, Reaching safepoint: 6100 ns, Cleanup: 12600 ns, At safepoint: 2000 ns, Total: 20700 ns
[3170.940s][info ][safepoint      ] Safepoint "Cleanup", Time since last: 1000106865 ns, Reaching safepoint: 4800 ns, Cleanup: 5400 ns, At safepoint: 1500 ns, Total: 11700 ns
[3171.940s][info ][safepoint      ] Safepoint "Cleanup", Time since last: 1000107966 ns, Reaching safepoint: 6900 ns, Cleanup: 10900 ns, At safepoint: 2100 ns, Total: 19900 ns
[3174.941s][info ][safepoint      ] Safepoint "Cleanup", Time since last: 3000275679 ns, Reaching safepoint: 6900 ns, Cleanup: 14200 ns, At safepoint: 2800 ns, Total: 23900 ns
[3176.941s][info ][safepoint      ] Safepoint "Cleanup", Time since last: 2000187349 ns, Reaching safepoint: 5800 ns, Cleanup: 10300 ns, At safepoint: 1700 ns, Total: 17800 ns
[3183.017s][info ][safepoint      ] Safepoint "Cleanup", Time since last: 6076559323 ns, Reaching safepoint: 5800 ns, Cleanup: 9400 ns, At safepoint: 1800 ns, Total: 17000 ns
[3184.017s][info ][safepoint      ] Safepoint "Cleanup", Time since last: 1000110287 ns, Reaching safepoint: 5100 ns, Cleanup: 11500 ns, At safepoint: 1800 ns, Total: 18400 ns
[3185.018s][info ][safepoint      ] Safepoint "Cleanup", Time since last: 1000107687 ns, Reaching safepoint: 5800 ns, Cleanup: 18400 ns, At safepoint: 2001 ns, Total: 26201 ns
[3186.018s][info ][safepoint      ] Safepoint "Cleanup", Time since last: 1000114287 ns, Reaching safepoint: 6000 ns, Cleanup: 9300 ns, At safepoint: 1900 ns, Total: 17200 ns
[3191.018s][info ][safepoint      ] Safepoint "Cleanup", Time since last: 5000388553 ns, Reaching safepoint: 5500 ns, Cleanup: 9400 ns, At safepoint: 2300 ns, Total: 17200 ns
[3192.018s][info ][safepoint      ] Safepoint "Cleanup", Time since last: 1000121037 ns, Reaching safepoint: 5800 ns, Cleanup: 12000 ns, At safepoint: 2100 ns, Total: 19900 ns
[3193.018s][info ][safepoint      ] Safepoint "Cleanup", Time since last: 1000106638 ns, Reaching safepoint: 5400 ns, Cleanup: 7500 ns, At safepoint: 2100 ns, Total: 15000 ns
[3194.533s][info ][gc,start       ] GC(61) Pause Young (Allocation Failure)
[3194.547s][debug][gc,phases      ] GC(61) Scavenge 14.591ms
[3194.547s][debug][gc,ref         ] GC(61) ReferenceProcessor::execute queues: 1, RefProcThreadModel::Single, marks_oops_alive: false
[3194.547s][debug][gc,ref         ] GC(61) Skipped KeepAliveFinalRefsPhase of Reference Processing: no references
[3194.547s][debug][gc,ref         ] GC(61) ReferenceProcessor::execute queues: 1, RefProcThreadModel::Single, marks_oops_alive: false
[3194.547s][debug][gc,phases      ] GC(61) Reference Processing 0.093ms
[3194.547s][debug][gc,phases      ] GC(61)   VM Weak                        Min:  0.0, Avg:  0.0, Max:  0.0, Diff:  0.0, Sum:  0.0, Workers: 4
[3194.548s][debug][gc,phases      ] GC(61)     Dead                           Min: 0, Avg:  0.0, Max: 0, Diff: 0, Sum: 0, Workers: 4
[3194.548s][debug][gc,phases      ] GC(61)     Total                          Min: 0, Avg: 234.8, Max: 683, Diff: 683, Sum: 939, Workers: 4
[3194.548s][debug][gc,phases      ] GC(61)   ObjectSynchronizer Weak        Min:  0.0, Avg:  0.0, Max:  0.0, Diff:  0.0, Sum:  0.0, Workers: 4
[3194.548s][debug][gc,phases      ] GC(61)     Dead                           Min: 0, Avg:  0.0, Max: 0, Diff: 0, Sum: 0, Workers: 4
[3194.548s][debug][gc,phases      ] GC(61)     Total                          Min: 0, Avg:  1.0, Max: 4, Diff: 4, Sum: 4, Workers: 4
[3194.548s][debug][gc,phases      ] GC(61)   JVMTI Tag Weak OopStorage      Min:  0.0, Avg:  0.0, Max:  0.0, Diff:  0.0, Sum:  0.0, Workers: 4
[3194.548s][debug][gc,phases      ] GC(61)     Dead                           Min: 0, Avg:  0.0, Max: 0, Diff: 0, Sum: 0, Workers: 4
[3194.548s][debug][gc,phases      ] GC(61)     Total                          Min: 0, Avg:  0.0, Max: 0, Diff: 0, Sum: 0, Workers: 4
[3194.548s][debug][gc,phases      ] GC(61)   StringTable Weak               Min:  0.0, Avg:  0.1, Max:  0.1, Diff:  0.1, Sum:  0.4, Workers: 4
[3194.548s][debug][gc,phases      ] GC(61)     Dead                           Min: 0, Avg:  0.5, Max: 1, Diff: 1, Sum: 2, Workers: 4
[3194.548s][debug][gc,phases      ] GC(61)     Total                          Min: 0, Avg: 11976.0, Max: 21248, Diff: 21248, Sum: 47904, Workers: 4
[3194.548s][debug][gc,phases      ] GC(61)   ResolvedMethodTable Weak       Min:  0.0, Avg:  0.0, Max:  0.0, Diff:  0.0, Sum:  0.1, Workers: 4
[3194.548s][debug][gc,phases      ] GC(61)     Dead                           Min: 0, Avg:  4.8, Max: 19, Diff: 19, Sum: 19, Workers: 4
[3194.548s][debug][gc,phases      ] GC(61)     Total                          Min: 0, Avg: 3859.0, Max: 6690, Diff: 6690, Sum: 15436, Workers: 4
[3194.548s][debug][gc,phases      ] GC(61)   JNI Weak                       Min:  0.0, Avg:  0.0, Max:  0.0, Diff:  0.0, Sum:  0.0, Workers: 4
[3194.548s][debug][gc,phases      ] GC(61)     Dead                           Min: 0, Avg:  0.0, Max: 0, Diff: 0, Sum: 0, Workers: 4
[3194.548s][debug][gc,phases      ] GC(61)     Total                          Min: 0, Avg: 13.0, Max: 52, Diff: 52, Sum: 52, Workers: 4
[3194.548s][debug][gc,phases      ] GC(61)   StringDedup Table Weak         Min:  0.0, Avg:  0.0, Max:  0.0, Diff:  0.0, Sum:  0.0, Workers: 4
[3194.548s][debug][gc,phases      ] GC(61)     Dead                           Min: 0, Avg:  0.0, Max: 0, Diff: 0, Sum: 0, Workers: 4
[3194.548s][debug][gc,phases      ] GC(61)     Total                          Min: 0, Avg:  0.0, Max: 0, Diff: 0, Sum: 0, Workers: 4
[3194.548s][debug][gc,phases      ] GC(61)   StringDedup Requests0 Weak     Min:  0.0, Avg:  0.0, Max:  0.0, Diff:  0.0, Sum:  0.0, Workers: 4
[3194.548s][debug][gc,phases      ] GC(61)     Dead                           Min: 0, Avg:  0.0, Max: 0, Diff: 0, Sum: 0, Workers: 4
[3194.548s][debug][gc,phases      ] GC(61)     Total                          Min: 0, Avg:  0.0, Max: 0, Diff: 0, Sum: 0, Workers: 4
[3194.548s][debug][gc,phases      ] GC(61)   StringDedup Requests1 Weak     Min:  0.0, Avg:  0.0, Max:  0.0, Diff:  0.0, Sum:  0.0, Workers: 4
[3194.548s][debug][gc,phases      ] GC(61)     Dead                           Min: 0, Avg:  0.0, Max: 0, Diff: 0, Sum: 0, Workers: 4
[3194.548s][debug][gc,phases      ] GC(61)     Total                          Min: 0, Avg:  0.0, Max: 0, Diff: 0, Sum: 0, Workers: 4
[3194.548s][debug][gc,phases      ] GC(61)   Weak JFR Old Object Samples    Min:  0.0, Avg:  0.0, Max:  0.0, Diff:  0.0, Sum:  0.0, Workers: 4
[3194.548s][debug][gc,phases      ] GC(61)     Dead                           Min: 0, Avg:  0.0, Max: 0, Diff: 0, Sum: 0, Workers: 4
[3194.548s][debug][gc,phases      ] GC(61)     Total                          Min: 0, Avg:  0.0, Max: 0, Diff: 0, Sum: 0, Workers: 4
[3194.548s][debug][gc,phases      ] GC(61) Weak Processing 0.346ms
[3194.548s][debug][gc,age         ] GC(61) Desired survivor size 25690112 bytes, new threshold 1 (max threshold 15)
[3194.548s][info ][gc,heap        ] GC(61) PSYoungGen: 2062824K(2062848K)->5952K(2070016K) Eden: 2042880K(2042880K)->0K(2042880K) From: 19944K(19968K)->5952K(27136K)
[3194.548s][info ][gc,heap        ] GC(61) ParOldGen: 287806K(288256K)->307005K(307200K)
[3194.548s][info ][gc,metaspace   ] GC(61) Metaspace: 107205K(108480K)->107205K(108480K) NonClass: 90927K(91648K)->90927K(91648K) Class: 16277K(16832K)->16277K(16832K)
[3194.548s][info ][gc             ] GC(61) Pause Young (Allocation Failure) 2295M->305M(2321M) 15.131ms
[3194.548s][info ][gc,cpu         ] GC(61) User=0.03s Sys=0.01s Real=0.01s
[3194.548s][info ][safepoint      ] Safepoint "ParallelGCFailedAllocation", Time since last: 1514149099 ns, Reaching safepoint: 5400 ns, Cleanup: 3500 ns, At safepoint: 15194555 ns, Total: 15203455 ns
[3199.548s][info ][safepoint      ] Safepoint "Cleanup", Time since last: 5000355681 ns, Reaching safepoint: 6400 ns, Cleanup: 11500 ns, At safepoint: 2000 ns, Total: 19900 ns
[3200.548s][info ][safepoint      ] Safepoint "Cleanup", Time since last: 1000109533 ns, Reaching safepoint: 5900 ns, Cleanup: 10200 ns, At safepoint: 2000 ns, Total: 18100 ns
[3201.548s][info ][safepoint      ] Safepoint "Cleanup", Time since last: 1000107034 ns, Reaching safepoint: 6100 ns, Cleanup: 8900 ns, At safepoint: 17700 ns, Total: 32700 ns
[3203.549s][info ][safepoint      ] Safepoint "Cleanup", Time since last: 2000168466 ns, Reaching safepoint: 5900 ns, Cleanup: 9900 ns, At safepoint: 1800 ns, Total: 17600 ns
[3205.549s][info ][safepoint      ] Safepoint "Cleanup", Time since last: 2000181367 ns, Reaching safepoint: 6200 ns, Cleanup: 12700 ns, At safepoint: 1900 ns, Total: 20800 ns
[3207.549s][info ][safepoint      ] Safepoint "Cleanup", Time since last: 2000173164 ns, Reaching safepoint: 6400 ns, Cleanup: 9000 ns, At safepoint: 2000 ns, Total: 17400 ns
[3208.549s][info ][safepoint      ] Safepoint "Cleanup", Time since last: 1000103125 ns, Reaching safepoint: 6600 ns, Cleanup: 31901 ns, At safepoint: 2100 ns, Total: 40601 ns
[3209.549s][info ][safepoint      ] Safepoint "Cleanup", Time since last: 1000105325 ns, Reaching safepoint: 5500 ns, Cleanup: 11400 ns, At safepoint: 1700 ns, Total: 18600 ns
[3215.550s][info ][safepoint      ] Safepoint "Cleanup", Time since last: 6000440078 ns, Reaching safepoint: 6200 ns, Cleanup: 9100 ns, At safepoint: 1700 ns, Total: 17000 ns
[3218.550s][info ][safepoint      ] Safepoint "Cleanup", Time since last: 3000235269 ns, Reaching safepoint: 5500 ns, Cleanup: 11201 ns, At safepoint: 1800 ns, Total: 18501 ns
[3220.550s][info ][safepoint      ] Safepoint "Cleanup", Time since last: 2000173879 ns, Reaching safepoint: 5700 ns, Cleanup: 25200 ns, At safepoint: 1800 ns, Total: 32700 ns
[3227.551s][info ][safepoint      ] Safepoint "Cleanup", Time since last: 7000502242 ns, Reaching safepoint: 4700 ns, Cleanup: 11700 ns, At safepoint: 1600 ns, Total: 18000 ns
[3228.551s][info ][safepoint      ] Safepoint "Cleanup", Time since last: 1000099453 ns, Reaching safepoint: 6000 ns, Cleanup: 13100 ns, At safepoint: 2000 ns, Total: 21100 ns
[3229.551s][info ][safepoint      ] Safepoint "Cleanup", Time since last: 1000121953 ns, Reaching safepoint: 4900 ns, Cleanup: 14800 ns, At safepoint: 1700 ns, Total: 21400 ns
[3230.551s][info ][safepoint      ] Safepoint "Cleanup", Time since last: 1000105553 ns, Reaching safepoint: 5200 ns, Cleanup: 8200 ns, At safepoint: 2100 ns, Total: 15500 ns
[3231.551s][info ][safepoint      ] Safepoint "Cleanup", Time since last: 1000098866 ns, Reaching safepoint: 5200 ns, Cleanup: 13600 ns, At safepoint: 1800 ns, Total: 20600 ns
[3233.551s][info ][safepoint      ] Safepoint "Cleanup", Time since last: 2000170834 ns, Reaching safepoint: 4500 ns, Cleanup: 12700 ns, At safepoint: 1700 ns, Total: 18900 ns
[3235.552s][info ][safepoint      ] Safepoint "Cleanup", Time since last: 2000165334 ns, Reaching safepoint: 5500 ns, Cleanup: 10900 ns, At safepoint: 1800 ns, Total: 18200 ns
[3239.552s][info ][safepoint      ] Safepoint "Cleanup", Time since last: 4000283120 ns, Reaching safepoint: 5900 ns, Cleanup: 9200 ns, At safepoint: 1800 ns, Total: 16900 ns
[3241.035s][info ][safepoint      ] Safepoint "Cleanup", Time since last: 1482688648 ns, Reaching safepoint: 4700 ns, Cleanup: 8900 ns, At safepoint: 2300 ns, Total: 15900 ns
[3243.035s][info ][safepoint      ] Safepoint "Cleanup", Time since last: 2000231501 ns, Reaching safepoint: 5700 ns, Cleanup: 11100 ns, At safepoint: 1901 ns, Total: 18701 ns
[3243.876s][info ][gc,start       ] GC(62) Pause Young (Allocation Failure)
[3243.882s][debug][gc,phases      ] GC(62) Scavenge 5.832ms
[3243.882s][debug][gc,ref         ] GC(62) Skipped SoftWeakFinalRefsPhase of Reference Processing: no references
[3243.882s][debug][gc,ref         ] GC(62) Skipped KeepAliveFinalRefsPhase of Reference Processing: no references
[3243.882s][debug][gc,ref         ] GC(62) Skipped PhantomRefsPhase of Reference Processing: no references
[3243.882s][debug][gc,phases      ] GC(62) Reference Processing 0.017ms
[3243.882s][debug][gc,phases      ] GC(62)   VM Weak                        Min:  0.0, Avg:  0.0, Max:  0.0, Diff:  0.0, Sum:  0.0, Workers: 4
[3243.882s][debug][gc,phases      ] GC(62)     Dead                           Min: 0, Avg:  0.0, Max: 0, Diff: 0, Sum: 0, Workers: 4
[3243.882s][debug][gc,phases      ] GC(62)     Total                          Min: 0, Avg: 234.8, Max: 683, Diff: 683, Sum: 939, Workers: 4
[3243.882s][debug][gc,phases      ] GC(62)   ObjectSynchronizer Weak        Min:  0.0, Avg:  0.0, Max:  0.0, Diff:  0.0, Sum:  0.0, Workers: 4
[3243.882s][debug][gc,phases      ] GC(62)     Dead                           Min: 0, Avg:  0.0, Max: 0, Diff: 0, Sum: 0, Workers: 4
[3243.882s][debug][gc,phases      ] GC(62)     Total                          Min: 0, Avg:  1.0, Max: 4, Diff: 4, Sum: 4, Workers: 4
[3243.882s][debug][gc,phases      ] GC(62)   JVMTI Tag Weak OopStorage      Min:  0.0, Avg:  0.0, Max:  0.0, Diff:  0.0, Sum:  0.0, Workers: 4
[3243.882s][debug][gc,phases      ] GC(62)     Dead                           Min: 0, Avg:  0.0, Max: 0, Diff: 0, Sum: 0, Workers: 4
[3243.882s][debug][gc,phases      ] GC(62)     Total                          Min: 0, Avg:  0.0, Max: 0, Diff: 0, Sum: 0, Workers: 4
[3243.882s][debug][gc,phases      ] GC(62)   StringTable Weak               Min:  0.0, Avg:  0.1, Max:  0.1, Diff:  0.1, Sum:  0.4, Workers: 4
[3243.882s][debug][gc,phases      ] GC(62)     Dead                           Min: 0, Avg:  0.0, Max: 0, Diff: 0, Sum: 0, Workers: 4
[3243.882s][debug][gc,phases      ] GC(62)     Total                          Min: 0, Avg: 11988.8, Max: 21248, Diff: 21248, Sum: 47955, Workers: 4
[3243.882s][debug][gc,phases      ] GC(62)   ResolvedMethodTable Weak       Min:  0.0, Avg:  0.0, Max:  0.0, Diff:  0.0, Sum:  0.1, Workers: 4
[3243.882s][debug][gc,phases      ] GC(62)     Dead                           Min: 0, Avg:  4.0, Max: 16, Diff: 16, Sum: 16, Workers: 4
[3243.882s][debug][gc,phases      ] GC(62)     Total                          Min: 0, Avg: 3859.0, Max: 7127, Diff: 7127, Sum: 15436, Workers: 4
[3243.882s][debug][gc,phases      ] GC(62)   JNI Weak                       Min:  0.0, Avg:  0.0, Max:  0.0, Diff:  0.0, Sum:  0.0, Workers: 4
[3243.882s][debug][gc,phases      ] GC(62)     Dead                           Min: 0, Avg:  0.0, Max: 0, Diff: 0, Sum: 0, Workers: 4
[3243.882s][debug][gc,phases      ] GC(62)     Total                          Min: 0, Avg: 13.5, Max: 54, Diff: 54, Sum: 54, Workers: 4
[3243.882s][debug][gc,phases      ] GC(62)   StringDedup Table Weak         Min:  0.0, Avg:  0.0, Max:  0.0, Diff:  0.0, Sum:  0.0, Workers: 4
[3243.882s][debug][gc,phases      ] GC(62)     Dead                           Min: 0, Avg:  0.0, Max: 0, Diff: 0, Sum: 0, Workers: 4
[3243.882s][debug][gc,phases      ] GC(62)     Total                          Min: 0, Avg:  0.0, Max: 0, Diff: 0, Sum: 0, Workers: 4
[3243.882s][debug][gc,phases      ] GC(62)   StringDedup Requests0 Weak     Min:  0.0, Avg:  0.0, Max:  0.0, Diff:  0.0, Sum:  0.0, Workers: 4
[3243.882s][debug][gc,phases      ] GC(62)     Dead                           Min: 0, Avg:  0.0, Max: 0, Diff: 0, Sum: 0, Workers: 4
[3243.882s][debug][gc,phases      ] GC(62)     Total                          Min: 0, Avg:  0.0, Max: 0, Diff: 0, Sum: 0, Workers: 4
[3243.882s][debug][gc,phases      ] GC(62)   StringDedup Requests1 Weak     Min:  0.0, Avg:  0.0, Max:  0.0, Diff:  0.0, Sum:  0.0, Workers: 4
[3243.882s][debug][gc,phases      ] GC(62)     Dead                           Min: 0, Avg:  0.0, Max: 0, Diff: 0, Sum: 0, Workers: 4
[3243.882s][debug][gc,phases      ] GC(62)     Total                          Min: 0, Avg:  0.0, Max: 0, Diff: 0, Sum: 0, Workers: 4
[3243.882s][debug][gc,phases      ] GC(62)   Weak JFR Old Object Samples    Min:  0.0, Avg:  0.0, Max:  0.0, Diff:  0.0, Sum:  0.0, Workers: 4
[3243.882s][debug][gc,phases      ] GC(62)     Dead                           Min: 0, Avg:  0.0, Max: 0, Diff: 0, Sum: 0, Workers: 4
[3243.882s][debug][gc,phases      ] GC(62)     Total                          Min: 0, Avg:  0.0, Max: 0, Diff: 0, Sum: 0, Workers: 4
[3243.882s][debug][gc,phases      ] GC(62) Weak Processing 0.333ms
[3243.882s][debug][gc,age         ] GC(62) Desired survivor size 25165824 bytes, new threshold 1 (max threshold 15)
[3243.882s][info ][gc,heap        ] GC(62) PSYoungGen: 2048832K(2070016K)->9728K(2072576K) Eden: 2042880K(2042880K)->0K(2047488K) From: 5952K(27136K)->9728K(25088K)
[3243.882s][info ][gc,heap        ] GC(62) ParOldGen: 307005K(307200K)->310738K(310784K)
[3243.882s][info ][gc,metaspace   ] GC(62) Metaspace: 107232K(108544K)->107232K(108544K) NonClass: 90954K(91712K)->90954K(91712K) Class: 16277K(16832K)->16277K(16832K)
[3243.882s][info ][gc             ] GC(62) Pause Young (Allocation Failure) 2300M->312M(2327M) 6.278ms
[3243.882s][info ][gc,cpu         ] GC(62) User=0.02s Sys=0.00s Real=0.01s
[3243.882s][info ][safepoint      ] Safepoint "ParallelGCFailedAllocation", Time since last: 841063947 ns, Reaching safepoint: 88001 ns, Cleanup: 4300 ns, At safepoint: 6358465 ns, Total: 6450766 ns
[3248.883s][info ][safepoint      ] Safepoint "Cleanup", Time since last: 5000398357 ns, Reaching safepoint: 6400 ns, Cleanup: 9700 ns, At safepoint: 2100 ns, Total: 18200 ns
[3253.883s][info ][safepoint      ] Safepoint "Cleanup", Time since last: 5000400634 ns, Reaching safepoint: 5600 ns, Cleanup: 18700 ns, At safepoint: 2100 ns, Total: 26400 ns
[3255.883s][info ][safepoint      ] Safepoint "Cleanup", Time since last: 2000181198 ns, Reaching safepoint: 5600 ns, Cleanup: 12800 ns, At safepoint: 1900 ns, Total: 20300 ns
[3256.883s][info ][safepoint      ] Safepoint "Cleanup", Time since last: 1000106773 ns, Reaching safepoint: 5900 ns, Cleanup: 9800 ns, At safepoint: 2100 ns, Total: 17800 ns
[3259.884s][info ][safepoint      ] Safepoint "Cleanup", Time since last: 3000237518 ns, Reaching safepoint: 5200 ns, Cleanup: 10900 ns, At safepoint: 1800 ns, Total: 17900 ns
[3261.884s][info ][safepoint      ] Safepoint "Cleanup", Time since last: 2000190245 ns, Reaching safepoint: 5900 ns, Cleanup: 8900 ns, At safepoint: 1900 ns, Total: 16700 ns
[3268.884s][info ][safepoint      ] Safepoint "Cleanup", Time since last: 7000530275 ns, Reaching safepoint: 6300 ns, Cleanup: 13800 ns, At safepoint: 2000 ns, Total: 22100 ns
[3271.885s][info ][safepoint      ] Safepoint "Cleanup", Time since last: 3000247157 ns, Reaching safepoint: 5800 ns, Cleanup: 9100 ns, At safepoint: 1700 ns, Total: 16600 ns
[3274.885s][info ][safepoint      ] Safepoint "Cleanup", Time since last: 3000257843 ns, Reaching safepoint: 5900 ns, Cleanup: 16100 ns, At safepoint: 2100 ns, Total: 24100 ns
[3276.885s][info ][safepoint      ] Safepoint "Cleanup", Time since last: 2000186728 ns, Reaching safepoint: 6200 ns, Cleanup: 76001 ns, At safepoint: 3500 ns, Total: 85701 ns
[3277.885s][info ][safepoint      ] Safepoint "Cleanup", Time since last: 1000121815 ns, Reaching safepoint: 5600 ns, Cleanup: 9100 ns, At safepoint: 1700 ns, Total: 16400 ns
[3278.886s][info ][safepoint      ] Safepoint "Cleanup", Time since last: 1000111112 ns, Reaching safepoint: 5700 ns, Cleanup: 12001 ns, At safepoint: 2200 ns, Total: 19901 ns
[3285.886s][info ][safepoint      ] Safepoint "Cleanup", Time since last: 7000544540 ns, Reaching safepoint: 5700 ns, Cleanup: 9000 ns, At safepoint: 2100 ns, Total: 16800 ns
[3287.886s][info ][safepoint      ] Safepoint "Cleanup", Time since last: 2000198845 ns, Reaching safepoint: 6001 ns, Cleanup: 11500 ns, At safepoint: 2000 ns, Total: 19501 ns
[3308.055s][info ][safepoint      ] Safepoint "Cleanup", Time since last: 20168922374 ns, Reaching safepoint: 6600 ns, Cleanup: 20600 ns, At safepoint: 2800 ns, Total: 30000 ns
[3318.056s][info ][safepoint      ] Safepoint "Cleanup", Time since last: 10000799964 ns, Reaching safepoint: 7100 ns, Cleanup: 26700 ns, At safepoint: 2400 ns, Total: 36200 ns
[3397.077s][info ][safepoint      ] Safepoint "Cleanup", Time since last: 79020808628 ns, Reaching safepoint: 6600 ns, Cleanup: 11201 ns, At safepoint: 2700 ns, Total: 20501 ns
[3397.268s][info ][safepoint      ] Safepoint "JFRCheckpoint", Time since last: 190951015 ns, Reaching safepoint: 80501 ns, Cleanup: 30300 ns, At safepoint: 22700 ns, Total: 133501 ns
[3397.270s][info ][gc,heap,exit   ] Heap
[3397.270s][info ][gc,heap,exit   ]  PSYoungGen      total 2072576K, used 1434713K [0x0000000780000000, 0x0000000800000000, 0x0000000800000000)
[3397.270s][info ][gc,heap,exit   ]   eden space 2047488K, 69% used [0x0000000780000000,0x00000007d6f96668,0x00000007fcf80000)
[3397.270s][info ][gc,heap,exit   ]   from space 25088K, 38% used [0x00000007fe780000,0x00000007ff100150,0x0000000800000000)
[3397.270s][info ][gc,heap,exit   ]   to   space 24576K, 0% used [0x00000007fcf80000,0x00000007fcf80000,0x00000007fe780000)
[3397.270s][info ][gc,heap,exit   ]  ParOldGen       total 310784K, used 310738K [0x00000006c0000000, 0x00000006d2f80000, 0x0000000780000000)
[3397.270s][info ][gc,heap,exit   ]   object space 310784K, 99% used [0x00000006c0000000,0x00000006d2f74810,0x00000006d2f80000)
[3397.270s][info ][gc,heap,exit   ]  Metaspace       used 107372K, committed 108608K, reserved 1179648K
[3397.270s][info ][gc,heap,exit   ]   class space    used 16297K, committed 16832K, reserved 1048576K
