[0.003s][info][gc,init] CardTable entry size: 512
[0.003s][info][gc     ] Using Parallel
[0.005s][info][gc,init] Version: 21.0.6+7-LTS (release)
[0.005s][info][gc,init] CPUs: 4 total, 4 available
[0.005s][info][gc,init] Memory: 15991M
[0.005s][info][gc,init] Large Page Support: Disabled
[0.005s][info][gc,init] NUMA Support: Disabled
[0.005s][info][gc,init] Compressed Oops: Enabled (Zero based)
[0.005s][info][gc,init] Alignments: Space 512K, Generation 512K, Heap 2M
[0.005s][info][gc,init] Heap Min Capacity: 2054M
[0.005s][info][gc,init] Heap Initial Capacity: 2054M
[0.005s][info][gc,init] Heap Max Capacity: 5G
[0.005s][info][gc,init] Pre-touch: Disabled
[0.005s][info][gc,init] Parallel Workers: 4
[0.012s][info][gc,metaspace] CDS archive(s) mapped at: [0x00007f4ffd000000-0x00007f4ffdc97000-0x00007f4ffdc97000), size 13201408, SharedBaseAddress: 0x00007f4ffd000000, ArchiveRelocationMode: 1.
[0.012s][info][gc,metaspace] Compressed class space mapped at: 0x00007f4ffe000000-0x00007f503e000000, reserved size: 1073741824
[0.012s][info][gc,metaspace] Narrow klass base: 0x00007f4ffd000000, Narrow klass shift: 0, Narrow klass range: 0x100000000
[0.302s][info][safepoint   ] Safepoint "ICBufferFull", Time since last: 283450262 ns, Reaching safepoint: 76500 ns, Cleanup: 92100 ns, At safepoint: 12500 ns, Total: 181100 ns
[0.458s][info][safepoint   ] Safepoint "RedefineClasses", Time since last: 150948480 ns, Reaching safepoint: 152600 ns, Cleanup: 84700 ns, At safepoint: 5567599 ns, Total: 5804899 ns
[0.560s][info][safepoint   ] Safepoint "JFRCheckpoint", Time since last: 101006287 ns, Reaching safepoint: 78500 ns, Cleanup: 67300 ns, At safepoint: 13700 ns, Total: 159500 ns
[1.273s][info][safepoint   ] Safepoint "ICBufferFull", Time since last: 713529404 ns, Reaching safepoint: 3000 ns, Cleanup: 115600 ns, At safepoint: 10200 ns, Total: 128800 ns
[1.727s][info][safepoint   ] Safepoint "ICBufferFull", Time since last: 453783340 ns, Reaching safepoint: 2900 ns, Cleanup: 118400 ns, At safepoint: 1400 ns, Total: 122700 ns
[1.896s][info][gc,start    ] GC(0) Pause Young (Metadata GC Threshold)
[1.912s][debug][gc,phases   ] GC(0) Scavenge 16.156ms
[1.913s][debug][gc,ref      ] GC(0) ReferenceProcessor::execute queues: 2, RefProcThreadModel::Multi, marks_oops_alive: false
[1.913s][debug][gc,ref      ] GC(0) Skipped KeepAliveFinalRefsPhase of Reference Processing: no references
[1.913s][debug][gc,ref      ] GC(0) ReferenceProcessor::execute queues: 1, RefProcThreadModel::Single, marks_oops_alive: false
[1.913s][debug][gc,phases   ] GC(0) Reference Processing 0.308ms
[1.913s][debug][gc,phases   ] GC(0)   VM Weak                        Min:  0.0, Avg:  0.0, Max:  0.0, Diff:  0.0, Sum:  0.0, Workers: 4
[1.913s][debug][gc,phases   ] GC(0)     Dead                           Min: 0, Avg:  0.0, Max: 0, Diff: 0, Sum: 0, Workers: 4
[1.913s][debug][gc,phases   ] GC(0)     Total                          Min: 0, Avg: 59.8, Max: 192, Diff: 192, Sum: 239, Workers: 4
[1.913s][debug][gc,phases   ] GC(0)   ObjectSynchronizer Weak        Min:  0.0, Avg:  0.0, Max:  0.0, Diff:  0.0, Sum:  0.0, Workers: 4
[1.913s][debug][gc,phases   ] GC(0)     Dead                           Min: 0, Avg:  0.5, Max: 2, Diff: 2, Sum: 2, Workers: 4
[1.913s][debug][gc,phases   ] GC(0)     Total                          Min: 0, Avg:  2.2, Max: 9, Diff: 9, Sum: 9, Workers: 4
[1.913s][debug][gc,phases   ] GC(0)   JVMTI Tag Weak OopStorage      Min:  0.0, Avg:  0.0, Max:  0.0, Diff:  0.0, Sum:  0.0, Workers: 4
[1.913s][debug][gc,phases   ] GC(0)     Dead                           Min: 0, Avg:  0.0, Max: 0, Diff: 0, Sum: 0, Workers: 4
[1.913s][debug][gc,phases   ] GC(0)     Total                          Min: 0, Avg:  0.0, Max: 0, Diff: 0, Sum: 0, Workers: 4
[1.913s][debug][gc,phases   ] GC(0)   StringTable Weak               Min:  0.0, Avg:  0.1, Max:  0.1, Diff:  0.1, Sum:  0.2, Workers: 4
[1.913s][debug][gc,phases   ] GC(0)     Dead                           Min: 0, Avg:  7.8, Max: 21, Diff: 21, Sum: 31, Workers: 4
[1.913s][debug][gc,phases   ] GC(0)     Total                          Min: 0, Avg: 1973.8, Max: 3415, Diff: 3415, Sum: 7895, Workers: 4
[1.913s][debug][gc,phases   ] GC(0)   ResolvedMethodTable Weak       Min:  0.0, Avg:  0.0, Max:  0.0, Diff:  0.0, Sum:  0.1, Workers: 4
[1.913s][debug][gc,phases   ] GC(0)     Dead                           Min: 0, Avg: 89.0, Max: 190, Diff: 190, Sum: 356, Workers: 4
[1.913s][debug][gc,phases   ] GC(0)     Total                          Min: 0, Avg: 453.5, Max: 790, Diff: 790, Sum: 1814, Workers: 4
[1.913s][debug][gc,phases   ] GC(0)   JNI Weak                       Min:  0.0, Avg:  0.0, Max:  0.0, Diff:  0.0, Sum:  0.0, Workers: 4
[1.913s][debug][gc,phases   ] GC(0)     Dead                           Min: 0, Avg:  0.0, Max: 0, Diff: 0, Sum: 0, Workers: 4
[1.913s][debug][gc,phases   ] GC(0)     Total                          Min: 0, Avg: 12.0, Max: 48, Diff: 48, Sum: 48, Workers: 4
[1.913s][debug][gc,phases   ] GC(0)   StringDedup Table Weak         Min:  0.0, Avg:  0.0, Max:  0.0, Diff:  0.0, Sum:  0.0, Workers: 4
[1.913s][debug][gc,phases   ] GC(0)     Dead                           Min: 0, Avg:  0.0, Max: 0, Diff: 0, Sum: 0, Workers: 4
[1.913s][debug][gc,phases   ] GC(0)     Total                          Min: 0, Avg:  0.0, Max: 0, Diff: 0, Sum: 0, Workers: 4
[1.913s][debug][gc,phases   ] GC(0)   StringDedup Requests0 Weak     Min:  0.0, Avg:  0.0, Max:  0.0, Diff:  0.0, Sum:  0.0, Workers: 4
[1.913s][debug][gc,phases   ] GC(0)     Dead                           Min: 0, Avg:  0.0, Max: 0, Diff: 0, Sum: 0, Workers: 4
[1.913s][debug][gc,phases   ] GC(0)     Total                          Min: 0, Avg:  0.0, Max: 0, Diff: 0, Sum: 0, Workers: 4
[1.913s][debug][gc,phases   ] GC(0)   StringDedup Requests1 Weak     Min:  0.0, Avg:  0.0, Max:  0.0, Diff:  0.0, Sum:  0.0, Workers: 4
[1.913s][debug][gc,phases   ] GC(0)     Dead                           Min: 0, Avg:  0.0, Max: 0, Diff: 0, Sum: 0, Workers: 4
[1.913s][debug][gc,phases   ] GC(0)     Total                          Min: 0, Avg:  0.0, Max: 0, Diff: 0, Sum: 0, Workers: 4
[1.913s][debug][gc,phases   ] GC(0)   Weak JFR Old Object Samples    Min:  0.0, Avg:  0.0, Max:  0.0, Diff:  0.0, Sum:  0.0, Workers: 4
[1.913s][debug][gc,phases   ] GC(0)     Dead                           Min: 0, Avg:  0.0, Max: 0, Diff: 0, Sum: 0, Workers: 4
[1.913s][debug][gc,phases   ] GC(0)     Total                          Min: 0, Avg:  0.0, Max: 0, Diff: 0, Sum: 0, Workers: 4
[1.913s][debug][gc,phases   ] GC(0) Weak Processing 0.308ms
[1.913s][debug][gc,age      ] GC(0) Desired survivor size 536870912 bytes, new threshold 7 (max threshold 15)
[1.913s][info ][gc,heap     ] GC(0) PSYoungGen: 370232K(1572864K)->37337K(1572864K) Eden: 370232K(1048576K)->0K(1048576K) From: 0K(524288K)->37337K(524288K)
[1.913s][info ][gc,heap     ] GC(0) ParOldGen: 1073K(6144K)->1145K(6144K)
[1.913s][info ][gc,metaspace] GC(0) Metaspace: 21102K(21504K)->21102K(21504K) NonClass: 18811K(19008K)->18811K(19008K) Class: 2290K(2496K)->2290K(2496K)
[1.913s][info ][gc          ] GC(0) Pause Young (Metadata GC Threshold) 362M->37M(1542M) 17.206ms
[1.913s][info ][gc,cpu      ] GC(0) User=0.05s Sys=0.01s Real=0.02s
[1.913s][debug][gc,phases   ] GC(1) Pre Compact 0.008ms
[1.913s][info ][gc,start    ] GC(1) Pause Full (Metadata GC Threshold)
[1.913s][info ][gc,phases,start] GC(1) Marking Phase
[1.922s][debug][gc,phases      ] GC(1) Par Mark 8.856ms
[1.922s][debug][gc,ref         ] GC(1) ReferenceProcessor::execute queues: 2, RefProcThreadModel::Multi, marks_oops_alive: false
[1.922s][debug][gc,ref         ] GC(1) ReferenceProcessor::execute queues: 4, RefProcThreadModel::Multi, marks_oops_alive: true
[1.922s][debug][gc,ref         ] GC(1) ReferenceProcessor::execute queues: 1, RefProcThreadModel::Single, marks_oops_alive: false
[1.922s][debug][gc,phases      ] GC(1) Reference Processing 0.165ms
[1.922s][debug][gc,phases      ] GC(1)   VM Weak                        Min:  0.0, Avg:  0.0, Max:  0.0, Diff:  0.0, Sum:  0.0, Workers: 4
[1.922s][debug][gc,phases      ] GC(1)     Dead                           Min: 0, Avg:  0.0, Max: 0, Diff: 0, Sum: 0, Workers: 4
[1.922s][debug][gc,phases      ] GC(1)     Total                          Min: 0, Avg: 59.8, Max: 192, Diff: 192, Sum: 239, Workers: 4
[1.922s][debug][gc,phases      ] GC(1)   ObjectSynchronizer Weak        Min:  0.0, Avg:  0.0, Max:  0.0, Diff:  0.0, Sum:  0.0, Workers: 4
[1.922s][debug][gc,phases      ] GC(1)     Dead                           Min: 0, Avg:  0.0, Max: 0, Diff: 0, Sum: 0, Workers: 4
[1.922s][debug][gc,phases      ] GC(1)     Total                          Min: 0, Avg:  2.2, Max: 9, Diff: 9, Sum: 9, Workers: 4
[1.922s][debug][gc,phases      ] GC(1)   JVMTI Tag Weak OopStorage      Min:  0.0, Avg:  0.0, Max:  0.0, Diff:  0.0, Sum:  0.0, Workers: 4
[1.922s][debug][gc,phases      ] GC(1)     Dead                           Min: 0, Avg:  0.0, Max: 0, Diff: 0, Sum: 0, Workers: 4
[1.922s][debug][gc,phases      ] GC(1)     Total                          Min: 0, Avg:  0.0, Max: 0, Diff: 0, Sum: 0, Workers: 4
[1.922s][debug][gc,phases      ] GC(1)   StringTable Weak               Min:  0.0, Avg:  0.0, Max:  0.0, Diff:  0.0, Sum:  0.1, Workers: 4
[1.922s][debug][gc,phases      ] GC(1)     Dead                           Min: 0, Avg:  0.0, Max: 0, Diff: 0, Sum: 0, Workers: 4
[1.922s][debug][gc,phases      ] GC(1)     Total                          Min: 0, Avg: 1973.8, Max: 2775, Diff: 2775, Sum: 7895, Workers: 4
[1.922s][debug][gc,phases      ] GC(1)   ResolvedMethodTable Weak       Min:  0.0, Avg:  0.0, Max:  0.0, Diff:  0.0, Sum:  0.0, Workers: 4
[1.922s][debug][gc,phases      ] GC(1)     Dead                           Min: 0, Avg:  0.0, Max: 0, Diff: 0, Sum: 0, Workers: 4
[1.922s][debug][gc,phases      ] GC(1)     Total                          Min: 0, Avg: 453.5, Max: 662, Diff: 662, Sum: 1814, Workers: 4
[1.922s][debug][gc,phases      ] GC(1)   JNI Weak                       Min:  0.0, Avg:  0.0, Max:  0.0, Diff:  0.0, Sum:  0.0, Workers: 4
[1.922s][debug][gc,phases      ] GC(1)     Dead                           Min: 0, Avg:  0.0, Max: 0, Diff: 0, Sum: 0, Workers: 4
[1.922s][debug][gc,phases      ] GC(1)     Total                          Min: 0, Avg: 12.0, Max: 48, Diff: 48, Sum: 48, Workers: 4
[1.922s][debug][gc,phases      ] GC(1)   StringDedup Table Weak         Min:  0.0, Avg:  0.0, Max:  0.0, Diff:  0.0, Sum:  0.0, Workers: 4
[1.922s][debug][gc,phases      ] GC(1)     Dead                           Min: 0, Avg:  0.0, Max: 0, Diff: 0, Sum: 0, Workers: 4
[1.922s][debug][gc,phases      ] GC(1)     Total                          Min: 0, Avg:  0.0, Max: 0, Diff: 0, Sum: 0, Workers: 4
[1.922s][debug][gc,phases      ] GC(1)   StringDedup Requests0 Weak     Min:  0.0, Avg:  0.0, Max:  0.0, Diff:  0.0, Sum:  0.0, Workers: 4
[1.922s][debug][gc,phases      ] GC(1)     Dead                           Min: 0, Avg:  0.0, Max: 0, Diff: 0, Sum: 0, Workers: 4
[1.922s][debug][gc,phases      ] GC(1)     Total                          Min: 0, Avg:  0.0, Max: 0, Diff: 0, Sum: 0, Workers: 4
[1.922s][debug][gc,phases      ] GC(1)   StringDedup Requests1 Weak     Min:  0.0, Avg:  0.0, Max:  0.0, Diff:  0.0, Sum:  0.0, Workers: 4
[1.923s][debug][gc,phases      ] GC(1)     Dead                           Min: 0, Avg:  0.0, Max: 0, Diff: 0, Sum: 0, Workers: 4
[1.923s][debug][gc,phases      ] GC(1)     Total                          Min: 0, Avg:  0.0, Max: 0, Diff: 0, Sum: 0, Workers: 4
[1.923s][debug][gc,phases      ] GC(1)   Weak JFR Old Object Samples    Min:  0.0, Avg:  0.0, Max:  0.0, Diff:  0.0, Sum:  0.0, Workers: 4
[1.923s][debug][gc,phases      ] GC(1)     Dead                           Min: 0, Avg:  0.0, Max: 0, Diff: 0, Sum: 0, Workers: 4
[1.923s][debug][gc,phases      ] GC(1)     Total                          Min: 0, Avg:  0.0, Max: 0, Diff: 0, Sum: 0, Workers: 4
[1.923s][debug][gc,phases      ] GC(1) Weak Processing 0.241ms
[1.923s][debug][gc,phases      ] GC(1) ClassLoaderData 0.027ms
[1.923s][debug][gc,phases      ] GC(1) Trigger cleanups 0.000ms
[1.928s][debug][gc,phases      ] GC(1) Purge Unlinked NMethods 0.001ms
[1.928s][debug][gc,phases      ] GC(1) Unregister NMethods 0.019ms
[1.928s][debug][gc,phases      ] GC(1) Free Code Blobs 0.002ms
[1.928s][debug][gc,phases      ] GC(1) Class Unloading 5.311ms
[1.928s][debug][gc,phases      ] GC(1) Report Object Count 0.001ms
[1.928s][info ][gc,phases      ] GC(1) Marking Phase 14.634ms
[1.928s][info ][gc,phases,start] GC(1) Summary Phase
[1.928s][info ][gc,phases      ] GC(1) Summary Phase 0.007ms
[1.928s][info ][gc,phases,start] GC(1) Adjust Roots
[1.932s][info ][gc,phases      ] GC(1) Adjust Roots 4.339ms
[1.932s][info ][gc,phases,start] GC(1) Compaction Phase
[1.952s][info ][gc,phases      ] GC(1) Compaction Phase 19.555ms
[1.952s][info ][gc,phases,start] GC(1) Post Compact
[1.953s][debug][gc,phases      ] GC(1) Purge Class Loader Data 0.844ms
[1.953s][info ][gc,phases      ] GC(1) Post Compact 1.628ms
[1.953s][info ][gc,heap        ] GC(1) PSYoungGen: 37337K(1572864K)->32099K(1572864K) Eden: 0K(1048576K)->0K(1048576K) From: 37337K(524288K)->32099K(524288K)
[1.953s][info ][gc,heap        ] GC(1) ParOldGen: 1145K(6144K)->6085K(6144K)
[1.953s][info ][gc,metaspace   ] GC(1) Metaspace: 21102K(21504K)->21102K(21504K) NonClass: 18811K(19008K)->18811K(19008K) Class: 2290K(2496K)->2290K(2496K)
[1.953s][info ][gc             ] GC(1) Pause Full (Metadata GC Threshold) 37M->37M(1542M) 40.271ms
[1.953s][info ][gc,cpu         ] GC(1) User=0.12s Sys=0.00s Real=0.04s
[1.954s][info ][safepoint      ] Safepoint "CollectForMetadataAllocation", Time since last: 168638177 ns, Reaching safepoint: 3300 ns, Cleanup: 69100 ns, At safepoint: 57598393 ns, Total: 57670793 ns
[2.353s][info ][safepoint      ] Safepoint "ICBufferFull", Time since last: 399744615 ns, Reaching safepoint: 88700 ns, Cleanup: 112200 ns, At safepoint: 8500 ns, Total: 209400 ns
[2.553s][info ][safepoint      ] Safepoint "ICBufferFull", Time since last: 199258612 ns, Reaching safepoint: 2900 ns, Cleanup: 109500 ns, At safepoint: 5100 ns, Total: 117500 ns
[2.686s][info ][safepoint      ] Safepoint "ICBufferFull", Time since last: 132773408 ns, Reaching safepoint: 2700 ns, Cleanup: 96100 ns, At safepoint: 5600 ns, Total: 104400 ns
[3.117s][info ][safepoint      ] Safepoint "ICBufferFull", Time since last: 430728426 ns, Reaching safepoint: 4500 ns, Cleanup: 127600 ns, At safepoint: 6600 ns, Total: 138700 ns
[3.283s][info ][gc,start       ] GC(2) Pause Young (Metadata GC Threshold)
[3.318s][debug][gc,phases      ] GC(2) Scavenge 34.948ms
[3.319s][debug][gc,ref         ] GC(2) ReferenceProcessor::execute queues: 4, RefProcThreadModel::Multi, marks_oops_alive: false
[3.319s][debug][gc,ref         ] GC(2) ReferenceProcessor::execute queues: 4, RefProcThreadModel::Multi, marks_oops_alive: true
[3.319s][debug][gc,ref         ] GC(2) ReferenceProcessor::execute queues: 2, RefProcThreadModel::Multi, marks_oops_alive: false
[3.319s][debug][gc,phases      ] GC(2) Reference Processing 0.996ms
[3.320s][debug][gc,phases      ] GC(2)   VM Weak                        Min:  0.0, Avg:  0.0, Max:  0.0, Diff:  0.0, Sum:  0.0, Workers: 4
[3.320s][debug][gc,phases      ] GC(2)     Dead                           Min: 0, Avg:  0.0, Max: 0, Diff: 0, Sum: 0, Workers: 4
[3.320s][debug][gc,phases      ] GC(2)     Total                          Min: 0, Avg: 72.5, Max: 162, Diff: 162, Sum: 290, Workers: 4
[3.320s][debug][gc,phases      ] GC(2)   ObjectSynchronizer Weak        Min:  0.0, Avg:  0.0, Max:  0.0, Diff:  0.0, Sum:  0.0, Workers: 4
[3.320s][debug][gc,phases      ] GC(2)     Dead                           Min: 0, Avg:  0.0, Max: 0, Diff: 0, Sum: 0, Workers: 4
[3.320s][debug][gc,phases      ] GC(2)     Total                          Min: 0, Avg:  2.2, Max: 9, Diff: 9, Sum: 9, Workers: 4
[3.320s][debug][gc,phases      ] GC(2)   JVMTI Tag Weak OopStorage      Min:  0.0, Avg:  0.0, Max:  0.0, Diff:  0.0, Sum:  0.0, Workers: 4
[3.320s][debug][gc,phases      ] GC(2)     Dead                           Min: 0, Avg:  0.0, Max: 0, Diff: 0, Sum: 0, Workers: 4
[3.320s][debug][gc,phases      ] GC(2)     Total                          Min: 0, Avg:  0.0, Max: 0, Diff: 0, Sum: 0, Workers: 4
[3.320s][debug][gc,phases      ] GC(2)   StringTable Weak               Min:  0.1, Avg:  0.1, Max:  0.2, Diff:  0.2, Sum:  0.6, Workers: 4
[3.320s][debug][gc,phases      ] GC(2)     Dead                           Min: 0, Avg:  2.8, Max: 5, Diff: 5, Sum: 11, Workers: 4
[3.320s][debug][gc,phases      ] GC(2)     Total                          Min: 1792, Avg: 3660.0, Max: 5184, Diff: 3392, Sum: 14640, Workers: 4
[3.320s][debug][gc,phases      ] GC(2)   ResolvedMethodTable Weak       Min:  0.0, Avg:  0.0, Max:  0.1, Diff:  0.1, Sum:  0.1, Workers: 4
[3.320s][debug][gc,phases      ] GC(2)     Dead                           Min: 0, Avg: 433.5, Max: 657, Diff: 657, Sum: 1734, Workers: 4
[3.320s][debug][gc,phases      ] GC(2)     Total                          Min: 0, Avg: 1177.2, Max: 1600, Diff: 1600, Sum: 4709, Workers: 4
[3.320s][debug][gc,phases      ] GC(2)   JNI Weak                       Min:  0.0, Avg:  0.0, Max:  0.0, Diff:  0.0, Sum:  0.0, Workers: 4
[3.320s][debug][gc,phases      ] GC(2)     Dead                           Min: 0, Avg:  0.0, Max: 0, Diff: 0, Sum: 0, Workers: 4
[3.320s][debug][gc,phases      ] GC(2)     Total                          Min: 0, Avg: 13.8, Max: 53, Diff: 53, Sum: 55, Workers: 4
[3.320s][debug][gc,phases      ] GC(2)   StringDedup Table Weak         Min:  0.0, Avg:  0.0, Max:  0.0, Diff:  0.0, Sum:  0.0, Workers: 4
[3.320s][debug][gc,phases      ] GC(2)     Dead                           Min: 0, Avg:  0.0, Max: 0, Diff: 0, Sum: 0, Workers: 4
[3.320s][debug][gc,phases      ] GC(2)     Total                          Min: 0, Avg:  0.0, Max: 0, Diff: 0, Sum: 0, Workers: 4
[3.320s][debug][gc,phases      ] GC(2)   StringDedup Requests0 Weak     Min:  0.0, Avg:  0.0, Max:  0.0, Diff:  0.0, Sum:  0.0, Workers: 4
[3.320s][debug][gc,phases      ] GC(2)     Dead                           Min: 0, Avg:  0.0, Max: 0, Diff: 0, Sum: 0, Workers: 4
[3.320s][debug][gc,phases      ] GC(2)     Total                          Min: 0, Avg:  0.0, Max: 0, Diff: 0, Sum: 0, Workers: 4
[3.320s][debug][gc,phases      ] GC(2)   StringDedup Requests1 Weak     Min:  0.0, Avg:  0.0, Max:  0.0, Diff:  0.0, Sum:  0.0, Workers: 4
[3.320s][debug][gc,phases      ] GC(2)     Dead                           Min: 0, Avg:  0.0, Max: 0, Diff: 0, Sum: 0, Workers: 4
[3.320s][debug][gc,phases      ] GC(2)     Total                          Min: 0, Avg:  0.0, Max: 0, Diff: 0, Sum: 0, Workers: 4
[3.320s][debug][gc,phases      ] GC(2)   Weak JFR Old Object Samples    Min:  0.0, Avg:  0.0, Max:  0.0, Diff:  0.0, Sum:  0.0, Workers: 4
[3.320s][debug][gc,phases      ] GC(2)     Dead                           Min: 0, Avg:  0.0, Max: 0, Diff: 0, Sum: 0, Workers: 4
[3.320s][debug][gc,phases      ] GC(2)     Total                          Min: 0, Avg:  0.0, Max: 0, Diff: 0, Sum: 0, Workers: 4
[3.320s][debug][gc,phases      ] GC(2) Weak Processing 0.477ms
[3.320s][debug][gc,age         ] GC(2) Desired survivor size 536870912 bytes, new threshold 7 (max threshold 15)
[3.320s][info ][gc,heap        ] GC(2) PSYoungGen: 514445K(1572864K)->55400K(1572864K) Eden: 482345K(1048576K)->0K(1048576K) From: 32099K(524288K)->55400K(524288K)
[3.320s][info ][gc,heap        ] GC(2) ParOldGen: 6085K(6144K)->6101K(6144K)
[3.320s][info ][gc,metaspace   ] GC(2) Metaspace: 35401K(35840K)->35401K(35840K) NonClass: 30884K(31104K)->30884K(31104K) Class: 4517K(4736K)->4517K(4736K)
[3.320s][info ][gc             ] GC(2) Pause Young (Metadata GC Threshold) 508M->60M(1542M) 36.568ms
[3.320s][info ][gc,cpu         ] GC(2) User=0.11s Sys=0.02s Real=0.04s
[3.320s][debug][gc,phases      ] GC(3) Pre Compact 0.012ms
[3.320s][info ][gc,start       ] GC(3) Pause Full (Metadata GC Threshold)
[3.320s][info ][gc,phases,start] GC(3) Marking Phase
[3.345s][debug][gc,phases      ] GC(3) Par Mark 25.292ms
[3.346s][debug][gc,ref         ] GC(3) ReferenceProcessor::execute queues: 3, RefProcThreadModel::Multi, marks_oops_alive: false
[3.346s][debug][gc,ref         ] GC(3) ReferenceProcessor::execute queues: 4, RefProcThreadModel::Multi, marks_oops_alive: true
[3.346s][debug][gc,ref         ] GC(3) ReferenceProcessor::execute queues: 1, RefProcThreadModel::Single, marks_oops_alive: false
[3.346s][debug][gc,phases      ] GC(3) Reference Processing 0.629ms
[3.346s][debug][gc,phases      ] GC(3)   VM Weak                        Min:  0.0, Avg:  0.0, Max:  0.0, Diff:  0.0, Sum:  0.0, Workers: 4
[3.346s][debug][gc,phases      ] GC(3)     Dead                           Min: 0, Avg:  0.0, Max: 0, Diff: 0, Sum: 0, Workers: 4
[3.346s][debug][gc,phases      ] GC(3)     Total                          Min: 0, Avg: 72.5, Max: 162, Diff: 162, Sum: 290, Workers: 4
[3.346s][debug][gc,phases      ] GC(3)   ObjectSynchronizer Weak        Min:  0.0, Avg:  0.0, Max:  0.0, Diff:  0.0, Sum:  0.0, Workers: 4
[3.346s][debug][gc,phases      ] GC(3)     Dead                           Min: 0, Avg:  0.0, Max: 0, Diff: 0, Sum: 0, Workers: 4
[3.346s][debug][gc,phases      ] GC(3)     Total                          Min: 0, Avg:  2.2, Max: 9, Diff: 9, Sum: 9, Workers: 4
[3.346s][debug][gc,phases      ] GC(3)   JVMTI Tag Weak OopStorage      Min:  0.0, Avg:  0.0, Max:  0.0, Diff:  0.0, Sum:  0.0, Workers: 4
[3.346s][debug][gc,phases      ] GC(3)     Dead                           Min: 0, Avg:  0.0, Max: 0, Diff: 0, Sum: 0, Workers: 4
[3.346s][debug][gc,phases      ] GC(3)     Total                          Min: 0, Avg:  0.0, Max: 0, Diff: 0, Sum: 0, Workers: 4
[3.346s][debug][gc,phases      ] GC(3)   StringTable Weak               Min:  0.0, Avg:  0.0, Max:  0.1, Diff:  0.1, Sum:  0.2, Workers: 4
[3.346s][debug][gc,phases      ] GC(3)     Dead                           Min: 0, Avg:  0.0, Max: 0, Diff: 0, Sum: 0, Workers: 4
[3.346s][debug][gc,phases      ] GC(3)     Total                          Min: 0, Avg: 3660.0, Max: 5296, Diff: 5296, Sum: 14640, Workers: 4
[3.346s][debug][gc,phases      ] GC(3)   ResolvedMethodTable Weak       Min:  0.0, Avg:  0.0, Max:  0.0, Diff:  0.0, Sum:  0.1, Workers: 4
[3.346s][debug][gc,phases      ] GC(3)     Dead                           Min: 0, Avg:  0.0, Max: 0, Diff: 0, Sum: 0, Workers: 4
[3.346s][debug][gc,phases      ] GC(3)     Total                          Min: 0, Avg: 1177.2, Max: 1600, Diff: 1600, Sum: 4709, Workers: 4
[3.346s][debug][gc,phases      ] GC(3)   JNI Weak                       Min:  0.0, Avg:  0.0, Max:  0.0, Diff:  0.0, Sum:  0.0, Workers: 4
[3.346s][debug][gc,phases      ] GC(3)     Dead                           Min: 0, Avg:  0.0, Max: 0, Diff: 0, Sum: 0, Workers: 4
[3.346s][debug][gc,phases      ] GC(3)     Total                          Min: 0, Avg: 13.8, Max: 53, Diff: 53, Sum: 55, Workers: 4
[3.346s][debug][gc,phases      ] GC(3)   StringDedup Table Weak         Min:  0.0, Avg:  0.0, Max:  0.0, Diff:  0.0, Sum:  0.0, Workers: 4
[3.346s][debug][gc,phases      ] GC(3)     Dead                           Min: 0, Avg:  0.0, Max: 0, Diff: 0, Sum: 0, Workers: 4
[3.346s][debug][gc,phases      ] GC(3)     Total                          Min: 0, Avg:  0.0, Max: 0, Diff: 0, Sum: 0, Workers: 4
[3.346s][debug][gc,phases      ] GC(3)   StringDedup Requests0 Weak     Min:  0.0, Avg:  0.0, Max:  0.0, Diff:  0.0, Sum:  0.0, Workers: 4
[3.346s][debug][gc,phases      ] GC(3)     Dead                           Min: 0, Avg:  0.0, Max: 0, Diff: 0, Sum: 0, Workers: 4
[3.346s][debug][gc,phases      ] GC(3)     Total                          Min: 0, Avg:  0.0, Max: 0, Diff: 0, Sum: 0, Workers: 4
[3.346s][debug][gc,phases      ] GC(3)   StringDedup Requests1 Weak     Min:  0.0, Avg:  0.0, Max:  0.0, Diff:  0.0, Sum:  0.0, Workers: 4
[3.346s][debug][gc,phases      ] GC(3)     Dead                           Min: 0, Avg:  0.0, Max: 0, Diff: 0, Sum: 0, Workers: 4
[3.346s][debug][gc,phases      ] GC(3)     Total                          Min: 0, Avg:  0.0, Max: 0, Diff: 0, Sum: 0, Workers: 4
[3.346s][debug][gc,phases      ] GC(3)   Weak JFR Old Object Samples    Min:  0.0, Avg:  0.0, Max:  0.0, Diff:  0.0, Sum:  0.0, Workers: 4
[3.346s][debug][gc,phases      ] GC(3)     Dead                           Min: 0, Avg:  0.0, Max: 0, Diff: 0, Sum: 0, Workers: 4
[3.346s][debug][gc,phases      ] GC(3)     Total                          Min: 0, Avg:  0.0, Max: 0, Diff: 0, Sum: 0, Workers: 4
[3.346s][debug][gc,phases      ] GC(3) Weak Processing 0.339ms
[3.346s][debug][gc,phases      ] GC(3) ClassLoaderData 0.035ms
[3.346s][debug][gc,phases      ] GC(3) Trigger cleanups 0.000ms
[3.359s][debug][gc,phases      ] GC(3) Purge Unlinked NMethods 0.519ms
[3.359s][debug][gc,phases      ] GC(3) Unregister NMethods 0.016ms
[3.359s][debug][gc,phases      ] GC(3) Free Code Blobs 0.138ms
[3.359s][debug][gc,phases      ] GC(3) Class Unloading 12.630ms
[3.359s][debug][gc,phases      ] GC(3) Report Object Count 0.001ms
[3.359s][info ][gc,phases      ] GC(3) Marking Phase 38.970ms
[3.359s][info ][gc,phases,start] GC(3) Summary Phase
[3.359s][info ][gc,phases      ] GC(3) Summary Phase 0.008ms
[3.359s][info ][gc,phases,start] GC(3) Adjust Roots
[3.364s][info ][gc,phases      ] GC(3) Adjust Roots 5.276ms
[3.364s][info ][gc,phases,start] GC(3) Compaction Phase
[3.562s][info ][gc,phases      ] GC(3) Compaction Phase 197.151ms
[3.562s][info ][gc,phases,start] GC(3) Post Compact
[3.563s][debug][gc,phases      ] GC(3) Purge Class Loader Data 1.295ms
[3.563s][info ][gc,phases      ] GC(3) Post Compact 1.954ms
[3.564s][info ][gc,heap        ] GC(3) PSYoungGen: 55400K(1572864K)->55213K(1572864K) Eden: 0K(1048576K)->0K(1048576K) From: 55400K(524288K)->55213K(524288K)
[3.564s][info ][gc,heap        ] GC(3) ParOldGen: 6101K(6144K)->6061K(6144K)
[3.564s][info ][gc,metaspace   ] GC(3) Metaspace: 35401K(35840K)->35401K(35840K) NonClass: 30884K(31104K)->30884K(31104K) Class: 4517K(4736K)->4517K(4736K)
[3.564s][info ][gc             ] GC(3) Pause Full (Metadata GC Threshold) 60M->59M(1542M) 243.481ms
[3.564s][info ][gc,cpu         ] GC(3) User=0.54s Sys=0.01s Real=0.24s
[3.564s][info ][safepoint      ] Safepoint "CollectForMetadataAllocation", Time since last: 166706711 ns, Reaching safepoint: 3000 ns, Cleanup: 80600 ns, At safepoint: 280215017 ns, Total: 280298617 ns
[3.697s][info ][safepoint      ] Safepoint "ICBufferFull", Time since last: 133471108 ns, Reaching safepoint: 3900 ns, Cleanup: 125600 ns, At safepoint: 1700 ns, Total: 131200 ns
[3.897s][info ][safepoint      ] Safepoint "ICBufferFull", Time since last: 199104512 ns, Reaching safepoint: 74600 ns, Cleanup: 138500 ns, At safepoint: 6000 ns, Total: 219100 ns
[4.007s][info ][safepoint      ] Safepoint "ICBufferFull", Time since last: 109847107 ns, Reaching safepoint: 80600 ns, Cleanup: 116700 ns, At safepoint: 7500 ns, Total: 204800 ns
[4.344s][info ][safepoint      ] Safepoint "ICBufferFull", Time since last: 337646720 ns, Reaching safepoint: 3300 ns, Cleanup: 125400 ns, At safepoint: 7900 ns, Total: 136600 ns
[4.463s][info ][safepoint      ] Safepoint "ICBufferFull", Time since last: 118020808 ns, Reaching safepoint: 75000 ns, Cleanup: 109100 ns, At safepoint: 9900 ns, Total: 194000 ns
[4.758s][info ][safepoint      ] Safepoint "ICBufferFull", Time since last: 295768018 ns, Reaching safepoint: 3600 ns, Cleanup: 129600 ns, At safepoint: 1600 ns, Total: 134800 ns
[5.092s][info ][safepoint      ] Safepoint "ICBufferFull", Time since last: 333098720 ns, Reaching safepoint: 4400 ns, Cleanup: 127000 ns, At safepoint: 1400 ns, Total: 132800 ns
[5.663s][info ][gc,start       ] GC(4) Pause Young (Metadata GC Threshold)
[5.705s][debug][gc,phases      ] GC(4) Scavenge 41.790ms
[5.705s][debug][gc,ref         ] GC(4) ReferenceProcessor::execute queues: 4, RefProcThreadModel::Multi, marks_oops_alive: false
[5.706s][debug][gc,ref         ] GC(4) Skipped KeepAliveFinalRefsPhase of Reference Processing: no references
[5.706s][debug][gc,ref         ] GC(4) ReferenceProcessor::execute queues: 4, RefProcThreadModel::Multi, marks_oops_alive: false
[5.706s][debug][gc,phases      ] GC(4) Reference Processing 1.507ms
[5.707s][debug][gc,phases      ] GC(4)   VM Weak                        Min:  0.0, Avg:  0.0, Max:  0.0, Diff:  0.0, Sum:  0.0, Workers: 4
[5.707s][debug][gc,phases      ] GC(4)     Dead                           Min: 0, Avg:  0.0, Max: 0, Diff: 0, Sum: 0, Workers: 4
[5.707s][debug][gc,phases      ] GC(4)     Total                          Min: 0, Avg: 118.5, Max: 346, Diff: 346, Sum: 474, Workers: 4
[5.707s][debug][gc,phases      ] GC(4)   ObjectSynchronizer Weak        Min:  0.0, Avg:  0.0, Max:  0.0, Diff:  0.0, Sum:  0.0, Workers: 4
[5.707s][debug][gc,phases      ] GC(4)     Dead                           Min: 0, Avg:  0.0, Max: 0, Diff: 0, Sum: 0, Workers: 4
[5.707s][debug][gc,phases      ] GC(4)     Total                          Min: 0, Avg:  2.5, Max: 10, Diff: 10, Sum: 10, Workers: 4
[5.707s][debug][gc,phases      ] GC(4)   JVMTI Tag Weak OopStorage      Min:  0.0, Avg:  0.0, Max:  0.0, Diff:  0.0, Sum:  0.0, Workers: 4
[5.707s][debug][gc,phases      ] GC(4)     Dead                           Min: 0, Avg:  0.0, Max: 0, Diff: 0, Sum: 0, Workers: 4
[5.707s][debug][gc,phases      ] GC(4)     Total                          Min: 0, Avg:  0.0, Max: 0, Diff: 0, Sum: 0, Workers: 4
[5.707s][debug][gc,phases      ] GC(4)   StringTable Weak               Min:  0.0, Avg:  0.2, Max:  0.4, Diff:  0.4, Sum:  0.8, Workers: 4
[5.707s][debug][gc,phases      ] GC(4)     Dead                           Min: 0, Avg:  3.5, Max: 9, Diff: 9, Sum: 14, Workers: 4
[5.707s][debug][gc,phases      ] GC(4)     Total                          Min: 0, Avg: 6993.5, Max: 14534, Diff: 14534, Sum: 27974, Workers: 4
[5.707s][debug][gc,phases      ] GC(4)   ResolvedMethodTable Weak       Min:  0.0, Avg:  0.1, Max:  0.2, Diff:  0.2, Sum:  0.4, Workers: 4
[5.707s][debug][gc,phases      ] GC(4)     Dead                           Min: 0, Avg: 1034.2, Max: 2088, Diff: 2088, Sum: 4137, Workers: 4
[5.707s][debug][gc,phases      ] GC(4)     Total                          Min: 0, Avg: 2952.5, Max: 6050, Diff: 6050, Sum: 11810, Workers: 4
[5.707s][debug][gc,phases      ] GC(4)   JNI Weak                       Min:  0.0, Avg:  0.0, Max:  0.0, Diff:  0.0, Sum:  0.0, Workers: 4
[5.707s][debug][gc,phases      ] GC(4)     Dead                           Min: 0, Avg:  0.0, Max: 0, Diff: 0, Sum: 0, Workers: 4
[5.707s][debug][gc,phases      ] GC(4)     Total                          Min: 0, Avg: 12.0, Max: 48, Diff: 48, Sum: 48, Workers: 4
[5.707s][debug][gc,phases      ] GC(4)   StringDedup Table Weak         Min:  0.0, Avg:  0.0, Max:  0.0, Diff:  0.0, Sum:  0.0, Workers: 4
[5.707s][debug][gc,phases      ] GC(4)     Dead                           Min: 0, Avg:  0.0, Max: 0, Diff: 0, Sum: 0, Workers: 4
[5.707s][debug][gc,phases      ] GC(4)     Total                          Min: 0, Avg:  0.0, Max: 0, Diff: 0, Sum: 0, Workers: 4
[5.707s][debug][gc,phases      ] GC(4)   StringDedup Requests0 Weak     Min:  0.0, Avg:  0.0, Max:  0.0, Diff:  0.0, Sum:  0.0, Workers: 4
[5.707s][debug][gc,phases      ] GC(4)     Dead                           Min: 0, Avg:  0.0, Max: 0, Diff: 0, Sum: 0, Workers: 4
[5.707s][debug][gc,phases      ] GC(4)     Total                          Min: 0, Avg:  0.0, Max: 0, Diff: 0, Sum: 0, Workers: 4
[5.707s][debug][gc,phases      ] GC(4)   StringDedup Requests1 Weak     Min:  0.0, Avg:  0.0, Max:  0.0, Diff:  0.0, Sum:  0.0, Workers: 4
[5.707s][debug][gc,phases      ] GC(4)     Dead                           Min: 0, Avg:  0.0, Max: 0, Diff: 0, Sum: 0, Workers: 4
[5.707s][debug][gc,phases      ] GC(4)     Total                          Min: 0, Avg:  0.0, Max: 0, Diff: 0, Sum: 0, Workers: 4
[5.707s][debug][gc,phases      ] GC(4)   Weak JFR Old Object Samples    Min:  0.0, Avg:  0.0, Max:  0.0, Diff:  0.0, Sum:  0.0, Workers: 4
[5.707s][debug][gc,phases      ] GC(4)     Dead                           Min: 0, Avg:  0.0, Max: 0, Diff: 0, Sum: 0, Workers: 4
[5.707s][debug][gc,phases      ] GC(4)     Total                          Min: 0, Avg:  0.0, Max: 0, Diff: 0, Sum: 0, Workers: 4
[5.707s][debug][gc,phases      ] GC(4) Weak Processing 0.877ms
[5.707s][debug][gc,age         ] GC(4) Desired survivor size 536870912 bytes, new threshold 7 (max threshold 15)
[5.707s][info ][gc,heap        ] GC(4) PSYoungGen: 516589K(1572864K)->78021K(1572864K) Eden: 461375K(1048576K)->0K(1048576K) From: 55213K(524288K)->78021K(524288K)
[5.707s][info ][gc,heap        ] GC(4) ParOldGen: 6061K(6144K)->6085K(6144K)
[5.707s][info ][gc,metaspace   ] GC(4) Metaspace: 59101K(59776K)->59101K(59776K) NonClass: 49627K(50048K)->49627K(50048K) Class: 9474K(9728K)->9474K(9728K)
[5.707s][info ][gc             ] GC(4) Pause Young (Metadata GC Threshold) 510M->82M(1542M) 44.320ms
[5.707s][info ][gc,cpu         ] GC(4) User=0.15s Sys=0.00s Real=0.04s
[5.707s][debug][gc,phases      ] GC(5) Pre Compact 0.012ms
[5.707s][info ][gc,start       ] GC(5) Pause Full (Metadata GC Threshold)
[5.707s][info ][gc,phases,start] GC(5) Marking Phase
[5.742s][debug][gc,phases      ] GC(5) Par Mark 34.533ms
[5.742s][debug][gc,ref         ] GC(5) ReferenceProcessor::execute queues: 4, RefProcThreadModel::Multi, marks_oops_alive: false
[5.742s][debug][gc,ref         ] GC(5) ReferenceProcessor::execute queues: 4, RefProcThreadModel::Multi, marks_oops_alive: true
[5.742s][debug][gc,ref         ] GC(5) ReferenceProcessor::execute queues: 1, RefProcThreadModel::Single, marks_oops_alive: false
[5.742s][debug][gc,phases      ] GC(5) Reference Processing 0.549ms
[5.742s][debug][gc,phases      ] GC(5)   VM Weak                        Min:  0.0, Avg:  0.0, Max:  0.0, Diff:  0.0, Sum:  0.0, Workers: 4
[5.742s][debug][gc,phases      ] GC(5)     Dead                           Min: 0, Avg:  0.0, Max: 0, Diff: 0, Sum: 0, Workers: 4
[5.742s][debug][gc,phases      ] GC(5)     Total                          Min: 0, Avg: 118.5, Max: 410, Diff: 410, Sum: 474, Workers: 4
[5.742s][debug][gc,phases      ] GC(5)   ObjectSynchronizer Weak        Min:  0.0, Avg:  0.0, Max:  0.0, Diff:  0.0, Sum:  0.0, Workers: 4
[5.742s][debug][gc,phases      ] GC(5)     Dead                           Min: 0, Avg:  0.0, Max: 0, Diff: 0, Sum: 0, Workers: 4
[5.742s][debug][gc,phases      ] GC(5)     Total                          Min: 0, Avg:  2.5, Max: 10, Diff: 10, Sum: 10, Workers: 4
[5.743s][debug][gc,phases      ] GC(5)   JVMTI Tag Weak OopStorage      Min:  0.0, Avg:  0.0, Max:  0.0, Diff:  0.0, Sum:  0.0, Workers: 4
[5.743s][debug][gc,phases      ] GC(5)     Dead                           Min: 0, Avg:  0.0, Max: 0, Diff: 0, Sum: 0, Workers: 4
[5.743s][debug][gc,phases      ] GC(5)     Total                          Min: 0, Avg:  0.0, Max: 0, Diff: 0, Sum: 0, Workers: 4
[5.743s][debug][gc,phases      ] GC(5)   StringTable Weak               Min:  0.1, Avg:  0.1, Max:  0.1, Diff:  0.0, Sum:  0.4, Workers: 4
[5.743s][debug][gc,phases      ] GC(5)     Dead                           Min: 0, Avg:  0.0, Max: 0, Diff: 0, Sum: 0, Workers: 4
[5.743s][debug][gc,phases      ] GC(5)     Total                          Min: 6720, Avg: 6993.5, Max: 7360, Diff: 640, Sum: 27974, Workers: 4
[5.743s][debug][gc,phases      ] GC(5)   ResolvedMethodTable Weak       Min:  0.0, Avg:  0.0, Max:  0.0, Diff:  0.0, Sum:  0.1, Workers: 4
[5.743s][debug][gc,phases      ] GC(5)     Dead                           Min: 0, Avg:  0.0, Max: 0, Diff: 0, Sum: 0, Workers: 4
[5.743s][debug][gc,phases      ] GC(5)     Total                          Min: 2816, Avg: 2952.5, Max: 3008, Diff: 192, Sum: 11810, Workers: 4
[5.743s][debug][gc,phases      ] GC(5)   JNI Weak                       Min:  0.0, Avg:  0.0, Max:  0.0, Diff:  0.0, Sum:  0.0, Workers: 4
[5.743s][debug][gc,phases      ] GC(5)     Dead                           Min: 0, Avg:  0.0, Max: 0, Diff: 0, Sum: 0, Workers: 4
[5.743s][debug][gc,phases      ] GC(5)     Total                          Min: 0, Avg: 12.0, Max: 48, Diff: 48, Sum: 48, Workers: 4
[5.743s][debug][gc,phases      ] GC(5)   StringDedup Table Weak         Min:  0.0, Avg:  0.0, Max:  0.0, Diff:  0.0, Sum:  0.0, Workers: 4
[5.743s][debug][gc,phases      ] GC(5)     Dead                           Min: 0, Avg:  0.0, Max: 0, Diff: 0, Sum: 0, Workers: 4
[5.743s][debug][gc,phases      ] GC(5)     Total                          Min: 0, Avg:  0.0, Max: 0, Diff: 0, Sum: 0, Workers: 4
[5.743s][debug][gc,phases      ] GC(5)   StringDedup Requests0 Weak     Min:  0.0, Avg:  0.0, Max:  0.0, Diff:  0.0, Sum:  0.0, Workers: 4
[5.743s][debug][gc,phases      ] GC(5)     Dead                           Min: 0, Avg:  0.0, Max: 0, Diff: 0, Sum: 0, Workers: 4
[5.743s][debug][gc,phases      ] GC(5)     Total                          Min: 0, Avg:  0.0, Max: 0, Diff: 0, Sum: 0, Workers: 4
[5.743s][debug][gc,phases      ] GC(5)   StringDedup Requests1 Weak     Min:  0.0, Avg:  0.0, Max:  0.0, Diff:  0.0, Sum:  0.0, Workers: 4
[5.743s][debug][gc,phases      ] GC(5)     Dead                           Min: 0, Avg:  0.0, Max: 0, Diff: 0, Sum: 0, Workers: 4
[5.743s][debug][gc,phases      ] GC(5)     Total                          Min: 0, Avg:  0.0, Max: 0, Diff: 0, Sum: 0, Workers: 4
[5.743s][debug][gc,phases      ] GC(5)   Weak JFR Old Object Samples    Min:  0.0, Avg:  0.0, Max:  0.0, Diff:  0.0, Sum:  0.0, Workers: 4
[5.743s][debug][gc,phases      ] GC(5)     Dead                           Min: 0, Avg:  0.0, Max: 0, Diff: 0, Sum: 0, Workers: 4
[5.743s][debug][gc,phases      ] GC(5)     Total                          Min: 0, Avg:  0.0, Max: 0, Diff: 0, Sum: 0, Workers: 4
[5.743s][debug][gc,phases      ] GC(5) Weak Processing 0.327ms
[5.743s][debug][gc,phases      ] GC(5) ClassLoaderData 0.057ms
[5.743s][debug][gc,phases      ] GC(5) Trigger cleanups 0.000ms
[5.751s][debug][gc,phases      ] GC(5) Purge Unlinked NMethods 0.205ms
[5.751s][debug][gc,phases      ] GC(5) Unregister NMethods 0.014ms
[5.751s][debug][gc,phases      ] GC(5) Free Code Blobs 0.042ms
[5.751s][debug][gc,phases      ] GC(5) Class Unloading 8.148ms
[5.751s][debug][gc,phases      ] GC(5) Report Object Count 0.001ms
[5.751s][info ][gc,phases      ] GC(5) Marking Phase 43.625ms
[5.751s][info ][gc,phases,start] GC(5) Summary Phase
[5.751s][info ][gc,phases      ] GC(5) Summary Phase 0.007ms
[5.751s][info ][gc,phases,start] GC(5) Adjust Roots
[5.758s][info ][gc,phases      ] GC(5) Adjust Roots 6.888ms
[5.758s][info ][gc,phases,start] GC(5) Compaction Phase
[6.062s][info ][gc,phases      ] GC(5) Compaction Phase 304.421ms
[6.062s][info ][gc,phases,start] GC(5) Post Compact
[6.063s][debug][gc,phases      ] GC(5) Purge Class Loader Data 0.274ms
[6.063s][info ][gc,phases      ] GC(5) Post Compact 0.838ms
[6.063s][info ][gc,heap        ] GC(5) PSYoungGen: 78021K(1572864K)->77788K(1572864K) Eden: 0K(1048576K)->0K(1048576K) From: 78021K(524288K)->77788K(524288K)
[6.063s][info ][gc,heap        ] GC(5) ParOldGen: 6085K(6144K)->6028K(6144K)
[6.063s][info ][gc,metaspace   ] GC(5) Metaspace: 59101K(59776K)->59101K(59776K) NonClass: 49627K(50048K)->49627K(50048K) Class: 9474K(9728K)->9474K(9728K)
[6.063s][info ][gc             ] GC(5) Pause Full (Metadata GC Threshold) 82M->81M(1542M) 355.910ms
[6.063s][info ][gc,cpu         ] GC(5) User=0.76s Sys=0.00s Real=0.36s
[6.063s][info ][safepoint      ] Safepoint "CollectForMetadataAllocation", Time since last: 570931135 ns, Reaching safepoint: 3300 ns, Cleanup: 98000 ns, At safepoint: 400385724 ns, Total: 400487024 ns
[6.399s][info ][safepoint      ] Safepoint "ICBufferFull", Time since last: 335285621 ns, Reaching safepoint: 79400 ns, Cleanup: 149100 ns, At safepoint: 9600 ns, Total: 238100 ns
[6.539s][info ][safepoint      ] Safepoint "ICBufferFull", Time since last: 140398008 ns, Reaching safepoint: 3200 ns, Cleanup: 109600 ns, At safepoint: 6300 ns, Total: 119100 ns
[6.615s][info ][safepoint      ] Safepoint "ICBufferFull", Time since last: 75842905 ns, Reaching safepoint: 3200 ns, Cleanup: 105200 ns, At safepoint: 1400 ns, Total: 109800 ns
[6.697s][info ][safepoint      ] Safepoint "ICBufferFull", Time since last: 81378005 ns, Reaching safepoint: 4000 ns, Cleanup: 112700 ns, At safepoint: 6100 ns, Total: 122800 ns
[6.878s][info ][safepoint      ] Safepoint "ICBufferFull", Time since last: 181321511 ns, Reaching safepoint: 3500 ns, Cleanup: 112400 ns, At safepoint: 4500 ns, Total: 120400 ns
[7.110s][info ][safepoint      ] Safepoint "ICBufferFull", Time since last: 231820614 ns, Reaching safepoint: 3200 ns, Cleanup: 96000 ns, At safepoint: 5500 ns, Total: 104700 ns
[7.260s][info ][safepoint      ] Safepoint "ICBufferFull", Time since last: 150356709 ns, Reaching safepoint: 4200 ns, Cleanup: 132001 ns, At safepoint: 2300 ns, Total: 138501 ns
[7.537s][info ][safepoint      ] Safepoint "ICBufferFull", Time since last: 276692716 ns, Reaching safepoint: 4200 ns, Cleanup: 143500 ns, At safepoint: 9900 ns, Total: 157600 ns
[7.735s][info ][safepoint      ] Safepoint "ICBufferFull", Time since last: 197132612 ns, Reaching safepoint: 4800 ns, Cleanup: 118700 ns, At safepoint: 2200 ns, Total: 125700 ns
[7.987s][info ][safepoint      ] Safepoint "ICBufferFull", Time since last: 252412916 ns, Reaching safepoint: 3900 ns, Cleanup: 130600 ns, At safepoint: 5700 ns, Total: 140200 ns
[8.365s][info ][safepoint      ] Safepoint "ICBufferFull", Time since last: 377227523 ns, Reaching safepoint: 5600 ns, Cleanup: 131000 ns, At safepoint: 9700 ns, Total: 146300 ns
[8.476s][info ][safepoint      ] Safepoint "ICBufferFull", Time since last: 111738907 ns, Reaching safepoint: 87500 ns, Cleanup: 120300 ns, At safepoint: 10400 ns, Total: 218200 ns
[8.482s][info ][safepoint      ] Safepoint "ICBufferFull", Time since last: 5065700 ns, Reaching safepoint: 157600 ns, Cleanup: 6400 ns, At safepoint: 9900 ns, Total: 173900 ns
[8.482s][info ][safepoint      ] Safepoint "ICBufferFull", Time since last: 73300 ns, Reaching safepoint: 74700 ns, Cleanup: 2400 ns, At safepoint: 9300 ns, Total: 86400 ns
[9.482s][info ][safepoint      ] Safepoint "Cleanup", Time since last: 1000092461 ns, Reaching safepoint: 82200 ns, Cleanup: 57400 ns, At safepoint: 8600 ns, Total: 148200 ns
[10.482s][info ][safepoint      ] Safepoint "Cleanup", Time since last: 1000121579 ns, Reaching safepoint: 86501 ns, Cleanup: 19600 ns, At safepoint: 14600 ns, Total: 120701 ns
[11.311s][info ][safepoint      ] Safepoint "ICBufferFull", Time since last: 828217081 ns, Reaching safepoint: 83600 ns, Cleanup: 144600 ns, At safepoint: 12700 ns, Total: 240900 ns
[11.464s][info ][safepoint      ] Safepoint "ICBufferFull", Time since last: 153021794 ns, Reaching safepoint: 5400 ns, Cleanup: 109600 ns, At safepoint: 1400 ns, Total: 116400 ns
[11.634s][info ][safepoint      ] Safepoint "ICBufferFull", Time since last: 169589293 ns, Reaching safepoint: 79100 ns, Cleanup: 120600 ns, At safepoint: 8300 ns, Total: 208000 ns
[11.817s][info ][safepoint      ] Safepoint "ICBufferFull", Time since last: 182921793 ns, Reaching safepoint: 78500 ns, Cleanup: 133600 ns, At safepoint: 10800 ns, Total: 222900 ns
[11.921s][info ][safepoint      ] Safepoint "ICBufferFull", Time since last: 103833196 ns, Reaching safepoint: 153600 ns, Cleanup: 126700 ns, At safepoint: 11500 ns, Total: 291800 ns
[12.140s][info ][safepoint      ] Safepoint "ICBufferFull", Time since last: 219318691 ns, Reaching safepoint: 6100 ns, Cleanup: 112300 ns, At safepoint: 7100 ns, Total: 125500 ns
[13.260s][info ][safepoint      ] Safepoint "Cleanup", Time since last: 1119299255 ns, Reaching safepoint: 6000 ns, Cleanup: 127500 ns, At safepoint: 2700 ns, Total: 136200 ns
[14.260s][info ][safepoint      ] Safepoint "Cleanup", Time since last: 1000120559 ns, Reaching safepoint: 167600 ns, Cleanup: 94800 ns, At safepoint: 12900 ns, Total: 275300 ns
[15.200s][info ][safepoint      ] Safepoint "ICBufferFull", Time since last: 939632262 ns, Reaching safepoint: 7400 ns, Cleanup: 144900 ns, At safepoint: 2300 ns, Total: 154600 ns
[15.689s][info ][safepoint      ] Safepoint "ICBufferFull", Time since last: 489195281 ns, Reaching safepoint: 6800 ns, Cleanup: 163700 ns, At safepoint: 7300 ns, Total: 177800 ns
[15.746s][info ][safepoint      ] Safepoint "ICBufferFull", Time since last: 56024597 ns, Reaching safepoint: 82800 ns, Cleanup: 115200 ns, At safepoint: 10700 ns, Total: 208700 ns
[15.838s][info ][safepoint      ] Safepoint "ICBufferFull", Time since last: 92373997 ns, Reaching safepoint: 82600 ns, Cleanup: 125700 ns, At safepoint: 24200 ns, Total: 232500 ns
[15.998s][info ][safepoint      ] Safepoint "ICBufferFull", Time since last: 159811493 ns, Reaching safepoint: 5400 ns, Cleanup: 132500 ns, At safepoint: 9600 ns, Total: 147500 ns
[16.138s][info ][safepoint      ] Safepoint "ICBufferFull", Time since last: 139467894 ns, Reaching safepoint: 84700 ns, Cleanup: 127300 ns, At safepoint: 10300 ns, Total: 222300 ns
[16.263s][info ][safepoint      ] Safepoint "ICBufferFull", Time since last: 125309495 ns, Reaching safepoint: 79100 ns, Cleanup: 145100 ns, At safepoint: 10200 ns, Total: 234400 ns
[16.438s][info ][safepoint      ] Safepoint "ICBufferFull", Time since last: 174003193 ns, Reaching safepoint: 81900 ns, Cleanup: 136800 ns, At safepoint: 11300 ns, Total: 230000 ns
[16.592s][info ][safepoint      ] Safepoint "ICBufferFull", Time since last: 154372994 ns, Reaching safepoint: 82000 ns, Cleanup: 130900 ns, At safepoint: 10900 ns, Total: 223800 ns
[16.600s][info ][safepoint      ] Safepoint "ParallelGCFailedAllocation", Time since last: 7843800 ns, Reaching safepoint: 5100 ns, Cleanup: 18400 ns, At safepoint: 11800 ns, Total: 35300 ns
[16.601s][info ][gc,start       ] GC(6) Pause Young (GCLocker Initiated GC)
[16.665s][debug][gc,phases      ] GC(6) Scavenge 64.900ms
[16.666s][debug][gc,ref         ] GC(6) ReferenceProcessor::execute queues: 4, RefProcThreadModel::Multi, marks_oops_alive: false
[16.666s][debug][gc,ref         ] GC(6) Skipped KeepAliveFinalRefsPhase of Reference Processing: no references
[16.666s][debug][gc,ref         ] GC(6) ReferenceProcessor::execute queues: 4, RefProcThreadModel::Multi, marks_oops_alive: false
[16.666s][debug][gc,phases      ] GC(6) Reference Processing 0.948ms
[16.667s][debug][gc,phases      ] GC(6)   VM Weak                        Min:  0.0, Avg:  0.0, Max:  0.0, Diff:  0.0, Sum:  0.0, Workers: 4
[16.667s][debug][gc,phases      ] GC(6)     Dead                           Min: 0, Avg:  0.0, Max: 0, Diff: 0, Sum: 0, Workers: 4
[16.667s][debug][gc,phases      ] GC(6)     Total                          Min: 64, Avg: 223.5, Max: 512, Diff: 448, Sum: 894, Workers: 4
[16.667s][debug][gc,phases      ] GC(6)   ObjectSynchronizer Weak        Min:  0.0, Avg:  0.0, Max:  0.0, Diff:  0.0, Sum:  0.0, Workers: 4
[16.667s][debug][gc,phases      ] GC(6)     Dead                           Min: 0, Avg:  7.8, Max: 29, Diff: 29, Sum: 31, Workers: 4
[16.667s][debug][gc,phases      ] GC(6)     Total                          Min: 0, Avg: 17.0, Max: 64, Diff: 64, Sum: 68, Workers: 4
[16.667s][debug][gc,phases      ] GC(6)   JVMTI Tag Weak OopStorage      Min:  0.0, Avg:  0.0, Max:  0.0, Diff:  0.0, Sum:  0.0, Workers: 4
[16.667s][debug][gc,phases      ] GC(6)     Dead                           Min: 0, Avg:  0.0, Max: 0, Diff: 0, Sum: 0, Workers: 4
[16.667s][debug][gc,phases      ] GC(6)     Total                          Min: 0, Avg:  0.0, Max: 0, Diff: 0, Sum: 0, Workers: 4
[16.667s][debug][gc,phases      ] GC(6)   StringTable Weak               Min:  0.3, Avg:  0.3, Max:  0.3, Diff:  0.0, Sum:  1.1, Workers: 4
[16.667s][debug][gc,phases      ] GC(6)     Dead                           Min: 7, Avg:  9.2, Max: 12, Diff: 5, Sum: 37, Workers: 4
[16.667s][debug][gc,phases      ] GC(6)     Total                          Min: 10176, Avg: 10751.5, Max: 11136, Diff: 960, Sum: 43006, Workers: 4
[16.667s][debug][gc,phases      ] GC(6)   ResolvedMethodTable Weak       Min:  0.1, Avg:  0.1, Max:  0.1, Diff:  0.0, Sum:  0.5, Workers: 4
[16.667s][debug][gc,phases      ] GC(6)     Dead                           Min: 770, Avg: 890.5, Max: 1006, Diff: 236, Sum: 3562, Workers: 4
[16.667s][debug][gc,phases      ] GC(6)     Total                          Min: 4096, Avg: 4233.8, Max: 4288, Diff: 192, Sum: 16935, Workers: 4
[16.667s][debug][gc,phases      ] GC(6)   JNI Weak                       Min:  0.0, Avg:  0.0, Max:  0.0, Diff:  0.0, Sum:  0.0, Workers: 4
[16.667s][debug][gc,phases      ] GC(6)     Dead                           Min: 0, Avg:  0.0, Max: 0, Diff: 0, Sum: 0, Workers: 4
[16.667s][debug][gc,phases      ] GC(6)     Total                          Min: 0, Avg: 24.2, Max: 55, Diff: 55, Sum: 97, Workers: 4
[16.667s][debug][gc,phases      ] GC(6)   StringDedup Table Weak         Min:  0.0, Avg:  0.0, Max:  0.0, Diff:  0.0, Sum:  0.0, Workers: 4
[16.667s][debug][gc,phases      ] GC(6)     Dead                           Min: 0, Avg:  0.0, Max: 0, Diff: 0, Sum: 0, Workers: 4
[16.667s][debug][gc,phases      ] GC(6)     Total                          Min: 0, Avg:  0.0, Max: 0, Diff: 0, Sum: 0, Workers: 4
[16.667s][debug][gc,phases      ] GC(6)   StringDedup Requests0 Weak     Min:  0.0, Avg:  0.0, Max:  0.0, Diff:  0.0, Sum:  0.0, Workers: 4
[16.667s][debug][gc,phases      ] GC(6)     Dead                           Min: 0, Avg:  0.0, Max: 0, Diff: 0, Sum: 0, Workers: 4
[16.667s][debug][gc,phases      ] GC(6)     Total                          Min: 0, Avg:  0.0, Max: 0, Diff: 0, Sum: 0, Workers: 4
[16.667s][debug][gc,phases      ] GC(6)   StringDedup Requests1 Weak     Min:  0.0, Avg:  0.0, Max:  0.0, Diff:  0.0, Sum:  0.0, Workers: 4
[16.667s][debug][gc,phases      ] GC(6)     Dead                           Min: 0, Avg:  0.0, Max: 0, Diff: 0, Sum: 0, Workers: 4
[16.667s][debug][gc,phases      ] GC(6)     Total                          Min: 0, Avg:  0.0, Max: 0, Diff: 0, Sum: 0, Workers: 4
[16.667s][debug][gc,phases      ] GC(6)   Weak JFR Old Object Samples    Min:  0.0, Avg:  0.0, Max:  0.0, Diff:  0.0, Sum:  0.0, Workers: 4
[16.667s][debug][gc,phases      ] GC(6)     Dead                           Min: 0, Avg:  0.0, Max: 0, Diff: 0, Sum: 0, Workers: 4
[16.667s][debug][gc,phases      ] GC(6)     Total                          Min: 0, Avg:  0.0, Max: 0, Diff: 0, Sum: 0, Workers: 4
[16.667s][debug][gc,phases      ] GC(6) Weak Processing 0.636ms
[16.667s][debug][gc,age         ] GC(6) Desired survivor size 536870912 bytes, new threshold 7 (max threshold 15)
[16.667s][info ][gc,heap        ] GC(6) PSYoungGen: 1126364K(1572864K)->146086K(1572864K) Eden: 1048576K(1048576K)->0K(1048576K) From: 77788K(524288K)->146086K(524288K)
[16.667s][info ][gc,heap        ] GC(6) ParOldGen: 6034K(6144K)->6103K(6144K)
[16.667s][info ][gc,metaspace   ] GC(6) Metaspace: 97008K(98240K)->97008K(98240K) NonClass: 82014K(82688K)->82014K(82688K) Class: 14994K(15552K)->14994K(15552K)
[16.667s][info ][gc             ] GC(6) Pause Young (GCLocker Initiated GC) 1105M->148M(1542M) 66.600ms
[16.667s][info ][gc,cpu         ] GC(6) User=0.19s Sys=0.05s Real=0.06s
[16.667s][info ][safepoint      ] Safepoint "ParallelGCSystemGC", Time since last: 296800 ns, Reaching safepoint: 1600 ns, Cleanup: 1000 ns, At safepoint: 66676597 ns, Total: 66679197 ns
[16.797s][info ][safepoint      ] Safepoint "ICBufferFull", Time since last: 129164495 ns, Reaching safepoint: 79100 ns, Cleanup: 118200 ns, At safepoint: 5700 ns, Total: 203000 ns
[16.902s][info ][safepoint      ] Safepoint "ICBufferFull", Time since last: 105387896 ns, Reaching safepoint: 79600 ns, Cleanup: 129900 ns, At safepoint: 6400 ns, Total: 215900 ns
[17.062s][info ][safepoint      ] Safepoint "ICBufferFull", Time since last: 159312193 ns, Reaching safepoint: 10500 ns, Cleanup: 263700 ns, At safepoint: 12000 ns, Total: 286200 ns
[17.260s][info ][safepoint      ] Safepoint "ICBufferFull", Time since last: 197939492 ns, Reaching safepoint: 379300 ns, Cleanup: 141600 ns, At safepoint: 23800 ns, Total: 544700 ns
[17.524s][info ][safepoint      ] Safepoint "ICBufferFull", Time since last: 263373889 ns, Reaching safepoint: 5400 ns, Cleanup: 137400 ns, At safepoint: 6700 ns, Total: 149500 ns
[17.524s][info ][safepoint      ] Safepoint "ICBufferFull", Time since last: 64900 ns, Reaching safepoint: 1200 ns, Cleanup: 600 ns, At safepoint: 1000 ns, Total: 2800 ns
[17.844s][info ][safepoint      ] Safepoint "ICBufferFull", Time since last: 320131687 ns, Reaching safepoint: 83900 ns, Cleanup: 129500 ns, At safepoint: 15600 ns, Total: 229000 ns
[18.151s][info ][safepoint      ] Safepoint "ICBufferFull", Time since last: 306265597 ns, Reaching safepoint: 80400 ns, Cleanup: 151199 ns, At safepoint: 15600 ns, Total: 247199 ns
[18.356s][info ][safepoint      ] Safepoint "ICBufferFull", Time since last: 204895249 ns, Reaching safepoint: 82800 ns, Cleanup: 124600 ns, At safepoint: 13000 ns, Total: 220400 ns
[18.889s][info ][safepoint      ] Safepoint "ParallelGCFailedAllocation", Time since last: 531785706 ns, Reaching safepoint: 899599 ns, Cleanup: 118300 ns, At safepoint: 20500 ns, Total: 1038399 ns
[18.889s][info ][gc,start       ] GC(7) Pause Young (Allocation Failure)
[18.969s][debug][gc,phases      ] GC(7) Scavenge 79.337ms
[18.969s][debug][gc,ref         ] GC(7) ReferenceProcessor::execute queues: 4, RefProcThreadModel::Multi, marks_oops_alive: false
[18.969s][debug][gc,ref         ] GC(7) Skipped KeepAliveFinalRefsPhase of Reference Processing: no references
[18.969s][debug][gc,ref         ] GC(7) ReferenceProcessor::execute queues: 1, RefProcThreadModel::Single, marks_oops_alive: false
[18.969s][debug][gc,phases      ] GC(7) Reference Processing 0.763ms
[18.970s][debug][gc,phases      ] GC(7)   VM Weak                        Min:  0.0, Avg:  0.0, Max:  0.0, Diff:  0.0, Sum:  0.0, Workers: 4
[18.970s][debug][gc,phases      ] GC(7)     Dead                           Min: 0, Avg:  0.0, Max: 0, Diff: 0, Sum: 0, Workers: 4
[18.970s][debug][gc,phases      ] GC(7)     Total                          Min: 128, Avg: 229.0, Max: 448, Diff: 320, Sum: 916, Workers: 4
[18.970s][debug][gc,phases      ] GC(7)   ObjectSynchronizer Weak        Min:  0.0, Avg:  0.0, Max:  0.0, Diff:  0.0, Sum:  0.0, Workers: 4
[18.970s][debug][gc,phases      ] GC(7)     Dead                           Min: 0, Avg:  0.0, Max: 0, Diff: 0, Sum: 0, Workers: 4
[18.970s][debug][gc,phases      ] GC(7)     Total                          Min: 0, Avg: 17.5, Max: 64, Diff: 64, Sum: 70, Workers: 4
[18.970s][debug][gc,phases      ] GC(7)   JVMTI Tag Weak OopStorage      Min:  0.0, Avg:  0.0, Max:  0.0, Diff:  0.0, Sum:  0.0, Workers: 4
[18.970s][debug][gc,phases      ] GC(7)     Dead                           Min: 0, Avg:  0.0, Max: 0, Diff: 0, Sum: 0, Workers: 4
[18.970s][debug][gc,phases      ] GC(7)     Total                          Min: 0, Avg:  0.0, Max: 0, Diff: 0, Sum: 0, Workers: 4
[18.970s][debug][gc,phases      ] GC(7)   StringTable Weak               Min:  0.3, Avg:  0.3, Max:  0.3, Diff:  0.0, Sum:  1.1, Workers: 4
[18.970s][debug][gc,phases      ] GC(7)     Dead                           Min: 0, Avg:  1.0, Max: 2, Diff: 2, Sum: 4, Workers: 4
[18.970s][debug][gc,phases      ] GC(7)     Total                          Min: 10432, Avg: 10834.5, Max: 11456, Diff: 1024, Sum: 43338, Workers: 4
[18.970s][debug][gc,phases      ] GC(7)   ResolvedMethodTable Weak       Min:  0.1, Avg:  0.1, Max:  0.1, Diff:  0.0, Sum:  0.4, Workers: 4
[18.970s][debug][gc,phases      ] GC(7)     Dead                           Min: 7, Avg: 15.8, Max: 29, Diff: 22, Sum: 63, Workers: 4
[18.970s][debug][gc,phases      ] GC(7)     Total                          Min: 3333, Avg: 3403.2, Max: 3517, Diff: 184, Sum: 13613, Workers: 4
[18.970s][debug][gc,phases      ] GC(7)   JNI Weak                       Min:  0.0, Avg:  0.0, Max:  0.0, Diff:  0.0, Sum:  0.0, Workers: 4
[18.970s][debug][gc,phases      ] GC(7)     Dead                           Min: 0, Avg:  0.0, Max: 0, Diff: 0, Sum: 0, Workers: 4
[18.970s][debug][gc,phases      ] GC(7)     Total                          Min: 0, Avg: 15.8, Max: 52, Diff: 52, Sum: 63, Workers: 4
[18.970s][debug][gc,phases      ] GC(7)   StringDedup Table Weak         Min:  0.0, Avg:  0.0, Max:  0.0, Diff:  0.0, Sum:  0.0, Workers: 4
[18.970s][debug][gc,phases      ] GC(7)     Dead                           Min: 0, Avg:  0.0, Max: 0, Diff: 0, Sum: 0, Workers: 4
[18.970s][debug][gc,phases      ] GC(7)     Total                          Min: 0, Avg:  0.0, Max: 0, Diff: 0, Sum: 0, Workers: 4
[18.970s][debug][gc,phases      ] GC(7)   StringDedup Requests0 Weak     Min:  0.0, Avg:  0.0, Max:  0.0, Diff:  0.0, Sum:  0.0, Workers: 4
[18.970s][debug][gc,phases      ] GC(7)     Dead                           Min: 0, Avg:  0.0, Max: 0, Diff: 0, Sum: 0, Workers: 4
[18.970s][debug][gc,phases      ] GC(7)     Total                          Min: 0, Avg:  0.0, Max: 0, Diff: 0, Sum: 0, Workers: 4
[18.970s][debug][gc,phases      ] GC(7)   StringDedup Requests1 Weak     Min:  0.0, Avg:  0.0, Max:  0.0, Diff:  0.0, Sum:  0.0, Workers: 4
[18.970s][debug][gc,phases      ] GC(7)     Dead                           Min: 0, Avg:  0.0, Max: 0, Diff: 0, Sum: 0, Workers: 4
[18.970s][debug][gc,phases      ] GC(7)     Total                          Min: 0, Avg:  0.0, Max: 0, Diff: 0, Sum: 0, Workers: 4
[18.970s][debug][gc,phases      ] GC(7)   Weak JFR Old Object Samples    Min:  0.0, Avg:  0.0, Max:  0.0, Diff:  0.0, Sum:  0.0, Workers: 4
[18.970s][debug][gc,phases      ] GC(7)     Dead                           Min: 0, Avg:  0.0, Max: 0, Diff: 0, Sum: 0, Workers: 4
[18.970s][debug][gc,phases      ] GC(7)     Total                          Min: 0, Avg:  0.0, Max: 0, Diff: 0, Sum: 0, Workers: 4
[18.970s][debug][gc,phases      ] GC(7) Weak Processing 0.581ms
[18.970s][debug][gc,age         ] GC(7) Desired survivor size 227016704 bytes, new threshold 6 (max threshold 15)
[18.970s][info ][gc,heap        ] GC(7) PSYoungGen: 1194662K(1572864K)->202768K(1572864K) Eden: 1048576K(1048576K)->0K(1048576K) From: 146086K(524288K)->202768K(524288K)
[18.970s][info ][gc,heap        ] GC(7) ParOldGen: 6106K(6144K)->6122K(6144K)
[18.970s][info ][gc,metaspace   ] GC(7) Metaspace: 98398K(99648K)->98398K(99648K) NonClass: 83333K(84032K)->83333K(84032K) Class: 15064K(15616K)->15064K(15616K)
[18.970s][info ][gc             ] GC(7) Pause Young (Allocation Failure) 1172M->203M(1542M) 80.802ms
[18.970s][info ][gc,cpu         ] GC(7) User=0.26s Sys=0.05s Real=0.08s
[18.970s][info ][safepoint      ] Safepoint "ParallelGCFailedAllocation", Time since last: 447000 ns, Reaching safepoint: 75500 ns, Cleanup: 1800 ns, At safepoint: 80887640 ns, Total: 80964940 ns
[19.124s][info ][safepoint      ] Safepoint "CollectForMetadataAllocation", Time since last: 153929486 ns, Reaching safepoint: 85000 ns, Cleanup: 55900 ns, At safepoint: 37500 ns, Total: 178400 ns
[19.125s][info ][gc,start       ] GC(8) Pause Young (GCLocker Initiated GC)
[19.212s][debug][gc,phases      ] GC(8) Scavenge 86.687ms
[19.212s][debug][gc,ref         ] GC(8) ReferenceProcessor::execute queues: 4, RefProcThreadModel::Multi, marks_oops_alive: false
[19.212s][debug][gc,ref         ] GC(8) Skipped KeepAliveFinalRefsPhase of Reference Processing: no references
[19.212s][debug][gc,ref         ] GC(8) ReferenceProcessor::execute queues: 1, RefProcThreadModel::Single, marks_oops_alive: false
[19.212s][debug][gc,phases      ] GC(8) Reference Processing 0.609ms
[19.213s][debug][gc,phases      ] GC(8)   VM Weak                        Min:  0.0, Avg:  0.0, Max:  0.0, Diff:  0.0, Sum:  0.0, Workers: 4
[19.213s][debug][gc,phases      ] GC(8)     Dead                           Min: 0, Avg:  0.0, Max: 0, Diff: 0, Sum: 0, Workers: 4
[19.213s][debug][gc,phases      ] GC(8)     Total                          Min: 64, Avg: 229.0, Max: 384, Diff: 320, Sum: 916, Workers: 4
[19.213s][debug][gc,phases      ] GC(8)   ObjectSynchronizer Weak        Min:  0.0, Avg:  0.0, Max:  0.0, Diff:  0.0, Sum:  0.0, Workers: 4
[19.213s][debug][gc,phases      ] GC(8)     Dead                           Min: 0, Avg:  0.0, Max: 0, Diff: 0, Sum: 0, Workers: 4
[19.213s][debug][gc,phases      ] GC(8)     Total                          Min: 0, Avg: 17.5, Max: 64, Diff: 64, Sum: 70, Workers: 4
[19.213s][debug][gc,phases      ] GC(8)   JVMTI Tag Weak OopStorage      Min:  0.0, Avg:  0.0, Max:  0.0, Diff:  0.0, Sum:  0.0, Workers: 4
[19.213s][debug][gc,phases      ] GC(8)     Dead                           Min: 0, Avg:  0.0, Max: 0, Diff: 0, Sum: 0, Workers: 4
[19.213s][debug][gc,phases      ] GC(8)     Total                          Min: 0, Avg:  0.0, Max: 0, Diff: 0, Sum: 0, Workers: 4
[19.213s][debug][gc,phases      ] GC(8)   StringTable Weak               Min:  0.3, Avg:  0.3, Max:  0.3, Diff:  0.0, Sum:  1.1, Workers: 4
[19.213s][debug][gc,phases      ] GC(8)     Dead                           Min: 0, Avg:  0.0, Max: 0, Diff: 0, Sum: 0, Workers: 4
[19.213s][debug][gc,phases      ] GC(8)     Total                          Min: 10560, Avg: 10843.2, Max: 11373, Diff: 813, Sum: 43373, Workers: 4
[19.213s][debug][gc,phases      ] GC(8)   ResolvedMethodTable Weak       Min:  0.1, Avg:  0.1, Max:  0.1, Diff:  0.0, Sum:  0.4, Workers: 4
[19.213s][debug][gc,phases      ] GC(8)     Dead                           Min: 0, Avg:  0.0, Max: 0, Diff: 0, Sum: 0, Workers: 4
[19.213s][debug][gc,phases      ] GC(8)     Total                          Min: 2557, Avg: 3403.2, Max: 3725, Diff: 1168, Sum: 13613, Workers: 4
[19.213s][debug][gc,phases      ] GC(8)   JNI Weak                       Min:  0.0, Avg:  0.0, Max:  0.0, Diff:  0.0, Sum:  0.0, Workers: 4
[19.213s][debug][gc,phases      ] GC(8)     Dead                           Min: 0, Avg:  0.0, Max: 0, Diff: 0, Sum: 0, Workers: 4
[19.213s][debug][gc,phases      ] GC(8)     Total                          Min: 0, Avg: 16.8, Max: 52, Diff: 52, Sum: 67, Workers: 4
[19.213s][debug][gc,phases      ] GC(8)   StringDedup Table Weak         Min:  0.0, Avg:  0.0, Max:  0.0, Diff:  0.0, Sum:  0.0, Workers: 4
[19.213s][debug][gc,phases      ] GC(8)     Dead                           Min: 0, Avg:  0.0, Max: 0, Diff: 0, Sum: 0, Workers: 4
[19.213s][debug][gc,phases      ] GC(8)     Total                          Min: 0, Avg:  0.0, Max: 0, Diff: 0, Sum: 0, Workers: 4
[19.213s][debug][gc,phases      ] GC(8)   StringDedup Requests0 Weak     Min:  0.0, Avg:  0.0, Max:  0.0, Diff:  0.0, Sum:  0.0, Workers: 4
[19.213s][debug][gc,phases      ] GC(8)     Dead                           Min: 0, Avg:  0.0, Max: 0, Diff: 0, Sum: 0, Workers: 4
[19.213s][debug][gc,phases      ] GC(8)     Total                          Min: 0, Avg:  0.0, Max: 0, Diff: 0, Sum: 0, Workers: 4
[19.213s][debug][gc,phases      ] GC(8)   StringDedup Requests1 Weak     Min:  0.0, Avg:  0.0, Max:  0.0, Diff:  0.0, Sum:  0.0, Workers: 4
[19.213s][debug][gc,phases      ] GC(8)     Dead                           Min: 0, Avg:  0.0, Max: 0, Diff: 0, Sum: 0, Workers: 4
[19.213s][debug][gc,phases      ] GC(8)     Total                          Min: 0, Avg:  0.0, Max: 0, Diff: 0, Sum: 0, Workers: 4
[19.213s][debug][gc,phases      ] GC(8)   Weak JFR Old Object Samples    Min:  0.0, Avg:  0.0, Max:  0.0, Diff:  0.0, Sum:  0.0, Workers: 4
[19.213s][debug][gc,phases      ] GC(8)     Dead                           Min: 0, Avg:  0.0, Max: 0, Diff: 0, Sum: 0, Workers: 4
[19.213s][debug][gc,phases      ] GC(8)     Total                          Min: 0, Avg:  0.0, Max: 0, Diff: 0, Sum: 0, Workers: 4
[19.213s][debug][gc,phases      ] GC(8) Weak Processing 0.577ms
[19.213s][debug][gc,age         ] GC(8) Desired survivor size 266338304 bytes, new threshold 5 (max threshold 15)
[19.213s][info ][gc,heap        ] GC(8) PSYoungGen: 303467K(1572864K)->205920K(1798656K) Eden: 100698K(1048576K)->0K(1576960K) From: 202768K(524288K)->205920K(221696K)
[19.213s][info ][gc,heap        ] GC(8) ParOldGen: 6122K(6144K)->6130K(6144K)
[19.213s][info ][gc,metaspace   ] GC(8) Metaspace: 98445K(99712K)->98445K(99712K) NonClass: 83380K(84096K)->83380K(84096K) Class: 15064K(15616K)->15064K(15616K)
[19.213s][info ][gc             ] GC(8) Pause Young (GCLocker Initiated GC) 302M->207M(1762M) 87.990ms
[19.213s][info ][gc,cpu         ] GC(8) User=0.25s Sys=0.09s Real=0.09s
[19.213s][info ][safepoint      ] Safepoint "ParallelGCSystemGC", Time since last: 539100 ns, Reaching safepoint: 78999 ns, Cleanup: 1600 ns, At safepoint: 88061835 ns, Total: 88142434 ns
[19.600s][info ][safepoint      ] Safepoint "ICBufferFull", Time since last: 387261014 ns, Reaching safepoint: 81300 ns, Cleanup: 118900 ns, At safepoint: 13600 ns, Total: 213800 ns
[20.402s][info ][safepoint      ] Safepoint "ICBufferFull", Time since last: 801012107 ns, Reaching safepoint: 86300 ns, Cleanup: 132700 ns, At safepoint: 9600 ns, Total: 228600 ns
[21.363s][info ][safepoint      ] Safepoint "ICBufferFull", Time since last: 960931388 ns, Reaching safepoint: 5600 ns, Cleanup: 129400 ns, At safepoint: 5300 ns, Total: 140300 ns
[21.902s][info ][safepoint      ] Safepoint "ICBufferFull", Time since last: 539096901 ns, Reaching safepoint: 6400 ns, Cleanup: 137000 ns, At safepoint: 6800 ns, Total: 150200 ns
[22.401s][info ][safepoint      ] Safepoint "ICBufferFull", Time since last: 498838231 ns, Reaching safepoint: 81500 ns, Cleanup: 134100 ns, At safepoint: 11800 ns, Total: 227400 ns
[23.051s][info ][safepoint      ] Safepoint "ICBufferFull", Time since last: 649705719 ns, Reaching safepoint: 78800 ns, Cleanup: 141300 ns, At safepoint: 5400 ns, Total: 225500 ns
[23.103s][info ][gc,start       ] GC(9) Pause Young (Metadata GC Threshold)
[23.178s][debug][gc,phases      ] GC(9) Scavenge 75.616ms
[23.179s][debug][gc,ref         ] GC(9) ReferenceProcessor::execute queues: 4, RefProcThreadModel::Multi, marks_oops_alive: false
[23.179s][debug][gc,ref         ] GC(9) Skipped KeepAliveFinalRefsPhase of Reference Processing: no references
[23.179s][debug][gc,ref         ] GC(9) ReferenceProcessor::execute queues: 1, RefProcThreadModel::Single, marks_oops_alive: false
[23.179s][debug][gc,phases      ] GC(9) Reference Processing 0.565ms
[23.180s][debug][gc,phases      ] GC(9)   VM Weak                        Min:  0.0, Avg:  0.0, Max:  0.0, Diff:  0.0, Sum:  0.0, Workers: 4
[23.180s][debug][gc,phases      ] GC(9)     Dead                           Min: 0, Avg:  0.0, Max: 0, Diff: 0, Sum: 0, Workers: 4
[23.180s][debug][gc,phases      ] GC(9)     Total                          Min: 0, Avg: 230.2, Max: 448, Diff: 448, Sum: 921, Workers: 4
[23.180s][debug][gc,phases      ] GC(9)   ObjectSynchronizer Weak        Min:  0.0, Avg:  0.0, Max:  0.0, Diff:  0.0, Sum:  0.0, Workers: 4
[23.180s][debug][gc,phases      ] GC(9)     Dead                           Min: 0, Avg:  0.0, Max: 0, Diff: 0, Sum: 0, Workers: 4
[23.180s][debug][gc,phases      ] GC(9)     Total                          Min: 0, Avg: 17.5, Max: 64, Diff: 64, Sum: 70, Workers: 4
[23.180s][debug][gc,phases      ] GC(9)   JVMTI Tag Weak OopStorage      Min:  0.0, Avg:  0.0, Max:  0.0, Diff:  0.0, Sum:  0.0, Workers: 4
[23.180s][debug][gc,phases      ] GC(9)     Dead                           Min: 0, Avg:  0.0, Max: 0, Diff: 0, Sum: 0, Workers: 4
[23.180s][debug][gc,phases      ] GC(9)     Total                          Min: 0, Avg:  0.0, Max: 0, Diff: 0, Sum: 0, Workers: 4
[23.180s][debug][gc,phases      ] GC(9)   StringTable Weak               Min:  0.0, Avg:  0.3, Max:  0.4, Diff:  0.4, Sum:  1.1, Workers: 4
[23.180s][debug][gc,phases      ] GC(9)     Dead                           Min: 0, Avg:  0.2, Max: 1, Diff: 1, Sum: 1, Workers: 4
[23.180s][debug][gc,phases      ] GC(9)     Total                          Min: 0, Avg: 10889.2, Max: 18277, Diff: 18277, Sum: 43557, Workers: 4
[23.180s][debug][gc,phases      ] GC(9)   ResolvedMethodTable Weak       Min:  0.0, Avg:  0.1, Max:  0.1, Diff:  0.1, Sum:  0.4, Workers: 4
[23.180s][debug][gc,phases      ] GC(9)     Dead                           Min: 0, Avg:  0.2, Max: 1, Diff: 1, Sum: 1, Workers: 4
[23.180s][debug][gc,phases      ] GC(9)     Total                          Min: 0, Avg: 3412.2, Max: 5934, Diff: 5934, Sum: 13649, Workers: 4
[23.180s][debug][gc,phases      ] GC(9)   JNI Weak                       Min:  0.0, Avg:  0.0, Max:  0.0, Diff:  0.0, Sum:  0.0, Workers: 4
[23.180s][debug][gc,phases      ] GC(9)     Dead                           Min: 0, Avg:  0.0, Max: 0, Diff: 0, Sum: 0, Workers: 4
[23.180s][debug][gc,phases      ] GC(9)     Total                          Min: 0, Avg: 13.0, Max: 52, Diff: 52, Sum: 52, Workers: 4
[23.180s][debug][gc,phases      ] GC(9)   StringDedup Table Weak         Min:  0.0, Avg:  0.0, Max:  0.0, Diff:  0.0, Sum:  0.0, Workers: 4
[23.180s][debug][gc,phases      ] GC(9)     Dead                           Min: 0, Avg:  0.0, Max: 0, Diff: 0, Sum: 0, Workers: 4
[23.180s][debug][gc,phases      ] GC(9)     Total                          Min: 0, Avg:  0.0, Max: 0, Diff: 0, Sum: 0, Workers: 4
[23.180s][debug][gc,phases      ] GC(9)   StringDedup Requests0 Weak     Min:  0.0, Avg:  0.0, Max:  0.0, Diff:  0.0, Sum:  0.0, Workers: 4
[23.180s][debug][gc,phases      ] GC(9)     Dead                           Min: 0, Avg:  0.0, Max: 0, Diff: 0, Sum: 0, Workers: 4
[23.180s][debug][gc,phases      ] GC(9)     Total                          Min: 0, Avg:  0.0, Max: 0, Diff: 0, Sum: 0, Workers: 4
[23.180s][debug][gc,phases      ] GC(9)   StringDedup Requests1 Weak     Min:  0.0, Avg:  0.0, Max:  0.0, Diff:  0.0, Sum:  0.0, Workers: 4
[23.180s][debug][gc,phases      ] GC(9)     Dead                           Min: 0, Avg:  0.0, Max: 0, Diff: 0, Sum: 0, Workers: 4
[23.180s][debug][gc,phases      ] GC(9)     Total                          Min: 0, Avg:  0.0, Max: 0, Diff: 0, Sum: 0, Workers: 4
[23.180s][debug][gc,phases      ] GC(9)   Weak JFR Old Object Samples    Min:  0.0, Avg:  0.0, Max:  0.0, Diff:  0.0, Sum:  0.0, Workers: 4
[23.180s][debug][gc,phases      ] GC(9)     Dead                           Min: 0, Avg:  0.0, Max: 0, Diff: 0, Sum: 0, Workers: 4
[23.180s][debug][gc,phases      ] GC(9)     Total                          Min: 0, Avg:  0.0, Max: 0, Diff: 0, Sum: 0, Workers: 4
[23.180s][debug][gc,phases      ] GC(9) Weak Processing 0.740ms
[23.180s][debug][gc,age         ] GC(9) Desired survivor size 260046848 bytes, new threshold 4 (max threshold 15)
[23.180s][info ][gc,heap        ] GC(9) PSYoungGen: 646876K(1798656K)->146976K(1837056K) Eden: 440955K(1576960K)->0K(1576960K) From: 205920K(221696K)->146976K(260096K)
[23.180s][info ][gc,heap        ] GC(9) ParOldGen: 6130K(6144K)->60519K(60928K)
[23.180s][info ][gc,metaspace   ] GC(9) Metaspace: 98772K(99968K)->98772K(99968K) NonClass: 83693K(84352K)->83693K(84352K) Class: 15078K(15616K)->15078K(15616K)
[23.180s][info ][gc             ] GC(9) Pause Young (Metadata GC Threshold) 637M->202M(1853M) 77.052ms
[23.180s][info ][gc,cpu         ] GC(9) User=0.27s Sys=0.01s Real=0.08s
[23.180s][debug][gc,phases      ] GC(10) Pre Compact 0.009ms
[23.180s][info ][gc,start       ] GC(10) Pause Full (Metadata GC Threshold)
[23.180s][info ][gc,phases,start] GC(10) Marking Phase
[23.247s][debug][gc,phases      ] GC(10) Par Mark 67.077ms
[23.247s][debug][gc,ref         ] GC(10) ReferenceProcessor::execute queues: 4, RefProcThreadModel::Multi, marks_oops_alive: false
[23.247s][debug][gc,ref         ] GC(10) Skipped KeepAliveFinalRefsPhase of Reference Processing: no references
[23.247s][debug][gc,ref         ] GC(10) ReferenceProcessor::execute queues: 1, RefProcThreadModel::Single, marks_oops_alive: false
[23.247s][debug][gc,phases      ] GC(10) Reference Processing 0.482ms
[23.248s][debug][gc,phases      ] GC(10)   VM Weak                        Min:  0.0, Avg:  0.0, Max:  0.0, Diff:  0.0, Sum:  0.0, Workers: 4
[23.248s][debug][gc,phases      ] GC(10)     Dead                           Min: 0, Avg:  0.0, Max: 0, Diff: 0, Sum: 0, Workers: 4
[23.248s][debug][gc,phases      ] GC(10)     Total                          Min: 0, Avg: 230.2, Max: 409, Diff: 409, Sum: 921, Workers: 4
[23.248s][debug][gc,phases      ] GC(10)   ObjectSynchronizer Weak        Min:  0.0, Avg:  0.0, Max:  0.0, Diff:  0.0, Sum:  0.0, Workers: 4
[23.248s][debug][gc,phases      ] GC(10)     Dead                           Min: 0, Avg:  0.0, Max: 0, Diff: 0, Sum: 0, Workers: 4
[23.248s][debug][gc,phases      ] GC(10)     Total                          Min: 0, Avg: 17.5, Max: 64, Diff: 64, Sum: 70, Workers: 4
[23.248s][debug][gc,phases      ] GC(10)   JVMTI Tag Weak OopStorage      Min:  0.0, Avg:  0.0, Max:  0.0, Diff:  0.0, Sum:  0.0, Workers: 4
[23.248s][debug][gc,phases      ] GC(10)     Dead                           Min: 0, Avg:  0.0, Max: 0, Diff: 0, Sum: 0, Workers: 4
[23.248s][debug][gc,phases      ] GC(10)     Total                          Min: 0, Avg:  0.0, Max: 0, Diff: 0, Sum: 0, Workers: 4
[23.248s][debug][gc,phases      ] GC(10)   StringTable Weak               Min:  0.2, Avg:  0.2, Max:  0.2, Diff:  0.0, Sum:  0.8, Workers: 4
[23.248s][debug][gc,phases      ] GC(10)     Dead                           Min: 0, Avg:  0.0, Max: 0, Diff: 0, Sum: 0, Workers: 4
[23.248s][debug][gc,phases      ] GC(10)     Total                          Min: 10560, Avg: 10889.2, Max: 11328, Diff: 768, Sum: 43557, Workers: 4
[23.248s][debug][gc,phases      ] GC(10)   ResolvedMethodTable Weak       Min:  0.0, Avg:  0.0, Max:  0.0, Diff:  0.0, Sum:  0.2, Workers: 4
[23.248s][debug][gc,phases      ] GC(10)     Dead                           Min: 0, Avg:  0.0, Max: 0, Diff: 0, Sum: 0, Workers: 4
[23.248s][debug][gc,phases      ] GC(10)     Total                          Min: 3201, Avg: 3412.2, Max: 3574, Diff: 373, Sum: 13649, Workers: 4
[23.248s][debug][gc,phases      ] GC(10)   JNI Weak                       Min:  0.0, Avg:  0.0, Max:  0.0, Diff:  0.0, Sum:  0.0, Workers: 4
[23.248s][debug][gc,phases      ] GC(10)     Dead                           Min: 0, Avg:  0.0, Max: 0, Diff: 0, Sum: 0, Workers: 4
[23.248s][debug][gc,phases      ] GC(10)     Total                          Min: 0, Avg: 13.0, Max: 52, Diff: 52, Sum: 52, Workers: 4
[23.248s][debug][gc,phases      ] GC(10)   StringDedup Table Weak         Min:  0.0, Avg:  0.0, Max:  0.0, Diff:  0.0, Sum:  0.0, Workers: 4
[23.248s][debug][gc,phases      ] GC(10)     Dead                           Min: 0, Avg:  0.0, Max: 0, Diff: 0, Sum: 0, Workers: 4
[23.248s][debug][gc,phases      ] GC(10)     Total                          Min: 0, Avg:  0.0, Max: 0, Diff: 0, Sum: 0, Workers: 4
[23.248s][debug][gc,phases      ] GC(10)   StringDedup Requests0 Weak     Min:  0.0, Avg:  0.0, Max:  0.0, Diff:  0.0, Sum:  0.0, Workers: 4
[23.248s][debug][gc,phases      ] GC(10)     Dead                           Min: 0, Avg:  0.0, Max: 0, Diff: 0, Sum: 0, Workers: 4
[23.248s][debug][gc,phases      ] GC(10)     Total                          Min: 0, Avg:  0.0, Max: 0, Diff: 0, Sum: 0, Workers: 4
[23.248s][debug][gc,phases      ] GC(10)   StringDedup Requests1 Weak     Min:  0.0, Avg:  0.0, Max:  0.0, Diff:  0.0, Sum:  0.0, Workers: 4
[23.248s][debug][gc,phases      ] GC(10)     Dead                           Min: 0, Avg:  0.0, Max: 0, Diff: 0, Sum: 0, Workers: 4
[23.248s][debug][gc,phases      ] GC(10)     Total                          Min: 0, Avg:  0.0, Max: 0, Diff: 0, Sum: 0, Workers: 4
[23.248s][debug][gc,phases      ] GC(10)   Weak JFR Old Object Samples    Min:  0.0, Avg:  0.0, Max:  0.0, Diff:  0.0, Sum:  0.0, Workers: 4
[23.248s][debug][gc,phases      ] GC(10)     Dead                           Min: 0, Avg:  0.0, Max: 0, Diff: 0, Sum: 0, Workers: 4
[23.248s][debug][gc,phases      ] GC(10)     Total                          Min: 0, Avg:  0.0, Max: 0, Diff: 0, Sum: 0, Workers: 4
[23.248s][debug][gc,phases      ] GC(10) Weak Processing 0.451ms
[23.248s][debug][gc,phases      ] GC(10) ClassLoaderData 0.114ms
[23.248s][debug][gc,phases      ] GC(10) Trigger cleanups 0.000ms
[23.282s][debug][gc,phases      ] GC(10) Purge Unlinked NMethods 0.346ms
[23.282s][debug][gc,phases      ] GC(10) Unregister NMethods 0.161ms
[23.282s][debug][gc,phases      ] GC(10) Free Code Blobs 0.084ms
[23.282s][debug][gc,phases      ] GC(10) Class Unloading 33.924ms
[23.282s][debug][gc,phases      ] GC(10) Report Object Count 0.001ms
[23.282s][info ][gc,phases      ] GC(10) Marking Phase 102.001ms
[23.282s][info ][gc,phases,start] GC(10) Summary Phase
[23.282s][info ][gc,phases      ] GC(10) Summary Phase 0.009ms
[23.282s][info ][gc,phases,start] GC(10) Adjust Roots
[23.303s][info ][gc,phases      ] GC(10) Adjust Roots 20.862ms
[23.303s][info ][gc,phases,start] GC(10) Compaction Phase
[23.739s][info ][gc,phases      ] GC(10) Compaction Phase 436.516ms
[23.739s][info ][gc,phases,start] GC(10) Post Compact
[23.741s][debug][gc,phases      ] GC(10) Purge Class Loader Data 1.211ms
[23.743s][info ][gc,phases      ] GC(10) Post Compact 3.611ms
[23.743s][info ][gc,heap        ] GC(10) PSYoungGen: 146976K(1837056K)->145734K(1837056K) Eden: 0K(1576960K)->0K(1576960K) From: 146976K(260096K)->145734K(260096K)
[23.743s][info ][gc,heap        ] GC(10) ParOldGen: 60519K(60928K)->60226K(60928K)
[23.743s][info ][gc,metaspace   ] GC(10) Metaspace: 98772K(99968K)->98772K(99968K) NonClass: 83693K(84352K)->83693K(84352K) Class: 15078K(15616K)->15078K(15616K)
[23.743s][info ][gc             ] GC(10) Pause Full (Metadata GC Threshold) 202M->201M(1853M) 563.151ms
[23.743s][info ][gc,cpu         ] GC(10) User=1.43s Sys=0.01s Real=0.56s
[23.744s][info ][safepoint      ] Safepoint "CollectForMetadataAllocation", Time since last: 51764661 ns, Reaching safepoint: 76500 ns, Cleanup: 24900 ns, At safepoint: 641493626 ns, Total: 641595026 ns
[24.602s][info ][safepoint      ] Safepoint "ICBufferFull", Time since last: 857830595 ns, Reaching safepoint: 7800 ns, Cleanup: 164900 ns, At safepoint: 7100 ns, Total: 179800 ns
[25.603s][info ][safepoint      ] Safepoint "Cleanup", Time since last: 1000131546 ns, Reaching safepoint: 80600 ns, Cleanup: 107000 ns, At safepoint: 10100 ns, Total: 197700 ns
[26.603s][info ][safepoint      ] Safepoint "Cleanup", Time since last: 1000138166 ns, Reaching safepoint: 79300 ns, Cleanup: 101200 ns, At safepoint: 10100 ns, Total: 190600 ns
[27.603s][info ][safepoint      ] Safepoint "Cleanup", Time since last: 1000112880 ns, Reaching safepoint: 90000 ns, Cleanup: 123500 ns, At safepoint: 17300 ns, Total: 230800 ns
[28.603s][info ][safepoint      ] Safepoint "Cleanup", Time since last: 1000108181 ns, Reaching safepoint: 77600 ns, Cleanup: 63500 ns, At safepoint: 5000 ns, Total: 146100 ns
[29.604s][info ][safepoint      ] Safepoint "Cleanup", Time since last: 1000094180 ns, Reaching safepoint: 85000 ns, Cleanup: 82700 ns, At safepoint: 5900 ns, Total: 173600 ns
[30.604s][info ][safepoint      ] Safepoint "Cleanup", Time since last: 1000113281 ns, Reaching safepoint: 82600 ns, Cleanup: 33600 ns, At safepoint: 7900 ns, Total: 124100 ns
[31.604s][info ][safepoint      ] Safepoint "Cleanup", Time since last: 1000128981 ns, Reaching safepoint: 57600 ns, Cleanup: 30800 ns, At safepoint: 12000 ns, Total: 100400 ns
[32.604s][info ][safepoint      ] Safepoint "Cleanup", Time since last: 1000113880 ns, Reaching safepoint: 76300 ns, Cleanup: 34500 ns, At safepoint: 8900 ns, Total: 119700 ns
[33.605s][info ][safepoint      ] Safepoint "Cleanup", Time since last: 1000111081 ns, Reaching safepoint: 351100 ns, Cleanup: 26500 ns, At safepoint: 9100 ns, Total: 386700 ns
[34.605s][info ][safepoint      ] Safepoint "Cleanup", Time since last: 1000123139 ns, Reaching safepoint: 5500 ns, Cleanup: 25400 ns, At safepoint: 2100 ns, Total: 33000 ns
[35.605s][info ][safepoint      ] Safepoint "Cleanup", Time since last: 1000113407 ns, Reaching safepoint: 6900 ns, Cleanup: 43800 ns, At safepoint: 2000 ns, Total: 52700 ns
[36.605s][info ][safepoint      ] Safepoint "Cleanup", Time since last: 1000109207 ns, Reaching safepoint: 5600 ns, Cleanup: 73200 ns, At safepoint: 2000 ns, Total: 80800 ns
[37.905s][info ][safepoint      ] Safepoint "ICBufferFull", Time since last: 1299034080 ns, Reaching safepoint: 5800 ns, Cleanup: 139200 ns, At safepoint: 1500 ns, Total: 146500 ns
[38.905s][info ][safepoint      ] Safepoint "Cleanup", Time since last: 1000120807 ns, Reaching safepoint: 84400 ns, Cleanup: 39700 ns, At safepoint: 7100 ns, Total: 131200 ns
[39.905s][info ][safepoint      ] Safepoint "Cleanup", Time since last: 1000111307 ns, Reaching safepoint: 6100 ns, Cleanup: 53500 ns, At safepoint: 2000 ns, Total: 61600 ns
[40.905s][info ][safepoint      ] Safepoint "Cleanup", Time since last: 1000100707 ns, Reaching safepoint: 6400 ns, Cleanup: 16800 ns, At safepoint: 2100 ns, Total: 25300 ns
[41.906s][info ][safepoint      ] Safepoint "Cleanup", Time since last: 1000109507 ns, Reaching safepoint: 282300 ns, Cleanup: 20600 ns, At safepoint: 14300 ns, Total: 317200 ns
[42.906s][info ][safepoint      ] Safepoint "Cleanup", Time since last: 1000109102 ns, Reaching safepoint: 8700 ns, Cleanup: 18400 ns, At safepoint: 2000 ns, Total: 29100 ns
[43.906s][info ][safepoint      ] Safepoint "Cleanup", Time since last: 1000111584 ns, Reaching safepoint: 6900 ns, Cleanup: 21300 ns, At safepoint: 6900 ns, Total: 35100 ns
[44.906s][info ][safepoint      ] Safepoint "Cleanup", Time since last: 1000114684 ns, Reaching safepoint: 8500 ns, Cleanup: 24500 ns, At safepoint: 2100 ns, Total: 35100 ns
[45.906s][info ][safepoint      ] Safepoint "Cleanup", Time since last: 1000115084 ns, Reaching safepoint: 6600 ns, Cleanup: 23900 ns, At safepoint: 2400 ns, Total: 32900 ns
[46.906s][info ][safepoint      ] Safepoint "Cleanup", Time since last: 1000119184 ns, Reaching safepoint: 7100 ns, Cleanup: 20900 ns, At safepoint: 2700 ns, Total: 30700 ns
[47.907s][info ][safepoint      ] Safepoint "Cleanup", Time since last: 1000114084 ns, Reaching safepoint: 7100 ns, Cleanup: 19100 ns, At safepoint: 1700 ns, Total: 27900 ns
[48.907s][info ][safepoint      ] Safepoint "Cleanup", Time since last: 1000113484 ns, Reaching safepoint: 8100 ns, Cleanup: 48600 ns, At safepoint: 3000 ns, Total: 59700 ns
[49.907s][info ][safepoint      ] Safepoint "Cleanup", Time since last: 1000142585 ns, Reaching safepoint: 6600 ns, Cleanup: 15200 ns, At safepoint: 2000 ns, Total: 23800 ns
[50.907s][info ][safepoint      ] Safepoint "Cleanup", Time since last: 1000124588 ns, Reaching safepoint: 6400 ns, Cleanup: 24200 ns, At safepoint: 2200 ns, Total: 32800 ns
[51.907s][info ][safepoint      ] Safepoint "Cleanup", Time since last: 1000125525 ns, Reaching safepoint: 82200 ns, Cleanup: 47100 ns, At safepoint: 11400 ns, Total: 140700 ns
[52.908s][info ][safepoint      ] Safepoint "Cleanup", Time since last: 1000267625 ns, Reaching safepoint: 6000 ns, Cleanup: 69400 ns, At safepoint: 3300 ns, Total: 78700 ns
[53.908s][info ][safepoint      ] Safepoint "Cleanup", Time since last: 1000111524 ns, Reaching safepoint: 6900 ns, Cleanup: 31300 ns, At safepoint: 2300 ns, Total: 40500 ns
[54.908s][info ][safepoint      ] Safepoint "Cleanup", Time since last: 1000110725 ns, Reaching safepoint: 6800 ns, Cleanup: 28900 ns, At safepoint: 1900 ns, Total: 37600 ns
[55.908s][info ][safepoint      ] Safepoint "Cleanup", Time since last: 1000119925 ns, Reaching safepoint: 6400 ns, Cleanup: 49600 ns, At safepoint: 2200 ns, Total: 58200 ns
[56.908s][info ][safepoint      ] Safepoint "Cleanup", Time since last: 1000113424 ns, Reaching safepoint: 6200 ns, Cleanup: 25700 ns, At safepoint: 2200 ns, Total: 34100 ns
[57.908s][info ][safepoint      ] Safepoint "Cleanup", Time since last: 1000114225 ns, Reaching safepoint: 8400 ns, Cleanup: 56400 ns, At safepoint: 3000 ns, Total: 67800 ns
[58.909s][info ][safepoint      ] Safepoint "Cleanup", Time since last: 1000119650 ns, Reaching safepoint: 7200 ns, Cleanup: 26800 ns, At safepoint: 2600 ns, Total: 36600 ns
[59.909s][info ][safepoint      ] Safepoint "Cleanup", Time since last: 1000118935 ns, Reaching safepoint: 6800 ns, Cleanup: 18200 ns, At safepoint: 2000 ns, Total: 27000 ns
[61.046s][info ][safepoint      ] Safepoint "Cleanup", Time since last: 1137132927 ns, Reaching safepoint: 6900 ns, Cleanup: 28000 ns, At safepoint: 2400 ns, Total: 37300 ns
[62.046s][info ][safepoint      ] Safepoint "Cleanup", Time since last: 1000110636 ns, Reaching safepoint: 6500 ns, Cleanup: 30100 ns, At safepoint: 2300 ns, Total: 38900 ns
[63.046s][info ][safepoint      ] Safepoint "Cleanup", Time since last: 1000132736 ns, Reaching safepoint: 8300 ns, Cleanup: 31500 ns, At safepoint: 2400 ns, Total: 42200 ns
[64.046s][info ][safepoint      ] Safepoint "Cleanup", Time since last: 1000134935 ns, Reaching safepoint: 5800 ns, Cleanup: 8900 ns, At safepoint: 2000 ns, Total: 16700 ns
[65.046s][info ][safepoint      ] Safepoint "Cleanup", Time since last: 1000100636 ns, Reaching safepoint: 5900 ns, Cleanup: 7600 ns, At safepoint: 1800 ns, Total: 15300 ns
[66.047s][info ][safepoint      ] Safepoint "Cleanup", Time since last: 1000109036 ns, Reaching safepoint: 6500 ns, Cleanup: 21900 ns, At safepoint: 2200 ns, Total: 30600 ns
[67.047s][info ][safepoint      ] Safepoint "Cleanup", Time since last: 1000116806 ns, Reaching safepoint: 7700 ns, Cleanup: 19700 ns, At safepoint: 2300 ns, Total: 29700 ns
[68.047s][info ][safepoint      ] Safepoint "Cleanup", Time since last: 1000113512 ns, Reaching safepoint: 7200 ns, Cleanup: 36600 ns, At safepoint: 2400 ns, Total: 46200 ns
[69.047s][info ][safepoint      ] Safepoint "Cleanup", Time since last: 1000116812 ns, Reaching safepoint: 8100 ns, Cleanup: 18900 ns, At safepoint: 24700 ns, Total: 51700 ns
[70.047s][info ][safepoint      ] Safepoint "Cleanup", Time since last: 1000099312 ns, Reaching safepoint: 6800 ns, Cleanup: 19500 ns, At safepoint: 1900 ns, Total: 28200 ns
[71.047s][info ][safepoint      ] Safepoint "Cleanup", Time since last: 1000105911 ns, Reaching safepoint: 7600 ns, Cleanup: 10200 ns, At safepoint: 2100 ns, Total: 19900 ns
[72.047s][info ][safepoint      ] Safepoint "Cleanup", Time since last: 1000109612 ns, Reaching safepoint: 5600 ns, Cleanup: 17200 ns, At safepoint: 2000 ns, Total: 24800 ns
[73.048s][info ][safepoint      ] Safepoint "Cleanup", Time since last: 1000136912 ns, Reaching safepoint: 8600 ns, Cleanup: 21900 ns, At safepoint: 2200 ns, Total: 32700 ns
[74.048s][info ][safepoint      ] Safepoint "Cleanup", Time since last: 1000117411 ns, Reaching safepoint: 6600 ns, Cleanup: 11700 ns, At safepoint: 2000 ns, Total: 20300 ns
[75.048s][info ][safepoint      ] Safepoint "Cleanup", Time since last: 1000109700 ns, Reaching safepoint: 9200 ns, Cleanup: 25500 ns, At safepoint: 3100 ns, Total: 37800 ns
[76.048s][info ][safepoint      ] Safepoint "Cleanup", Time since last: 1000119195 ns, Reaching safepoint: 7200 ns, Cleanup: 17500 ns, At safepoint: 2400 ns, Total: 27100 ns
[77.048s][info ][safepoint      ] Safepoint "Cleanup", Time since last: 1000113495 ns, Reaching safepoint: 7700 ns, Cleanup: 17700 ns, At safepoint: 2600 ns, Total: 28000 ns
[78.048s][info ][safepoint      ] Safepoint "Cleanup", Time since last: 1000111195 ns, Reaching safepoint: 7900 ns, Cleanup: 19600 ns, At safepoint: 2100 ns, Total: 29600 ns
[79.049s][info ][safepoint      ] Safepoint "Cleanup", Time since last: 1000146595 ns, Reaching safepoint: 7600 ns, Cleanup: 19200 ns, At safepoint: 2200 ns, Total: 29000 ns
[80.049s][info ][safepoint      ] Safepoint "Cleanup", Time since last: 1000136895 ns, Reaching safepoint: 7900 ns, Cleanup: 11300 ns, At safepoint: 1900 ns, Total: 21100 ns
[81.049s][info ][safepoint      ] Safepoint "Cleanup", Time since last: 1000136595 ns, Reaching safepoint: 6200 ns, Cleanup: 9700 ns, At safepoint: 2400 ns, Total: 18300 ns
[82.049s][info ][safepoint      ] Safepoint "Cleanup", Time since last: 1000120195 ns, Reaching safepoint: 6800 ns, Cleanup: 13400 ns, At safepoint: 2200 ns, Total: 22400 ns
[83.049s][info ][safepoint      ] Safepoint "Cleanup", Time since last: 1000137800 ns, Reaching safepoint: 7800 ns, Cleanup: 9400 ns, At safepoint: 1800 ns, Total: 19000 ns
[84.049s][info ][safepoint      ] Safepoint "Cleanup", Time since last: 1000131895 ns, Reaching safepoint: 5800 ns, Cleanup: 9300 ns, At safepoint: 2100 ns, Total: 17200 ns
[85.049s][info ][safepoint      ] Safepoint "Cleanup", Time since last: 1000111195 ns, Reaching safepoint: 5500 ns, Cleanup: 14700 ns, At safepoint: 2800 ns, Total: 23000 ns
[87.050s][info ][safepoint      ] Safepoint "Cleanup", Time since last: 2000181290 ns, Reaching safepoint: 75800 ns, Cleanup: 12100 ns, At safepoint: 5100 ns, Total: 93000 ns
[88.050s][info ][safepoint      ] Safepoint "Cleanup", Time since last: 1000110895 ns, Reaching safepoint: 80000 ns, Cleanup: 17200 ns, At safepoint: 6800 ns, Total: 104000 ns
[89.050s][info ][safepoint      ] Safepoint "Cleanup", Time since last: 1000114795 ns, Reaching safepoint: 149800 ns, Cleanup: 11300 ns, At safepoint: 8900 ns, Total: 170000 ns
[90.050s][info ][safepoint      ] Safepoint "Cleanup", Time since last: 1000114495 ns, Reaching safepoint: 77299 ns, Cleanup: 15100 ns, At safepoint: 6600 ns, Total: 98999 ns
[91.051s][info ][safepoint      ] Safepoint "Cleanup", Time since last: 1000139282 ns, Reaching safepoint: 82600 ns, Cleanup: 24100 ns, At safepoint: 7600 ns, Total: 114300 ns
[92.051s][info ][safepoint      ] Safepoint "Cleanup", Time since last: 1000114981 ns, Reaching safepoint: 78200 ns, Cleanup: 25300 ns, At safepoint: 5300 ns, Total: 108800 ns
[93.051s][info ][safepoint      ] Safepoint "Cleanup", Time since last: 1000108881 ns, Reaching safepoint: 80200 ns, Cleanup: 10700 ns, At safepoint: 6000 ns, Total: 96900 ns
[95.202s][info ][gc,start       ] GC(11) Pause Young (Allocation Failure)
[95.273s][debug][gc,phases      ] GC(11) Scavenge 71.028ms
[95.273s][debug][gc,ref         ] GC(11) ReferenceProcessor::execute queues: 1, RefProcThreadModel::Single, marks_oops_alive: false
[95.273s][debug][gc,ref         ] GC(11) Skipped KeepAliveFinalRefsPhase of Reference Processing: no references
[95.273s][debug][gc,ref         ] GC(11) ReferenceProcessor::execute queues: 1, RefProcThreadModel::Single, marks_oops_alive: false
[95.273s][debug][gc,phases      ] GC(11) Reference Processing 0.151ms
[95.274s][debug][gc,phases      ] GC(11)   VM Weak                        Min:  0.0, Avg:  0.0, Max:  0.0, Diff:  0.0, Sum:  0.0, Workers: 4
[95.274s][debug][gc,phases      ] GC(11)     Dead                           Min: 0, Avg:  0.0, Max: 0, Diff: 0, Sum: 0, Workers: 4
[95.274s][debug][gc,phases      ] GC(11)     Total                          Min: 0, Avg: 237.2, Max: 640, Diff: 640, Sum: 949, Workers: 4
[95.274s][debug][gc,phases      ] GC(11)   ObjectSynchronizer Weak        Min:  0.0, Avg:  0.0, Max:  0.0, Diff:  0.0, Sum:  0.0, Workers: 4
[95.274s][debug][gc,phases      ] GC(11)     Dead                           Min: 0, Avg:  0.0, Max: 0, Diff: 0, Sum: 0, Workers: 4
[95.274s][debug][gc,phases      ] GC(11)     Total                          Min: 0, Avg:  0.8, Max: 3, Diff: 3, Sum: 3, Workers: 4
[95.274s][debug][gc,phases      ] GC(11)   JVMTI Tag Weak OopStorage      Min:  0.0, Avg:  0.0, Max:  0.0, Diff:  0.0, Sum:  0.0, Workers: 4
[95.274s][debug][gc,phases      ] GC(11)     Dead                           Min: 0, Avg:  0.0, Max: 0, Diff: 0, Sum: 0, Workers: 4
[95.274s][debug][gc,phases      ] GC(11)     Total                          Min: 0, Avg:  0.0, Max: 0, Diff: 0, Sum: 0, Workers: 4
[95.274s][debug][gc,phases      ] GC(11)   StringTable Weak               Min:  0.0, Avg:  0.2, Max:  0.3, Diff:  0.3, Sum:  0.9, Workers: 4
[95.274s][debug][gc,phases      ] GC(11)     Dead                           Min: 0, Avg:  0.8, Max: 2, Diff: 2, Sum: 3, Workers: 4
[95.274s][debug][gc,phases      ] GC(11)     Total                          Min: 0, Avg: 11008.5, Max: 18496, Diff: 18496, Sum: 44034, Workers: 4
[95.274s][debug][gc,phases      ] GC(11)   ResolvedMethodTable Weak       Min:  0.0, Avg:  0.1, Max:  0.1, Diff:  0.1, Sum:  0.3, Workers: 4
[95.274s][debug][gc,phases      ] GC(11)     Dead                           Min: 0, Avg: 13.8, Max: 31, Diff: 31, Sum: 55, Workers: 4
[95.274s][debug][gc,phases      ] GC(11)     Total                          Min: 0, Avg: 3464.2, Max: 5971, Diff: 5971, Sum: 13857, Workers: 4
[95.274s][debug][gc,phases      ] GC(11)   JNI Weak                       Min:  0.0, Avg:  0.0, Max:  0.0, Diff:  0.0, Sum:  0.0, Workers: 4
[95.274s][debug][gc,phases      ] GC(11)     Dead                           Min: 0, Avg:  0.0, Max: 0, Diff: 0, Sum: 0, Workers: 4
[95.274s][debug][gc,phases      ] GC(11)     Total                          Min: 0, Avg: 13.0, Max: 52, Diff: 52, Sum: 52, Workers: 4
[95.274s][debug][gc,phases      ] GC(11)   StringDedup Table Weak         Min:  0.0, Avg:  0.0, Max:  0.0, Diff:  0.0, Sum:  0.0, Workers: 4
[95.274s][debug][gc,phases      ] GC(11)     Dead                           Min: 0, Avg:  0.0, Max: 0, Diff: 0, Sum: 0, Workers: 4
[95.274s][debug][gc,phases      ] GC(11)     Total                          Min: 0, Avg:  0.0, Max: 0, Diff: 0, Sum: 0, Workers: 4
[95.274s][debug][gc,phases      ] GC(11)   StringDedup Requests0 Weak     Min:  0.0, Avg:  0.0, Max:  0.0, Diff:  0.0, Sum:  0.0, Workers: 4
[95.274s][debug][gc,phases      ] GC(11)     Dead                           Min: 0, Avg:  0.0, Max: 0, Diff: 0, Sum: 0, Workers: 4
[95.274s][debug][gc,phases      ] GC(11)     Total                          Min: 0, Avg:  0.0, Max: 0, Diff: 0, Sum: 0, Workers: 4
[95.274s][debug][gc,phases      ] GC(11)   StringDedup Requests1 Weak     Min:  0.0, Avg:  0.0, Max:  0.0, Diff:  0.0, Sum:  0.0, Workers: 4
[95.274s][debug][gc,phases      ] GC(11)     Dead                           Min: 0, Avg:  0.0, Max: 0, Diff: 0, Sum: 0, Workers: 4
[95.274s][debug][gc,phases      ] GC(11)     Total                          Min: 0, Avg:  0.0, Max: 0, Diff: 0, Sum: 0, Workers: 4
[95.274s][debug][gc,phases      ] GC(11)   Weak JFR Old Object Samples    Min:  0.0, Avg:  0.0, Max:  0.0, Diff:  0.0, Sum:  0.0, Workers: 4
[95.274s][debug][gc,phases      ] GC(11)     Dead                           Min: 0, Avg:  0.0, Max: 0, Diff: 0, Sum: 0, Workers: 4
[95.274s][debug][gc,phases      ] GC(11)     Total                          Min: 0, Avg:  0.0, Max: 0, Diff: 0, Sum: 0, Workers: 4
[95.274s][debug][gc,phases      ] GC(11) Weak Processing 0.622ms
[95.274s][debug][gc,age         ] GC(11) Desired survivor size 257425408 bytes, new threshold 3 (max threshold 15)
[95.274s][info ][gc,heap        ] GC(11) PSYoungGen: 1722694K(1837056K)->59488K(1845760K) Eden: 1576960K(1576960K)->0K(1591808K) From: 145734K(260096K)->59488K(253952K)
[95.274s][info ][gc,heap        ] GC(11) ParOldGen: 60226K(60928K)->150497K(150528K)
[95.274s][info ][gc,metaspace   ] GC(11) Metaspace: 100031K(101376K)->100031K(101376K) NonClass: 84872K(85632K)->84872K(85632K) Class: 15158K(15744K)->15158K(15744K)
[95.274s][info ][gc             ] GC(11) Pause Young (Allocation Failure) 1741M->205M(1949M) 71.939ms
[95.274s][info ][gc,cpu         ] GC(11) User=0.21s Sys=0.06s Real=0.07s
[95.274s][info ][safepoint      ] Safepoint "ParallelGCFailedAllocation", Time since last: 2150923644 ns, Reaching safepoint: 7300 ns, Cleanup: 4800 ns, At safepoint: 72018492 ns, Total: 72030592 ns
[97.274s][info ][safepoint      ] Safepoint "Cleanup", Time since last: 2000206862 ns, Reaching safepoint: 6000 ns, Cleanup: 8200 ns, At safepoint: 1900 ns, Total: 16100 ns
[98.274s][info ][safepoint      ] Safepoint "Cleanup", Time since last: 1000124685 ns, Reaching safepoint: 7500 ns, Cleanup: 18200 ns, At safepoint: 2400 ns, Total: 28100 ns
[99.275s][info ][safepoint      ] Safepoint "Cleanup", Time since last: 1000118405 ns, Reaching safepoint: 5900 ns, Cleanup: 12200 ns, At safepoint: 1500 ns, Total: 19600 ns
[100.275s][info ][safepoint      ] Safepoint "Cleanup", Time since last: 1000107806 ns, Reaching safepoint: 7600 ns, Cleanup: 16000 ns, At safepoint: 1800 ns, Total: 25400 ns
[101.275s][info ][safepoint      ] Safepoint "Cleanup", Time since last: 1000115506 ns, Reaching safepoint: 6300 ns, Cleanup: 14800 ns, At safepoint: 2100 ns, Total: 23200 ns
[102.275s][info ][safepoint      ] Safepoint "Cleanup", Time since last: 1000113805 ns, Reaching safepoint: 7400 ns, Cleanup: 19500 ns, At safepoint: 2000 ns, Total: 28900 ns
[103.275s][info ][safepoint      ] Safepoint "Cleanup", Time since last: 1000116906 ns, Reaching safepoint: 7200 ns, Cleanup: 31100 ns, At safepoint: 2300 ns, Total: 40600 ns
[104.275s][info ][safepoint      ] Safepoint "Cleanup", Time since last: 1000130305 ns, Reaching safepoint: 10200 ns, Cleanup: 22100 ns, At safepoint: 2700 ns, Total: 35000 ns
[105.275s][info ][safepoint      ] Safepoint "Cleanup", Time since last: 1000121706 ns, Reaching safepoint: 6400 ns, Cleanup: 20900 ns, At safepoint: 2100 ns, Total: 29400 ns
[106.276s][info ][safepoint      ] Safepoint "Cleanup", Time since last: 1000108704 ns, Reaching safepoint: 8100 ns, Cleanup: 19500 ns, At safepoint: 2700 ns, Total: 30300 ns
[107.276s][info ][safepoint      ] Safepoint "Cleanup", Time since last: 1000116596 ns, Reaching safepoint: 8600 ns, Cleanup: 15500 ns, At safepoint: 2300 ns, Total: 26400 ns
[108.276s][info ][safepoint      ] Safepoint "Cleanup", Time since last: 1000125395 ns, Reaching safepoint: 8400 ns, Cleanup: 19300 ns, At safepoint: 2500 ns, Total: 30200 ns
[109.276s][info ][safepoint      ] Safepoint "Cleanup", Time since last: 1000127796 ns, Reaching safepoint: 6500 ns, Cleanup: 15600 ns, At safepoint: 2000 ns, Total: 24100 ns
[111.276s][info ][safepoint      ] Safepoint "Cleanup", Time since last: 2000182192 ns, Reaching safepoint: 5800 ns, Cleanup: 16100 ns, At safepoint: 1900 ns, Total: 23800 ns
[112.276s][info ][safepoint      ] Safepoint "Cleanup", Time since last: 1000108795 ns, Reaching safepoint: 7600 ns, Cleanup: 16400 ns, At safepoint: 2400 ns, Total: 26400 ns
[113.277s][info ][safepoint      ] Safepoint "Cleanup", Time since last: 1000118596 ns, Reaching safepoint: 6400 ns, Cleanup: 11300 ns, At safepoint: 2000 ns, Total: 19700 ns
[115.277s][info ][safepoint      ] Safepoint "Cleanup", Time since last: 2000188983 ns, Reaching safepoint: 7800 ns, Cleanup: 12100 ns, At safepoint: 2500 ns, Total: 22400 ns
[116.277s][info ][safepoint      ] Safepoint "Cleanup", Time since last: 1000118289 ns, Reaching safepoint: 7400 ns, Cleanup: 25000 ns, At safepoint: 2500 ns, Total: 34900 ns
[117.277s][info ][safepoint      ] Safepoint "Cleanup", Time since last: 1000113288 ns, Reaching safepoint: 7600 ns, Cleanup: 15700 ns, At safepoint: 2000 ns, Total: 25300 ns
[118.277s][info ][safepoint      ] Safepoint "Cleanup", Time since last: 1000138089 ns, Reaching safepoint: 7000 ns, Cleanup: 23600 ns, At safepoint: 2700 ns, Total: 33300 ns
[119.277s][info ][safepoint      ] Safepoint "Cleanup", Time since last: 1000118889 ns, Reaching safepoint: 9200 ns, Cleanup: 15100 ns, At safepoint: 2300 ns, Total: 26600 ns
[120.277s][info ][safepoint      ] Safepoint "Cleanup", Time since last: 1000113788 ns, Reaching safepoint: 5000 ns, Cleanup: 15500 ns, At safepoint: 1700 ns, Total: 22200 ns
[121.278s][info ][safepoint      ] Safepoint "Cleanup", Time since last: 1000112189 ns, Reaching safepoint: 6500 ns, Cleanup: 10800 ns, At safepoint: 1800 ns, Total: 19100 ns
[122.278s][info ][safepoint      ] Safepoint "Cleanup", Time since last: 1000108388 ns, Reaching safepoint: 5300 ns, Cleanup: 11400 ns, At safepoint: 1500 ns, Total: 18200 ns
[123.278s][info ][safepoint      ] Safepoint "Cleanup", Time since last: 1000104587 ns, Reaching safepoint: 6100 ns, Cleanup: 13600 ns, At safepoint: 1800 ns, Total: 21500 ns
[124.278s][info ][safepoint      ] Safepoint "Cleanup", Time since last: 1000102586 ns, Reaching safepoint: 5500 ns, Cleanup: 10400 ns, At safepoint: 1900 ns, Total: 17800 ns
[125.278s][info ][safepoint      ] Safepoint "Cleanup", Time since last: 1000108487 ns, Reaching safepoint: 6500 ns, Cleanup: 17600 ns, At safepoint: 2300 ns, Total: 26400 ns
[126.278s][info ][safepoint      ] Safepoint "Cleanup", Time since last: 1000112086 ns, Reaching safepoint: 6600 ns, Cleanup: 19500 ns, At safepoint: 1800 ns, Total: 27900 ns
[127.278s][info ][safepoint      ] Safepoint "Cleanup", Time since last: 1000125886 ns, Reaching safepoint: 5700 ns, Cleanup: 11300 ns, At safepoint: 2000 ns, Total: 19000 ns
[128.279s][info ][safepoint      ] Safepoint "Cleanup", Time since last: 1000106687 ns, Reaching safepoint: 5800 ns, Cleanup: 18100 ns, At safepoint: 1800 ns, Total: 25700 ns
[129.279s][info ][safepoint      ] Safepoint "Cleanup", Time since last: 1000119186 ns, Reaching safepoint: 7000 ns, Cleanup: 15700 ns, At safepoint: 2300 ns, Total: 25000 ns
[130.279s][info ][safepoint      ] Safepoint "Cleanup", Time since last: 1000113853 ns, Reaching safepoint: 7300 ns, Cleanup: 12600 ns, At safepoint: 2200 ns, Total: 22100 ns
[131.279s][info ][safepoint      ] Safepoint "Cleanup", Time since last: 1000126230 ns, Reaching safepoint: 9000 ns, Cleanup: 14300 ns, At safepoint: 2400 ns, Total: 25700 ns
[132.279s][info ][safepoint      ] Safepoint "Cleanup", Time since last: 1000132030 ns, Reaching safepoint: 8000 ns, Cleanup: 18400 ns, At safepoint: 2100 ns, Total: 28500 ns
[133.279s][info ][safepoint      ] Safepoint "Cleanup", Time since last: 1000148130 ns, Reaching safepoint: 10200 ns, Cleanup: 13600 ns, At safepoint: 2400 ns, Total: 26200 ns
[134.279s][info ][safepoint      ] Safepoint "Cleanup", Time since last: 1000132629 ns, Reaching safepoint: 7300 ns, Cleanup: 10700 ns, At safepoint: 2200 ns, Total: 20200 ns
[136.280s][info ][safepoint      ] Safepoint "Cleanup", Time since last: 2000186965 ns, Reaching safepoint: 7800 ns, Cleanup: 11700 ns, At safepoint: 2600 ns, Total: 22100 ns
[137.280s][info ][safepoint      ] Safepoint "Cleanup", Time since last: 1000119505 ns, Reaching safepoint: 8000 ns, Cleanup: 18000 ns, At safepoint: 2300 ns, Total: 28300 ns
[138.280s][info ][safepoint      ] Safepoint "Cleanup", Time since last: 1000121698 ns, Reaching safepoint: 8200 ns, Cleanup: 56300 ns, At safepoint: 3200 ns, Total: 67700 ns
[140.280s][info ][safepoint      ] Safepoint "Cleanup", Time since last: 2000199387 ns, Reaching safepoint: 6000 ns, Cleanup: 30500 ns, At safepoint: 2200 ns, Total: 38700 ns
[141.280s][info ][safepoint      ] Safepoint "Cleanup", Time since last: 1000109644 ns, Reaching safepoint: 6500 ns, Cleanup: 18400 ns, At safepoint: 1900 ns, Total: 26800 ns
[142.281s][info ][safepoint      ] Safepoint "Cleanup", Time since last: 1000107043 ns, Reaching safepoint: 6900 ns, Cleanup: 20000 ns, At safepoint: 2100 ns, Total: 29000 ns
[143.281s][info ][safepoint      ] Safepoint "Cleanup", Time since last: 1000135644 ns, Reaching safepoint: 8100 ns, Cleanup: 12300 ns, At safepoint: 2900 ns, Total: 23300 ns
[144.281s][info ][safepoint      ] Safepoint "Cleanup", Time since last: 1000150543 ns, Reaching safepoint: 6100 ns, Cleanup: 15400 ns, At safepoint: 2200 ns, Total: 23700 ns
[145.281s][info ][safepoint      ] Safepoint "Cleanup", Time since last: 1000106844 ns, Reaching safepoint: 7500 ns, Cleanup: 34700 ns, At safepoint: 2300 ns, Total: 44500 ns
[146.281s][info ][safepoint      ] Safepoint "Cleanup", Time since last: 1000140936 ns, Reaching safepoint: 8700 ns, Cleanup: 12100 ns, At safepoint: 2200 ns, Total: 23000 ns
[148.281s][info ][safepoint      ] Safepoint "Cleanup", Time since last: 2000194253 ns, Reaching safepoint: 6100 ns, Cleanup: 11300 ns, At safepoint: 2000 ns, Total: 19400 ns
[150.282s][info ][safepoint      ] Safepoint "Cleanup", Time since last: 2000191254 ns, Reaching safepoint: 7700 ns, Cleanup: 12200 ns, At safepoint: 2400 ns, Total: 22300 ns
[151.282s][info ][safepoint      ] Safepoint "Cleanup", Time since last: 1000119076 ns, Reaching safepoint: 8200 ns, Cleanup: 11800 ns, At safepoint: 2500 ns, Total: 22500 ns
[153.282s][info ][safepoint      ] Safepoint "Cleanup", Time since last: 2000213454 ns, Reaching safepoint: 7500 ns, Cleanup: 9900 ns, At safepoint: 2100 ns, Total: 19500 ns
[154.282s][info ][safepoint      ] Safepoint "Cleanup", Time since last: 1000130086 ns, Reaching safepoint: 10400 ns, Cleanup: 17700 ns, At safepoint: 2900 ns, Total: 31000 ns
[155.282s][info ][safepoint      ] Safepoint "Cleanup", Time since last: 1000115968 ns, Reaching safepoint: 6200 ns, Cleanup: 11700 ns, At safepoint: 2000 ns, Total: 19900 ns
[156.282s][info ][safepoint      ] Safepoint "Cleanup", Time since last: 1000120867 ns, Reaching safepoint: 7300 ns, Cleanup: 13200 ns, At safepoint: 2300 ns, Total: 22800 ns
[157.283s][info ][safepoint      ] Safepoint "Cleanup", Time since last: 1000115268 ns, Reaching safepoint: 7900 ns, Cleanup: 17500 ns, At safepoint: 2200 ns, Total: 27600 ns
[158.283s][info ][safepoint      ] Safepoint "Cleanup", Time since last: 1000113867 ns, Reaching safepoint: 8000 ns, Cleanup: 18400 ns, At safepoint: 2400 ns, Total: 28800 ns
[159.283s][info ][safepoint      ] Safepoint "Cleanup", Time since last: 1000122468 ns, Reaching safepoint: 8600 ns, Cleanup: 15300 ns, At safepoint: 2400 ns, Total: 26300 ns
[160.283s][info ][safepoint      ] Safepoint "Cleanup", Time since last: 1000122467 ns, Reaching safepoint: 5900 ns, Cleanup: 12100 ns, At safepoint: 2100 ns, Total: 20100 ns
[161.283s][info ][safepoint      ] Safepoint "Cleanup", Time since last: 1000111568 ns, Reaching safepoint: 7500 ns, Cleanup: 23200 ns, At safepoint: 2000 ns, Total: 32700 ns
[162.283s][info ][safepoint      ] Safepoint "Cleanup", Time since last: 1000116658 ns, Reaching safepoint: 8400 ns, Cleanup: 17500 ns, At safepoint: 2200 ns, Total: 28100 ns
[163.283s][info ][safepoint      ] Safepoint "Cleanup", Time since last: 1000125666 ns, Reaching safepoint: 8700 ns, Cleanup: 13700 ns, At safepoint: 2200 ns, Total: 24600 ns
[164.284s][info ][safepoint      ] Safepoint "Cleanup", Time since last: 1000142066 ns, Reaching safepoint: 9100 ns, Cleanup: 12000 ns, At safepoint: 2300 ns, Total: 23400 ns
[165.284s][info ][safepoint      ] Safepoint "Cleanup", Time since last: 1000128566 ns, Reaching safepoint: 7400 ns, Cleanup: 15500 ns, At safepoint: 2100 ns, Total: 25000 ns
[166.284s][info ][safepoint      ] Safepoint "Cleanup", Time since last: 1000113266 ns, Reaching safepoint: 6300 ns, Cleanup: 21400 ns, At safepoint: 2000 ns, Total: 29700 ns
[167.284s][info ][safepoint      ] Safepoint "Cleanup", Time since last: 1000110366 ns, Reaching safepoint: 9100 ns, Cleanup: 13300 ns, At safepoint: 1900 ns, Total: 24300 ns
[168.284s][info ][safepoint      ] Safepoint "Cleanup", Time since last: 1000115666 ns, Reaching safepoint: 7100 ns, Cleanup: 12900 ns, At safepoint: 1900 ns, Total: 21900 ns
[169.284s][info ][safepoint      ] Safepoint "Cleanup", Time since last: 1000113366 ns, Reaching safepoint: 6500 ns, Cleanup: 7400 ns, At safepoint: 1600 ns, Total: 15500 ns
[170.284s][info ][safepoint      ] Safepoint "Cleanup", Time since last: 1000103172 ns, Reaching safepoint: 7800 ns, Cleanup: 22400 ns, At safepoint: 2000 ns, Total: 32200 ns
[171.285s][info ][safepoint      ] Safepoint "Cleanup", Time since last: 1000107235 ns, Reaching safepoint: 7100 ns, Cleanup: 8400 ns, At safepoint: 1900 ns, Total: 17400 ns
[172.152s][info ][gc,start       ] GC(12) Pause Young (Allocation Failure)
[172.177s][debug][gc,phases      ] GC(12) Scavenge 24.955ms
[172.177s][debug][gc,ref         ] GC(12) ReferenceProcessor::execute queues: 1, RefProcThreadModel::Single, marks_oops_alive: false
[172.177s][debug][gc,ref         ] GC(12) Skipped KeepAliveFinalRefsPhase of Reference Processing: no references
[172.177s][debug][gc,ref         ] GC(12) ReferenceProcessor::execute queues: 1, RefProcThreadModel::Single, marks_oops_alive: false
[172.177s][debug][gc,phases      ] GC(12) Reference Processing 0.125ms
[172.178s][debug][gc,phases      ] GC(12)   VM Weak                        Min:  0.0, Avg:  0.0, Max:  0.0, Diff:  0.0, Sum:  0.0, Workers: 4
[172.178s][debug][gc,phases      ] GC(12)     Dead                           Min: 0, Avg:  0.0, Max: 0, Diff: 0, Sum: 0, Workers: 4
[172.178s][debug][gc,phases      ] GC(12)     Total                          Min: 0, Avg: 239.0, Max: 576, Diff: 576, Sum: 956, Workers: 4
[172.178s][debug][gc,phases      ] GC(12)   ObjectSynchronizer Weak        Min:  0.0, Avg:  0.0, Max:  0.0, Diff:  0.0, Sum:  0.0, Workers: 4
[172.178s][debug][gc,phases      ] GC(12)     Dead                           Min: 0, Avg:  0.0, Max: 0, Diff: 0, Sum: 0, Workers: 4
[172.178s][debug][gc,phases      ] GC(12)     Total                          Min: 0, Avg:  0.8, Max: 3, Diff: 3, Sum: 3, Workers: 4
[172.178s][debug][gc,phases      ] GC(12)   JVMTI Tag Weak OopStorage      Min:  0.0, Avg:  0.0, Max:  0.0, Diff:  0.0, Sum:  0.0, Workers: 4
[172.178s][debug][gc,phases      ] GC(12)     Dead                           Min: 0, Avg:  0.0, Max: 0, Diff: 0, Sum: 0, Workers: 4
[172.178s][debug][gc,phases      ] GC(12)     Total                          Min: 0, Avg:  0.0, Max: 0, Diff: 0, Sum: 0, Workers: 4
[172.178s][debug][gc,phases      ] GC(12)   StringTable Weak               Min:  0.0, Avg:  0.1, Max:  0.1, Diff:  0.1, Sum:  0.4, Workers: 4
[172.178s][debug][gc,phases      ] GC(12)     Dead                           Min: 0, Avg:  0.2, Max: 1, Diff: 1, Sum: 1, Workers: 4
[172.178s][debug][gc,phases      ] GC(12)     Total                          Min: 0, Avg: 11052.0, Max: 19584, Diff: 19584, Sum: 44208, Workers: 4
[172.178s][debug][gc,phases      ] GC(12)   ResolvedMethodTable Weak       Min:  0.0, Avg:  0.0, Max:  0.0, Diff:  0.0, Sum:  0.1, Workers: 4
[172.178s][debug][gc,phases      ] GC(12)     Dead                           Min: 0, Avg:  6.2, Max: 20, Diff: 20, Sum: 25, Workers: 4
[172.178s][debug][gc,phases      ] GC(12)     Total                          Min: 0, Avg: 3477.2, Max: 5718, Diff: 5718, Sum: 13909, Workers: 4
[172.178s][debug][gc,phases      ] GC(12)   JNI Weak                       Min:  0.0, Avg:  0.0, Max:  0.0, Diff:  0.0, Sum:  0.0, Workers: 4
[172.178s][debug][gc,phases      ] GC(12)     Dead                           Min: 0, Avg:  0.0, Max: 0, Diff: 0, Sum: 0, Workers: 4
[172.178s][debug][gc,phases      ] GC(12)     Total                          Min: 0, Avg: 13.0, Max: 52, Diff: 52, Sum: 52, Workers: 4
[172.178s][debug][gc,phases      ] GC(12)   StringDedup Table Weak         Min:  0.0, Avg:  0.0, Max:  0.0, Diff:  0.0, Sum:  0.0, Workers: 4
[172.178s][debug][gc,phases      ] GC(12)     Dead                           Min: 0, Avg:  0.0, Max: 0, Diff: 0, Sum: 0, Workers: 4
[172.178s][debug][gc,phases      ] GC(12)     Total                          Min: 0, Avg:  0.0, Max: 0, Diff: 0, Sum: 0, Workers: 4
[172.178s][debug][gc,phases      ] GC(12)   StringDedup Requests0 Weak     Min:  0.0, Avg:  0.0, Max:  0.0, Diff:  0.0, Sum:  0.0, Workers: 4
[172.178s][debug][gc,phases      ] GC(12)     Dead                           Min: 0, Avg:  0.0, Max: 0, Diff: 0, Sum: 0, Workers: 4
[172.178s][debug][gc,phases      ] GC(12)     Total                          Min: 0, Avg:  0.0, Max: 0, Diff: 0, Sum: 0, Workers: 4
[172.178s][debug][gc,phases      ] GC(12)   StringDedup Requests1 Weak     Min:  0.0, Avg:  0.0, Max:  0.0, Diff:  0.0, Sum:  0.0, Workers: 4
[172.178s][debug][gc,phases      ] GC(12)     Dead                           Min: 0, Avg:  0.0, Max: 0, Diff: 0, Sum: 0, Workers: 4
[172.178s][debug][gc,phases      ] GC(12)     Total                          Min: 0, Avg:  0.0, Max: 0, Diff: 0, Sum: 0, Workers: 4
[172.178s][debug][gc,phases      ] GC(12)   Weak JFR Old Object Samples    Min:  0.0, Avg:  0.0, Max:  0.0, Diff:  0.0, Sum:  0.0, Workers: 4
[172.178s][debug][gc,phases      ] GC(12)     Dead                           Min: 0, Avg:  0.0, Max: 0, Diff: 0, Sum: 0, Workers: 4
[172.178s][debug][gc,phases      ] GC(12)     Total                          Min: 0, Avg:  0.0, Max: 0, Diff: 0, Sum: 0, Workers: 4
[172.178s][debug][gc,phases      ] GC(12) Weak Processing 0.377ms
[172.178s][debug][gc,age         ] GC(12) Desired survivor size 261619712 bytes, new threshold 2 (max threshold 15)
[172.178s][info ][gc,heap        ] GC(12) PSYoungGen: 1651296K(1845760K)->13280K(1605120K) Eden: 1591808K(1591808K)->0K(1591808K) From: 59488K(253952K)->13280K(13312K)
[172.178s][info ][gc,heap        ] GC(12) ParOldGen: 150497K(150528K)->200749K(201216K)
[172.178s][info ][gc,metaspace   ] GC(12) Metaspace: 100347K(101632K)->100347K(101632K) NonClass: 85166K(85888K)->85166K(85888K) Class: 15180K(15744K)->15180K(15744K)
[172.178s][info ][gc             ] GC(12) Pause Young (Allocation Failure) 1759M->209M(1764M) 25.588ms
[172.178s][info ][gc,cpu         ] GC(12) User=0.07s Sys=0.03s Real=0.02s
[172.178s][info ][safepoint      ] Safepoint "ParallelGCFailedAllocation", Time since last: 867619757 ns, Reaching safepoint: 6200 ns, Cleanup: 14300 ns, At safepoint: 25656896 ns, Total: 25677396 ns
[173.178s][info ][safepoint      ] Safepoint "Cleanup", Time since last: 1000092734 ns, Reaching safepoint: 7600 ns, Cleanup: 12100 ns, At safepoint: 2500 ns, Total: 22200 ns
[174.178s][info ][safepoint      ] Safepoint "Cleanup", Time since last: 1000116035 ns, Reaching safepoint: 8000 ns, Cleanup: 14900 ns, At safepoint: 2400 ns, Total: 25300 ns
[175.178s][info ][safepoint      ] Safepoint "Cleanup", Time since last: 1000121335 ns, Reaching safepoint: 8400 ns, Cleanup: 11000 ns, At safepoint: 2300 ns, Total: 21700 ns
[176.178s][info ][safepoint      ] Safepoint "Cleanup", Time since last: 1000113835 ns, Reaching safepoint: 5700 ns, Cleanup: 9200 ns, At safepoint: 2400 ns, Total: 17300 ns
[177.179s][info ][safepoint      ] Safepoint "Cleanup", Time since last: 1000118335 ns, Reaching safepoint: 7100 ns, Cleanup: 28100 ns, At safepoint: 2300 ns, Total: 37500 ns
[178.179s][info ][safepoint      ] Safepoint "Cleanup", Time since last: 1000110835 ns, Reaching safepoint: 5400 ns, Cleanup: 14100 ns, At safepoint: 2100 ns, Total: 21600 ns
[179.179s][info ][safepoint      ] Safepoint "Cleanup", Time since last: 1000133128 ns, Reaching safepoint: 8600 ns, Cleanup: 29600 ns, At safepoint: 3000 ns, Total: 41200 ns
[180.179s][info ][safepoint      ] Safepoint "Cleanup", Time since last: 1000130027 ns, Reaching safepoint: 8000 ns, Cleanup: 11600 ns, At safepoint: 2400 ns, Total: 22000 ns
[182.179s][info ][safepoint      ] Safepoint "Cleanup", Time since last: 2000209056 ns, Reaching safepoint: 11600 ns, Cleanup: 17500 ns, At safepoint: 2500 ns, Total: 31600 ns
[183.179s][info ][safepoint      ] Safepoint "Cleanup", Time since last: 1000125027 ns, Reaching safepoint: 8300 ns, Cleanup: 16700 ns, At safepoint: 2300 ns, Total: 27300 ns
[185.180s][info ][safepoint      ] Safepoint "Cleanup", Time since last: 2000205455 ns, Reaching safepoint: 9600 ns, Cleanup: 25500 ns, At safepoint: 2700 ns, Total: 37800 ns
[188.180s][info ][safepoint      ] Safepoint "Cleanup", Time since last: 3000267535 ns, Reaching safepoint: 6300 ns, Cleanup: 12800 ns, At safepoint: 2200 ns, Total: 21300 ns
[189.180s][info ][safepoint      ] Safepoint "Cleanup", Time since last: 1000145954 ns, Reaching safepoint: 9600 ns, Cleanup: 15300 ns, At safepoint: 2300 ns, Total: 27200 ns
[190.180s][info ][safepoint      ] Safepoint "Cleanup", Time since last: 1000116854 ns, Reaching safepoint: 8100 ns, Cleanup: 10700 ns, At safepoint: 2400 ns, Total: 21200 ns
[191.180s][info ][safepoint      ] Safepoint "Cleanup", Time since last: 1000115553 ns, Reaching safepoint: 7100 ns, Cleanup: 10300 ns, At safepoint: 2100 ns, Total: 19500 ns
[192.181s][info ][safepoint      ] Safepoint "Cleanup", Time since last: 1000108954 ns, Reaching safepoint: 7400 ns, Cleanup: 21600 ns, At safepoint: 2300 ns, Total: 31300 ns
[194.181s][info ][safepoint      ] Safepoint "Cleanup", Time since last: 2000185808 ns, Reaching safepoint: 7300 ns, Cleanup: 92900 ns, At safepoint: 3200 ns, Total: 103400 ns
[195.181s][info ][safepoint      ] Safepoint "Cleanup", Time since last: 1000102158 ns, Reaching safepoint: 6300 ns, Cleanup: 30200 ns, At safepoint: 2400 ns, Total: 38900 ns
[196.181s][info ][safepoint      ] Safepoint "Cleanup", Time since last: 1000113458 ns, Reaching safepoint: 9100 ns, Cleanup: 15700 ns, At safepoint: 2600 ns, Total: 27400 ns
[197.181s][info ][safepoint      ] Safepoint "Cleanup", Time since last: 1000126959 ns, Reaching safepoint: 10200 ns, Cleanup: 20000 ns, At safepoint: 2500 ns, Total: 32700 ns
[198.181s][info ][safepoint      ] Safepoint "Cleanup", Time since last: 1000126758 ns, Reaching safepoint: 7500 ns, Cleanup: 13400 ns, At safepoint: 2400 ns, Total: 23300 ns
[199.182s][info ][safepoint      ] Safepoint "Cleanup", Time since last: 1000112458 ns, Reaching safepoint: 11100 ns, Cleanup: 30400 ns, At safepoint: 2600 ns, Total: 44100 ns
[200.182s][info ][safepoint      ] Safepoint "Cleanup", Time since last: 1000127959 ns, Reaching safepoint: 6600 ns, Cleanup: 12300 ns, At safepoint: 2600 ns, Total: 21500 ns
[201.182s][info ][safepoint      ] Safepoint "Cleanup", Time since last: 1000124158 ns, Reaching safepoint: 8800 ns, Cleanup: 27900 ns, At safepoint: 2500 ns, Total: 39200 ns
[202.182s][info ][safepoint      ] Safepoint "Cleanup", Time since last: 1000127758 ns, Reaching safepoint: 6800 ns, Cleanup: 13300 ns, At safepoint: 2300 ns, Total: 22400 ns
[203.182s][info ][safepoint      ] Safepoint "Cleanup", Time since last: 1000116862 ns, Reaching safepoint: 8000 ns, Cleanup: 13200 ns, At safepoint: 2600 ns, Total: 23800 ns
[204.182s][info ][safepoint      ] Safepoint "Cleanup", Time since last: 1000119861 ns, Reaching safepoint: 6600 ns, Cleanup: 24000 ns, At safepoint: 2300 ns, Total: 32900 ns
[206.183s][info ][safepoint      ] Safepoint "Cleanup", Time since last: 2000191923 ns, Reaching safepoint: 7300 ns, Cleanup: 15800 ns, At safepoint: 2400 ns, Total: 25500 ns
[207.183s][info ][safepoint      ] Safepoint "Cleanup", Time since last: 1000120762 ns, Reaching safepoint: 8300 ns, Cleanup: 24300 ns, At safepoint: 2400 ns, Total: 35000 ns
[208.183s][info ][safepoint      ] Safepoint "Cleanup", Time since last: 1000130861 ns, Reaching safepoint: 8100 ns, Cleanup: 21000 ns, At safepoint: 2800 ns, Total: 31900 ns
[209.183s][info ][safepoint      ] Safepoint "Cleanup", Time since last: 1000126362 ns, Reaching safepoint: 8600 ns, Cleanup: 20800 ns, At safepoint: 2400 ns, Total: 31800 ns
[210.183s][info ][safepoint      ] Safepoint "Cleanup", Time since last: 1000136061 ns, Reaching safepoint: 10500 ns, Cleanup: 21600 ns, At safepoint: 2600 ns, Total: 34700 ns
[212.183s][info ][safepoint      ] Safepoint "Cleanup", Time since last: 2000215328 ns, Reaching safepoint: 7300 ns, Cleanup: 13800 ns, At safepoint: 2100 ns, Total: 23200 ns
[213.184s][info ][safepoint      ] Safepoint "Cleanup", Time since last: 1000128764 ns, Reaching safepoint: 10400 ns, Cleanup: 35400 ns, At safepoint: 3100 ns, Total: 48900 ns
[214.184s][info ][safepoint      ] Safepoint "Cleanup", Time since last: 1000137964 ns, Reaching safepoint: 7700 ns, Cleanup: 18800 ns, At safepoint: 2400 ns, Total: 28900 ns
[215.184s][info ][safepoint      ] Safepoint "Cleanup", Time since last: 1000150264 ns, Reaching safepoint: 7900 ns, Cleanup: 13600 ns, At safepoint: 2500 ns, Total: 24000 ns
[216.184s][info ][safepoint      ] Safepoint "Cleanup", Time since last: 1000132364 ns, Reaching safepoint: 7800 ns, Cleanup: 16100 ns, At safepoint: 2300 ns, Total: 26200 ns
[218.184s][info ][safepoint      ] Safepoint "Cleanup", Time since last: 2000205228 ns, Reaching safepoint: 9100 ns, Cleanup: 20500 ns, At safepoint: 3600 ns, Total: 33200 ns
[221.185s][info ][safepoint      ] Safepoint "Cleanup", Time since last: 3000265608 ns, Reaching safepoint: 9000 ns, Cleanup: 15000 ns, At safepoint: 2300 ns, Total: 26300 ns
[222.185s][info ][safepoint      ] Safepoint "Cleanup", Time since last: 1000121569 ns, Reaching safepoint: 8600 ns, Cleanup: 11100 ns, At safepoint: 2300 ns, Total: 22000 ns
[223.185s][info ][safepoint      ] Safepoint "Cleanup", Time since last: 1000117169 ns, Reaching safepoint: 6800 ns, Cleanup: 10900 ns, At safepoint: 2200 ns, Total: 19900 ns
[224.185s][info ][safepoint      ] Safepoint "Cleanup", Time since last: 1000111169 ns, Reaching safepoint: 7500 ns, Cleanup: 10400 ns, At safepoint: 2300 ns, Total: 20200 ns
[225.185s][info ][safepoint      ] Safepoint "Cleanup", Time since last: 1000117469 ns, Reaching safepoint: 9500 ns, Cleanup: 12100 ns, At safepoint: 1800 ns, Total: 23400 ns
[227.185s][info ][safepoint      ] Safepoint "Cleanup", Time since last: 2000188639 ns, Reaching safepoint: 8600 ns, Cleanup: 20300 ns, At safepoint: 2300 ns, Total: 31200 ns
[228.186s][info ][safepoint      ] Safepoint "Cleanup", Time since last: 1000116270 ns, Reaching safepoint: 7100 ns, Cleanup: 17200 ns, At safepoint: 1900 ns, Total: 26200 ns
[229.186s][info ][safepoint      ] Safepoint "Cleanup", Time since last: 1000111469 ns, Reaching safepoint: 8500 ns, Cleanup: 46500 ns, At safepoint: 2600 ns, Total: 57600 ns
[230.186s][info ][safepoint      ] Safepoint "Cleanup", Time since last: 1000109669 ns, Reaching safepoint: 4900 ns, Cleanup: 10700 ns, At safepoint: 1800 ns, Total: 17400 ns
[231.186s][info ][safepoint      ] Safepoint "Cleanup", Time since last: 1000109470 ns, Reaching safepoint: 7800 ns, Cleanup: 40100 ns, At safepoint: 2300 ns, Total: 50200 ns
[232.186s][info ][safepoint      ] Safepoint "Cleanup", Time since last: 1000111069 ns, Reaching safepoint: 7100 ns, Cleanup: 20800 ns, At safepoint: 2100 ns, Total: 30000 ns
[233.186s][info ][safepoint      ] Safepoint "Cleanup", Time since last: 1000117470 ns, Reaching safepoint: 7500 ns, Cleanup: 12700 ns, At safepoint: 2200 ns, Total: 22400 ns
[235.186s][info ][safepoint      ] Safepoint "Cleanup", Time since last: 2000180436 ns, Reaching safepoint: 8100 ns, Cleanup: 12900 ns, At safepoint: 1900 ns, Total: 22900 ns
[236.187s][info ][safepoint      ] Safepoint "Cleanup", Time since last: 1000116267 ns, Reaching safepoint: 8000 ns, Cleanup: 12500 ns, At safepoint: 2800 ns, Total: 23300 ns
[237.187s][info ][safepoint      ] Safepoint "Cleanup", Time since last: 1000120966 ns, Reaching safepoint: 7400 ns, Cleanup: 33000 ns, At safepoint: 2400 ns, Total: 42800 ns
[238.187s][info ][safepoint      ] Safepoint "Cleanup", Time since last: 1000136767 ns, Reaching safepoint: 5500 ns, Cleanup: 12000 ns, At safepoint: 2000 ns, Total: 19500 ns
[239.187s][info ][safepoint      ] Safepoint "Cleanup", Time since last: 1000111966 ns, Reaching safepoint: 9300 ns, Cleanup: 16800 ns, At safepoint: 2400 ns, Total: 28500 ns
[241.187s][info ][safepoint      ] Safepoint "Cleanup", Time since last: 2000203034 ns, Reaching safepoint: 7300 ns, Cleanup: 10300 ns, At safepoint: 2000 ns, Total: 19600 ns
[245.188s][info ][safepoint      ] Safepoint "Cleanup", Time since last: 4000313568 ns, Reaching safepoint: 5700 ns, Cleanup: 8900 ns, At safepoint: 2100 ns, Total: 16700 ns
[246.188s][info ][safepoint      ] Safepoint "Cleanup", Time since last: 1000146617 ns, Reaching safepoint: 8100 ns, Cleanup: 17600 ns, At safepoint: 2700 ns, Total: 28400 ns
[247.188s][info ][safepoint      ] Safepoint "Cleanup", Time since last: 1000121219 ns, Reaching safepoint: 8500 ns, Cleanup: 11000 ns, At safepoint: 2500 ns, Total: 22000 ns
[247.403s][info ][gc,start       ] GC(13) Pause Young (Allocation Failure)
[247.412s][debug][gc,phases      ] GC(13) Scavenge 9.185ms
[247.412s][debug][gc,ref         ] GC(13) ReferenceProcessor::execute queues: 1, RefProcThreadModel::Single, marks_oops_alive: false
[247.412s][debug][gc,ref         ] GC(13) Skipped KeepAliveFinalRefsPhase of Reference Processing: no references
[247.412s][debug][gc,ref         ] GC(13) ReferenceProcessor::execute queues: 1, RefProcThreadModel::Single, marks_oops_alive: false
[247.412s][debug][gc,phases      ] GC(13) Reference Processing 0.107ms
[247.412s][debug][gc,phases      ] GC(13)   VM Weak                        Min:  0.0, Avg:  0.0, Max:  0.0, Diff:  0.0, Sum:  0.0, Workers: 4
[247.412s][debug][gc,phases      ] GC(13)     Dead                           Min: 0, Avg:  0.0, Max: 0, Diff: 0, Sum: 0, Workers: 4
[247.412s][debug][gc,phases      ] GC(13)     Total                          Min: 0, Avg: 239.0, Max: 636, Diff: 636, Sum: 956, Workers: 4
[247.412s][debug][gc,phases      ] GC(13)   ObjectSynchronizer Weak        Min:  0.0, Avg:  0.0, Max:  0.0, Diff:  0.0, Sum:  0.0, Workers: 4
[247.412s][debug][gc,phases      ] GC(13)     Dead                           Min: 0, Avg:  0.0, Max: 0, Diff: 0, Sum: 0, Workers: 4
[247.412s][debug][gc,phases      ] GC(13)     Total                          Min: 0, Avg:  0.8, Max: 3, Diff: 3, Sum: 3, Workers: 4
[247.412s][debug][gc,phases      ] GC(13)   JVMTI Tag Weak OopStorage      Min:  0.0, Avg:  0.0, Max:  0.0, Diff:  0.0, Sum:  0.0, Workers: 4
[247.412s][debug][gc,phases      ] GC(13)     Dead                           Min: 0, Avg:  0.0, Max: 0, Diff: 0, Sum: 0, Workers: 4
[247.412s][debug][gc,phases      ] GC(13)     Total                          Min: 0, Avg:  0.0, Max: 0, Diff: 0, Sum: 0, Workers: 4
[247.412s][debug][gc,phases      ] GC(13)   StringTable Weak               Min:  0.0, Avg:  0.1, Max:  0.1, Diff:  0.1, Sum:  0.4, Workers: 4
[247.412s][debug][gc,phases      ] GC(13)     Dead                           Min: 0, Avg:  0.5, Max: 2, Diff: 2, Sum: 2, Workers: 4
[247.412s][debug][gc,phases      ] GC(13)     Total                          Min: 0, Avg: 11077.2, Max: 19648, Diff: 19648, Sum: 44309, Workers: 4
[247.412s][debug][gc,phases      ] GC(13)   ResolvedMethodTable Weak       Min:  0.0, Avg:  0.0, Max:  0.0, Diff:  0.0, Sum:  0.1, Workers: 4
[247.412s][debug][gc,phases      ] GC(13)     Dead                           Min: 0, Avg:  4.8, Max: 17, Diff: 17, Sum: 19, Workers: 4
[247.412s][debug][gc,phases      ] GC(13)     Total                          Min: 0, Avg: 3481.2, Max: 5794, Diff: 5794, Sum: 13925, Workers: 4
[247.412s][debug][gc,phases      ] GC(13)   JNI Weak                       Min:  0.0, Avg:  0.0, Max:  0.0, Diff:  0.0, Sum:  0.0, Workers: 4
[247.412s][debug][gc,phases      ] GC(13)     Dead                           Min: 0, Avg:  0.0, Max: 0, Diff: 0, Sum: 0, Workers: 4
[247.412s][debug][gc,phases      ] GC(13)     Total                          Min: 0, Avg: 13.0, Max: 52, Diff: 52, Sum: 52, Workers: 4
[247.412s][debug][gc,phases      ] GC(13)   StringDedup Table Weak         Min:  0.0, Avg:  0.0, Max:  0.0, Diff:  0.0, Sum:  0.0, Workers: 4
[247.412s][debug][gc,phases      ] GC(13)     Dead                           Min: 0, Avg:  0.0, Max: 0, Diff: 0, Sum: 0, Workers: 4
[247.412s][debug][gc,phases      ] GC(13)     Total                          Min: 0, Avg:  0.0, Max: 0, Diff: 0, Sum: 0, Workers: 4
[247.412s][debug][gc,phases      ] GC(13)   StringDedup Requests0 Weak     Min:  0.0, Avg:  0.0, Max:  0.0, Diff:  0.0, Sum:  0.0, Workers: 4
[247.412s][debug][gc,phases      ] GC(13)     Dead                           Min: 0, Avg:  0.0, Max: 0, Diff: 0, Sum: 0, Workers: 4
[247.412s][debug][gc,phases      ] GC(13)     Total                          Min: 0, Avg:  0.0, Max: 0, Diff: 0, Sum: 0, Workers: 4
[247.412s][debug][gc,phases      ] GC(13)   StringDedup Requests1 Weak     Min:  0.0, Avg:  0.0, Max:  0.0, Diff:  0.0, Sum:  0.0, Workers: 4
[247.412s][debug][gc,phases      ] GC(13)     Dead                           Min: 0, Avg:  0.0, Max: 0, Diff: 0, Sum: 0, Workers: 4
[247.412s][debug][gc,phases      ] GC(13)     Total                          Min: 0, Avg:  0.0, Max: 0, Diff: 0, Sum: 0, Workers: 4
[247.412s][debug][gc,phases      ] GC(13)   Weak JFR Old Object Samples    Min:  0.0, Avg:  0.0, Max:  0.0, Diff:  0.0, Sum:  0.0, Workers: 4
[247.412s][debug][gc,phases      ] GC(13)     Dead                           Min: 0, Avg:  0.0, Max: 0, Diff: 0, Sum: 0, Workers: 4
[247.412s][debug][gc,phases      ] GC(13)     Total                          Min: 0, Avg:  0.0, Max: 0, Diff: 0, Sum: 0, Workers: 4
[247.412s][debug][gc,phases      ] GC(13) Weak Processing 0.377ms
[247.412s][debug][gc,age         ] GC(13) Desired survivor size 263716864 bytes, new threshold 1 (max threshold 15)
[247.412s][info ][gc,heap        ] GC(13) PSYoungGen: 1605088K(1605120K)->3408K(1837568K) Eden: 1591808K(1591808K)->0K(1582080K) From: 13280K(13312K)->3408K(255488K)
[247.412s][info ][gc,heap        ] GC(13) ParOldGen: 200749K(201216K)->211094K(211456K)
[247.412s][info ][gc,metaspace   ] GC(13) Metaspace: 100505K(101760K)->100505K(101760K) NonClass: 85314K(86016K)->85314K(86016K) Class: 15191K(15744K)->15191K(15744K)
[247.412s][info ][gc             ] GC(13) Pause Young (Allocation Failure) 1763M->209M(2001M) 9.785ms
[247.412s][info ][gc,cpu         ] GC(13) User=0.02s Sys=0.01s Real=0.01s
[247.413s][info ][safepoint      ] Safepoint "ParallelGCFailedAllocation", Time since last: 214690972 ns, Reaching safepoint: 5700 ns, Cleanup: 4000 ns, At safepoint: 9854999 ns, Total: 9864699 ns
[248.413s][info ][safepoint      ] Safepoint "Cleanup", Time since last: 1000090669 ns, Reaching safepoint: 6500 ns, Cleanup: 20900 ns, At safepoint: 2200 ns, Total: 29600 ns
[252.413s][info ][safepoint      ] Safepoint "Cleanup", Time since last: 4000320839 ns, Reaching safepoint: 5900 ns, Cleanup: 11700 ns, At safepoint: 2100 ns, Total: 19700 ns
[258.413s][info ][safepoint      ] Safepoint "Cleanup", Time since last: 6000474532 ns, Reaching safepoint: 6200 ns, Cleanup: 16700 ns, At safepoint: 1800 ns, Total: 24700 ns
[259.414s][info ][safepoint      ] Safepoint "Cleanup", Time since last: 1000117481 ns, Reaching safepoint: 6700 ns, Cleanup: 12800 ns, At safepoint: 1800 ns, Total: 21300 ns
[260.414s][info ][safepoint      ] Safepoint "Cleanup", Time since last: 1000105482 ns, Reaching safepoint: 6200 ns, Cleanup: 27600 ns, At safepoint: 2000 ns, Total: 35800 ns
[261.414s][info ][safepoint      ] Safepoint "Cleanup", Time since last: 1000105882 ns, Reaching safepoint: 6400 ns, Cleanup: 11700 ns, At safepoint: 2200 ns, Total: 20300 ns
[262.414s][info ][safepoint      ] Safepoint "Cleanup", Time since last: 1000110581 ns, Reaching safepoint: 5400 ns, Cleanup: 14700 ns, At safepoint: 2000 ns, Total: 22100 ns
[263.414s][info ][safepoint      ] Safepoint "Cleanup", Time since last: 1000111282 ns, Reaching safepoint: 6700 ns, Cleanup: 11700 ns, At safepoint: 2600 ns, Total: 21000 ns
[265.414s][info ][safepoint      ] Safepoint "Cleanup", Time since last: 2000184663 ns, Reaching safepoint: 8000 ns, Cleanup: 23500 ns, At safepoint: 2900 ns, Total: 34400 ns
[266.415s][info ][safepoint      ] Safepoint "Cleanup", Time since last: 1000121842 ns, Reaching safepoint: 11300 ns, Cleanup: 17100 ns, At safepoint: 2300 ns, Total: 30700 ns
[268.840s][info ][safepoint      ] Safepoint "Cleanup", Time since last: 2425566144 ns, Reaching safepoint: 6800 ns, Cleanup: 17600 ns, At safepoint: 2500 ns, Total: 26900 ns
[269.840s][info ][safepoint      ] Safepoint "Cleanup", Time since last: 1000119930 ns, Reaching safepoint: 8300 ns, Cleanup: 15900 ns, At safepoint: 2600 ns, Total: 26800 ns
[270.840s][info ][safepoint      ] Safepoint "Cleanup", Time since last: 1000123131 ns, Reaching safepoint: 8200 ns, Cleanup: 14800 ns, At safepoint: 2600 ns, Total: 25600 ns
[271.841s][info ][safepoint      ] Safepoint "Cleanup", Time since last: 1000117930 ns, Reaching safepoint: 7900 ns, Cleanup: 11400 ns, At safepoint: 2700 ns, Total: 22000 ns
[272.841s][info ][safepoint      ] Safepoint "Cleanup", Time since last: 1000118926 ns, Reaching safepoint: 8400 ns, Cleanup: 11600 ns, At safepoint: 2500 ns, Total: 22500 ns
[273.841s][info ][safepoint      ] Safepoint "Cleanup", Time since last: 1000117673 ns, Reaching safepoint: 7900 ns, Cleanup: 11100 ns, At safepoint: 2600 ns, Total: 21600 ns
[274.841s][info ][safepoint      ] Safepoint "Cleanup", Time since last: 1000120771 ns, Reaching safepoint: 8800 ns, Cleanup: 11300 ns, At safepoint: 2800 ns, Total: 22900 ns
[276.841s][info ][safepoint      ] Safepoint "Cleanup", Time since last: 2000173812 ns, Reaching safepoint: 5900 ns, Cleanup: 13700 ns, At safepoint: 1800 ns, Total: 21400 ns
[277.841s][info ][safepoint      ] Safepoint "Cleanup", Time since last: 1000115457 ns, Reaching safepoint: 9600 ns, Cleanup: 21700 ns, At safepoint: 2800 ns, Total: 34100 ns
[278.841s][info ][safepoint      ] Safepoint "Cleanup", Time since last: 1000127956 ns, Reaching safepoint: 7800 ns, Cleanup: 30100 ns, At safepoint: 2700 ns, Total: 40600 ns
[279.842s][info ][safepoint      ] Safepoint "Cleanup", Time since last: 1000105656 ns, Reaching safepoint: 5800 ns, Cleanup: 8600 ns, At safepoint: 2000 ns, Total: 16400 ns
[281.842s][info ][safepoint      ] Safepoint "Cleanup", Time since last: 2000170713 ns, Reaching safepoint: 8100 ns, Cleanup: 10800 ns, At safepoint: 2300 ns, Total: 21200 ns
[282.842s][info ][safepoint      ] Safepoint "Cleanup", Time since last: 1000119108 ns, Reaching safepoint: 5100 ns, Cleanup: 8500 ns, At safepoint: 2200 ns, Total: 15800 ns
[283.842s][info ][safepoint      ] Safepoint "Cleanup", Time since last: 1000111964 ns, Reaching safepoint: 8900 ns, Cleanup: 13800 ns, At safepoint: 2600 ns, Total: 25300 ns
[284.842s][info ][safepoint      ] Safepoint "Cleanup", Time since last: 1000116663 ns, Reaching safepoint: 8200 ns, Cleanup: 14500 ns, At safepoint: 2200 ns, Total: 24900 ns
[285.842s][info ][safepoint      ] Safepoint "Cleanup", Time since last: 1000115664 ns, Reaching safepoint: 7800 ns, Cleanup: 10000 ns, At safepoint: 2300 ns, Total: 20100 ns
[286.842s][info ][safepoint      ] Safepoint "Cleanup", Time since last: 1000117864 ns, Reaching safepoint: 7600 ns, Cleanup: 12200 ns, At safepoint: 2400 ns, Total: 22200 ns
[287.843s][info ][safepoint      ] Safepoint "Cleanup", Time since last: 1000115563 ns, Reaching safepoint: 8600 ns, Cleanup: 14300 ns, At safepoint: 2800 ns, Total: 25700 ns
[290.843s][info ][safepoint      ] Safepoint "Cleanup", Time since last: 3000271541 ns, Reaching safepoint: 8500 ns, Cleanup: 11600 ns, At safepoint: 2200 ns, Total: 22300 ns
[292.843s][info ][safepoint      ] Safepoint "Cleanup", Time since last: 2000185124 ns, Reaching safepoint: 6300 ns, Cleanup: 11600 ns, At safepoint: 2300 ns, Total: 20200 ns
[293.843s][info ][safepoint      ] Safepoint "Cleanup", Time since last: 1000107261 ns, Reaching safepoint: 7400 ns, Cleanup: 11100 ns, At safepoint: 2200 ns, Total: 20700 ns
[294.843s][info ][safepoint      ] Safepoint "Cleanup", Time since last: 1000114462 ns, Reaching safepoint: 7700 ns, Cleanup: 10300 ns, At safepoint: 2200 ns, Total: 20200 ns
[297.844s][info ][safepoint      ] Safepoint "Cleanup", Time since last: 3000222185 ns, Reaching safepoint: 9200 ns, Cleanup: 10900 ns, At safepoint: 2300 ns, Total: 22400 ns
[298.844s][info ][safepoint      ] Safepoint "Cleanup", Time since last: 1000116305 ns, Reaching safepoint: 7000 ns, Cleanup: 10500 ns, At safepoint: 2300 ns, Total: 19800 ns
[302.844s][info ][safepoint      ] Safepoint "Cleanup", Time since last: 4000377258 ns, Reaching safepoint: 12800 ns, Cleanup: 21000 ns, At safepoint: 2800 ns, Total: 36600 ns
[303.844s][info ][safepoint      ] Safepoint "Cleanup", Time since last: 1000156240 ns, Reaching safepoint: 7700 ns, Cleanup: 11800 ns, At safepoint: 2500 ns, Total: 22000 ns
[305.845s][info ][safepoint      ] Safepoint "Cleanup", Time since last: 2000222180 ns, Reaching safepoint: 8600 ns, Cleanup: 11100 ns, At safepoint: 2400 ns, Total: 22100 ns
[310.845s][info ][safepoint      ] Safepoint "Cleanup", Time since last: 5000429733 ns, Reaching safepoint: 8600 ns, Cleanup: 11400 ns, At safepoint: 2200 ns, Total: 22200 ns
[312.764s][info ][safepoint      ] Safepoint "Cleanup", Time since last: 1918797419 ns, Reaching safepoint: 7700 ns, Cleanup: 145000 ns, At safepoint: 2400 ns, Total: 155100 ns
[313.764s][info ][safepoint      ] Safepoint "Cleanup", Time since last: 1000113094 ns, Reaching safepoint: 7200 ns, Cleanup: 8400 ns, At safepoint: 2100 ns, Total: 17700 ns
[314.764s][info ][safepoint      ] Safepoint "Cleanup", Time since last: 1000109730 ns, Reaching safepoint: 6100 ns, Cleanup: 15300 ns, At safepoint: 17700 ns, Total: 39100 ns
[316.764s][info ][safepoint      ] Safepoint "Cleanup", Time since last: 2000189180 ns, Reaching safepoint: 5800 ns, Cleanup: 13900 ns, At safepoint: 2100 ns, Total: 21800 ns
[317.765s][info ][safepoint      ] Safepoint "Cleanup", Time since last: 1000105517 ns, Reaching safepoint: 6500 ns, Cleanup: 16200 ns, At safepoint: 1900 ns, Total: 24600 ns
[318.765s][info ][safepoint      ] Safepoint "Cleanup", Time since last: 1000109717 ns, Reaching safepoint: 6200 ns, Cleanup: 9599 ns, At safepoint: 2000 ns, Total: 17799 ns
[319.649s][info ][gc,start       ] GC(14) Pause Young (Allocation Failure)
[319.652s][debug][gc,phases      ] GC(14) Scavenge 2.710ms
[319.652s][debug][gc,ref         ] GC(14) ReferenceProcessor::execute queues: 1, RefProcThreadModel::Single, marks_oops_alive: false
[319.652s][debug][gc,ref         ] GC(14) Skipped KeepAliveFinalRefsPhase of Reference Processing: no references
[319.652s][debug][gc,ref         ] GC(14) ReferenceProcessor::execute queues: 1, RefProcThreadModel::Single, marks_oops_alive: false
[319.652s][debug][gc,phases      ] GC(14) Reference Processing 0.089ms
[319.652s][debug][gc,phases      ] GC(14)   VM Weak                        Min:  0.0, Avg:  0.0, Max:  0.0, Diff:  0.0, Sum:  0.0, Workers: 4
[319.652s][debug][gc,phases      ] GC(14)     Dead                           Min: 0, Avg:  0.0, Max: 0, Diff: 0, Sum: 0, Workers: 4
[319.652s][debug][gc,phases      ] GC(14)     Total                          Min: 0, Avg: 239.2, Max: 832, Diff: 832, Sum: 957, Workers: 4
[319.652s][debug][gc,phases      ] GC(14)   ObjectSynchronizer Weak        Min:  0.0, Avg:  0.0, Max:  0.0, Diff:  0.0, Sum:  0.0, Workers: 4
[319.652s][debug][gc,phases      ] GC(14)     Dead                           Min: 0, Avg:  0.0, Max: 0, Diff: 0, Sum: 0, Workers: 4
[319.652s][debug][gc,phases      ] GC(14)     Total                          Min: 0, Avg:  0.8, Max: 3, Diff: 3, Sum: 3, Workers: 4
[319.652s][debug][gc,phases      ] GC(14)   JVMTI Tag Weak OopStorage      Min:  0.0, Avg:  0.0, Max:  0.0, Diff:  0.0, Sum:  0.0, Workers: 4
[319.652s][debug][gc,phases      ] GC(14)     Dead                           Min: 0, Avg:  0.0, Max: 0, Diff: 0, Sum: 0, Workers: 4
[319.652s][debug][gc,phases      ] GC(14)     Total                          Min: 0, Avg:  0.0, Max: 0, Diff: 0, Sum: 0, Workers: 4
[319.652s][debug][gc,phases      ] GC(14)   StringTable Weak               Min:  0.0, Avg:  0.1, Max:  0.1, Diff:  0.1, Sum:  0.4, Workers: 4
[319.652s][debug][gc,phases      ] GC(14)     Dead                           Min: 0, Avg:  0.5, Max: 2, Diff: 2, Sum: 2, Workers: 4
[319.652s][debug][gc,phases      ] GC(14)     Total                          Min: 0, Avg: 11125.8, Max: 18839, Diff: 18839, Sum: 44503, Workers: 4
[319.652s][debug][gc,phases      ] GC(14)   ResolvedMethodTable Weak       Min:  0.0, Avg:  0.0, Max:  0.0, Diff:  0.0, Sum:  0.1, Workers: 4
[319.652s][debug][gc,phases      ] GC(14)     Dead                           Min: 0, Avg: 14.2, Max: 48, Diff: 48, Sum: 57, Workers: 4
[319.652s][debug][gc,phases      ] GC(14)     Total                          Min: 0, Avg: 3510.2, Max: 5919, Diff: 5919, Sum: 14041, Workers: 4
[319.652s][debug][gc,phases      ] GC(14)   JNI Weak                       Min:  0.0, Avg:  0.0, Max:  0.0, Diff:  0.0, Sum:  0.0, Workers: 4
[319.652s][debug][gc,phases      ] GC(14)     Dead                           Min: 0, Avg:  0.0, Max: 0, Diff: 0, Sum: 0, Workers: 4
[319.652s][debug][gc,phases      ] GC(14)     Total                          Min: 0, Avg: 13.0, Max: 52, Diff: 52, Sum: 52, Workers: 4
[319.652s][debug][gc,phases      ] GC(14)   StringDedup Table Weak         Min:  0.0, Avg:  0.0, Max:  0.0, Diff:  0.0, Sum:  0.0, Workers: 4
[319.652s][debug][gc,phases      ] GC(14)     Dead                           Min: 0, Avg:  0.0, Max: 0, Diff: 0, Sum: 0, Workers: 4
[319.652s][debug][gc,phases      ] GC(14)     Total                          Min: 0, Avg:  0.0, Max: 0, Diff: 0, Sum: 0, Workers: 4
[319.652s][debug][gc,phases      ] GC(14)   StringDedup Requests0 Weak     Min:  0.0, Avg:  0.0, Max:  0.0, Diff:  0.0, Sum:  0.0, Workers: 4
[319.652s][debug][gc,phases      ] GC(14)     Dead                           Min: 0, Avg:  0.0, Max: 0, Diff: 0, Sum: 0, Workers: 4
[319.652s][debug][gc,phases      ] GC(14)     Total                          Min: 0, Avg:  0.0, Max: 0, Diff: 0, Sum: 0, Workers: 4
[319.652s][debug][gc,phases      ] GC(14)   StringDedup Requests1 Weak     Min:  0.0, Avg:  0.0, Max:  0.0, Diff:  0.0, Sum:  0.0, Workers: 4
[319.652s][debug][gc,phases      ] GC(14)     Dead                           Min: 0, Avg:  0.0, Max: 0, Diff: 0, Sum: 0, Workers: 4
[319.652s][debug][gc,phases      ] GC(14)     Total                          Min: 0, Avg:  0.0, Max: 0, Diff: 0, Sum: 0, Workers: 4
[319.652s][debug][gc,phases      ] GC(14)   Weak JFR Old Object Samples    Min:  0.0, Avg:  0.0, Max:  0.0, Diff:  0.0, Sum:  0.0, Workers: 4
[319.652s][debug][gc,phases      ] GC(14)     Dead                           Min: 0, Avg:  0.0, Max: 0, Diff: 0, Sum: 0, Workers: 4
[319.652s][debug][gc,phases      ] GC(14)     Total                          Min: 0, Avg:  0.0, Max: 0, Diff: 0, Sum: 0, Workers: 4
[319.652s][debug][gc,phases      ] GC(14) Weak Processing 0.368ms
[319.652s][debug][gc,age         ] GC(14) Desired survivor size 263192576 bytes, new threshold 1 (max threshold 15)
[319.652s][info ][gc,heap        ] GC(14) PSYoungGen: 1585488K(1837568K)->3136K(1839616K) Eden: 1582080K(1582080K)->0K(1582080K) From: 3408K(255488K)->3136K(257536K)
[319.652s][info ][gc,heap        ] GC(14) ParOldGen: 211094K(211456K)->211919K(211968K)
[319.652s][info ][gc,metaspace   ] GC(14) Metaspace: 101050K(102336K)->101050K(102336K) NonClass: 85797K(86528K)->85797K(86528K) Class: 15253K(15808K)->15253K(15808K)
[319.652s][info ][gc             ] GC(14) Pause Young (Allocation Failure) 1754M->210M(2003M) 3.268ms
[319.653s][info ][gc,cpu         ] GC(14) User=0.01s Sys=0.00s Real=0.00s
[319.653s][info ][safepoint      ] Safepoint "ParallelGCFailedAllocation", Time since last: 884291612 ns, Reaching safepoint: 155700 ns, Cleanup: 6400 ns, At safepoint: 3332394 ns, Total: 3494494 ns
[320.653s][info ][safepoint      ] Safepoint "Cleanup", Time since last: 1000087617 ns, Reaching safepoint: 77200 ns, Cleanup: 10700 ns, At safepoint: 6000 ns, Total: 93900 ns
[321.653s][info ][safepoint      ] Safepoint "Cleanup", Time since last: 1000114016 ns, Reaching safepoint: 82800 ns, Cleanup: 9800 ns, At safepoint: 7400 ns, Total: 100000 ns
[322.653s][info ][safepoint      ] Safepoint "Cleanup", Time since last: 1000117085 ns, Reaching safepoint: 79300 ns, Cleanup: 26900 ns, At safepoint: 7500 ns, Total: 113700 ns
[323.653s][info ][safepoint      ] Safepoint "Cleanup", Time since last: 1000118951 ns, Reaching safepoint: 77100 ns, Cleanup: 8200 ns, At safepoint: 4900 ns, Total: 90200 ns
[326.654s][info ][safepoint      ] Safepoint "Cleanup", Time since last: 3000255856 ns, Reaching safepoint: 81100 ns, Cleanup: 9300 ns, At safepoint: 7100 ns, Total: 97500 ns
[327.654s][info ][safepoint      ] Safepoint "Cleanup", Time since last: 1000114251 ns, Reaching safepoint: 80700 ns, Cleanup: 15000 ns, At safepoint: 6400 ns, Total: 102100 ns
[329.654s][info ][safepoint      ] Safepoint "Cleanup", Time since last: 2000197481 ns, Reaching safepoint: 6600 ns, Cleanup: 10000 ns, At safepoint: 8600 ns, Total: 25200 ns
[331.654s][info ][safepoint      ] Safepoint "Cleanup", Time since last: 2000196334 ns, Reaching safepoint: 78799 ns, Cleanup: 10500 ns, At safepoint: 7600 ns, Total: 96899 ns
[332.655s][info ][safepoint      ] Safepoint "Cleanup", Time since last: 1000169618 ns, Reaching safepoint: 91399 ns, Cleanup: 38800 ns, At safepoint: 7900 ns, Total: 138099 ns
[333.655s][info ][safepoint      ] Safepoint "Cleanup", Time since last: 1000129993 ns, Reaching safepoint: 6000 ns, Cleanup: 27200 ns, At safepoint: 2200 ns, Total: 35400 ns
[337.655s][info ][safepoint      ] Safepoint "Cleanup", Time since last: 4000321472 ns, Reaching safepoint: 78800 ns, Cleanup: 9900 ns, At safepoint: 8400 ns, Total: 97100 ns
[338.655s][info ][safepoint      ] Safepoint "Cleanup", Time since last: 1000118411 ns, Reaching safepoint: 6100 ns, Cleanup: 8700 ns, At safepoint: 1900 ns, Total: 16700 ns
[339.660s][info ][safepoint      ] Safepoint "Cleanup", Time since last: 1000118333 ns, Reaching safepoint: 4263192 ns, Cleanup: 16100 ns, At safepoint: 12100 ns, Total: 4291392 ns
[342.660s][info ][safepoint      ] Safepoint "Cleanup", Time since last: 3000283198 ns, Reaching safepoint: 6700 ns, Cleanup: 22300 ns, At safepoint: 2100 ns, Total: 31100 ns
[345.660s][info ][safepoint      ] Safepoint "Cleanup", Time since last: 3000268199 ns, Reaching safepoint: 8300 ns, Cleanup: 12300 ns, At safepoint: 2800 ns, Total: 23400 ns
[346.661s][info ][safepoint      ] Safepoint "Cleanup", Time since last: 1000135321 ns, Reaching safepoint: 7900 ns, Cleanup: 10800 ns, At safepoint: 2700 ns, Total: 21400 ns
[348.661s][info ][safepoint      ] Safepoint "Cleanup", Time since last: 2000199981 ns, Reaching safepoint: 8200 ns, Cleanup: 14700 ns, At safepoint: 2500 ns, Total: 25400 ns
[351.661s][info ][safepoint      ] Safepoint "Cleanup", Time since last: 3000464471 ns, Reaching safepoint: 6200 ns, Cleanup: 8900 ns, At safepoint: 1900 ns, Total: 17000 ns
[352.661s][info ][safepoint      ] Safepoint "Cleanup", Time since last: 1000109390 ns, Reaching safepoint: 6400 ns, Cleanup: 12700 ns, At safepoint: 2000 ns, Total: 21100 ns
[353.662s][info ][safepoint      ] Safepoint "Cleanup", Time since last: 1000113290 ns, Reaching safepoint: 6200 ns, Cleanup: 9300 ns, At safepoint: 2200 ns, Total: 17700 ns
[354.662s][info ][safepoint      ] Safepoint "Cleanup", Time since last: 1000101907 ns, Reaching safepoint: 6000 ns, Cleanup: 12100 ns, At safepoint: 2300 ns, Total: 20400 ns
[357.662s][info ][safepoint      ] Safepoint "Cleanup", Time since last: 3000248834 ns, Reaching safepoint: 6100 ns, Cleanup: 12400 ns, At safepoint: 2000 ns, Total: 20500 ns
[358.662s][info ][safepoint      ] Safepoint "Cleanup", Time since last: 1000128145 ns, Reaching safepoint: 7800 ns, Cleanup: 13900 ns, At safepoint: 1900 ns, Total: 23600 ns
[361.662s][info ][safepoint      ] Safepoint "Cleanup", Time since last: 3000250804 ns, Reaching safepoint: 7000 ns, Cleanup: 10400 ns, At safepoint: 2300 ns, Total: 19700 ns
[364.663s][info ][safepoint      ] Safepoint "Cleanup", Time since last: 3000265541 ns, Reaching safepoint: 6900 ns, Cleanup: 11400 ns, At safepoint: 2200 ns, Total: 20500 ns
[367.663s][info ][safepoint      ] Safepoint "Cleanup", Time since last: 3000283583 ns, Reaching safepoint: 6200 ns, Cleanup: 7100 ns, At safepoint: 1800 ns, Total: 15100 ns
[370.663s][info ][safepoint      ] Safepoint "Cleanup", Time since last: 3000264136 ns, Reaching safepoint: 9400 ns, Cleanup: 14500 ns, At safepoint: 2700 ns, Total: 26600 ns
[371.663s][info ][safepoint      ] Safepoint "Cleanup", Time since last: 1000113907 ns, Reaching safepoint: 6800 ns, Cleanup: 10900 ns, At safepoint: 2300 ns, Total: 20000 ns
[372.664s][info ][safepoint      ] Safepoint "Cleanup", Time since last: 1000150707 ns, Reaching safepoint: 7300 ns, Cleanup: 19700 ns, At safepoint: 2500 ns, Total: 29500 ns
[374.664s][info ][safepoint      ] Safepoint "Cleanup", Time since last: 2000201314 ns, Reaching safepoint: 8500 ns, Cleanup: 14800 ns, At safepoint: 2900 ns, Total: 26200 ns
[375.664s][info ][safepoint      ] Safepoint "Cleanup", Time since last: 1000138808 ns, Reaching safepoint: 8900 ns, Cleanup: 11800 ns, At safepoint: 2500 ns, Total: 23200 ns
[385.665s][info ][safepoint      ] Safepoint "Cleanup", Time since last: 10000758481 ns, Reaching safepoint: 6400 ns, Cleanup: 13100 ns, At safepoint: 2000 ns, Total: 21500 ns
[391.901s][info ][gc,start       ] GC(15) Pause Young (Allocation Failure)
[391.904s][debug][gc,phases      ] GC(15) Scavenge 2.728ms
[391.904s][debug][gc,ref         ] GC(15) ReferenceProcessor::execute queues: 1, RefProcThreadModel::Single, marks_oops_alive: false
[391.904s][debug][gc,ref         ] GC(15) Skipped KeepAliveFinalRefsPhase of Reference Processing: no references
[391.904s][debug][gc,ref         ] GC(15) ReferenceProcessor::execute queues: 1, RefProcThreadModel::Single, marks_oops_alive: false
[391.904s][debug][gc,phases      ] GC(15) Reference Processing 0.102ms
[391.905s][debug][gc,phases      ] GC(15)   VM Weak                        Min:  0.0, Avg:  0.0, Max:  0.0, Diff:  0.0, Sum:  0.0, Workers: 4
[391.905s][debug][gc,phases      ] GC(15)     Dead                           Min: 0, Avg:  0.0, Max: 0, Diff: 0, Sum: 0, Workers: 4
[391.905s][debug][gc,phases      ] GC(15)     Total                          Min: 0, Avg: 239.2, Max: 893, Diff: 893, Sum: 957, Workers: 4
[391.905s][debug][gc,phases      ] GC(15)   ObjectSynchronizer Weak        Min:  0.0, Avg:  0.0, Max:  0.0, Diff:  0.0, Sum:  0.0, Workers: 4
[391.905s][debug][gc,phases      ] GC(15)     Dead                           Min: 0, Avg:  0.0, Max: 0, Diff: 0, Sum: 0, Workers: 4
[391.905s][debug][gc,phases      ] GC(15)     Total                          Min: 0, Avg:  0.8, Max: 3, Diff: 3, Sum: 3, Workers: 4
[391.905s][debug][gc,phases      ] GC(15)   JVMTI Tag Weak OopStorage      Min:  0.0, Avg:  0.0, Max:  0.0, Diff:  0.0, Sum:  0.0, Workers: 4
[391.905s][debug][gc,phases      ] GC(15)     Dead                           Min: 0, Avg:  0.0, Max: 0, Diff: 0, Sum: 0, Workers: 4
[391.905s][debug][gc,phases      ] GC(15)     Total                          Min: 0, Avg:  0.0, Max: 0, Diff: 0, Sum: 0, Workers: 4
[391.905s][debug][gc,phases      ] GC(15)   StringTable Weak               Min:  0.1, Avg:  0.1, Max:  0.1, Diff:  0.0, Sum:  0.4, Workers: 4
[391.905s][debug][gc,phases      ] GC(15)     Dead                           Min: 0, Avg:  0.2, Max: 1, Diff: 1, Sum: 1, Workers: 4
[391.905s][debug][gc,phases      ] GC(15)     Total                          Min: 10560, Avg: 11135.0, Max: 11455, Diff: 895, Sum: 44540, Workers: 4
[391.905s][debug][gc,phases      ] GC(15)   ResolvedMethodTable Weak       Min:  0.0, Avg:  0.0, Max:  0.0, Diff:  0.0, Sum:  0.1, Workers: 4
[391.905s][debug][gc,phases      ] GC(15)     Dead                           Min: 0, Avg:  4.2, Max: 9, Diff: 9, Sum: 17, Workers: 4
[391.905s][debug][gc,phases      ] GC(15)     Total                          Min: 3147, Avg: 3510.8, Max: 3802, Diff: 655, Sum: 14043, Workers: 4
[391.905s][debug][gc,phases      ] GC(15)   JNI Weak                       Min:  0.0, Avg:  0.0, Max:  0.0, Diff:  0.0, Sum:  0.0, Workers: 4
[391.905s][debug][gc,phases      ] GC(15)     Dead                           Min: 0, Avg:  0.0, Max: 0, Diff: 0, Sum: 0, Workers: 4
[391.905s][debug][gc,phases      ] GC(15)     Total                          Min: 0, Avg: 13.0, Max: 52, Diff: 52, Sum: 52, Workers: 4
[391.905s][debug][gc,phases      ] GC(15)   StringDedup Table Weak         Min:  0.0, Avg:  0.0, Max:  0.0, Diff:  0.0, Sum:  0.0, Workers: 4
[391.905s][debug][gc,phases      ] GC(15)     Dead                           Min: 0, Avg:  0.0, Max: 0, Diff: 0, Sum: 0, Workers: 4
[391.905s][debug][gc,phases      ] GC(15)     Total                          Min: 0, Avg:  0.0, Max: 0, Diff: 0, Sum: 0, Workers: 4
[391.905s][debug][gc,phases      ] GC(15)   StringDedup Requests0 Weak     Min:  0.0, Avg:  0.0, Max:  0.0, Diff:  0.0, Sum:  0.0, Workers: 4
[391.905s][debug][gc,phases      ] GC(15)     Dead                           Min: 0, Avg:  0.0, Max: 0, Diff: 0, Sum: 0, Workers: 4
[391.905s][debug][gc,phases      ] GC(15)     Total                          Min: 0, Avg:  0.0, Max: 0, Diff: 0, Sum: 0, Workers: 4
[391.905s][debug][gc,phases      ] GC(15)   StringDedup Requests1 Weak     Min:  0.0, Avg:  0.0, Max:  0.0, Diff:  0.0, Sum:  0.0, Workers: 4
[391.905s][debug][gc,phases      ] GC(15)     Dead                           Min: 0, Avg:  0.0, Max: 0, Diff: 0, Sum: 0, Workers: 4
[391.905s][debug][gc,phases      ] GC(15)     Total                          Min: 0, Avg:  0.0, Max: 0, Diff: 0, Sum: 0, Workers: 4
[391.905s][debug][gc,phases      ] GC(15)   Weak JFR Old Object Samples    Min:  0.0, Avg:  0.0, Max:  0.0, Diff:  0.0, Sum:  0.0, Workers: 4
[391.905s][debug][gc,phases      ] GC(15)     Dead                           Min: 0, Avg:  0.0, Max: 0, Diff: 0, Sum: 0, Workers: 4
[391.905s][debug][gc,phases      ] GC(15)     Total                          Min: 0, Avg:  0.0, Max: 0, Diff: 0, Sum: 0, Workers: 4
[391.905s][debug][gc,phases      ] GC(15) Weak Processing 0.344ms
[391.905s][debug][gc,age         ] GC(15) Desired survivor size 260046848 bytes, new threshold 1 (max threshold 15)
[391.905s][info ][gc,heap        ] GC(15) PSYoungGen: 1585216K(1839616K)->3328K(1843200K) Eden: 1582080K(1582080K)->0K(1586176K) From: 3136K(257536K)->3328K(257024K)
[391.905s][info ][gc,heap        ] GC(15) ParOldGen: 211919K(211968K)->212471K(212480K)
[391.905s][info ][gc,metaspace   ] GC(15) Metaspace: 101151K(102464K)->101151K(102464K) NonClass: 85897K(86656K)->85897K(86656K) Class: 15253K(15808K)->15253K(15808K)
[391.905s][info ][gc             ] GC(15) Pause Young (Allocation Failure) 1755M->210M(2007M) 3.292ms
[391.905s][info ][gc,cpu         ] GC(15) User=0.01s Sys=0.00s Real=0.00s
[391.905s][info ][safepoint      ] Safepoint "ParallelGCFailedAllocation", Time since last: 6236493199 ns, Reaching safepoint: 85100 ns, Cleanup: 8000 ns, At safepoint: 3365295 ns, Total: 3458395 ns
[392.905s][info ][safepoint      ] Safepoint "Cleanup", Time since last: 1000115261 ns, Reaching safepoint: 6700 ns, Cleanup: 15100 ns, At safepoint: 2200 ns, Total: 24000 ns
[396.905s][info ][safepoint      ] Safepoint "Cleanup", Time since last: 4000385919 ns, Reaching safepoint: 7600 ns, Cleanup: 12000 ns, At safepoint: 2100 ns, Total: 21700 ns
[398.905s][info ][safepoint      ] Safepoint "Cleanup", Time since last: 2000188182 ns, Reaching safepoint: 5500 ns, Cleanup: 9600 ns, At safepoint: 1800 ns, Total: 16900 ns
[399.906s][info ][safepoint      ] Safepoint "Cleanup", Time since last: 1000110592 ns, Reaching safepoint: 6100 ns, Cleanup: 8800 ns, At safepoint: 1900 ns, Total: 16800 ns
[401.906s][info ][safepoint      ] Safepoint "Cleanup", Time since last: 2000179183 ns, Reaching safepoint: 102800 ns, Cleanup: 6600 ns, At safepoint: 13200 ns, Total: 122600 ns
[402.906s][info ][safepoint      ] Safepoint "Cleanup", Time since last: 1000121886 ns, Reaching safepoint: 6300 ns, Cleanup: 15100 ns, At safepoint: 2000 ns, Total: 23400 ns
[403.906s][info ][safepoint      ] Safepoint "Cleanup", Time since last: 1000110480 ns, Reaching safepoint: 5600 ns, Cleanup: 10100 ns, At safepoint: 1700 ns, Total: 17400 ns
[404.906s][info ][safepoint      ] Safepoint "Cleanup", Time since last: 1000110280 ns, Reaching safepoint: 6600 ns, Cleanup: 12800 ns, At safepoint: 2000 ns, Total: 21400 ns
[405.906s][info ][safepoint      ] Safepoint "Cleanup", Time since last: 1000126380 ns, Reaching safepoint: 5500 ns, Cleanup: 8200 ns, At safepoint: 1800 ns, Total: 15500 ns
[410.907s][info ][safepoint      ] Safepoint "Cleanup", Time since last: 5000400402 ns, Reaching safepoint: 6600 ns, Cleanup: 10000 ns, At safepoint: 2000 ns, Total: 18600 ns
[411.907s][info ][safepoint      ] Safepoint "Cleanup", Time since last: 1000145582 ns, Reaching safepoint: 82500 ns, Cleanup: 116600 ns, At safepoint: 11400 ns, Total: 210500 ns
[412.907s][info ][safepoint      ] Safepoint "Cleanup", Time since last: 1000124883 ns, Reaching safepoint: 9200 ns, Cleanup: 17000 ns, At safepoint: 2299 ns, Total: 28499 ns
[413.908s][info ][safepoint      ] Safepoint "Cleanup", Time since last: 1000117183 ns, Reaching safepoint: 6200 ns, Cleanup: 12600 ns, At safepoint: 1900 ns, Total: 20700 ns
[414.908s][info ][safepoint      ] Safepoint "Cleanup", Time since last: 1000131082 ns, Reaching safepoint: 5900 ns, Cleanup: 8200 ns, At safepoint: 1500 ns, Total: 15600 ns
[416.908s][info ][safepoint      ] Safepoint "Cleanup", Time since last: 2000213565 ns, Reaching safepoint: 5900 ns, Cleanup: 5800 ns, At safepoint: 1600 ns, Total: 13300 ns
[425.158s][info ][safepoint      ] Safepoint "Cleanup", Time since last: 8250191415 ns, Reaching safepoint: 6700 ns, Cleanup: 9000 ns, At safepoint: 2400 ns, Total: 18100 ns
[427.158s][info ][safepoint      ] Safepoint "Cleanup", Time since last: 2000210327 ns, Reaching safepoint: 7700 ns, Cleanup: 11000 ns, At safepoint: 2200 ns, Total: 20900 ns
[441.159s][info ][safepoint      ] Safepoint "Cleanup", Time since last: 14001054896 ns, Reaching safepoint: 5900 ns, Cleanup: 28700 ns, At safepoint: 2300 ns, Total: 36900 ns
[442.160s][info ][safepoint      ] Safepoint "Cleanup", Time since last: 1000133350 ns, Reaching safepoint: 8600 ns, Cleanup: 10600 ns, At safepoint: 2400 ns, Total: 21600 ns
[443.160s][info ][safepoint      ] Safepoint "Cleanup", Time since last: 1000144249 ns, Reaching safepoint: 7500 ns, Cleanup: 13800 ns, At safepoint: 2200 ns, Total: 23500 ns
[444.160s][info ][safepoint      ] Safepoint "Cleanup", Time since last: 1000122249 ns, Reaching safepoint: 7899 ns, Cleanup: 11200 ns, At safepoint: 2500 ns, Total: 21599 ns
[445.160s][info ][safepoint      ] Safepoint "Cleanup", Time since last: 1000108349 ns, Reaching safepoint: 5200 ns, Cleanup: 9700 ns, At safepoint: 1800 ns, Total: 16700 ns
[447.160s][info ][safepoint      ] Safepoint "Cleanup", Time since last: 2000189398 ns, Reaching safepoint: 6400 ns, Cleanup: 8300 ns, At safepoint: 1700 ns, Total: 16400 ns
[448.160s][info ][safepoint      ] Safepoint "Cleanup", Time since last: 1000150149 ns, Reaching safepoint: 7300 ns, Cleanup: 10200 ns, At safepoint: 25900 ns, Total: 43400 ns
[452.161s][info ][safepoint      ] Safepoint "Cleanup", Time since last: 4000350382 ns, Reaching safepoint: 8000 ns, Cleanup: 10000 ns, At safepoint: 2500 ns, Total: 20500 ns
[453.161s][info ][safepoint      ] Safepoint "Cleanup", Time since last: 1000113345 ns, Reaching safepoint: 6100 ns, Cleanup: 16700 ns, At safepoint: 1900 ns, Total: 24700 ns
[454.161s][info ][safepoint      ] Safepoint "Cleanup", Time since last: 1000113745 ns, Reaching safepoint: 8900 ns, Cleanup: 12100 ns, At safepoint: 2100 ns, Total: 23100 ns
[455.161s][info ][safepoint      ] Safepoint "Cleanup", Time since last: 1000110345 ns, Reaching safepoint: 4900 ns, Cleanup: 9200 ns, At safepoint: 1700 ns, Total: 15800 ns
[456.161s][info ][safepoint      ] Safepoint "Cleanup", Time since last: 1000105945 ns, Reaching safepoint: 9100 ns, Cleanup: 14300 ns, At safepoint: 1900 ns, Total: 25300 ns
[458.162s][info ][safepoint      ] Safepoint "Cleanup", Time since last: 2000177790 ns, Reaching safepoint: 6400 ns, Cleanup: 35300 ns, At safepoint: 2400 ns, Total: 44100 ns
[459.162s][info ][safepoint      ] Safepoint "Cleanup", Time since last: 1000138999 ns, Reaching safepoint: 9300 ns, Cleanup: 12401 ns, At safepoint: 2800 ns, Total: 24501 ns
[460.162s][info ][safepoint      ] Safepoint "Cleanup", Time since last: 1000131102 ns, Reaching safepoint: 7700 ns, Cleanup: 27000 ns, At safepoint: 2000 ns, Total: 36700 ns
[461.162s][info ][safepoint      ] Safepoint "Cleanup", Time since last: 1000113995 ns, Reaching safepoint: 6400 ns, Cleanup: 11100 ns, At safepoint: 2200 ns, Total: 19700 ns
[461.901s][info ][gc,start       ] GC(16) Pause Young (Allocation Failure)
[461.905s][debug][gc,phases      ] GC(16) Scavenge 3.926ms
[461.905s][debug][gc,ref         ] GC(16) ReferenceProcessor::execute queues: 1, RefProcThreadModel::Single, marks_oops_alive: false
[461.905s][debug][gc,ref         ] GC(16) Skipped KeepAliveFinalRefsPhase of Reference Processing: no references
[461.905s][debug][gc,ref         ] GC(16) ReferenceProcessor::execute queues: 1, RefProcThreadModel::Single, marks_oops_alive: false
[461.905s][debug][gc,phases      ] GC(16) Reference Processing 0.119ms
[461.905s][debug][gc,phases      ] GC(16)   VM Weak                        Min:  0.0, Avg:  0.0, Max:  0.0, Diff:  0.0, Sum:  0.0, Workers: 4
[461.905s][debug][gc,phases      ] GC(16)     Dead                           Min: 0, Avg:  0.0, Max: 0, Diff: 0, Sum: 0, Workers: 4
[461.905s][debug][gc,phases      ] GC(16)     Total                          Min: 0, Avg: 242.5, Max: 906, Diff: 906, Sum: 970, Workers: 4
[461.905s][debug][gc,phases      ] GC(16)   ObjectSynchronizer Weak        Min:  0.0, Avg:  0.0, Max:  0.0, Diff:  0.0, Sum:  0.0, Workers: 4
[461.905s][debug][gc,phases      ] GC(16)     Dead                           Min: 0, Avg:  0.0, Max: 0, Diff: 0, Sum: 0, Workers: 4
[461.905s][debug][gc,phases      ] GC(16)     Total                          Min: 0, Avg:  1.0, Max: 4, Diff: 4, Sum: 4, Workers: 4
[461.905s][debug][gc,phases      ] GC(16)   JVMTI Tag Weak OopStorage      Min:  0.0, Avg:  0.0, Max:  0.0, Diff:  0.0, Sum:  0.0, Workers: 4
[461.905s][debug][gc,phases      ] GC(16)     Dead                           Min: 0, Avg:  0.0, Max: 0, Diff: 0, Sum: 0, Workers: 4
[461.905s][debug][gc,phases      ] GC(16)     Total                          Min: 0, Avg:  0.0, Max: 0, Diff: 0, Sum: 0, Workers: 4
[461.905s][debug][gc,phases      ] GC(16)   StringTable Weak               Min:  0.1, Avg:  0.1, Max:  0.1, Diff:  0.0, Sum:  0.5, Workers: 4
[461.905s][debug][gc,phases      ] GC(16)     Dead                           Min: 0, Avg:  0.2, Max: 1, Diff: 1, Sum: 1, Workers: 4
[461.905s][debug][gc,phases      ] GC(16)     Total                          Min: 10304, Avg: 11142.8, Max: 11519, Diff: 1215, Sum: 44571, Workers: 4
[461.905s][debug][gc,phases      ] GC(16)   ResolvedMethodTable Weak       Min:  0.0, Avg:  0.0, Max:  0.0, Diff:  0.0, Sum:  0.2, Workers: 4
[461.905s][debug][gc,phases      ] GC(16)     Dead                           Min: 0, Avg:  4.5, Max: 15, Diff: 15, Sum: 18, Workers: 4
[461.905s][debug][gc,phases      ] GC(16)     Total                          Min: 3202, Avg: 3523.2, Max: 3769, Diff: 567, Sum: 14093, Workers: 4
[461.905s][debug][gc,phases      ] GC(16)   JNI Weak                       Min:  0.0, Avg:  0.0, Max:  0.0, Diff:  0.0, Sum:  0.0, Workers: 4
[461.905s][debug][gc,phases      ] GC(16)     Dead                           Min: 0, Avg:  0.0, Max: 0, Diff: 0, Sum: 0, Workers: 4
[461.905s][debug][gc,phases      ] GC(16)     Total                          Min: 0, Avg: 13.0, Max: 52, Diff: 52, Sum: 52, Workers: 4
[461.905s][debug][gc,phases      ] GC(16)   StringDedup Table Weak         Min:  0.0, Avg:  0.0, Max:  0.0, Diff:  0.0, Sum:  0.0, Workers: 4
[461.905s][debug][gc,phases      ] GC(16)     Dead                           Min: 0, Avg:  0.0, Max: 0, Diff: 0, Sum: 0, Workers: 4
[461.905s][debug][gc,phases      ] GC(16)     Total                          Min: 0, Avg:  0.0, Max: 0, Diff: 0, Sum: 0, Workers: 4
[461.905s][debug][gc,phases      ] GC(16)   StringDedup Requests0 Weak     Min:  0.0, Avg:  0.0, Max:  0.0, Diff:  0.0, Sum:  0.0, Workers: 4
[461.905s][debug][gc,phases      ] GC(16)     Dead                           Min: 0, Avg:  0.0, Max: 0, Diff: 0, Sum: 0, Workers: 4
[461.905s][debug][gc,phases      ] GC(16)     Total                          Min: 0, Avg:  0.0, Max: 0, Diff: 0, Sum: 0, Workers: 4
[461.905s][debug][gc,phases      ] GC(16)   StringDedup Requests1 Weak     Min:  0.0, Avg:  0.0, Max:  0.0, Diff:  0.0, Sum:  0.0, Workers: 4
[461.905s][debug][gc,phases      ] GC(16)     Dead                           Min: 0, Avg:  0.0, Max: 0, Diff: 0, Sum: 0, Workers: 4
[461.905s][debug][gc,phases      ] GC(16)     Total                          Min: 0, Avg:  0.0, Max: 0, Diff: 0, Sum: 0, Workers: 4
[461.905s][debug][gc,phases      ] GC(16)   Weak JFR Old Object Samples    Min:  0.0, Avg:  0.0, Max:  0.0, Diff:  0.0, Sum:  0.0, Workers: 4
[461.905s][debug][gc,phases      ] GC(16)     Dead                           Min: 0, Avg:  0.0, Max: 0, Diff: 0, Sum: 0, Workers: 4
[461.905s][debug][gc,phases      ] GC(16)     Total                          Min: 0, Avg:  0.0, Max: 0, Diff: 0, Sum: 0, Workers: 4
[461.905s][debug][gc,phases      ] GC(16) Weak Processing 0.371ms
[461.905s][debug][gc,age         ] GC(16) Desired survivor size 254279680 bytes, new threshold 1 (max threshold 15)
[461.906s][info ][gc,heap        ] GC(16) PSYoungGen: 1589504K(1843200K)->4976K(1840128K) Eden: 1586176K(1586176K)->0K(1586176K) From: 3328K(257024K)->4976K(253952K)
[461.906s][info ][gc,heap        ] GC(16) ParOldGen: 212471K(212480K)->213307K(213504K)
[461.906s][info ][gc,metaspace   ] GC(16) Metaspace: 101259K(102592K)->101259K(102592K) NonClass: 85991K(86784K)->85991K(86784K) Class: 15267K(15808K)->15267K(15808K)
[461.906s][info ][gc             ] GC(16) Pause Young (Allocation Failure) 1759M->213M(2005M) 4.566ms
[461.906s][info ][gc,cpu         ] GC(16) User=0.02s Sys=0.00s Real=0.00s
[461.906s][info ][safepoint      ] Safepoint "ParallelGCFailedAllocation", Time since last: 738806989 ns, Reaching safepoint: 81200 ns, Cleanup: 5100 ns, At safepoint: 4650493 ns, Total: 4736793 ns
[462.906s][info ][safepoint      ] Safepoint "Cleanup", Time since last: 1000098295 ns, Reaching safepoint: 5900 ns, Cleanup: 9200 ns, At safepoint: 1600 ns, Total: 16700 ns
[463.906s][info ][safepoint      ] Safepoint "Cleanup", Time since last: 1000102295 ns, Reaching safepoint: 5600 ns, Cleanup: 9800 ns, At safepoint: 1700 ns, Total: 17100 ns
[465.906s][info ][safepoint      ] Safepoint "Cleanup", Time since last: 2000183590 ns, Reaching safepoint: 5700 ns, Cleanup: 8900 ns, At safepoint: 2000 ns, Total: 16600 ns
[468.906s][info ][safepoint      ] Safepoint "Cleanup", Time since last: 3000273335 ns, Reaching safepoint: 6700 ns, Cleanup: 9900 ns, At safepoint: 2100 ns, Total: 18700 ns
[469.906s][info ][safepoint      ] Safepoint "Cleanup", Time since last: 1000117123 ns, Reaching safepoint: 5700 ns, Cleanup: 8900 ns, At safepoint: 1900 ns, Total: 16500 ns
[470.907s][info ][safepoint      ] Safepoint "Cleanup", Time since last: 1000128622 ns, Reaching safepoint: 6900 ns, Cleanup: 12200 ns, At safepoint: 2400 ns, Total: 21500 ns
[472.907s][info ][safepoint      ] Safepoint "Cleanup", Time since last: 2000196545 ns, Reaching safepoint: 5400 ns, Cleanup: 8900 ns, At safepoint: 2200 ns, Total: 16500 ns
[474.907s][info ][safepoint      ] Safepoint "Cleanup", Time since last: 2000183827 ns, Reaching safepoint: 6000 ns, Cleanup: 11500 ns, At safepoint: 2000 ns, Total: 19500 ns
[475.907s][info ][safepoint      ] Safepoint "Cleanup", Time since last: 1000111651 ns, Reaching safepoint: 5200 ns, Cleanup: 6700 ns, At safepoint: 1600 ns, Total: 13500 ns
[476.907s][info ][safepoint      ] Safepoint "Cleanup", Time since last: 1000118550 ns, Reaching safepoint: 6000 ns, Cleanup: 9700 ns, At safepoint: 2200 ns, Total: 17900 ns
[478.907s][info ][safepoint      ] Safepoint "Cleanup", Time since last: 2000193701 ns, Reaching safepoint: 6600 ns, Cleanup: 11400 ns, At safepoint: 26200 ns, Total: 44200 ns
[479.908s][info ][safepoint      ] Safepoint "Cleanup", Time since last: 1000119650 ns, Reaching safepoint: 7000 ns, Cleanup: 14300 ns, At safepoint: 2500 ns, Total: 23800 ns
[481.176s][info ][safepoint      ] Safepoint "Cleanup", Time since last: 1268377649 ns, Reaching safepoint: 5500 ns, Cleanup: 9800 ns, At safepoint: 1600 ns, Total: 16900 ns
[482.176s][info ][safepoint      ] Safepoint "Cleanup", Time since last: 1000110251 ns, Reaching safepoint: 5000 ns, Cleanup: 12700 ns, At safepoint: 1900 ns, Total: 19600 ns
[484.176s][info ][safepoint      ] Safepoint "Cleanup", Time since last: 2000218192 ns, Reaching safepoint: 7400 ns, Cleanup: 10400 ns, At safepoint: 1900 ns, Total: 19700 ns
[485.177s][info ][safepoint      ] Safepoint "Cleanup", Time since last: 1000108837 ns, Reaching safepoint: 6600 ns, Cleanup: 13000 ns, At safepoint: 2000 ns, Total: 21600 ns
[486.177s][info ][safepoint      ] Safepoint "Cleanup", Time since last: 1000120137 ns, Reaching safepoint: 7600 ns, Cleanup: 12800 ns, At safepoint: 2000 ns, Total: 22400 ns
[488.177s][info ][safepoint      ] Safepoint "Cleanup", Time since last: 2000189174 ns, Reaching safepoint: 7900 ns, Cleanup: 14299 ns, At safepoint: 2400 ns, Total: 24599 ns
[490.177s][info ][safepoint      ] Safepoint "Cleanup", Time since last: 2000190674 ns, Reaching safepoint: 6400 ns, Cleanup: 11600 ns, At safepoint: 2000 ns, Total: 20000 ns
[491.177s][info ][safepoint      ] Safepoint "Cleanup", Time since last: 1000132877 ns, Reaching safepoint: 7200 ns, Cleanup: 9800 ns, At safepoint: 2300 ns, Total: 19300 ns
[498.178s][info ][safepoint      ] Safepoint "Cleanup", Time since last: 7000641372 ns, Reaching safepoint: 8600 ns, Cleanup: 12300 ns, At safepoint: 2600 ns, Total: 23500 ns
[501.178s][info ][safepoint      ] Safepoint "Cleanup", Time since last: 3000275765 ns, Reaching safepoint: 7200 ns, Cleanup: 33700 ns, At safepoint: 2200 ns, Total: 43100 ns
[502.178s][info ][safepoint      ] Safepoint "Cleanup", Time since last: 1000111189 ns, Reaching safepoint: 5400 ns, Cleanup: 14200 ns, At safepoint: 1900 ns, Total: 21500 ns
[503.179s][info ][safepoint      ] Safepoint "Cleanup", Time since last: 1000121388 ns, Reaching safepoint: 5900 ns, Cleanup: 26500 ns, At safepoint: 2200 ns, Total: 34600 ns
[505.179s][info ][safepoint      ] Safepoint "Cleanup", Time since last: 2000198378 ns, Reaching safepoint: 6400 ns, Cleanup: 11400 ns, At safepoint: 2300 ns, Total: 20100 ns
[507.179s][info ][safepoint      ] Safepoint "Cleanup", Time since last: 2000200093 ns, Reaching safepoint: 8400 ns, Cleanup: 17700 ns, At safepoint: 2200 ns, Total: 28300 ns
[508.179s][info ][safepoint      ] Safepoint "Cleanup", Time since last: 1000119069 ns, Reaching safepoint: 7700 ns, Cleanup: 12200 ns, At safepoint: 2200 ns, Total: 22100 ns
[509.179s][info ][safepoint      ] Safepoint "Cleanup", Time since last: 1000155769 ns, Reaching safepoint: 7000 ns, Cleanup: 11100 ns, At safepoint: 2400 ns, Total: 20500 ns
[511.180s][info ][safepoint      ] Safepoint "Cleanup", Time since last: 2000188138 ns, Reaching safepoint: 7800 ns, Cleanup: 21300 ns, At safepoint: 2400 ns, Total: 31500 ns
[512.180s][info ][safepoint      ] Safepoint "Cleanup", Time since last: 1000112569 ns, Reaching safepoint: 6100 ns, Cleanup: 8900 ns, At safepoint: 2099 ns, Total: 17099 ns
[514.180s][info ][safepoint      ] Safepoint "Cleanup", Time since last: 2000206038 ns, Reaching safepoint: 6400 ns, Cleanup: 11700 ns, At safepoint: 2500 ns, Total: 20600 ns
[517.180s][info ][safepoint      ] Safepoint "Cleanup", Time since last: 3000301938 ns, Reaching safepoint: 5800 ns, Cleanup: 8100 ns, At safepoint: 2100 ns, Total: 16000 ns
[519.180s][info ][safepoint      ] Safepoint "Cleanup", Time since last: 2000189843 ns, Reaching safepoint: 7200 ns, Cleanup: 12200 ns, At safepoint: 2500 ns, Total: 21900 ns
[523.181s][info ][safepoint      ] Safepoint "Cleanup", Time since last: 4000384926 ns, Reaching safepoint: 7300 ns, Cleanup: 11000 ns, At safepoint: 3200 ns, Total: 21500 ns
[524.181s][info ][safepoint      ] Safepoint "Cleanup", Time since last: 1000116840 ns, Reaching safepoint: 7800 ns, Cleanup: 15300 ns, At safepoint: 2800 ns, Total: 25900 ns
[527.181s][info ][safepoint      ] Safepoint "Cleanup", Time since last: 3000344620 ns, Reaching safepoint: 8000 ns, Cleanup: 12600 ns, At safepoint: 2600 ns, Total: 23200 ns
[529.182s][info ][safepoint      ] Safepoint "Cleanup", Time since last: 2000251579 ns, Reaching safepoint: 8900 ns, Cleanup: 12000 ns, At safepoint: 2300 ns, Total: 23200 ns
[531.182s][info ][safepoint      ] Safepoint "Cleanup", Time since last: 2000279170 ns, Reaching safepoint: 8300 ns, Cleanup: 16000 ns, At safepoint: 2400 ns, Total: 26700 ns
[532.182s][info ][safepoint      ] Safepoint "Cleanup", Time since last: 1000108622 ns, Reaching safepoint: 4100 ns, Cleanup: 9000 ns, At safepoint: 1900 ns, Total: 15000 ns
[534.900s][info ][gc,start       ] GC(17) Pause Young (Allocation Failure)
[534.903s][debug][gc,phases      ] GC(17) Scavenge 3.401ms
[534.903s][debug][gc,ref         ] GC(17) ReferenceProcessor::execute queues: 1, RefProcThreadModel::Single, marks_oops_alive: false
[534.903s][debug][gc,ref         ] GC(17) Skipped KeepAliveFinalRefsPhase of Reference Processing: no references
[534.903s][debug][gc,ref         ] GC(17) ReferenceProcessor::execute queues: 1, RefProcThreadModel::Single, marks_oops_alive: false
[534.903s][debug][gc,phases      ] GC(17) Reference Processing 0.110ms
[534.904s][debug][gc,phases      ] GC(17)   VM Weak                        Min:  0.0, Avg:  0.0, Max:  0.0, Diff:  0.0, Sum:  0.0, Workers: 4
[534.904s][debug][gc,phases      ] GC(17)     Dead                           Min: 0, Avg:  0.0, Max: 0, Diff: 0, Sum: 0, Workers: 4
[534.904s][debug][gc,phases      ] GC(17)     Total                          Min: 0, Avg: 242.8, Max: 768, Diff: 768, Sum: 971, Workers: 4
[534.904s][debug][gc,phases      ] GC(17)   ObjectSynchronizer Weak        Min:  0.0, Avg:  0.0, Max:  0.0, Diff:  0.0, Sum:  0.0, Workers: 4
[534.904s][debug][gc,phases      ] GC(17)     Dead                           Min: 0, Avg:  0.0, Max: 0, Diff: 0, Sum: 0, Workers: 4
[534.904s][debug][gc,phases      ] GC(17)     Total                          Min: 0, Avg:  0.8, Max: 3, Diff: 3, Sum: 3, Workers: 4
[534.904s][debug][gc,phases      ] GC(17)   JVMTI Tag Weak OopStorage      Min:  0.0, Avg:  0.0, Max:  0.0, Diff:  0.0, Sum:  0.0, Workers: 4
[534.904s][debug][gc,phases      ] GC(17)     Dead                           Min: 0, Avg:  0.0, Max: 0, Diff: 0, Sum: 0, Workers: 4
[534.904s][debug][gc,phases      ] GC(17)     Total                          Min: 0, Avg:  0.0, Max: 0, Diff: 0, Sum: 0, Workers: 4
[534.904s][debug][gc,phases      ] GC(17)   StringTable Weak               Min:  0.0, Avg:  0.1, Max:  0.1, Diff:  0.1, Sum:  0.4, Workers: 4
[534.904s][debug][gc,phases      ] GC(17)     Dead                           Min: 0, Avg:  0.0, Max: 0, Diff: 0, Sum: 0, Workers: 4
[534.904s][debug][gc,phases      ] GC(17)     Total                          Min: 0, Avg: 11146.0, Max: 19327, Diff: 19327, Sum: 44584, Workers: 4
[534.904s][debug][gc,phases      ] GC(17)   ResolvedMethodTable Weak       Min:  0.0, Avg:  0.1, Max:  0.1, Diff:  0.1, Sum:  0.2, Workers: 4
[534.904s][debug][gc,phases      ] GC(17)     Dead                           Min: 0, Avg:  4.2, Max: 11, Diff: 11, Sum: 17, Workers: 4
[534.904s][debug][gc,phases      ] GC(17)     Total                          Min: 1192, Avg: 3526.5, Max: 4859, Diff: 3667, Sum: 14106, Workers: 4
[534.904s][debug][gc,phases      ] GC(17)   JNI Weak                       Min:  0.0, Avg:  0.0, Max:  0.0, Diff:  0.0, Sum:  0.0, Workers: 4
[534.904s][debug][gc,phases      ] GC(17)     Dead                           Min: 0, Avg:  0.0, Max: 0, Diff: 0, Sum: 0, Workers: 4
[534.904s][debug][gc,phases      ] GC(17)     Total                          Min: 0, Avg: 13.0, Max: 52, Diff: 52, Sum: 52, Workers: 4
[534.904s][debug][gc,phases      ] GC(17)   StringDedup Table Weak         Min:  0.0, Avg:  0.0, Max:  0.0, Diff:  0.0, Sum:  0.0, Workers: 4
[534.904s][debug][gc,phases      ] GC(17)     Dead                           Min: 0, Avg:  0.0, Max: 0, Diff: 0, Sum: 0, Workers: 4
[534.904s][debug][gc,phases      ] GC(17)     Total                          Min: 0, Avg:  0.0, Max: 0, Diff: 0, Sum: 0, Workers: 4
[534.904s][debug][gc,phases      ] GC(17)   StringDedup Requests0 Weak     Min:  0.0, Avg:  0.0, Max:  0.0, Diff:  0.0, Sum:  0.0, Workers: 4
[534.904s][debug][gc,phases      ] GC(17)     Dead                           Min: 0, Avg:  0.0, Max: 0, Diff: 0, Sum: 0, Workers: 4
[534.904s][debug][gc,phases      ] GC(17)     Total                          Min: 0, Avg:  0.0, Max: 0, Diff: 0, Sum: 0, Workers: 4
[534.904s][debug][gc,phases      ] GC(17)   StringDedup Requests1 Weak     Min:  0.0, Avg:  0.0, Max:  0.0, Diff:  0.0, Sum:  0.0, Workers: 4
[534.904s][debug][gc,phases      ] GC(17)     Dead                           Min: 0, Avg:  0.0, Max: 0, Diff: 0, Sum: 0, Workers: 4
[534.904s][debug][gc,phases      ] GC(17)     Total                          Min: 0, Avg:  0.0, Max: 0, Diff: 0, Sum: 0, Workers: 4
[534.904s][debug][gc,phases      ] GC(17)   Weak JFR Old Object Samples    Min:  0.0, Avg:  0.0, Max:  0.0, Diff:  0.0, Sum:  0.0, Workers: 4
[534.904s][debug][gc,phases      ] GC(17)     Dead                           Min: 0, Avg:  0.0, Max: 0, Diff: 0, Sum: 0, Workers: 4
[534.904s][debug][gc,phases      ] GC(17)     Total                          Min: 0, Avg:  0.0, Max: 0, Diff: 0, Sum: 0, Workers: 4
[534.904s][debug][gc,phases      ] GC(17) Weak Processing 0.396ms
[534.904s][debug][gc,age         ] GC(17) Desired survivor size 247988224 bytes, new threshold 1 (max threshold 15)
[534.904s][info ][gc,heap        ] GC(17) PSYoungGen: 1591152K(1840128K)->3056K(1854976K) Eden: 1586176K(1586176K)->0K(1606656K) From: 4976K(253952K)->3056K(248320K)
[534.904s][info ][gc,heap        ] GC(17) ParOldGen: 213307K(213504K)->216291K(216576K)
[534.904s][info ][gc,metaspace   ] GC(17) Metaspace: 101334K(102656K)->101334K(102656K) NonClass: 86063K(86848K)->86063K(86848K) Class: 15271K(15808K)->15271K(15808K)
[534.904s][info ][gc             ] GC(17) Pause Young (Allocation Failure) 1762M->214M(2023M) 4.003ms
[534.904s][info ][gc,cpu         ] GC(17) User=0.01s Sys=0.00s Real=0.00s
[534.904s][info ][safepoint      ] Safepoint "ParallelGCFailedAllocation", Time since last: 2717753498 ns, Reaching safepoint: 5900 ns, Cleanup: 3700 ns, At safepoint: 4083596 ns, Total: 4093196 ns
[539.904s][info ][safepoint      ] Safepoint "Cleanup", Time since last: 5000391796 ns, Reaching safepoint: 81400 ns, Cleanup: 19000 ns, At safepoint: 7200 ns, Total: 107600 ns
[540.905s][info ][safepoint      ] Safepoint "Cleanup", Time since last: 1000115968 ns, Reaching safepoint: 5900 ns, Cleanup: 15000 ns, At safepoint: 2000 ns, Total: 22900 ns
[544.905s][info ][safepoint      ] Safepoint "Cleanup", Time since last: 4000390971 ns, Reaching safepoint: 5200 ns, Cleanup: 8400 ns, At safepoint: 1900 ns, Total: 15500 ns
[547.905s][info ][safepoint      ] Safepoint "Cleanup", Time since last: 3000288039 ns, Reaching safepoint: 5700 ns, Cleanup: 9700 ns, At safepoint: 2200 ns, Total: 17600 ns
[551.906s][info ][safepoint      ] Safepoint "Cleanup", Time since last: 4000375768 ns, Reaching safepoint: 8200 ns, Cleanup: 15100 ns, At safepoint: 2300 ns, Total: 25600 ns
[559.906s][info ][safepoint      ] Safepoint "Cleanup", Time since last: 8000620759 ns, Reaching safepoint: 5800 ns, Cleanup: 11500 ns, At safepoint: 1800 ns, Total: 19100 ns
[562.907s][info ][safepoint      ] Safepoint "Cleanup", Time since last: 3000305806 ns, Reaching safepoint: 5700 ns, Cleanup: 8600 ns, At safepoint: 2100 ns, Total: 16400 ns
[577.908s][info ][safepoint      ] Safepoint "Cleanup", Time since last: 15001224404 ns, Reaching safepoint: 5400 ns, Cleanup: 10700 ns, At safepoint: 1900 ns, Total: 18000 ns
[579.908s][info ][safepoint      ] Safepoint "Cleanup", Time since last: 2000204673 ns, Reaching safepoint: 5900 ns, Cleanup: 9900 ns, At safepoint: 2100 ns, Total: 17900 ns
[580.908s][info ][safepoint      ] Safepoint "Cleanup", Time since last: 1000127673 ns, Reaching safepoint: 5000 ns, Cleanup: 9200 ns, At safepoint: 1700 ns, Total: 15900 ns
[582.908s][info ][safepoint      ] Safepoint "Cleanup", Time since last: 2000188646 ns, Reaching safepoint: 5400 ns, Cleanup: 8700 ns, At safepoint: 1800 ns, Total: 15900 ns
[583.909s][info ][safepoint      ] Safepoint "Cleanup", Time since last: 1000141172 ns, Reaching safepoint: 5600 ns, Cleanup: 9300 ns, At safepoint: 2100 ns, Total: 17000 ns
[584.909s][info ][safepoint      ] Safepoint "Cleanup", Time since last: 1000109773 ns, Reaching safepoint: 5400 ns, Cleanup: 8700 ns, At safepoint: 2200 ns, Total: 16300 ns
[587.909s][info ][safepoint      ] Safepoint "Cleanup", Time since last: 3000294441 ns, Reaching safepoint: 7500 ns, Cleanup: 15600 ns, At safepoint: 2700 ns, Total: 25800 ns
[588.909s][info ][safepoint      ] Safepoint "Cleanup", Time since last: 1000120497 ns, Reaching safepoint: 5900 ns, Cleanup: 9200 ns, At safepoint: 2000 ns, Total: 17100 ns
[589.909s][info ][safepoint      ] Safepoint "Cleanup", Time since last: 1000119797 ns, Reaching safepoint: 6300 ns, Cleanup: 16000 ns, At safepoint: 1900 ns, Total: 24200 ns
[592.910s][info ][safepoint      ] Safepoint "Cleanup", Time since last: 3000300991 ns, Reaching safepoint: 5200 ns, Cleanup: 11400 ns, At safepoint: 2200 ns, Total: 18800 ns
[593.910s][info ][safepoint      ] Safepoint "Cleanup", Time since last: 1000158696 ns, Reaching safepoint: 6800 ns, Cleanup: 10000 ns, At safepoint: 2900 ns, Total: 19700 ns
[595.910s][info ][safepoint      ] Safepoint "Cleanup", Time since last: 2000224136 ns, Reaching safepoint: 6400 ns, Cleanup: 11300 ns, At safepoint: 2300 ns, Total: 20000 ns
[596.910s][info ][safepoint      ] Safepoint "Cleanup", Time since last: 1000140841 ns, Reaching safepoint: 5500 ns, Cleanup: 11000 ns, At safepoint: 2000 ns, Total: 18500 ns
[597.910s][info ][safepoint      ] Safepoint "Cleanup", Time since last: 1000131741 ns, Reaching safepoint: 5400 ns, Cleanup: 13300 ns, At safepoint: 2100 ns, Total: 20800 ns
[599.911s][info ][safepoint      ] Safepoint "Cleanup", Time since last: 2000205081 ns, Reaching safepoint: 5600 ns, Cleanup: 14700 ns, At safepoint: 2000 ns, Total: 22300 ns
[601.215s][info ][safepoint      ] Safepoint "Cleanup", Time since last: 1304332949 ns, Reaching safepoint: 7000 ns, Cleanup: 12100 ns, At safepoint: 2100 ns, Total: 21200 ns
[602.215s][info ][safepoint      ] Safepoint "Cleanup", Time since last: 1000116240 ns, Reaching safepoint: 77900 ns, Cleanup: 10000 ns, At safepoint: 6100 ns, Total: 94000 ns
[603.215s][info ][safepoint      ] Safepoint "Cleanup", Time since last: 1000104791 ns, Reaching safepoint: 6200 ns, Cleanup: 16300 ns, At safepoint: 2500 ns, Total: 25000 ns
[604.215s][info ][safepoint      ] Safepoint "Cleanup", Time since last: 1000111308 ns, Reaching safepoint: 5300 ns, Cleanup: 9500 ns, At safepoint: 1800 ns, Total: 16600 ns
[606.216s][info ][safepoint      ] Safepoint "Cleanup", Time since last: 2000199517 ns, Reaching safepoint: 6800 ns, Cleanup: 14000 ns, At safepoint: 2500 ns, Total: 23300 ns
[609.216s][info ][safepoint      ] Safepoint "Cleanup", Time since last: 3000270124 ns, Reaching safepoint: 5800 ns, Cleanup: 9100 ns, At safepoint: 2100 ns, Total: 17000 ns
[609.402s][info ][gc,start       ] GC(18) Pause Young (Allocation Failure)
[609.404s][debug][gc,phases      ] GC(18) Scavenge 2.442ms
[609.404s][debug][gc,ref         ] GC(18) ReferenceProcessor::execute queues: 1, RefProcThreadModel::Single, marks_oops_alive: false
[609.404s][debug][gc,ref         ] GC(18) Skipped KeepAliveFinalRefsPhase of Reference Processing: no references
[609.404s][debug][gc,ref         ] GC(18) ReferenceProcessor::execute queues: 1, RefProcThreadModel::Single, marks_oops_alive: false
[609.404s][debug][gc,phases      ] GC(18) Reference Processing 0.113ms
[609.404s][debug][gc,phases      ] GC(18)   VM Weak                        Min:  0.0, Avg:  0.0, Max:  0.0, Diff:  0.0, Sum:  0.0, Workers: 4
[609.404s][debug][gc,phases      ] GC(18)     Dead                           Min: 0, Avg:  0.0, Max: 0, Diff: 0, Sum: 0, Workers: 4
[609.404s][debug][gc,phases      ] GC(18)     Total                          Min: 0, Avg: 242.8, Max: 587, Diff: 587, Sum: 971, Workers: 4
[609.404s][debug][gc,phases      ] GC(18)   ObjectSynchronizer Weak        Min:  0.0, Avg:  0.0, Max:  0.0, Diff:  0.0, Sum:  0.0, Workers: 4
[609.404s][debug][gc,phases      ] GC(18)     Dead                           Min: 0, Avg:  0.0, Max: 0, Diff: 0, Sum: 0, Workers: 4
[609.404s][debug][gc,phases      ] GC(18)     Total                          Min: 0, Avg:  0.8, Max: 3, Diff: 3, Sum: 3, Workers: 4
[609.404s][debug][gc,phases      ] GC(18)   JVMTI Tag Weak OopStorage      Min:  0.0, Avg:  0.0, Max:  0.0, Diff:  0.0, Sum:  0.0, Workers: 4
[609.404s][debug][gc,phases      ] GC(18)     Dead                           Min: 0, Avg:  0.0, Max: 0, Diff: 0, Sum: 0, Workers: 4
[609.404s][debug][gc,phases      ] GC(18)     Total                          Min: 0, Avg:  0.0, Max: 0, Diff: 0, Sum: 0, Workers: 4
[609.404s][debug][gc,phases      ] GC(18)   StringTable Weak               Min:  0.0, Avg:  0.1, Max:  0.1, Diff:  0.1, Sum:  0.4, Workers: 4
[609.404s][debug][gc,phases      ] GC(18)     Dead                           Min: 0, Avg:  0.0, Max: 0, Diff: 0, Sum: 0, Workers: 4
[609.404s][debug][gc,phases      ] GC(18)     Total                          Min: 0, Avg: 11152.5, Max: 19712, Diff: 19712, Sum: 44610, Workers: 4
[609.405s][debug][gc,phases      ] GC(18)   ResolvedMethodTable Weak       Min:  0.0, Avg:  0.0, Max:  0.0, Diff:  0.0, Sum:  0.1, Workers: 4
[609.405s][debug][gc,phases      ] GC(18)     Dead                           Min: 0, Avg:  4.0, Max: 12, Diff: 12, Sum: 16, Workers: 4
[609.405s][debug][gc,phases      ] GC(18)     Total                          Min: 0, Avg: 3526.5, Max: 6044, Diff: 6044, Sum: 14106, Workers: 4
[609.405s][debug][gc,phases      ] GC(18)   JNI Weak                       Min:  0.0, Avg:  0.0, Max:  0.0, Diff:  0.0, Sum:  0.0, Workers: 4
[609.405s][debug][gc,phases      ] GC(18)     Dead                           Min: 0, Avg:  0.0, Max: 0, Diff: 0, Sum: 0, Workers: 4
[609.405s][debug][gc,phases      ] GC(18)     Total                          Min: 0, Avg: 13.0, Max: 52, Diff: 52, Sum: 52, Workers: 4
[609.405s][debug][gc,phases      ] GC(18)   StringDedup Table Weak         Min:  0.0, Avg:  0.0, Max:  0.0, Diff:  0.0, Sum:  0.0, Workers: 4
[609.405s][debug][gc,phases      ] GC(18)     Dead                           Min: 0, Avg:  0.0, Max: 0, Diff: 0, Sum: 0, Workers: 4
[609.405s][debug][gc,phases      ] GC(18)     Total                          Min: 0, Avg:  0.0, Max: 0, Diff: 0, Sum: 0, Workers: 4
[609.405s][debug][gc,phases      ] GC(18)   StringDedup Requests0 Weak     Min:  0.0, Avg:  0.0, Max:  0.0, Diff:  0.0, Sum:  0.0, Workers: 4
[609.405s][debug][gc,phases      ] GC(18)     Dead                           Min: 0, Avg:  0.0, Max: 0, Diff: 0, Sum: 0, Workers: 4
[609.405s][debug][gc,phases      ] GC(18)     Total                          Min: 0, Avg:  0.0, Max: 0, Diff: 0, Sum: 0, Workers: 4
[609.405s][debug][gc,phases      ] GC(18)   StringDedup Requests1 Weak     Min:  0.0, Avg:  0.0, Max:  0.0, Diff:  0.0, Sum:  0.0, Workers: 4
[609.405s][debug][gc,phases      ] GC(18)     Dead                           Min: 0, Avg:  0.0, Max: 0, Diff: 0, Sum: 0, Workers: 4
[609.405s][debug][gc,phases      ] GC(18)     Total                          Min: 0, Avg:  0.0, Max: 0, Diff: 0, Sum: 0, Workers: 4
[609.405s][debug][gc,phases      ] GC(18)   Weak JFR Old Object Samples    Min:  0.0, Avg:  0.0, Max:  0.0, Diff:  0.0, Sum:  0.0, Workers: 4
[609.405s][debug][gc,phases      ] GC(18)     Dead                           Min: 0, Avg:  0.0, Max: 0, Diff: 0, Sum: 0, Workers: 4
[609.405s][debug][gc,phases      ] GC(18)     Total                          Min: 0, Avg:  0.0, Max: 0, Diff: 0, Sum: 0, Workers: 4
[609.405s][debug][gc,phases      ] GC(18) Weak Processing 0.404ms
[609.405s][debug][gc,age         ] GC(18) Desired survivor size 240123904 bytes, new threshold 1 (max threshold 15)
[609.405s][info ][gc,heap        ] GC(18) PSYoungGen: 1609712K(1854976K)->3376K(1848832K) Eden: 1606656K(1606656K)->0K(1606656K) From: 3056K(248320K)->3376K(242176K)
[609.405s][info ][gc,heap        ] GC(18) ParOldGen: 216291K(216576K)->217275K(217600K)
[609.405s][info ][gc,metaspace   ] GC(18) Metaspace: 101394K(102720K)->101394K(102720K) NonClass: 86123K(86912K)->86123K(86912K) Class: 15271K(15808K)->15271K(15808K)
[609.405s][info ][gc             ] GC(18) Pause Young (Allocation Failure) 1783M->215M(2018M) 3.075ms
[609.405s][info ][gc,cpu         ] GC(18) User=0.01s Sys=0.00s Real=0.00s
[609.405s][info ][safepoint      ] Safepoint "ParallelGCFailedAllocation", Time since last: 185550283 ns, Reaching safepoint: 82900 ns, Cleanup: 4500 ns, At safepoint: 3149900 ns, Total: 3237300 ns
[612.405s][info ][safepoint      ] Safepoint "Cleanup", Time since last: 3000248918 ns, Reaching safepoint: 5700 ns, Cleanup: 65900 ns, At safepoint: 3000 ns, Total: 74600 ns
[614.405s][info ][safepoint      ] Safepoint "Cleanup", Time since last: 2000189290 ns, Reaching safepoint: 5800 ns, Cleanup: 8200 ns, At safepoint: 1800 ns, Total: 15800 ns
[615.405s][info ][safepoint      ] Safepoint "Cleanup", Time since last: 1000106845 ns, Reaching safepoint: 5000 ns, Cleanup: 20900 ns, At safepoint: 1800 ns, Total: 27700 ns
[616.405s][info ][safepoint      ] Safepoint "Cleanup", Time since last: 1000104645 ns, Reaching safepoint: 5400 ns, Cleanup: 7900 ns, At safepoint: 1700 ns, Total: 15000 ns
[618.406s][info ][safepoint      ] Safepoint "Cleanup", Time since last: 2000197891 ns, Reaching safepoint: 6400 ns, Cleanup: 9400 ns, At safepoint: 1800 ns, Total: 17600 ns
[619.406s][info ][safepoint      ] Safepoint "Cleanup", Time since last: 1000114816 ns, Reaching safepoint: 5800 ns, Cleanup: 14100 ns, At safepoint: 2400 ns, Total: 22300 ns
[620.406s][info ][safepoint      ] Safepoint "Cleanup", Time since last: 1000101803 ns, Reaching safepoint: 6000 ns, Cleanup: 12200 ns, At safepoint: 2100 ns, Total: 20300 ns
[622.406s][info ][safepoint      ] Safepoint "Cleanup", Time since last: 2000202206 ns, Reaching safepoint: 5200 ns, Cleanup: 11200 ns, At safepoint: 2100 ns, Total: 18500 ns
[623.406s][info ][safepoint      ] Safepoint "Cleanup", Time since last: 1000103903 ns, Reaching safepoint: 5800 ns, Cleanup: 13400 ns, At safepoint: 1800 ns, Total: 21000 ns
[624.406s][info ][safepoint      ] Safepoint "Cleanup", Time since last: 1000114704 ns, Reaching safepoint: 6700 ns, Cleanup: 12500 ns, At safepoint: 2000 ns, Total: 21200 ns
[625.407s][info ][safepoint      ] Safepoint "Cleanup", Time since last: 1000113403 ns, Reaching safepoint: 5000 ns, Cleanup: 11000 ns, At safepoint: 2000 ns, Total: 18000 ns
[626.407s][info ][safepoint      ] Safepoint "Cleanup", Time since last: 1000113403 ns, Reaching safepoint: 5700 ns, Cleanup: 42000 ns, At safepoint: 2200 ns, Total: 49900 ns
[627.407s][info ][safepoint      ] Safepoint "Cleanup", Time since last: 1000113764 ns, Reaching safepoint: 5600 ns, Cleanup: 11400 ns, At safepoint: 2000 ns, Total: 19000 ns
[628.407s][info ][safepoint      ] Safepoint "Cleanup", Time since last: 1000131252 ns, Reaching safepoint: 6200 ns, Cleanup: 16000 ns, At safepoint: 2000 ns, Total: 24200 ns
[629.407s][info ][safepoint      ] Safepoint "Cleanup", Time since last: 1000110752 ns, Reaching safepoint: 5600 ns, Cleanup: 8000 ns, At safepoint: 2100 ns, Total: 15700 ns
[630.407s][info ][safepoint      ] Safepoint "Cleanup", Time since last: 1000096552 ns, Reaching safepoint: 4900 ns, Cleanup: 9100 ns, At safepoint: 2100 ns, Total: 16100 ns
[631.407s][info ][safepoint      ] Safepoint "Cleanup", Time since last: 1000108653 ns, Reaching safepoint: 5700 ns, Cleanup: 13800 ns, At safepoint: 2000 ns, Total: 21500 ns
[632.408s][info ][safepoint      ] Safepoint "Cleanup", Time since last: 1000124752 ns, Reaching safepoint: 5500 ns, Cleanup: 11900 ns, At safepoint: 2000 ns, Total: 19400 ns
[633.408s][info ][safepoint      ] Safepoint "Cleanup", Time since last: 1000108852 ns, Reaching safepoint: 6900 ns, Cleanup: 12000 ns, At safepoint: 2100 ns, Total: 21000 ns
[638.408s][info ][safepoint      ] Safepoint "Cleanup", Time since last: 5000407987 ns, Reaching safepoint: 6700 ns, Cleanup: 10700 ns, At safepoint: 2600 ns, Total: 20000 ns
[639.408s][info ][safepoint      ] Safepoint "Cleanup", Time since last: 1000104966 ns, Reaching safepoint: 4800 ns, Cleanup: 7700 ns, At safepoint: 1800 ns, Total: 14300 ns
[640.408s][info ][safepoint      ] Safepoint "Cleanup", Time since last: 1000093661 ns, Reaching safepoint: 5000 ns, Cleanup: 19100 ns, At safepoint: 2600 ns, Total: 26700 ns
[641.408s][info ][safepoint      ] Safepoint "Cleanup", Time since last: 1000106305 ns, Reaching safepoint: 5400 ns, Cleanup: 17900 ns, At safepoint: 1900 ns, Total: 25200 ns
[642.409s][info ][safepoint      ] Safepoint "Cleanup", Time since last: 1000103205 ns, Reaching safepoint: 5200 ns, Cleanup: 9000 ns, At safepoint: 2100 ns, Total: 16300 ns
[643.409s][info ][safepoint      ] Safepoint "Cleanup", Time since last: 1000103984 ns, Reaching safepoint: 6600 ns, Cleanup: 18700 ns, At safepoint: 2400 ns, Total: 27700 ns
[644.409s][info ][safepoint      ] Safepoint "Cleanup", Time since last: 1000109422 ns, Reaching safepoint: 5600 ns, Cleanup: 23900 ns, At safepoint: 2000 ns, Total: 31500 ns
[645.409s][info ][safepoint      ] Safepoint "Cleanup", Time since last: 1000104623 ns, Reaching safepoint: 4500 ns, Cleanup: 8400 ns, At safepoint: 1700 ns, Total: 14600 ns
[646.409s][info ][safepoint      ] Safepoint "Cleanup", Time since last: 1000126922 ns, Reaching safepoint: 6900 ns, Cleanup: 10300 ns, At safepoint: 2200 ns, Total: 19400 ns
[647.409s][info ][safepoint      ] Safepoint "Cleanup", Time since last: 1000113223 ns, Reaching safepoint: 6500 ns, Cleanup: 9200 ns, At safepoint: 1900 ns, Total: 17600 ns
[648.409s][info ][safepoint      ] Safepoint "Cleanup", Time since last: 1000113722 ns, Reaching safepoint: 6400 ns, Cleanup: 9600 ns, At safepoint: 2000 ns, Total: 18000 ns
[650.410s][info ][safepoint      ] Safepoint "Cleanup", Time since last: 2000167834 ns, Reaching safepoint: 5000 ns, Cleanup: 8300 ns, At safepoint: 1500 ns, Total: 14800 ns
[652.410s][info ][safepoint      ] Safepoint "Cleanup", Time since last: 2000162248 ns, Reaching safepoint: 6300 ns, Cleanup: 10100 ns, At safepoint: 2300 ns, Total: 18700 ns
[653.410s][info ][safepoint      ] Safepoint "Cleanup", Time since last: 1000108638 ns, Reaching safepoint: 7100 ns, Cleanup: 9300 ns, At safepoint: 2000 ns, Total: 18400 ns
[654.410s][info ][safepoint      ] Safepoint "Cleanup", Time since last: 1000110637 ns, Reaching safepoint: 6300 ns, Cleanup: 10200 ns, At safepoint: 2200 ns, Total: 18700 ns
[659.410s][info ][safepoint      ] Safepoint "Cleanup", Time since last: 5000383782 ns, Reaching safepoint: 5600 ns, Cleanup: 8800 ns, At safepoint: 2100 ns, Total: 16500 ns
[660.411s][info ][safepoint      ] Safepoint "Cleanup", Time since last: 1000129885 ns, Reaching safepoint: 6600 ns, Cleanup: 9400 ns, At safepoint: 2400 ns, Total: 18400 ns
[661.411s][info ][safepoint      ] Safepoint "Cleanup", Time since last: 1000120984 ns, Reaching safepoint: 8300 ns, Cleanup: 19200 ns, At safepoint: 2300 ns, Total: 29800 ns
[662.411s][info ][safepoint      ] Safepoint "Cleanup", Time since last: 1000120585 ns, Reaching safepoint: 5800 ns, Cleanup: 11400 ns, At safepoint: 2000 ns, Total: 19200 ns
[663.411s][info ][safepoint      ] Safepoint "Cleanup", Time since last: 1000125084 ns, Reaching safepoint: 5700 ns, Cleanup: 7200 ns, At safepoint: 1800 ns, Total: 14700 ns
[664.411s][info ][safepoint      ] Safepoint "Cleanup", Time since last: 1000103285 ns, Reaching safepoint: 6700 ns, Cleanup: 28300 ns, At safepoint: 2400 ns, Total: 37400 ns
[665.411s][info ][safepoint      ] Safepoint "Cleanup", Time since last: 1000127984 ns, Reaching safepoint: 9800 ns, Cleanup: 16100 ns, At safepoint: 2500 ns, Total: 28400 ns
[666.411s][info ][safepoint      ] Safepoint "Cleanup", Time since last: 1000114485 ns, Reaching safepoint: 5800 ns, Cleanup: 14900 ns, At safepoint: 2600 ns, Total: 23300 ns
[667.412s][info ][safepoint      ] Safepoint "Cleanup", Time since last: 1000111432 ns, Reaching safepoint: 5900 ns, Cleanup: 15300 ns, At safepoint: 2300 ns, Total: 23500 ns
[668.412s][info ][safepoint      ] Safepoint "Cleanup", Time since last: 1000139656 ns, Reaching safepoint: 6800 ns, Cleanup: 22800 ns, At safepoint: 2300 ns, Total: 31900 ns
[670.412s][info ][safepoint      ] Safepoint "Cleanup", Time since last: 2000247612 ns, Reaching safepoint: 7100 ns, Cleanup: 11400 ns, At safepoint: 2300 ns, Total: 20800 ns
[672.412s][info ][safepoint      ] Safepoint "Cleanup", Time since last: 2000206012 ns, Reaching safepoint: 7100 ns, Cleanup: 13000 ns, At safepoint: 2700 ns, Total: 22800 ns
[673.412s][info ][safepoint      ] Safepoint "Cleanup", Time since last: 1000124355 ns, Reaching safepoint: 6600 ns, Cleanup: 13200 ns, At safepoint: 2000 ns, Total: 21800 ns
[674.412s][info ][safepoint      ] Safepoint "Cleanup", Time since last: 1000109656 ns, Reaching safepoint: 6300 ns, Cleanup: 24700 ns, At safepoint: 2200 ns, Total: 33200 ns
[675.413s][info ][safepoint      ] Safepoint "Cleanup", Time since last: 1000111428 ns, Reaching safepoint: 5800 ns, Cleanup: 16900 ns, At safepoint: 2200 ns, Total: 24900 ns
[676.910s][info ][gc,start       ] GC(19) Pause Young (Allocation Failure)
[676.913s][debug][gc,phases      ] GC(19) Scavenge 3.178ms
[676.913s][debug][gc,ref         ] GC(19) ReferenceProcessor::execute queues: 1, RefProcThreadModel::Single, marks_oops_alive: false
[676.913s][debug][gc,ref         ] GC(19) Skipped KeepAliveFinalRefsPhase of Reference Processing: no references
[676.913s][debug][gc,ref         ] GC(19) ReferenceProcessor::execute queues: 1, RefProcThreadModel::Single, marks_oops_alive: false
[676.913s][debug][gc,phases      ] GC(19) Reference Processing 0.110ms
[676.913s][debug][gc,phases      ] GC(19)   VM Weak                        Min:  0.0, Avg:  0.0, Max:  0.0, Diff:  0.0, Sum:  0.0, Workers: 4
[676.913s][debug][gc,phases      ] GC(19)     Dead                           Min: 0, Avg:  0.0, Max: 0, Diff: 0, Sum: 0, Workers: 4
[676.913s][debug][gc,phases      ] GC(19)     Total                          Min: 0, Avg: 242.8, Max: 768, Diff: 768, Sum: 971, Workers: 4
[676.913s][debug][gc,phases      ] GC(19)   ObjectSynchronizer Weak        Min:  0.0, Avg:  0.0, Max:  0.0, Diff:  0.0, Sum:  0.0, Workers: 4
[676.913s][debug][gc,phases      ] GC(19)     Dead                           Min: 0, Avg:  0.0, Max: 0, Diff: 0, Sum: 0, Workers: 4
[676.913s][debug][gc,phases      ] GC(19)     Total                          Min: 0, Avg:  1.0, Max: 4, Diff: 4, Sum: 4, Workers: 4
[676.913s][debug][gc,phases      ] GC(19)   JVMTI Tag Weak OopStorage      Min:  0.0, Avg:  0.0, Max:  0.0, Diff:  0.0, Sum:  0.0, Workers: 4
[676.913s][debug][gc,phases      ] GC(19)     Dead                           Min: 0, Avg:  0.0, Max: 0, Diff: 0, Sum: 0, Workers: 4
[676.913s][debug][gc,phases      ] GC(19)     Total                          Min: 0, Avg:  0.0, Max: 0, Diff: 0, Sum: 0, Workers: 4
[676.913s][debug][gc,phases      ] GC(19)   StringTable Weak               Min:  0.0, Avg:  0.1, Max:  0.1, Diff:  0.1, Sum:  0.4, Workers: 4
[676.913s][debug][gc,phases      ] GC(19)     Dead                           Min: 0, Avg:  0.0, Max: 0, Diff: 0, Sum: 0, Workers: 4
[676.913s][debug][gc,phases      ] GC(19)     Total                          Min: 0, Avg: 11157.8, Max: 18816, Diff: 18816, Sum: 44631, Workers: 4
[676.913s][debug][gc,phases      ] GC(19)   ResolvedMethodTable Weak       Min:  0.0, Avg:  0.0, Max:  0.0, Diff:  0.0, Sum:  0.1, Workers: 4
[676.913s][debug][gc,phases      ] GC(19)     Dead                           Min: 0, Avg:  4.0, Max: 16, Diff: 16, Sum: 16, Workers: 4
[676.913s][debug][gc,phases      ] GC(19)     Total                          Min: 0, Avg: 3527.0, Max: 6258, Diff: 6258, Sum: 14108, Workers: 4
[676.913s][debug][gc,phases      ] GC(19)   JNI Weak                       Min:  0.0, Avg:  0.0, Max:  0.0, Diff:  0.0, Sum:  0.0, Workers: 4
[676.913s][debug][gc,phases      ] GC(19)     Dead                           Min: 0, Avg:  0.0, Max: 0, Diff: 0, Sum: 0, Workers: 4
[676.913s][debug][gc,phases      ] GC(19)     Total                          Min: 0, Avg: 13.2, Max: 53, Diff: 53, Sum: 53, Workers: 4
[676.913s][debug][gc,phases      ] GC(19)   StringDedup Table Weak         Min:  0.0, Avg:  0.0, Max:  0.0, Diff:  0.0, Sum:  0.0, Workers: 4
[676.913s][debug][gc,phases      ] GC(19)     Dead                           Min: 0, Avg:  0.0, Max: 0, Diff: 0, Sum: 0, Workers: 4
[676.913s][debug][gc,phases      ] GC(19)     Total                          Min: 0, Avg:  0.0, Max: 0, Diff: 0, Sum: 0, Workers: 4
[676.913s][debug][gc,phases      ] GC(19)   StringDedup Requests0 Weak     Min:  0.0, Avg:  0.0, Max:  0.0, Diff:  0.0, Sum:  0.0, Workers: 4
[676.913s][debug][gc,phases      ] GC(19)     Dead                           Min: 0, Avg:  0.0, Max: 0, Diff: 0, Sum: 0, Workers: 4
[676.913s][debug][gc,phases      ] GC(19)     Total                          Min: 0, Avg:  0.0, Max: 0, Diff: 0, Sum: 0, Workers: 4
[676.913s][debug][gc,phases      ] GC(19)   StringDedup Requests1 Weak     Min:  0.0, Avg:  0.0, Max:  0.0, Diff:  0.0, Sum:  0.0, Workers: 4
[676.913s][debug][gc,phases      ] GC(19)     Dead                           Min: 0, Avg:  0.0, Max: 0, Diff: 0, Sum: 0, Workers: 4
[676.913s][debug][gc,phases      ] GC(19)     Total                          Min: 0, Avg:  0.0, Max: 0, Diff: 0, Sum: 0, Workers: 4
[676.913s][debug][gc,phases      ] GC(19)   Weak JFR Old Object Samples    Min:  0.0, Avg:  0.0, Max:  0.0, Diff:  0.0, Sum:  0.0, Workers: 4
[676.913s][debug][gc,phases      ] GC(19)     Dead                           Min: 0, Avg:  0.0, Max: 0, Diff: 0, Sum: 0, Workers: 4
[676.913s][debug][gc,phases      ] GC(19)     Total                          Min: 0, Avg:  0.0, Max: 0, Diff: 0, Sum: 0, Workers: 4
[676.913s][debug][gc,phases      ] GC(19) Weak Processing 0.370ms
[676.913s][debug][gc,age         ] GC(19) Desired survivor size 231211008 bytes, new threshold 1 (max threshold 15)
[676.913s][info ][gc,heap        ] GC(19) PSYoungGen: 1610032K(1848832K)->5168K(1871360K) Eden: 1606656K(1606656K)->0K(1636864K) From: 3376K(242176K)->5168K(234496K)
[676.913s][info ][gc,heap        ] GC(19) ParOldGen: 217275K(217600K)->217808K(218112K)
[676.913s][info ][gc,metaspace   ] GC(19) Metaspace: 101509K(102784K)->101509K(102784K) NonClass: 86236K(86976K)->86236K(86976K) Class: 15272K(15808K)->15272K(15808K)
[676.913s][info ][gc             ] GC(19) Pause Young (Allocation Failure) 1784M->217M(2040M) 3.782ms
[676.913s][info ][gc,cpu         ] GC(19) User=0.01s Sys=0.00s Real=0.00s
[676.913s][info ][safepoint      ] Safepoint "ParallelGCFailedAllocation", Time since last: 1496922280 ns, Reaching safepoint: 6700 ns, Cleanup: 4100 ns, At safepoint: 3855797 ns, Total: 3866597 ns
[678.914s][info ][safepoint      ] Safepoint "Cleanup", Time since last: 2000150204 ns, Reaching safepoint: 6500 ns, Cleanup: 10500 ns, At safepoint: 2400 ns, Total: 19400 ns
[685.914s][info ][safepoint      ] Safepoint "Cleanup", Time since last: 7000520388 ns, Reaching safepoint: 6300 ns, Cleanup: 8100 ns, At safepoint: 1700 ns, Total: 16100 ns
[686.914s][info ][safepoint      ] Safepoint "Cleanup", Time since last: 1000101284 ns, Reaching safepoint: 5400 ns, Cleanup: 8800 ns, At safepoint: 1800 ns, Total: 16000 ns
[688.914s][info ][safepoint      ] Safepoint "Cleanup", Time since last: 2000176968 ns, Reaching safepoint: 5600 ns, Cleanup: 8500 ns, At safepoint: 2000 ns, Total: 16100 ns
[689.915s][info ][safepoint      ] Safepoint "Cleanup", Time since last: 1000104584 ns, Reaching safepoint: 5300 ns, Cleanup: 7800 ns, At safepoint: 1700 ns, Total: 14800 ns
[692.915s][info ][safepoint      ] Safepoint "Cleanup", Time since last: 3000236729 ns, Reaching safepoint: 5800 ns, Cleanup: 7700 ns, At safepoint: 1900 ns, Total: 15400 ns
[694.915s][info ][safepoint      ] Safepoint "Cleanup", Time since last: 2000171799 ns, Reaching safepoint: 6200 ns, Cleanup: 8200 ns, At safepoint: 1800 ns, Total: 16200 ns
[695.915s][info ][safepoint      ] Safepoint "Cleanup", Time since last: 1000103800 ns, Reaching safepoint: 5700 ns, Cleanup: 12200 ns, At safepoint: 2100 ns, Total: 20000 ns
[696.915s][info ][safepoint      ] Safepoint "Cleanup", Time since last: 1000103200 ns, Reaching safepoint: 5600 ns, Cleanup: 9600 ns, At safepoint: 2100 ns, Total: 17300 ns
[699.915s][info ][safepoint      ] Safepoint "Cleanup", Time since last: 3000231475 ns, Reaching safepoint: 5500 ns, Cleanup: 8200 ns, At safepoint: 1700 ns, Total: 15400 ns
[703.916s][info ][safepoint      ] Safepoint "Cleanup", Time since last: 4000314208 ns, Reaching safepoint: 5800 ns, Cleanup: 8300 ns, At safepoint: 2000 ns, Total: 16100 ns
[705.916s][info ][safepoint      ] Safepoint "Cleanup", Time since last: 2000208104 ns, Reaching safepoint: 7200 ns, Cleanup: 10000 ns, At safepoint: 2900 ns, Total: 20100 ns
[706.916s][info ][safepoint      ] Safepoint "Cleanup", Time since last: 1000106123 ns, Reaching safepoint: 81000 ns, Cleanup: 8500 ns, At safepoint: 5600 ns, Total: 95100 ns
[709.917s][info ][safepoint      ] Safepoint "Cleanup", Time since last: 3000270552 ns, Reaching safepoint: 100100 ns, Cleanup: 13600 ns, At safepoint: 7600 ns, Total: 121300 ns
[711.917s][info ][safepoint      ] Safepoint "Cleanup", Time since last: 2000242134 ns, Reaching safepoint: 6000 ns, Cleanup: 11300 ns, At safepoint: 2200 ns, Total: 19500 ns
[714.917s][info ][safepoint      ] Safepoint "Cleanup", Time since last: 3000332835 ns, Reaching safepoint: 5700 ns, Cleanup: 8200 ns, At safepoint: 2600 ns, Total: 16500 ns
[717.918s][info ][safepoint      ] Safepoint "Cleanup", Time since last: 3000342856 ns, Reaching safepoint: 6000 ns, Cleanup: 9600 ns, At safepoint: 2400 ns, Total: 18000 ns
[718.918s][info ][safepoint      ] Safepoint "Cleanup", Time since last: 1000140819 ns, Reaching safepoint: 7300 ns, Cleanup: 14800 ns, At safepoint: 2300 ns, Total: 24400 ns
[719.918s][info ][safepoint      ] Safepoint "Cleanup", Time since last: 1000138419 ns, Reaching safepoint: 6500 ns, Cleanup: 12700 ns, At safepoint: 2000 ns, Total: 21200 ns
[729.255s][info ][safepoint      ] Safepoint "Cleanup", Time since last: 9336774076 ns, Reaching safepoint: 6100 ns, Cleanup: 13000 ns, At safepoint: 1900 ns, Total: 21000 ns
[730.255s][info ][safepoint      ] Safepoint "Cleanup", Time since last: 1000109819 ns, Reaching safepoint: 6800 ns, Cleanup: 9300 ns, At safepoint: 1800 ns, Total: 17900 ns
[735.255s][info ][safepoint      ] Safepoint "Cleanup", Time since last: 5000480149 ns, Reaching safepoint: 5400 ns, Cleanup: 10500 ns, At safepoint: 2400 ns, Total: 18300 ns
[743.256s][info ][safepoint      ] Safepoint "Cleanup", Time since last: 8000663961 ns, Reaching safepoint: 6500 ns, Cleanup: 12100 ns, At safepoint: 2200 ns, Total: 20800 ns
[744.256s][info ][safepoint      ] Safepoint "Cleanup", Time since last: 1000111957 ns, Reaching safepoint: 5100 ns, Cleanup: 10100 ns, At safepoint: 2000 ns, Total: 17200 ns
[745.256s][info ][safepoint      ] Safepoint "Cleanup", Time since last: 1000105357 ns, Reaching safepoint: 5600 ns, Cleanup: 9000 ns, At safepoint: 1700 ns, Total: 16300 ns
[746.256s][info ][safepoint      ] Safepoint "Cleanup", Time since last: 1000104056 ns, Reaching safepoint: 6900 ns, Cleanup: 14900 ns, At safepoint: 2200 ns, Total: 24000 ns
[747.257s][info ][safepoint      ] Safepoint "Cleanup", Time since last: 1000107315 ns, Reaching safepoint: 5400 ns, Cleanup: 12100 ns, At safepoint: 1800 ns, Total: 19300 ns
[748.257s][info ][safepoint      ] Safepoint "Cleanup", Time since last: 1000116006 ns, Reaching safepoint: 6700 ns, Cleanup: 13200 ns, At safepoint: 2500 ns, Total: 22400 ns
[749.257s][info ][safepoint      ] Safepoint "Cleanup", Time since last: 1000116005 ns, Reaching safepoint: 5200 ns, Cleanup: 9400 ns, At safepoint: 2100 ns, Total: 16700 ns
[752.257s][info ][safepoint      ] Safepoint "Cleanup", Time since last: 3000268217 ns, Reaching safepoint: 5700 ns, Cleanup: 9100 ns, At safepoint: 2200 ns, Total: 17000 ns
[753.257s][info ][safepoint      ] Safepoint "Cleanup", Time since last: 1000103706 ns, Reaching safepoint: 5500 ns, Cleanup: 9000 ns, At safepoint: 2200 ns, Total: 16700 ns
[753.554s][info ][gc,start       ] GC(20) Pause Young (Allocation Failure)
[753.557s][debug][gc,phases      ] GC(20) Scavenge 3.135ms
[753.557s][debug][gc,ref         ] GC(20) ReferenceProcessor::execute queues: 1, RefProcThreadModel::Single, marks_oops_alive: false
[753.557s][debug][gc,ref         ] GC(20) Skipped KeepAliveFinalRefsPhase of Reference Processing: no references
[753.557s][debug][gc,ref         ] GC(20) ReferenceProcessor::execute queues: 1, RefProcThreadModel::Single, marks_oops_alive: false
[753.557s][debug][gc,phases      ] GC(20) Reference Processing 0.100ms
[753.557s][debug][gc,phases      ] GC(20)   VM Weak                        Min:  0.0, Avg:  0.0, Max:  0.0, Diff:  0.0, Sum:  0.0, Workers: 4
[753.557s][debug][gc,phases      ] GC(20)     Dead                           Min: 0, Avg:  0.0, Max: 0, Diff: 0, Sum: 0, Workers: 4
[753.557s][debug][gc,phases      ] GC(20)     Total                          Min: 0, Avg: 244.8, Max: 960, Diff: 960, Sum: 979, Workers: 4
[753.557s][debug][gc,phases      ] GC(20)   ObjectSynchronizer Weak        Min:  0.0, Avg:  0.0, Max:  0.0, Diff:  0.0, Sum:  0.0, Workers: 4
[753.557s][debug][gc,phases      ] GC(20)     Dead                           Min: 0, Avg:  0.0, Max: 0, Diff: 0, Sum: 0, Workers: 4
[753.557s][debug][gc,phases      ] GC(20)     Total                          Min: 0, Avg:  0.8, Max: 3, Diff: 3, Sum: 3, Workers: 4
[753.557s][debug][gc,phases      ] GC(20)   JVMTI Tag Weak OopStorage      Min:  0.0, Avg:  0.0, Max:  0.0, Diff:  0.0, Sum:  0.0, Workers: 4
[753.557s][debug][gc,phases      ] GC(20)     Dead                           Min: 0, Avg:  0.0, Max: 0, Diff: 0, Sum: 0, Workers: 4
[753.557s][debug][gc,phases      ] GC(20)     Total                          Min: 0, Avg:  0.0, Max: 0, Diff: 0, Sum: 0, Workers: 4
[753.557s][debug][gc,phases      ] GC(20)   StringTable Weak               Min:  0.1, Avg:  0.1, Max:  0.1, Diff:  0.0, Sum:  0.4, Workers: 4
[753.557s][debug][gc,phases      ] GC(20)     Dead                           Min: 0, Avg:  0.2, Max: 1, Diff: 1, Sum: 1, Workers: 4
[753.557s][debug][gc,phases      ] GC(20)     Total                          Min: 10368, Avg: 11160.5, Max: 11491, Diff: 1123, Sum: 44642, Workers: 4
[753.557s][debug][gc,phases      ] GC(20)   ResolvedMethodTable Weak       Min:  0.0, Avg:  0.0, Max:  0.0, Diff:  0.0, Sum:  0.1, Workers: 4
[753.557s][debug][gc,phases      ] GC(20)     Dead                           Min: 0, Avg:  4.0, Max: 15, Diff: 15, Sum: 16, Workers: 4
[753.557s][debug][gc,phases      ] GC(20)     Total                          Min: 3428, Avg: 3533.0, Max: 3609, Diff: 181, Sum: 14132, Workers: 4
[753.557s][debug][gc,phases      ] GC(20)   JNI Weak                       Min:  0.0, Avg:  0.0, Max:  0.0, Diff:  0.0, Sum:  0.0, Workers: 4
[753.557s][debug][gc,phases      ] GC(20)     Dead                           Min: 0, Avg:  0.0, Max: 0, Diff: 0, Sum: 0, Workers: 4
[753.557s][debug][gc,phases      ] GC(20)     Total                          Min: 0, Avg: 13.0, Max: 52, Diff: 52, Sum: 52, Workers: 4
[753.557s][debug][gc,phases      ] GC(20)   StringDedup Table Weak         Min:  0.0, Avg:  0.0, Max:  0.0, Diff:  0.0, Sum:  0.0, Workers: 4
[753.557s][debug][gc,phases      ] GC(20)     Dead                           Min: 0, Avg:  0.0, Max: 0, Diff: 0, Sum: 0, Workers: 4
[753.557s][debug][gc,phases      ] GC(20)     Total                          Min: 0, Avg:  0.0, Max: 0, Diff: 0, Sum: 0, Workers: 4
[753.557s][debug][gc,phases      ] GC(20)   StringDedup Requests0 Weak     Min:  0.0, Avg:  0.0, Max:  0.0, Diff:  0.0, Sum:  0.0, Workers: 4
[753.557s][debug][gc,phases      ] GC(20)     Dead                           Min: 0, Avg:  0.0, Max: 0, Diff: 0, Sum: 0, Workers: 4
[753.557s][debug][gc,phases      ] GC(20)     Total                          Min: 0, Avg:  0.0, Max: 0, Diff: 0, Sum: 0, Workers: 4
[753.557s][debug][gc,phases      ] GC(20)   StringDedup Requests1 Weak     Min:  0.0, Avg:  0.0, Max:  0.0, Diff:  0.0, Sum:  0.0, Workers: 4
[753.557s][debug][gc,phases      ] GC(20)     Dead                           Min: 0, Avg:  0.0, Max: 0, Diff: 0, Sum: 0, Workers: 4
[753.557s][debug][gc,phases      ] GC(20)     Total                          Min: 0, Avg:  0.0, Max: 0, Diff: 0, Sum: 0, Workers: 4
[753.557s][debug][gc,phases      ] GC(20)   Weak JFR Old Object Samples    Min:  0.0, Avg:  0.0, Max:  0.0, Diff:  0.0, Sum:  0.0, Workers: 4
[753.557s][debug][gc,phases      ] GC(20)     Dead                           Min: 0, Avg:  0.0, Max: 0, Diff: 0, Sum: 0, Workers: 4
[753.557s][debug][gc,phases      ] GC(20)     Total                          Min: 0, Avg:  0.0, Max: 0, Diff: 0, Sum: 0, Workers: 4
[753.557s][debug][gc,phases      ] GC(20) Weak Processing 0.353ms
[753.557s][debug][gc,age         ] GC(20) Desired survivor size 221773824 bytes, new threshold 1 (max threshold 15)
[753.557s][info ][gc,heap        ] GC(20) PSYoungGen: 1642032K(1871360K)->2896K(1862656K) Eden: 1636864K(1636864K)->0K(1636864K) From: 5168K(234496K)->2896K(225792K)
[753.557s][info ][gc,heap        ] GC(20) ParOldGen: 217808K(218112K)->221052K(221184K)
[753.557s][info ][gc,metaspace   ] GC(20) Metaspace: 101606K(102912K)->101606K(102912K) NonClass: 86327K(87040K)->86327K(87040K) Class: 15278K(15872K)->15278K(15872K)
[753.557s][info ][gc             ] GC(20) Pause Young (Allocation Failure) 1816M->218M(2035M) 3.689ms
[753.557s][info ][gc,cpu         ] GC(20) User=0.02s Sys=0.00s Real=0.00s
[753.557s][info ][safepoint      ] Safepoint "ParallelGCFailedAllocation", Time since last: 296286283 ns, Reaching safepoint: 6100 ns, Cleanup: 6400 ns, At safepoint: 3747199 ns, Total: 3759699 ns
[757.558s][info ][safepoint      ] Safepoint "Cleanup", Time since last: 4000313815 ns, Reaching safepoint: 7500 ns, Cleanup: 13100 ns, At safepoint: 2600 ns, Total: 23200 ns
[760.558s][info ][safepoint      ] Safepoint "Cleanup", Time since last: 3000277796 ns, Reaching safepoint: 5700 ns, Cleanup: 9000 ns, At safepoint: 2400 ns, Total: 17100 ns
[773.559s][info ][safepoint      ] Safepoint "Cleanup", Time since last: 13000995933 ns, Reaching safepoint: 5900 ns, Cleanup: 14200 ns, At safepoint: 2300 ns, Total: 22400 ns
[775.559s][info ][safepoint      ] Safepoint "Cleanup", Time since last: 2000186271 ns, Reaching safepoint: 6100 ns, Cleanup: 8700 ns, At safepoint: 2400 ns, Total: 17200 ns
[779.559s][info ][safepoint      ] Safepoint "Cleanup", Time since last: 4000321452 ns, Reaching safepoint: 7000 ns, Cleanup: 11400 ns, At safepoint: 2100 ns, Total: 20500 ns
[782.560s][info ][safepoint      ] Safepoint "Cleanup", Time since last: 3000293082 ns, Reaching safepoint: 5700 ns, Cleanup: 6300 ns, At safepoint: 1800 ns, Total: 13800 ns
[783.560s][info ][safepoint      ] Safepoint "Cleanup", Time since last: 1000113361 ns, Reaching safepoint: 7600 ns, Cleanup: 11900 ns, At safepoint: 2200 ns, Total: 21700 ns
[785.560s][info ][safepoint      ] Safepoint "Cleanup", Time since last: 2000179121 ns, Reaching safepoint: 5800 ns, Cleanup: 18800 ns, At safepoint: 1800 ns, Total: 26400 ns
[786.560s][info ][safepoint      ] Safepoint "Cleanup", Time since last: 1000104561 ns, Reaching safepoint: 5100 ns, Cleanup: 9400 ns, At safepoint: 2100 ns, Total: 16600 ns
[794.561s][info ][safepoint      ] Safepoint "Cleanup", Time since last: 8000683831 ns, Reaching safepoint: 6500 ns, Cleanup: 12100 ns, At safepoint: 2300 ns, Total: 20900 ns
[795.561s][info ][safepoint      ] Safepoint "Cleanup", Time since last: 1000140321 ns, Reaching safepoint: 8700 ns, Cleanup: 15600 ns, At safepoint: 2500 ns, Total: 26800 ns
[797.561s][info ][safepoint      ] Safepoint "Cleanup", Time since last: 2000246719 ns, Reaching safepoint: 6500 ns, Cleanup: 12000 ns, At safepoint: 2000 ns, Total: 20500 ns
[799.562s][info ][safepoint      ] Safepoint "Cleanup", Time since last: 2000173720 ns, Reaching safepoint: 6000 ns, Cleanup: 9300 ns, At safepoint: 2300 ns, Total: 17600 ns
[802.562s][info ][safepoint      ] Safepoint "Cleanup", Time since last: 3000251730 ns, Reaching safepoint: 6200 ns, Cleanup: 10000 ns, At safepoint: 2200 ns, Total: 18400 ns
[809.562s][info ][safepoint      ] Safepoint "Cleanup", Time since last: 7000557564 ns, Reaching safepoint: 5700 ns, Cleanup: 8900 ns, At safepoint: 1900 ns, Total: 16500 ns
[812.563s][info ][safepoint      ] Safepoint "Cleanup", Time since last: 3000303282 ns, Reaching safepoint: 7100 ns, Cleanup: 11400 ns, At safepoint: 2100 ns, Total: 20600 ns
[818.563s][info ][safepoint      ] Safepoint "Cleanup", Time since last: 6000517423 ns, Reaching safepoint: 7000 ns, Cleanup: 12700 ns, At safepoint: 2400 ns, Total: 22100 ns
[820.564s][info ][safepoint      ] Safepoint "Cleanup", Time since last: 2000228066 ns, Reaching safepoint: 5400 ns, Cleanup: 9500 ns, At safepoint: 25200 ns, Total: 40100 ns
[822.564s][info ][safepoint      ] Safepoint "Cleanup", Time since last: 2000248971 ns, Reaching safepoint: 7400 ns, Cleanup: 10200 ns, At safepoint: 2200 ns, Total: 19800 ns
[824.564s][info ][safepoint      ] Safepoint "Cleanup", Time since last: 2000230672 ns, Reaching safepoint: 5500 ns, Cleanup: 7300 ns, At safepoint: 2200 ns, Total: 15000 ns
[826.564s][info ][safepoint      ] Safepoint "Cleanup", Time since last: 2000203471 ns, Reaching safepoint: 5800 ns, Cleanup: 13200 ns, At safepoint: 2100 ns, Total: 21100 ns
[828.564s][info ][safepoint      ] Safepoint "Cleanup", Time since last: 2000184468 ns, Reaching safepoint: 5700 ns, Cleanup: 12900 ns, At safepoint: 1900 ns, Total: 20500 ns
[828.751s][info ][gc,start       ] GC(21) Pause Young (Allocation Failure)
[828.753s][debug][gc,phases      ] GC(21) Scavenge 2.470ms
[828.753s][debug][gc,ref         ] GC(21) ReferenceProcessor::execute queues: 1, RefProcThreadModel::Single, marks_oops_alive: false
[828.753s][debug][gc,ref         ] GC(21) Skipped KeepAliveFinalRefsPhase of Reference Processing: no references
[828.753s][debug][gc,ref         ] GC(21) ReferenceProcessor::execute queues: 1, RefProcThreadModel::Single, marks_oops_alive: false
[828.753s][debug][gc,phases      ] GC(21) Reference Processing 0.099ms
[828.754s][debug][gc,phases      ] GC(21)   VM Weak                        Min:  0.0, Avg:  0.0, Max:  0.0, Diff:  0.0, Sum:  0.0, Workers: 4
[828.754s][debug][gc,phases      ] GC(21)     Dead                           Min: 0, Avg:  0.0, Max: 0, Diff: 0, Sum: 0, Workers: 4
[828.754s][debug][gc,phases      ] GC(21)     Total                          Min: 0, Avg: 244.8, Max: 704, Diff: 704, Sum: 979, Workers: 4
[828.754s][debug][gc,phases      ] GC(21)   ObjectSynchronizer Weak        Min:  0.0, Avg:  0.0, Max:  0.0, Diff:  0.0, Sum:  0.0, Workers: 4
[828.754s][debug][gc,phases      ] GC(21)     Dead                           Min: 0, Avg:  0.0, Max: 0, Diff: 0, Sum: 0, Workers: 4
[828.754s][debug][gc,phases      ] GC(21)     Total                          Min: 0, Avg:  1.0, Max: 4, Diff: 4, Sum: 4, Workers: 4
[828.754s][debug][gc,phases      ] GC(21)   JVMTI Tag Weak OopStorage      Min:  0.0, Avg:  0.0, Max:  0.0, Diff:  0.0, Sum:  0.0, Workers: 4
[828.754s][debug][gc,phases      ] GC(21)     Dead                           Min: 0, Avg:  0.0, Max: 0, Diff: 0, Sum: 0, Workers: 4
[828.754s][debug][gc,phases      ] GC(21)     Total                          Min: 0, Avg:  0.0, Max: 0, Diff: 0, Sum: 0, Workers: 4
[828.754s][debug][gc,phases      ] GC(21)   StringTable Weak               Min:  0.0, Avg:  0.1, Max:  0.1, Diff:  0.1, Sum:  0.4, Workers: 4
[828.754s][debug][gc,phases      ] GC(21)     Dead                           Min: 0, Avg:  0.0, Max: 0, Diff: 0, Sum: 0, Workers: 4
[828.754s][debug][gc,phases      ] GC(21)     Total                          Min: 0, Avg: 11165.8, Max: 19640, Diff: 19640, Sum: 44663, Workers: 4
[828.754s][debug][gc,phases      ] GC(21)   ResolvedMethodTable Weak       Min:  0.0, Avg:  0.0, Max:  0.0, Diff:  0.0, Sum:  0.1, Workers: 4
[828.754s][debug][gc,phases      ] GC(21)     Dead                           Min: 0, Avg:  4.0, Max: 16, Diff: 16, Sum: 16, Workers: 4
[828.754s][debug][gc,phases      ] GC(21)     Total                          Min: 0, Avg: 3533.0, Max: 6124, Diff: 6124, Sum: 14132, Workers: 4
[828.754s][debug][gc,phases      ] GC(21)   JNI Weak                       Min:  0.0, Avg:  0.0, Max:  0.0, Diff:  0.0, Sum:  0.0, Workers: 4
[828.754s][debug][gc,phases      ] GC(21)     Dead                           Min: 0, Avg:  0.0, Max: 0, Diff: 0, Sum: 0, Workers: 4
[828.754s][debug][gc,phases      ] GC(21)     Total                          Min: 0, Avg: 13.0, Max: 52, Diff: 52, Sum: 52, Workers: 4
[828.754s][debug][gc,phases      ] GC(21)   StringDedup Table Weak         Min:  0.0, Avg:  0.0, Max:  0.0, Diff:  0.0, Sum:  0.0, Workers: 4
[828.754s][debug][gc,phases      ] GC(21)     Dead                           Min: 0, Avg:  0.0, Max: 0, Diff: 0, Sum: 0, Workers: 4
[828.754s][debug][gc,phases      ] GC(21)     Total                          Min: 0, Avg:  0.0, Max: 0, Diff: 0, Sum: 0, Workers: 4
[828.754s][debug][gc,phases      ] GC(21)   StringDedup Requests0 Weak     Min:  0.0, Avg:  0.0, Max:  0.0, Diff:  0.0, Sum:  0.0, Workers: 4
[828.754s][debug][gc,phases      ] GC(21)     Dead                           Min: 0, Avg:  0.0, Max: 0, Diff: 0, Sum: 0, Workers: 4
[828.754s][debug][gc,phases      ] GC(21)     Total                          Min: 0, Avg:  0.0, Max: 0, Diff: 0, Sum: 0, Workers: 4
[828.754s][debug][gc,phases      ] GC(21)   StringDedup Requests1 Weak     Min:  0.0, Avg:  0.0, Max:  0.0, Diff:  0.0, Sum:  0.0, Workers: 4
[828.754s][debug][gc,phases      ] GC(21)     Dead                           Min: 0, Avg:  0.0, Max: 0, Diff: 0, Sum: 0, Workers: 4
[828.754s][debug][gc,phases      ] GC(21)     Total                          Min: 0, Avg:  0.0, Max: 0, Diff: 0, Sum: 0, Workers: 4
[828.754s][debug][gc,phases      ] GC(21)   Weak JFR Old Object Samples    Min:  0.0, Avg:  0.0, Max:  0.0, Diff:  0.0, Sum:  0.0, Workers: 4
[828.754s][debug][gc,phases      ] GC(21)     Dead                           Min: 0, Avg:  0.0, Max: 0, Diff: 0, Sum: 0, Workers: 4
[828.754s][debug][gc,phases      ] GC(21)     Total                          Min: 0, Avg:  0.0, Max: 0, Diff: 0, Sum: 0, Workers: 4
[828.754s][debug][gc,phases      ] GC(21) Weak Processing 0.361ms
[828.754s][debug][gc,age         ] GC(21) Desired survivor size 212336640 bytes, new threshold 1 (max threshold 15)
[828.754s][info ][gc,heap        ] GC(21) PSYoungGen: 1639760K(1862656K)->3264K(1889792K) Eden: 1636864K(1636864K)->0K(1673216K) From: 2896K(225792K)->3264K(216576K)
[828.754s][info ][gc,heap        ] GC(21) ParOldGen: 221052K(221184K)->221572K(221696K)
[828.754s][info ][gc,metaspace   ] GC(21) Metaspace: 101661K(102976K)->101661K(102976K) NonClass: 86382K(87104K)->86382K(87104K) Class: 15278K(15872K)->15278K(15872K)
[828.754s][info ][gc             ] GC(21) Pause Young (Allocation Failure) 1817M->219M(2062M) 3.042ms
[828.754s][info ][gc,cpu         ] GC(21) User=0.01s Sys=0.00s Real=0.00s
[828.754s][info ][safepoint      ] Safepoint "ParallelGCFailedAllocation", Time since last: 186136613 ns, Reaching safepoint: 82000 ns, Cleanup: 3800 ns, At safepoint: 3107099 ns, Total: 3192899 ns
[829.754s][info ][safepoint      ] Safepoint "Cleanup", Time since last: 1000112833 ns, Reaching safepoint: 84800 ns, Cleanup: 11700 ns, At safepoint: 7900 ns, Total: 104400 ns
[830.754s][info ][safepoint      ] Safepoint "Cleanup", Time since last: 1000135233 ns, Reaching safepoint: 82600 ns, Cleanup: 7000 ns, At safepoint: 7400 ns, Total: 97000 ns
[831.754s][info ][safepoint      ] Safepoint "Cleanup", Time since last: 1000135133 ns, Reaching safepoint: 5700 ns, Cleanup: 9100 ns, At safepoint: 2100 ns, Total: 16900 ns
[832.755s][info ][safepoint      ] Safepoint "Cleanup", Time since last: 1000143334 ns, Reaching safepoint: 5800 ns, Cleanup: 18700 ns, At safepoint: 3200 ns, Total: 27700 ns
[834.755s][info ][safepoint      ] Safepoint "Cleanup", Time since last: 2000231566 ns, Reaching safepoint: 4700 ns, Cleanup: 9600 ns, At safepoint: 2100 ns, Total: 16400 ns
[835.755s][info ][safepoint      ] Safepoint "Cleanup", Time since last: 1000120923 ns, Reaching safepoint: 5700 ns, Cleanup: 10100 ns, At safepoint: 1800 ns, Total: 17600 ns
[838.755s][info ][safepoint      ] Safepoint "Cleanup", Time since last: 3000284775 ns, Reaching safepoint: 5200 ns, Cleanup: 10700 ns, At safepoint: 1800 ns, Total: 17700 ns
[839.755s][info ][safepoint      ] Safepoint "Cleanup", Time since last: 1000104192 ns, Reaching safepoint: 5500 ns, Cleanup: 9500 ns, At safepoint: 1700 ns, Total: 16700 ns
[841.294s][info ][safepoint      ] Safepoint "Cleanup", Time since last: 1538524665 ns, Reaching safepoint: 7100 ns, Cleanup: 12300 ns, At safepoint: 2100 ns, Total: 21500 ns
[843.294s][info ][safepoint      ] Safepoint "Cleanup", Time since last: 2000188823 ns, Reaching safepoint: 6600 ns, Cleanup: 12700 ns, At safepoint: 2300 ns, Total: 21600 ns
[851.295s][info ][safepoint      ] Safepoint "Cleanup", Time since last: 8000643549 ns, Reaching safepoint: 7100 ns, Cleanup: 13800 ns, At safepoint: 2400 ns, Total: 23300 ns
[852.295s][info ][safepoint      ] Safepoint "Cleanup", Time since last: 1000118315 ns, Reaching safepoint: 4900 ns, Cleanup: 9000 ns, At safepoint: 1800 ns, Total: 15700 ns
[854.295s][info ][safepoint      ] Safepoint "Cleanup", Time since last: 2000202230 ns, Reaching safepoint: 7100 ns, Cleanup: 15000 ns, At safepoint: 2100 ns, Total: 24200 ns
[855.295s][info ][safepoint      ] Safepoint "Cleanup", Time since last: 1000113015 ns, Reaching safepoint: 6100 ns, Cleanup: 9400 ns, At safepoint: 2300 ns, Total: 17800 ns
[857.296s][info ][safepoint      ] Safepoint "Cleanup", Time since last: 2000220830 ns, Reaching safepoint: 7400 ns, Cleanup: 11000 ns, At safepoint: 2400 ns, Total: 20800 ns
[859.296s][info ][safepoint      ] Safepoint "Cleanup", Time since last: 2000254222 ns, Reaching safepoint: 8100 ns, Cleanup: 13600 ns, At safepoint: 2500 ns, Total: 24200 ns
[869.297s][info ][safepoint      ] Safepoint "Cleanup", Time since last: 10000933830 ns, Reaching safepoint: 9500 ns, Cleanup: 13000 ns, At safepoint: 2300 ns, Total: 24800 ns
[871.297s][info ][safepoint      ] Safepoint "Cleanup", Time since last: 2000191837 ns, Reaching safepoint: 7600 ns, Cleanup: 11300 ns, At safepoint: 2400 ns, Total: 21300 ns
[875.297s][info ][safepoint      ] Safepoint "Cleanup", Time since last: 4000354388 ns, Reaching safepoint: 7300 ns, Cleanup: 11000 ns, At safepoint: 2300 ns, Total: 20600 ns
[882.298s][info ][safepoint      ] Safepoint "Cleanup", Time since last: 7000694598 ns, Reaching safepoint: 5100 ns, Cleanup: 8200 ns, At safepoint: 1700 ns, Total: 15000 ns
[885.298s][info ][safepoint      ] Safepoint "Cleanup", Time since last: 3000291222 ns, Reaching safepoint: 7999 ns, Cleanup: 13700 ns, At safepoint: 2800 ns, Total: 24499 ns
[887.299s][info ][safepoint      ] Safepoint "Cleanup", Time since last: 2000215761 ns, Reaching safepoint: 8300 ns, Cleanup: 13200 ns, At safepoint: 2900 ns, Total: 24400 ns
[889.299s][info ][safepoint      ] Safepoint "Cleanup", Time since last: 2000257361 ns, Reaching safepoint: 9500 ns, Cleanup: 12100 ns, At safepoint: 2600 ns, Total: 24200 ns
[891.299s][info ][safepoint      ] Safepoint "Cleanup", Time since last: 2000209583 ns, Reaching safepoint: 6900 ns, Cleanup: 15300 ns, At safepoint: 2200 ns, Total: 24400 ns
[893.300s][info ][safepoint      ] Safepoint "Cleanup", Time since last: 2000264835 ns, Reaching safepoint: 82100 ns, Cleanup: 10600 ns, At safepoint: 6300 ns, Total: 99000 ns
[894.300s][info ][safepoint      ] Safepoint "Cleanup", Time since last: 1000079217 ns, Reaching safepoint: 79400 ns, Cleanup: 15000 ns, At safepoint: 5600 ns, Total: 100000 ns
[902.302s][info ][gc,start       ] GC(22) Pause Young (Allocation Failure)
[902.305s][debug][gc,phases      ] GC(22) Scavenge 2.857ms
[902.305s][debug][gc,ref         ] GC(22) ReferenceProcessor::execute queues: 1, RefProcThreadModel::Single, marks_oops_alive: false
[902.305s][debug][gc,ref         ] GC(22) Skipped KeepAliveFinalRefsPhase of Reference Processing: no references
[902.305s][debug][gc,ref         ] GC(22) Skipped PhantomRefsPhase of Reference Processing: no references
[902.305s][debug][gc,phases      ] GC(22) Reference Processing 0.025ms
[902.306s][debug][gc,phases      ] GC(22)   VM Weak                        Min:  0.0, Avg:  0.0, Max:  0.0, Diff:  0.0, Sum:  0.0, Workers: 4
[902.306s][debug][gc,phases      ] GC(22)     Dead                           Min: 0, Avg:  0.0, Max: 0, Diff: 0, Sum: 0, Workers: 4
[902.306s][debug][gc,phases      ] GC(22)     Total                          Min: 0, Avg: 244.8, Max: 851, Diff: 851, Sum: 979, Workers: 4
[902.306s][debug][gc,phases      ] GC(22)   ObjectSynchronizer Weak        Min:  0.0, Avg:  0.0, Max:  0.0, Diff:  0.0, Sum:  0.0, Workers: 4
[902.306s][debug][gc,phases      ] GC(22)     Dead                           Min: 0, Avg:  0.0, Max: 0, Diff: 0, Sum: 0, Workers: 4
[902.306s][debug][gc,phases      ] GC(22)     Total                          Min: 0, Avg:  0.8, Max: 3, Diff: 3, Sum: 3, Workers: 4
[902.306s][debug][gc,phases      ] GC(22)   JVMTI Tag Weak OopStorage      Min:  0.0, Avg:  0.0, Max:  0.0, Diff:  0.0, Sum:  0.0, Workers: 4
[902.306s][debug][gc,phases      ] GC(22)     Dead                           Min: 0, Avg:  0.0, Max: 0, Diff: 0, Sum: 0, Workers: 4
[902.306s][debug][gc,phases      ] GC(22)     Total                          Min: 0, Avg:  0.0, Max: 0, Diff: 0, Sum: 0, Workers: 4
[902.306s][debug][gc,phases      ] GC(22)   StringTable Weak               Min:  0.0, Avg:  0.1, Max:  0.1, Diff:  0.1, Sum:  0.3, Workers: 4
[902.306s][debug][gc,phases      ] GC(22)     Dead                           Min: 0, Avg:  0.0, Max: 0, Diff: 0, Sum: 0, Workers: 4
[902.306s][debug][gc,phases      ] GC(22)     Total                          Min: 0, Avg: 11166.2, Max: 19450, Diff: 19450, Sum: 44665, Workers: 4
[902.306s][debug][gc,phases      ] GC(22)   ResolvedMethodTable Weak       Min:  0.0, Avg:  0.0, Max:  0.0, Diff:  0.0, Sum:  0.1, Workers: 4
[902.306s][debug][gc,phases      ] GC(22)     Dead                           Min: 0, Avg:  4.0, Max: 16, Diff: 16, Sum: 16, Workers: 4
[902.306s][debug][gc,phases      ] GC(22)     Total                          Min: 0, Avg: 3533.0, Max: 6220, Diff: 6220, Sum: 14132, Workers: 4
[902.306s][debug][gc,phases      ] GC(22)   JNI Weak                       Min:  0.0, Avg:  0.0, Max:  0.0, Diff:  0.0, Sum:  0.0, Workers: 4
[902.306s][debug][gc,phases      ] GC(22)     Dead                           Min: 0, Avg:  0.0, Max: 0, Diff: 0, Sum: 0, Workers: 4
[902.306s][debug][gc,phases      ] GC(22)     Total                          Min: 0, Avg: 13.0, Max: 52, Diff: 52, Sum: 52, Workers: 4
[902.306s][debug][gc,phases      ] GC(22)   StringDedup Table Weak         Min:  0.0, Avg:  0.0, Max:  0.0, Diff:  0.0, Sum:  0.0, Workers: 4
[902.306s][debug][gc,phases      ] GC(22)     Dead                           Min: 0, Avg:  0.0, Max: 0, Diff: 0, Sum: 0, Workers: 4
[902.306s][debug][gc,phases      ] GC(22)     Total                          Min: 0, Avg:  0.0, Max: 0, Diff: 0, Sum: 0, Workers: 4
[902.306s][debug][gc,phases      ] GC(22)   StringDedup Requests0 Weak     Min:  0.0, Avg:  0.0, Max:  0.0, Diff:  0.0, Sum:  0.0, Workers: 4
[902.306s][debug][gc,phases      ] GC(22)     Dead                           Min: 0, Avg:  0.0, Max: 0, Diff: 0, Sum: 0, Workers: 4
[902.306s][debug][gc,phases      ] GC(22)     Total                          Min: 0, Avg:  0.0, Max: 0, Diff: 0, Sum: 0, Workers: 4
[902.306s][debug][gc,phases      ] GC(22)   StringDedup Requests1 Weak     Min:  0.0, Avg:  0.0, Max:  0.0, Diff:  0.0, Sum:  0.0, Workers: 4
[902.306s][debug][gc,phases      ] GC(22)     Dead                           Min: 0, Avg:  0.0, Max: 0, Diff: 0, Sum: 0, Workers: 4
[902.306s][debug][gc,phases      ] GC(22)     Total                          Min: 0, Avg:  0.0, Max: 0, Diff: 0, Sum: 0, Workers: 4
[902.306s][debug][gc,phases      ] GC(22)   Weak JFR Old Object Samples    Min:  0.0, Avg:  0.0, Max:  0.0, Diff:  0.0, Sum:  0.0, Workers: 4
[902.306s][debug][gc,phases      ] GC(22)     Dead                           Min: 0, Avg:  0.0, Max: 0, Diff: 0, Sum: 0, Workers: 4
[902.306s][debug][gc,phases      ] GC(22)     Total                          Min: 0, Avg:  0.0, Max: 0, Diff: 0, Sum: 0, Workers: 4
[902.306s][debug][gc,phases      ] GC(22) Weak Processing 0.370ms
[902.306s][debug][gc,age         ] GC(22) Desired survivor size 201850880 bytes, new threshold 1 (max threshold 15)
[902.306s][info ][gc,heap        ] GC(22) PSYoungGen: 1676480K(1889792K)->4544K(1880576K) Eden: 1673216K(1673216K)->0K(1673216K) From: 3264K(216576K)->4544K(207360K)
[902.306s][info ][gc,heap        ] GC(22) ParOldGen: 221572K(221696K)->222212K(222720K)
[902.306s][info ][gc,metaspace   ] GC(22) Metaspace: 101747K(103040K)->101747K(103040K) NonClass: 86467K(87168K)->86467K(87168K) Class: 15279K(15872K)->15279K(15872K)
[902.306s][info ][gc             ] GC(22) Pause Young (Allocation Failure) 1853M->221M(2054M) 3.359ms
[902.306s][info ][gc,cpu         ] GC(22) User=0.01s Sys=0.00s Real=0.00s
[902.306s][info ][safepoint      ] Safepoint "ParallelGCFailedAllocation", Time since last: 8002651306 ns, Reaching safepoint: 79500 ns, Cleanup: 10000 ns, At safepoint: 3420198 ns, Total: 3509698 ns
[903.306s][info ][safepoint      ] Safepoint "Cleanup", Time since last: 1000088477 ns, Reaching safepoint: 6300 ns, Cleanup: 10700 ns, At safepoint: 1700 ns, Total: 18700 ns
[904.306s][info ][safepoint      ] Safepoint "Cleanup", Time since last: 1000105777 ns, Reaching safepoint: 6100 ns, Cleanup: 9200 ns, At safepoint: 2100 ns, Total: 17400 ns
[905.306s][info ][safepoint      ] Safepoint "Cleanup", Time since last: 1000109277 ns, Reaching safepoint: 5800 ns, Cleanup: 9000 ns, At safepoint: 2400 ns, Total: 17200 ns
[907.306s][info ][safepoint      ] Safepoint "Cleanup", Time since last: 2000205648 ns, Reaching safepoint: 5800 ns, Cleanup: 15100 ns, At safepoint: 2000 ns, Total: 22900 ns
[910.307s][info ][safepoint      ] Safepoint "Cleanup", Time since last: 3000264968 ns, Reaching safepoint: 5800 ns, Cleanup: 9400 ns, At safepoint: 1900 ns, Total: 17100 ns
[911.307s][info ][safepoint      ] Safepoint "Cleanup", Time since last: 1000109156 ns, Reaching safepoint: 6900 ns, Cleanup: 10400 ns, At safepoint: 2200 ns, Total: 19500 ns
[912.307s][info ][safepoint      ] Safepoint "Cleanup", Time since last: 1000113656 ns, Reaching safepoint: 6000 ns, Cleanup: 42600 ns, At safepoint: 2400 ns, Total: 51000 ns
[927.308s][info ][safepoint      ] Safepoint "Cleanup", Time since last: 15001200349 ns, Reaching safepoint: 5900 ns, Cleanup: 10400 ns, At safepoint: 2100 ns, Total: 18400 ns
[928.308s][info ][safepoint      ] Safepoint "Cleanup", Time since last: 1000118236 ns, Reaching safepoint: 6900 ns, Cleanup: 9700 ns, At safepoint: 2200 ns, Total: 18800 ns
[932.309s][info ][safepoint      ] Safepoint "Cleanup", Time since last: 4000373438 ns, Reaching safepoint: 6000 ns, Cleanup: 9300 ns, At safepoint: 2300 ns, Total: 17600 ns
[934.309s][info ][safepoint      ] Safepoint "Cleanup", Time since last: 2000238667 ns, Reaching safepoint: 7500 ns, Cleanup: 10300 ns, At safepoint: 2400 ns, Total: 20200 ns
[936.309s][info ][safepoint      ] Safepoint "Cleanup", Time since last: 2000187666 ns, Reaching safepoint: 5600 ns, Cleanup: 10900 ns, At safepoint: 2000 ns, Total: 18500 ns
[938.309s][info ][safepoint      ] Safepoint "Cleanup", Time since last: 2000180967 ns, Reaching safepoint: 6700 ns, Cleanup: 7500 ns, At safepoint: 2100 ns, Total: 16300 ns
[941.310s][info ][safepoint      ] Safepoint "Cleanup", Time since last: 3000303711 ns, Reaching safepoint: 6400 ns, Cleanup: 9800 ns, At safepoint: 2300 ns, Total: 18500 ns
[942.310s][info ][safepoint      ] Safepoint "Cleanup", Time since last: 1000147083 ns, Reaching safepoint: 7700 ns, Cleanup: 10700 ns, At safepoint: 2300 ns, Total: 20700 ns
[943.310s][info ][safepoint      ] Safepoint "Cleanup", Time since last: 1000162983 ns, Reaching safepoint: 8100 ns, Cleanup: 11500 ns, At safepoint: 26800 ns, Total: 46400 ns
[945.310s][info ][safepoint      ] Safepoint "Cleanup", Time since last: 2000208267 ns, Reaching safepoint: 5700 ns, Cleanup: 11900 ns, At safepoint: 2100 ns, Total: 19700 ns
[947.311s][info ][safepoint      ] Safepoint "Cleanup", Time since last: 2000178269 ns, Reaching safepoint: 6900 ns, Cleanup: 11800 ns, At safepoint: 2700 ns, Total: 21400 ns
[949.311s][info ][safepoint      ] Safepoint "Cleanup", Time since last: 2000187786 ns, Reaching safepoint: 6000 ns, Cleanup: 11000 ns, At safepoint: 2200 ns, Total: 19200 ns
[950.311s][info ][safepoint      ] Safepoint "Cleanup", Time since last: 1000119293 ns, Reaching safepoint: 7500 ns, Cleanup: 10200 ns, At safepoint: 2100 ns, Total: 19800 ns
[951.311s][info ][safepoint      ] Safepoint "Cleanup", Time since last: 1000106993 ns, Reaching safepoint: 5200 ns, Cleanup: 7400 ns, At safepoint: 1800 ns, Total: 14400 ns
[952.311s][info ][safepoint      ] Safepoint "Cleanup", Time since last: 1000128293 ns, Reaching safepoint: 7100 ns, Cleanup: 21900 ns, At safepoint: 2100 ns, Total: 31100 ns
[953.311s][info ][safepoint      ] Safepoint "Cleanup", Time since last: 1000126293 ns, Reaching safepoint: 5300 ns, Cleanup: 9600 ns, At safepoint: 1600 ns, Total: 16500 ns
[958.312s][info ][safepoint      ] Safepoint "Cleanup", Time since last: 5000381578 ns, Reaching safepoint: 9300 ns, Cleanup: 14000 ns, At safepoint: 2400 ns, Total: 25700 ns
[960.312s][info ][safepoint      ] Safepoint "Cleanup", Time since last: 2000197731 ns, Reaching safepoint: 6800 ns, Cleanup: 10700 ns, At safepoint: 2300 ns, Total: 19800 ns
[963.312s][info ][safepoint      ] Safepoint "Cleanup", Time since last: 3000245799 ns, Reaching safepoint: 6600 ns, Cleanup: 15000 ns, At safepoint: 2100 ns, Total: 23700 ns
[966.313s][info ][safepoint      ] Safepoint "Cleanup", Time since last: 3000307036 ns, Reaching safepoint: 7700 ns, Cleanup: 11300 ns, At safepoint: 2300 ns, Total: 21300 ns
[967.313s][info ][safepoint      ] Safepoint "Cleanup", Time since last: 1000142578 ns, Reaching safepoint: 6800 ns, Cleanup: 12500 ns, At safepoint: 2200 ns, Total: 21500 ns
[972.313s][info ][safepoint      ] Safepoint "Cleanup", Time since last: 5000513563 ns, Reaching safepoint: 7800 ns, Cleanup: 12400 ns, At safepoint: 2500 ns, Total: 22700 ns
[975.352s][info ][gc,start       ] GC(23) Pause Young (Allocation Failure)
[975.354s][debug][gc,phases      ] GC(23) Scavenge 2.141ms
[975.354s][debug][gc,ref         ] GC(23) ReferenceProcessor::execute queues: 1, RefProcThreadModel::Single, marks_oops_alive: false
[975.354s][debug][gc,ref         ] GC(23) Skipped KeepAliveFinalRefsPhase of Reference Processing: no references
[975.354s][debug][gc,ref         ] GC(23) Skipped PhantomRefsPhase of Reference Processing: no references
[975.354s][debug][gc,phases      ] GC(23) Reference Processing 0.101ms
[975.354s][debug][gc,phases      ] GC(23)   VM Weak                        Min:  0.0, Avg:  0.0, Max:  0.0, Diff:  0.0, Sum:  0.0, Workers: 4
[975.354s][debug][gc,phases      ] GC(23)     Dead                           Min: 0, Avg:  0.0, Max: 0, Diff: 0, Sum: 0, Workers: 4
[975.354s][debug][gc,phases      ] GC(23)     Total                          Min: 0, Avg: 244.8, Max: 723, Diff: 723, Sum: 979, Workers: 4
[975.354s][debug][gc,phases      ] GC(23)   ObjectSynchronizer Weak        Min:  0.0, Avg:  0.0, Max:  0.0, Diff:  0.0, Sum:  0.0, Workers: 4
[975.354s][debug][gc,phases      ] GC(23)     Dead                           Min: 0, Avg:  0.0, Max: 0, Diff: 0, Sum: 0, Workers: 4
[975.354s][debug][gc,phases      ] GC(23)     Total                          Min: 0, Avg:  0.8, Max: 3, Diff: 3, Sum: 3, Workers: 4
[975.354s][debug][gc,phases      ] GC(23)   JVMTI Tag Weak OopStorage      Min:  0.0, Avg:  0.0, Max:  0.0, Diff:  0.0, Sum:  0.0, Workers: 4
[975.354s][debug][gc,phases      ] GC(23)     Dead                           Min: 0, Avg:  0.0, Max: 0, Diff: 0, Sum: 0, Workers: 4
[975.354s][debug][gc,phases      ] GC(23)     Total                          Min: 0, Avg:  0.0, Max: 0, Diff: 0, Sum: 0, Workers: 4
[975.354s][debug][gc,phases      ] GC(23)   StringTable Weak               Min:  0.0, Avg:  0.1, Max:  0.1, Diff:  0.1, Sum:  0.4, Workers: 4
[975.354s][debug][gc,phases      ] GC(23)     Dead                           Min: 0, Avg:  0.0, Max: 0, Diff: 0, Sum: 0, Workers: 4
[975.354s][debug][gc,phases      ] GC(23)     Total                          Min: 0, Avg: 11167.5, Max: 19584, Diff: 19584, Sum: 44670, Workers: 4
[975.354s][debug][gc,phases      ] GC(23)   ResolvedMethodTable Weak       Min:  0.0, Avg:  0.0, Max:  0.0, Diff:  0.0, Sum:  0.1, Workers: 4
[975.354s][debug][gc,phases      ] GC(23)     Dead                           Min: 0, Avg:  4.2, Max: 16, Diff: 16, Sum: 17, Workers: 4
[975.354s][debug][gc,phases      ] GC(23)     Total                          Min: 0, Avg: 3533.2, Max: 6076, Diff: 6076, Sum: 14133, Workers: 4
[975.354s][debug][gc,phases      ] GC(23)   JNI Weak                       Min:  0.0, Avg:  0.0, Max:  0.0, Diff:  0.0, Sum:  0.0, Workers: 4
[975.354s][debug][gc,phases      ] GC(23)     Dead                           Min: 0, Avg:  0.0, Max: 0, Diff: 0, Sum: 0, Workers: 4
[975.354s][debug][gc,phases      ] GC(23)     Total                          Min: 0, Avg: 13.0, Max: 52, Diff: 52, Sum: 52, Workers: 4
[975.354s][debug][gc,phases      ] GC(23)   StringDedup Table Weak         Min:  0.0, Avg:  0.0, Max:  0.0, Diff:  0.0, Sum:  0.0, Workers: 4
[975.354s][debug][gc,phases      ] GC(23)     Dead                           Min: 0, Avg:  0.0, Max: 0, Diff: 0, Sum: 0, Workers: 4
[975.354s][debug][gc,phases      ] GC(23)     Total                          Min: 0, Avg:  0.0, Max: 0, Diff: 0, Sum: 0, Workers: 4
[975.354s][debug][gc,phases      ] GC(23)   StringDedup Requests0 Weak     Min:  0.0, Avg:  0.0, Max:  0.0, Diff:  0.0, Sum:  0.0, Workers: 4
[975.354s][debug][gc,phases      ] GC(23)     Dead                           Min: 0, Avg:  0.0, Max: 0, Diff: 0, Sum: 0, Workers: 4
[975.354s][debug][gc,phases      ] GC(23)     Total                          Min: 0, Avg:  0.0, Max: 0, Diff: 0, Sum: 0, Workers: 4
[975.354s][debug][gc,phases      ] GC(23)   StringDedup Requests1 Weak     Min:  0.0, Avg:  0.0, Max:  0.0, Diff:  0.0, Sum:  0.0, Workers: 4
[975.354s][debug][gc,phases      ] GC(23)     Dead                           Min: 0, Avg:  0.0, Max: 0, Diff: 0, Sum: 0, Workers: 4
[975.354s][debug][gc,phases      ] GC(23)     Total                          Min: 0, Avg:  0.0, Max: 0, Diff: 0, Sum: 0, Workers: 4
[975.354s][debug][gc,phases      ] GC(23)   Weak JFR Old Object Samples    Min:  0.0, Avg:  0.0, Max:  0.0, Diff:  0.0, Sum:  0.0, Workers: 4
[975.354s][debug][gc,phases      ] GC(23)     Dead                           Min: 0, Avg:  0.0, Max: 0, Diff: 0, Sum: 0, Workers: 4
[975.354s][debug][gc,phases      ] GC(23)     Total                          Min: 0, Avg:  0.0, Max: 0, Diff: 0, Sum: 0, Workers: 4
[975.354s][debug][gc,phases      ] GC(23) Weak Processing 0.366ms
[975.354s][debug][gc,age         ] GC(23) Desired survivor size 192413696 bytes, new threshold 1 (max threshold 15)
[975.354s][info ][gc,heap        ] GC(23) PSYoungGen: 1677760K(1880576K)->2752K(1909248K) Eden: 1673216K(1673216K)->0K(1712128K) From: 4544K(207360K)->2752K(197120K)
[975.354s][info ][gc,heap        ] GC(23) ParOldGen: 222212K(222720K)->223088K(223232K)
[975.354s][info ][gc,metaspace   ] GC(23) Metaspace: 101801K(103104K)->101801K(103104K) NonClass: 86521K(87232K)->86521K(87232K) Class: 15279K(15872K)->15279K(15872K)
[975.354s][info ][gc             ] GC(23) Pause Young (Allocation Failure) 1855M->220M(2082M) 2.718ms
[975.354s][info ][gc,cpu         ] GC(23) User=0.01s Sys=0.00s Real=0.00s
[975.355s][info ][safepoint      ] Safepoint "ParallelGCFailedAllocation", Time since last: 3038474901 ns, Reaching safepoint: 6200 ns, Cleanup: 3500 ns, At safepoint: 2783399 ns, Total: 2793099 ns
[979.355s][info ][safepoint      ] Safepoint "Cleanup", Time since last: 4000320213 ns, Reaching safepoint: 78301 ns, Cleanup: 11000 ns, At safepoint: 5000 ns, Total: 94301 ns
[985.355s][info ][safepoint      ] Safepoint "Cleanup", Time since last: 6000504262 ns, Reaching safepoint: 7800 ns, Cleanup: 17000 ns, At safepoint: 2200 ns, Total: 27000 ns
[986.356s][info ][safepoint      ] Safepoint "Cleanup", Time since last: 1000118552 ns, Reaching safepoint: 6400 ns, Cleanup: 10300 ns, At safepoint: 1800 ns, Total: 18500 ns
[988.356s][info ][safepoint      ] Safepoint "Cleanup", Time since last: 2000177555 ns, Reaching safepoint: 5600 ns, Cleanup: 18300 ns, At safepoint: 2000 ns, Total: 25900 ns
[989.356s][info ][safepoint      ] Safepoint "Cleanup", Time since last: 1000114093 ns, Reaching safepoint: 6100 ns, Cleanup: 16100 ns, At safepoint: 2400 ns, Total: 24600 ns
[990.356s][info ][safepoint      ] Safepoint "Cleanup", Time since last: 1000118894 ns, Reaching safepoint: 5700 ns, Cleanup: 11400 ns, At safepoint: 2100 ns, Total: 19200 ns
[992.356s][info ][safepoint      ] Safepoint "Cleanup", Time since last: 2000185187 ns, Reaching safepoint: 6000 ns, Cleanup: 10700 ns, At safepoint: 2200 ns, Total: 18900 ns
[995.357s][info ][safepoint      ] Safepoint "Cleanup", Time since last: 3000293687 ns, Reaching safepoint: 6300 ns, Cleanup: 10300 ns, At safepoint: 2400 ns, Total: 19000 ns
[1000.357s][info ][safepoint      ] Safepoint "Cleanup", Time since last: 5000413511 ns, Reaching safepoint: 5700 ns, Cleanup: 5900 ns, At safepoint: 2100 ns, Total: 13700 ns
[1001.357s][info ][safepoint      ] Safepoint "Cleanup", Time since last: 1000109223 ns, Reaching safepoint: 6700 ns, Cleanup: 12000 ns, At safepoint: 2100 ns, Total: 20800 ns
[1005.357s][info ][safepoint      ] Safepoint "Cleanup", Time since last: 4000308524 ns, Reaching safepoint: 5300 ns, Cleanup: 10600 ns, At safepoint: 1700 ns, Total: 17600 ns
[1011.358s][info ][safepoint      ] Safepoint "Cleanup", Time since last: 6000573288 ns, Reaching safepoint: 5600 ns, Cleanup: 11200 ns, At safepoint: 2100 ns, Total: 18900 ns
[1023.358s][info ][safepoint      ] Safepoint "Cleanup", Time since last: 11999883437 ns, Reaching safepoint: 7200 ns, Cleanup: 11700 ns, At safepoint: 2400 ns, Total: 21300 ns
[1024.358s][info ][safepoint      ] Safepoint "Cleanup", Time since last: 1000140374 ns, Reaching safepoint: 6800 ns, Cleanup: 14700 ns, At safepoint: 2100 ns, Total: 23600 ns
[1026.358s][info ][safepoint      ] Safepoint "Cleanup", Time since last: 2000182850 ns, Reaching safepoint: 5900 ns, Cleanup: 11700 ns, At safepoint: 2300 ns, Total: 19900 ns
[1032.359s][info ][safepoint      ] Safepoint "Cleanup", Time since last: 6000557862 ns, Reaching safepoint: 6600 ns, Cleanup: 11600 ns, At safepoint: 2300 ns, Total: 20500 ns
[1044.360s][info ][safepoint      ] Safepoint "Cleanup", Time since last: 12000954193 ns, Reaching safepoint: 5900 ns, Cleanup: 9100 ns, At safepoint: 1800 ns, Total: 16800 ns
[1046.360s][info ][safepoint      ] Safepoint "Cleanup", Time since last: 2000193562 ns, Reaching safepoint: 7100 ns, Cleanup: 12300 ns, At safepoint: 29400 ns, Total: 48800 ns
[1047.360s][info ][safepoint      ] Safepoint "Cleanup", Time since last: 1000112781 ns, Reaching safepoint: 6000 ns, Cleanup: 11900 ns, At safepoint: 2100 ns, Total: 20000 ns
[1048.360s][info ][safepoint      ] Safepoint "Cleanup", Time since last: 1000107481 ns, Reaching safepoint: 4900 ns, Cleanup: 8600 ns, At safepoint: 2000 ns, Total: 15500 ns
[1049.361s][info ][safepoint      ] Safepoint "Cleanup", Time since last: 1000105781 ns, Reaching safepoint: 5300 ns, Cleanup: 13600 ns, At safepoint: 2400 ns, Total: 21300 ns
[1050.361s][info ][safepoint      ] Safepoint "Cleanup", Time since last: 1000109680 ns, Reaching safepoint: 5700 ns, Cleanup: 9500 ns, At safepoint: 2100 ns, Total: 17300 ns
[1051.361s][info ][safepoint      ] Safepoint "Cleanup", Time since last: 1000121382 ns, Reaching safepoint: 5800 ns, Cleanup: 9100 ns, At safepoint: 25200 ns, Total: 40100 ns
[1051.903s][info ][gc,start       ] GC(24) Pause Young (Allocation Failure)
[1051.905s][debug][gc,phases      ] GC(24) Scavenge 2.487ms
[1051.905s][debug][gc,ref         ] GC(24) ReferenceProcessor::execute queues: 1, RefProcThreadModel::Single, marks_oops_alive: false
[1051.905s][debug][gc,ref         ] GC(24) Skipped KeepAliveFinalRefsPhase of Reference Processing: no references
[1051.905s][debug][gc,ref         ] GC(24) Skipped PhantomRefsPhase of Reference Processing: no references
[1051.905s][debug][gc,phases      ] GC(24) Reference Processing 0.097ms
[1051.906s][debug][gc,phases      ] GC(24)   VM Weak                        Min:  0.0, Avg:  0.0, Max:  0.0, Diff:  0.0, Sum:  0.0, Workers: 4
[1051.906s][debug][gc,phases      ] GC(24)     Dead                           Min: 0, Avg:  0.0, Max: 0, Diff: 0, Sum: 0, Workers: 4
[1051.906s][debug][gc,phases      ] GC(24)     Total                          Min: 0, Avg: 244.8, Max: 979, Diff: 979, Sum: 979, Workers: 4
[1051.906s][debug][gc,phases      ] GC(24)   ObjectSynchronizer Weak        Min:  0.0, Avg:  0.0, Max:  0.0, Diff:  0.0, Sum:  0.0, Workers: 4
[1051.906s][debug][gc,phases      ] GC(24)     Dead                           Min: 0, Avg:  0.0, Max: 0, Diff: 0, Sum: 0, Workers: 4
[1051.906s][debug][gc,phases      ] GC(24)     Total                          Min: 0, Avg:  1.0, Max: 4, Diff: 4, Sum: 4, Workers: 4
[1051.906s][debug][gc,phases      ] GC(24)   JVMTI Tag Weak OopStorage      Min:  0.0, Avg:  0.0, Max:  0.0, Diff:  0.0, Sum:  0.0, Workers: 4
[1051.906s][debug][gc,phases      ] GC(24)     Dead                           Min: 0, Avg:  0.0, Max: 0, Diff: 0, Sum: 0, Workers: 4
[1051.906s][debug][gc,phases      ] GC(24)     Total                          Min: 0, Avg:  0.0, Max: 0, Diff: 0, Sum: 0, Workers: 4
[1051.906s][debug][gc,phases      ] GC(24)   StringTable Weak               Min:  0.0, Avg:  0.1, Max:  0.1, Diff:  0.1, Sum:  0.3, Workers: 4
[1051.906s][debug][gc,phases      ] GC(24)     Dead                           Min: 0, Avg:  0.0, Max: 0, Diff: 0, Sum: 0, Workers: 4
[1051.906s][debug][gc,phases      ] GC(24)     Total                          Min: 0, Avg: 11178.0, Max: 18856, Diff: 18856, Sum: 44712, Workers: 4
[1051.906s][debug][gc,phases      ] GC(24)   ResolvedMethodTable Weak       Min:  0.0, Avg:  0.0, Max:  0.0, Diff:  0.0, Sum:  0.1, Workers: 4
[1051.906s][debug][gc,phases      ] GC(24)     Dead                           Min: 0, Avg:  4.0, Max: 12, Diff: 12, Sum: 16, Workers: 4
[1051.906s][debug][gc,phases      ] GC(24)     Total                          Min: 0, Avg: 3533.2, Max: 6111, Diff: 6111, Sum: 14133, Workers: 4
[1051.906s][debug][gc,phases      ] GC(24)   JNI Weak                       Min:  0.0, Avg:  0.0, Max:  0.0, Diff:  0.0, Sum:  0.0, Workers: 4
[1051.906s][debug][gc,phases      ] GC(24)     Dead                           Min: 0, Avg:  0.0, Max: 0, Diff: 0, Sum: 0, Workers: 4
[1051.906s][debug][gc,phases      ] GC(24)     Total                          Min: 0, Avg: 13.0, Max: 52, Diff: 52, Sum: 52, Workers: 4
[1051.906s][debug][gc,phases      ] GC(24)   StringDedup Table Weak         Min:  0.0, Avg:  0.0, Max:  0.0, Diff:  0.0, Sum:  0.0, Workers: 4
[1051.906s][debug][gc,phases      ] GC(24)     Dead                           Min: 0, Avg:  0.0, Max: 0, Diff: 0, Sum: 0, Workers: 4
[1051.906s][debug][gc,phases      ] GC(24)     Total                          Min: 0, Avg:  0.0, Max: 0, Diff: 0, Sum: 0, Workers: 4
[1051.906s][debug][gc,phases      ] GC(24)   StringDedup Requests0 Weak     Min:  0.0, Avg:  0.0, Max:  0.0, Diff:  0.0, Sum:  0.0, Workers: 4
[1051.906s][debug][gc,phases      ] GC(24)     Dead                           Min: 0, Avg:  0.0, Max: 0, Diff: 0, Sum: 0, Workers: 4
[1051.906s][debug][gc,phases      ] GC(24)     Total                          Min: 0, Avg:  0.0, Max: 0, Diff: 0, Sum: 0, Workers: 4
[1051.906s][debug][gc,phases      ] GC(24)   StringDedup Requests1 Weak     Min:  0.0, Avg:  0.0, Max:  0.0, Diff:  0.0, Sum:  0.0, Workers: 4
[1051.906s][debug][gc,phases      ] GC(24)     Dead                           Min: 0, Avg:  0.0, Max: 0, Diff: 0, Sum: 0, Workers: 4
[1051.906s][debug][gc,phases      ] GC(24)     Total                          Min: 0, Avg:  0.0, Max: 0, Diff: 0, Sum: 0, Workers: 4
[1051.906s][debug][gc,phases      ] GC(24)   Weak JFR Old Object Samples    Min:  0.0, Avg:  0.0, Max:  0.0, Diff:  0.0, Sum:  0.0, Workers: 4
[1051.906s][debug][gc,phases      ] GC(24)     Dead                           Min: 0, Avg:  0.0, Max: 0, Diff: 0, Sum: 0, Workers: 4
[1051.906s][debug][gc,phases      ] GC(24)     Total                          Min: 0, Avg:  0.0, Max: 0, Diff: 0, Sum: 0, Workers: 4
[1051.906s][debug][gc,phases      ] GC(24) Weak Processing 0.369ms
[1051.906s][debug][gc,age         ] GC(24) Desired survivor size 181927936 bytes, new threshold 1 (max threshold 15)
[1051.906s][info ][gc,heap        ] GC(24) PSYoungGen: 1714880K(1909248K)->4400K(1900032K) Eden: 1712128K(1712128K)->0K(1712128K) From: 2752K(197120K)->4400K(187904K)
[1051.906s][info ][gc,heap        ] GC(24) ParOldGen: 223088K(223232K)->223512K(223744K)
[1051.906s][info ][gc,metaspace   ] GC(24) Metaspace: 101846K(103168K)->101846K(103168K) NonClass: 86563K(87296K)->86563K(87296K) Class: 15283K(15872K)->15283K(15872K)
[1051.906s][info ][gc             ] GC(24) Pause Young (Allocation Failure) 1892M->222M(2074M) 3.052ms
[1051.906s][info ][gc,cpu         ] GC(24) User=0.01s Sys=0.00s Real=0.00s
[1051.906s][info ][safepoint      ] Safepoint "ParallelGCFailedAllocation", Time since last: 541777028 ns, Reaching safepoint: 82400 ns, Cleanup: 3900 ns, At safepoint: 3120899 ns, Total: 3207199 ns
[1052.906s][info ][safepoint      ] Safepoint "Cleanup", Time since last: 1000088084 ns, Reaching safepoint: 4700 ns, Cleanup: 10600 ns, At safepoint: 1900 ns, Total: 17200 ns
[1053.906s][info ][safepoint      ] Safepoint "Cleanup", Time since last: 1000093984 ns, Reaching safepoint: 4800 ns, Cleanup: 8500 ns, At safepoint: 1700 ns, Total: 15000 ns
[1055.906s][info ][safepoint      ] Safepoint "Cleanup", Time since last: 2000170368 ns, Reaching safepoint: 5400 ns, Cleanup: 10100 ns, At safepoint: 21100 ns, Total: 36600 ns
[1056.906s][info ][safepoint      ] Safepoint "Cleanup", Time since last: 1000106284 ns, Reaching safepoint: 6400 ns, Cleanup: 10900 ns, At safepoint: 2100 ns, Total: 19400 ns
[1060.907s][info ][safepoint      ] Safepoint "Cleanup", Time since last: 4000326938 ns, Reaching safepoint: 5600 ns, Cleanup: 9100 ns, At safepoint: 1900 ns, Total: 16600 ns
[1063.907s][info ][safepoint      ] Safepoint "Cleanup", Time since last: 3000279955 ns, Reaching safepoint: 5900 ns, Cleanup: 9000 ns, At safepoint: 2100 ns, Total: 17000 ns
[1065.907s][info ][safepoint      ] Safepoint "Cleanup", Time since last: 2000191270 ns, Reaching safepoint: 5200 ns, Cleanup: 8300 ns, At safepoint: 2000 ns, Total: 15500 ns
[1066.907s][info ][safepoint      ] Safepoint "Cleanup", Time since last: 1000137985 ns, Reaching safepoint: 10000 ns, Cleanup: 11800 ns, At safepoint: 2200 ns, Total: 24000 ns
[1067.908s][info ][safepoint      ] Safepoint "Cleanup", Time since last: 1000138484 ns, Reaching safepoint: 6200 ns, Cleanup: 15800 ns, At safepoint: 2200 ns, Total: 24200 ns
[1074.908s][info ][safepoint      ] Safepoint "Cleanup", Time since last: 7000522686 ns, Reaching safepoint: 5800 ns, Cleanup: 8600 ns, At safepoint: 1900 ns, Total: 16300 ns
[1075.908s][info ][safepoint      ] Safepoint "Cleanup", Time since last: 1000112103 ns, Reaching safepoint: 6300 ns, Cleanup: 9200 ns, At safepoint: 2400 ns, Total: 17900 ns
[1078.908s][info ][safepoint      ] Safepoint "Cleanup", Time since last: 3000272542 ns, Reaching safepoint: 5000 ns, Cleanup: 7900 ns, At safepoint: 1600 ns, Total: 14500 ns
[1079.909s][info ][safepoint      ] Safepoint "Cleanup", Time since last: 1000110914 ns, Reaching safepoint: 6300 ns, Cleanup: 9600 ns, At safepoint: 2500 ns, Total: 18400 ns
[1082.378s][info ][safepoint      ] Safepoint "Cleanup", Time since last: 2469487594 ns, Reaching safepoint: 7300 ns, Cleanup: 13600 ns, At safepoint: 2900 ns, Total: 23800 ns
[1087.379s][info ][safepoint      ] Safepoint "Cleanup", Time since last: 5000440089 ns, Reaching safepoint: 7300 ns, Cleanup: 12100 ns, At safepoint: 2100 ns, Total: 21500 ns
[1091.379s][info ][safepoint      ] Safepoint "Cleanup", Time since last: 4000349402 ns, Reaching safepoint: 7200 ns, Cleanup: 13000 ns, At safepoint: 2700 ns, Total: 22900 ns
[1095.379s][info ][safepoint      ] Safepoint "Cleanup", Time since last: 4000327440 ns, Reaching safepoint: 7100 ns, Cleanup: 15900 ns, At safepoint: 2000 ns, Total: 25000 ns
[1096.379s][info ][safepoint      ] Safepoint "Cleanup", Time since last: 1000143735 ns, Reaching safepoint: 6600 ns, Cleanup: 10600 ns, At safepoint: 2300 ns, Total: 19500 ns
[1103.380s][info ][safepoint      ] Safepoint "Cleanup", Time since last: 7000607085 ns, Reaching safepoint: 5500 ns, Cleanup: 9400 ns, At safepoint: 1900 ns, Total: 16800 ns
[1108.381s][info ][safepoint      ] Safepoint "Cleanup", Time since last: 5000459546 ns, Reaching safepoint: 7100 ns, Cleanup: 12100 ns, At safepoint: 2500 ns, Total: 21700 ns
[1113.381s][info ][safepoint      ] Safepoint "Cleanup", Time since last: 5000416016 ns, Reaching safepoint: 6300 ns, Cleanup: 9500 ns, At safepoint: 2400 ns, Total: 18200 ns
[1121.382s][info ][safepoint      ] Safepoint "Cleanup", Time since last: 8000695830 ns, Reaching safepoint: 8200 ns, Cleanup: 11200 ns, At safepoint: 2400 ns, Total: 21800 ns
[1122.382s][info ][safepoint      ] Safepoint "Cleanup", Time since last: 1000122964 ns, Reaching safepoint: 36500 ns, Cleanup: 13000 ns, At safepoint: 6100 ns, Total: 55600 ns
[1123.382s][info ][safepoint      ] Safepoint "Cleanup", Time since last: 1000108942 ns, Reaching safepoint: 6600 ns, Cleanup: 9000 ns, At safepoint: 2100 ns, Total: 17700 ns
[1128.382s][info ][safepoint      ] Safepoint "Cleanup", Time since last: 5000445603 ns, Reaching safepoint: 8000 ns, Cleanup: 10300 ns, At safepoint: 2400 ns, Total: 20700 ns
[1130.600s][info ][gc,start       ] GC(25) Pause Young (Allocation Failure)
[1130.603s][debug][gc,phases      ] GC(25) Scavenge 2.975ms
[1130.603s][debug][gc,ref         ] GC(25) ReferenceProcessor::execute queues: 1, RefProcThreadModel::Single, marks_oops_alive: false
[1130.603s][debug][gc,ref         ] GC(25) Skipped KeepAliveFinalRefsPhase of Reference Processing: no references
[1130.603s][debug][gc,ref         ] GC(25) ReferenceProcessor::execute queues: 1, RefProcThreadModel::Single, marks_oops_alive: false
[1130.603s][debug][gc,phases      ] GC(25) Reference Processing 0.129ms
[1130.603s][debug][gc,phases      ] GC(25)   VM Weak                        Min:  0.0, Avg:  0.0, Max:  0.0, Diff:  0.0, Sum:  0.0, Workers: 4
[1130.603s][debug][gc,phases      ] GC(25)     Dead                           Min: 0, Avg:  0.0, Max: 0, Diff: 0, Sum: 0, Workers: 4
[1130.603s][debug][gc,phases      ] GC(25)     Total                          Min: 0, Avg: 244.8, Max: 979, Diff: 979, Sum: 979, Workers: 4
[1130.603s][debug][gc,phases      ] GC(25)   ObjectSynchronizer Weak        Min:  0.0, Avg:  0.0, Max:  0.0, Diff:  0.0, Sum:  0.0, Workers: 4
[1130.603s][debug][gc,phases      ] GC(25)     Dead                           Min: 0, Avg:  0.0, Max: 0, Diff: 0, Sum: 0, Workers: 4
[1130.603s][debug][gc,phases      ] GC(25)     Total                          Min: 0, Avg:  0.8, Max: 3, Diff: 3, Sum: 3, Workers: 4
[1130.603s][debug][gc,phases      ] GC(25)   JVMTI Tag Weak OopStorage      Min:  0.0, Avg:  0.0, Max:  0.0, Diff:  0.0, Sum:  0.0, Workers: 4
[1130.603s][debug][gc,phases      ] GC(25)     Dead                           Min: 0, Avg:  0.0, Max: 0, Diff: 0, Sum: 0, Workers: 4
[1130.603s][debug][gc,phases      ] GC(25)     Total                          Min: 0, Avg:  0.0, Max: 0, Diff: 0, Sum: 0, Workers: 4
[1130.603s][debug][gc,phases      ] GC(25)   StringTable Weak               Min:  0.0, Avg:  0.1, Max:  0.1, Diff:  0.1, Sum:  0.4, Workers: 4
[1130.603s][debug][gc,phases      ] GC(25)     Dead                           Min: 0, Avg:  0.0, Max: 0, Diff: 0, Sum: 0, Workers: 4
[1130.603s][debug][gc,phases      ] GC(25)     Total                          Min: 0, Avg: 11178.0, Max: 20096, Diff: 20096, Sum: 44712, Workers: 4
[1130.603s][debug][gc,phases      ] GC(25)   ResolvedMethodTable Weak       Min:  0.0, Avg:  0.0, Max:  0.0, Diff:  0.0, Sum:  0.1, Workers: 4
[1130.603s][debug][gc,phases      ] GC(25)     Dead                           Min: 0, Avg:  4.0, Max: 16, Diff: 16, Sum: 16, Workers: 4
[1130.603s][debug][gc,phases      ] GC(25)     Total                          Min: 0, Avg: 3533.2, Max: 5926, Diff: 5926, Sum: 14133, Workers: 4
[1130.603s][debug][gc,phases      ] GC(25)   JNI Weak                       Min:  0.0, Avg:  0.0, Max:  0.0, Diff:  0.0, Sum:  0.0, Workers: 4
[1130.603s][debug][gc,phases      ] GC(25)     Dead                           Min: 0, Avg:  0.0, Max: 0, Diff: 0, Sum: 0, Workers: 4
[1130.603s][debug][gc,phases      ] GC(25)     Total                          Min: 0, Avg: 13.0, Max: 52, Diff: 52, Sum: 52, Workers: 4
[1130.603s][debug][gc,phases      ] GC(25)   StringDedup Table Weak         Min:  0.0, Avg:  0.0, Max:  0.0, Diff:  0.0, Sum:  0.0, Workers: 4
[1130.603s][debug][gc,phases      ] GC(25)     Dead                           Min: 0, Avg:  0.0, Max: 0, Diff: 0, Sum: 0, Workers: 4
[1130.603s][debug][gc,phases      ] GC(25)     Total                          Min: 0, Avg:  0.0, Max: 0, Diff: 0, Sum: 0, Workers: 4
[1130.603s][debug][gc,phases      ] GC(25)   StringDedup Requests0 Weak     Min:  0.0, Avg:  0.0, Max:  0.0, Diff:  0.0, Sum:  0.0, Workers: 4
[1130.603s][debug][gc,phases      ] GC(25)     Dead                           Min: 0, Avg:  0.0, Max: 0, Diff: 0, Sum: 0, Workers: 4
[1130.603s][debug][gc,phases      ] GC(25)     Total                          Min: 0, Avg:  0.0, Max: 0, Diff: 0, Sum: 0, Workers: 4
[1130.603s][debug][gc,phases      ] GC(25)   StringDedup Requests1 Weak     Min:  0.0, Avg:  0.0, Max:  0.0, Diff:  0.0, Sum:  0.0, Workers: 4
[1130.603s][debug][gc,phases      ] GC(25)     Dead                           Min: 0, Avg:  0.0, Max: 0, Diff: 0, Sum: 0, Workers: 4
[1130.603s][debug][gc,phases      ] GC(25)     Total                          Min: 0, Avg:  0.0, Max: 0, Diff: 0, Sum: 0, Workers: 4
[1130.603s][debug][gc,phases      ] GC(25)   Weak JFR Old Object Samples    Min:  0.0, Avg:  0.0, Max:  0.0, Diff:  0.0, Sum:  0.0, Workers: 4
[1130.603s][debug][gc,phases      ] GC(25)     Dead                           Min: 0, Avg:  0.0, Max: 0, Diff: 0, Sum: 0, Workers: 4
[1130.603s][debug][gc,phases      ] GC(25)     Total                          Min: 0, Avg:  0.0, Max: 0, Diff: 0, Sum: 0, Workers: 4
[1130.603s][debug][gc,phases      ] GC(25) Weak Processing 0.391ms
[1130.603s][debug][gc,age         ] GC(25) Desired survivor size 171966464 bytes, new threshold 1 (max threshold 15)
[1130.603s][info ][gc,heap        ] GC(25) PSYoungGen: 1716528K(1900032K)->3344K(1929216K) Eden: 1712128K(1712128K)->0K(1751552K) From: 4400K(187904K)->3344K(177664K)
[1130.603s][info ][gc,heap        ] GC(25) ParOldGen: 223512K(223744K)->224048K(224256K)
[1130.603s][info ][gc,metaspace   ] GC(25) Metaspace: 101879K(103232K)->101879K(103232K) NonClass: 86596K(87360K)->86596K(87360K) Class: 15283K(15872K)->15283K(15872K)
[1130.603s][info ][gc             ] GC(25) Pause Young (Allocation Failure) 1894M->222M(2103M) 3.610ms
[1130.603s][info ][gc,cpu         ] GC(25) User=0.02s Sys=0.00s Real=0.00s
[1130.604s][info ][safepoint      ] Safepoint "ParallelGCFailedAllocation", Time since last: 2217345060 ns, Reaching safepoint: 6700 ns, Cleanup: 4000 ns, At safepoint: 3684598 ns, Total: 3695298 ns
[1131.604s][info ][safepoint      ] Safepoint "Cleanup", Time since last: 1000094935 ns, Reaching safepoint: 78500 ns, Cleanup: 9600 ns, At safepoint: 6700 ns, Total: 94800 ns
[1132.604s][info ][safepoint      ] Safepoint "Cleanup", Time since last: 1000140179 ns, Reaching safepoint: 5000 ns, Cleanup: 8100 ns, At safepoint: 1600 ns, Total: 14700 ns
[1133.604s][info ][safepoint      ] Safepoint "Cleanup", Time since last: 1000122080 ns, Reaching safepoint: 5800 ns, Cleanup: 6900 ns, At safepoint: 1600 ns, Total: 14300 ns
[1143.398s][info ][safepoint      ] Safepoint "Cleanup", Time since last: 9794371275 ns, Reaching safepoint: 7400 ns, Cleanup: 11200 ns, At safepoint: 2100 ns, Total: 20700 ns
[1146.399s][info ][safepoint      ] Safepoint "Cleanup", Time since last: 3000360464 ns, Reaching safepoint: 7900 ns, Cleanup: 17400 ns, At safepoint: 2300 ns, Total: 27600 ns
[1146.402s][info ][gc,start       ] GC(26) Pause Young (CodeCache GC Threshold)
[1146.405s][debug][gc,phases      ] GC(26) Scavenge 2.877ms
[1146.405s][debug][gc,ref         ] GC(26) ReferenceProcessor::execute queues: 1, RefProcThreadModel::Single, marks_oops_alive: false
[1146.405s][debug][gc,ref         ] GC(26) Skipped KeepAliveFinalRefsPhase of Reference Processing: no references
[1146.405s][debug][gc,ref         ] GC(26) Skipped PhantomRefsPhase of Reference Processing: no references
[1146.405s][debug][gc,phases      ] GC(26) Reference Processing 0.099ms
[1146.405s][debug][gc,phases      ] GC(26)   VM Weak                        Min:  0.0, Avg:  0.0, Max:  0.0, Diff:  0.0, Sum:  0.0, Workers: 4
[1146.405s][debug][gc,phases      ] GC(26)     Dead                           Min: 0, Avg:  0.0, Max: 0, Diff: 0, Sum: 0, Workers: 4
[1146.405s][debug][gc,phases      ] GC(26)     Total                          Min: 0, Avg: 244.8, Max: 448, Diff: 448, Sum: 979, Workers: 4
[1146.405s][debug][gc,phases      ] GC(26)   ObjectSynchronizer Weak        Min:  0.0, Avg:  0.0, Max:  0.0, Diff:  0.0, Sum:  0.0, Workers: 4
[1146.405s][debug][gc,phases      ] GC(26)     Dead                           Min: 0, Avg:  0.0, Max: 0, Diff: 0, Sum: 0, Workers: 4
[1146.405s][debug][gc,phases      ] GC(26)     Total                          Min: 0, Avg:  0.8, Max: 3, Diff: 3, Sum: 3, Workers: 4
[1146.405s][debug][gc,phases      ] GC(26)   JVMTI Tag Weak OopStorage      Min:  0.0, Avg:  0.0, Max:  0.0, Diff:  0.0, Sum:  0.0, Workers: 4
[1146.405s][debug][gc,phases      ] GC(26)     Dead                           Min: 0, Avg:  0.0, Max: 0, Diff: 0, Sum: 0, Workers: 4
[1146.405s][debug][gc,phases      ] GC(26)     Total                          Min: 0, Avg:  0.0, Max: 0, Diff: 0, Sum: 0, Workers: 4
[1146.405s][debug][gc,phases      ] GC(26)   StringTable Weak               Min:  0.0, Avg:  0.1, Max:  0.1, Diff:  0.1, Sum:  0.4, Workers: 4
[1146.405s][debug][gc,phases      ] GC(26)     Dead                           Min: 0, Avg:  0.0, Max: 0, Diff: 0, Sum: 0, Workers: 4
[1146.405s][debug][gc,phases      ] GC(26)     Total                          Min: 0, Avg: 11178.2, Max: 19625, Diff: 19625, Sum: 44713, Workers: 4
[1146.405s][debug][gc,phases      ] GC(26)   ResolvedMethodTable Weak       Min:  0.0, Avg:  0.0, Max:  0.0, Diff:  0.0, Sum:  0.1, Workers: 4
[1146.405s][debug][gc,phases      ] GC(26)     Dead                           Min: 0, Avg:  4.0, Max: 16, Diff: 16, Sum: 16, Workers: 4
[1146.405s][debug][gc,phases      ] GC(26)     Total                          Min: 0, Avg: 3533.2, Max: 6095, Diff: 6095, Sum: 14133, Workers: 4
[1146.405s][debug][gc,phases      ] GC(26)   JNI Weak                       Min:  0.0, Avg:  0.0, Max:  0.0, Diff:  0.0, Sum:  0.0, Workers: 4
[1146.405s][debug][gc,phases      ] GC(26)     Dead                           Min: 0, Avg:  0.0, Max: 0, Diff: 0, Sum: 0, Workers: 4
[1146.405s][debug][gc,phases      ] GC(26)     Total                          Min: 0, Avg: 13.0, Max: 52, Diff: 52, Sum: 52, Workers: 4
[1146.405s][debug][gc,phases      ] GC(26)   StringDedup Table Weak         Min:  0.0, Avg:  0.0, Max:  0.0, Diff:  0.0, Sum:  0.0, Workers: 4
[1146.405s][debug][gc,phases      ] GC(26)     Dead                           Min: 0, Avg:  0.0, Max: 0, Diff: 0, Sum: 0, Workers: 4
[1146.405s][debug][gc,phases      ] GC(26)     Total                          Min: 0, Avg:  0.0, Max: 0, Diff: 0, Sum: 0, Workers: 4
[1146.405s][debug][gc,phases      ] GC(26)   StringDedup Requests0 Weak     Min:  0.0, Avg:  0.0, Max:  0.0, Diff:  0.0, Sum:  0.0, Workers: 4
[1146.405s][debug][gc,phases      ] GC(26)     Dead                           Min: 0, Avg:  0.0, Max: 0, Diff: 0, Sum: 0, Workers: 4
[1146.405s][debug][gc,phases      ] GC(26)     Total                          Min: 0, Avg:  0.0, Max: 0, Diff: 0, Sum: 0, Workers: 4
[1146.405s][debug][gc,phases      ] GC(26)   StringDedup Requests1 Weak     Min:  0.0, Avg:  0.0, Max:  0.0, Diff:  0.0, Sum:  0.0, Workers: 4
[1146.405s][debug][gc,phases      ] GC(26)     Dead                           Min: 0, Avg:  0.0, Max: 0, Diff: 0, Sum: 0, Workers: 4
[1146.405s][debug][gc,phases      ] GC(26)     Total                          Min: 0, Avg:  0.0, Max: 0, Diff: 0, Sum: 0, Workers: 4
[1146.405s][debug][gc,phases      ] GC(26)   Weak JFR Old Object Samples    Min:  0.0, Avg:  0.0, Max:  0.0, Diff:  0.0, Sum:  0.0, Workers: 4
[1146.405s][debug][gc,phases      ] GC(26)     Dead                           Min: 0, Avg:  0.0, Max: 0, Diff: 0, Sum: 0, Workers: 4
[1146.405s][debug][gc,phases      ] GC(26)     Total                          Min: 0, Avg:  0.0, Max: 0, Diff: 0, Sum: 0, Workers: 4
[1146.405s][debug][gc,phases      ] GC(26) Weak Processing 0.375ms
[1146.405s][debug][gc,age         ] GC(26) Desired survivor size 163053568 bytes, new threshold 1 (max threshold 15)
[1146.405s][info ][gc,heap        ] GC(26) PSYoungGen: 388089K(1929216K)->1664K(1919488K) Eden: 384745K(1751552K)->0K(1751552K) From: 3344K(177664K)->1664K(167936K)
[1146.405s][info ][gc,heap        ] GC(26) ParOldGen: 224048K(224256K)->225781K(225792K)
[1146.405s][info ][gc,metaspace   ] GC(26) Metaspace: 101895K(103232K)->101895K(103232K) NonClass: 86612K(87360K)->86612K(87360K) Class: 15283K(15872K)->15283K(15872K)
[1146.405s][info ][gc             ] GC(26) Pause Young (CodeCache GC Threshold) 597M->222M(2095M) 3.443ms
[1146.405s][info ][gc,cpu         ] GC(26) User=0.02s Sys=0.00s Real=0.00s
[1146.405s][debug][gc,phases      ] GC(27) Pre Compact 0.007ms
[1146.405s][info ][gc,start       ] GC(27) Pause Full (CodeCache GC Threshold)
[1146.405s][info ][gc,phases,start] GC(27) Marking Phase
[1146.473s][debug][gc,phases      ] GC(27) Par Mark 67.796ms
[1146.474s][debug][gc,ref         ] GC(27) ReferenceProcessor::execute queues: 4, RefProcThreadModel::Multi, marks_oops_alive: false
[1146.474s][debug][gc,ref         ] GC(27) Skipped KeepAliveFinalRefsPhase of Reference Processing: no references
[1146.474s][debug][gc,ref         ] GC(27) ReferenceProcessor::execute queues: 1, RefProcThreadModel::Single, marks_oops_alive: false
[1146.474s][debug][gc,phases      ] GC(27) Reference Processing 1.094ms
[1146.474s][debug][gc,phases      ] GC(27)   VM Weak                        Min:  0.0, Avg:  0.0, Max:  0.0, Diff:  0.0, Sum:  0.0, Workers: 4
[1146.474s][debug][gc,phases      ] GC(27)     Dead                           Min: 0, Avg:  0.0, Max: 0, Diff: 0, Sum: 0, Workers: 4
[1146.474s][debug][gc,phases      ] GC(27)     Total                          Min: 0, Avg: 244.8, Max: 640, Diff: 640, Sum: 979, Workers: 4
[1146.474s][debug][gc,phases      ] GC(27)   ObjectSynchronizer Weak        Min:  0.0, Avg:  0.0, Max:  0.0, Diff:  0.0, Sum:  0.0, Workers: 4
[1146.474s][debug][gc,phases      ] GC(27)     Dead                           Min: 0, Avg:  0.0, Max: 0, Diff: 0, Sum: 0, Workers: 4
[1146.474s][debug][gc,phases      ] GC(27)     Total                          Min: 0, Avg:  0.8, Max: 3, Diff: 3, Sum: 3, Workers: 4
[1146.474s][debug][gc,phases      ] GC(27)   JVMTI Tag Weak OopStorage      Min:  0.0, Avg:  0.0, Max:  0.0, Diff:  0.0, Sum:  0.0, Workers: 4
[1146.474s][debug][gc,phases      ] GC(27)     Dead                           Min: 0, Avg:  0.0, Max: 0, Diff: 0, Sum: 0, Workers: 4
[1146.474s][debug][gc,phases      ] GC(27)     Total                          Min: 0, Avg:  0.0, Max: 0, Diff: 0, Sum: 0, Workers: 4
[1146.474s][debug][gc,phases      ] GC(27)   StringTable Weak               Min:  0.0, Avg:  0.2, Max:  0.2, Diff:  0.2, Sum:  0.6, Workers: 4
[1146.475s][debug][gc,phases      ] GC(27)     Dead                           Min: 0, Avg:  0.0, Max: 0, Diff: 0, Sum: 0, Workers: 4
[1146.475s][debug][gc,phases      ] GC(27)     Total                          Min: 0, Avg: 11178.2, Max: 17280, Diff: 17280, Sum: 44713, Workers: 4
[1146.475s][debug][gc,phases      ] GC(27)   ResolvedMethodTable Weak       Min:  0.0, Avg:  0.0, Max:  0.1, Diff:  0.1, Sum:  0.2, Workers: 4
[1146.475s][debug][gc,phases      ] GC(27)     Dead                           Min: 0, Avg:  0.0, Max: 0, Diff: 0, Sum: 0, Workers: 4
[1146.475s][debug][gc,phases      ] GC(27)     Total                          Min: 0, Avg: 3533.2, Max: 5430, Diff: 5430, Sum: 14133, Workers: 4
[1146.475s][debug][gc,phases      ] GC(27)   JNI Weak                       Min:  0.0, Avg:  0.0, Max:  0.0, Diff:  0.0, Sum:  0.0, Workers: 4
[1146.475s][debug][gc,phases      ] GC(27)     Dead                           Min: 0, Avg:  0.0, Max: 0, Diff: 0, Sum: 0, Workers: 4
[1146.475s][debug][gc,phases      ] GC(27)     Total                          Min: 0, Avg: 13.0, Max: 52, Diff: 52, Sum: 52, Workers: 4
[1146.475s][debug][gc,phases      ] GC(27)   StringDedup Table Weak         Min:  0.0, Avg:  0.0, Max:  0.0, Diff:  0.0, Sum:  0.0, Workers: 4
[1146.475s][debug][gc,phases      ] GC(27)     Dead                           Min: 0, Avg:  0.0, Max: 0, Diff: 0, Sum: 0, Workers: 4
[1146.475s][debug][gc,phases      ] GC(27)     Total                          Min: 0, Avg:  0.0, Max: 0, Diff: 0, Sum: 0, Workers: 4
[1146.475s][debug][gc,phases      ] GC(27)   StringDedup Requests0 Weak     Min:  0.0, Avg:  0.0, Max:  0.0, Diff:  0.0, Sum:  0.0, Workers: 4
[1146.475s][debug][gc,phases      ] GC(27)     Dead                           Min: 0, Avg:  0.0, Max: 0, Diff: 0, Sum: 0, Workers: 4
[1146.475s][debug][gc,phases      ] GC(27)     Total                          Min: 0, Avg:  0.0, Max: 0, Diff: 0, Sum: 0, Workers: 4
[1146.475s][debug][gc,phases      ] GC(27)   StringDedup Requests1 Weak     Min:  0.0, Avg:  0.0, Max:  0.0, Diff:  0.0, Sum:  0.0, Workers: 4
[1146.475s][debug][gc,phases      ] GC(27)     Dead                           Min: 0, Avg:  0.0, Max: 0, Diff: 0, Sum: 0, Workers: 4
[1146.475s][debug][gc,phases      ] GC(27)     Total                          Min: 0, Avg:  0.0, Max: 0, Diff: 0, Sum: 0, Workers: 4
[1146.475s][debug][gc,phases      ] GC(27)   Weak JFR Old Object Samples    Min:  0.0, Avg:  0.0, Max:  0.0, Diff:  0.0, Sum:  0.0, Workers: 4
[1146.475s][debug][gc,phases      ] GC(27)     Dead                           Min: 0, Avg:  0.0, Max: 0, Diff: 0, Sum: 0, Workers: 4
[1146.475s][debug][gc,phases      ] GC(27)     Total                          Min: 0, Avg:  0.0, Max: 0, Diff: 0, Sum: 0, Workers: 4
[1146.475s][debug][gc,phases      ] GC(27) Weak Processing 0.484ms
[1146.475s][debug][gc,phases      ] GC(27) ClassLoaderData 0.112ms
[1146.475s][debug][gc,phases      ] GC(27) Trigger cleanups 0.000ms
[1146.525s][debug][gc,phases      ] GC(27) Purge Unlinked NMethods 1.860ms
[1146.525s][debug][gc,phases      ] GC(27) Unregister NMethods 0.001ms
[1146.525s][debug][gc,phases      ] GC(27) Free Code Blobs 0.404ms
[1146.525s][debug][gc,phases      ] GC(27) Class Unloading 50.688ms
[1146.525s][debug][gc,phases      ] GC(27) Report Object Count 0.001ms
[1146.525s][info ][gc,phases      ] GC(27) Marking Phase 120.139ms
[1146.525s][info ][gc,phases,start] GC(27) Summary Phase
[1146.525s][info ][gc,phases      ] GC(27) Summary Phase 0.012ms
[1146.525s][info ][gc,phases,start] GC(27) Adjust Roots
[1146.544s][info ][gc,phases      ] GC(27) Adjust Roots 19.156ms
[1146.545s][info ][gc,phases,start] GC(27) Compaction Phase
[1146.613s][info ][gc,phases      ] GC(27) Compaction Phase 68.623ms
[1146.613s][info ][gc,phases,start] GC(27) Post Compact
[1146.614s][debug][gc,phases      ] GC(27) Purge Class Loader Data 0.528ms
[1146.614s][info ][gc,phases      ] GC(27) Post Compact 1.230ms
[1146.614s][info ][gc,heap        ] GC(27) PSYoungGen: 1664K(1919488K)->0K(1919488K) Eden: 0K(1751552K)->0K(1751552K) From: 1664K(167936K)->0K(167936K)
[1146.614s][info ][gc,heap        ] GC(27) ParOldGen: 225781K(225792K)->211632K(225792K)
[1146.614s][info ][gc,metaspace   ] GC(27) Metaspace: 101895K(103232K)->101895K(103232K) NonClass: 86612K(87360K)->86612K(87360K) Class: 15283K(15872K)->15283K(15872K)
[1146.614s][info ][gc             ] GC(27) Pause Full (CodeCache GC Threshold) 222M->206M(2095M) 209.306ms
[1146.614s][info ][gc,cpu         ] GC(27) User=0.60s Sys=0.01s Real=0.21s
[1146.615s][info ][safepoint      ] Safepoint "ParallelGCSystemGC", Time since last: 2782399 ns, Reaching safepoint: 78200 ns, Cleanup: 2400 ns, At safepoint: 212869434 ns, Total: 212950034 ns
[1148.615s][info ][safepoint      ] Safepoint "Cleanup", Time since last: 2000185605 ns, Reaching safepoint: 6500 ns, Cleanup: 107100 ns, At safepoint: 2200 ns, Total: 115800 ns
[1150.615s][info ][safepoint      ] Safepoint "Cleanup", Time since last: 2000243653 ns, Reaching safepoint: 6200 ns, Cleanup: 12300 ns, At safepoint: 2400 ns, Total: 20900 ns
[1152.615s][info ][safepoint      ] Safepoint "Cleanup", Time since last: 2000222853 ns, Reaching safepoint: 6000 ns, Cleanup: 10800 ns, At safepoint: 2100 ns, Total: 18900 ns
[1153.615s][info ][safepoint      ] Safepoint "Cleanup", Time since last: 1000113526 ns, Reaching safepoint: 7900 ns, Cleanup: 22500 ns, At safepoint: 2800 ns, Total: 33200 ns
[1155.616s][info ][safepoint      ] Safepoint "Cleanup", Time since last: 2000253941 ns, Reaching safepoint: 6400 ns, Cleanup: 11400 ns, At safepoint: 2500 ns, Total: 20300 ns
[1156.616s][info ][safepoint      ] Safepoint "Cleanup", Time since last: 1000128695 ns, Reaching safepoint: 5700 ns, Cleanup: 11300 ns, At safepoint: 1800 ns, Total: 18800 ns
[1161.008s][info ][safepoint      ] Safepoint "Cleanup", Time since last: 4391938821 ns, Reaching safepoint: 3600 ns, Cleanup: 5500 ns, At safepoint: 1500 ns, Total: 10600 ns
[1163.008s][info ][safepoint      ] Safepoint "Cleanup", Time since last: 2000224389 ns, Reaching safepoint: 6100 ns, Cleanup: 22300 ns, At safepoint: 2200 ns, Total: 30600 ns
[1169.009s][info ][safepoint      ] Safepoint "Cleanup", Time since last: 6000465738 ns, Reaching safepoint: 5200 ns, Cleanup: 13199 ns, At safepoint: 2000 ns, Total: 20399 ns
[1170.009s][info ][safepoint      ] Safepoint "Cleanup", Time since last: 1000112701 ns, Reaching safepoint: 5300 ns, Cleanup: 10600 ns, At safepoint: 2200 ns, Total: 18100 ns
[1173.009s][info ][safepoint      ] Safepoint "Cleanup", Time since last: 3000262241 ns, Reaching safepoint: 5500 ns, Cleanup: 8800 ns, At safepoint: 1700 ns, Total: 16000 ns
[1175.009s][info ][safepoint      ] Safepoint "Cleanup", Time since last: 2000225995 ns, Reaching safepoint: 6200 ns, Cleanup: 10500 ns, At safepoint: 1900 ns, Total: 18600 ns
[1176.009s][info ][safepoint      ] Safepoint "Cleanup", Time since last: 1000130147 ns, Reaching safepoint: 5400 ns, Cleanup: 13600 ns, At safepoint: 1900 ns, Total: 20900 ns
[1193.011s][info ][safepoint      ] Safepoint "Cleanup", Time since last: 17001435893 ns, Reaching safepoint: 6100 ns, Cleanup: 9500 ns, At safepoint: 2000 ns, Total: 17600 ns
[1199.011s][info ][safepoint      ] Safepoint "Cleanup", Time since last: 6000553277 ns, Reaching safepoint: 6500 ns, Cleanup: 10200 ns, At safepoint: 2200 ns, Total: 18900 ns
[1201.417s][info ][safepoint      ] Safepoint "Cleanup", Time since last: 2406065587 ns, Reaching safepoint: 6000 ns, Cleanup: 9800 ns, At safepoint: 2000 ns, Total: 17800 ns
[1202.418s][info ][safepoint      ] Safepoint "Cleanup", Time since last: 1000106945 ns, Reaching safepoint: 6100 ns, Cleanup: 19000 ns, At safepoint: 2200 ns, Total: 27300 ns
[1203.418s][info ][safepoint      ] Safepoint "Cleanup", Time since last: 1000112350 ns, Reaching safepoint: 6200 ns, Cleanup: 9900 ns, At safepoint: 1900 ns, Total: 18000 ns
[1212.419s][info ][safepoint      ] Safepoint "Cleanup", Time since last: 9000702432 ns, Reaching safepoint: 7300 ns, Cleanup: 31600 ns, At safepoint: 2600 ns, Total: 41500 ns
[1222.419s][info ][safepoint      ] Safepoint "Cleanup", Time since last: 10000840242 ns, Reaching safepoint: 6100 ns, Cleanup: 11600 ns, At safepoint: 2000 ns, Total: 19700 ns
[1224.420s][info ][safepoint      ] Safepoint "Cleanup", Time since last: 2000224935 ns, Reaching safepoint: 8100 ns, Cleanup: 14000 ns, At safepoint: 2400 ns, Total: 24500 ns
[1228.002s][info ][gc,start       ] GC(28) Pause Young (Allocation Failure)
[1228.005s][debug][gc,phases      ] GC(28) Scavenge 2.350ms
[1228.005s][debug][gc,ref         ] GC(28) ReferenceProcessor::execute queues: 1, RefProcThreadModel::Single, marks_oops_alive: false
[1228.005s][debug][gc,ref         ] GC(28) Skipped KeepAliveFinalRefsPhase of Reference Processing: no references
[1228.005s][debug][gc,ref         ] GC(28) ReferenceProcessor::execute queues: 1, RefProcThreadModel::Single, marks_oops_alive: false
[1228.005s][debug][gc,phases      ] GC(28) Reference Processing 0.121ms
[1228.005s][debug][gc,phases      ] GC(28)   VM Weak                        Min:  0.0, Avg:  0.0, Max:  0.0, Diff:  0.0, Sum:  0.0, Workers: 4
[1228.005s][debug][gc,phases      ] GC(28)     Dead                           Min: 0, Avg:  0.0, Max: 0, Diff: 0, Sum: 0, Workers: 4
[1228.005s][debug][gc,phases      ] GC(28)     Total                          Min: 0, Avg: 244.8, Max: 512, Diff: 512, Sum: 979, Workers: 4
[1228.005s][debug][gc,phases      ] GC(28)   ObjectSynchronizer Weak        Min:  0.0, Avg:  0.0, Max:  0.0, Diff:  0.0, Sum:  0.0, Workers: 4
[1228.005s][debug][gc,phases      ] GC(28)     Dead                           Min: 0, Avg:  0.0, Max: 0, Diff: 0, Sum: 0, Workers: 4
[1228.005s][debug][gc,phases      ] GC(28)     Total                          Min: 0, Avg:  0.8, Max: 3, Diff: 3, Sum: 3, Workers: 4
[1228.005s][debug][gc,phases      ] GC(28)   JVMTI Tag Weak OopStorage      Min:  0.0, Avg:  0.0, Max:  0.0, Diff:  0.0, Sum:  0.0, Workers: 4
[1228.005s][debug][gc,phases      ] GC(28)     Dead                           Min: 0, Avg:  0.0, Max: 0, Diff: 0, Sum: 0, Workers: 4
[1228.005s][debug][gc,phases      ] GC(28)     Total                          Min: 0, Avg:  0.0, Max: 0, Diff: 0, Sum: 0, Workers: 4
[1228.005s][debug][gc,phases      ] GC(28)   StringTable Weak               Min:  0.0, Avg:  0.1, Max:  0.1, Diff:  0.1, Sum:  0.4, Workers: 4
[1228.005s][debug][gc,phases      ] GC(28)     Dead                           Min: 0, Avg:  0.2, Max: 1, Diff: 1, Sum: 1, Workers: 4
[1228.005s][debug][gc,phases      ] GC(28)     Total                          Min: 0, Avg: 11183.5, Max: 19264, Diff: 19264, Sum: 44734, Workers: 4
[1228.005s][debug][gc,phases      ] GC(28)   ResolvedMethodTable Weak       Min:  0.0, Avg:  0.0, Max:  0.0, Diff:  0.0, Sum:  0.1, Workers: 4
[1228.005s][debug][gc,phases      ] GC(28)     Dead                           Min: 0, Avg:  4.0, Max: 16, Diff: 16, Sum: 16, Workers: 4
[1228.005s][debug][gc,phases      ] GC(28)     Total                          Min: 0, Avg: 3536.0, Max: 6120, Diff: 6120, Sum: 14144, Workers: 4
[1228.005s][debug][gc,phases      ] GC(28)   JNI Weak                       Min:  0.0, Avg:  0.0, Max:  0.0, Diff:  0.0, Sum:  0.0, Workers: 4
[1228.005s][debug][gc,phases      ] GC(28)     Dead                           Min: 0, Avg:  0.0, Max: 0, Diff: 0, Sum: 0, Workers: 4
[1228.005s][debug][gc,phases      ] GC(28)     Total                          Min: 0, Avg: 13.0, Max: 52, Diff: 52, Sum: 52, Workers: 4
[1228.005s][debug][gc,phases      ] GC(28)   StringDedup Table Weak         Min:  0.0, Avg:  0.0, Max:  0.0, Diff:  0.0, Sum:  0.0, Workers: 4
[1228.005s][debug][gc,phases      ] GC(28)     Dead                           Min: 0, Avg:  0.0, Max: 0, Diff: 0, Sum: 0, Workers: 4
[1228.005s][debug][gc,phases      ] GC(28)     Total                          Min: 0, Avg:  0.0, Max: 0, Diff: 0, Sum: 0, Workers: 4
[1228.005s][debug][gc,phases      ] GC(28)   StringDedup Requests0 Weak     Min:  0.0, Avg:  0.0, Max:  0.0, Diff:  0.0, Sum:  0.0, Workers: 4
[1228.005s][debug][gc,phases      ] GC(28)     Dead                           Min: 0, Avg:  0.0, Max: 0, Diff: 0, Sum: 0, Workers: 4
[1228.005s][debug][gc,phases      ] GC(28)     Total                          Min: 0, Avg:  0.0, Max: 0, Diff: 0, Sum: 0, Workers: 4
[1228.005s][debug][gc,phases      ] GC(28)   StringDedup Requests1 Weak     Min:  0.0, Avg:  0.0, Max:  0.0, Diff:  0.0, Sum:  0.0, Workers: 4
[1228.005s][debug][gc,phases      ] GC(28)     Dead                           Min: 0, Avg:  0.0, Max: 0, Diff: 0, Sum: 0, Workers: 4
[1228.005s][debug][gc,phases      ] GC(28)     Total                          Min: 0, Avg:  0.0, Max: 0, Diff: 0, Sum: 0, Workers: 4
[1228.005s][debug][gc,phases      ] GC(28)   Weak JFR Old Object Samples    Min:  0.0, Avg:  0.0, Max:  0.0, Diff:  0.0, Sum:  0.0, Workers: 4
[1228.005s][debug][gc,phases      ] GC(28)     Dead                           Min: 0, Avg:  0.0, Max: 0, Diff: 0, Sum: 0, Workers: 4
[1228.005s][debug][gc,phases      ] GC(28)     Total                          Min: 0, Avg:  0.0, Max: 0, Diff: 0, Sum: 0, Workers: 4
[1228.005s][debug][gc,phases      ] GC(28) Weak Processing 0.398ms
[1228.005s][debug][gc,age         ] GC(28) Desired survivor size 153616384 bytes, new threshold 1 (max threshold 15)
[1228.005s][info ][gc,heap        ] GC(28) PSYoungGen: 1751552K(1919488K)->3168K(1947136K) Eden: 1751552K(1751552K)->0K(1787904K) From: 0K(167936K)->3168K(159232K)
[1228.005s][info ][gc,heap        ] GC(28) ParOldGen: 211632K(225792K)->211640K(225792K)
[1228.005s][info ][gc,metaspace   ] GC(28) Metaspace: 102051K(103360K)->102051K(103360K) NonClass: 86757K(87488K)->86757K(87488K) Class: 15294K(15872K)->15294K(15872K)
[1228.005s][info ][gc             ] GC(28) Pause Young (Allocation Failure) 1917M->209M(2122M) 2.990ms
[1228.005s][info ][gc,cpu         ] GC(28) User=0.01s Sys=0.00s Real=0.00s
[1228.005s][info ][safepoint      ] Safepoint "ParallelGCFailedAllocation", Time since last: 3582667952 ns, Reaching safepoint: 7500 ns, Cleanup: 5200 ns, At safepoint: 3064999 ns, Total: 3077699 ns
[1232.006s][info ][safepoint      ] Safepoint "Cleanup", Time since last: 4000337708 ns, Reaching safepoint: 6100 ns, Cleanup: 8500 ns, At safepoint: 1900 ns, Total: 16500 ns
[1233.006s][info ][safepoint      ] Safepoint "Cleanup", Time since last: 1000122927 ns, Reaching safepoint: 5900 ns, Cleanup: 10000 ns, At safepoint: 1800 ns, Total: 17700 ns
[1235.006s][info ][safepoint      ] Safepoint "Cleanup", Time since last: 2000182854 ns, Reaching safepoint: 6900 ns, Cleanup: 14000 ns, At safepoint: 2000 ns, Total: 22900 ns
[1249.007s][info ][safepoint      ] Safepoint "Cleanup", Time since last: 14001173779 ns, Reaching safepoint: 6400 ns, Cleanup: 9500 ns, At safepoint: 1800 ns, Total: 17700 ns
[1256.008s][info ][safepoint      ] Safepoint "Cleanup", Time since last: 7000641310 ns, Reaching safepoint: 6400 ns, Cleanup: 9600 ns, At safepoint: 2000 ns, Total: 18000 ns
[1262.438s][info ][safepoint      ] Safepoint "Cleanup", Time since last: 6430299398 ns, Reaching safepoint: 7800 ns, Cleanup: 17900 ns, At safepoint: 2700 ns, Total: 28400 ns
[1265.439s][info ][safepoint      ] Safepoint "Cleanup", Time since last: 3000250688 ns, Reaching safepoint: 7500 ns, Cleanup: 11900 ns, At safepoint: 2000 ns, Total: 21400 ns
[1271.439s][info ][safepoint      ] Safepoint "Cleanup", Time since last: 6000515850 ns, Reaching safepoint: 7400 ns, Cleanup: 8500 ns, At safepoint: 2200 ns, Total: 18100 ns
[1275.439s][info ][safepoint      ] Safepoint "Cleanup", Time since last: 4000346171 ns, Reaching safepoint: 9300 ns, Cleanup: 14100 ns, At safepoint: 2600 ns, Total: 26000 ns
[1276.440s][info ][safepoint      ] Safepoint "Cleanup", Time since last: 1000130777 ns, Reaching safepoint: 6300 ns, Cleanup: 17600 ns, At safepoint: 3500 ns, Total: 27400 ns
[1277.440s][info ][safepoint      ] Safepoint "Cleanup", Time since last: 1000117071 ns, Reaching safepoint: 6700 ns, Cleanup: 10800 ns, At safepoint: 1800 ns, Total: 19300 ns
[1282.440s][info ][safepoint      ] Safepoint "Cleanup", Time since last: 5000402355 ns, Reaching safepoint: 7400 ns, Cleanup: 11900 ns, At safepoint: 3000 ns, Total: 22300 ns
[1283.440s][info ][safepoint      ] Safepoint "Cleanup", Time since last: 1000128071 ns, Reaching safepoint: 8000 ns, Cleanup: 13100 ns, At safepoint: 2900 ns, Total: 24000 ns
[1284.440s][info ][safepoint      ] Safepoint "Cleanup", Time since last: 1000123343 ns, Reaching safepoint: 7400 ns, Cleanup: 10500 ns, At safepoint: 2700 ns, Total: 20600 ns
[1288.441s][info ][safepoint      ] Safepoint "Cleanup", Time since last: 4000366403 ns, Reaching safepoint: 9000 ns, Cleanup: 12600 ns, At safepoint: 4100 ns, Total: 25700 ns
[1292.441s][info ][safepoint      ] Safepoint "Cleanup", Time since last: 4000389581 ns, Reaching safepoint: 7400 ns, Cleanup: 22800 ns, At safepoint: 2200 ns, Total: 32400 ns
[1306.442s][info ][safepoint      ] Safepoint "Cleanup", Time since last: 14001110707 ns, Reaching safepoint: 11700 ns, Cleanup: 15800 ns, At safepoint: 3700 ns, Total: 31200 ns
[1307.443s][info ][safepoint      ] Safepoint "Cleanup", Time since last: 1000126892 ns, Reaching safepoint: 7200 ns, Cleanup: 12600 ns, At safepoint: 2200 ns, Total: 22000 ns
[1308.204s][info ][gc,start       ] GC(29) Pause Young (Allocation Failure)
[1308.207s][debug][gc,phases      ] GC(29) Scavenge 2.963ms
[1308.207s][debug][gc,ref         ] GC(29) ReferenceProcessor::execute queues: 1, RefProcThreadModel::Single, marks_oops_alive: false
[1308.207s][debug][gc,ref         ] GC(29) Skipped KeepAliveFinalRefsPhase of Reference Processing: no references
[1308.208s][debug][gc,ref         ] GC(29) ReferenceProcessor::execute queues: 1, RefProcThreadModel::Single, marks_oops_alive: false
[1308.208s][debug][gc,phases      ] GC(29) Reference Processing 0.105ms
[1308.208s][debug][gc,phases      ] GC(29)   VM Weak                        Min:  0.0, Avg:  0.0, Max:  0.0, Diff:  0.0, Sum:  0.0, Workers: 4
[1308.208s][debug][gc,phases      ] GC(29)     Dead                           Min: 0, Avg:  0.0, Max: 0, Diff: 0, Sum: 0, Workers: 4
[1308.208s][debug][gc,phases      ] GC(29)     Total                          Min: 0, Avg: 244.8, Max: 576, Diff: 576, Sum: 979, Workers: 4
[1308.208s][debug][gc,phases      ] GC(29)   ObjectSynchronizer Weak        Min:  0.0, Avg:  0.0, Max:  0.0, Diff:  0.0, Sum:  0.0, Workers: 4
[1308.208s][debug][gc,phases      ] GC(29)     Dead                           Min: 0, Avg:  0.0, Max: 0, Diff: 0, Sum: 0, Workers: 4
[1308.208s][debug][gc,phases      ] GC(29)     Total                          Min: 0, Avg:  1.0, Max: 4, Diff: 4, Sum: 4, Workers: 4
[1308.208s][debug][gc,phases      ] GC(29)   JVMTI Tag Weak OopStorage      Min:  0.0, Avg:  0.0, Max:  0.0, Diff:  0.0, Sum:  0.0, Workers: 4
[1308.208s][debug][gc,phases      ] GC(29)     Dead                           Min: 0, Avg:  0.0, Max: 0, Diff: 0, Sum: 0, Workers: 4
[1308.208s][debug][gc,phases      ] GC(29)     Total                          Min: 0, Avg:  0.0, Max: 0, Diff: 0, Sum: 0, Workers: 4
[1308.208s][debug][gc,phases      ] GC(29)   StringTable Weak               Min:  0.1, Avg:  0.1, Max:  0.1, Diff:  0.1, Sum:  0.5, Workers: 4
[1308.208s][debug][gc,phases      ] GC(29)     Dead                           Min: 0, Avg:  0.0, Max: 0, Diff: 0, Sum: 0, Workers: 4
[1308.208s][debug][gc,phases      ] GC(29)     Total                          Min: 8320, Avg: 11183.8, Max: 12864, Diff: 4544, Sum: 44735, Workers: 4
[1308.208s][debug][gc,phases      ] GC(29)   ResolvedMethodTable Weak       Min:  0.0, Avg:  0.0, Max:  0.0, Diff:  0.0, Sum:  0.1, Workers: 4
[1308.208s][debug][gc,phases      ] GC(29)     Dead                           Min: 0, Avg:  4.2, Max: 15, Diff: 15, Sum: 17, Workers: 4
[1308.208s][debug][gc,phases      ] GC(29)     Total                          Min: 3316, Avg: 3536.5, Max: 3761, Diff: 445, Sum: 14146, Workers: 4
[1308.208s][debug][gc,phases      ] GC(29)   JNI Weak                       Min:  0.0, Avg:  0.0, Max:  0.0, Diff:  0.0, Sum:  0.0, Workers: 4
[1308.208s][debug][gc,phases      ] GC(29)     Dead                           Min: 0, Avg:  0.0, Max: 0, Diff: 0, Sum: 0, Workers: 4
[1308.208s][debug][gc,phases      ] GC(29)     Total                          Min: 0, Avg: 13.0, Max: 52, Diff: 52, Sum: 52, Workers: 4
[1308.208s][debug][gc,phases      ] GC(29)   StringDedup Table Weak         Min:  0.0, Avg:  0.0, Max:  0.0, Diff:  0.0, Sum:  0.0, Workers: 4
[1308.208s][debug][gc,phases      ] GC(29)     Dead                           Min: 0, Avg:  0.0, Max: 0, Diff: 0, Sum: 0, Workers: 4
[1308.208s][debug][gc,phases      ] GC(29)     Total                          Min: 0, Avg:  0.0, Max: 0, Diff: 0, Sum: 0, Workers: 4
[1308.208s][debug][gc,phases      ] GC(29)   StringDedup Requests0 Weak     Min:  0.0, Avg:  0.0, Max:  0.0, Diff:  0.0, Sum:  0.0, Workers: 4
[1308.208s][debug][gc,phases      ] GC(29)     Dead                           Min: 0, Avg:  0.0, Max: 0, Diff: 0, Sum: 0, Workers: 4
[1308.208s][debug][gc,phases      ] GC(29)     Total                          Min: 0, Avg:  0.0, Max: 0, Diff: 0, Sum: 0, Workers: 4
[1308.208s][debug][gc,phases      ] GC(29)   StringDedup Requests1 Weak     Min:  0.0, Avg:  0.0, Max:  0.0, Diff:  0.0, Sum:  0.0, Workers: 4
[1308.208s][debug][gc,phases      ] GC(29)     Dead                           Min: 0, Avg:  0.0, Max: 0, Diff: 0, Sum: 0, Workers: 4
[1308.208s][debug][gc,phases      ] GC(29)     Total                          Min: 0, Avg:  0.0, Max: 0, Diff: 0, Sum: 0, Workers: 4
[1308.208s][debug][gc,phases      ] GC(29)   Weak JFR Old Object Samples    Min:  0.0, Avg:  0.0, Max:  0.0, Diff:  0.0, Sum:  0.0, Workers: 4
[1308.208s][debug][gc,phases      ] GC(29)     Dead                           Min: 0, Avg:  0.0, Max: 0, Diff: 0, Sum: 0, Workers: 4
[1308.208s][debug][gc,phases      ] GC(29)     Total                          Min: 0, Avg:  0.0, Max: 0, Diff: 0, Sum: 0, Workers: 4
[1308.208s][debug][gc,phases      ] GC(29) Weak Processing 0.390ms
[1308.208s][debug][gc,age         ] GC(29) Desired survivor size 144179200 bytes, new threshold 1 (max threshold 15)
[1308.208s][info ][gc,heap        ] GC(29) PSYoungGen: 1791072K(1947136K)->3280K(1937920K) Eden: 1787904K(1787904K)->0K(1787904K) From: 3168K(159232K)->3280K(150016K)
[1308.208s][info ][gc,heap        ] GC(29) ParOldGen: 211640K(225792K)->212408K(225792K)
[1308.208s][info ][gc,metaspace   ] GC(29) Metaspace: 102081K(103424K)->102081K(103424K) NonClass: 86785K(87552K)->86785K(87552K) Class: 15295K(15872K)->15295K(15872K)
[1308.208s][info ][gc             ] GC(29) Pause Young (Allocation Failure) 1955M->210M(2113M) 3.575ms
[1308.208s][info ][gc,cpu         ] GC(29) User=0.01s Sys=0.00s Real=0.01s
[1308.208s][info ][safepoint      ] Safepoint "ParallelGCFailedAllocation", Time since last: 761790411 ns, Reaching safepoint: 5300 ns, Cleanup: 10800 ns, At safepoint: 3642900 ns, Total: 3659000 ns
[1309.208s][info ][safepoint      ] Safepoint "Cleanup", Time since last: 1000093318 ns, Reaching safepoint: 6400 ns, Cleanup: 10400 ns, At safepoint: 2500 ns, Total: 19300 ns
[1310.208s][info ][safepoint      ] Safepoint "Cleanup", Time since last: 1000131817 ns, Reaching safepoint: 5800 ns, Cleanup: 10500 ns, At safepoint: 2000 ns, Total: 18300 ns
[1315.209s][info ][safepoint      ] Safepoint "Cleanup", Time since last: 5000375289 ns, Reaching safepoint: 6900 ns, Cleanup: 9500 ns, At safepoint: 2000 ns, Total: 18400 ns
[1320.209s][info ][safepoint      ] Safepoint "Cleanup", Time since last: 5000432164 ns, Reaching safepoint: 5800 ns, Cleanup: 8400 ns, At safepoint: 2100 ns, Total: 16300 ns
[1326.457s][info ][safepoint      ] Safepoint "Cleanup", Time since last: 6247742379 ns, Reaching safepoint: 6000 ns, Cleanup: 15800 ns, At safepoint: 2100 ns, Total: 23900 ns
[1340.458s][info ][safepoint      ] Safepoint "Cleanup", Time since last: 14001061241 ns, Reaching safepoint: 6000 ns, Cleanup: 10300 ns, At safepoint: 2300 ns, Total: 18600 ns
[1347.459s][info ][safepoint      ] Safepoint "Cleanup", Time since last: 7000579991 ns, Reaching safepoint: 5300 ns, Cleanup: 7700 ns, At safepoint: 1700 ns, Total: 14700 ns
[1352.459s][info ][safepoint      ] Safepoint "Cleanup", Time since last: 5000383164 ns, Reaching safepoint: 5900 ns, Cleanup: 10000 ns, At safepoint: 2200 ns, Total: 18100 ns
[1353.459s][info ][safepoint      ] Safepoint "Cleanup", Time since last: 1000121391 ns, Reaching safepoint: 7700 ns, Cleanup: 11700 ns, At safepoint: 2700 ns, Total: 22100 ns
[1361.460s][info ][safepoint      ] Safepoint "Cleanup", Time since last: 8000609693 ns, Reaching safepoint: 4900 ns, Cleanup: 6500 ns, At safepoint: 1800 ns, Total: 13200 ns
[1363.460s][info ][safepoint      ] Safepoint "Cleanup", Time since last: 2000173704 ns, Reaching safepoint: 4800 ns, Cleanup: 6500 ns, At safepoint: 18800 ns, Total: 30100 ns
[1370.460s][info ][safepoint      ] Safepoint "Cleanup", Time since last: 7000510769 ns, Reaching safepoint: 8100 ns, Cleanup: 20500 ns, At safepoint: 27100 ns, Total: 55700 ns
[1372.461s][info ][safepoint      ] Safepoint "Cleanup", Time since last: 2000185434 ns, Reaching safepoint: 6100 ns, Cleanup: 116700 ns, At safepoint: 2400 ns, Total: 125200 ns
[1373.461s][info ][safepoint      ] Safepoint "Cleanup", Time since last: 1000110287 ns, Reaching safepoint: 5300 ns, Cleanup: 53500 ns, At safepoint: 1900 ns, Total: 60700 ns
[1374.461s][info ][safepoint      ] Safepoint "Cleanup", Time since last: 1000114887 ns, Reaching safepoint: 6000 ns, Cleanup: 39100 ns, At safepoint: 2400 ns, Total: 47500 ns
[1375.461s][info ][safepoint      ] Safepoint "Cleanup", Time since last: 1000123388 ns, Reaching safepoint: 5500 ns, Cleanup: 11800 ns, At safepoint: 1700 ns, Total: 19000 ns
[1377.461s][info ][safepoint      ] Safepoint "Cleanup", Time since last: 2000167074 ns, Reaching safepoint: 4900 ns, Cleanup: 6800 ns, At safepoint: 1700 ns, Total: 13400 ns
[1378.462s][info ][safepoint      ] Safepoint "Cleanup", Time since last: 1000101388 ns, Reaching safepoint: 5600 ns, Cleanup: 11300 ns, At safepoint: 1700 ns, Total: 18600 ns
[1379.462s][info ][safepoint      ] Safepoint "Cleanup", Time since last: 1000107687 ns, Reaching safepoint: 5700 ns, Cleanup: 7000 ns, At safepoint: 2300 ns, Total: 15000 ns
[1380.462s][info ][safepoint      ] Safepoint "Cleanup", Time since last: 1000115753 ns, Reaching safepoint: 6200 ns, Cleanup: 15500 ns, At safepoint: 2300 ns, Total: 24000 ns
[1381.462s][info ][safepoint      ] Safepoint "Cleanup", Time since last: 1000113446 ns, Reaching safepoint: 5200 ns, Cleanup: 7300 ns, At safepoint: 1700 ns, Total: 14200 ns
[1382.462s][info ][safepoint      ] Safepoint "Cleanup", Time since last: 1000100647 ns, Reaching safepoint: 6100 ns, Cleanup: 11600 ns, At safepoint: 2400 ns, Total: 20100 ns
[1385.462s][info ][safepoint      ] Safepoint "Cleanup", Time since last: 3000265139 ns, Reaching safepoint: 7400 ns, Cleanup: 15800 ns, At safepoint: 2100 ns, Total: 25300 ns
[1386.463s][info ][safepoint      ] Safepoint "Cleanup", Time since last: 1000116746 ns, Reaching safepoint: 5800 ns, Cleanup: 27400 ns, At safepoint: 2300 ns, Total: 35500 ns
[1387.463s][info ][safepoint      ] Safepoint "Cleanup", Time since last: 1000108246 ns, Reaching safepoint: 5600 ns, Cleanup: 8000 ns, At safepoint: 1800 ns, Total: 15400 ns
[1389.463s][info ][safepoint      ] Safepoint "Cleanup", Time since last: 2000218035 ns, Reaching safepoint: 5800 ns, Cleanup: 9700 ns, At safepoint: 2400 ns, Total: 17900 ns
[1390.102s][info ][gc,start       ] GC(30) Pause Young (Allocation Failure)
[1390.104s][debug][gc,phases      ] GC(30) Scavenge 1.869ms
[1390.104s][debug][gc,ref         ] GC(30) ReferenceProcessor::execute queues: 1, RefProcThreadModel::Single, marks_oops_alive: false
[1390.104s][debug][gc,ref         ] GC(30) Skipped KeepAliveFinalRefsPhase of Reference Processing: no references
[1390.104s][debug][gc,ref         ] GC(30) ReferenceProcessor::execute queues: 1, RefProcThreadModel::Single, marks_oops_alive: false
[1390.104s][debug][gc,phases      ] GC(30) Reference Processing 0.108ms
[1390.104s][debug][gc,phases      ] GC(30)   VM Weak                        Min:  0.0, Avg:  0.0, Max:  0.0, Diff:  0.0, Sum:  0.0, Workers: 4
[1390.104s][debug][gc,phases      ] GC(30)     Dead                           Min: 0, Avg:  0.0, Max: 0, Diff: 0, Sum: 0, Workers: 4
[1390.104s][debug][gc,phases      ] GC(30)     Total                          Min: 0, Avg: 245.0, Max: 660, Diff: 660, Sum: 980, Workers: 4
[1390.104s][debug][gc,phases      ] GC(30)   ObjectSynchronizer Weak        Min:  0.0, Avg:  0.0, Max:  0.0, Diff:  0.0, Sum:  0.0, Workers: 4
[1390.104s][debug][gc,phases      ] GC(30)     Dead                           Min: 0, Avg:  0.0, Max: 0, Diff: 0, Sum: 0, Workers: 4
[1390.104s][debug][gc,phases      ] GC(30)     Total                          Min: 0, Avg:  0.8, Max: 3, Diff: 3, Sum: 3, Workers: 4
[1390.104s][debug][gc,phases      ] GC(30)   JVMTI Tag Weak OopStorage      Min:  0.0, Avg:  0.0, Max:  0.0, Diff:  0.0, Sum:  0.0, Workers: 4
[1390.104s][debug][gc,phases      ] GC(30)     Dead                           Min: 0, Avg:  0.0, Max: 0, Diff: 0, Sum: 0, Workers: 4
[1390.104s][debug][gc,phases      ] GC(30)     Total                          Min: 0, Avg:  0.0, Max: 0, Diff: 0, Sum: 0, Workers: 4
[1390.104s][debug][gc,phases      ] GC(30)   StringTable Weak               Min:  0.0, Avg:  0.1, Max:  0.1, Diff:  0.1, Sum:  0.4, Workers: 4
[1390.104s][debug][gc,phases      ] GC(30)     Dead                           Min: 0, Avg:  0.0, Max: 0, Diff: 0, Sum: 0, Workers: 4
[1390.104s][debug][gc,phases      ] GC(30)     Total                          Min: 0, Avg: 11188.5, Max: 15058, Diff: 15058, Sum: 44754, Workers: 4
[1390.104s][debug][gc,phases      ] GC(30)   ResolvedMethodTable Weak       Min:  0.0, Avg:  0.0, Max:  0.0, Diff:  0.0, Sum:  0.1, Workers: 4
[1390.104s][debug][gc,phases      ] GC(30)     Dead                           Min: 0, Avg:  5.0, Max: 18, Diff: 18, Sum: 20, Workers: 4
[1390.104s][debug][gc,phases      ] GC(30)     Total                          Min: 0, Avg: 3540.2, Max: 6117, Diff: 6117, Sum: 14161, Workers: 4
[1390.105s][debug][gc,phases      ] GC(30)   JNI Weak                       Min:  0.0, Avg:  0.0, Max:  0.0, Diff:  0.0, Sum:  0.0, Workers: 4
[1390.105s][debug][gc,phases      ] GC(30)     Dead                           Min: 0, Avg:  0.0, Max: 0, Diff: 0, Sum: 0, Workers: 4
[1390.105s][debug][gc,phases      ] GC(30)     Total                          Min: 0, Avg: 13.0, Max: 52, Diff: 52, Sum: 52, Workers: 4
[1390.105s][debug][gc,phases      ] GC(30)   StringDedup Table Weak         Min:  0.0, Avg:  0.0, Max:  0.0, Diff:  0.0, Sum:  0.0, Workers: 4
[1390.105s][debug][gc,phases      ] GC(30)     Dead                           Min: 0, Avg:  0.0, Max: 0, Diff: 0, Sum: 0, Workers: 4
[1390.105s][debug][gc,phases      ] GC(30)     Total                          Min: 0, Avg:  0.0, Max: 0, Diff: 0, Sum: 0, Workers: 4
[1390.105s][debug][gc,phases      ] GC(30)   StringDedup Requests0 Weak     Min:  0.0, Avg:  0.0, Max:  0.0, Diff:  0.0, Sum:  0.0, Workers: 4
[1390.105s][debug][gc,phases      ] GC(30)     Dead                           Min: 0, Avg:  0.0, Max: 0, Diff: 0, Sum: 0, Workers: 4
[1390.105s][debug][gc,phases      ] GC(30)     Total                          Min: 0, Avg:  0.0, Max: 0, Diff: 0, Sum: 0, Workers: 4
[1390.105s][debug][gc,phases      ] GC(30)   StringDedup Requests1 Weak     Min:  0.0, Avg:  0.0, Max:  0.0, Diff:  0.0, Sum:  0.0, Workers: 4
[1390.105s][debug][gc,phases      ] GC(30)     Dead                           Min: 0, Avg:  0.0, Max: 0, Diff: 0, Sum: 0, Workers: 4
[1390.105s][debug][gc,phases      ] GC(30)     Total                          Min: 0, Avg:  0.0, Max: 0, Diff: 0, Sum: 0, Workers: 4
[1390.105s][debug][gc,phases      ] GC(30)   Weak JFR Old Object Samples    Min:  0.0, Avg:  0.0, Max:  0.0, Diff:  0.0, Sum:  0.0, Workers: 4
[1390.105s][debug][gc,phases      ] GC(30)     Dead                           Min: 0, Avg:  0.0, Max: 0, Diff: 0, Sum: 0, Workers: 4
[1390.105s][debug][gc,phases      ] GC(30)     Total                          Min: 0, Avg:  0.0, Max: 0, Diff: 0, Sum: 0, Workers: 4
[1390.105s][debug][gc,phases      ] GC(30) Weak Processing 0.409ms
[1390.105s][debug][gc,age         ] GC(30) Desired survivor size 135266304 bytes, new threshold 1 (max threshold 15)
[1390.105s][info ][gc,heap        ] GC(30) PSYoungGen: 1791184K(1937920K)->2816K(1965056K) Eden: 1787904K(1787904K)->0K(1824256K) From: 3280K(150016K)->2816K(140800K)
[1390.105s][info ][gc,heap        ] GC(30) ParOldGen: 212408K(225792K)->212992K(225792K)
[1390.105s][info ][gc,metaspace   ] GC(30) Metaspace: 102122K(103424K)->102122K(103424K) NonClass: 86821K(87552K)->86821K(87552K) Class: 15301K(15872K)->15301K(15872K)
[1390.105s][info ][gc             ] GC(30) Pause Young (Allocation Failure) 1956M->210M(2139M) 2.502ms
[1390.105s][info ][gc,cpu         ] GC(30) User=0.01s Sys=0.00s Real=0.00s
[1390.105s][info ][safepoint      ] Safepoint "ParallelGCFailedAllocation", Time since last: 639210460 ns, Reaching safepoint: 7100 ns, Cleanup: 4700 ns, At safepoint: 2584598 ns, Total: 2596398 ns
[1391.105s][info ][safepoint      ] Safepoint "Cleanup", Time since last: 1000087098 ns, Reaching safepoint: 6400 ns, Cleanup: 15700 ns, At safepoint: 2000 ns, Total: 24100 ns
[1393.105s][info ][safepoint      ] Safepoint "Cleanup", Time since last: 2000181785 ns, Reaching safepoint: 5700 ns, Cleanup: 10000 ns, At safepoint: 1800 ns, Total: 17500 ns
[1398.105s][info ][safepoint      ] Safepoint "Cleanup", Time since last: 5000384010 ns, Reaching safepoint: 6700 ns, Cleanup: 11100 ns, At safepoint: 1800 ns, Total: 19600 ns
[1400.106s][info ][safepoint      ] Safepoint "Cleanup", Time since last: 2000176069 ns, Reaching safepoint: 5300 ns, Cleanup: 8100 ns, At safepoint: 2100 ns, Total: 15500 ns
[1405.106s][info ][safepoint      ] Safepoint "Cleanup", Time since last: 5000373582 ns, Reaching safepoint: 6700 ns, Cleanup: 11300 ns, At safepoint: 2000 ns, Total: 20000 ns
[1406.106s][info ][safepoint      ] Safepoint "Cleanup", Time since last: 1000098351 ns, Reaching safepoint: 5700 ns, Cleanup: 7900 ns, At safepoint: 1700 ns, Total: 15300 ns
[1407.106s][info ][safepoint      ] Safepoint "Cleanup", Time since last: 1000115351 ns, Reaching safepoint: 6000 ns, Cleanup: 13400 ns, At safepoint: 2400 ns, Total: 21800 ns
[1417.107s][info ][safepoint      ] Safepoint "Cleanup", Time since last: 10000752278 ns, Reaching safepoint: 7300 ns, Cleanup: 10300 ns, At safepoint: 2300 ns, Total: 19900 ns
[1425.108s][info ][safepoint      ] Safepoint "Cleanup", Time since last: 8000607487 ns, Reaching safepoint: 5300 ns, Cleanup: 12200 ns, At safepoint: 1900 ns, Total: 19400 ns
[1440.109s][info ][safepoint      ] Safepoint "Cleanup", Time since last: 15001089768 ns, Reaching safepoint: 6700 ns, Cleanup: 19700 ns, At safepoint: 25400 ns, Total: 51800 ns
[1441.491s][info ][safepoint      ] Safepoint "Cleanup", Time since last: 1382604552 ns, Reaching safepoint: 7200 ns, Cleanup: 19300 ns, At safepoint: 2300 ns, Total: 28800 ns
[1447.492s][info ][safepoint      ] Safepoint "Cleanup", Time since last: 6000469419 ns, Reaching safepoint: 7100 ns, Cleanup: 11500 ns, At safepoint: 2100 ns, Total: 20700 ns
[1454.492s][info ][safepoint      ] Safepoint "Cleanup", Time since last: 7000526590 ns, Reaching safepoint: 6300 ns, Cleanup: 9600 ns, At safepoint: 2000 ns, Total: 17900 ns
[1461.493s][info ][safepoint      ] Safepoint "Cleanup", Time since last: 7000560697 ns, Reaching safepoint: 9600 ns, Cleanup: 51100 ns, At safepoint: 3100 ns, Total: 63800 ns
[1463.493s][info ][safepoint      ] Safepoint "Cleanup", Time since last: 2000189682 ns, Reaching safepoint: 7400 ns, Cleanup: 20000 ns, At safepoint: 2100 ns, Total: 29500 ns
[1464.493s][info ][safepoint      ] Safepoint "Cleanup", Time since last: 1000121591 ns, Reaching safepoint: 7000 ns, Cleanup: 11900 ns, At safepoint: 1900 ns, Total: 20800 ns
[1467.494s][info ][safepoint      ] Safepoint "Cleanup", Time since last: 3000261873 ns, Reaching safepoint: 9700 ns, Cleanup: 14200 ns, At safepoint: 2400 ns, Total: 26300 ns
[1471.056s][info ][gc,start       ] GC(31) Pause Young (Allocation Failure)
[1471.059s][debug][gc,phases      ] GC(31) Scavenge 2.881ms
[1471.059s][debug][gc,ref         ] GC(31) ReferenceProcessor::execute queues: 1, RefProcThreadModel::Single, marks_oops_alive: false
[1471.059s][debug][gc,ref         ] GC(31) Skipped KeepAliveFinalRefsPhase of Reference Processing: no references
[1471.059s][debug][gc,ref         ] GC(31) ReferenceProcessor::execute queues: 1, RefProcThreadModel::Single, marks_oops_alive: false
[1471.059s][debug][gc,phases      ] GC(31) Reference Processing 0.100ms
[1471.059s][debug][gc,phases      ] GC(31)   VM Weak                        Min:  0.0, Avg:  0.0, Max:  0.0, Diff:  0.0, Sum:  0.0, Workers: 4
[1471.059s][debug][gc,phases      ] GC(31)     Dead                           Min: 0, Avg:  0.0, Max: 0, Diff: 0, Sum: 0, Workers: 4
[1471.059s][debug][gc,phases      ] GC(31)     Total                          Min: 0, Avg: 245.2, Max: 853, Diff: 853, Sum: 981, Workers: 4
[1471.059s][debug][gc,phases      ] GC(31)   ObjectSynchronizer Weak        Min:  0.0, Avg:  0.0, Max:  0.0, Diff:  0.0, Sum:  0.0, Workers: 4
[1471.059s][debug][gc,phases      ] GC(31)     Dead                           Min: 0, Avg:  0.0, Max: 0, Diff: 0, Sum: 0, Workers: 4
[1471.059s][debug][gc,phases      ] GC(31)     Total                          Min: 0, Avg:  1.0, Max: 4, Diff: 4, Sum: 4, Workers: 4
[1471.059s][debug][gc,phases      ] GC(31)   JVMTI Tag Weak OopStorage      Min:  0.0, Avg:  0.0, Max:  0.0, Diff:  0.0, Sum:  0.0, Workers: 4
[1471.059s][debug][gc,phases      ] GC(31)     Dead                           Min: 0, Avg:  0.0, Max: 0, Diff: 0, Sum: 0, Workers: 4
[1471.059s][debug][gc,phases      ] GC(31)     Total                          Min: 0, Avg:  0.0, Max: 0, Diff: 0, Sum: 0, Workers: 4
[1471.059s][debug][gc,phases      ] GC(31)   StringTable Weak               Min:  0.1, Avg:  0.1, Max:  0.1, Diff:  0.0, Sum:  0.4, Workers: 4
[1471.059s][debug][gc,phases      ] GC(31)     Dead                           Min: 0, Avg:  0.2, Max: 1, Diff: 1, Sum: 1, Workers: 4
[1471.059s][debug][gc,phases      ] GC(31)     Total                          Min: 10944, Avg: 11190.2, Max: 11610, Diff: 666, Sum: 44761, Workers: 4
[1471.059s][debug][gc,phases      ] GC(31)   ResolvedMethodTable Weak       Min:  0.0, Avg:  0.0, Max:  0.0, Diff:  0.0, Sum:  0.1, Workers: 4
[1471.059s][debug][gc,phases      ] GC(31)     Dead                           Min: 0, Avg:  4.0, Max: 13, Diff: 13, Sum: 16, Workers: 4
[1471.059s][debug][gc,phases      ] GC(31)     Total                          Min: 3221, Avg: 3541.8, Max: 3682, Diff: 461, Sum: 14167, Workers: 4
[1471.059s][debug][gc,phases      ] GC(31)   JNI Weak                       Min:  0.0, Avg:  0.0, Max:  0.0, Diff:  0.0, Sum:  0.0, Workers: 4
[1471.059s][debug][gc,phases      ] GC(31)     Dead                           Min: 0, Avg:  0.0, Max: 0, Diff: 0, Sum: 0, Workers: 4
[1471.059s][debug][gc,phases      ] GC(31)     Total                          Min: 0, Avg: 13.0, Max: 52, Diff: 52, Sum: 52, Workers: 4
[1471.059s][debug][gc,phases      ] GC(31)   StringDedup Table Weak         Min:  0.0, Avg:  0.0, Max:  0.0, Diff:  0.0, Sum:  0.0, Workers: 4
[1471.059s][debug][gc,phases      ] GC(31)     Dead                           Min: 0, Avg:  0.0, Max: 0, Diff: 0, Sum: 0, Workers: 4
[1471.059s][debug][gc,phases      ] GC(31)     Total                          Min: 0, Avg:  0.0, Max: 0, Diff: 0, Sum: 0, Workers: 4
[1471.059s][debug][gc,phases      ] GC(31)   StringDedup Requests0 Weak     Min:  0.0, Avg:  0.0, Max:  0.0, Diff:  0.0, Sum:  0.0, Workers: 4
[1471.059s][debug][gc,phases      ] GC(31)     Dead                           Min: 0, Avg:  0.0, Max: 0, Diff: 0, Sum: 0, Workers: 4
[1471.059s][debug][gc,phases      ] GC(31)     Total                          Min: 0, Avg:  0.0, Max: 0, Diff: 0, Sum: 0, Workers: 4
[1471.059s][debug][gc,phases      ] GC(31)   StringDedup Requests1 Weak     Min:  0.0, Avg:  0.0, Max:  0.0, Diff:  0.0, Sum:  0.0, Workers: 4
[1471.059s][debug][gc,phases      ] GC(31)     Dead                           Min: 0, Avg:  0.0, Max: 0, Diff: 0, Sum: 0, Workers: 4
[1471.059s][debug][gc,phases      ] GC(31)     Total                          Min: 0, Avg:  0.0, Max: 0, Diff: 0, Sum: 0, Workers: 4
[1471.059s][debug][gc,phases      ] GC(31)   Weak JFR Old Object Samples    Min:  0.0, Avg:  0.0, Max:  0.0, Diff:  0.0, Sum:  0.0, Workers: 4
[1471.059s][debug][gc,phases      ] GC(31)     Dead                           Min: 0, Avg:  0.0, Max: 0, Diff: 0, Sum: 0, Workers: 4
[1471.059s][debug][gc,phases      ] GC(31)     Total                          Min: 0, Avg:  0.0, Max: 0, Diff: 0, Sum: 0, Workers: 4
[1471.059s][debug][gc,phases      ] GC(31) Weak Processing 0.353ms
[1471.059s][debug][gc,age         ] GC(31) Desired survivor size 126877696 bytes, new threshold 1 (max threshold 15)
[1471.059s][info ][gc,heap        ] GC(31) PSYoungGen: 1827072K(1965056K)->2880K(1956352K) Eden: 1824256K(1824256K)->0K(1824256K) From: 2816K(140800K)->2880K(132096K)
[1471.059s][info ][gc,heap        ] GC(31) ParOldGen: 212992K(225792K)->213301K(225792K)
[1471.059s][info ][gc,metaspace   ] GC(31) Metaspace: 102175K(103488K)->102175K(103488K) NonClass: 86872K(87616K)->86872K(87616K) Class: 15302K(15872K)->15302K(15872K)
[1471.059s][info ][gc             ] GC(31) Pause Young (Allocation Failure) 1992M->211M(2131M) 3.442ms
[1471.059s][info ][gc,cpu         ] GC(31) User=0.02s Sys=0.00s Real=0.00s
[1471.059s][info ][safepoint      ] Safepoint "ParallelGCFailedAllocation", Time since last: 3561827475 ns, Reaching safepoint: 7100 ns, Cleanup: 5100 ns, At safepoint: 3586398 ns, Total: 3598598 ns
[1473.059s][info ][safepoint      ] Safepoint "Cleanup", Time since last: 2000158855 ns, Reaching safepoint: 7500 ns, Cleanup: 10100 ns, At safepoint: 2000 ns, Total: 19600 ns
[1485.060s][info ][safepoint      ] Safepoint "Cleanup", Time since last: 12000895642 ns, Reaching safepoint: 6100 ns, Cleanup: 9200 ns, At safepoint: 2100 ns, Total: 17400 ns
[1487.060s][info ][safepoint      ] Safepoint "Cleanup", Time since last: 2000174959 ns, Reaching safepoint: 5800 ns, Cleanup: 7600 ns, At safepoint: 1700 ns, Total: 15100 ns
[1488.061s][info ][safepoint      ] Safepoint "Cleanup", Time since last: 1000116680 ns, Reaching safepoint: 8400 ns, Cleanup: 12100 ns, At safepoint: 2300 ns, Total: 22800 ns
[1491.061s][info ][safepoint      ] Safepoint "Cleanup", Time since last: 3000250139 ns, Reaching safepoint: 150200 ns, Cleanup: 10400 ns, At safepoint: 5700 ns, Total: 166300 ns
[1493.061s][info ][safepoint      ] Safepoint "Cleanup", Time since last: 2000194684 ns, Reaching safepoint: 7200 ns, Cleanup: 11300 ns, At safepoint: 2600 ns, Total: 21100 ns
[1500.062s][info ][safepoint      ] Safepoint "Cleanup", Time since last: 7000548202 ns, Reaching safepoint: 4700 ns, Cleanup: 8500 ns, At safepoint: 1900 ns, Total: 15100 ns
[1512.510s][info ][safepoint      ] Safepoint "Cleanup", Time since last: 12448403129 ns, Reaching safepoint: 5500 ns, Cleanup: 28400 ns, At safepoint: 2300 ns, Total: 36200 ns
[1514.510s][info ][safepoint      ] Safepoint "Cleanup", Time since last: 2000177760 ns, Reaching safepoint: 7000 ns, Cleanup: 13100 ns, At safepoint: 2800 ns, Total: 22900 ns
[1519.511s][info ][safepoint      ] Safepoint "Cleanup", Time since last: 5000391753 ns, Reaching safepoint: 6100 ns, Cleanup: 11800 ns, At safepoint: 2000 ns, Total: 19900 ns
[1521.511s][info ][safepoint      ] Safepoint "Cleanup", Time since last: 2000198668 ns, Reaching safepoint: 6200 ns, Cleanup: 10800 ns, At safepoint: 1800 ns, Total: 18800 ns
[1522.511s][info ][safepoint      ] Safepoint "Cleanup", Time since last: 1000109285 ns, Reaching safepoint: 5600 ns, Cleanup: 13000 ns, At safepoint: 2000 ns, Total: 20600 ns
[1523.511s][info ][safepoint      ] Safepoint "Cleanup", Time since last: 1000115384 ns, Reaching safepoint: 6800 ns, Cleanup: 12500 ns, At safepoint: 2300 ns, Total: 21600 ns
[1526.512s][info ][safepoint      ] Safepoint "Cleanup", Time since last: 3000249926 ns, Reaching safepoint: 6800 ns, Cleanup: 12600 ns, At safepoint: 22800 ns, Total: 42200 ns
[1527.512s][info ][safepoint      ] Safepoint "Cleanup", Time since last: 1000110430 ns, Reaching safepoint: 5900 ns, Cleanup: 7700 ns, At safepoint: 18500 ns, Total: 32100 ns
[1532.512s][info ][safepoint      ] Safepoint "Cleanup", Time since last: 5000366075 ns, Reaching safepoint: 6000 ns, Cleanup: 8800 ns, At safepoint: 1900 ns, Total: 16700 ns
[1541.513s][info ][safepoint      ] Safepoint "Cleanup", Time since last: 9000643888 ns, Reaching safepoint: 5800 ns, Cleanup: 8800 ns, At safepoint: 1900 ns, Total: 16500 ns
[1545.513s][info ][safepoint      ] Safepoint "Cleanup", Time since last: 4000315692 ns, Reaching safepoint: 5400 ns, Cleanup: 8200 ns, At safepoint: 1800 ns, Total: 15400 ns
[1547.513s][info ][safepoint      ] Safepoint "Cleanup", Time since last: 2000168846 ns, Reaching safepoint: 5800 ns, Cleanup: 11400 ns, At safepoint: 1900 ns, Total: 19100 ns
[1548.513s][info ][safepoint      ] Safepoint "Cleanup", Time since last: 1000123366 ns, Reaching safepoint: 9300 ns, Cleanup: 12500 ns, At safepoint: 2600 ns, Total: 24400 ns
[1551.514s][info ][safepoint      ] Safepoint "Cleanup", Time since last: 3000253615 ns, Reaching safepoint: 7500 ns, Cleanup: 10800 ns, At safepoint: 2500 ns, Total: 20800 ns
[1552.514s][info ][safepoint      ] Safepoint "Cleanup", Time since last: 1000113506 ns, Reaching safepoint: 6400 ns, Cleanup: 9800 ns, At safepoint: 2100 ns, Total: 18300 ns
[1556.115s][info ][gc,start       ] GC(32) Pause Young (Allocation Failure)
[1556.118s][debug][gc,phases      ] GC(32) Scavenge 2.112ms
[1556.118s][debug][gc,ref         ] GC(32) ReferenceProcessor::execute queues: 1, RefProcThreadModel::Single, marks_oops_alive: false
[1556.118s][debug][gc,ref         ] GC(32) Skipped KeepAliveFinalRefsPhase of Reference Processing: no references
[1556.118s][debug][gc,ref         ] GC(32) ReferenceProcessor::execute queues: 1, RefProcThreadModel::Single, marks_oops_alive: false
[1556.118s][debug][gc,phases      ] GC(32) Reference Processing 0.106ms
[1556.118s][debug][gc,phases      ] GC(32)   VM Weak                        Min:  0.0, Avg:  0.0, Max:  0.0, Diff:  0.0, Sum:  0.0, Workers: 4
[1556.118s][debug][gc,phases      ] GC(32)     Dead                           Min: 0, Avg:  0.0, Max: 0, Diff: 0, Sum: 0, Workers: 4
[1556.118s][debug][gc,phases      ] GC(32)     Total                          Min: 0, Avg: 245.2, Max: 469, Diff: 469, Sum: 981, Workers: 4
[1556.118s][debug][gc,phases      ] GC(32)   ObjectSynchronizer Weak        Min:  0.0, Avg:  0.0, Max:  0.0, Diff:  0.0, Sum:  0.0, Workers: 4
[1556.118s][debug][gc,phases      ] GC(32)     Dead                           Min: 0, Avg:  0.0, Max: 0, Diff: 0, Sum: 0, Workers: 4
[1556.118s][debug][gc,phases      ] GC(32)     Total                          Min: 0, Avg:  1.0, Max: 4, Diff: 4, Sum: 4, Workers: 4
[1556.118s][debug][gc,phases      ] GC(32)   JVMTI Tag Weak OopStorage      Min:  0.0, Avg:  0.0, Max:  0.0, Diff:  0.0, Sum:  0.0, Workers: 4
[1556.118s][debug][gc,phases      ] GC(32)     Dead                           Min: 0, Avg:  0.0, Max: 0, Diff: 0, Sum: 0, Workers: 4
[1556.118s][debug][gc,phases      ] GC(32)     Total                          Min: 0, Avg:  0.0, Max: 0, Diff: 0, Sum: 0, Workers: 4
[1556.118s][debug][gc,phases      ] GC(32)   StringTable Weak               Min:  0.1, Avg:  0.2, Max:  0.4, Diff:  0.3, Sum:  0.9, Workers: 4
[1556.118s][debug][gc,phases      ] GC(32)     Dead                           Min: 0, Avg:  0.0, Max: 0, Diff: 0, Sum: 0, Workers: 4
[1556.118s][debug][gc,phases      ] GC(32)     Total                          Min: 5276, Avg: 11190.8, Max: 19007, Diff: 13731, Sum: 44763, Workers: 4
[1556.118s][debug][gc,phases      ] GC(32)   ResolvedMethodTable Weak       Min:  0.0, Avg:  0.0, Max:  0.1, Diff:  0.1, Sum:  0.1, Workers: 4
[1556.118s][debug][gc,phases      ] GC(32)     Dead                           Min: 0, Avg:  4.0, Max: 16, Diff: 16, Sum: 16, Workers: 4
[1556.118s][debug][gc,phases      ] GC(32)     Total                          Min: 0, Avg: 3541.8, Max: 7380, Diff: 7380, Sum: 14167, Workers: 4
[1556.118s][debug][gc,phases      ] GC(32)   JNI Weak                       Min:  0.0, Avg:  0.0, Max:  0.0, Diff:  0.0, Sum:  0.0, Workers: 4
[1556.118s][debug][gc,phases      ] GC(32)     Dead                           Min: 0, Avg:  0.0, Max: 0, Diff: 0, Sum: 0, Workers: 4
[1556.118s][debug][gc,phases      ] GC(32)     Total                          Min: 0, Avg: 13.0, Max: 52, Diff: 52, Sum: 52, Workers: 4
[1556.118s][debug][gc,phases      ] GC(32)   StringDedup Table Weak         Min:  0.0, Avg:  0.0, Max:  0.0, Diff:  0.0, Sum:  0.0, Workers: 4
[1556.118s][debug][gc,phases      ] GC(32)     Dead                           Min: 0, Avg:  0.0, Max: 0, Diff: 0, Sum: 0, Workers: 4
[1556.118s][debug][gc,phases      ] GC(32)     Total                          Min: 0, Avg:  0.0, Max: 0, Diff: 0, Sum: 0, Workers: 4
[1556.118s][debug][gc,phases      ] GC(32)   StringDedup Requests0 Weak     Min:  0.0, Avg:  0.0, Max:  0.0, Diff:  0.0, Sum:  0.0, Workers: 4
[1556.118s][debug][gc,phases      ] GC(32)     Dead                           Min: 0, Avg:  0.0, Max: 0, Diff: 0, Sum: 0, Workers: 4
[1556.118s][debug][gc,phases      ] GC(32)     Total                          Min: 0, Avg:  0.0, Max: 0, Diff: 0, Sum: 0, Workers: 4
[1556.118s][debug][gc,phases      ] GC(32)   StringDedup Requests1 Weak     Min:  0.0, Avg:  0.0, Max:  0.0, Diff:  0.0, Sum:  0.0, Workers: 4
[1556.118s][debug][gc,phases      ] GC(32)     Dead                           Min: 0, Avg:  0.0, Max: 0, Diff: 0, Sum: 0, Workers: 4
[1556.118s][debug][gc,phases      ] GC(32)     Total                          Min: 0, Avg:  0.0, Max: 0, Diff: 0, Sum: 0, Workers: 4
[1556.118s][debug][gc,phases      ] GC(32)   Weak JFR Old Object Samples    Min:  0.0, Avg:  0.0, Max:  0.0, Diff:  0.0, Sum:  0.0, Workers: 4
[1556.118s][debug][gc,phases      ] GC(32)     Dead                           Min: 0, Avg:  0.0, Max: 0, Diff: 0, Sum: 0, Workers: 4
[1556.118s][debug][gc,phases      ] GC(32)     Total                          Min: 0, Avg:  0.0, Max: 0, Diff: 0, Sum: 0, Workers: 4
[1556.118s][debug][gc,phases      ] GC(32) Weak Processing 0.637ms
[1556.118s][debug][gc,age         ] GC(32) Desired survivor size 119013376 bytes, new threshold 1 (max threshold 15)
[1556.118s][info ][gc,heap        ] GC(32) PSYoungGen: 1827136K(1956352K)->2848K(1980928K) Eden: 1824256K(1824256K)->0K(1857024K) From: 2880K(132096K)->2848K(123904K)
[1556.118s][info ][gc,heap        ] GC(32) ParOldGen: 213301K(225792K)->213621K(225792K)
[1556.118s][info ][gc,metaspace   ] GC(32) Metaspace: 102185K(103488K)->102185K(103488K) NonClass: 86882K(87616K)->86882K(87616K) Class: 15302K(15872K)->15302K(15872K)
[1556.118s][info ][gc             ] GC(32) Pause Young (Allocation Failure) 1992M->211M(2155M) 2.965ms
[1556.118s][info ][gc,cpu         ] GC(32) User=0.01s Sys=0.00s Real=0.00s
[1556.118s][info ][safepoint      ] Safepoint "ParallelGCFailedAllocation", Time since last: 3601541361 ns, Reaching safepoint: 5800 ns, Cleanup: 4300 ns, At safepoint: 3041803 ns, Total: 3051903 ns
[1558.119s][info ][safepoint      ] Safepoint "Cleanup", Time since last: 2000158356 ns, Reaching safepoint: 5900 ns, Cleanup: 9600 ns, At safepoint: 16800 ns, Total: 32300 ns
[1562.527s][info ][safepoint      ] Safepoint "Cleanup", Time since last: 4408225347 ns, Reaching safepoint: 6300 ns, Cleanup: 32400 ns, At safepoint: 1800 ns, Total: 40500 ns
[1563.527s][info ][safepoint      ] Safepoint "Cleanup", Time since last: 1000130393 ns, Reaching safepoint: 6900 ns, Cleanup: 18100 ns, At safepoint: 2400 ns, Total: 27400 ns
[1565.527s][info ][safepoint      ] Safepoint "Cleanup", Time since last: 2000195248 ns, Reaching safepoint: 7800 ns, Cleanup: 11000 ns, At safepoint: 1800 ns, Total: 20600 ns
[1566.527s][info ][safepoint      ] Safepoint "Cleanup", Time since last: 1000127629 ns, Reaching safepoint: 5400 ns, Cleanup: 9300 ns, At safepoint: 2100 ns, Total: 16800 ns
[1585.529s][info ][safepoint      ] Safepoint "Cleanup", Time since last: 19001437251 ns, Reaching safepoint: 8700 ns, Cleanup: 12300 ns, At safepoint: 2300 ns, Total: 23300 ns
[1591.529s][info ][safepoint      ] Safepoint "Cleanup", Time since last: 6000578805 ns, Reaching safepoint: 6900 ns, Cleanup: 28400 ns, At safepoint: 2100 ns, Total: 37400 ns
[1593.530s][info ][safepoint      ] Safepoint "Cleanup", Time since last: 2000184653 ns, Reaching safepoint: 7000 ns, Cleanup: 10400 ns, At safepoint: 1700 ns, Total: 19100 ns
[1600.530s][info ][safepoint      ] Safepoint "Cleanup", Time since last: 7000527256 ns, Reaching safepoint: 5300 ns, Cleanup: 7700 ns, At safepoint: 2000 ns, Total: 15000 ns
[1601.530s][info ][safepoint      ] Safepoint "Cleanup", Time since last: 1000110481 ns, Reaching safepoint: 5800 ns, Cleanup: 8600 ns, At safepoint: 2100 ns, Total: 16500 ns
[1603.531s][info ][safepoint      ] Safepoint "Cleanup", Time since last: 2000203862 ns, Reaching safepoint: 5400 ns, Cleanup: 8400 ns, At safepoint: 2000 ns, Total: 15800 ns
[1608.531s][info ][safepoint      ] Safepoint "Cleanup", Time since last: 5000392013 ns, Reaching safepoint: 6100 ns, Cleanup: 12800 ns, At safepoint: 2200 ns, Total: 21100 ns
[1610.531s][info ][safepoint      ] Safepoint "Cleanup", Time since last: 2000173208 ns, Reaching safepoint: 5400 ns, Cleanup: 7700 ns, At safepoint: 1900 ns, Total: 15000 ns
[1629.545s][info ][safepoint      ] Safepoint "Cleanup", Time since last: 19014060327 ns, Reaching safepoint: 10100 ns, Cleanup: 26600 ns, At safepoint: 3500 ns, Total: 40200 ns
[1644.202s][info ][gc,start       ] GC(33) Pause Young (Allocation Failure)
[1644.204s][debug][gc,phases      ] GC(33) Scavenge 1.881ms
[1644.204s][debug][gc,ref         ] GC(33) ReferenceProcessor::execute queues: 1, RefProcThreadModel::Single, marks_oops_alive: false
[1644.204s][debug][gc,ref         ] GC(33) Skipped KeepAliveFinalRefsPhase of Reference Processing: no references
[1644.204s][debug][gc,ref         ] GC(33) ReferenceProcessor::execute queues: 1, RefProcThreadModel::Single, marks_oops_alive: false
[1644.204s][debug][gc,phases      ] GC(33) Reference Processing 0.100ms
[1644.204s][debug][gc,phases      ] GC(33)   VM Weak                        Min:  0.0, Avg:  0.0, Max:  0.0, Diff:  0.0, Sum:  0.0, Workers: 4
[1644.204s][debug][gc,phases      ] GC(33)     Dead                           Min: 0, Avg:  0.0, Max: 0, Diff: 0, Sum: 0, Workers: 4
[1644.204s][debug][gc,phases      ] GC(33)     Total                          Min: 0, Avg: 245.2, Max: 533, Diff: 533, Sum: 981, Workers: 4
[1644.204s][debug][gc,phases      ] GC(33)   ObjectSynchronizer Weak        Min:  0.0, Avg:  0.0, Max:  0.0, Diff:  0.0, Sum:  0.0, Workers: 4
[1644.204s][debug][gc,phases      ] GC(33)     Dead                           Min: 0, Avg:  0.0, Max: 0, Diff: 0, Sum: 0, Workers: 4
[1644.204s][debug][gc,phases      ] GC(33)     Total                          Min: 0, Avg:  0.8, Max: 3, Diff: 3, Sum: 3, Workers: 4
[1644.204s][debug][gc,phases      ] GC(33)   JVMTI Tag Weak OopStorage      Min:  0.0, Avg:  0.0, Max:  0.0, Diff:  0.0, Sum:  0.0, Workers: 4
[1644.204s][debug][gc,phases      ] GC(33)     Dead                           Min: 0, Avg:  0.0, Max: 0, Diff: 0, Sum: 0, Workers: 4
[1644.204s][debug][gc,phases      ] GC(33)     Total                          Min: 0, Avg:  0.0, Max: 0, Diff: 0, Sum: 0, Workers: 4
[1644.204s][debug][gc,phases      ] GC(33)   StringTable Weak               Min:  0.1, Avg:  0.1, Max:  0.1, Diff:  0.0, Sum:  0.4, Workers: 4
[1644.204s][debug][gc,phases      ] GC(33)     Dead                           Min: 0, Avg:  0.0, Max: 0, Diff: 0, Sum: 0, Workers: 4
[1644.204s][debug][gc,phases      ] GC(33)     Total                          Min: 10944, Avg: 11191.8, Max: 11487, Diff: 543, Sum: 44767, Workers: 4
[1644.204s][debug][gc,phases      ] GC(33)   ResolvedMethodTable Weak       Min:  0.0, Avg:  0.0, Max:  0.0, Diff:  0.0, Sum:  0.1, Workers: 4
[1644.204s][debug][gc,phases      ] GC(33)     Dead                           Min: 0, Avg:  4.0, Max: 16, Diff: 16, Sum: 16, Workers: 4
[1644.204s][debug][gc,phases      ] GC(33)     Total                          Min: 3425, Avg: 3542.2, Max: 3636, Diff: 211, Sum: 14169, Workers: 4
[1644.204s][debug][gc,phases      ] GC(33)   JNI Weak                       Min:  0.0, Avg:  0.0, Max:  0.0, Diff:  0.0, Sum:  0.0, Workers: 4
[1644.204s][debug][gc,phases      ] GC(33)     Dead                           Min: 0, Avg:  0.0, Max: 0, Diff: 0, Sum: 0, Workers: 4
[1644.204s][debug][gc,phases      ] GC(33)     Total                          Min: 0, Avg: 13.0, Max: 52, Diff: 52, Sum: 52, Workers: 4
[1644.204s][debug][gc,phases      ] GC(33)   StringDedup Table Weak         Min:  0.0, Avg:  0.0, Max:  0.0, Diff:  0.0, Sum:  0.0, Workers: 4
[1644.204s][debug][gc,phases      ] GC(33)     Dead                           Min: 0, Avg:  0.0, Max: 0, Diff: 0, Sum: 0, Workers: 4
[1644.204s][debug][gc,phases      ] GC(33)     Total                          Min: 0, Avg:  0.0, Max: 0, Diff: 0, Sum: 0, Workers: 4
[1644.204s][debug][gc,phases      ] GC(33)   StringDedup Requests0 Weak     Min:  0.0, Avg:  0.0, Max:  0.0, Diff:  0.0, Sum:  0.0, Workers: 4
[1644.204s][debug][gc,phases      ] GC(33)     Dead                           Min: 0, Avg:  0.0, Max: 0, Diff: 0, Sum: 0, Workers: 4
[1644.204s][debug][gc,phases      ] GC(33)     Total                          Min: 0, Avg:  0.0, Max: 0, Diff: 0, Sum: 0, Workers: 4
[1644.204s][debug][gc,phases      ] GC(33)   StringDedup Requests1 Weak     Min:  0.0, Avg:  0.0, Max:  0.0, Diff:  0.0, Sum:  0.0, Workers: 4
[1644.204s][debug][gc,phases      ] GC(33)     Dead                           Min: 0, Avg:  0.0, Max: 0, Diff: 0, Sum: 0, Workers: 4
[1644.204s][debug][gc,phases      ] GC(33)     Total                          Min: 0, Avg:  0.0, Max: 0, Diff: 0, Sum: 0, Workers: 4
[1644.204s][debug][gc,phases      ] GC(33)   Weak JFR Old Object Samples    Min:  0.0, Avg:  0.0, Max:  0.0, Diff:  0.0, Sum:  0.0, Workers: 4
[1644.204s][debug][gc,phases      ] GC(33)     Dead                           Min: 0, Avg:  0.0, Max: 0, Diff: 0, Sum: 0, Workers: 4
[1644.204s][debug][gc,phases      ] GC(33)     Total                          Min: 0, Avg:  0.0, Max: 0, Diff: 0, Sum: 0, Workers: 4
[1644.204s][debug][gc,phases      ] GC(33) Weak Processing 0.348ms
[1644.204s][debug][gc,age         ] GC(33) Desired survivor size 111149056 bytes, new threshold 1 (max threshold 15)
[1644.204s][info ][gc,heap        ] GC(33) PSYoungGen: 1859872K(1980928K)->3040K(1973248K) Eden: 1857024K(1857024K)->0K(1857024K) From: 2848K(123904K)->3040K(116224K)
[1644.204s][info ][gc,heap        ] GC(33) ParOldGen: 213621K(225792K)->214141K(225792K)
[1644.204s][info ][gc,metaspace   ] GC(33) Metaspace: 102199K(103488K)->102199K(103488K) NonClass: 86896K(87616K)->86896K(87616K) Class: 15303K(15872K)->15303K(15872K)
[1644.204s][info ][gc             ] GC(33) Pause Young (Allocation Failure) 2024M->212M(2147M) 2.429ms
[1644.204s][info ][gc,cpu         ] GC(33) User=0.01s Sys=0.00s Real=0.00s
[1644.204s][info ][safepoint      ] Safepoint "ParallelGCFailedAllocation", Time since last: 14656708951 ns, Reaching safepoint: 6400 ns, Cleanup: 3800 ns, At safepoint: 2492693 ns, Total: 2502893 ns
[1647.205s][info ][safepoint      ] Safepoint "Cleanup", Time since last: 3000228321 ns, Reaching safepoint: 5600 ns, Cleanup: 7400 ns, At safepoint: 1700 ns, Total: 14700 ns
[1651.205s][info ][safepoint      ] Safepoint "Cleanup", Time since last: 4000314296 ns, Reaching safepoint: 77500 ns, Cleanup: 8400 ns, At safepoint: 5000 ns, Total: 90900 ns
[1666.206s][info ][safepoint      ] Safepoint "Cleanup", Time since last: 15001090660 ns, Reaching safepoint: 5900 ns, Cleanup: 10500 ns, At safepoint: 2200 ns, Total: 18600 ns
[1672.207s][info ][safepoint      ] Safepoint "Cleanup", Time since last: 6000508733 ns, Reaching safepoint: 6100 ns, Cleanup: 12500 ns, At safepoint: 2100 ns, Total: 20700 ns
[1692.563s][info ][safepoint      ] Safepoint "Cleanup", Time since last: 20356258323 ns, Reaching safepoint: 5500 ns, Cleanup: 8900 ns, At safepoint: 1800 ns, Total: 16200 ns
[1698.564s][info ][safepoint      ] Safepoint "Cleanup", Time since last: 6000469744 ns, Reaching safepoint: 7200 ns, Cleanup: 12300 ns, At safepoint: 2300 ns, Total: 21800 ns
[1700.564s][info ][safepoint      ] Safepoint "Cleanup", Time since last: 2000200018 ns, Reaching safepoint: 7700 ns, Cleanup: 46700 ns, At safepoint: 2500 ns, Total: 56900 ns
[1701.564s][info ][safepoint      ] Safepoint "Cleanup", Time since last: 1000117167 ns, Reaching safepoint: 6600 ns, Cleanup: 14500 ns, At safepoint: 2500 ns, Total: 23600 ns
[1702.564s][info ][safepoint      ] Safepoint "Cleanup", Time since last: 1000116671 ns, Reaching safepoint: 7000 ns, Cleanup: 10500 ns, At safepoint: 2400 ns, Total: 19900 ns
[1704.564s][info ][safepoint      ] Safepoint "Cleanup", Time since last: 2000178166 ns, Reaching safepoint: 6500 ns, Cleanup: 22000 ns, At safepoint: 2200 ns, Total: 30700 ns
[1705.564s][info ][safepoint      ] Safepoint "Cleanup", Time since last: 1000096933 ns, Reaching safepoint: 5700 ns, Cleanup: 10900 ns, At safepoint: 2200 ns, Total: 18800 ns
[1706.565s][info ][safepoint      ] Safepoint "Cleanup", Time since last: 1000110233 ns, Reaching safepoint: 5800 ns, Cleanup: 9000 ns, At safepoint: 2200 ns, Total: 17000 ns
[1707.565s][info ][safepoint      ] Safepoint "Cleanup", Time since last: 1000121733 ns, Reaching safepoint: 5300 ns, Cleanup: 20700 ns, At safepoint: 2000 ns, Total: 28000 ns
[1708.565s][info ][safepoint      ] Safepoint "Cleanup", Time since last: 1000107858 ns, Reaching safepoint: 5700 ns, Cleanup: 10800 ns, At safepoint: 1700 ns, Total: 18200 ns
[1709.565s][info ][safepoint      ] Safepoint "Cleanup", Time since last: 1000122477 ns, Reaching safepoint: 6500 ns, Cleanup: 16300 ns, At safepoint: 2100 ns, Total: 24900 ns
[1710.565s][info ][safepoint      ] Safepoint "Cleanup", Time since last: 1000107578 ns, Reaching safepoint: 5400 ns, Cleanup: 10600 ns, At safepoint: 2000 ns, Total: 18000 ns
[1712.565s][info ][safepoint      ] Safepoint "Cleanup", Time since last: 2000183054 ns, Reaching safepoint: 5900 ns, Cleanup: 8700 ns, At safepoint: 2300 ns, Total: 16900 ns
[1715.566s][info ][safepoint      ] Safepoint "Cleanup", Time since last: 3000255532 ns, Reaching safepoint: 8000 ns, Cleanup: 16600 ns, At safepoint: 2600 ns, Total: 27200 ns
[1719.566s][info ][safepoint      ] Safepoint "Cleanup", Time since last: 4000340540 ns, Reaching safepoint: 6700 ns, Cleanup: 10000 ns, At safepoint: 2100 ns, Total: 18800 ns
[1725.566s][info ][safepoint      ] Safepoint "Cleanup", Time since last: 6000477887 ns, Reaching safepoint: 6900 ns, Cleanup: 10300 ns, At safepoint: 2000 ns, Total: 19200 ns
[1731.567s][info ][safepoint      ] Safepoint "Cleanup", Time since last: 6000461916 ns, Reaching safepoint: 6600 ns, Cleanup: 9500 ns, At safepoint: 2000 ns, Total: 18100 ns
[1732.653s][info ][gc,start       ] GC(34) Pause Young (Allocation Failure)
[1732.656s][debug][gc,phases      ] GC(34) Scavenge 2.928ms
[1732.657s][debug][gc,ref         ] GC(34) ReferenceProcessor::execute queues: 1, RefProcThreadModel::Single, marks_oops_alive: false
[1732.657s][debug][gc,ref         ] GC(34) Skipped KeepAliveFinalRefsPhase of Reference Processing: no references
[1732.657s][debug][gc,ref         ] GC(34) ReferenceProcessor::execute queues: 1, RefProcThreadModel::Single, marks_oops_alive: false
[1732.657s][debug][gc,phases      ] GC(34) Reference Processing 0.097ms
[1732.657s][debug][gc,phases      ] GC(34)   VM Weak                        Min:  0.0, Avg:  0.0, Max:  0.0, Diff:  0.0, Sum:  0.0, Workers: 4
[1732.657s][debug][gc,phases      ] GC(34)     Dead                           Min: 0, Avg:  0.0, Max: 0, Diff: 0, Sum: 0, Workers: 4
[1732.657s][debug][gc,phases      ] GC(34)     Total                          Min: 0, Avg: 245.2, Max: 512, Diff: 512, Sum: 981, Workers: 4
[1732.657s][debug][gc,phases      ] GC(34)   ObjectSynchronizer Weak        Min:  0.0, Avg:  0.0, Max:  0.0, Diff:  0.0, Sum:  0.0, Workers: 4
[1732.657s][debug][gc,phases      ] GC(34)     Dead                           Min: 0, Avg:  0.0, Max: 0, Diff: 0, Sum: 0, Workers: 4
[1732.657s][debug][gc,phases      ] GC(34)     Total                          Min: 0, Avg:  1.0, Max: 4, Diff: 4, Sum: 4, Workers: 4
[1732.657s][debug][gc,phases      ] GC(34)   JVMTI Tag Weak OopStorage      Min:  0.0, Avg:  0.0, Max:  0.0, Diff:  0.0, Sum:  0.0, Workers: 4
[1732.657s][debug][gc,phases      ] GC(34)     Dead                           Min: 0, Avg:  0.0, Max: 0, Diff: 0, Sum: 0, Workers: 4
[1732.657s][debug][gc,phases      ] GC(34)     Total                          Min: 0, Avg:  0.0, Max: 0, Diff: 0, Sum: 0, Workers: 4
[1732.657s][debug][gc,phases      ] GC(34)   StringTable Weak               Min:  0.0, Avg:  0.1, Max:  0.1, Diff:  0.1, Sum:  0.4, Workers: 4
[1732.657s][debug][gc,phases      ] GC(34)     Dead                           Min: 0, Avg:  0.2, Max: 1, Diff: 1, Sum: 1, Workers: 4
[1732.657s][debug][gc,phases      ] GC(34)     Total                          Min: 0, Avg: 11198.8, Max: 19643, Diff: 19643, Sum: 44795, Workers: 4
[1732.657s][debug][gc,phases      ] GC(34)   ResolvedMethodTable Weak       Min:  0.0, Avg:  0.0, Max:  0.0, Diff:  0.0, Sum:  0.1, Workers: 4
[1732.657s][debug][gc,phases      ] GC(34)     Dead                           Min: 0, Avg:  5.5, Max: 11, Diff: 11, Sum: 22, Workers: 4
[1732.657s][debug][gc,phases      ] GC(34)     Total                          Min: 0, Avg: 3548.0, Max: 6172, Diff: 6172, Sum: 14192, Workers: 4
[1732.657s][debug][gc,phases      ] GC(34)   JNI Weak                       Min:  0.0, Avg:  0.0, Max:  0.0, Diff:  0.0, Sum:  0.0, Workers: 4
[1732.657s][debug][gc,phases      ] GC(34)     Dead                           Min: 0, Avg:  0.0, Max: 0, Diff: 0, Sum: 0, Workers: 4
[1732.657s][debug][gc,phases      ] GC(34)     Total                          Min: 0, Avg: 13.0, Max: 52, Diff: 52, Sum: 52, Workers: 4
[1732.657s][debug][gc,phases      ] GC(34)   StringDedup Table Weak         Min:  0.0, Avg:  0.0, Max:  0.0, Diff:  0.0, Sum:  0.0, Workers: 4
[1732.657s][debug][gc,phases      ] GC(34)     Dead                           Min: 0, Avg:  0.0, Max: 0, Diff: 0, Sum: 0, Workers: 4
[1732.657s][debug][gc,phases      ] GC(34)     Total                          Min: 0, Avg:  0.0, Max: 0, Diff: 0, Sum: 0, Workers: 4
[1732.657s][debug][gc,phases      ] GC(34)   StringDedup Requests0 Weak     Min:  0.0, Avg:  0.0, Max:  0.0, Diff:  0.0, Sum:  0.0, Workers: 4
[1732.657s][debug][gc,phases      ] GC(34)     Dead                           Min: 0, Avg:  0.0, Max: 0, Diff: 0, Sum: 0, Workers: 4
[1732.657s][debug][gc,phases      ] GC(34)     Total                          Min: 0, Avg:  0.0, Max: 0, Diff: 0, Sum: 0, Workers: 4
[1732.657s][debug][gc,phases      ] GC(34)   StringDedup Requests1 Weak     Min:  0.0, Avg:  0.0, Max:  0.0, Diff:  0.0, Sum:  0.0, Workers: 4
[1732.657s][debug][gc,phases      ] GC(34)     Dead                           Min: 0, Avg:  0.0, Max: 0, Diff: 0, Sum: 0, Workers: 4
[1732.657s][debug][gc,phases      ] GC(34)     Total                          Min: 0, Avg:  0.0, Max: 0, Diff: 0, Sum: 0, Workers: 4
[1732.657s][debug][gc,phases      ] GC(34)   Weak JFR Old Object Samples    Min:  0.0, Avg:  0.0, Max:  0.0, Diff:  0.0, Sum:  0.0, Workers: 4
[1732.657s][debug][gc,phases      ] GC(34)     Dead                           Min: 0, Avg:  0.0, Max: 0, Diff: 0, Sum: 0, Workers: 4
[1732.657s][debug][gc,phases      ] GC(34)     Total                          Min: 0, Avg:  0.0, Max: 0, Diff: 0, Sum: 0, Workers: 4
[1732.657s][debug][gc,phases      ] GC(34) Weak Processing 0.392ms
[1732.657s][debug][gc,age         ] GC(34) Desired survivor size 103809024 bytes, new threshold 1 (max threshold 15)
[1732.657s][info ][gc,heap        ] GC(34) PSYoungGen: 1860064K(1973248K)->5216K(1995776K) Eden: 1857024K(1857024K)->0K(1887232K) From: 3040K(116224K)->5216K(108544K)
[1732.657s][info ][gc,heap        ] GC(34) ParOldGen: 214141K(225792K)->214677K(225792K)
[1732.657s][info ][gc,metaspace   ] GC(34) Metaspace: 102322K(103616K)->102322K(103616K) NonClass: 87006K(87744K)->87006K(87744K) Class: 15315K(15872K)->15315K(15872K)
[1732.657s][info ][gc             ] GC(34) Pause Young (Allocation Failure) 2025M->214M(2169M) 3.532ms
[1732.657s][info ][gc,cpu         ] GC(34) User=0.01s Sys=0.00s Real=0.00s
[1732.657s][info ][safepoint      ] Safepoint "ParallelGCFailedAllocation", Time since last: 1086505335 ns, Reaching safepoint: 7200 ns, Cleanup: 3800 ns, At safepoint: 3592497 ns, Total: 3603497 ns
[1734.657s][info ][safepoint      ] Safepoint "Cleanup", Time since last: 2000147341 ns, Reaching safepoint: 5400 ns, Cleanup: 8700 ns, At safepoint: 1700 ns, Total: 15800 ns
[1738.658s][info ][safepoint      ] Safepoint "Cleanup", Time since last: 4000298681 ns, Reaching safepoint: 84000 ns, Cleanup: 11200 ns, At safepoint: 7400 ns, Total: 102600 ns
[1739.658s][info ][safepoint      ] Safepoint "Cleanup", Time since last: 1000125921 ns, Reaching safepoint: 6400 ns, Cleanup: 13200 ns, At safepoint: 2000 ns, Total: 21600 ns
[1742.580s][info ][safepoint      ] Safepoint "Cleanup", Time since last: 2922282313 ns, Reaching safepoint: 8300 ns, Cleanup: 12200 ns, At safepoint: 2500 ns, Total: 23000 ns
[1743.580s][info ][safepoint      ] Safepoint "Cleanup", Time since last: 1000115553 ns, Reaching safepoint: 6700 ns, Cleanup: 12500 ns, At safepoint: 2000 ns, Total: 21200 ns
[1744.580s][info ][safepoint      ] Safepoint "Cleanup", Time since last: 1000132053 ns, Reaching safepoint: 5500 ns, Cleanup: 11100 ns, At safepoint: 1900 ns, Total: 18500 ns
[1745.580s][info ][safepoint      ] Safepoint "Cleanup", Time since last: 1000097253 ns, Reaching safepoint: 6100 ns, Cleanup: 10100 ns, At safepoint: 2500 ns, Total: 18700 ns
[1746.581s][info ][safepoint      ] Safepoint "Cleanup", Time since last: 1000105653 ns, Reaching safepoint: 7300 ns, Cleanup: 12900 ns, At safepoint: 2100 ns, Total: 22300 ns
[1748.581s][info ][safepoint      ] Safepoint "Cleanup", Time since last: 2000197444 ns, Reaching safepoint: 7800 ns, Cleanup: 23600 ns, At safepoint: 2100 ns, Total: 33500 ns
[1749.581s][info ][safepoint      ] Safepoint "Cleanup", Time since last: 1000112522 ns, Reaching safepoint: 7300 ns, Cleanup: 10800 ns, At safepoint: 2100 ns, Total: 20200 ns
[1751.581s][info ][safepoint      ] Safepoint "Cleanup", Time since last: 2000240344 ns, Reaching safepoint: 7800 ns, Cleanup: 15100 ns, At safepoint: 2600 ns, Total: 25500 ns
[1755.582s][info ][safepoint      ] Safepoint "Cleanup", Time since last: 4000391888 ns, Reaching safepoint: 7900 ns, Cleanup: 12600 ns, At safepoint: 2100 ns, Total: 22600 ns
[1756.582s][info ][safepoint      ] Safepoint "Cleanup", Time since last: 1000130130 ns, Reaching safepoint: 5900 ns, Cleanup: 10400 ns, At safepoint: 1700 ns, Total: 18000 ns
[1758.582s][info ][safepoint      ] Safepoint "Cleanup", Time since last: 2000175972 ns, Reaching safepoint: 6800 ns, Cleanup: 10500 ns, At safepoint: 2300 ns, Total: 19600 ns
[1762.582s][info ][safepoint      ] Safepoint "Cleanup", Time since last: 4000321045 ns, Reaching safepoint: 6900 ns, Cleanup: 13900 ns, At safepoint: 24800 ns, Total: 45600 ns
[1763.582s][info ][safepoint      ] Safepoint "Cleanup", Time since last: 1000105137 ns, Reaching safepoint: 6200 ns, Cleanup: 16200 ns, At safepoint: 2300 ns, Total: 24700 ns
[1764.583s][info ][safepoint      ] Safepoint "Cleanup", Time since last: 1000110063 ns, Reaching safepoint: 5800 ns, Cleanup: 16900 ns, At safepoint: 2300 ns, Total: 25000 ns
[1765.583s][info ][safepoint      ] Safepoint "Cleanup", Time since last: 1000106961 ns, Reaching safepoint: 6800 ns, Cleanup: 16700 ns, At safepoint: 2200 ns, Total: 25700 ns
[1767.583s][info ][safepoint      ] Safepoint "Cleanup", Time since last: 2000200020 ns, Reaching safepoint: 7100 ns, Cleanup: 10500 ns, At safepoint: 2100 ns, Total: 19700 ns
[1768.583s][info ][safepoint      ] Safepoint "Cleanup", Time since last: 1000110761 ns, Reaching safepoint: 7000 ns, Cleanup: 10500 ns, At safepoint: 1800 ns, Total: 19300 ns
[1769.583s][info ][safepoint      ] Safepoint "Cleanup", Time since last: 1000114360 ns, Reaching safepoint: 6400 ns, Cleanup: 9400 ns, At safepoint: 1900 ns, Total: 17700 ns
[1770.583s][info ][safepoint      ] Safepoint "Cleanup", Time since last: 1000107281 ns, Reaching safepoint: 5800 ns, Cleanup: 14600 ns, At safepoint: 2200 ns, Total: 22600 ns
[1771.583s][info ][safepoint      ] Safepoint "Cleanup", Time since last: 1000107242 ns, Reaching safepoint: 7400 ns, Cleanup: 26200 ns, At safepoint: 2400 ns, Total: 36000 ns
[1772.584s][info ][safepoint      ] Safepoint "Cleanup", Time since last: 1000128490 ns, Reaching safepoint: 8100 ns, Cleanup: 19300 ns, At safepoint: 2300 ns, Total: 29700 ns
[1773.584s][info ][safepoint      ] Safepoint "Cleanup", Time since last: 1000123901 ns, Reaching safepoint: 9600 ns, Cleanup: 11300 ns, At safepoint: 2200 ns, Total: 23100 ns
[1774.584s][info ][safepoint      ] Safepoint "Cleanup", Time since last: 1000112902 ns, Reaching safepoint: 6400 ns, Cleanup: 10300 ns, At safepoint: 2200 ns, Total: 18900 ns
[1775.584s][info ][safepoint      ] Safepoint "Cleanup", Time since last: 1000108501 ns, Reaching safepoint: 5800 ns, Cleanup: 8601 ns, At safepoint: 2100 ns, Total: 16501 ns
[1776.584s][info ][safepoint      ] Safepoint "Cleanup", Time since last: 1000111559 ns, Reaching safepoint: 7400 ns, Cleanup: 16300 ns, At safepoint: 2300 ns, Total: 26000 ns
[1778.584s][info ][safepoint      ] Safepoint "Cleanup", Time since last: 2000223236 ns, Reaching safepoint: 7200 ns, Cleanup: 11500 ns, At safepoint: 2400 ns, Total: 21100 ns
[1779.585s][info ][safepoint      ] Safepoint "Cleanup", Time since last: 1000143769 ns, Reaching safepoint: 6800 ns, Cleanup: 28600 ns, At safepoint: 2000 ns, Total: 37400 ns
[1780.585s][info ][safepoint      ] Safepoint "Cleanup", Time since last: 1000124294 ns, Reaching safepoint: 5200 ns, Cleanup: 13200 ns, At safepoint: 1600 ns, Total: 20000 ns
[1781.585s][info ][safepoint      ] Safepoint "Cleanup", Time since last: 1000107920 ns, Reaching safepoint: 5800 ns, Cleanup: 19300 ns, At safepoint: 2200 ns, Total: 27300 ns
[1782.585s][info ][safepoint      ] Safepoint "Cleanup", Time since last: 1000128520 ns, Reaching safepoint: 7700 ns, Cleanup: 18000 ns, At safepoint: 3200 ns, Total: 28900 ns
[1787.586s][info ][safepoint      ] Safepoint "Cleanup", Time since last: 5000468500 ns, Reaching safepoint: 5400 ns, Cleanup: 10400 ns, At safepoint: 1900 ns, Total: 17700 ns
[1788.586s][info ][safepoint      ] Safepoint "Cleanup", Time since last: 1000106538 ns, Reaching safepoint: 6700 ns, Cleanup: 49700 ns, At safepoint: 2000 ns, Total: 58400 ns
[1789.586s][info ][safepoint      ] Safepoint "Cleanup", Time since last: 1000121558 ns, Reaching safepoint: 7900 ns, Cleanup: 32900 ns, At safepoint: 2600 ns, Total: 43400 ns
[1790.586s][info ][safepoint      ] Safepoint "Cleanup", Time since last: 1000131758 ns, Reaching safepoint: 6800 ns, Cleanup: 30800 ns, At safepoint: 2300 ns, Total: 39900 ns
[1792.586s][info ][safepoint      ] Safepoint "Cleanup", Time since last: 2000187715 ns, Reaching safepoint: 5800 ns, Cleanup: 8700 ns, At safepoint: 2400 ns, Total: 16900 ns
[1793.586s][info ][safepoint      ] Safepoint "Cleanup", Time since last: 1000125058 ns, Reaching safepoint: 7600 ns, Cleanup: 19800 ns, At safepoint: 2900 ns, Total: 30300 ns
[1796.587s][info ][safepoint      ] Safepoint "Cleanup", Time since last: 3000276935 ns, Reaching safepoint: 6100 ns, Cleanup: 8600 ns, At safepoint: 2500 ns, Total: 17200 ns
[1800.383s][info ][safepoint      ] Safepoint "Cleanup", Time since last: 3796365028 ns, Reaching safepoint: 3600 ns, Cleanup: 14100 ns, At safepoint: 6100 ns, Total: 23800 ns
[1801.598s][info ][safepoint      ] Safepoint "Cleanup", Time since last: 1214499034 ns, Reaching safepoint: 6500 ns, Cleanup: 22099 ns, At safepoint: 2100 ns, Total: 30699 ns
[1802.598s][info ][safepoint      ] Safepoint "Cleanup", Time since last: 1000112929 ns, Reaching safepoint: 8300 ns, Cleanup: 14300 ns, At safepoint: 2400 ns, Total: 25000 ns
[1809.598s][info ][safepoint      ] Safepoint "Cleanup", Time since last: 7000536892 ns, Reaching safepoint: 7700 ns, Cleanup: 15100 ns, At safepoint: 2100 ns, Total: 24900 ns
[1811.599s][info ][safepoint      ] Safepoint "Cleanup", Time since last: 2000199769 ns, Reaching safepoint: 8000 ns, Cleanup: 11700 ns, At safepoint: 2900 ns, Total: 22600 ns
[1816.599s][info ][safepoint      ] Safepoint "Cleanup", Time since last: 5000416774 ns, Reaching safepoint: 7500 ns, Cleanup: 12100 ns, At safepoint: 2300 ns, Total: 21900 ns
[1817.599s][info ][safepoint      ] Safepoint "Cleanup", Time since last: 1000130821 ns, Reaching safepoint: 8400 ns, Cleanup: 12400 ns, At safepoint: 2500 ns, Total: 23300 ns
[1821.599s][info ][safepoint      ] Safepoint "Cleanup", Time since last: 4000346717 ns, Reaching safepoint: 10200 ns, Cleanup: 15500 ns, At safepoint: 7500 ns, Total: 33200 ns
[1822.600s][info ][safepoint      ] Safepoint "Cleanup", Time since last: 1000118340 ns, Reaching safepoint: 86200 ns, Cleanup: 11400 ns, At safepoint: 3400 ns, Total: 101000 ns
[1823.150s][info ][gc,start       ] GC(35) Pause Young (Allocation Failure)
[1823.153s][debug][gc,phases      ] GC(35) Scavenge 3.005ms
[1823.153s][debug][gc,ref         ] GC(35) ReferenceProcessor::execute queues: 1, RefProcThreadModel::Single, marks_oops_alive: false
[1823.153s][debug][gc,ref         ] GC(35) Skipped KeepAliveFinalRefsPhase of Reference Processing: no references
[1823.153s][debug][gc,ref         ] GC(35) ReferenceProcessor::execute queues: 1, RefProcThreadModel::Single, marks_oops_alive: false
[1823.153s][debug][gc,phases      ] GC(35) Reference Processing 0.107ms
[1823.153s][debug][gc,phases      ] GC(35)   VM Weak                        Min:  0.0, Avg:  0.0, Max:  0.0, Diff:  0.0, Sum:  0.0, Workers: 4
[1823.153s][debug][gc,phases      ] GC(35)     Dead                           Min: 0, Avg:  0.0, Max: 0, Diff: 0, Sum: 0, Workers: 4
[1823.153s][debug][gc,phases      ] GC(35)     Total                          Min: 0, Avg: 245.2, Max: 917, Diff: 917, Sum: 981, Workers: 4
[1823.153s][debug][gc,phases      ] GC(35)   ObjectSynchronizer Weak        Min:  0.0, Avg:  0.0, Max:  0.0, Diff:  0.0, Sum:  0.0, Workers: 4
[1823.153s][debug][gc,phases      ] GC(35)     Dead                           Min: 0, Avg:  0.0, Max: 0, Diff: 0, Sum: 0, Workers: 4
[1823.153s][debug][gc,phases      ] GC(35)     Total                          Min: 0, Avg:  0.8, Max: 3, Diff: 3, Sum: 3, Workers: 4
[1823.153s][debug][gc,phases      ] GC(35)   JVMTI Tag Weak OopStorage      Min:  0.0, Avg:  0.0, Max:  0.0, Diff:  0.0, Sum:  0.0, Workers: 4
[1823.153s][debug][gc,phases      ] GC(35)     Dead                           Min: 0, Avg:  0.0, Max: 0, Diff: 0, Sum: 0, Workers: 4
[1823.153s][debug][gc,phases      ] GC(35)     Total                          Min: 0, Avg:  0.0, Max: 0, Diff: 0, Sum: 0, Workers: 4
[1823.153s][debug][gc,phases      ] GC(35)   StringTable Weak               Min:  0.0, Avg:  0.1, Max:  0.1, Diff:  0.1, Sum:  0.4, Workers: 4
[1823.153s][debug][gc,phases      ] GC(35)     Dead                           Min: 0, Avg:  0.8, Max: 1, Diff: 1, Sum: 3, Workers: 4
[1823.153s][debug][gc,phases      ] GC(35)     Total                          Min: 0, Avg: 11220.2, Max: 19282, Diff: 19282, Sum: 44881, Workers: 4
[1823.153s][debug][gc,phases      ] GC(35)   ResolvedMethodTable Weak       Min:  0.0, Avg:  0.0, Max:  0.0, Diff:  0.0, Sum:  0.1, Workers: 4
[1823.153s][debug][gc,phases      ] GC(35)     Dead                           Min: 0, Avg: 10.2, Max: 38, Diff: 38, Sum: 41, Workers: 4
[1823.153s][debug][gc,phases      ] GC(35)     Total                          Min: 0, Avg: 3568.2, Max: 6128, Diff: 6128, Sum: 14273, Workers: 4
[1823.153s][debug][gc,phases      ] GC(35)   JNI Weak                       Min:  0.0, Avg:  0.0, Max:  0.0, Diff:  0.0, Sum:  0.0, Workers: 4
[1823.153s][debug][gc,phases      ] GC(35)     Dead                           Min: 0, Avg:  0.0, Max: 0, Diff: 0, Sum: 0, Workers: 4
[1823.153s][debug][gc,phases      ] GC(35)     Total                          Min: 0, Avg: 13.0, Max: 52, Diff: 52, Sum: 52, Workers: 4
[1823.153s][debug][gc,phases      ] GC(35)   StringDedup Table Weak         Min:  0.0, Avg:  0.0, Max:  0.0, Diff:  0.0, Sum:  0.0, Workers: 4
[1823.153s][debug][gc,phases      ] GC(35)     Dead                           Min: 0, Avg:  0.0, Max: 0, Diff: 0, Sum: 0, Workers: 4
[1823.153s][debug][gc,phases      ] GC(35)     Total                          Min: 0, Avg:  0.0, Max: 0, Diff: 0, Sum: 0, Workers: 4
[1823.154s][debug][gc,phases      ] GC(35)   StringDedup Requests0 Weak     Min:  0.0, Avg:  0.0, Max:  0.0, Diff:  0.0, Sum:  0.0, Workers: 4
[1823.154s][debug][gc,phases      ] GC(35)     Dead                           Min: 0, Avg:  0.0, Max: 0, Diff: 0, Sum: 0, Workers: 4
[1823.154s][debug][gc,phases      ] GC(35)     Total                          Min: 0, Avg:  0.0, Max: 0, Diff: 0, Sum: 0, Workers: 4
[1823.154s][debug][gc,phases      ] GC(35)   StringDedup Requests1 Weak     Min:  0.0, Avg:  0.0, Max:  0.0, Diff:  0.0, Sum:  0.0, Workers: 4
[1823.154s][debug][gc,phases      ] GC(35)     Dead                           Min: 0, Avg:  0.0, Max: 0, Diff: 0, Sum: 0, Workers: 4
[1823.154s][debug][gc,phases      ] GC(35)     Total                          Min: 0, Avg:  0.0, Max: 0, Diff: 0, Sum: 0, Workers: 4
[1823.154s][debug][gc,phases      ] GC(35)   Weak JFR Old Object Samples    Min:  0.0, Avg:  0.0, Max:  0.0, Diff:  0.0, Sum:  0.0, Workers: 4
[1823.154s][debug][gc,phases      ] GC(35)     Dead                           Min: 0, Avg:  0.0, Max: 0, Diff: 0, Sum: 0, Workers: 4
[1823.154s][debug][gc,phases      ] GC(35)     Total                          Min: 0, Avg:  0.0, Max: 0, Diff: 0, Sum: 0, Workers: 4
[1823.154s][debug][gc,phases      ] GC(35) Weak Processing 0.375ms
[1823.154s][debug][gc,age         ] GC(35) Desired survivor size 96468992 bytes, new threshold 1 (max threshold 15)
[1823.154s][info ][gc,heap        ] GC(35) PSYoungGen: 1892448K(1995776K)->3408K(1988608K) Eden: 1887232K(1887232K)->0K(1887232K) From: 5216K(108544K)->3408K(101376K)
[1823.154s][info ][gc,heap        ] GC(35) ParOldGen: 214677K(225792K)->217501K(225792K)
[1823.154s][info ][gc,metaspace   ] GC(35) Metaspace: 102485K(103808K)->102485K(103808K) NonClass: 87141K(87872K)->87141K(87872K) Class: 15343K(15936K)->15343K(15936K)
[1823.154s][info ][gc             ] GC(35) Pause Young (Allocation Failure) 2057M->215M(2162M) 3.597ms
[1823.154s][info ][gc,cpu         ] GC(35) User=0.01s Sys=0.00s Real=0.00s
[1823.154s][info ][safepoint      ] Safepoint "ParallelGCFailedAllocation", Time since last: 550244292 ns, Reaching safepoint: 6600 ns, Cleanup: 4000 ns, At safepoint: 3663797 ns, Total: 3674397 ns
[1824.154s][info ][safepoint      ] Safepoint "Cleanup", Time since last: 1000114140 ns, Reaching safepoint: 6500 ns, Cleanup: 9500 ns, At safepoint: 25000 ns, Total: 41000 ns
[1832.154s][info ][safepoint      ] Safepoint "Cleanup", Time since last: 8000594997 ns, Reaching safepoint: 6500 ns, Cleanup: 8600 ns, At safepoint: 1900 ns, Total: 17000 ns
[1835.155s][info ][safepoint      ] Safepoint "Cleanup", Time since last: 3000260993 ns, Reaching safepoint: 6400 ns, Cleanup: 9600 ns, At safepoint: 1700 ns, Total: 17700 ns
[1840.155s][info ][safepoint      ] Safepoint "Cleanup", Time since last: 5000412668 ns, Reaching safepoint: 6500 ns, Cleanup: 8400 ns, At safepoint: 22900 ns, Total: 37800 ns
[1841.155s][info ][safepoint      ] Safepoint "Cleanup", Time since last: 1000102549 ns, Reaching safepoint: 6100 ns, Cleanup: 8400 ns, At safepoint: 1900 ns, Total: 16400 ns
[1852.156s][info ][safepoint      ] Safepoint "Cleanup", Time since last: 11000840146 ns, Reaching safepoint: 6200 ns, Cleanup: 13200 ns, At safepoint: 2100 ns, Total: 21500 ns
[1857.157s][info ][safepoint      ] Safepoint "Cleanup", Time since last: 5000391626 ns, Reaching safepoint: 7000 ns, Cleanup: 10500 ns, At safepoint: 1800 ns, Total: 19300 ns
[1858.157s][info ][safepoint      ] Safepoint "Cleanup", Time since last: 1000121545 ns, Reaching safepoint: 8300 ns, Cleanup: 9800 ns, At safepoint: 2900 ns, Total: 21000 ns
[1863.157s][info ][safepoint      ] Safepoint "Cleanup", Time since last: 5000405273 ns, Reaching safepoint: 5200 ns, Cleanup: 8700 ns, At safepoint: 1600 ns, Total: 15500 ns
[1866.157s][info ][safepoint      ] Safepoint "Cleanup", Time since last: 3000236882 ns, Reaching safepoint: 7800 ns, Cleanup: 14300 ns, At safepoint: 2500 ns, Total: 24600 ns
[1880.158s][info ][safepoint      ] Safepoint "Cleanup", Time since last: 14001127281 ns, Reaching safepoint: 7500 ns, Cleanup: 10700 ns, At safepoint: 2200 ns, Total: 20400 ns
[1886.159s][info ][safepoint      ] Safepoint "Cleanup", Time since last: 6000510946 ns, Reaching safepoint: 9200 ns, Cleanup: 11900 ns, At safepoint: 2500 ns, Total: 23600 ns
[1896.160s][info ][safepoint      ] Safepoint "Cleanup", Time since last: 10000800232 ns, Reaching safepoint: 8800 ns, Cleanup: 12600 ns, At safepoint: 2000 ns, Total: 23400 ns
[1912.712s][info ][gc,start       ] GC(36) Pause Young (Allocation Failure)
[1912.714s][debug][gc,phases      ] GC(36) Scavenge 2.168ms
[1912.714s][debug][gc,ref         ] GC(36) ReferenceProcessor::execute queues: 1, RefProcThreadModel::Single, marks_oops_alive: false
[1912.714s][debug][gc,ref         ] GC(36) Skipped KeepAliveFinalRefsPhase of Reference Processing: no references
[1912.714s][debug][gc,ref         ] GC(36) ReferenceProcessor::execute queues: 1, RefProcThreadModel::Single, marks_oops_alive: false
[1912.714s][debug][gc,phases      ] GC(36) Reference Processing 0.120ms
[1912.714s][debug][gc,phases      ] GC(36)   VM Weak                        Min:  0.0, Avg:  0.0, Max:  0.0, Diff:  0.0, Sum:  0.0, Workers: 4
[1912.714s][debug][gc,phases      ] GC(36)     Dead                           Min: 0, Avg:  0.0, Max: 0, Diff: 0, Sum: 0, Workers: 4
[1912.714s][debug][gc,phases      ] GC(36)     Total                          Min: 0, Avg: 245.2, Max: 768, Diff: 768, Sum: 981, Workers: 4
[1912.714s][debug][gc,phases      ] GC(36)   ObjectSynchronizer Weak        Min:  0.0, Avg:  0.0, Max:  0.0, Diff:  0.0, Sum:  0.0, Workers: 4
[1912.714s][debug][gc,phases      ] GC(36)     Dead                           Min: 0, Avg:  0.0, Max: 0, Diff: 0, Sum: 0, Workers: 4
[1912.714s][debug][gc,phases      ] GC(36)     Total                          Min: 0, Avg:  1.0, Max: 4, Diff: 4, Sum: 4, Workers: 4
[1912.714s][debug][gc,phases      ] GC(36)   JVMTI Tag Weak OopStorage      Min:  0.0, Avg:  0.0, Max:  0.0, Diff:  0.0, Sum:  0.0, Workers: 4
[1912.714s][debug][gc,phases      ] GC(36)     Dead                           Min: 0, Avg:  0.0, Max: 0, Diff: 0, Sum: 0, Workers: 4
[1912.714s][debug][gc,phases      ] GC(36)     Total                          Min: 0, Avg:  0.0, Max: 0, Diff: 0, Sum: 0, Workers: 4
[1912.714s][debug][gc,phases      ] GC(36)   StringTable Weak               Min:  0.1, Avg:  0.1, Max:  0.1, Diff:  0.0, Sum:  0.4, Workers: 4
[1912.714s][debug][gc,phases      ] GC(36)     Dead                           Min: 0, Avg:  0.0, Max: 0, Diff: 0, Sum: 0, Workers: 4
[1912.714s][debug][gc,phases      ] GC(36)     Total                          Min: 10304, Avg: 11220.2, Max: 11857, Diff: 1553, Sum: 44881, Workers: 4
[1912.714s][debug][gc,phases      ] GC(36)   ResolvedMethodTable Weak       Min:  0.0, Avg:  0.0, Max:  0.0, Diff:  0.0, Sum:  0.1, Workers: 4
[1912.714s][debug][gc,phases      ] GC(36)     Dead                           Min: 0, Avg:  4.0, Max: 16, Diff: 16, Sum: 16, Workers: 4
[1912.714s][debug][gc,phases      ] GC(36)     Total                          Min: 3387, Avg: 3568.2, Max: 3716, Diff: 329, Sum: 14273, Workers: 4
[1912.715s][debug][gc,phases      ] GC(36)   JNI Weak                       Min:  0.0, Avg:  0.0, Max:  0.0, Diff:  0.0, Sum:  0.0, Workers: 4
[1912.715s][debug][gc,phases      ] GC(36)     Dead                           Min: 0, Avg:  0.0, Max: 0, Diff: 0, Sum: 0, Workers: 4
[1912.715s][debug][gc,phases      ] GC(36)     Total                          Min: 0, Avg: 13.0, Max: 52, Diff: 52, Sum: 52, Workers: 4
[1912.715s][debug][gc,phases      ] GC(36)   StringDedup Table Weak         Min:  0.0, Avg:  0.0, Max:  0.0, Diff:  0.0, Sum:  0.0, Workers: 4
[1912.715s][debug][gc,phases      ] GC(36)     Dead                           Min: 0, Avg:  0.0, Max: 0, Diff: 0, Sum: 0, Workers: 4
[1912.715s][debug][gc,phases      ] GC(36)     Total                          Min: 0, Avg:  0.0, Max: 0, Diff: 0, Sum: 0, Workers: 4
[1912.715s][debug][gc,phases      ] GC(36)   StringDedup Requests0 Weak     Min:  0.0, Avg:  0.0, Max:  0.0, Diff:  0.0, Sum:  0.0, Workers: 4
[1912.715s][debug][gc,phases      ] GC(36)     Dead                           Min: 0, Avg:  0.0, Max: 0, Diff: 0, Sum: 0, Workers: 4
[1912.715s][debug][gc,phases      ] GC(36)     Total                          Min: 0, Avg:  0.0, Max: 0, Diff: 0, Sum: 0, Workers: 4
[1912.715s][debug][gc,phases      ] GC(36)   StringDedup Requests1 Weak     Min:  0.0, Avg:  0.0, Max:  0.0, Diff:  0.0, Sum:  0.0, Workers: 4
[1912.715s][debug][gc,phases      ] GC(36)     Dead                           Min: 0, Avg:  0.0, Max: 0, Diff: 0, Sum: 0, Workers: 4
[1912.715s][debug][gc,phases      ] GC(36)     Total                          Min: 0, Avg:  0.0, Max: 0, Diff: 0, Sum: 0, Workers: 4
[1912.715s][debug][gc,phases      ] GC(36)   Weak JFR Old Object Samples    Min:  0.0, Avg:  0.0, Max:  0.0, Diff:  0.0, Sum:  0.0, Workers: 4
[1912.715s][debug][gc,phases      ] GC(36)     Dead                           Min: 0, Avg:  0.0, Max: 0, Diff: 0, Sum: 0, Workers: 4
[1912.715s][debug][gc,phases      ] GC(36)     Total                          Min: 0, Avg:  0.0, Max: 0, Diff: 0, Sum: 0, Workers: 4
[1912.715s][debug][gc,phases      ] GC(36) Weak Processing 0.368ms
[1912.715s][debug][gc,age         ] GC(36) Desired survivor size 90177536 bytes, new threshold 1 (max threshold 15)
[1912.715s][info ][gc,heap        ] GC(36) PSYoungGen: 1890640K(1988608K)->3120K(2009088K) Eden: 1887232K(1887232K)->0K(1914880K) From: 3408K(101376K)->3120K(94208K)
[1912.715s][info ][gc,heap        ] GC(36) ParOldGen: 217501K(225792K)->217917K(225792K)
[1912.715s][info ][gc,metaspace   ] GC(36) Metaspace: 102493K(103808K)->102493K(103808K) NonClass: 87149K(87872K)->87149K(87872K) Class: 15343K(15936K)->15343K(15936K)
[1912.715s][info ][gc             ] GC(36) Pause Young (Allocation Failure) 2058M->215M(2182M) 2.762ms
[1912.715s][info ][gc,cpu         ] GC(36) User=0.01s Sys=0.00s Real=0.00s
[1912.715s][info ][safepoint      ] Safepoint "ParallelGCFailedAllocation", Time since last: 16551971383 ns, Reaching safepoint: 6700 ns, Cleanup: 19400 ns, At safepoint: 2824598 ns, Total: 2850698 ns
[1914.715s][info ][safepoint      ] Safepoint "Cleanup", Time since last: 2000157706 ns, Reaching safepoint: 6000 ns, Cleanup: 9600 ns, At safepoint: 2000 ns, Total: 17600 ns
[1924.633s][info ][safepoint      ] Safepoint "Cleanup", Time since last: 9917805875 ns, Reaching safepoint: 7000 ns, Cleanup: 11700 ns, At safepoint: 2200 ns, Total: 20900 ns
[1926.633s][info ][safepoint      ] Safepoint "Cleanup", Time since last: 2000202324 ns, Reaching safepoint: 7800 ns, Cleanup: 12100 ns, At safepoint: 2100 ns, Total: 22000 ns
[1934.633s][info ][safepoint      ] Safepoint "Cleanup", Time since last: 8000589901 ns, Reaching safepoint: 5500 ns, Cleanup: 8400 ns, At safepoint: 1800 ns, Total: 15700 ns
[1937.634s][info ][safepoint      ] Safepoint "Cleanup", Time since last: 3000251448 ns, Reaching safepoint: 7100 ns, Cleanup: 12200 ns, At safepoint: 2000 ns, Total: 21300 ns
[1949.635s][info ][safepoint      ] Safepoint "Cleanup", Time since last: 12001002608 ns, Reaching safepoint: 7400 ns, Cleanup: 11600 ns, At safepoint: 3100 ns, Total: 22100 ns
[1952.635s][info ][safepoint      ] Safepoint "Cleanup", Time since last: 3000289225 ns, Reaching safepoint: 8000 ns, Cleanup: 12300 ns, At safepoint: 2400 ns, Total: 22700 ns
[1953.635s][info ][safepoint      ] Safepoint "Cleanup", Time since last: 1000119608 ns, Reaching safepoint: 6500 ns, Cleanup: 10700 ns, At safepoint: 2200 ns, Total: 19400 ns
[1954.635s][info ][safepoint      ] Safepoint "Cleanup", Time since last: 1000138208 ns, Reaching safepoint: 7800 ns, Cleanup: 21100 ns, At safepoint: 2400 ns, Total: 31300 ns
[1955.636s][info ][safepoint      ] Safepoint "Cleanup", Time since last: 1000135209 ns, Reaching safepoint: 6200 ns, Cleanup: 22800 ns, At safepoint: 2300 ns, Total: 31300 ns
[1965.636s][info ][safepoint      ] Safepoint "Cleanup", Time since last: 10000823012 ns, Reaching safepoint: 6300 ns, Cleanup: 10600 ns, At safepoint: 2500 ns, Total: 19400 ns
[1970.637s][info ][safepoint      ] Safepoint "Cleanup", Time since last: 5000430975 ns, Reaching safepoint: 6600 ns, Cleanup: 10400 ns, At safepoint: 2200 ns, Total: 19200 ns
[1972.637s][info ][safepoint      ] Safepoint "Cleanup", Time since last: 2000195969 ns, Reaching safepoint: 7200 ns, Cleanup: 11200 ns, At safepoint: 2800 ns, Total: 21200 ns
[1981.650s][info ][safepoint      ] Safepoint "Cleanup", Time since last: 9013078292 ns, Reaching safepoint: 85300 ns, Cleanup: 16000 ns, At safepoint: 7200 ns, Total: 108500 ns
[1982.651s][info ][safepoint      ] Safepoint "Cleanup", Time since last: 1000140553 ns, Reaching safepoint: 82000 ns, Cleanup: 12000 ns, At safepoint: 9100 ns, Total: 103100 ns
[1983.651s][info ][safepoint      ] Safepoint "Cleanup", Time since last: 1000117354 ns, Reaching safepoint: 79600 ns, Cleanup: 12800 ns, At safepoint: 7800 ns, Total: 100200 ns
[1984.651s][info ][safepoint      ] Safepoint "Cleanup", Time since last: 1000124654 ns, Reaching safepoint: 79800 ns, Cleanup: 13100 ns, At safepoint: 6300 ns, Total: 99200 ns
[1991.652s][info ][safepoint      ] Safepoint "Cleanup", Time since last: 7000565302 ns, Reaching safepoint: 76100 ns, Cleanup: 9400 ns, At safepoint: 5600 ns, Total: 91100 ns
[1992.652s][info ][safepoint      ] Safepoint "Cleanup", Time since last: 1000115561 ns, Reaching safepoint: 78200 ns, Cleanup: 9800 ns, At safepoint: 6200 ns, Total: 94200 ns
[1994.652s][info ][safepoint      ] Safepoint "Cleanup", Time since last: 2000196123 ns, Reaching safepoint: 79100 ns, Cleanup: 9600 ns, At safepoint: 6500 ns, Total: 95200 ns
[1997.652s][info ][safepoint      ] Safepoint "Cleanup", Time since last: 3000254376 ns, Reaching safepoint: 76900 ns, Cleanup: 9500 ns, At safepoint: 5400 ns, Total: 91800 ns
[2001.953s][info ][gc,start       ] GC(37) Pause Young (Allocation Failure)
[2001.956s][debug][gc,phases      ] GC(37) Scavenge 2.869ms
[2001.956s][debug][gc,ref         ] GC(37) ReferenceProcessor::execute queues: 1, RefProcThreadModel::Single, marks_oops_alive: false
[2001.956s][debug][gc,ref         ] GC(37) Skipped KeepAliveFinalRefsPhase of Reference Processing: no references
[2001.956s][debug][gc,ref         ] GC(37) ReferenceProcessor::execute queues: 1, RefProcThreadModel::Single, marks_oops_alive: false
[2001.956s][debug][gc,phases      ] GC(37) Reference Processing 0.122ms
[2001.957s][debug][gc,phases      ] GC(37)   VM Weak                        Min:  0.0, Avg:  0.0, Max:  0.0, Diff:  0.0, Sum:  0.0, Workers: 4
[2001.957s][debug][gc,phases      ] GC(37)     Dead                           Min: 0, Avg:  0.0, Max: 0, Diff: 0, Sum: 0, Workers: 4
[2001.957s][debug][gc,phases      ] GC(37)     Total                          Min: 0, Avg: 245.2, Max: 704, Diff: 704, Sum: 981, Workers: 4
[2001.957s][debug][gc,phases      ] GC(37)   ObjectSynchronizer Weak        Min:  0.0, Avg:  0.0, Max:  0.0, Diff:  0.0, Sum:  0.0, Workers: 4
[2001.957s][debug][gc,phases      ] GC(37)     Dead                           Min: 0, Avg:  0.0, Max: 0, Diff: 0, Sum: 0, Workers: 4
[2001.957s][debug][gc,phases      ] GC(37)     Total                          Min: 0, Avg:  1.0, Max: 4, Diff: 4, Sum: 4, Workers: 4
[2001.957s][debug][gc,phases      ] GC(37)   JVMTI Tag Weak OopStorage      Min:  0.0, Avg:  0.0, Max:  0.0, Diff:  0.0, Sum:  0.0, Workers: 4
[2001.957s][debug][gc,phases      ] GC(37)     Dead                           Min: 0, Avg:  0.0, Max: 0, Diff: 0, Sum: 0, Workers: 4
[2001.957s][debug][gc,phases      ] GC(37)     Total                          Min: 0, Avg:  0.0, Max: 0, Diff: 0, Sum: 0, Workers: 4
[2001.957s][debug][gc,phases      ] GC(37)   StringTable Weak               Min:  0.0, Avg:  0.1, Max:  0.1, Diff:  0.1, Sum:  0.4, Workers: 4
[2001.957s][debug][gc,phases      ] GC(37)     Dead                           Min: 0, Avg:  0.0, Max: 0, Diff: 0, Sum: 0, Workers: 4
[2001.957s][debug][gc,phases      ] GC(37)     Total                          Min: 0, Avg: 11223.2, Max: 17919, Diff: 17919, Sum: 44893, Workers: 4
[2001.957s][debug][gc,phases      ] GC(37)   ResolvedMethodTable Weak       Min:  0.0, Avg:  0.0, Max:  0.0, Diff:  0.0, Sum:  0.1, Workers: 4
[2001.957s][debug][gc,phases      ] GC(37)     Dead                           Min: 0, Avg:  4.0, Max: 16, Diff: 16, Sum: 16, Workers: 4
[2001.957s][debug][gc,phases      ] GC(37)     Total                          Min: 0, Avg: 3569.2, Max: 5998, Diff: 5998, Sum: 14277, Workers: 4
[2001.957s][debug][gc,phases      ] GC(37)   JNI Weak                       Min:  0.0, Avg:  0.0, Max:  0.0, Diff:  0.0, Sum:  0.0, Workers: 4
[2001.957s][debug][gc,phases      ] GC(37)     Dead                           Min: 0, Avg:  0.0, Max: 0, Diff: 0, Sum: 0, Workers: 4
[2001.957s][debug][gc,phases      ] GC(37)     Total                          Min: 0, Avg: 13.2, Max: 53, Diff: 53, Sum: 53, Workers: 4
[2001.957s][debug][gc,phases      ] GC(37)   StringDedup Table Weak         Min:  0.0, Avg:  0.0, Max:  0.0, Diff:  0.0, Sum:  0.0, Workers: 4
[2001.957s][debug][gc,phases      ] GC(37)     Dead                           Min: 0, Avg:  0.0, Max: 0, Diff: 0, Sum: 0, Workers: 4
[2001.957s][debug][gc,phases      ] GC(37)     Total                          Min: 0, Avg:  0.0, Max: 0, Diff: 0, Sum: 0, Workers: 4
[2001.957s][debug][gc,phases      ] GC(37)   StringDedup Requests0 Weak     Min:  0.0, Avg:  0.0, Max:  0.0, Diff:  0.0, Sum:  0.0, Workers: 4
[2001.957s][debug][gc,phases      ] GC(37)     Dead                           Min: 0, Avg:  0.0, Max: 0, Diff: 0, Sum: 0, Workers: 4
[2001.957s][debug][gc,phases      ] GC(37)     Total                          Min: 0, Avg:  0.0, Max: 0, Diff: 0, Sum: 0, Workers: 4
[2001.957s][debug][gc,phases      ] GC(37)   StringDedup Requests1 Weak     Min:  0.0, Avg:  0.0, Max:  0.0, Diff:  0.0, Sum:  0.0, Workers: 4
[2001.957s][debug][gc,phases      ] GC(37)     Dead                           Min: 0, Avg:  0.0, Max: 0, Diff: 0, Sum: 0, Workers: 4
[2001.957s][debug][gc,phases      ] GC(37)     Total                          Min: 0, Avg:  0.0, Max: 0, Diff: 0, Sum: 0, Workers: 4
[2001.957s][debug][gc,phases      ] GC(37)   Weak JFR Old Object Samples    Min:  0.0, Avg:  0.0, Max:  0.0, Diff:  0.0, Sum:  0.0, Workers: 4
[2001.957s][debug][gc,phases      ] GC(37)     Dead                           Min: 0, Avg:  0.0, Max: 0, Diff: 0, Sum: 0, Workers: 4
[2001.957s][debug][gc,phases      ] GC(37)     Total                          Min: 0, Avg:  0.0, Max: 0, Diff: 0, Sum: 0, Workers: 4
[2001.957s][debug][gc,phases      ] GC(37) Weak Processing 0.391ms
[2001.957s][debug][gc,age         ] GC(37) Desired survivor size 83886080 bytes, new threshold 1 (max threshold 15)
[2001.957s][info ][gc,heap        ] GC(37) PSYoungGen: 1918000K(2009088K)->5568K(2002944K) Eden: 1914880K(1914880K)->0K(1914880K) From: 3120K(94208K)->5568K(88064K)
[2001.957s][info ][gc,heap        ] GC(37) ParOldGen: 217917K(225792K)->218233K(225792K)
[2001.957s][info ][gc,metaspace   ] GC(37) Metaspace: 102619K(103936K)->102619K(103936K) NonClass: 87266K(88000K)->87266K(88000K) Class: 15353K(15936K)->15353K(15936K)
[2001.957s][info ][gc             ] GC(37) Pause Young (Allocation Failure) 2085M->218M(2176M) 3.495ms
[2001.957s][info ][gc,cpu         ] GC(37) User=0.01s Sys=0.00s Real=0.00s
[2001.957s][info ][safepoint      ] Safepoint "ParallelGCFailedAllocation", Time since last: 4300763241 ns, Reaching safepoint: 81600 ns, Cleanup: 3700 ns, At safepoint: 3570299 ns, Total: 3655599 ns
[2003.957s][info ][safepoint      ] Safepoint "Cleanup", Time since last: 2000164162 ns, Reaching safepoint: 6300 ns, Cleanup: 11300 ns, At safepoint: 2400 ns, Total: 20000 ns
[2007.957s][info ][safepoint      ] Safepoint "Cleanup", Time since last: 4000334436 ns, Reaching safepoint: 6400 ns, Cleanup: 9100 ns, At safepoint: 1900 ns, Total: 17400 ns
[2011.958s][info ][safepoint      ] Safepoint "Cleanup", Time since last: 4000340129 ns, Reaching safepoint: 5200 ns, Cleanup: 8000 ns, At safepoint: 1700 ns, Total: 14900 ns
[2014.958s][info ][safepoint      ] Safepoint "Cleanup", Time since last: 3000234794 ns, Reaching safepoint: 6900 ns, Cleanup: 11900 ns, At safepoint: 2200 ns, Total: 21000 ns
[2016.958s][info ][safepoint      ] Safepoint "Cleanup", Time since last: 2000193852 ns, Reaching safepoint: 6500 ns, Cleanup: 8800 ns, At safepoint: 1700 ns, Total: 17000 ns
[2023.959s][info ][safepoint      ] Safepoint "Cleanup", Time since last: 7000516541 ns, Reaching safepoint: 4800 ns, Cleanup: 6400 ns, At safepoint: 19000 ns, Total: 30200 ns
[2028.959s][info ][safepoint      ] Safepoint "Cleanup", Time since last: 5000380565 ns, Reaching safepoint: 7300 ns, Cleanup: 11000 ns, At safepoint: 3100 ns, Total: 21400 ns
[2035.960s][info ][safepoint      ] Safepoint "Cleanup", Time since last: 7000564644 ns, Reaching safepoint: 6300 ns, Cleanup: 10600 ns, At safepoint: 2300 ns, Total: 19200 ns
[2045.669s][info ][safepoint      ] Safepoint "Cleanup", Time since last: 9708878559 ns, Reaching safepoint: 5700 ns, Cleanup: 15800 ns, At safepoint: 2300 ns, Total: 23800 ns
[2053.669s][info ][safepoint      ] Safepoint "Cleanup", Time since last: 8000623819 ns, Reaching safepoint: 6100 ns, Cleanup: 10500 ns, At safepoint: 2100 ns, Total: 18700 ns
[2055.670s][info ][safepoint      ] Safepoint "Cleanup", Time since last: 2000185807 ns, Reaching safepoint: 6600 ns, Cleanup: 9900 ns, At safepoint: 2500 ns, Total: 19000 ns
[2062.670s][info ][safepoint      ] Safepoint "Cleanup", Time since last: 7000526279 ns, Reaching safepoint: 7300 ns, Cleanup: 10000 ns, At safepoint: 2000 ns, Total: 19300 ns
[2063.670s][info ][safepoint      ] Safepoint "Cleanup", Time since last: 1000118755 ns, Reaching safepoint: 6400 ns, Cleanup: 8900 ns, At safepoint: 2100 ns, Total: 17400 ns
[2065.670s][info ][safepoint      ] Safepoint "Cleanup", Time since last: 2000176711 ns, Reaching safepoint: 7000 ns, Cleanup: 13100 ns, At safepoint: 1700 ns, Total: 21800 ns
[2075.671s][info ][safepoint      ] Safepoint "Cleanup", Time since last: 10000767171 ns, Reaching safepoint: 7700 ns, Cleanup: 11600 ns, At safepoint: 2200 ns, Total: 21500 ns
[2083.672s][info ][safepoint      ] Safepoint "Cleanup", Time since last: 8000659221 ns, Reaching safepoint: 8000 ns, Cleanup: 10700 ns, At safepoint: 2400 ns, Total: 21100 ns
[2084.672s][info ][safepoint      ] Safepoint "Cleanup", Time since last: 1000120677 ns, Reaching safepoint: 6000 ns, Cleanup: 9600 ns, At safepoint: 2100 ns, Total: 17700 ns
[2085.672s][info ][safepoint      ] Safepoint "Cleanup", Time since last: 1000105471 ns, Reaching safepoint: 5700 ns, Cleanup: 6900 ns, At safepoint: 26700 ns, Total: 39300 ns
[2091.051s][info ][gc,start       ] GC(38) Pause Young (Allocation Failure)
[2091.053s][debug][gc,phases      ] GC(38) Scavenge 1.846ms
[2091.053s][debug][gc,ref         ] GC(38) ReferenceProcessor::execute queues: 1, RefProcThreadModel::Single, marks_oops_alive: false
[2091.053s][debug][gc,ref         ] GC(38) Skipped KeepAliveFinalRefsPhase of Reference Processing: no references
[2091.053s][debug][gc,ref         ] GC(38) Skipped PhantomRefsPhase of Reference Processing: no references
[2091.053s][debug][gc,phases      ] GC(38) Reference Processing 0.103ms
[2091.053s][debug][gc,phases      ] GC(38)   VM Weak                        Min:  0.0, Avg:  0.0, Max:  0.0, Diff:  0.0, Sum:  0.0, Workers: 4
[2091.053s][debug][gc,phases      ] GC(38)     Dead                           Min: 0, Avg:  0.0, Max: 0, Diff: 0, Sum: 0, Workers: 4
[2091.053s][debug][gc,phases      ] GC(38)     Total                          Min: 0, Avg: 245.2, Max: 896, Diff: 896, Sum: 981, Workers: 4
[2091.053s][debug][gc,phases      ] GC(38)   ObjectSynchronizer Weak        Min:  0.0, Avg:  0.0, Max:  0.0, Diff:  0.0, Sum:  0.0, Workers: 4
[2091.053s][debug][gc,phases      ] GC(38)     Dead                           Min: 0, Avg:  0.0, Max: 0, Diff: 0, Sum: 0, Workers: 4
[2091.053s][debug][gc,phases      ] GC(38)     Total                          Min: 0, Avg:  1.0, Max: 4, Diff: 4, Sum: 4, Workers: 4
[2091.053s][debug][gc,phases      ] GC(38)   JVMTI Tag Weak OopStorage      Min:  0.0, Avg:  0.0, Max:  0.0, Diff:  0.0, Sum:  0.0, Workers: 4
[2091.053s][debug][gc,phases      ] GC(38)     Dead                           Min: 0, Avg:  0.0, Max: 0, Diff: 0, Sum: 0, Workers: 4
[2091.053s][debug][gc,phases      ] GC(38)     Total                          Min: 0, Avg:  0.0, Max: 0, Diff: 0, Sum: 0, Workers: 4
[2091.053s][debug][gc,phases      ] GC(38)   StringTable Weak               Min:  0.0, Avg:  0.1, Max:  0.1, Diff:  0.1, Sum:  0.4, Workers: 4
[2091.053s][debug][gc,phases      ] GC(38)     Dead                           Min: 0, Avg:  0.0, Max: 0, Diff: 0, Sum: 0, Workers: 4
[2091.053s][debug][gc,phases      ] GC(38)     Total                          Min: 0, Avg: 11224.0, Max: 19008, Diff: 19008, Sum: 44896, Workers: 4
[2091.053s][debug][gc,phases      ] GC(38)   ResolvedMethodTable Weak       Min:  0.0, Avg:  0.0, Max:  0.0, Diff:  0.0, Sum:  0.1, Workers: 4
[2091.053s][debug][gc,phases      ] GC(38)     Dead                           Min: 0, Avg:  4.0, Max: 16, Diff: 16, Sum: 16, Workers: 4
[2091.053s][debug][gc,phases      ] GC(38)     Total                          Min: 0, Avg: 3569.2, Max: 6108, Diff: 6108, Sum: 14277, Workers: 4
[2091.053s][debug][gc,phases      ] GC(38)   JNI Weak                       Min:  0.0, Avg:  0.0, Max:  0.0, Diff:  0.0, Sum:  0.0, Workers: 4
[2091.053s][debug][gc,phases      ] GC(38)     Dead                           Min: 0, Avg:  0.0, Max: 0, Diff: 0, Sum: 0, Workers: 4
[2091.053s][debug][gc,phases      ] GC(38)     Total                          Min: 0, Avg: 13.0, Max: 52, Diff: 52, Sum: 52, Workers: 4
[2091.053s][debug][gc,phases      ] GC(38)   StringDedup Table Weak         Min:  0.0, Avg:  0.0, Max:  0.0, Diff:  0.0, Sum:  0.0, Workers: 4
[2091.053s][debug][gc,phases      ] GC(38)     Dead                           Min: 0, Avg:  0.0, Max: 0, Diff: 0, Sum: 0, Workers: 4
[2091.053s][debug][gc,phases      ] GC(38)     Total                          Min: 0, Avg:  0.0, Max: 0, Diff: 0, Sum: 0, Workers: 4
[2091.053s][debug][gc,phases      ] GC(38)   StringDedup Requests0 Weak     Min:  0.0, Avg:  0.0, Max:  0.0, Diff:  0.0, Sum:  0.0, Workers: 4
[2091.053s][debug][gc,phases      ] GC(38)     Dead                           Min: 0, Avg:  0.0, Max: 0, Diff: 0, Sum: 0, Workers: 4
[2091.053s][debug][gc,phases      ] GC(38)     Total                          Min: 0, Avg:  0.0, Max: 0, Diff: 0, Sum: 0, Workers: 4
[2091.053s][debug][gc,phases      ] GC(38)   StringDedup Requests1 Weak     Min:  0.0, Avg:  0.0, Max:  0.0, Diff:  0.0, Sum:  0.0, Workers: 4
[2091.053s][debug][gc,phases      ] GC(38)     Dead                           Min: 0, Avg:  0.0, Max: 0, Diff: 0, Sum: 0, Workers: 4
[2091.053s][debug][gc,phases      ] GC(38)     Total                          Min: 0, Avg:  0.0, Max: 0, Diff: 0, Sum: 0, Workers: 4
[2091.053s][debug][gc,phases      ] GC(38)   Weak JFR Old Object Samples    Min:  0.0, Avg:  0.0, Max:  0.0, Diff:  0.0, Sum:  0.0, Workers: 4
[2091.053s][debug][gc,phases      ] GC(38)     Dead                           Min: 0, Avg:  0.0, Max: 0, Diff: 0, Sum: 0, Workers: 4
[2091.053s][debug][gc,phases      ] GC(38)     Total                          Min: 0, Avg:  0.0, Max: 0, Diff: 0, Sum: 0, Workers: 4
[2091.053s][debug][gc,phases      ] GC(38) Weak Processing 0.373ms
[2091.054s][debug][gc,age         ] GC(38) Desired survivor size 78118912 bytes, new threshold 1 (max threshold 15)
[2091.054s][info ][gc,heap        ] GC(38) PSYoungGen: 1920448K(2002944K)->3088K(2020864K) Eden: 1914880K(1914880K)->0K(1938944K) From: 5568K(88064K)->3088K(81920K)
[2091.054s][info ][gc,heap        ] GC(38) ParOldGen: 218233K(225792K)->218617K(225792K)
[2091.054s][info ][gc,metaspace   ] GC(38) Metaspace: 102636K(103936K)->102636K(103936K) NonClass: 87282K(88000K)->87282K(88000K) Class: 15353K(15936K)->15353K(15936K)
[2091.054s][info ][gc             ] GC(38) Pause Young (Allocation Failure) 2088M->216M(2194M) 2.432ms
[2091.054s][info ][gc,cpu         ] GC(38) User=0.00s Sys=0.00s Real=0.00s
[2091.054s][info ][safepoint      ] Safepoint "ParallelGCFailedAllocation", Time since last: 5378846128 ns, Reaching safepoint: 77900 ns, Cleanup: 4000 ns, At safepoint: 2511099 ns, Total: 2592999 ns
[2092.054s][info ][safepoint      ] Safepoint "Cleanup", Time since last: 1000090170 ns, Reaching safepoint: 4500 ns, Cleanup: 7800 ns, At safepoint: 1800 ns, Total: 14100 ns
[2100.054s][info ][safepoint      ] Safepoint "Cleanup", Time since last: 8000586824 ns, Reaching safepoint: 84400 ns, Cleanup: 8900 ns, At safepoint: 7700 ns, Total: 101000 ns
[2101.686s][info ][safepoint      ] Safepoint "Cleanup", Time since last: 1631782168 ns, Reaching safepoint: 7600 ns, Cleanup: 18000 ns, At safepoint: 2800 ns, Total: 28400 ns
[2110.687s][info ][safepoint      ] Safepoint "Cleanup", Time since last: 9000700468 ns, Reaching safepoint: 5800 ns, Cleanup: 10200 ns, At safepoint: 2000 ns, Total: 18000 ns
[2111.687s][info ][safepoint      ] Safepoint "Cleanup", Time since last: 1000123707 ns, Reaching safepoint: 6900 ns, Cleanup: 12700 ns, At safepoint: 2100 ns, Total: 21700 ns
[2112.687s][info ][safepoint      ] Safepoint "Cleanup", Time since last: 1000135307 ns, Reaching safepoint: 7500 ns, Cleanup: 33400 ns, At safepoint: 3300 ns, Total: 44200 ns
[2113.687s][info ][safepoint      ] Safepoint "Cleanup", Time since last: 1000156007 ns, Reaching safepoint: 7200 ns, Cleanup: 10900 ns, At safepoint: 2400 ns, Total: 20500 ns
[2114.688s][info ][safepoint      ] Safepoint "Cleanup", Time since last: 1000113907 ns, Reaching safepoint: 7900 ns, Cleanup: 10200 ns, At safepoint: 2200 ns, Total: 20300 ns
[2115.688s][info ][safepoint      ] Safepoint "Cleanup", Time since last: 1000153107 ns, Reaching safepoint: 49000 ns, Cleanup: 19000 ns, At safepoint: 7700 ns, Total: 75700 ns
[2117.688s][info ][safepoint      ] Safepoint "Cleanup", Time since last: 2000219601 ns, Reaching safepoint: 7600 ns, Cleanup: 11700 ns, At safepoint: 2900 ns, Total: 22200 ns
[2119.688s][info ][safepoint      ] Safepoint "Cleanup", Time since last: 2000209529 ns, Reaching safepoint: 8000 ns, Cleanup: 13300 ns, At safepoint: 3200 ns, Total: 24500 ns
[2131.689s][info ][safepoint      ] Safepoint "Cleanup", Time since last: 12000916876 ns, Reaching safepoint: 6000 ns, Cleanup: 9000 ns, At safepoint: 1900 ns, Total: 16900 ns
[2132.689s][info ][safepoint      ] Safepoint "Cleanup", Time since last: 1000107579 ns, Reaching safepoint: 5700 ns, Cleanup: 9700 ns, At safepoint: 1700 ns, Total: 17100 ns
[2134.690s][info ][safepoint      ] Safepoint "Cleanup", Time since last: 2000176657 ns, Reaching safepoint: 6600 ns, Cleanup: 9500 ns, At safepoint: 1800 ns, Total: 17900 ns
[2136.690s][info ][safepoint      ] Safepoint "Cleanup", Time since last: 2000179556 ns, Reaching safepoint: 6400 ns, Cleanup: 11000 ns, At safepoint: 1700 ns, Total: 19100 ns
[2137.690s][info ][safepoint      ] Safepoint "Cleanup", Time since last: 1000115829 ns, Reaching safepoint: 7000 ns, Cleanup: 11300 ns, At safepoint: 2000 ns, Total: 20300 ns
[2138.690s][info ][safepoint      ] Safepoint "Cleanup", Time since last: 1000117228 ns, Reaching safepoint: 7200 ns, Cleanup: 12300 ns, At safepoint: 2300 ns, Total: 21800 ns
[2140.690s][info ][safepoint      ] Safepoint "Cleanup", Time since last: 2000181903 ns, Reaching safepoint: 6300 ns, Cleanup: 9000 ns, At safepoint: 1900 ns, Total: 17200 ns
[2144.691s][info ][safepoint      ] Safepoint "Cleanup", Time since last: 4000321124 ns, Reaching safepoint: 7000 ns, Cleanup: 10100 ns, At safepoint: 1800 ns, Total: 18900 ns
[2154.691s][info ][safepoint      ] Safepoint "Cleanup", Time since last: 10000761560 ns, Reaching safepoint: 6900 ns, Cleanup: 21300 ns, At safepoint: 2100 ns, Total: 30300 ns
[2156.692s][info ][safepoint      ] Safepoint "Cleanup", Time since last: 2000196749 ns, Reaching safepoint: 8100 ns, Cleanup: 12000 ns, At safepoint: 2200 ns, Total: 22300 ns
[2161.692s][info ][safepoint      ] Safepoint "Cleanup", Time since last: 5000448429 ns, Reaching safepoint: 6800 ns, Cleanup: 17400 ns, At safepoint: 2200 ns, Total: 26400 ns
[2162.692s][info ][safepoint      ] Safepoint "Cleanup", Time since last: 1000108246 ns, Reaching safepoint: 6800 ns, Cleanup: 11300 ns, At safepoint: 2200 ns, Total: 20300 ns
[2163.692s][info ][safepoint      ] Safepoint "Cleanup", Time since last: 1000117946 ns, Reaching safepoint: 6700 ns, Cleanup: 11500 ns, At safepoint: 2100 ns, Total: 20300 ns
[2164.692s][info ][safepoint      ] Safepoint "Cleanup", Time since last: 1000118839 ns, Reaching safepoint: 7100 ns, Cleanup: 10900 ns, At safepoint: 2400 ns, Total: 20400 ns
[2168.693s][info ][safepoint      ] Safepoint "Cleanup", Time since last: 4000330343 ns, Reaching safepoint: 6900 ns, Cleanup: 11000 ns, At safepoint: 2400 ns, Total: 20300 ns
[2170.693s][info ][safepoint      ] Safepoint "Cleanup", Time since last: 2000193621 ns, Reaching safepoint: 8200 ns, Cleanup: 11900 ns, At safepoint: 2200 ns, Total: 22300 ns
[2171.693s][info ][safepoint      ] Safepoint "Cleanup", Time since last: 1000116010 ns, Reaching safepoint: 6100 ns, Cleanup: 11800 ns, At safepoint: 1900 ns, Total: 19800 ns
[2174.693s][info ][safepoint      ] Safepoint "Cleanup", Time since last: 3000259982 ns, Reaching safepoint: 6200 ns, Cleanup: 10700 ns, At safepoint: 1800 ns, Total: 18700 ns
[2175.694s][info ][safepoint      ] Safepoint "Cleanup", Time since last: 1000105788 ns, Reaching safepoint: 6000 ns, Cleanup: 26000 ns, At safepoint: 2100 ns, Total: 34100 ns
[2176.694s][info ][safepoint      ] Safepoint "Cleanup", Time since last: 1000116287 ns, Reaching safepoint: 6900 ns, Cleanup: 85900 ns, At safepoint: 2800 ns, Total: 95600 ns
[2177.694s][info ][safepoint      ] Safepoint "Cleanup", Time since last: 1000144888 ns, Reaching safepoint: 10000 ns, Cleanup: 29500 ns, At safepoint: 2700 ns, Total: 42200 ns
[2178.694s][info ][safepoint      ] Safepoint "Cleanup", Time since last: 1000125187 ns, Reaching safepoint: 5300 ns, Cleanup: 18700 ns, At safepoint: 2000 ns, Total: 26000 ns
[2178.701s][info ][gc,start       ] GC(39) Pause Young (Allocation Failure)
[2178.703s][debug][gc,phases      ] GC(39) Scavenge 2.498ms
[2178.703s][debug][gc,ref         ] GC(39) ReferenceProcessor::execute queues: 1, RefProcThreadModel::Single, marks_oops_alive: false
[2178.703s][debug][gc,ref         ] GC(39) Skipped KeepAliveFinalRefsPhase of Reference Processing: no references
[2178.703s][debug][gc,ref         ] GC(39) ReferenceProcessor::execute queues: 1, RefProcThreadModel::Single, marks_oops_alive: false
[2178.703s][debug][gc,phases      ] GC(39) Reference Processing 0.121ms
[2178.704s][debug][gc,phases      ] GC(39)   VM Weak                        Min:  0.0, Avg:  0.0, Max:  0.0, Diff:  0.0, Sum:  0.0, Workers: 4
[2178.704s][debug][gc,phases      ] GC(39)     Dead                           Min: 0, Avg:  0.0, Max: 0, Diff: 0, Sum: 0, Workers: 4
[2178.704s][debug][gc,phases      ] GC(39)     Total                          Min: 0, Avg: 250.2, Max: 937, Diff: 937, Sum: 1001, Workers: 4
[2178.704s][debug][gc,phases      ] GC(39)   ObjectSynchronizer Weak        Min:  0.0, Avg:  0.0, Max:  0.0, Diff:  0.0, Sum:  0.0, Workers: 4
[2178.704s][debug][gc,phases      ] GC(39)     Dead                           Min: 0, Avg:  0.0, Max: 0, Diff: 0, Sum: 0, Workers: 4
[2178.704s][debug][gc,phases      ] GC(39)     Total                          Min: 0, Avg:  0.8, Max: 3, Diff: 3, Sum: 3, Workers: 4
[2178.704s][debug][gc,phases      ] GC(39)   JVMTI Tag Weak OopStorage      Min:  0.0, Avg:  0.0, Max:  0.0, Diff:  0.0, Sum:  0.0, Workers: 4
[2178.704s][debug][gc,phases      ] GC(39)     Dead                           Min: 0, Avg:  0.0, Max: 0, Diff: 0, Sum: 0, Workers: 4
[2178.704s][debug][gc,phases      ] GC(39)     Total                          Min: 0, Avg:  0.0, Max: 0, Diff: 0, Sum: 0, Workers: 4
[2178.704s][debug][gc,phases      ] GC(39)   StringTable Weak               Min:  0.0, Avg:  0.1, Max:  0.2, Diff:  0.1, Sum:  0.5, Workers: 4
[2178.704s][debug][gc,phases      ] GC(39)     Dead                           Min: 0, Avg:  0.8, Max: 2, Diff: 2, Sum: 3, Workers: 4
[2178.704s][debug][gc,phases      ] GC(39)     Total                          Min: 1408, Avg: 11241.2, Max: 16806, Diff: 15398, Sum: 44965, Workers: 4
[2178.704s][debug][gc,phases      ] GC(39)   ResolvedMethodTable Weak       Min:  0.0, Avg:  0.0, Max:  0.0, Diff:  0.0, Sum:  0.2, Workers: 4
[2178.704s][debug][gc,phases      ] GC(39)     Dead                           Min: 0, Avg:  6.2, Max: 20, Diff: 20, Sum: 25, Workers: 4
[2178.704s][debug][gc,phases      ] GC(39)     Total                          Min: 3350, Avg: 3596.0, Max: 3716, Diff: 366, Sum: 14384, Workers: 4
[2178.704s][debug][gc,phases      ] GC(39)   JNI Weak                       Min:  0.0, Avg:  0.0, Max:  0.0, Diff:  0.0, Sum:  0.0, Workers: 4
[2178.704s][debug][gc,phases      ] GC(39)     Dead                           Min: 0, Avg:  0.0, Max: 0, Diff: 0, Sum: 0, Workers: 4
[2178.704s][debug][gc,phases      ] GC(39)     Total                          Min: 0, Avg: 13.0, Max: 52, Diff: 52, Sum: 52, Workers: 4
[2178.704s][debug][gc,phases      ] GC(39)   StringDedup Table Weak         Min:  0.0, Avg:  0.0, Max:  0.0, Diff:  0.0, Sum:  0.0, Workers: 4
[2178.704s][debug][gc,phases      ] GC(39)     Dead                           Min: 0, Avg:  0.0, Max: 0, Diff: 0, Sum: 0, Workers: 4
[2178.704s][debug][gc,phases      ] GC(39)     Total                          Min: 0, Avg:  0.0, Max: 0, Diff: 0, Sum: 0, Workers: 4
[2178.704s][debug][gc,phases      ] GC(39)   StringDedup Requests0 Weak     Min:  0.0, Avg:  0.0, Max:  0.0, Diff:  0.0, Sum:  0.0, Workers: 4
[2178.704s][debug][gc,phases      ] GC(39)     Dead                           Min: 0, Avg:  0.0, Max: 0, Diff: 0, Sum: 0, Workers: 4
[2178.704s][debug][gc,phases      ] GC(39)     Total                          Min: 0, Avg:  0.0, Max: 0, Diff: 0, Sum: 0, Workers: 4
[2178.704s][debug][gc,phases      ] GC(39)   StringDedup Requests1 Weak     Min:  0.0, Avg:  0.0, Max:  0.0, Diff:  0.0, Sum:  0.0, Workers: 4
[2178.704s][debug][gc,phases      ] GC(39)     Dead                           Min: 0, Avg:  0.0, Max: 0, Diff: 0, Sum: 0, Workers: 4
[2178.704s][debug][gc,phases      ] GC(39)     Total                          Min: 0, Avg:  0.0, Max: 0, Diff: 0, Sum: 0, Workers: 4
[2178.704s][debug][gc,phases      ] GC(39)   Weak JFR Old Object Samples    Min:  0.0, Avg:  0.0, Max:  0.0, Diff:  0.0, Sum:  0.0, Workers: 4
[2178.704s][debug][gc,phases      ] GC(39)     Dead                           Min: 0, Avg:  0.0, Max: 0, Diff: 0, Sum: 0, Workers: 4
[2178.704s][debug][gc,phases      ] GC(39)     Total                          Min: 0, Avg:  0.0, Max: 0, Diff: 0, Sum: 0, Workers: 4
[2178.704s][debug][gc,phases      ] GC(39) Weak Processing 0.421ms
[2178.704s][debug][gc,age         ] GC(39) Desired survivor size 72876032 bytes, new threshold 1 (max threshold 15)
[2178.704s][info ][gc,heap        ] GC(39) PSYoungGen: 1942032K(2020864K)->3136K(2015232K) Eden: 1938944K(1938944K)->0K(1938944K) From: 3088K(81920K)->3136K(76288K)
[2178.704s][info ][gc,heap        ] GC(39) ParOldGen: 218617K(225792K)->218977K(225792K)
[2178.704s][info ][gc,metaspace   ] GC(39) Metaspace: 102815K(104192K)->102815K(104192K) NonClass: 87427K(88192K)->87427K(88192K) Class: 15388K(16000K)->15388K(16000K)
[2178.704s][info ][gc             ] GC(39) Pause Young (Allocation Failure) 2110M->216M(2188M) 3.144ms
[2178.704s][info ][gc,cpu         ] GC(39) User=0.01s Sys=0.00s Real=0.00s
[2178.704s][info ][safepoint      ] Safepoint "ParallelGCFailedAllocation", Time since last: 6563800 ns, Reaching safepoint: 78800 ns, Cleanup: 3400 ns, At safepoint: 3216199 ns, Total: 3298399 ns
[2179.704s][info ][safepoint      ] Safepoint "Cleanup", Time since last: 1000095088 ns, Reaching safepoint: 5300 ns, Cleanup: 19500 ns, At safepoint: 1800 ns, Total: 26600 ns
[2180.704s][info ][safepoint      ] Safepoint "Cleanup", Time since last: 1000106784 ns, Reaching safepoint: 5300 ns, Cleanup: 23200 ns, At safepoint: 1800 ns, Total: 30300 ns
[2182.704s][info ][safepoint      ] Safepoint "Cleanup", Time since last: 2000193039 ns, Reaching safepoint: 7000 ns, Cleanup: 27900 ns, At safepoint: 2000 ns, Total: 36900 ns
[2184.705s][info ][safepoint      ] Safepoint "Cleanup", Time since last: 2000179139 ns, Reaching safepoint: 78800 ns, Cleanup: 8400 ns, At safepoint: 6100 ns, Total: 93300 ns
[2185.705s][info ][safepoint      ] Safepoint "Cleanup", Time since last: 1000107869 ns, Reaching safepoint: 5700 ns, Cleanup: 9500 ns, At safepoint: 2000 ns, Total: 17200 ns
[2186.705s][info ][safepoint      ] Safepoint "Cleanup", Time since last: 1000106569 ns, Reaching safepoint: 5900 ns, Cleanup: 11500 ns, At safepoint: 1900 ns, Total: 19300 ns
[2187.705s][info ][safepoint      ] Safepoint "Cleanup", Time since last: 1000111170 ns, Reaching safepoint: 5600 ns, Cleanup: 9100 ns, At safepoint: 1800 ns, Total: 16500 ns
[2190.705s][info ][safepoint      ] Safepoint "Cleanup", Time since last: 3000245050 ns, Reaching safepoint: 6300 ns, Cleanup: 10000 ns, At safepoint: 2100 ns, Total: 18400 ns
[2194.706s][info ][safepoint      ] Safepoint "Cleanup", Time since last: 4000308571 ns, Reaching safepoint: 5700 ns, Cleanup: 8600 ns, At safepoint: 1800 ns, Total: 16100 ns
[2198.706s][info ][safepoint      ] Safepoint "Cleanup", Time since last: 4000337259 ns, Reaching safepoint: 5900 ns, Cleanup: 10400 ns, At safepoint: 25800 ns, Total: 42100 ns
[2204.707s][info ][safepoint      ] Safepoint "Cleanup", Time since last: 6000485121 ns, Reaching safepoint: 6200 ns, Cleanup: 9000 ns, At safepoint: 2200 ns, Total: 17400 ns
[2211.707s][info ][safepoint      ] Safepoint "Cleanup", Time since last: 7000551458 ns, Reaching safepoint: 6200 ns, Cleanup: 15100 ns, At safepoint: 2100 ns, Total: 23400 ns
[2212.707s][info ][safepoint      ] Safepoint "Cleanup", Time since last: 1000114841 ns, Reaching safepoint: 5900 ns, Cleanup: 10100 ns, At safepoint: 2100 ns, Total: 18100 ns
[2217.708s][info ][safepoint      ] Safepoint "Cleanup", Time since last: 5000396934 ns, Reaching safepoint: 4800 ns, Cleanup: 8400 ns, At safepoint: 1700 ns, Total: 14900 ns
[2221.722s][info ][safepoint      ] Safepoint "Cleanup", Time since last: 4013855705 ns, Reaching safepoint: 5200 ns, Cleanup: 9200 ns, At safepoint: 1600 ns, Total: 16000 ns
[2223.661s][info ][safepoint      ] Safepoint "Cleanup", Time since last: 1939176728 ns, Reaching safepoint: 7400 ns, Cleanup: 14700 ns, At safepoint: 2100 ns, Total: 24200 ns
[2226.661s][info ][safepoint      ] Safepoint "Cleanup", Time since last: 3000251351 ns, Reaching safepoint: 7100 ns, Cleanup: 10900 ns, At safepoint: 3300 ns, Total: 21300 ns
[2228.661s][info ][safepoint      ] Safepoint "Cleanup", Time since last: 2000190475 ns, Reaching safepoint: 5900 ns, Cleanup: 10000 ns, At safepoint: 2300 ns, Total: 18200 ns
[2229.661s][info ][safepoint      ] Safepoint "Cleanup", Time since last: 1000112493 ns, Reaching safepoint: 5600 ns, Cleanup: 11300 ns, At safepoint: 2100 ns, Total: 19000 ns
[2230.661s][info ][safepoint      ] Safepoint "Cleanup", Time since last: 1000109892 ns, Reaching safepoint: 7000 ns, Cleanup: 18000 ns, At safepoint: 2300 ns, Total: 27300 ns
[2231.662s][info ][safepoint      ] Safepoint "Cleanup", Time since last: 1000141893 ns, Reaching safepoint: 5500 ns, Cleanup: 13000 ns, At safepoint: 2200 ns, Total: 20700 ns
[2233.662s][info ][safepoint      ] Safepoint "Cleanup", Time since last: 2000184985 ns, Reaching safepoint: 6500 ns, Cleanup: 10000 ns, At safepoint: 2100 ns, Total: 18600 ns
[2239.662s][info ][safepoint      ] Safepoint "Cleanup", Time since last: 6000468478 ns, Reaching safepoint: 5900 ns, Cleanup: 9100 ns, At safepoint: 2000 ns, Total: 17000 ns
[2242.663s][info ][safepoint      ] Safepoint "Cleanup", Time since last: 3000254865 ns, Reaching safepoint: 6100 ns, Cleanup: 8800 ns, At safepoint: 2000 ns, Total: 16900 ns
[2244.663s][info ][safepoint      ] Safepoint "Cleanup", Time since last: 2000191510 ns, Reaching safepoint: 7900 ns, Cleanup: 14900 ns, At safepoint: 2500 ns, Total: 25300 ns
[2245.663s][info ][safepoint      ] Safepoint "Cleanup", Time since last: 1000126965 ns, Reaching safepoint: 5600 ns, Cleanup: 8600 ns, At safepoint: 1700 ns, Total: 15900 ns
[2246.663s][info ][safepoint      ] Safepoint "Cleanup", Time since last: 1000110065 ns, Reaching safepoint: 5300 ns, Cleanup: 8000 ns, At safepoint: 1700 ns, Total: 15000 ns
[2247.663s][info ][safepoint      ] Safepoint "Cleanup", Time since last: 1000101865 ns, Reaching safepoint: 5100 ns, Cleanup: 12900 ns, At safepoint: 1600 ns, Total: 19600 ns
[2252.664s][info ][safepoint      ] Safepoint "Cleanup", Time since last: 5000426725 ns, Reaching safepoint: 5200 ns, Cleanup: 10700 ns, At safepoint: 1900 ns, Total: 17800 ns
[2255.664s][info ][safepoint      ] Safepoint "Cleanup", Time since last: 3000252701 ns, Reaching safepoint: 5800 ns, Cleanup: 9200 ns, At safepoint: 2500 ns, Total: 17500 ns
[2262.665s][info ][safepoint      ] Safepoint "Cleanup", Time since last: 7000538973 ns, Reaching safepoint: 5800 ns, Cleanup: 22600 ns, At safepoint: 6300 ns, Total: 34700 ns
[2263.665s][info ][safepoint      ] Safepoint "Cleanup", Time since last: 1000103268 ns, Reaching safepoint: 5100 ns, Cleanup: 8500 ns, At safepoint: 1700 ns, Total: 15300 ns
[2265.256s][info ][gc,start       ] GC(40) Pause Young (Allocation Failure)
[2265.258s][debug][gc,phases      ] GC(40) Scavenge 2.285ms
[2265.259s][debug][gc,ref         ] GC(40) ReferenceProcessor::execute queues: 1, RefProcThreadModel::Single, marks_oops_alive: false
[2265.259s][debug][gc,ref         ] GC(40) Skipped KeepAliveFinalRefsPhase of Reference Processing: no references
[2265.259s][debug][gc,ref         ] GC(40) ReferenceProcessor::execute queues: 1, RefProcThreadModel::Single, marks_oops_alive: false
[2265.259s][debug][gc,phases      ] GC(40) Reference Processing 0.101ms
[2265.259s][debug][gc,phases      ] GC(40)   VM Weak                        Min:  0.0, Avg:  0.0, Max:  0.0, Diff:  0.0, Sum:  0.0, Workers: 4
[2265.259s][debug][gc,phases      ] GC(40)     Dead                           Min: 0, Avg:  0.0, Max: 0, Diff: 0, Sum: 0, Workers: 4
[2265.259s][debug][gc,phases      ] GC(40)     Total                          Min: 0, Avg: 250.5, Max: 576, Diff: 576, Sum: 1002, Workers: 4
[2265.259s][debug][gc,phases      ] GC(40)   ObjectSynchronizer Weak        Min:  0.0, Avg:  0.0, Max:  0.0, Diff:  0.0, Sum:  0.0, Workers: 4
[2265.259s][debug][gc,phases      ] GC(40)     Dead                           Min: 0, Avg:  0.0, Max: 0, Diff: 0, Sum: 0, Workers: 4
[2265.259s][debug][gc,phases      ] GC(40)     Total                          Min: 0, Avg:  1.0, Max: 4, Diff: 4, Sum: 4, Workers: 4
[2265.259s][debug][gc,phases      ] GC(40)   JVMTI Tag Weak OopStorage      Min:  0.0, Avg:  0.0, Max:  0.0, Diff:  0.0, Sum:  0.0, Workers: 4
[2265.259s][debug][gc,phases      ] GC(40)     Dead                           Min: 0, Avg:  0.0, Max: 0, Diff: 0, Sum: 0, Workers: 4
[2265.259s][debug][gc,phases      ] GC(40)     Total                          Min: 0, Avg:  0.0, Max: 0, Diff: 0, Sum: 0, Workers: 4
[2265.259s][debug][gc,phases      ] GC(40)   StringTable Weak               Min:  0.1, Avg:  0.1, Max:  0.1, Diff:  0.0, Sum:  0.5, Workers: 4
[2265.259s][debug][gc,phases      ] GC(40)     Dead                           Min: 0, Avg:  0.2, Max: 1, Diff: 1, Sum: 1, Workers: 4
[2265.259s][debug][gc,phases      ] GC(40)     Total                          Min: 6527, Avg: 11246.8, Max: 13504, Diff: 6977, Sum: 44987, Workers: 4
[2265.259s][debug][gc,phases      ] GC(40)   ResolvedMethodTable Weak       Min:  0.0, Avg:  0.0, Max:  0.0, Diff:  0.0, Sum:  0.1, Workers: 4
[2265.259s][debug][gc,phases      ] GC(40)     Dead                           Min: 0, Avg:  5.0, Max: 15, Diff: 15, Sum: 20, Workers: 4
[2265.259s][debug][gc,phases      ] GC(40)     Total                          Min: 3472, Avg: 3603.8, Max: 3676, Diff: 204, Sum: 14415, Workers: 4
[2265.259s][debug][gc,phases      ] GC(40)   JNI Weak                       Min:  0.0, Avg:  0.0, Max:  0.0, Diff:  0.0, Sum:  0.0, Workers: 4
[2265.259s][debug][gc,phases      ] GC(40)     Dead                           Min: 0, Avg:  0.0, Max: 0, Diff: 0, Sum: 0, Workers: 4
[2265.259s][debug][gc,phases      ] GC(40)     Total                          Min: 0, Avg: 13.0, Max: 52, Diff: 52, Sum: 52, Workers: 4
[2265.259s][debug][gc,phases      ] GC(40)   StringDedup Table Weak         Min:  0.0, Avg:  0.0, Max:  0.0, Diff:  0.0, Sum:  0.0, Workers: 4
[2265.259s][debug][gc,phases      ] GC(40)     Dead                           Min: 0, Avg:  0.0, Max: 0, Diff: 0, Sum: 0, Workers: 4
[2265.259s][debug][gc,phases      ] GC(40)     Total                          Min: 0, Avg:  0.0, Max: 0, Diff: 0, Sum: 0, Workers: 4
[2265.259s][debug][gc,phases      ] GC(40)   StringDedup Requests0 Weak     Min:  0.0, Avg:  0.0, Max:  0.0, Diff:  0.0, Sum:  0.0, Workers: 4
[2265.259s][debug][gc,phases      ] GC(40)     Dead                           Min: 0, Avg:  0.0, Max: 0, Diff: 0, Sum: 0, Workers: 4
[2265.259s][debug][gc,phases      ] GC(40)     Total                          Min: 0, Avg:  0.0, Max: 0, Diff: 0, Sum: 0, Workers: 4
[2265.259s][debug][gc,phases      ] GC(40)   StringDedup Requests1 Weak     Min:  0.0, Avg:  0.0, Max:  0.0, Diff:  0.0, Sum:  0.0, Workers: 4
[2265.259s][debug][gc,phases      ] GC(40)     Dead                           Min: 0, Avg:  0.0, Max: 0, Diff: 0, Sum: 0, Workers: 4
[2265.259s][debug][gc,phases      ] GC(40)     Total                          Min: 0, Avg:  0.0, Max: 0, Diff: 0, Sum: 0, Workers: 4
[2265.259s][debug][gc,phases      ] GC(40)   Weak JFR Old Object Samples    Min:  0.0, Avg:  0.0, Max:  0.0, Diff:  0.0, Sum:  0.0, Workers: 4
[2265.259s][debug][gc,phases      ] GC(40)     Dead                           Min: 0, Avg:  0.0, Max: 0, Diff: 0, Sum: 0, Workers: 4
[2265.259s][debug][gc,phases      ] GC(40)     Total                          Min: 0, Avg:  0.0, Max: 0, Diff: 0, Sum: 0, Workers: 4
[2265.259s][debug][gc,phases      ] GC(40) Weak Processing 0.388ms
[2265.259s][debug][gc,age         ] GC(40) Desired survivor size 67633152 bytes, new threshold 1 (max threshold 15)
[2265.259s][info ][gc,heap        ] GC(40) PSYoungGen: 1942080K(2015232K)->3794K(2031104K) Eden: 1938944K(1938944K)->0K(1959936K) From: 3136K(76288K)->3794K(71168K)
[2265.259s][info ][gc,heap        ] GC(40) ParOldGen: 218977K(225792K)->219625K(225792K)
[2265.259s][info ][gc,metaspace   ] GC(40) Metaspace: 102925K(104320K)->102925K(104320K) NonClass: 87523K(88320K)->87523K(88320K) Class: 15402K(16000K)->15402K(16000K)
[2265.259s][info ][gc             ] GC(40) Pause Young (Allocation Failure) 2110M->218M(2204M) 2.869ms
[2265.259s][info ][gc,cpu         ] GC(40) User=0.01s Sys=0.00s Real=0.00s
[2265.259s][info ][safepoint      ] Safepoint "ParallelGCFailedAllocation", Time since last: 1591433032 ns, Reaching safepoint: 5200 ns, Cleanup: 8600 ns, At safepoint: 2927000 ns, Total: 2940800 ns
[2276.260s][info ][safepoint      ] Safepoint "Cleanup", Time since last: 11000777036 ns, Reaching safepoint: 5500 ns, Cleanup: 20500 ns, At safepoint: 1800 ns, Total: 27800 ns
[2279.260s][info ][safepoint      ] Safepoint "Cleanup", Time since last: 3000257706 ns, Reaching safepoint: 6000 ns, Cleanup: 13300 ns, At safepoint: 2400 ns, Total: 21700 ns
[2282.740s][info ][safepoint      ] Safepoint "Cleanup", Time since last: 3479589791 ns, Reaching safepoint: 5900 ns, Cleanup: 11700 ns, At safepoint: 1800 ns, Total: 19400 ns
[2283.740s][info ][safepoint      ] Safepoint "Cleanup", Time since last: 1000113584 ns, Reaching safepoint: 7200 ns, Cleanup: 17700 ns, At safepoint: 2100 ns, Total: 27000 ns
[2286.740s][info ][safepoint      ] Safepoint "Cleanup", Time since last: 3000250180 ns, Reaching safepoint: 6300 ns, Cleanup: 11500 ns, At safepoint: 1900 ns, Total: 19700 ns
[2287.740s][info ][safepoint      ] Safepoint "Cleanup", Time since last: 1000111858 ns, Reaching safepoint: 5900 ns, Cleanup: 10600 ns, At safepoint: 2000 ns, Total: 18500 ns
[2288.740s][info ][safepoint      ] Safepoint "Cleanup", Time since last: 1000120658 ns, Reaching safepoint: 6700 ns, Cleanup: 10800 ns, At safepoint: 2300 ns, Total: 19800 ns
[2289.741s][info ][safepoint      ] Safepoint "Cleanup", Time since last: 1000146959 ns, Reaching safepoint: 6400 ns, Cleanup: 11900 ns, At safepoint: 2200 ns, Total: 20500 ns
[2290.741s][info ][safepoint      ] Safepoint "Cleanup", Time since last: 1000109658 ns, Reaching safepoint: 6200 ns, Cleanup: 13000 ns, At safepoint: 2000 ns, Total: 21200 ns
[2291.741s][info ][safepoint      ] Safepoint "Cleanup", Time since last: 1000116058 ns, Reaching safepoint: 6200 ns, Cleanup: 11400 ns, At safepoint: 1800 ns, Total: 19400 ns
[2305.742s][info ][safepoint      ] Safepoint "Cleanup", Time since last: 14001038039 ns, Reaching safepoint: 6600 ns, Cleanup: 9100 ns, At safepoint: 2200 ns, Total: 17900 ns
[2307.742s][info ][safepoint      ] Safepoint "Cleanup", Time since last: 2000190397 ns, Reaching safepoint: 6700 ns, Cleanup: 10600 ns, At safepoint: 2300 ns, Total: 19600 ns
[2312.742s][info ][safepoint      ] Safepoint "Cleanup", Time since last: 5000396064 ns, Reaching safepoint: 7300 ns, Cleanup: 12700 ns, At safepoint: 2600 ns, Total: 22600 ns
[2313.743s][info ][safepoint      ] Safepoint "Cleanup", Time since last: 1000119303 ns, Reaching safepoint: 6400 ns, Cleanup: 14700 ns, At safepoint: 2600 ns, Total: 23700 ns
[2314.743s][info ][safepoint      ] Safepoint "Cleanup", Time since last: 1000113403 ns, Reaching safepoint: 6200 ns, Cleanup: 10700 ns, At safepoint: 1900 ns, Total: 18800 ns
[2325.744s][info ][safepoint      ] Safepoint "Cleanup", Time since last: 11000816491 ns, Reaching safepoint: 6900 ns, Cleanup: 16600 ns, At safepoint: 28200 ns, Total: 51700 ns
[2338.745s][info ][safepoint      ] Safepoint "Cleanup", Time since last: 13000989702 ns, Reaching safepoint: 6700 ns, Cleanup: 14800 ns, At safepoint: 2100 ns, Total: 23600 ns
[2344.757s][info ][safepoint      ] Safepoint "Cleanup", Time since last: 6012813876 ns, Reaching safepoint: 5800 ns, Cleanup: 8900 ns, At safepoint: 2500 ns, Total: 17200 ns
[2345.758s][info ][safepoint      ] Safepoint "Cleanup", Time since last: 1000127771 ns, Reaching safepoint: 6400 ns, Cleanup: 11800 ns, At safepoint: 2300 ns, Total: 20500 ns
[2349.758s][info ][safepoint      ] Safepoint "Cleanup", Time since last: 4000326869 ns, Reaching safepoint: 6000 ns, Cleanup: 10900 ns, At safepoint: 2300 ns, Total: 19200 ns
[2351.852s][info ][gc,start       ] GC(41) Pause Young (Allocation Failure)
[2351.854s][debug][gc,phases      ] GC(41) Scavenge 2.093ms
[2351.854s][debug][gc,ref         ] GC(41) ReferenceProcessor::execute queues: 1, RefProcThreadModel::Single, marks_oops_alive: false
[2351.854s][debug][gc,ref         ] GC(41) Skipped KeepAliveFinalRefsPhase of Reference Processing: no references
[2351.854s][debug][gc,ref         ] GC(41) Skipped PhantomRefsPhase of Reference Processing: no references
[2351.854s][debug][gc,phases      ] GC(41) Reference Processing 0.107ms
[2351.854s][debug][gc,phases      ] GC(41)   VM Weak                        Min:  0.0, Avg:  0.0, Max:  0.0, Diff:  0.0, Sum:  0.0, Workers: 4
[2351.854s][debug][gc,phases      ] GC(41)     Dead                           Min: 0, Avg:  0.0, Max: 0, Diff: 0, Sum: 0, Workers: 4
[2351.854s][debug][gc,phases      ] GC(41)     Total                          Min: 0, Avg: 250.5, Max: 810, Diff: 810, Sum: 1002, Workers: 4
[2351.854s][debug][gc,phases      ] GC(41)   ObjectSynchronizer Weak        Min:  0.0, Avg:  0.0, Max:  0.0, Diff:  0.0, Sum:  0.0, Workers: 4
[2351.854s][debug][gc,phases      ] GC(41)     Dead                           Min: 0, Avg:  0.0, Max: 0, Diff: 0, Sum: 0, Workers: 4
[2351.854s][debug][gc,phases      ] GC(41)     Total                          Min: 0, Avg:  1.0, Max: 4, Diff: 4, Sum: 4, Workers: 4
[2351.854s][debug][gc,phases      ] GC(41)   JVMTI Tag Weak OopStorage      Min:  0.0, Avg:  0.0, Max:  0.0, Diff:  0.0, Sum:  0.0, Workers: 4
[2351.854s][debug][gc,phases      ] GC(41)     Dead                           Min: 0, Avg:  0.0, Max: 0, Diff: 0, Sum: 0, Workers: 4
[2351.854s][debug][gc,phases      ] GC(41)     Total                          Min: 0, Avg:  0.0, Max: 0, Diff: 0, Sum: 0, Workers: 4
[2351.854s][debug][gc,phases      ] GC(41)   StringTable Weak               Min:  0.0, Avg:  0.1, Max:  0.1, Diff:  0.1, Sum:  0.4, Workers: 4
[2351.854s][debug][gc,phases      ] GC(41)     Dead                           Min: 0, Avg:  0.0, Max: 0, Diff: 0, Sum: 0, Workers: 4
[2351.854s][debug][gc,phases      ] GC(41)     Total                          Min: 0, Avg: 11247.5, Max: 18942, Diff: 18942, Sum: 44990, Workers: 4
[2351.854s][debug][gc,phases      ] GC(41)   ResolvedMethodTable Weak       Min:  0.0, Avg:  0.0, Max:  0.0, Diff:  0.0, Sum:  0.1, Workers: 4
[2351.854s][debug][gc,phases      ] GC(41)     Dead                           Min: 0, Avg:  4.0, Max: 15, Diff: 15, Sum: 16, Workers: 4
[2351.854s][debug][gc,phases      ] GC(41)     Total                          Min: 0, Avg: 3603.8, Max: 6155, Diff: 6155, Sum: 14415, Workers: 4
[2351.854s][debug][gc,phases      ] GC(41)   JNI Weak                       Min:  0.0, Avg:  0.0, Max:  0.0, Diff:  0.0, Sum:  0.0, Workers: 4
[2351.854s][debug][gc,phases      ] GC(41)     Dead                           Min: 0, Avg:  0.0, Max: 0, Diff: 0, Sum: 0, Workers: 4
[2351.854s][debug][gc,phases      ] GC(41)     Total                          Min: 0, Avg: 13.0, Max: 52, Diff: 52, Sum: 52, Workers: 4
[2351.854s][debug][gc,phases      ] GC(41)   StringDedup Table Weak         Min:  0.0, Avg:  0.0, Max:  0.0, Diff:  0.0, Sum:  0.0, Workers: 4
[2351.854s][debug][gc,phases      ] GC(41)     Dead                           Min: 0, Avg:  0.0, Max: 0, Diff: 0, Sum: 0, Workers: 4
[2351.854s][debug][gc,phases      ] GC(41)     Total                          Min: 0, Avg:  0.0, Max: 0, Diff: 0, Sum: 0, Workers: 4
[2351.854s][debug][gc,phases      ] GC(41)   StringDedup Requests0 Weak     Min:  0.0, Avg:  0.0, Max:  0.0, Diff:  0.0, Sum:  0.0, Workers: 4
[2351.854s][debug][gc,phases      ] GC(41)     Dead                           Min: 0, Avg:  0.0, Max: 0, Diff: 0, Sum: 0, Workers: 4
[2351.854s][debug][gc,phases      ] GC(41)     Total                          Min: 0, Avg:  0.0, Max: 0, Diff: 0, Sum: 0, Workers: 4
[2351.854s][debug][gc,phases      ] GC(41)   StringDedup Requests1 Weak     Min:  0.0, Avg:  0.0, Max:  0.0, Diff:  0.0, Sum:  0.0, Workers: 4
[2351.854s][debug][gc,phases      ] GC(41)     Dead                           Min: 0, Avg:  0.0, Max: 0, Diff: 0, Sum: 0, Workers: 4
[2351.854s][debug][gc,phases      ] GC(41)     Total                          Min: 0, Avg:  0.0, Max: 0, Diff: 0, Sum: 0, Workers: 4
[2351.854s][debug][gc,phases      ] GC(41)   Weak JFR Old Object Samples    Min:  0.0, Avg:  0.0, Max:  0.0, Diff:  0.0, Sum:  0.0, Workers: 4
[2351.854s][debug][gc,phases      ] GC(41)     Dead                           Min: 0, Avg:  0.0, Max: 0, Diff: 0, Sum: 0, Workers: 4
[2351.854s][debug][gc,phases      ] GC(41)     Total                          Min: 0, Avg:  0.0, Max: 0, Diff: 0, Sum: 0, Workers: 4
[2351.854s][debug][gc,phases      ] GC(41) Weak Processing 0.380ms
[2351.854s][debug][gc,age         ] GC(41) Desired survivor size 62914560 bytes, new threshold 1 (max threshold 15)
[2351.854s][info ][gc,heap        ] GC(41) PSYoungGen: 1963730K(2031104K)->2560K(2025984K) Eden: 1959936K(1959936K)->0K(1959936K) From: 3794K(71168K)->2560K(66048K)
[2351.854s][info ][gc,heap        ] GC(41) ParOldGen: 219625K(225792K)->220810K(225792K)
[2351.854s][info ][gc,metaspace   ] GC(41) Metaspace: 102938K(104320K)->102938K(104320K) NonClass: 87536K(88320K)->87536K(88320K) Class: 15402K(16000K)->15402K(16000K)
[2351.854s][info ][gc             ] GC(41) Pause Young (Allocation Failure) 2132M->218M(2199M) 2.685ms
[2351.854s][info ][gc,cpu         ] GC(41) User=0.01s Sys=0.00s Real=0.00s
[2351.854s][info ][safepoint      ] Safepoint "ParallelGCFailedAllocation", Time since last: 2093740304 ns, Reaching safepoint: 6300 ns, Cleanup: 4000 ns, At safepoint: 2752200 ns, Total: 2762500 ns
[2353.855s][info ][safepoint      ] Safepoint "Cleanup", Time since last: 2000156708 ns, Reaching safepoint: 6100 ns, Cleanup: 12300 ns, At safepoint: 1900 ns, Total: 20300 ns
[2356.855s][info ][safepoint      ] Safepoint "Cleanup", Time since last: 3000250853 ns, Reaching safepoint: 5700 ns, Cleanup: 9500 ns, At safepoint: 2200 ns, Total: 17400 ns
[2358.855s][info ][safepoint      ] Safepoint "Cleanup", Time since last: 2000190347 ns, Reaching safepoint: 5400 ns, Cleanup: 8500 ns, At safepoint: 2000 ns, Total: 15900 ns
[2363.856s][info ][safepoint      ] Safepoint "Cleanup", Time since last: 5000393868 ns, Reaching safepoint: 6700 ns, Cleanup: 10400 ns, At safepoint: 2100 ns, Total: 19200 ns
[2366.856s][info ][safepoint      ] Safepoint "Cleanup", Time since last: 3000296756 ns, Reaching safepoint: 7500 ns, Cleanup: 13400 ns, At safepoint: 2800 ns, Total: 23700 ns
[2368.856s][info ][safepoint      ] Safepoint "Cleanup", Time since last: 2000188576 ns, Reaching safepoint: 6100 ns, Cleanup: 8700 ns, At safepoint: 2100 ns, Total: 16900 ns
[2371.856s][info ][safepoint      ] Safepoint "Cleanup", Time since last: 3000253014 ns, Reaching safepoint: 5800 ns, Cleanup: 9400 ns, At safepoint: 2100 ns, Total: 17300 ns
[2375.857s][info ][safepoint      ] Safepoint "Cleanup", Time since last: 4000324096 ns, Reaching safepoint: 9600 ns, Cleanup: 10700 ns, At safepoint: 2000 ns, Total: 22300 ns
[2377.857s][info ][safepoint      ] Safepoint "Cleanup", Time since last: 2000178269 ns, Reaching safepoint: 6000 ns, Cleanup: 13200 ns, At safepoint: 2000 ns, Total: 21200 ns
[2380.857s][info ][safepoint      ] Safepoint "Cleanup", Time since last: 3000261482 ns, Reaching safepoint: 5700 ns, Cleanup: 15100 ns, At safepoint: 2100 ns, Total: 22900 ns
[2381.857s][info ][safepoint      ] Safepoint "Cleanup", Time since last: 1000122093 ns, Reaching safepoint: 6900 ns, Cleanup: 10400 ns, At safepoint: 2200 ns, Total: 19500 ns
[2389.858s][info ][safepoint      ] Safepoint "Cleanup", Time since last: 8000630631 ns, Reaching safepoint: 8900 ns, Cleanup: 13500 ns, At safepoint: 2800 ns, Total: 25200 ns
[2391.858s][info ][safepoint      ] Safepoint "Cleanup", Time since last: 2000191673 ns, Reaching safepoint: 5800 ns, Cleanup: 10200 ns, At safepoint: 2100 ns, Total: 18100 ns
[2396.859s][info ][safepoint      ] Safepoint "Cleanup", Time since last: 5000405785 ns, Reaching safepoint: 6400 ns, Cleanup: 10900 ns, At safepoint: 2400 ns, Total: 19700 ns
[2405.775s][info ][safepoint      ] Safepoint "Cleanup", Time since last: 8916146655 ns, Reaching safepoint: 6200 ns, Cleanup: 8600 ns, At safepoint: 1900 ns, Total: 16700 ns
[2408.775s][info ][safepoint      ] Safepoint "Cleanup", Time since last: 3000262673 ns, Reaching safepoint: 6600 ns, Cleanup: 13000 ns, At safepoint: 2300 ns, Total: 21900 ns
[2411.775s][info ][safepoint      ] Safepoint "Cleanup", Time since last: 3000252274 ns, Reaching safepoint: 7100 ns, Cleanup: 14900 ns, At safepoint: 6900 ns, Total: 28900 ns
[2419.776s][info ][safepoint      ] Safepoint "Cleanup", Time since last: 8000591553 ns, Reaching safepoint: 6200 ns, Cleanup: 10500 ns, At safepoint: 2300 ns, Total: 19000 ns
[2421.776s][info ][safepoint      ] Safepoint "Cleanup", Time since last: 2000204613 ns, Reaching safepoint: 5200 ns, Cleanup: 12100 ns, At safepoint: 2000 ns, Total: 19300 ns
[2439.401s][info ][gc,start       ] GC(42) Pause Young (Allocation Failure)
[2439.403s][debug][gc,phases      ] GC(42) Scavenge 2.621ms
[2439.403s][debug][gc,ref         ] GC(42) ReferenceProcessor::execute queues: 1, RefProcThreadModel::Single, marks_oops_alive: false
[2439.403s][debug][gc,ref         ] GC(42) Skipped KeepAliveFinalRefsPhase of Reference Processing: no references
[2439.403s][debug][gc,ref         ] GC(42) ReferenceProcessor::execute queues: 1, RefProcThreadModel::Single, marks_oops_alive: false
[2439.403s][debug][gc,phases      ] GC(42) Reference Processing 0.097ms
[2439.404s][debug][gc,phases      ] GC(42)   VM Weak                        Min:  0.0, Avg:  0.0, Max:  0.0, Diff:  0.0, Sum:  0.0, Workers: 4
[2439.404s][debug][gc,phases      ] GC(42)     Dead                           Min: 0, Avg:  0.0, Max: 0, Diff: 0, Sum: 0, Workers: 4
[2439.404s][debug][gc,phases      ] GC(42)     Total                          Min: 0, Avg: 251.5, Max: 622, Diff: 622, Sum: 1006, Workers: 4
[2439.404s][debug][gc,phases      ] GC(42)   ObjectSynchronizer Weak        Min:  0.0, Avg:  0.0, Max:  0.0, Diff:  0.0, Sum:  0.0, Workers: 4
[2439.404s][debug][gc,phases      ] GC(42)     Dead                           Min: 0, Avg:  0.0, Max: 0, Diff: 0, Sum: 0, Workers: 4
[2439.404s][debug][gc,phases      ] GC(42)     Total                          Min: 0, Avg:  1.0, Max: 4, Diff: 4, Sum: 4, Workers: 4
[2439.404s][debug][gc,phases      ] GC(42)   JVMTI Tag Weak OopStorage      Min:  0.0, Avg:  0.0, Max:  0.0, Diff:  0.0, Sum:  0.0, Workers: 4
[2439.404s][debug][gc,phases      ] GC(42)     Dead                           Min: 0, Avg:  0.0, Max: 0, Diff: 0, Sum: 0, Workers: 4
[2439.404s][debug][gc,phases      ] GC(42)     Total                          Min: 0, Avg:  0.0, Max: 0, Diff: 0, Sum: 0, Workers: 4
[2439.404s][debug][gc,phases      ] GC(42)   StringTable Weak               Min:  0.0, Avg:  0.1, Max:  0.1, Diff:  0.1, Sum:  0.4, Workers: 4
[2439.404s][debug][gc,phases      ] GC(42)     Dead                           Min: 0, Avg:  0.0, Max: 0, Diff: 0, Sum: 0, Workers: 4
[2439.404s][debug][gc,phases      ] GC(42)     Total                          Min: 0, Avg: 11250.8, Max: 19456, Diff: 19456, Sum: 45003, Workers: 4
[2439.404s][debug][gc,phases      ] GC(42)   ResolvedMethodTable Weak       Min:  0.0, Avg:  0.0, Max:  0.0, Diff:  0.0, Sum:  0.1, Workers: 4
[2439.404s][debug][gc,phases      ] GC(42)     Dead                           Min: 0, Avg:  4.0, Max: 8, Diff: 8, Sum: 16, Workers: 4
[2439.404s][debug][gc,phases      ] GC(42)     Total                          Min: 2343, Avg: 3606.0, Max: 4128, Diff: 1785, Sum: 14424, Workers: 4
[2439.404s][debug][gc,phases      ] GC(42)   JNI Weak                       Min:  0.0, Avg:  0.0, Max:  0.0, Diff:  0.0, Sum:  0.0, Workers: 4
[2439.404s][debug][gc,phases      ] GC(42)     Dead                           Min: 0, Avg:  0.0, Max: 0, Diff: 0, Sum: 0, Workers: 4
[2439.404s][debug][gc,phases      ] GC(42)     Total                          Min: 0, Avg: 13.0, Max: 52, Diff: 52, Sum: 52, Workers: 4
[2439.404s][debug][gc,phases      ] GC(42)   StringDedup Table Weak         Min:  0.0, Avg:  0.0, Max:  0.0, Diff:  0.0, Sum:  0.0, Workers: 4
[2439.404s][debug][gc,phases      ] GC(42)     Dead                           Min: 0, Avg:  0.0, Max: 0, Diff: 0, Sum: 0, Workers: 4
[2439.404s][debug][gc,phases      ] GC(42)     Total                          Min: 0, Avg:  0.0, Max: 0, Diff: 0, Sum: 0, Workers: 4
[2439.404s][debug][gc,phases      ] GC(42)   StringDedup Requests0 Weak     Min:  0.0, Avg:  0.0, Max:  0.0, Diff:  0.0, Sum:  0.0, Workers: 4
[2439.404s][debug][gc,phases      ] GC(42)     Dead                           Min: 0, Avg:  0.0, Max: 0, Diff: 0, Sum: 0, Workers: 4
[2439.404s][debug][gc,phases      ] GC(42)     Total                          Min: 0, Avg:  0.0, Max: 0, Diff: 0, Sum: 0, Workers: 4
[2439.404s][debug][gc,phases      ] GC(42)   StringDedup Requests1 Weak     Min:  0.0, Avg:  0.0, Max:  0.0, Diff:  0.0, Sum:  0.0, Workers: 4
[2439.404s][debug][gc,phases      ] GC(42)     Dead                           Min: 0, Avg:  0.0, Max: 0, Diff: 0, Sum: 0, Workers: 4
[2439.404s][debug][gc,phases      ] GC(42)     Total                          Min: 0, Avg:  0.0, Max: 0, Diff: 0, Sum: 0, Workers: 4
[2439.404s][debug][gc,phases      ] GC(42)   Weak JFR Old Object Samples    Min:  0.0, Avg:  0.0, Max:  0.0, Diff:  0.0, Sum:  0.0, Workers: 4
[2439.404s][debug][gc,phases      ] GC(42)     Dead                           Min: 0, Avg:  0.0, Max: 0, Diff: 0, Sum: 0, Workers: 4
[2439.404s][debug][gc,phases      ] GC(42)     Total                          Min: 0, Avg:  0.0, Max: 0, Diff: 0, Sum: 0, Workers: 4
[2439.404s][debug][gc,phases      ] GC(42) Weak Processing 0.387ms
[2439.404s][debug][gc,age         ] GC(42) Desired survivor size 58720256 bytes, new threshold 1 (max threshold 15)
[2439.404s][info ][gc,heap        ] GC(42) PSYoungGen: 1962496K(2025984K)->3248K(2039808K) Eden: 1959936K(1959936K)->0K(1978368K) From: 2560K(66048K)->3248K(61440K)
[2439.404s][info ][gc,heap        ] GC(42) ParOldGen: 220810K(225792K)->221190K(225792K)
[2439.404s][info ][gc,metaspace   ] GC(42) Metaspace: 102972K(104320K)->102972K(104320K) NonClass: 87567K(88320K)->87567K(88320K) Class: 15404K(16000K)->15404K(16000K)
[2439.404s][info ][gc             ] GC(42) Pause Young (Allocation Failure) 2132M->219M(2212M) 3.215ms
[2439.404s][info ][gc,cpu         ] GC(42) User=0.01s Sys=0.00s Real=0.00s
[2439.404s][info ][safepoint      ] Safepoint "ParallelGCFailedAllocation", Time since last: 17624344107 ns, Reaching safepoint: 78800 ns, Cleanup: 3900 ns, At safepoint: 3282795 ns, Total: 3365495 ns
[2441.404s][info ][safepoint      ] Safepoint "Cleanup", Time since last: 2000164271 ns, Reaching safepoint: 8100 ns, Cleanup: 19900 ns, At safepoint: 2600 ns, Total: 30600 ns
[2452.405s][info ][safepoint      ] Safepoint "Cleanup", Time since last: 11000819522 ns, Reaching safepoint: 6300 ns, Cleanup: 9300 ns, At safepoint: 2000 ns, Total: 17600 ns
[2456.405s][info ][safepoint      ] Safepoint "Cleanup", Time since last: 4000323895 ns, Reaching safepoint: 5700 ns, Cleanup: 8800 ns, At safepoint: 2100 ns, Total: 16600 ns
[2484.794s][info ][safepoint      ] Safepoint "Cleanup", Time since last: 28389011215 ns, Reaching safepoint: 7400 ns, Cleanup: 16700 ns, At safepoint: 3400 ns, Total: 27500 ns
[2493.795s][info ][safepoint      ] Safepoint "Cleanup", Time since last: 9000744393 ns, Reaching safepoint: 6800 ns, Cleanup: 11200 ns, At safepoint: 2200 ns, Total: 20200 ns
[2500.796s][info ][safepoint      ] Safepoint "Cleanup", Time since last: 7000570186 ns, Reaching safepoint: 8300 ns, Cleanup: 51899 ns, At safepoint: 2600 ns, Total: 62799 ns
[2501.796s][info ][safepoint      ] Safepoint "Cleanup", Time since last: 1000115772 ns, Reaching safepoint: 6100 ns, Cleanup: 43800 ns, At safepoint: 2500 ns, Total: 52400 ns
[2502.796s][info ][safepoint      ] Safepoint "Cleanup", Time since last: 1000148519 ns, Reaching safepoint: 7500 ns, Cleanup: 13500 ns, At safepoint: 2600 ns, Total: 23600 ns
[2503.796s][info ][safepoint      ] Safepoint "Cleanup", Time since last: 1000114419 ns, Reaching safepoint: 6300 ns, Cleanup: 12100 ns, At safepoint: 2300 ns, Total: 20700 ns
[2504.796s][info ][safepoint      ] Safepoint "Cleanup", Time since last: 1000107819 ns, Reaching safepoint: 25000 ns, Cleanup: 9900 ns, At safepoint: 1800 ns, Total: 36700 ns
[2506.797s][info ][safepoint      ] Safepoint "Cleanup", Time since last: 2000177039 ns, Reaching safepoint: 6500 ns, Cleanup: 13700 ns, At safepoint: 2400 ns, Total: 22600 ns
[2508.797s][info ][safepoint      ] Safepoint "Cleanup", Time since last: 2000185617 ns, Reaching safepoint: 6400 ns, Cleanup: 11200 ns, At safepoint: 2200 ns, Total: 19800 ns
[2518.798s][info ][safepoint      ] Safepoint "Cleanup", Time since last: 10000784660 ns, Reaching safepoint: 6100 ns, Cleanup: 10900 ns, At safepoint: 27100 ns, Total: 44100 ns
[2522.813s][info ][safepoint      ] Safepoint "Cleanup", Time since last: 4015331271 ns, Reaching safepoint: 5700 ns, Cleanup: 9300 ns, At safepoint: 1800 ns, Total: 16800 ns
[2525.813s][info ][safepoint      ] Safepoint "Cleanup", Time since last: 3000267630 ns, Reaching safepoint: 5100 ns, Cleanup: 9600 ns, At safepoint: 2000 ns, Total: 16700 ns
[2529.814s][info ][safepoint      ] Safepoint "Cleanup", Time since last: 4000312028 ns, Reaching safepoint: 6900 ns, Cleanup: 10500 ns, At safepoint: 2200 ns, Total: 19600 ns
[2531.803s][info ][gc,start       ] GC(43) Pause Young (Allocation Failure)
[2531.806s][debug][gc,phases      ] GC(43) Scavenge 2.783ms
[2531.806s][debug][gc,ref         ] GC(43) ReferenceProcessor::execute queues: 1, RefProcThreadModel::Single, marks_oops_alive: false
[2531.806s][debug][gc,ref         ] GC(43) Skipped KeepAliveFinalRefsPhase of Reference Processing: no references
[2531.806s][debug][gc,ref         ] GC(43) ReferenceProcessor::execute queues: 1, RefProcThreadModel::Single, marks_oops_alive: false
[2531.806s][debug][gc,phases      ] GC(43) Reference Processing 0.101ms
[2531.806s][debug][gc,phases      ] GC(43)   VM Weak                        Min:  0.0, Avg:  0.0, Max:  0.0, Diff:  0.0, Sum:  0.0, Workers: 4
[2531.806s][debug][gc,phases      ] GC(43)     Dead                           Min: 0, Avg:  0.0, Max: 0, Diff: 0, Sum: 0, Workers: 4
[2531.806s][debug][gc,phases      ] GC(43)     Total                          Min: 0, Avg: 251.5, Max: 576, Diff: 576, Sum: 1006, Workers: 4
[2531.806s][debug][gc,phases      ] GC(43)   ObjectSynchronizer Weak        Min:  0.0, Avg:  0.0, Max:  0.0, Diff:  0.0, Sum:  0.0, Workers: 4
[2531.806s][debug][gc,phases      ] GC(43)     Dead                           Min: 0, Avg:  0.0, Max: 0, Diff: 0, Sum: 0, Workers: 4
[2531.806s][debug][gc,phases      ] GC(43)     Total                          Min: 0, Avg:  0.8, Max: 3, Diff: 3, Sum: 3, Workers: 4
[2531.806s][debug][gc,phases      ] GC(43)   JVMTI Tag Weak OopStorage      Min:  0.0, Avg:  0.0, Max:  0.0, Diff:  0.0, Sum:  0.0, Workers: 4
[2531.806s][debug][gc,phases      ] GC(43)     Dead                           Min: 0, Avg:  0.0, Max: 0, Diff: 0, Sum: 0, Workers: 4
[2531.806s][debug][gc,phases      ] GC(43)     Total                          Min: 0, Avg:  0.0, Max: 0, Diff: 0, Sum: 0, Workers: 4
[2531.806s][debug][gc,phases      ] GC(43)   StringTable Weak               Min:  0.0, Avg:  0.1, Max:  0.1, Diff:  0.1, Sum:  0.4, Workers: 4
[2531.806s][debug][gc,phases      ] GC(43)     Dead                           Min: 0, Avg:  0.0, Max: 0, Diff: 0, Sum: 0, Workers: 4
[2531.806s][debug][gc,phases      ] GC(43)     Total                          Min: 0, Avg: 11251.2, Max: 19968, Diff: 19968, Sum: 45005, Workers: 4
[2531.806s][debug][gc,phases      ] GC(43)   ResolvedMethodTable Weak       Min:  0.0, Avg:  0.0, Max:  0.0, Diff:  0.0, Sum:  0.1, Workers: 4
[2531.806s][debug][gc,phases      ] GC(43)     Dead                           Min: 0, Avg:  4.0, Max: 16, Diff: 16, Sum: 16, Workers: 4
[2531.806s][debug][gc,phases      ] GC(43)     Total                          Min: 0, Avg: 3606.0, Max: 6385, Diff: 6385, Sum: 14424, Workers: 4
[2531.806s][debug][gc,phases      ] GC(43)   JNI Weak                       Min:  0.0, Avg:  0.0, Max:  0.0, Diff:  0.0, Sum:  0.0, Workers: 4
[2531.806s][debug][gc,phases      ] GC(43)     Dead                           Min: 0, Avg:  0.0, Max: 0, Diff: 0, Sum: 0, Workers: 4
[2531.806s][debug][gc,phases      ] GC(43)     Total                          Min: 0, Avg: 13.0, Max: 52, Diff: 52, Sum: 52, Workers: 4
[2531.806s][debug][gc,phases      ] GC(43)   StringDedup Table Weak         Min:  0.0, Avg:  0.0, Max:  0.0, Diff:  0.0, Sum:  0.0, Workers: 4
[2531.806s][debug][gc,phases      ] GC(43)     Dead                           Min: 0, Avg:  0.0, Max: 0, Diff: 0, Sum: 0, Workers: 4
[2531.806s][debug][gc,phases      ] GC(43)     Total                          Min: 0, Avg:  0.0, Max: 0, Diff: 0, Sum: 0, Workers: 4
[2531.806s][debug][gc,phases      ] GC(43)   StringDedup Requests0 Weak     Min:  0.0, Avg:  0.0, Max:  0.0, Diff:  0.0, Sum:  0.0, Workers: 4
[2531.806s][debug][gc,phases      ] GC(43)     Dead                           Min: 0, Avg:  0.0, Max: 0, Diff: 0, Sum: 0, Workers: 4
[2531.806s][debug][gc,phases      ] GC(43)     Total                          Min: 0, Avg:  0.0, Max: 0, Diff: 0, Sum: 0, Workers: 4
[2531.806s][debug][gc,phases      ] GC(43)   StringDedup Requests1 Weak     Min:  0.0, Avg:  0.0, Max:  0.0, Diff:  0.0, Sum:  0.0, Workers: 4
[2531.806s][debug][gc,phases      ] GC(43)     Dead                           Min: 0, Avg:  0.0, Max: 0, Diff: 0, Sum: 0, Workers: 4
[2531.806s][debug][gc,phases      ] GC(43)     Total                          Min: 0, Avg:  0.0, Max: 0, Diff: 0, Sum: 0, Workers: 4
[2531.806s][debug][gc,phases      ] GC(43)   Weak JFR Old Object Samples    Min:  0.0, Avg:  0.0, Max:  0.0, Diff:  0.0, Sum:  0.0, Workers: 4
[2531.806s][debug][gc,phases      ] GC(43)     Dead                           Min: 0, Avg:  0.0, Max: 0, Diff: 0, Sum: 0, Workers: 4
[2531.806s][debug][gc,phases      ] GC(43)     Total                          Min: 0, Avg:  0.0, Max: 0, Diff: 0, Sum: 0, Workers: 4
[2531.806s][debug][gc,phases      ] GC(43) Weak Processing 0.372ms
[2531.806s][debug][gc,age         ] GC(43) Desired survivor size 54001664 bytes, new threshold 1 (max threshold 15)
[2531.806s][info ][gc,heap        ] GC(43) PSYoungGen: 1981616K(2039808K)->5168K(2035712K) Eden: 1978368K(1978368K)->0K(1978368K) From: 3248K(61440K)->5168K(57344K)
[2531.806s][info ][gc,heap        ] GC(43) ParOldGen: 221190K(225792K)->221726K(225792K)
[2531.806s][info ][gc,metaspace   ] GC(43) Metaspace: 102987K(104320K)->102987K(104320K) NonClass: 87582K(88320K)->87582K(88320K) Class: 15404K(16000K)->15404K(16000K)
[2531.806s][info ][gc             ] GC(43) Pause Young (Allocation Failure) 2151M->221M(2208M) 3.357ms
[2531.806s][info ][gc,cpu         ] GC(43) User=0.01s Sys=0.00s Real=0.00s
[2531.806s][info ][safepoint      ] Safepoint "ParallelGCFailedAllocation", Time since last: 1989470831 ns, Reaching safepoint: 81600 ns, Cleanup: 4100 ns, At safepoint: 3430694 ns, Total: 3516394 ns
[2534.807s][info ][safepoint      ] Safepoint "Cleanup", Time since last: 3000243226 ns, Reaching safepoint: 6300 ns, Cleanup: 21700 ns, At safepoint: 2300 ns, Total: 30300 ns
[2540.807s][info ][safepoint      ] Safepoint "Cleanup", Time since last: 6000458300 ns, Reaching safepoint: 6200 ns, Cleanup: 10300 ns, At safepoint: 2000 ns, Total: 18500 ns
[2543.808s][info ][safepoint      ] Safepoint "Cleanup", Time since last: 3000248843 ns, Reaching safepoint: 5900 ns, Cleanup: 12100 ns, At safepoint: 2500 ns, Total: 20500 ns
[2551.808s][info ][safepoint      ] Safepoint "Cleanup", Time since last: 8000617102 ns, Reaching safepoint: 5300 ns, Cleanup: 8500 ns, At safepoint: 1900 ns, Total: 15700 ns
[2553.808s][info ][safepoint      ] Safepoint "Cleanup", Time since last: 2000169464 ns, Reaching safepoint: 5900 ns, Cleanup: 11000 ns, At safepoint: 2400 ns, Total: 19300 ns
[2554.808s][info ][safepoint      ] Safepoint "Cleanup", Time since last: 1000105733 ns, Reaching safepoint: 6100 ns, Cleanup: 17100 ns, At safepoint: 2400 ns, Total: 25600 ns
[2555.809s][info ][safepoint      ] Safepoint "Cleanup", Time since last: 1000107432 ns, Reaching safepoint: 5800 ns, Cleanup: 8900 ns, At safepoint: 2400 ns, Total: 17100 ns
[2556.809s][info ][safepoint      ] Safepoint "Cleanup", Time since last: 1000116332 ns, Reaching safepoint: 6200 ns, Cleanup: 9400 ns, At safepoint: 2100 ns, Total: 17700 ns
[2566.809s][info ][safepoint      ] Safepoint "Cleanup", Time since last: 10000758738 ns, Reaching safepoint: 6000 ns, Cleanup: 8600 ns, At safepoint: 2000 ns, Total: 16600 ns
[2567.810s][info ][safepoint      ] Safepoint "Cleanup", Time since last: 1000113231 ns, Reaching safepoint: 5600 ns, Cleanup: 10400 ns, At safepoint: 1700 ns, Total: 17700 ns
[2569.810s][info ][safepoint      ] Safepoint "Cleanup", Time since last: 2000183364 ns, Reaching safepoint: 7300 ns, Cleanup: 15400 ns, At safepoint: 2200 ns, Total: 24900 ns
[2573.810s][info ][safepoint      ] Safepoint "Cleanup", Time since last: 4000310722 ns, Reaching safepoint: 4600 ns, Cleanup: 11800 ns, At safepoint: 1900 ns, Total: 18300 ns
[2577.811s][info ][safepoint      ] Safepoint "Cleanup", Time since last: 4000336700 ns, Reaching safepoint: 9200 ns, Cleanup: 14500 ns, At safepoint: 2300 ns, Total: 26000 ns
[2583.830s][info ][safepoint      ] Safepoint "Cleanup", Time since last: 6019609292 ns, Reaching safepoint: 6200 ns, Cleanup: 12000 ns, At safepoint: 2200 ns, Total: 20400 ns
[2584.830s][info ][safepoint      ] Safepoint "Cleanup", Time since last: 1000113084 ns, Reaching safepoint: 5700 ns, Cleanup: 9600 ns, At safepoint: 2000 ns, Total: 17300 ns
[2592.831s][info ][safepoint      ] Safepoint "Cleanup", Time since last: 8000615950 ns, Reaching safepoint: 7400 ns, Cleanup: 11800 ns, At safepoint: 2100 ns, Total: 21300 ns
[2598.831s][info ][safepoint      ] Safepoint "Cleanup", Time since last: 6000521012 ns, Reaching safepoint: 5700 ns, Cleanup: 16600 ns, At safepoint: 2200 ns, Total: 24500 ns
[2599.832s][info ][safepoint      ] Safepoint "Cleanup", Time since last: 1000106111 ns, Reaching safepoint: 6000 ns, Cleanup: 14100 ns, At safepoint: 2200 ns, Total: 22300 ns
[2602.832s][info ][safepoint      ] Safepoint "Cleanup", Time since last: 3000276733 ns, Reaching safepoint: 6900 ns, Cleanup: 16400 ns, At safepoint: 2200 ns, Total: 25500 ns
[2609.832s][info ][safepoint      ] Safepoint "Cleanup", Time since last: 7000528733 ns, Reaching safepoint: 7000 ns, Cleanup: 11400 ns, At safepoint: 2300 ns, Total: 20700 ns
[2610.833s][info ][safepoint      ] Safepoint "Cleanup", Time since last: 1000109368 ns, Reaching safepoint: 5300 ns, Cleanup: 10600 ns, At safepoint: 1800 ns, Total: 17700 ns
[2619.964s][info ][gc,start       ] GC(44) Pause Young (Allocation Failure)
[2619.966s][debug][gc,phases      ] GC(44) Scavenge 2.030ms
[2619.966s][debug][gc,ref         ] GC(44) ReferenceProcessor::execute queues: 1, RefProcThreadModel::Single, marks_oops_alive: false
[2619.966s][debug][gc,ref         ] GC(44) Skipped KeepAliveFinalRefsPhase of Reference Processing: no references
[2619.966s][debug][gc,ref         ] GC(44) ReferenceProcessor::execute queues: 1, RefProcThreadModel::Single, marks_oops_alive: false
[2619.966s][debug][gc,phases      ] GC(44) Reference Processing 0.100ms
[2619.967s][debug][gc,phases      ] GC(44)   VM Weak                        Min:  0.0, Avg:  0.0, Max:  0.0, Diff:  0.0, Sum:  0.0, Workers: 4
[2619.967s][debug][gc,phases      ] GC(44)     Dead                           Min: 0, Avg:  0.0, Max: 0, Diff: 0, Sum: 0, Workers: 4
[2619.967s][debug][gc,phases      ] GC(44)     Total                          Min: 0, Avg: 251.5, Max: 942, Diff: 942, Sum: 1006, Workers: 4
[2619.967s][debug][gc,phases      ] GC(44)   ObjectSynchronizer Weak        Min:  0.0, Avg:  0.0, Max:  0.0, Diff:  0.0, Sum:  0.0, Workers: 4
[2619.967s][debug][gc,phases      ] GC(44)     Dead                           Min: 0, Avg:  0.0, Max: 0, Diff: 0, Sum: 0, Workers: 4
[2619.967s][debug][gc,phases      ] GC(44)     Total                          Min: 0, Avg:  1.0, Max: 4, Diff: 4, Sum: 4, Workers: 4
[2619.967s][debug][gc,phases      ] GC(44)   JVMTI Tag Weak OopStorage      Min:  0.0, Avg:  0.0, Max:  0.0, Diff:  0.0, Sum:  0.0, Workers: 4
[2619.967s][debug][gc,phases      ] GC(44)     Dead                           Min: 0, Avg:  0.0, Max: 0, Diff: 0, Sum: 0, Workers: 4
[2619.967s][debug][gc,phases      ] GC(44)     Total                          Min: 0, Avg:  0.0, Max: 0, Diff: 0, Sum: 0, Workers: 4
[2619.967s][debug][gc,phases      ] GC(44)   StringTable Weak               Min:  0.0, Avg:  0.1, Max:  0.1, Diff:  0.1, Sum:  0.3, Workers: 4
[2619.967s][debug][gc,phases      ] GC(44)     Dead                           Min: 0, Avg:  0.0, Max: 0, Diff: 0, Sum: 0, Workers: 4
[2619.967s][debug][gc,phases      ] GC(44)     Total                          Min: 0, Avg: 11251.8, Max: 19584, Diff: 19584, Sum: 45007, Workers: 4
[2619.967s][debug][gc,phases      ] GC(44)   ResolvedMethodTable Weak       Min:  0.0, Avg:  0.0, Max:  0.0, Diff:  0.0, Sum:  0.1, Workers: 4
[2619.967s][debug][gc,phases      ] GC(44)     Dead                           Min: 0, Avg:  4.0, Max: 16, Diff: 16, Sum: 16, Workers: 4
[2619.967s][debug][gc,phases      ] GC(44)     Total                          Min: 0, Avg: 3606.0, Max: 6378, Diff: 6378, Sum: 14424, Workers: 4
[2619.967s][debug][gc,phases      ] GC(44)   JNI Weak                       Min:  0.0, Avg:  0.0, Max:  0.0, Diff:  0.0, Sum:  0.0, Workers: 4
[2619.967s][debug][gc,phases      ] GC(44)     Dead                           Min: 0, Avg:  0.0, Max: 0, Diff: 0, Sum: 0, Workers: 4
[2619.967s][debug][gc,phases      ] GC(44)     Total                          Min: 0, Avg: 13.0, Max: 52, Diff: 52, Sum: 52, Workers: 4
[2619.967s][debug][gc,phases      ] GC(44)   StringDedup Table Weak         Min:  0.0, Avg:  0.0, Max:  0.0, Diff:  0.0, Sum:  0.0, Workers: 4
[2619.967s][debug][gc,phases      ] GC(44)     Dead                           Min: 0, Avg:  0.0, Max: 0, Diff: 0, Sum: 0, Workers: 4
[2619.967s][debug][gc,phases      ] GC(44)     Total                          Min: 0, Avg:  0.0, Max: 0, Diff: 0, Sum: 0, Workers: 4
[2619.967s][debug][gc,phases      ] GC(44)   StringDedup Requests0 Weak     Min:  0.0, Avg:  0.0, Max:  0.0, Diff:  0.0, Sum:  0.0, Workers: 4
[2619.967s][debug][gc,phases      ] GC(44)     Dead                           Min: 0, Avg:  0.0, Max: 0, Diff: 0, Sum: 0, Workers: 4
[2619.967s][debug][gc,phases      ] GC(44)     Total                          Min: 0, Avg:  0.0, Max: 0, Diff: 0, Sum: 0, Workers: 4
[2619.967s][debug][gc,phases      ] GC(44)   StringDedup Requests1 Weak     Min:  0.0, Avg:  0.0, Max:  0.0, Diff:  0.0, Sum:  0.0, Workers: 4
[2619.967s][debug][gc,phases      ] GC(44)     Dead                           Min: 0, Avg:  0.0, Max: 0, Diff: 0, Sum: 0, Workers: 4
[2619.967s][debug][gc,phases      ] GC(44)     Total                          Min: 0, Avg:  0.0, Max: 0, Diff: 0, Sum: 0, Workers: 4
[2619.967s][debug][gc,phases      ] GC(44)   Weak JFR Old Object Samples    Min:  0.0, Avg:  0.0, Max:  0.0, Diff:  0.0, Sum:  0.0, Workers: 4
[2619.967s][debug][gc,phases      ] GC(44)     Dead                           Min: 0, Avg:  0.0, Max: 0, Diff: 0, Sum: 0, Workers: 4
[2619.967s][debug][gc,phases      ] GC(44)     Total                          Min: 0, Avg:  0.0, Max: 0, Diff: 0, Sum: 0, Workers: 4
[2619.967s][debug][gc,phases      ] GC(44) Weak Processing 0.369ms
[2619.967s][debug][gc,age         ] GC(44) Desired survivor size 50331648 bytes, new threshold 1 (max threshold 15)
[2619.967s][info ][gc,heap        ] GC(44) PSYoungGen: 1983536K(2035712K)->3360K(2048000K) Eden: 1978368K(1978368K)->0K(1995264K) From: 5168K(57344K)->3360K(52736K)
[2619.967s][info ][gc,heap        ] GC(44) ParOldGen: 221726K(225792K)->222178K(225792K)
[2619.967s][info ][gc,metaspace   ] GC(44) Metaspace: 103000K(104320K)->103000K(104320K) NonClass: 87595K(88320K)->87595K(88320K) Class: 15404K(16000K)->15404K(16000K)
[2619.967s][info ][gc             ] GC(44) Pause Young (Allocation Failure) 2153M->220M(2220M) 2.596ms
[2619.967s][info ][gc,cpu         ] GC(44) User=0.01s Sys=0.00s Real=0.00s
[2619.967s][info ][safepoint      ] Safepoint "ParallelGCFailedAllocation", Time since last: 9131595774 ns, Reaching safepoint: 4800 ns, Cleanup: 3700 ns, At safepoint: 2659097 ns, Total: 2667597 ns
[2621.967s][info ][safepoint      ] Safepoint "Cleanup", Time since last: 2000169045 ns, Reaching safepoint: 5700 ns, Cleanup: 9400 ns, At safepoint: 2000 ns, Total: 17100 ns
[2626.968s][info ][safepoint      ] Safepoint "Cleanup", Time since last: 5000456064 ns, Reaching safepoint: 4700 ns, Cleanup: 9000 ns, At safepoint: 1900 ns, Total: 15600 ns
[2664.850s][info ][safepoint      ] Safepoint "Cleanup", Time since last: 37882019558 ns, Reaching safepoint: 76800 ns, Cleanup: 11200 ns, At safepoint: 5700 ns, Total: 93700 ns
[2665.850s][info ][safepoint      ] Safepoint "Cleanup", Time since last: 1000103538 ns, Reaching safepoint: 78600 ns, Cleanup: 9500 ns, At safepoint: 5400 ns, Total: 93500 ns
[2675.851s][info ][safepoint      ] Safepoint "Cleanup", Time since last: 10000801699 ns, Reaching safepoint: 6700 ns, Cleanup: 9900 ns, At safepoint: 6900 ns, Total: 23500 ns
[2679.851s][info ][safepoint      ] Safepoint "Cleanup", Time since last: 4000320433 ns, Reaching safepoint: 79600 ns, Cleanup: 9700 ns, At safepoint: 6400 ns, Total: 95700 ns
[2681.851s][info ][safepoint      ] Safepoint "Cleanup", Time since last: 2000204179 ns, Reaching safepoint: 75400 ns, Cleanup: 9600 ns, At safepoint: 5600 ns, Total: 90600 ns
[2684.852s][info ][safepoint      ] Safepoint "Cleanup", Time since last: 3000256026 ns, Reaching safepoint: 76200 ns, Cleanup: 14100 ns, At safepoint: 6300 ns, Total: 96600 ns
[2686.852s][info ][safepoint      ] Safepoint "Cleanup", Time since last: 2000183347 ns, Reaching safepoint: 75500 ns, Cleanup: 8700 ns, At safepoint: 6200 ns, Total: 90400 ns
[2694.853s][info ][safepoint      ] Safepoint "Cleanup", Time since last: 8000626719 ns, Reaching safepoint: 77300 ns, Cleanup: 9600 ns, At safepoint: 6500 ns, Total: 93400 ns
[2697.853s][info ][safepoint      ] Safepoint "Cleanup", Time since last: 3000244196 ns, Reaching safepoint: 76800 ns, Cleanup: 18600 ns, At safepoint: 5800 ns, Total: 101200 ns
[2698.853s][info ][safepoint      ] Safepoint "Cleanup", Time since last: 1000135333 ns, Reaching safepoint: 77699 ns, Cleanup: 10600 ns, At safepoint: 6700 ns, Total: 94999 ns
[2700.854s][info ][safepoint      ] Safepoint "Cleanup", Time since last: 2000191665 ns, Reaching safepoint: 81800 ns, Cleanup: 12800 ns, At safepoint: 6700 ns, Total: 101300 ns
[2705.865s][info ][safepoint      ] Safepoint "Cleanup", Time since last: 5011764576 ns, Reaching safepoint: 6300 ns, Cleanup: 10800 ns, At safepoint: 2300 ns, Total: 19400 ns
[2708.866s][info ][safepoint      ] Safepoint "Cleanup", Time since last: 3000248295 ns, Reaching safepoint: 6300 ns, Cleanup: 10900 ns, At safepoint: 1900 ns, Total: 19100 ns
[2709.363s][info ][gc,start       ] GC(45) Pause Young (Allocation Failure)
[2709.365s][debug][gc,phases      ] GC(45) Scavenge 2.033ms
[2709.365s][debug][gc,ref         ] GC(45) ReferenceProcessor::execute queues: 1, RefProcThreadModel::Single, marks_oops_alive: false
[2709.365s][debug][gc,ref         ] GC(45) Skipped KeepAliveFinalRefsPhase of Reference Processing: no references
[2709.365s][debug][gc,ref         ] GC(45) ReferenceProcessor::execute queues: 1, RefProcThreadModel::Single, marks_oops_alive: false
[2709.365s][debug][gc,phases      ] GC(45) Reference Processing 0.101ms
[2709.366s][debug][gc,phases      ] GC(45)   VM Weak                        Min:  0.0, Avg:  0.0, Max:  0.0, Diff:  0.0, Sum:  0.0, Workers: 4
[2709.366s][debug][gc,phases      ] GC(45)     Dead                           Min: 0, Avg:  0.0, Max: 0, Diff: 0, Sum: 0, Workers: 4
[2709.366s][debug][gc,phases      ] GC(45)     Total                          Min: 0, Avg: 251.5, Max: 942, Diff: 942, Sum: 1006, Workers: 4
[2709.366s][debug][gc,phases      ] GC(45)   ObjectSynchronizer Weak        Min:  0.0, Avg:  0.0, Max:  0.0, Diff:  0.0, Sum:  0.0, Workers: 4
[2709.366s][debug][gc,phases      ] GC(45)     Dead                           Min: 0, Avg:  0.0, Max: 0, Diff: 0, Sum: 0, Workers: 4
[2709.366s][debug][gc,phases      ] GC(45)     Total                          Min: 0, Avg:  0.8, Max: 3, Diff: 3, Sum: 3, Workers: 4
[2709.366s][debug][gc,phases      ] GC(45)   JVMTI Tag Weak OopStorage      Min:  0.0, Avg:  0.0, Max:  0.0, Diff:  0.0, Sum:  0.0, Workers: 4
[2709.366s][debug][gc,phases      ] GC(45)     Dead                           Min: 0, Avg:  0.0, Max: 0, Diff: 0, Sum: 0, Workers: 4
[2709.366s][debug][gc,phases      ] GC(45)     Total                          Min: 0, Avg:  0.0, Max: 0, Diff: 0, Sum: 0, Workers: 4
[2709.366s][debug][gc,phases      ] GC(45)   StringTable Weak               Min:  0.0, Avg:  0.1, Max:  0.1, Diff:  0.1, Sum:  0.3, Workers: 4
[2709.366s][debug][gc,phases      ] GC(45)     Dead                           Min: 0, Avg:  0.0, Max: 0, Diff: 0, Sum: 0, Workers: 4
[2709.366s][debug][gc,phases      ] GC(45)     Total                          Min: 0, Avg: 11252.5, Max: 19730, Diff: 19730, Sum: 45010, Workers: 4
[2709.366s][debug][gc,phases      ] GC(45)   ResolvedMethodTable Weak       Min:  0.0, Avg:  0.0, Max:  0.0, Diff:  0.0, Sum:  0.1, Workers: 4
[2709.366s][debug][gc,phases      ] GC(45)     Dead                           Min: 0, Avg:  4.0, Max: 10, Diff: 10, Sum: 16, Workers: 4
[2709.366s][debug][gc,phases      ] GC(45)     Total                          Min: 0, Avg: 3606.0, Max: 6313, Diff: 6313, Sum: 14424, Workers: 4
[2709.366s][debug][gc,phases      ] GC(45)   JNI Weak                       Min:  0.0, Avg:  0.0, Max:  0.0, Diff:  0.0, Sum:  0.0, Workers: 4
[2709.366s][debug][gc,phases      ] GC(45)     Dead                           Min: 0, Avg:  0.0, Max: 0, Diff: 0, Sum: 0, Workers: 4
[2709.366s][debug][gc,phases      ] GC(45)     Total                          Min: 0, Avg: 13.0, Max: 52, Diff: 52, Sum: 52, Workers: 4
[2709.366s][debug][gc,phases      ] GC(45)   StringDedup Table Weak         Min:  0.0, Avg:  0.0, Max:  0.0, Diff:  0.0, Sum:  0.0, Workers: 4
[2709.366s][debug][gc,phases      ] GC(45)     Dead                           Min: 0, Avg:  0.0, Max: 0, Diff: 0, Sum: 0, Workers: 4
[2709.366s][debug][gc,phases      ] GC(45)     Total                          Min: 0, Avg:  0.0, Max: 0, Diff: 0, Sum: 0, Workers: 4
[2709.366s][debug][gc,phases      ] GC(45)   StringDedup Requests0 Weak     Min:  0.0, Avg:  0.0, Max:  0.0, Diff:  0.0, Sum:  0.0, Workers: 4
[2709.366s][debug][gc,phases      ] GC(45)     Dead                           Min: 0, Avg:  0.0, Max: 0, Diff: 0, Sum: 0, Workers: 4
[2709.366s][debug][gc,phases      ] GC(45)     Total                          Min: 0, Avg:  0.0, Max: 0, Diff: 0, Sum: 0, Workers: 4
[2709.366s][debug][gc,phases      ] GC(45)   StringDedup Requests1 Weak     Min:  0.0, Avg:  0.0, Max:  0.0, Diff:  0.0, Sum:  0.0, Workers: 4
[2709.366s][debug][gc,phases      ] GC(45)     Dead                           Min: 0, Avg:  0.0, Max: 0, Diff: 0, Sum: 0, Workers: 4
[2709.366s][debug][gc,phases      ] GC(45)     Total                          Min: 0, Avg:  0.0, Max: 0, Diff: 0, Sum: 0, Workers: 4
[2709.366s][debug][gc,phases      ] GC(45)   Weak JFR Old Object Samples    Min:  0.0, Avg:  0.0, Max:  0.0, Diff:  0.0, Sum:  0.0, Workers: 4
[2709.366s][debug][gc,phases      ] GC(45)     Dead                           Min: 0, Avg:  0.0, Max: 0, Diff: 0, Sum: 0, Workers: 4
[2709.366s][debug][gc,phases      ] GC(45)     Total                          Min: 0, Avg:  0.0, Max: 0, Diff: 0, Sum: 0, Workers: 4
[2709.366s][debug][gc,phases      ] GC(45) Weak Processing 0.361ms
[2709.366s][debug][gc,age         ] GC(45) Desired survivor size 46661632 bytes, new threshold 1 (max threshold 15)
[2709.366s][info ][gc,heap        ] GC(45) PSYoungGen: 1998624K(2048000K)->3120K(2044416K) Eden: 1995264K(1995264K)->0K(1995264K) From: 3360K(52736K)->3120K(49152K)
[2709.366s][info ][gc,heap        ] GC(45) ParOldGen: 222178K(225792K)->222734K(225792K)
[2709.366s][info ][gc,metaspace   ] GC(45) Metaspace: 103003K(104320K)->103003K(104320K) NonClass: 87597K(88320K)->87597K(88320K) Class: 15405K(16000K)->15405K(16000K)
[2709.366s][info ][gc             ] GC(45) Pause Young (Allocation Failure) 2168M->220M(2217M) 2.586ms
[2709.366s][info ][gc,cpu         ] GC(45) User=0.00s Sys=0.00s Real=0.00s
[2709.366s][info ][safepoint      ] Safepoint "ParallelGCFailedAllocation", Time since last: 497652925 ns, Reaching safepoint: 5300 ns, Cleanup: 4000 ns, At safepoint: 2646098 ns, Total: 2655398 ns
[2710.366s][info ][safepoint      ] Safepoint "Cleanup", Time since last: 1000084070 ns, Reaching safepoint: 31400 ns, Cleanup: 12200 ns, At safepoint: 4900 ns, Total: 48500 ns
[2712.366s][info ][safepoint      ] Safepoint "Cleanup", Time since last: 2000168441 ns, Reaching safepoint: 6200 ns, Cleanup: 14800 ns, At safepoint: 1900 ns, Total: 22900 ns
[2717.367s][info ][safepoint      ] Safepoint "Cleanup", Time since last: 5000374861 ns, Reaching safepoint: 7100 ns, Cleanup: 18000 ns, At safepoint: 2200 ns, Total: 27300 ns
[2718.367s][info ][safepoint      ] Safepoint "Cleanup", Time since last: 1000108550 ns, Reaching safepoint: 5800 ns, Cleanup: 10100 ns, At safepoint: 1900 ns, Total: 17800 ns
[2724.367s][info ][safepoint      ] Safepoint "Cleanup", Time since last: 6000436200 ns, Reaching safepoint: 5400 ns, Cleanup: 8000 ns, At safepoint: 1800 ns, Total: 15200 ns
[2728.368s][info ][safepoint      ] Safepoint "Cleanup", Time since last: 4000305737 ns, Reaching safepoint: 5500 ns, Cleanup: 7900 ns, At safepoint: 1900 ns, Total: 15300 ns
[2729.368s][info ][safepoint      ] Safepoint "Cleanup", Time since last: 1000121779 ns, Reaching safepoint: 6500 ns, Cleanup: 12100 ns, At safepoint: 2600 ns, Total: 21200 ns
[2732.368s][info ][safepoint      ] Safepoint "Cleanup", Time since last: 3000246139 ns, Reaching safepoint: 7600 ns, Cleanup: 10000 ns, At safepoint: 2200 ns, Total: 19800 ns
[2734.368s][info ][safepoint      ] Safepoint "Cleanup", Time since last: 2000165143 ns, Reaching safepoint: 77599 ns, Cleanup: 12900 ns, At safepoint: 5600 ns, Total: 96099 ns
[2735.368s][info ][safepoint      ] Safepoint "Cleanup", Time since last: 1000106149 ns, Reaching safepoint: 5600 ns, Cleanup: 8300 ns, At safepoint: 1800 ns, Total: 15700 ns
[2742.369s][info ][safepoint      ] Safepoint "Cleanup", Time since last: 7000521987 ns, Reaching safepoint: 5400 ns, Cleanup: 7700 ns, At safepoint: 2000 ns, Total: 15100 ns
[2753.370s][info ][safepoint      ] Safepoint "Cleanup", Time since last: 11000798413 ns, Reaching safepoint: 7100 ns, Cleanup: 10200 ns, At safepoint: 2500 ns, Total: 19800 ns
[2760.883s][info ][safepoint      ] Safepoint "Cleanup", Time since last: 7512998382 ns, Reaching safepoint: 4100 ns, Cleanup: 9200 ns, At safepoint: 1700 ns, Total: 15000 ns
[2776.884s][info ][safepoint      ] Safepoint "Cleanup", Time since last: 16001280654 ns, Reaching safepoint: 8300 ns, Cleanup: 12900 ns, At safepoint: 2700 ns, Total: 23900 ns
[2784.885s][info ][safepoint      ] Safepoint "Cleanup", Time since last: 8000641461 ns, Reaching safepoint: 8200 ns, Cleanup: 12200 ns, At safepoint: 2200 ns, Total: 22600 ns
[2787.885s][info ][safepoint      ] Safepoint "Cleanup", Time since last: 3000268063 ns, Reaching safepoint: 7000 ns, Cleanup: 11700 ns, At safepoint: 2400 ns, Total: 21100 ns
[2800.303s][info ][gc,start       ] GC(46) Pause Young (Allocation Failure)
[2800.306s][debug][gc,phases      ] GC(46) Scavenge 2.573ms
[2800.306s][debug][gc,ref         ] GC(46) ReferenceProcessor::execute queues: 1, RefProcThreadModel::Single, marks_oops_alive: false
[2800.306s][debug][gc,ref         ] GC(46) Skipped KeepAliveFinalRefsPhase of Reference Processing: no references
[2800.306s][debug][gc,ref         ] GC(46) ReferenceProcessor::execute queues: 1, RefProcThreadModel::Single, marks_oops_alive: false
[2800.306s][debug][gc,phases      ] GC(46) Reference Processing 0.127ms
[2800.306s][debug][gc,phases      ] GC(46)   VM Weak                        Min:  0.0, Avg:  0.0, Max:  0.0, Diff:  0.0, Sum:  0.0, Workers: 4
[2800.306s][debug][gc,phases      ] GC(46)     Dead                           Min: 0, Avg:  0.0, Max: 0, Diff: 0, Sum: 0, Workers: 4
[2800.306s][debug][gc,phases      ] GC(46)     Total                          Min: 0, Avg: 251.5, Max: 576, Diff: 576, Sum: 1006, Workers: 4
[2800.306s][debug][gc,phases      ] GC(46)   ObjectSynchronizer Weak        Min:  0.0, Avg:  0.0, Max:  0.0, Diff:  0.0, Sum:  0.0, Workers: 4
[2800.306s][debug][gc,phases      ] GC(46)     Dead                           Min: 0, Avg:  0.0, Max: 0, Diff: 0, Sum: 0, Workers: 4
[2800.306s][debug][gc,phases      ] GC(46)     Total                          Min: 0, Avg:  1.2, Max: 5, Diff: 5, Sum: 5, Workers: 4
[2800.306s][debug][gc,phases      ] GC(46)   JVMTI Tag Weak OopStorage      Min:  0.0, Avg:  0.0, Max:  0.0, Diff:  0.0, Sum:  0.0, Workers: 4
[2800.306s][debug][gc,phases      ] GC(46)     Dead                           Min: 0, Avg:  0.0, Max: 0, Diff: 0, Sum: 0, Workers: 4
[2800.306s][debug][gc,phases      ] GC(46)     Total                          Min: 0, Avg:  0.0, Max: 0, Diff: 0, Sum: 0, Workers: 4
[2800.306s][debug][gc,phases      ] GC(46)   StringTable Weak               Min:  0.1, Avg:  0.1, Max:  0.1, Diff:  0.0, Sum:  0.4, Workers: 4
[2800.306s][debug][gc,phases      ] GC(46)     Dead                           Min: 0, Avg:  0.0, Max: 0, Diff: 0, Sum: 0, Workers: 4
[2800.306s][debug][gc,phases      ] GC(46)     Total                          Min: 10752, Avg: 11263.8, Max: 11648, Diff: 896, Sum: 45055, Workers: 4
[2800.306s][debug][gc,phases      ] GC(46)   ResolvedMethodTable Weak       Min:  0.0, Avg:  0.0, Max:  0.0, Diff:  0.0, Sum:  0.1, Workers: 4
[2800.306s][debug][gc,phases      ] GC(46)     Dead                           Min: 0, Avg:  4.0, Max: 14, Diff: 14, Sum: 16, Workers: 4
[2800.306s][debug][gc,phases      ] GC(46)     Total                          Min: 3445, Avg: 3606.0, Max: 3785, Diff: 340, Sum: 14424, Workers: 4
[2800.306s][debug][gc,phases      ] GC(46)   JNI Weak                       Min:  0.0, Avg:  0.0, Max:  0.0, Diff:  0.0, Sum:  0.0, Workers: 4
[2800.306s][debug][gc,phases      ] GC(46)     Dead                           Min: 0, Avg:  0.0, Max: 0, Diff: 0, Sum: 0, Workers: 4
[2800.306s][debug][gc,phases      ] GC(46)     Total                          Min: 0, Avg: 13.0, Max: 52, Diff: 52, Sum: 52, Workers: 4
[2800.306s][debug][gc,phases      ] GC(46)   StringDedup Table Weak         Min:  0.0, Avg:  0.0, Max:  0.0, Diff:  0.0, Sum:  0.0, Workers: 4
[2800.306s][debug][gc,phases      ] GC(46)     Dead                           Min: 0, Avg:  0.0, Max: 0, Diff: 0, Sum: 0, Workers: 4
[2800.306s][debug][gc,phases      ] GC(46)     Total                          Min: 0, Avg:  0.0, Max: 0, Diff: 0, Sum: 0, Workers: 4
[2800.306s][debug][gc,phases      ] GC(46)   StringDedup Requests0 Weak     Min:  0.0, Avg:  0.0, Max:  0.0, Diff:  0.0, Sum:  0.0, Workers: 4
[2800.306s][debug][gc,phases      ] GC(46)     Dead                           Min: 0, Avg:  0.0, Max: 0, Diff: 0, Sum: 0, Workers: 4
[2800.306s][debug][gc,phases      ] GC(46)     Total                          Min: 0, Avg:  0.0, Max: 0, Diff: 0, Sum: 0, Workers: 4
[2800.306s][debug][gc,phases      ] GC(46)   StringDedup Requests1 Weak     Min:  0.0, Avg:  0.0, Max:  0.0, Diff:  0.0, Sum:  0.0, Workers: 4
[2800.306s][debug][gc,phases      ] GC(46)     Dead                           Min: 0, Avg:  0.0, Max: 0, Diff: 0, Sum: 0, Workers: 4
[2800.306s][debug][gc,phases      ] GC(46)     Total                          Min: 0, Avg:  0.0, Max: 0, Diff: 0, Sum: 0, Workers: 4
[2800.306s][debug][gc,phases      ] GC(46)   Weak JFR Old Object Samples    Min:  0.0, Avg:  0.0, Max:  0.0, Diff:  0.0, Sum:  0.0, Workers: 4
[2800.306s][debug][gc,phases      ] GC(46)     Dead                           Min: 0, Avg:  0.0, Max: 0, Diff: 0, Sum: 0, Workers: 4
[2800.306s][debug][gc,phases      ] GC(46)     Total                          Min: 0, Avg:  0.0, Max: 0, Diff: 0, Sum: 0, Workers: 4
[2800.306s][debug][gc,phases      ] GC(46) Weak Processing 0.362ms
[2800.306s][debug][gc,age         ] GC(46) Desired survivor size 43515904 bytes, new threshold 1 (max threshold 15)
[2800.306s][info ][gc,heap        ] GC(46) PSYoungGen: 1998384K(2044416K)->2944K(2054656K) Eden: 1995264K(1995264K)->0K(2009088K) From: 3120K(49152K)->2944K(45568K)
[2800.306s][info ][gc,heap        ] GC(46) ParOldGen: 222734K(225792K)->223435K(225792K)
[2800.306s][info ][gc,metaspace   ] GC(46) Metaspace: 103008K(104320K)->103008K(104320K) NonClass: 87603K(88320K)->87603K(88320K) Class: 15405K(16000K)->15405K(16000K)
[2800.306s][info ][gc             ] GC(46) Pause Young (Allocation Failure) 2169M->221M(2227M) 3.185ms
[2800.306s][info ][gc,cpu         ] GC(46) User=0.01s Sys=0.00s Real=0.00s
[2800.306s][info ][safepoint      ] Safepoint "ParallelGCFailedAllocation", Time since last: 12418252011 ns, Reaching safepoint: 7300 ns, Cleanup: 3700 ns, At safepoint: 3250897 ns, Total: 3261897 ns
[2821.901s][info ][safepoint      ] Safepoint "Cleanup", Time since last: 21594479581 ns, Reaching safepoint: 81300 ns, Cleanup: 9600 ns, At safepoint: 5900 ns, Total: 96800 ns
[2826.902s][info ][safepoint      ] Safepoint "Cleanup", Time since last: 5000401703 ns, Reaching safepoint: 77600 ns, Cleanup: 9700 ns, At safepoint: 5900 ns, Total: 93200 ns
[2854.904s][info ][safepoint      ] Safepoint "Cleanup", Time since last: 28002099651 ns, Reaching safepoint: 5900 ns, Cleanup: 11100 ns, At safepoint: 1700 ns, Total: 18700 ns
[2866.905s][info ][safepoint      ] Safepoint "Cleanup", Time since last: 12000856589 ns, Reaching safepoint: 5900 ns, Cleanup: 12300 ns, At safepoint: 1800 ns, Total: 20000 ns
[2893.303s][info ][gc,start       ] GC(47) Pause Young (Allocation Failure)
[2893.305s][debug][gc,phases      ] GC(47) Scavenge 2.178ms
[2893.305s][debug][gc,ref         ] GC(47) ReferenceProcessor::execute queues: 1, RefProcThreadModel::Single, marks_oops_alive: false
[2893.306s][debug][gc,ref         ] GC(47) Skipped KeepAliveFinalRefsPhase of Reference Processing: no references
[2893.306s][debug][gc,ref         ] GC(47) ReferenceProcessor::execute queues: 1, RefProcThreadModel::Single, marks_oops_alive: false
[2893.306s][debug][gc,phases      ] GC(47) Reference Processing 0.128ms
[2893.306s][debug][gc,phases      ] GC(47)   VM Weak                        Min:  0.0, Avg:  0.0, Max:  0.0, Diff:  0.0, Sum:  0.0, Workers: 4
[2893.306s][debug][gc,phases      ] GC(47)     Dead                           Min: 0, Avg:  0.0, Max: 0, Diff: 0, Sum: 0, Workers: 4
[2893.306s][debug][gc,phases      ] GC(47)     Total                          Min: 0, Avg: 251.5, Max: 832, Diff: 832, Sum: 1006, Workers: 4
[2893.306s][debug][gc,phases      ] GC(47)   ObjectSynchronizer Weak        Min:  0.0, Avg:  0.0, Max:  0.0, Diff:  0.0, Sum:  0.0, Workers: 4
[2893.306s][debug][gc,phases      ] GC(47)     Dead                           Min: 0, Avg:  0.0, Max: 0, Diff: 0, Sum: 0, Workers: 4
[2893.306s][debug][gc,phases      ] GC(47)     Total                          Min: 0, Avg:  1.0, Max: 4, Diff: 4, Sum: 4, Workers: 4
[2893.306s][debug][gc,phases      ] GC(47)   JVMTI Tag Weak OopStorage      Min:  0.0, Avg:  0.0, Max:  0.0, Diff:  0.0, Sum:  0.0, Workers: 4
[2893.306s][debug][gc,phases      ] GC(47)     Dead                           Min: 0, Avg:  0.0, Max: 0, Diff: 0, Sum: 0, Workers: 4
[2893.306s][debug][gc,phases      ] GC(47)     Total                          Min: 0, Avg:  0.0, Max: 0, Diff: 0, Sum: 0, Workers: 4
[2893.306s][debug][gc,phases      ] GC(47)   StringTable Weak               Min:  0.0, Avg:  0.1, Max:  0.1, Diff:  0.1, Sum:  0.4, Workers: 4
[2893.306s][debug][gc,phases      ] GC(47)     Dead                           Min: 0, Avg:  0.0, Max: 0, Diff: 0, Sum: 0, Workers: 4
[2893.306s][debug][gc,phases      ] GC(47)     Total                          Min: 0, Avg: 11264.0, Max: 20096, Diff: 20096, Sum: 45056, Workers: 4
[2893.306s][debug][gc,phases      ] GC(47)   ResolvedMethodTable Weak       Min:  0.0, Avg:  0.0, Max:  0.0, Diff:  0.0, Sum:  0.1, Workers: 4
[2893.306s][debug][gc,phases      ] GC(47)     Dead                           Min: 0, Avg:  4.0, Max: 14, Diff: 14, Sum: 16, Workers: 4
[2893.306s][debug][gc,phases      ] GC(47)     Total                          Min: 0, Avg: 3606.0, Max: 6442, Diff: 6442, Sum: 14424, Workers: 4
[2893.306s][debug][gc,phases      ] GC(47)   JNI Weak                       Min:  0.0, Avg:  0.0, Max:  0.0, Diff:  0.0, Sum:  0.0, Workers: 4
[2893.306s][debug][gc,phases      ] GC(47)     Dead                           Min: 0, Avg:  0.0, Max: 0, Diff: 0, Sum: 0, Workers: 4
[2893.306s][debug][gc,phases      ] GC(47)     Total                          Min: 0, Avg: 13.0, Max: 52, Diff: 52, Sum: 52, Workers: 4
[2893.306s][debug][gc,phases      ] GC(47)   StringDedup Table Weak         Min:  0.0, Avg:  0.0, Max:  0.0, Diff:  0.0, Sum:  0.0, Workers: 4
[2893.306s][debug][gc,phases      ] GC(47)     Dead                           Min: 0, Avg:  0.0, Max: 0, Diff: 0, Sum: 0, Workers: 4
[2893.306s][debug][gc,phases      ] GC(47)     Total                          Min: 0, Avg:  0.0, Max: 0, Diff: 0, Sum: 0, Workers: 4
[2893.306s][debug][gc,phases      ] GC(47)   StringDedup Requests0 Weak     Min:  0.0, Avg:  0.0, Max:  0.0, Diff:  0.0, Sum:  0.0, Workers: 4
[2893.306s][debug][gc,phases      ] GC(47)     Dead                           Min: 0, Avg:  0.0, Max: 0, Diff: 0, Sum: 0, Workers: 4
[2893.306s][debug][gc,phases      ] GC(47)     Total                          Min: 0, Avg:  0.0, Max: 0, Diff: 0, Sum: 0, Workers: 4
[2893.306s][debug][gc,phases      ] GC(47)   StringDedup Requests1 Weak     Min:  0.0, Avg:  0.0, Max:  0.0, Diff:  0.0, Sum:  0.0, Workers: 4
[2893.306s][debug][gc,phases      ] GC(47)     Dead                           Min: 0, Avg:  0.0, Max: 0, Diff: 0, Sum: 0, Workers: 4
[2893.306s][debug][gc,phases      ] GC(47)     Total                          Min: 0, Avg:  0.0, Max: 0, Diff: 0, Sum: 0, Workers: 4
[2893.306s][debug][gc,phases      ] GC(47)   Weak JFR Old Object Samples    Min:  0.0, Avg:  0.0, Max:  0.0, Diff:  0.0, Sum:  0.0, Workers: 4
[2893.306s][debug][gc,phases      ] GC(47)     Dead                           Min: 0, Avg:  0.0, Max: 0, Diff: 0, Sum: 0, Workers: 4
[2893.306s][debug][gc,phases      ] GC(47)     Total                          Min: 0, Avg:  0.0, Max: 0, Diff: 0, Sum: 0, Workers: 4
[2893.306s][debug][gc,phases      ] GC(47) Weak Processing 0.382ms
[2893.306s][debug][gc,age         ] GC(47) Desired survivor size 40370176 bytes, new threshold 1 (max threshold 15)
[2893.306s][info ][gc,heap        ] GC(47) PSYoungGen: 2012032K(2054656K)->2976K(2051584K) Eden: 2009088K(2009088K)->0K(2009088K) From: 2944K(45568K)->2976K(42496K)
[2893.306s][info ][gc,heap        ] GC(47) ParOldGen: 223435K(225792K)->223931K(225792K)
[2893.306s][info ][gc,metaspace   ] GC(47) Metaspace: 103019K(104384K)->103019K(104384K) NonClass: 87613K(88384K)->87613K(88384K) Class: 15405K(16000K)->15405K(16000K)
[2893.306s][info ][gc             ] GC(47) Pause Young (Allocation Failure) 2183M->221M(2224M) 2.802ms
[2893.306s][info ][gc,cpu         ] GC(47) User=0.01s Sys=0.00s Real=0.00s
[2893.306s][info ][safepoint      ] Safepoint "ParallelGCFailedAllocation", Time since last: 26398577852 ns, Reaching safepoint: 5700 ns, Cleanup: 3500 ns, At safepoint: 2862698 ns, Total: 2871898 ns
[2906.307s][info ][safepoint      ] Safepoint "Cleanup", Time since last: 13000935508 ns, Reaching safepoint: 5000 ns, Cleanup: 7000 ns, At safepoint: 15900 ns, Total: 27900 ns
[2911.307s][info ][safepoint      ] Safepoint "Cleanup", Time since last: 5000350828 ns, Reaching safepoint: 5700 ns, Cleanup: 9400 ns, At safepoint: 1700 ns, Total: 16800 ns
[2912.307s][info ][safepoint      ] Safepoint "Cleanup", Time since last: 1000105414 ns, Reaching safepoint: 5400 ns, Cleanup: 7800 ns, At safepoint: 2000 ns, Total: 15200 ns
[2915.308s][info ][safepoint      ] Safepoint "Cleanup", Time since last: 3000248842 ns, Reaching safepoint: 5900 ns, Cleanup: 11300 ns, At safepoint: 2100 ns, Total: 19300 ns
[2918.308s][info ][safepoint      ] Safepoint "Cleanup", Time since last: 3000251246 ns, Reaching safepoint: 6300 ns, Cleanup: 9800 ns, At safepoint: 2400 ns, Total: 18500 ns
[2933.309s][info ][safepoint      ] Safepoint "Cleanup", Time since last: 15001089911 ns, Reaching safepoint: 6100 ns, Cleanup: 10400 ns, At safepoint: 1900 ns, Total: 18400 ns
[2940.936s][info ][safepoint      ] Safepoint "Cleanup", Time since last: 7626395661 ns, Reaching safepoint: 4100 ns, Cleanup: 8200 ns, At safepoint: 4300 ns, Total: 16600 ns
[2941.936s][info ][safepoint      ] Safepoint "Cleanup", Time since last: 1000171532 ns, Reaching safepoint: 6000 ns, Cleanup: 9300 ns, At safepoint: 2100 ns, Total: 17400 ns
[2949.936s][info ][safepoint      ] Safepoint "Cleanup", Time since last: 8000612620 ns, Reaching safepoint: 5400 ns, Cleanup: 14700 ns, At safepoint: 1700 ns, Total: 21800 ns
[2952.937s][info ][safepoint      ] Safepoint "Cleanup", Time since last: 3000306427 ns, Reaching safepoint: 5500 ns, Cleanup: 9900 ns, At safepoint: 25900 ns, Total: 41300 ns
[2958.937s][info ][safepoint      ] Safepoint "Cleanup", Time since last: 6000477354 ns, Reaching safepoint: 5800 ns, Cleanup: 9400 ns, At safepoint: 2100 ns, Total: 17300 ns
[2959.937s][info ][safepoint      ] Safepoint "Cleanup", Time since last: 1000105606 ns, Reaching safepoint: 5200 ns, Cleanup: 6800 ns, At safepoint: 1700 ns, Total: 13700 ns
[2963.938s][info ][safepoint      ] Safepoint "Cleanup", Time since last: 4000383027 ns, Reaching safepoint: 10400 ns, Cleanup: 44400 ns, At safepoint: 3200 ns, Total: 58000 ns
[2967.938s][info ][safepoint      ] Safepoint "Cleanup", Time since last: 4000362384 ns, Reaching safepoint: 7400 ns, Cleanup: 11100 ns, At safepoint: 2200 ns, Total: 20700 ns
[2969.069s][info ][safepoint      ] Safepoint "Cleanup", Time since last: 1130824606 ns, Reaching safepoint: 6700 ns, Cleanup: 24700 ns, At safepoint: 2400 ns, Total: 33800 ns
[2973.069s][info ][safepoint      ] Safepoint "Cleanup", Time since last: 4000331939 ns, Reaching safepoint: 6300 ns, Cleanup: 15000 ns, At safepoint: 2400 ns, Total: 23700 ns
[2975.070s][info ][safepoint      ] Safepoint "Cleanup", Time since last: 2000212010 ns, Reaching safepoint: 6400 ns, Cleanup: 10400 ns, At safepoint: 2500 ns, Total: 19300 ns
[2975.751s][info ][gc,start       ] GC(48) Pause Young (Allocation Failure)
[2975.755s][debug][gc,phases      ] GC(48) Scavenge 4.682ms
[2975.755s][debug][gc,ref         ] GC(48) ReferenceProcessor::execute queues: 1, RefProcThreadModel::Single, marks_oops_alive: false
[2975.755s][debug][gc,ref         ] GC(48) Skipped KeepAliveFinalRefsPhase of Reference Processing: no references
[2975.755s][debug][gc,ref         ] GC(48) ReferenceProcessor::execute queues: 1, RefProcThreadModel::Single, marks_oops_alive: false
[2975.755s][debug][gc,phases      ] GC(48) Reference Processing 0.117ms
[2975.756s][debug][gc,phases      ] GC(48)   VM Weak                        Min:  0.0, Avg:  0.0, Max:  0.0, Diff:  0.0, Sum:  0.0, Workers: 4
[2975.756s][debug][gc,phases      ] GC(48)     Dead                           Min: 0, Avg:  0.0, Max: 0, Diff: 0, Sum: 0, Workers: 4
[2975.756s][debug][gc,phases      ] GC(48)     Total                          Min: 0, Avg: 251.5, Max: 1006, Diff: 1006, Sum: 1006, Workers: 4
[2975.756s][debug][gc,phases      ] GC(48)   ObjectSynchronizer Weak        Min:  0.0, Avg:  0.0, Max:  0.0, Diff:  0.0, Sum:  0.0, Workers: 4
[2975.756s][debug][gc,phases      ] GC(48)     Dead                           Min: 0, Avg:  0.0, Max: 0, Diff: 0, Sum: 0, Workers: 4
[2975.756s][debug][gc,phases      ] GC(48)     Total                          Min: 0, Avg:  1.0, Max: 4, Diff: 4, Sum: 4, Workers: 4
[2975.756s][debug][gc,phases      ] GC(48)   JVMTI Tag Weak OopStorage      Min:  0.0, Avg:  0.0, Max:  0.0, Diff:  0.0, Sum:  0.0, Workers: 4
[2975.756s][debug][gc,phases      ] GC(48)     Dead                           Min: 0, Avg:  0.0, Max: 0, Diff: 0, Sum: 0, Workers: 4
[2975.756s][debug][gc,phases      ] GC(48)     Total                          Min: 0, Avg:  0.0, Max: 0, Diff: 0, Sum: 0, Workers: 4
[2975.756s][debug][gc,phases      ] GC(48)   StringTable Weak               Min:  0.0, Avg:  0.1, Max:  0.1, Diff:  0.1, Sum:  0.4, Workers: 4
[2975.756s][debug][gc,phases      ] GC(48)     Dead                           Min: 0, Avg:  0.0, Max: 0, Diff: 0, Sum: 0, Workers: 4
[2975.756s][debug][gc,phases      ] GC(48)     Total                          Min: 0, Avg: 11272.5, Max: 18786, Diff: 18786, Sum: 45090, Workers: 4
[2975.756s][debug][gc,phases      ] GC(48)   ResolvedMethodTable Weak       Min:  0.0, Avg:  0.0, Max:  0.0, Diff:  0.0, Sum:  0.1, Workers: 4
[2975.756s][debug][gc,phases      ] GC(48)     Dead                           Min: 0, Avg:  4.2, Max: 16, Diff: 16, Sum: 17, Workers: 4
[2975.756s][debug][gc,phases      ] GC(48)     Total                          Min: 0, Avg: 3607.0, Max: 6287, Diff: 6287, Sum: 14428, Workers: 4
[2975.756s][debug][gc,phases      ] GC(48)   JNI Weak                       Min:  0.0, Avg:  0.0, Max:  0.0, Diff:  0.0, Sum:  0.0, Workers: 4
[2975.756s][debug][gc,phases      ] GC(48)     Dead                           Min: 0, Avg:  0.0, Max: 0, Diff: 0, Sum: 0, Workers: 4
[2975.756s][debug][gc,phases      ] GC(48)     Total                          Min: 0, Avg: 13.2, Max: 53, Diff: 53, Sum: 53, Workers: 4
[2975.756s][debug][gc,phases      ] GC(48)   StringDedup Table Weak         Min:  0.0, Avg:  0.0, Max:  0.0, Diff:  0.0, Sum:  0.0, Workers: 4
[2975.756s][debug][gc,phases      ] GC(48)     Dead                           Min: 0, Avg:  0.0, Max: 0, Diff: 0, Sum: 0, Workers: 4
[2975.756s][debug][gc,phases      ] GC(48)     Total                          Min: 0, Avg:  0.0, Max: 0, Diff: 0, Sum: 0, Workers: 4
[2975.756s][debug][gc,phases      ] GC(48)   StringDedup Requests0 Weak     Min:  0.0, Avg:  0.0, Max:  0.0, Diff:  0.0, Sum:  0.0, Workers: 4
[2975.756s][debug][gc,phases      ] GC(48)     Dead                           Min: 0, Avg:  0.0, Max: 0, Diff: 0, Sum: 0, Workers: 4
[2975.756s][debug][gc,phases      ] GC(48)     Total                          Min: 0, Avg:  0.0, Max: 0, Diff: 0, Sum: 0, Workers: 4
[2975.756s][debug][gc,phases      ] GC(48)   StringDedup Requests1 Weak     Min:  0.0, Avg:  0.0, Max:  0.0, Diff:  0.0, Sum:  0.0, Workers: 4
[2975.756s][debug][gc,phases      ] GC(48)     Dead                           Min: 0, Avg:  0.0, Max: 0, Diff: 0, Sum: 0, Workers: 4
[2975.756s][debug][gc,phases      ] GC(48)     Total                          Min: 0, Avg:  0.0, Max: 0, Diff: 0, Sum: 0, Workers: 4
[2975.756s][debug][gc,phases      ] GC(48)   Weak JFR Old Object Samples    Min:  0.0, Avg:  0.0, Max:  0.0, Diff:  0.0, Sum:  0.0, Workers: 4
[2975.756s][debug][gc,phases      ] GC(48)     Dead                           Min: 0, Avg:  0.0, Max: 0, Diff: 0, Sum: 0, Workers: 4
[2975.756s][debug][gc,phases      ] GC(48)     Total                          Min: 0, Avg:  0.0, Max: 0, Diff: 0, Sum: 0, Workers: 4
[2975.756s][debug][gc,phases      ] GC(48) Weak Processing 0.388ms
[2975.756s][debug][gc,age         ] GC(48) Desired survivor size 38797312 bytes, new threshold 1 (max threshold 15)
[2975.756s][info ][gc,heap        ] GC(48) PSYoungGen: 2012064K(2051584K)->10112K(2059264K) Eden: 2009088K(2009088K)->0K(2019840K) From: 2976K(42496K)->10112K(39424K)
[2975.756s][info ][gc,heap        ] GC(48) ParOldGen: 223931K(225792K)->224251K(225792K)
[2975.756s][info ][gc,metaspace   ] GC(48) Metaspace: 103064K(104384K)->103064K(104384K) NonClass: 87657K(88384K)->87657K(88384K) Class: 15407K(16000K)->15407K(16000K)
[2975.756s][info ][gc             ] GC(48) Pause Young (Allocation Failure) 2183M->228M(2231M) 5.309ms
[2975.756s][info ][gc,cpu         ] GC(48) User=0.02s Sys=0.00s Real=0.00s
[2975.756s][info ][safepoint      ] Safepoint "ParallelGCFailedAllocation", Time since last: 680925084 ns, Reaching safepoint: 79500 ns, Cleanup: 3700 ns, At safepoint: 5379896 ns, Total: 5463096 ns
[2976.756s][info ][safepoint      ] Safepoint "Cleanup", Time since last: 1000113889 ns, Reaching safepoint: 6600 ns, Cleanup: 13600 ns, At safepoint: 2200 ns, Total: 22400 ns
[2977.756s][info ][safepoint      ] Safepoint "Cleanup", Time since last: 1000139088 ns, Reaching safepoint: 5700 ns, Cleanup: 10100 ns, At safepoint: 2400 ns, Total: 18200 ns
[2979.756s][info ][safepoint      ] Safepoint "Cleanup", Time since last: 2000216977 ns, Reaching safepoint: 6800 ns, Cleanup: 10500 ns, At safepoint: 2200 ns, Total: 19500 ns
[2988.757s][info ][safepoint      ] Safepoint "Cleanup", Time since last: 9000691266 ns, Reaching safepoint: 5700 ns, Cleanup: 10500 ns, At safepoint: 1900 ns, Total: 18100 ns
[2990.757s][info ][safepoint      ] Safepoint "Cleanup", Time since last: 2000188835 ns, Reaching safepoint: 7400 ns, Cleanup: 11700 ns, At safepoint: 2100 ns, Total: 21200 ns
[2992.758s][info ][safepoint      ] Safepoint "Cleanup", Time since last: 2000195207 ns, Reaching safepoint: 6100 ns, Cleanup: 10600 ns, At safepoint: 2000 ns, Total: 18700 ns
[2995.758s][info ][safepoint      ] Safepoint "Cleanup", Time since last: 3000286210 ns, Reaching safepoint: 5300 ns, Cleanup: 11700 ns, At safepoint: 2000 ns, Total: 19000 ns
[2998.758s][info ][safepoint      ] Safepoint "Cleanup", Time since last: 3000274536 ns, Reaching safepoint: 6100 ns, Cleanup: 9300 ns, At safepoint: 1800 ns, Total: 17200 ns
[3000.758s][info ][safepoint      ] Safepoint "Cleanup", Time since last: 2000186712 ns, Reaching safepoint: 6200 ns, Cleanup: 13800 ns, At safepoint: 2600 ns, Total: 22600 ns
[3001.953s][info ][safepoint      ] Safepoint "Cleanup", Time since last: 1194866869 ns, Reaching safepoint: 6000 ns, Cleanup: 12700 ns, At safepoint: 1900 ns, Total: 20600 ns
[3002.953s][info ][safepoint      ] Safepoint "Cleanup", Time since last: 1000128156 ns, Reaching safepoint: 5800 ns, Cleanup: 21900 ns, At safepoint: 1700 ns, Total: 29400 ns
[3011.954s][info ][safepoint      ] Safepoint "Cleanup", Time since last: 9000709955 ns, Reaching safepoint: 6700 ns, Cleanup: 16700 ns, At safepoint: 2300 ns, Total: 25700 ns
[3014.955s][info ][safepoint      ] Safepoint "Cleanup", Time since last: 3000307580 ns, Reaching safepoint: 6100 ns, Cleanup: 9000 ns, At safepoint: 1900 ns, Total: 17000 ns
[3016.955s][info ][safepoint      ] Safepoint "Cleanup", Time since last: 2000191751 ns, Reaching safepoint: 4800 ns, Cleanup: 26700 ns, At safepoint: 1500 ns, Total: 33000 ns
[3017.955s][info ][safepoint      ] Safepoint "Cleanup", Time since last: 1000112826 ns, Reaching safepoint: 6300 ns, Cleanup: 10700 ns, At safepoint: 2200 ns, Total: 19200 ns
[3018.955s][info ][safepoint      ] Safepoint "Cleanup", Time since last: 1000109126 ns, Reaching safepoint: 5600 ns, Cleanup: 25100 ns, At safepoint: 1900 ns, Total: 32600 ns
[3021.955s][info ][safepoint      ] Safepoint "Cleanup", Time since last: 3000286293 ns, Reaching safepoint: 6100 ns, Cleanup: 8200 ns, At safepoint: 2100 ns, Total: 16400 ns
[3024.956s][info ][safepoint      ] Safepoint "Cleanup", Time since last: 3000255019 ns, Reaching safepoint: 7100 ns, Cleanup: 13500 ns, At safepoint: 2100 ns, Total: 22700 ns
[3031.956s][info ][safepoint      ] Safepoint "Cleanup", Time since last: 7000552498 ns, Reaching safepoint: 6600 ns, Cleanup: 12900 ns, At safepoint: 2100 ns, Total: 21600 ns
[3033.956s][info ][safepoint      ] Safepoint "Cleanup", Time since last: 2000187340 ns, Reaching safepoint: 6100 ns, Cleanup: 11900 ns, At safepoint: 2100 ns, Total: 20100 ns
[3034.957s][info ][safepoint      ] Safepoint "Cleanup", Time since last: 1000107471 ns, Reaching safepoint: 5999 ns, Cleanup: 8600 ns, At safepoint: 1700 ns, Total: 16299 ns
[3036.957s][info ][safepoint      ] Safepoint "Cleanup", Time since last: 2000175741 ns, Reaching safepoint: 6700 ns, Cleanup: 20800 ns, At safepoint: 2100 ns, Total: 29600 ns
[3039.957s][info ][safepoint      ] Safepoint "Cleanup", Time since last: 3000256638 ns, Reaching safepoint: 6000 ns, Cleanup: 9500 ns, At safepoint: 2500 ns, Total: 18000 ns
[3040.957s][info ][safepoint      ] Safepoint "Cleanup", Time since last: 1000113461 ns, Reaching safepoint: 6300 ns, Cleanup: 10500 ns, At safepoint: 1800 ns, Total: 18600 ns
[3041.957s][info ][safepoint      ] Safepoint "Cleanup", Time since last: 1000122261 ns, Reaching safepoint: 7500 ns, Cleanup: 8900 ns, At safepoint: 2200 ns, Total: 18600 ns
[3043.957s][info ][safepoint      ] Safepoint "Cleanup", Time since last: 2000180974 ns, Reaching safepoint: 6700 ns, Cleanup: 16900 ns, At safepoint: 2400 ns, Total: 26000 ns
[3045.958s][info ][safepoint      ] Safepoint "Cleanup", Time since last: 2000186284 ns, Reaching safepoint: 5700 ns, Cleanup: 9400 ns, At safepoint: 1800 ns, Total: 16900 ns
[3046.958s][info ][safepoint      ] Safepoint "Cleanup", Time since last: 1000136795 ns, Reaching safepoint: 9200 ns, Cleanup: 12500 ns, At safepoint: 2800 ns, Total: 24500 ns
[3050.958s][info ][safepoint      ] Safepoint "Cleanup", Time since last: 4000353277 ns, Reaching safepoint: 6400 ns, Cleanup: 9300 ns, At safepoint: 1800 ns, Total: 17500 ns
[3051.958s][info ][safepoint      ] Safepoint "Cleanup", Time since last: 1000110195 ns, Reaching safepoint: 6700 ns, Cleanup: 10100 ns, At safepoint: 1800 ns, Total: 18600 ns
[3058.959s][info ][safepoint      ] Safepoint "Cleanup", Time since last: 7000628690 ns, Reaching safepoint: 7200 ns, Cleanup: 10000 ns, At safepoint: 2300 ns, Total: 19500 ns
[3059.959s][info ][safepoint      ] Safepoint "Cleanup", Time since last: 1000115622 ns, Reaching safepoint: 7400 ns, Cleanup: 11400 ns, At safepoint: 2400 ns, Total: 21200 ns
[3061.414s][info ][safepoint      ] Safepoint "Cleanup", Time since last: 1455183740 ns, Reaching safepoint: 8000 ns, Cleanup: 15100 ns, At safepoint: 2100 ns, Total: 25200 ns
[3062.414s][info ][safepoint      ] Safepoint "Cleanup", Time since last: 1000147927 ns, Reaching safepoint: 8300 ns, Cleanup: 15000 ns, At safepoint: 2300 ns, Total: 25600 ns
[3065.415s][info ][safepoint      ] Safepoint "Cleanup", Time since last: 3000270746 ns, Reaching safepoint: 6100 ns, Cleanup: 11900 ns, At safepoint: 2200 ns, Total: 20200 ns
[3068.415s][info ][safepoint      ] Safepoint "Cleanup", Time since last: 3000261046 ns, Reaching safepoint: 7800 ns, Cleanup: 26300 ns, At safepoint: 3000 ns, Total: 37100 ns
[3077.200s][info ][gc,start       ] GC(49) Pause Young (Allocation Failure)
[3077.206s][debug][gc,phases      ] GC(49) Scavenge 5.513ms
[3077.206s][debug][gc,ref         ] GC(49) ReferenceProcessor::execute queues: 1, RefProcThreadModel::Single, marks_oops_alive: false
[3077.206s][debug][gc,ref         ] GC(49) Skipped KeepAliveFinalRefsPhase of Reference Processing: no references
[3077.206s][debug][gc,ref         ] GC(49) ReferenceProcessor::execute queues: 1, RefProcThreadModel::Single, marks_oops_alive: false
[3077.206s][debug][gc,phases      ] GC(49) Reference Processing 0.110ms
[3077.206s][debug][gc,phases      ] GC(49)   VM Weak                        Min:  0.0, Avg:  0.0, Max:  0.0, Diff:  0.0, Sum:  0.0, Workers: 4
[3077.206s][debug][gc,phases      ] GC(49)     Dead                           Min: 0, Avg:  0.0, Max: 0, Diff: 0, Sum: 0, Workers: 4
[3077.206s][debug][gc,phases      ] GC(49)     Total                          Min: 0, Avg: 251.5, Max: 704, Diff: 704, Sum: 1006, Workers: 4
[3077.206s][debug][gc,phases      ] GC(49)   ObjectSynchronizer Weak        Min:  0.0, Avg:  0.0, Max:  0.0, Diff:  0.0, Sum:  0.0, Workers: 4
[3077.206s][debug][gc,phases      ] GC(49)     Dead                           Min: 0, Avg:  0.0, Max: 0, Diff: 0, Sum: 0, Workers: 4
[3077.206s][debug][gc,phases      ] GC(49)     Total                          Min: 0, Avg:  1.0, Max: 4, Diff: 4, Sum: 4, Workers: 4
[3077.206s][debug][gc,phases      ] GC(49)   JVMTI Tag Weak OopStorage      Min:  0.0, Avg:  0.0, Max:  0.0, Diff:  0.0, Sum:  0.0, Workers: 4
[3077.206s][debug][gc,phases      ] GC(49)     Dead                           Min: 0, Avg:  0.0, Max: 0, Diff: 0, Sum: 0, Workers: 4
[3077.206s][debug][gc,phases      ] GC(49)     Total                          Min: 0, Avg:  0.0, Max: 0, Diff: 0, Sum: 0, Workers: 4
[3077.206s][debug][gc,phases      ] GC(49)   StringTable Weak               Min:  0.0, Avg:  0.1, Max:  0.1, Diff:  0.1, Sum:  0.4, Workers: 4
[3077.206s][debug][gc,phases      ] GC(49)     Dead                           Min: 0, Avg:  0.2, Max: 1, Diff: 1, Sum: 1, Workers: 4
[3077.206s][debug][gc,phases      ] GC(49)     Total                          Min: 0, Avg: 11276.8, Max: 20019, Diff: 20019, Sum: 45107, Workers: 4
[3077.206s][debug][gc,phases      ] GC(49)   ResolvedMethodTable Weak       Min:  0.0, Avg:  0.0, Max:  0.0, Diff:  0.0, Sum:  0.1, Workers: 4
[3077.206s][debug][gc,phases      ] GC(49)     Dead                           Min: 0, Avg:  5.5, Max: 14, Diff: 14, Sum: 22, Workers: 4
[3077.206s][debug][gc,phases      ] GC(49)     Total                          Min: 0, Avg: 3610.2, Max: 6181, Diff: 6181, Sum: 14441, Workers: 4
[3077.206s][debug][gc,phases      ] GC(49)   JNI Weak                       Min:  0.0, Avg:  0.0, Max:  0.0, Diff:  0.0, Sum:  0.0, Workers: 4
[3077.206s][debug][gc,phases      ] GC(49)     Dead                           Min: 0, Avg:  0.0, Max: 0, Diff: 0, Sum: 0, Workers: 4
[3077.206s][debug][gc,phases      ] GC(49)     Total                          Min: 0, Avg: 13.0, Max: 52, Diff: 52, Sum: 52, Workers: 4
[3077.206s][debug][gc,phases      ] GC(49)   StringDedup Table Weak         Min:  0.0, Avg:  0.0, Max:  0.0, Diff:  0.0, Sum:  0.0, Workers: 4
[3077.206s][debug][gc,phases      ] GC(49)     Dead                           Min: 0, Avg:  0.0, Max: 0, Diff: 0, Sum: 0, Workers: 4
[3077.206s][debug][gc,phases      ] GC(49)     Total                          Min: 0, Avg:  0.0, Max: 0, Diff: 0, Sum: 0, Workers: 4
[3077.206s][debug][gc,phases      ] GC(49)   StringDedup Requests0 Weak     Min:  0.0, Avg:  0.0, Max:  0.0, Diff:  0.0, Sum:  0.0, Workers: 4
[3077.206s][debug][gc,phases      ] GC(49)     Dead                           Min: 0, Avg:  0.0, Max: 0, Diff: 0, Sum: 0, Workers: 4
[3077.206s][debug][gc,phases      ] GC(49)     Total                          Min: 0, Avg:  0.0, Max: 0, Diff: 0, Sum: 0, Workers: 4
[3077.206s][debug][gc,phases      ] GC(49)   StringDedup Requests1 Weak     Min:  0.0, Avg:  0.0, Max:  0.0, Diff:  0.0, Sum:  0.0, Workers: 4
[3077.206s][debug][gc,phases      ] GC(49)     Dead                           Min: 0, Avg:  0.0, Max: 0, Diff: 0, Sum: 0, Workers: 4
[3077.206s][debug][gc,phases      ] GC(49)     Total                          Min: 0, Avg:  0.0, Max: 0, Diff: 0, Sum: 0, Workers: 4
[3077.206s][debug][gc,phases      ] GC(49)   Weak JFR Old Object Samples    Min:  0.0, Avg:  0.0, Max:  0.0, Diff:  0.0, Sum:  0.0, Workers: 4
[3077.206s][debug][gc,phases      ] GC(49)     Dead                           Min: 0, Avg:  0.0, Max: 0, Diff: 0, Sum: 0, Workers: 4
[3077.206s][debug][gc,phases      ] GC(49)     Total                          Min: 0, Avg:  0.0, Max: 0, Diff: 0, Sum: 0, Workers: 4
[3077.206s][debug][gc,phases      ] GC(49) Weak Processing 0.370ms
[3077.206s][debug][gc,age         ] GC(49) Desired survivor size 36175872 bytes, new threshold 1 (max threshold 15)
[3077.206s][info ][gc,heap        ] GC(49) PSYoungGen: 2029952K(2059264K)->2256K(2057728K) Eden: 2019840K(2019840K)->0K(2019840K) From: 10112K(39424K)->2256K(37888K)
[3077.206s][info ][gc,heap        ] GC(49) ParOldGen: 224251K(225792K)->233387K(233472K)
[3077.206s][info ][gc,metaspace   ] GC(49) Metaspace: 103194K(104512K)->103194K(104512K) NonClass: 87781K(88512K)->87781K(88512K) Class: 15413K(16000K)->15413K(16000K)
[3077.206s][info ][gc             ] GC(49) Pause Young (Allocation Failure) 2201M->230M(2237M) 6.109ms
[3077.206s][info ][gc,cpu         ] GC(49) User=0.02s Sys=0.01s Real=0.00s
[3077.206s][info ][safepoint      ] Safepoint "ParallelGCFailedAllocation", Time since last: 8784908663 ns, Reaching safepoint: 6100 ns, Cleanup: 10300 ns, At safepoint: 6172897 ns, Total: 6189297 ns
[3078.206s][info ][safepoint      ] Safepoint "Cleanup", Time since last: 1000089602 ns, Reaching safepoint: 6400 ns, Cleanup: 12500 ns, At safepoint: 2200 ns, Total: 21100 ns
[3081.207s][info ][safepoint      ] Safepoint "Cleanup", Time since last: 3000275361 ns, Reaching safepoint: 5900 ns, Cleanup: 9800 ns, At safepoint: 1800 ns, Total: 17500 ns
[3086.207s][info ][safepoint      ] Safepoint "Cleanup", Time since last: 5000424282 ns, Reaching safepoint: 5800 ns, Cleanup: 8700 ns, At safepoint: 2500 ns, Total: 17000 ns
[3087.207s][info ][safepoint      ] Safepoint "Cleanup", Time since last: 1000116369 ns, Reaching safepoint: 5800 ns, Cleanup: 12700 ns, At safepoint: 2400 ns, Total: 20900 ns
[3088.207s][info ][safepoint      ] Safepoint "Cleanup", Time since last: 1000119283 ns, Reaching safepoint: 6400 ns, Cleanup: 11600 ns, At safepoint: 2400 ns, Total: 20400 ns
[3090.207s][info ][safepoint      ] Safepoint "Cleanup", Time since last: 2000173436 ns, Reaching safepoint: 6100 ns, Cleanup: 8900 ns, At safepoint: 2400 ns, Total: 17400 ns
[3091.208s][info ][safepoint      ] Safepoint "Cleanup", Time since last: 1000118018 ns, Reaching safepoint: 9300 ns, Cleanup: 11300 ns, At safepoint: 2600 ns, Total: 23200 ns
[3101.208s][info ][safepoint      ] Safepoint "Cleanup", Time since last: 10000785439 ns, Reaching safepoint: 5700 ns, Cleanup: 9200 ns, At safepoint: 2000 ns, Total: 16900 ns
[3113.209s][info ][safepoint      ] Safepoint "Cleanup", Time since last: 12000890944 ns, Reaching safepoint: 5800 ns, Cleanup: 8000 ns, At safepoint: 2200 ns, Total: 16000 ns
[3114.210s][info ][safepoint      ] Safepoint "Cleanup", Time since last: 1000132417 ns, Reaching safepoint: 9500 ns, Cleanup: 13000 ns, At safepoint: 2700 ns, Total: 25200 ns
[3133.990s][info ][safepoint      ] Safepoint "Cleanup", Time since last: 19780364100 ns, Reaching safepoint: 5600 ns, Cleanup: 13800 ns, At safepoint: 2000 ns, Total: 21400 ns
[3136.990s][info ][safepoint      ] Safepoint "Cleanup", Time since last: 3000266616 ns, Reaching safepoint: 6100 ns, Cleanup: 11100 ns, At safepoint: 2200 ns, Total: 19400 ns
[3139.990s][info ][safepoint      ] Safepoint "Cleanup", Time since last: 3000272217 ns, Reaching safepoint: 5900 ns, Cleanup: 10900 ns, At safepoint: 2000 ns, Total: 18800 ns
[3140.991s][info ][safepoint      ] Safepoint "Cleanup", Time since last: 1000110639 ns, Reaching safepoint: 6700 ns, Cleanup: 23500 ns, At safepoint: 2500 ns, Total: 32700 ns
[3141.991s][info ][safepoint      ] Safepoint "Cleanup", Time since last: 1000128032 ns, Reaching safepoint: 6200 ns, Cleanup: 41800 ns, At safepoint: 2100 ns, Total: 50100 ns
[3142.991s][info ][safepoint      ] Safepoint "Cleanup", Time since last: 1000124320 ns, Reaching safepoint: 5900 ns, Cleanup: 43700 ns, At safepoint: 2000 ns, Total: 51600 ns
[3143.991s][info ][safepoint      ] Safepoint "Cleanup", Time since last: 1000116720 ns, Reaching safepoint: 6700 ns, Cleanup: 38000 ns, At safepoint: 2600 ns, Total: 47300 ns
[3145.991s][info ][safepoint      ] Safepoint "Cleanup", Time since last: 2000211341 ns, Reaching safepoint: 6500 ns, Cleanup: 13400 ns, At safepoint: 2600 ns, Total: 22500 ns
[3146.992s][info ][safepoint      ] Safepoint "Cleanup", Time since last: 1000140120 ns, Reaching safepoint: 6000 ns, Cleanup: 11800 ns, At safepoint: 2300 ns, Total: 20100 ns
[3147.992s][info ][safepoint      ] Safepoint "Cleanup", Time since last: 1000132420 ns, Reaching safepoint: 5800 ns, Cleanup: 20200 ns, At safepoint: 2100 ns, Total: 28100 ns
[3148.992s][info ][safepoint      ] Safepoint "Cleanup", Time since last: 1000114720 ns, Reaching safepoint: 5700 ns, Cleanup: 11300 ns, At safepoint: 2200 ns, Total: 19200 ns
[3149.992s][info ][safepoint      ] Safepoint "Cleanup", Time since last: 1000110917 ns, Reaching safepoint: 5800 ns, Cleanup: 8800 ns, At safepoint: 22300 ns, Total: 36900 ns
[3151.992s][info ][safepoint      ] Safepoint "Cleanup", Time since last: 2000181722 ns, Reaching safepoint: 6900 ns, Cleanup: 24500 ns, At safepoint: 2100 ns, Total: 33500 ns
[3152.992s][info ][safepoint      ] Safepoint "Cleanup", Time since last: 1000116611 ns, Reaching safepoint: 6100 ns, Cleanup: 8600 ns, At safepoint: 2100 ns, Total: 16800 ns
[3153.992s][info ][safepoint      ] Safepoint "Cleanup", Time since last: 1000116510 ns, Reaching safepoint: 6700 ns, Cleanup: 9800 ns, At safepoint: 1900 ns, Total: 18400 ns
[3154.993s][info ][safepoint      ] Safepoint "Cleanup", Time since last: 1000139011 ns, Reaching safepoint: 6700 ns, Cleanup: 17800 ns, At safepoint: 2300 ns, Total: 26800 ns
[3155.070s][info ][gc,start       ] GC(50) Pause Young (Allocation Failure)
[3155.077s][debug][gc,phases      ] GC(50) Scavenge 7.160ms
[3155.078s][debug][gc,ref         ] GC(50) ReferenceProcessor::execute queues: 1, RefProcThreadModel::Single, marks_oops_alive: false
[3155.078s][debug][gc,ref         ] GC(50) Skipped KeepAliveFinalRefsPhase of Reference Processing: no references
[3155.078s][debug][gc,ref         ] GC(50) ReferenceProcessor::execute queues: 1, RefProcThreadModel::Single, marks_oops_alive: false
[3155.078s][debug][gc,phases      ] GC(50) Reference Processing 0.133ms
[3155.078s][debug][gc,phases      ] GC(50)   VM Weak                        Min:  0.0, Avg:  0.0, Max:  0.0, Diff:  0.0, Sum:  0.0, Workers: 4
[3155.078s][debug][gc,phases      ] GC(50)     Dead                           Min: 0, Avg:  0.0, Max: 0, Diff: 0, Sum: 0, Workers: 4
[3155.078s][debug][gc,phases      ] GC(50)     Total                          Min: 0, Avg: 251.5, Max: 878, Diff: 878, Sum: 1006, Workers: 4
[3155.078s][debug][gc,phases      ] GC(50)   ObjectSynchronizer Weak        Min:  0.0, Avg:  0.0, Max:  0.0, Diff:  0.0, Sum:  0.0, Workers: 4
[3155.078s][debug][gc,phases      ] GC(50)     Dead                           Min: 0, Avg:  0.0, Max: 0, Diff: 0, Sum: 0, Workers: 4
[3155.078s][debug][gc,phases      ] GC(50)     Total                          Min: 0, Avg:  1.2, Max: 5, Diff: 5, Sum: 5, Workers: 4
[3155.078s][debug][gc,phases      ] GC(50)   JVMTI Tag Weak OopStorage      Min:  0.0, Avg:  0.0, Max:  0.0, Diff:  0.0, Sum:  0.0, Workers: 4
[3155.078s][debug][gc,phases      ] GC(50)     Dead                           Min: 0, Avg:  0.0, Max: 0, Diff: 0, Sum: 0, Workers: 4
[3155.078s][debug][gc,phases      ] GC(50)     Total                          Min: 0, Avg:  0.0, Max: 0, Diff: 0, Sum: 0, Workers: 4
[3155.078s][debug][gc,phases      ] GC(50)   StringTable Weak               Min:  0.0, Avg:  0.1, Max:  0.2, Diff:  0.2, Sum:  0.4, Workers: 4
[3155.078s][debug][gc,phases      ] GC(50)     Dead                           Min: 0, Avg:  0.2, Max: 1, Diff: 1, Sum: 1, Workers: 4
[3155.078s][debug][gc,phases      ] GC(50)     Total                          Min: 0, Avg: 11279.2, Max: 22653, Diff: 22653, Sum: 45117, Workers: 4
[3155.078s][debug][gc,phases      ] GC(50)   ResolvedMethodTable Weak       Min:  0.0, Avg:  0.0, Max:  0.1, Diff:  0.1, Sum:  0.1, Workers: 4
[3155.078s][debug][gc,phases      ] GC(50)     Dead                           Min: 0, Avg:  4.8, Max: 14, Diff: 14, Sum: 19, Workers: 4
[3155.078s][debug][gc,phases      ] GC(50)     Total                          Min: 0, Avg: 3613.5, Max: 7357, Diff: 7357, Sum: 14454, Workers: 4
[3155.078s][debug][gc,phases      ] GC(50)   JNI Weak                       Min:  0.0, Avg:  0.0, Max:  0.0, Diff:  0.0, Sum:  0.0, Workers: 4
[3155.078s][debug][gc,phases      ] GC(50)     Dead                           Min: 0, Avg:  0.0, Max: 0, Diff: 0, Sum: 0, Workers: 4
[3155.078s][debug][gc,phases      ] GC(50)     Total                          Min: 0, Avg: 13.5, Max: 54, Diff: 54, Sum: 54, Workers: 4
[3155.078s][debug][gc,phases      ] GC(50)   StringDedup Table Weak         Min:  0.0, Avg:  0.0, Max:  0.0, Diff:  0.0, Sum:  0.0, Workers: 4
[3155.078s][debug][gc,phases      ] GC(50)     Dead                           Min: 0, Avg:  0.0, Max: 0, Diff: 0, Sum: 0, Workers: 4
[3155.078s][debug][gc,phases      ] GC(50)     Total                          Min: 0, Avg:  0.0, Max: 0, Diff: 0, Sum: 0, Workers: 4
[3155.078s][debug][gc,phases      ] GC(50)   StringDedup Requests0 Weak     Min:  0.0, Avg:  0.0, Max:  0.0, Diff:  0.0, Sum:  0.0, Workers: 4
[3155.078s][debug][gc,phases      ] GC(50)     Dead                           Min: 0, Avg:  0.0, Max: 0, Diff: 0, Sum: 0, Workers: 4
[3155.078s][debug][gc,phases      ] GC(50)     Total                          Min: 0, Avg:  0.0, Max: 0, Diff: 0, Sum: 0, Workers: 4
[3155.078s][debug][gc,phases      ] GC(50)   StringDedup Requests1 Weak     Min:  0.0, Avg:  0.0, Max:  0.0, Diff:  0.0, Sum:  0.0, Workers: 4
[3155.078s][debug][gc,phases      ] GC(50)     Dead                           Min: 0, Avg:  0.0, Max: 0, Diff: 0, Sum: 0, Workers: 4
[3155.078s][debug][gc,phases      ] GC(50)     Total                          Min: 0, Avg:  0.0, Max: 0, Diff: 0, Sum: 0, Workers: 4
[3155.078s][debug][gc,phases      ] GC(50)   Weak JFR Old Object Samples    Min:  0.0, Avg:  0.0, Max:  0.0, Diff:  0.0, Sum:  0.0, Workers: 4
[3155.078s][debug][gc,phases      ] GC(50)     Dead                           Min: 0, Avg:  0.0, Max: 0, Diff: 0, Sum: 0, Workers: 4
[3155.078s][debug][gc,phases      ] GC(50)     Total                          Min: 0, Avg:  0.0, Max: 0, Diff: 0, Sum: 0, Workers: 4
[3155.078s][debug][gc,phases      ] GC(50) Weak Processing 0.574ms
[3155.078s][debug][gc,age         ] GC(50) Desired survivor size 37224448 bytes, new threshold 1 (max threshold 15)
[3155.078s][info ][gc,heap        ] GC(50) PSYoungGen: 2022096K(2057728K)->16951K(2059776K) Eden: 2019840K(2019840K)->0K(2024448K) From: 2256K(37888K)->16951K(35328K)
[3155.078s][info ][gc,heap        ] GC(50) ParOldGen: 233387K(233472K)->233791K(233984K)
[3155.078s][info ][gc,metaspace   ] GC(50) Metaspace: 103252K(104576K)->103252K(104576K) NonClass: 87832K(88576K)->87832K(88576K) Class: 15420K(16000K)->15420K(16000K)
[3155.078s][info ][gc             ] GC(50) Pause Young (Allocation Failure) 2202M->244M(2240M) 8.012ms
[3155.078s][info ][gc,cpu         ] GC(50) User=0.03s Sys=0.01s Real=0.00s
[3155.078s][info ][safepoint      ] Safepoint "ParallelGCFailedAllocation", Time since last: 77537170 ns, Reaching safepoint: 7800 ns, Cleanup: 17200 ns, At safepoint: 8094297 ns, Total: 8119297 ns
[3156.078s][info ][safepoint      ] Safepoint "Cleanup", Time since last: 1000107611 ns, Reaching safepoint: 7400 ns, Cleanup: 27800 ns, At safepoint: 2300 ns, Total: 37500 ns
[3157.079s][info ][safepoint      ] Safepoint "Cleanup", Time since last: 1000115511 ns, Reaching safepoint: 7800 ns, Cleanup: 13700 ns, At safepoint: 2300 ns, Total: 23800 ns
[3158.079s][info ][safepoint      ] Safepoint "Cleanup", Time since last: 1000118320 ns, Reaching safepoint: 5600 ns, Cleanup: 21700 ns, At safepoint: 2300 ns, Total: 29600 ns
[3159.079s][info ][safepoint      ] Safepoint "Cleanup", Time since last: 1000105934 ns, Reaching safepoint: 5600 ns, Cleanup: 27300 ns, At safepoint: 2100 ns, Total: 35000 ns
[3160.079s][info ][safepoint      ] Safepoint "Cleanup", Time since last: 1000108234 ns, Reaching safepoint: 8400 ns, Cleanup: 27400 ns, At safepoint: 2300 ns, Total: 38100 ns
[3161.079s][info ][safepoint      ] Safepoint "Cleanup", Time since last: 1000125235 ns, Reaching safepoint: 5800 ns, Cleanup: 13800 ns, At safepoint: 1900 ns, Total: 21500 ns
[3162.079s][info ][safepoint      ] Safepoint "Cleanup", Time since last: 1000114734 ns, Reaching safepoint: 6500 ns, Cleanup: 18300 ns, At safepoint: 2100 ns, Total: 26900 ns
[3163.079s][info ][safepoint      ] Safepoint "Cleanup", Time since last: 1000116234 ns, Reaching safepoint: 8200 ns, Cleanup: 33500 ns, At safepoint: 2700 ns, Total: 44400 ns
[3164.080s][info ][safepoint      ] Safepoint "Cleanup", Time since last: 1000146534 ns, Reaching safepoint: 7400 ns, Cleanup: 10900 ns, At safepoint: 2300 ns, Total: 20600 ns
[3165.080s][info ][safepoint      ] Safepoint "Cleanup", Time since last: 1000117634 ns, Reaching safepoint: 7200 ns, Cleanup: 34700 ns, At safepoint: 2400 ns, Total: 44300 ns
[3167.080s][info ][safepoint      ] Safepoint "Cleanup", Time since last: 2000188767 ns, Reaching safepoint: 7000 ns, Cleanup: 15800 ns, At safepoint: 2400 ns, Total: 25200 ns
[3168.080s][info ][safepoint      ] Safepoint "Cleanup", Time since last: 1000113533 ns, Reaching safepoint: 77300 ns, Cleanup: 15700 ns, At safepoint: 14000 ns, Total: 107000 ns
[3169.080s][info ][safepoint      ] Safepoint "Cleanup", Time since last: 1000110533 ns, Reaching safepoint: 5900 ns, Cleanup: 28200 ns, At safepoint: 2000 ns, Total: 36100 ns
[3170.961s][info ][safepoint      ] Safepoint "Cleanup", Time since last: 1880647610 ns, Reaching safepoint: 6900 ns, Cleanup: 101700 ns, At safepoint: 1700 ns, Total: 110300 ns
[3171.961s][info ][safepoint      ] Safepoint "Cleanup", Time since last: 1000115933 ns, Reaching safepoint: 7800 ns, Cleanup: 66000 ns, At safepoint: 2900 ns, Total: 76700 ns
[3172.500s][info ][safepoint      ] Safepoint "ICBufferFull", Time since last: 539017603 ns, Reaching safepoint: 4400 ns, Cleanup: 118200 ns, At safepoint: 7000 ns, Total: 129600 ns
[3172.762s][info ][safepoint      ] Safepoint "ICBufferFull", Time since last: 260974504 ns, Reaching safepoint: 87100 ns, Cleanup: 118900 ns, At safepoint: 14200 ns, Total: 220200 ns
[3173.000s][info ][safepoint      ] Safepoint "ICBufferFull", Time since last: 238003112 ns, Reaching safepoint: 83500 ns, Cleanup: 118800 ns, At safepoint: 9600 ns, Total: 211900 ns
[3173.115s][info ][safepoint      ] Safepoint "ICBufferFull", Time since last: 114680558 ns, Reaching safepoint: 76300 ns, Cleanup: 120000 ns, At safepoint: 10500 ns, Total: 206800 ns
[3174.115s][info ][safepoint      ] Safepoint "Cleanup", Time since last: 1000125948 ns, Reaching safepoint: 80000 ns, Cleanup: 72000 ns, At safepoint: 7300 ns, Total: 159300 ns
[3175.115s][info ][safepoint      ] Safepoint "Cleanup", Time since last: 1000114068 ns, Reaching safepoint: 6400 ns, Cleanup: 36100 ns, At safepoint: 2100 ns, Total: 44600 ns
[3176.115s][info ][safepoint      ] Safepoint "Cleanup", Time since last: 1000118367 ns, Reaching safepoint: 6700 ns, Cleanup: 119400 ns, At safepoint: 2400 ns, Total: 128500 ns
[3177.116s][info ][safepoint      ] Safepoint "Cleanup", Time since last: 1000108068 ns, Reaching safepoint: 5300 ns, Cleanup: 30300 ns, At safepoint: 2300 ns, Total: 37900 ns
[3178.116s][info ][safepoint      ] Safepoint "Cleanup", Time since last: 1000101468 ns, Reaching safepoint: 5800 ns, Cleanup: 14500 ns, At safepoint: 2200 ns, Total: 22500 ns
[3179.116s][info ][safepoint      ] Safepoint "Cleanup", Time since last: 1000116167 ns, Reaching safepoint: 9300 ns, Cleanup: 16000 ns, At safepoint: 2400 ns, Total: 27700 ns
[3180.116s][info ][safepoint      ] Safepoint "Cleanup", Time since last: 1000118868 ns, Reaching safepoint: 7200 ns, Cleanup: 16600 ns, At safepoint: 2300 ns, Total: 26100 ns
[3182.006s][info ][safepoint      ] Safepoint "Cleanup", Time since last: 1890384196 ns, Reaching safepoint: 5400 ns, Cleanup: 7500 ns, At safepoint: 2100 ns, Total: 15000 ns
[3183.007s][info ][safepoint      ] Safepoint "Cleanup", Time since last: 1000107546 ns, Reaching safepoint: 6100 ns, Cleanup: 10000 ns, At safepoint: 1900 ns, Total: 18000 ns
[3183.025s][info ][gc,start       ] GC(51) Pause Young (Allocation Failure)
[3183.057s][debug][gc,phases      ] GC(51) Scavenge 31.205ms
[3183.057s][debug][gc,ref         ] GC(51) ReferenceProcessor::execute queues: 1, RefProcThreadModel::Single, marks_oops_alive: false
[3183.057s][debug][gc,ref         ] GC(51) Skipped KeepAliveFinalRefsPhase of Reference Processing: no references
[3183.057s][debug][gc,ref         ] GC(51) ReferenceProcessor::execute queues: 1, RefProcThreadModel::Single, marks_oops_alive: false
[3183.057s][debug][gc,phases      ] GC(51) Reference Processing 0.145ms
[3183.057s][debug][gc,phases      ] GC(51)   VM Weak                        Min:  0.0, Avg:  0.0, Max:  0.0, Diff:  0.0, Sum:  0.0, Workers: 4
[3183.057s][debug][gc,phases      ] GC(51)     Dead                           Min: 0, Avg:  0.0, Max: 0, Diff: 0, Sum: 0, Workers: 4
[3183.057s][debug][gc,phases      ] GC(51)     Total                          Min: 0, Avg: 258.2, Max: 521, Diff: 521, Sum: 1033, Workers: 4
[3183.057s][debug][gc,phases      ] GC(51)   ObjectSynchronizer Weak        Min:  0.0, Avg:  0.0, Max:  0.0, Diff:  0.0, Sum:  0.0, Workers: 4
[3183.057s][debug][gc,phases      ] GC(51)     Dead                           Min: 0, Avg:  0.0, Max: 0, Diff: 0, Sum: 0, Workers: 4
[3183.057s][debug][gc,phases      ] GC(51)     Total                          Min: 0, Avg:  1.0, Max: 4, Diff: 4, Sum: 4, Workers: 4
[3183.057s][debug][gc,phases      ] GC(51)   JVMTI Tag Weak OopStorage      Min:  0.0, Avg:  0.0, Max:  0.0, Diff:  0.0, Sum:  0.0, Workers: 4
[3183.057s][debug][gc,phases      ] GC(51)     Dead                           Min: 0, Avg:  0.0, Max: 0, Diff: 0, Sum: 0, Workers: 4
[3183.057s][debug][gc,phases      ] GC(51)     Total                          Min: 0, Avg:  0.0, Max: 0, Diff: 0, Sum: 0, Workers: 4
[3183.057s][debug][gc,phases      ] GC(51)   StringTable Weak               Min:  0.0, Avg:  0.1, Max:  0.1, Diff:  0.1, Sum:  0.4, Workers: 4
[3183.057s][debug][gc,phases      ] GC(51)     Dead                           Min: 0, Avg:  2.2, Max: 4, Diff: 4, Sum: 9, Workers: 4
[3183.057s][debug][gc,phases      ] GC(51)     Total                          Min: 0, Avg: 11368.8, Max: 19235, Diff: 19235, Sum: 45475, Workers: 4
[3183.057s][debug][gc,phases      ] GC(51)   ResolvedMethodTable Weak       Min:  0.0, Avg:  0.0, Max:  0.0, Diff:  0.0, Sum:  0.1, Workers: 4
[3183.057s][debug][gc,phases      ] GC(51)     Dead                           Min: 0, Avg: 27.8, Max: 41, Diff: 41, Sum: 111, Workers: 4
[3183.057s][debug][gc,phases      ] GC(51)     Total                          Min: 0, Avg: 3707.5, Max: 6120, Diff: 6120, Sum: 14830, Workers: 4
[3183.057s][debug][gc,phases      ] GC(51)   JNI Weak                       Min:  0.0, Avg:  0.0, Max:  0.0, Diff:  0.0, Sum:  0.0, Workers: 4
[3183.057s][debug][gc,phases      ] GC(51)     Dead                           Min: 0, Avg:  0.0, Max: 0, Diff: 0, Sum: 0, Workers: 4
[3183.057s][debug][gc,phases      ] GC(51)     Total                          Min: 0, Avg: 13.0, Max: 52, Diff: 52, Sum: 52, Workers: 4
[3183.057s][debug][gc,phases      ] GC(51)   StringDedup Table Weak         Min:  0.0, Avg:  0.0, Max:  0.0, Diff:  0.0, Sum:  0.0, Workers: 4
[3183.057s][debug][gc,phases      ] GC(51)     Dead                           Min: 0, Avg:  0.0, Max: 0, Diff: 0, Sum: 0, Workers: 4
[3183.057s][debug][gc,phases      ] GC(51)     Total                          Min: 0, Avg:  0.0, Max: 0, Diff: 0, Sum: 0, Workers: 4
[3183.057s][debug][gc,phases      ] GC(51)   StringDedup Requests0 Weak     Min:  0.0, Avg:  0.0, Max:  0.0, Diff:  0.0, Sum:  0.0, Workers: 4
[3183.057s][debug][gc,phases      ] GC(51)     Dead                           Min: 0, Avg:  0.0, Max: 0, Diff: 0, Sum: 0, Workers: 4
[3183.057s][debug][gc,phases      ] GC(51)     Total                          Min: 0, Avg:  0.0, Max: 0, Diff: 0, Sum: 0, Workers: 4
[3183.057s][debug][gc,phases      ] GC(51)   StringDedup Requests1 Weak     Min:  0.0, Avg:  0.0, Max:  0.0, Diff:  0.0, Sum:  0.0, Workers: 4
[3183.057s][debug][gc,phases      ] GC(51)     Dead                           Min: 0, Avg:  0.0, Max: 0, Diff: 0, Sum: 0, Workers: 4
[3183.057s][debug][gc,phases      ] GC(51)     Total                          Min: 0, Avg:  0.0, Max: 0, Diff: 0, Sum: 0, Workers: 4
[3183.057s][debug][gc,phases      ] GC(51)   Weak JFR Old Object Samples    Min:  0.0, Avg:  0.0, Max:  0.0, Diff:  0.0, Sum:  0.0, Workers: 4
[3183.057s][debug][gc,phases      ] GC(51)     Dead                           Min: 0, Avg:  0.0, Max: 0, Diff: 0, Sum: 0, Workers: 4
[3183.057s][debug][gc,phases      ] GC(51)     Total                          Min: 0, Avg:  0.0, Max: 0, Diff: 0, Sum: 0, Workers: 4
[3183.057s][debug][gc,phases      ] GC(51) Weak Processing 0.379ms
[3183.057s][debug][gc,age         ] GC(51) Desired survivor size 60817408 bytes, new threshold 1 (max threshold 15)
[3183.057s][info ][gc,heap        ] GC(51) PSYoungGen: 2041399K(2059776K)->36336K(2060800K) Eden: 2024448K(2024448K)->0K(2024448K) From: 16951K(35328K)->36336K(36352K)
[3183.057s][info ][gc,heap        ] GC(51) ParOldGen: 233791K(233984K)->275064K(275456K)
[3183.057s][info ][gc,metaspace   ] GC(51) Metaspace: 104551K(105920K)->104551K(105920K) NonClass: 88944K(89728K)->88944K(89728K) Class: 15607K(16192K)->15607K(16192K)
[3183.057s][info ][gc             ] GC(51) Pause Young (Allocation Failure) 2221M->304M(2281M) 31.852ms
[3183.057s][info ][gc,cpu         ] GC(51) User=0.09s Sys=0.03s Real=0.03s
[3183.057s][info ][safepoint      ] Safepoint "ParallelGCFailedAllocation", Time since last: 18742095 ns, Reaching safepoint: 77800 ns, Cleanup: 3400 ns, At safepoint: 31928892 ns, Total: 32010092 ns
[3184.057s][info ][safepoint      ] Safepoint "Cleanup", Time since last: 1000099146 ns, Reaching safepoint: 5900 ns, Cleanup: 87900 ns, At safepoint: 2300 ns, Total: 96100 ns
[3185.058s][info ][safepoint      ] Safepoint "Cleanup", Time since last: 1000108946 ns, Reaching safepoint: 5300 ns, Cleanup: 18800 ns, At safepoint: 1700 ns, Total: 25800 ns
[3186.058s][info ][safepoint      ] Safepoint "Cleanup", Time since last: 1000106045 ns, Reaching safepoint: 5900 ns, Cleanup: 26900 ns, At safepoint: 2400 ns, Total: 35200 ns
[3188.058s][info ][safepoint      ] Safepoint "Cleanup", Time since last: 2000169092 ns, Reaching safepoint: 5500 ns, Cleanup: 8300 ns, At safepoint: 2000 ns, Total: 15800 ns
[3189.058s][info ][safepoint      ] Safepoint "Cleanup", Time since last: 1000108246 ns, Reaching safepoint: 6100 ns, Cleanup: 10500 ns, At safepoint: 2100 ns, Total: 18700 ns
[3191.058s][info ][safepoint      ] Safepoint "Cleanup", Time since last: 2000176527 ns, Reaching safepoint: 6300 ns, Cleanup: 10000 ns, At safepoint: 2500 ns, Total: 18800 ns
[3192.058s][info ][safepoint      ] Safepoint "Cleanup", Time since last: 1000107098 ns, Reaching safepoint: 6000 ns, Cleanup: 13700 ns, At safepoint: 2100 ns, Total: 21800 ns
[3193.058s][info ][safepoint      ] Safepoint "Cleanup", Time since last: 1000103499 ns, Reaching safepoint: 6600 ns, Cleanup: 7700 ns, At safepoint: 2000 ns, Total: 16300 ns
[3194.059s][info ][safepoint      ] Safepoint "Cleanup", Time since last: 1000104698 ns, Reaching safepoint: 5700 ns, Cleanup: 12500 ns, At safepoint: 1800 ns, Total: 20000 ns
[3195.059s][info ][safepoint      ] Safepoint "Cleanup", Time since last: 1000106799 ns, Reaching safepoint: 6600 ns, Cleanup: 11100 ns, At safepoint: 1900 ns, Total: 19600 ns
[3197.059s][info ][safepoint      ] Safepoint "Cleanup", Time since last: 2000201397 ns, Reaching safepoint: 8800 ns, Cleanup: 13600 ns, At safepoint: 2500 ns, Total: 24900 ns
[3200.059s][info ][safepoint      ] Safepoint "Cleanup", Time since last: 3000266349 ns, Reaching safepoint: 5900 ns, Cleanup: 9200 ns, At safepoint: 2500 ns, Total: 17600 ns
[3202.059s][info ][safepoint      ] Safepoint "Cleanup", Time since last: 2000187972 ns, Reaching safepoint: 7900 ns, Cleanup: 11300 ns, At safepoint: 2700 ns, Total: 21900 ns
[3203.060s][info ][safepoint      ] Safepoint "Cleanup", Time since last: 1000148437 ns, Reaching safepoint: 7300 ns, Cleanup: 11700 ns, At safepoint: 2300 ns, Total: 21300 ns
[3204.060s][info ][safepoint      ] Safepoint "Cleanup", Time since last: 1000109236 ns, Reaching safepoint: 6200 ns, Cleanup: 9300 ns, At safepoint: 1900 ns, Total: 17400 ns
[3206.060s][info ][safepoint      ] Safepoint "Cleanup", Time since last: 2000193486 ns, Reaching safepoint: 6200 ns, Cleanup: 12500 ns, At safepoint: 2200 ns, Total: 20900 ns
[3212.060s][info ][safepoint      ] Safepoint "Cleanup", Time since last: 6000444062 ns, Reaching safepoint: 6300 ns, Cleanup: 17800 ns, At safepoint: 2500 ns, Total: 26600 ns
[3213.061s][info ][safepoint      ] Safepoint "Cleanup", Time since last: 1000108576 ns, Reaching safepoint: 5900 ns, Cleanup: 12100 ns, At safepoint: 1800 ns, Total: 19800 ns
[3214.061s][info ][safepoint      ] Safepoint "Cleanup", Time since last: 1000107406 ns, Reaching safepoint: 7500 ns, Cleanup: 12700 ns, At safepoint: 2000 ns, Total: 22200 ns
[3215.061s][info ][safepoint      ] Safepoint "Cleanup", Time since last: 1000111162 ns, Reaching safepoint: 6400 ns, Cleanup: 14100 ns, At safepoint: 1900 ns, Total: 22400 ns
[3217.061s][info ][safepoint      ] Safepoint "Cleanup", Time since last: 2000170923 ns, Reaching safepoint: 6400 ns, Cleanup: 10900 ns, At safepoint: 2000 ns, Total: 19300 ns
[3220.061s][info ][safepoint      ] Safepoint "Cleanup", Time since last: 3000250885 ns, Reaching safepoint: 5800 ns, Cleanup: 16900 ns, At safepoint: 2100 ns, Total: 24800 ns
[3222.062s][info ][safepoint      ] Safepoint "Cleanup", Time since last: 2000176273 ns, Reaching safepoint: 6100 ns, Cleanup: 8900 ns, At safepoint: 2400 ns, Total: 17400 ns
[3223.062s][info ][safepoint      ] Safepoint "Cleanup", Time since last: 1000113717 ns, Reaching safepoint: 6600 ns, Cleanup: 16600 ns, At safepoint: 1900 ns, Total: 25100 ns
[3225.062s][info ][safepoint      ] Safepoint "Cleanup", Time since last: 2000172134 ns, Reaching safepoint: 5400 ns, Cleanup: 7800 ns, At safepoint: 1900 ns, Total: 15100 ns
[3226.062s][info ][safepoint      ] Safepoint "Cleanup", Time since last: 1000100417 ns, Reaching safepoint: 7600 ns, Cleanup: 18500 ns, At safepoint: 2000 ns, Total: 28100 ns
[3227.062s][info ][safepoint      ] Safepoint "Cleanup", Time since last: 1000106600 ns, Reaching safepoint: 5800 ns, Cleanup: 8200 ns, At safepoint: 2000 ns, Total: 16000 ns
[3228.062s][info ][safepoint      ] Safepoint "Cleanup", Time since last: 1000109779 ns, Reaching safepoint: 6100 ns, Cleanup: 21300 ns, At safepoint: 2100 ns, Total: 29500 ns
[3229.062s][info ][safepoint      ] Safepoint "Cleanup", Time since last: 1000113880 ns, Reaching safepoint: 6300 ns, Cleanup: 9600 ns, At safepoint: 2500 ns, Total: 18400 ns
[3231.063s][info ][safepoint      ] Safepoint "Cleanup", Time since last: 2000205292 ns, Reaching safepoint: 6500 ns, Cleanup: 8600 ns, At safepoint: 2000 ns, Total: 17100 ns
[3232.063s][info ][safepoint      ] Safepoint "Cleanup", Time since last: 1000112004 ns, Reaching safepoint: 6700 ns, Cleanup: 10000 ns, At safepoint: 2500 ns, Total: 19200 ns
[3235.063s][info ][safepoint      ] Safepoint "Cleanup", Time since last: 3000287614 ns, Reaching safepoint: 6400 ns, Cleanup: 9400 ns, At safepoint: 2300 ns, Total: 18100 ns
[3239.063s][info ][safepoint      ] Safepoint "Cleanup", Time since last: 4000314645 ns, Reaching safepoint: 7000 ns, Cleanup: 12100 ns, At safepoint: 2200 ns, Total: 21300 ns
[3240.063s][info ][safepoint      ] Safepoint "Cleanup", Time since last: 1000115159 ns, Reaching safepoint: 6600 ns, Cleanup: 7900 ns, At safepoint: 2200 ns, Total: 16700 ns
[3242.024s][info ][safepoint      ] Safepoint "Cleanup", Time since last: 1960282007 ns, Reaching safepoint: 6500 ns, Cleanup: 10000 ns, At safepoint: 1700 ns, Total: 18200 ns
[3243.024s][info ][safepoint      ] Safepoint "Cleanup", Time since last: 1000114559 ns, Reaching safepoint: 6400 ns, Cleanup: 9200 ns, At safepoint: 24500 ns, Total: 40100 ns
[3244.024s][info ][safepoint      ] Safepoint "Cleanup", Time since last: 1000108327 ns, Reaching safepoint: 6200 ns, Cleanup: 12300 ns, At safepoint: 2400 ns, Total: 20900 ns
[3245.024s][info ][safepoint      ] Safepoint "Cleanup", Time since last: 1000109921 ns, Reaching safepoint: 6200 ns, Cleanup: 8900 ns, At safepoint: 2300 ns, Total: 17400 ns
[3250.025s][info ][safepoint      ] Safepoint "Cleanup", Time since last: 5000412799 ns, Reaching safepoint: 5200 ns, Cleanup: 14400 ns, At safepoint: 2000 ns, Total: 21600 ns
[3251.025s][info ][safepoint      ] Safepoint "Cleanup", Time since last: 1000112085 ns, Reaching safepoint: 7000 ns, Cleanup: 11800 ns, At safepoint: 2100 ns, Total: 20900 ns
[3254.025s][info ][safepoint      ] Safepoint "Cleanup", Time since last: 3000247080 ns, Reaching safepoint: 5700 ns, Cleanup: 8800 ns, At safepoint: 1900 ns, Total: 16400 ns
[3257.025s][info ][safepoint      ] Safepoint "Cleanup", Time since last: 3000257048 ns, Reaching safepoint: 6000 ns, Cleanup: 12600 ns, At safepoint: 2200 ns, Total: 20800 ns
[3258.025s][info ][safepoint      ] Safepoint "Cleanup", Time since last: 1000117783 ns, Reaching safepoint: 7400 ns, Cleanup: 11800 ns, At safepoint: 2500 ns, Total: 21700 ns
[3263.026s][info ][safepoint      ] Safepoint "Cleanup", Time since last: 5000411491 ns, Reaching safepoint: 6500 ns, Cleanup: 9000 ns, At safepoint: 2400 ns, Total: 17900 ns
[3267.026s][info ][safepoint      ] Safepoint "Cleanup", Time since last: 4000340665 ns, Reaching safepoint: 5600 ns, Cleanup: 8700 ns, At safepoint: 2000 ns, Total: 16300 ns
[3268.026s][info ][safepoint      ] Safepoint "Cleanup", Time since last: 1000116566 ns, Reaching safepoint: 6300 ns, Cleanup: 12300 ns, At safepoint: 2200 ns, Total: 20800 ns
[3269.026s][info ][safepoint      ] Safepoint "Cleanup", Time since last: 1000111166 ns, Reaching safepoint: 6200 ns, Cleanup: 8900 ns, At safepoint: 2000 ns, Total: 17100 ns
[3270.027s][info ][safepoint      ] Safepoint "Cleanup", Time since last: 1000130317 ns, Reaching safepoint: 6100 ns, Cleanup: 8700 ns, At safepoint: 2300 ns, Total: 17100 ns
[3272.027s][info ][safepoint      ] Safepoint "Cleanup", Time since last: 2000196016 ns, Reaching safepoint: 5800 ns, Cleanup: 9400 ns, At safepoint: 1800 ns, Total: 17000 ns
[3273.027s][info ][safepoint      ] Safepoint "Cleanup", Time since last: 1000111159 ns, Reaching safepoint: 7300 ns, Cleanup: 33200 ns, At safepoint: 2000 ns, Total: 42500 ns
[3274.027s][info ][safepoint      ] Safepoint "Cleanup", Time since last: 1000113458 ns, Reaching safepoint: 7300 ns, Cleanup: 39200 ns, At safepoint: 2100 ns, Total: 48600 ns
[3275.027s][info ][safepoint      ] Safepoint "Cleanup", Time since last: 1000112358 ns, Reaching safepoint: 6500 ns, Cleanup: 16200 ns, At safepoint: 2200 ns, Total: 24900 ns
[3275.503s][info ][gc,start       ] GC(52) Pause Young (Allocation Failure)
[3275.523s][debug][gc,phases      ] GC(52) Scavenge 19.862ms
[3275.523s][debug][gc,ref         ] GC(52) ReferenceProcessor::execute queues: 1, RefProcThreadModel::Single, marks_oops_alive: false
[3275.523s][debug][gc,ref         ] GC(52) Skipped KeepAliveFinalRefsPhase of Reference Processing: no references
[3275.523s][debug][gc,ref         ] GC(52) ReferenceProcessor::execute queues: 1, RefProcThreadModel::Single, marks_oops_alive: false
[3275.523s][debug][gc,phases      ] GC(52) Reference Processing 0.104ms
[3275.523s][debug][gc,phases      ] GC(52)   VM Weak                        Min:  0.0, Avg:  0.0, Max:  0.0, Diff:  0.0, Sum:  0.0, Workers: 4
[3275.523s][debug][gc,phases      ] GC(52)     Dead                           Min: 0, Avg:  0.0, Max: 0, Diff: 0, Sum: 0, Workers: 4
[3275.523s][debug][gc,phases      ] GC(52)     Total                          Min: 0, Avg: 258.5, Max: 576, Diff: 576, Sum: 1034, Workers: 4
[3275.523s][debug][gc,phases      ] GC(52)   ObjectSynchronizer Weak        Min:  0.0, Avg:  0.0, Max:  0.0, Diff:  0.0, Sum:  0.0, Workers: 4
[3275.523s][debug][gc,phases      ] GC(52)     Dead                           Min: 0, Avg:  0.0, Max: 0, Diff: 0, Sum: 0, Workers: 4
[3275.523s][debug][gc,phases      ] GC(52)     Total                          Min: 0, Avg:  1.0, Max: 4, Diff: 4, Sum: 4, Workers: 4
[3275.523s][debug][gc,phases      ] GC(52)   JVMTI Tag Weak OopStorage      Min:  0.0, Avg:  0.0, Max:  0.0, Diff:  0.0, Sum:  0.0, Workers: 4
[3275.523s][debug][gc,phases      ] GC(52)     Dead                           Min: 0, Avg:  0.0, Max: 0, Diff: 0, Sum: 0, Workers: 4
[3275.523s][debug][gc,phases      ] GC(52)     Total                          Min: 0, Avg:  0.0, Max: 0, Diff: 0, Sum: 0, Workers: 4
[3275.523s][debug][gc,phases      ] GC(52)   StringTable Weak               Min:  0.0, Avg:  0.1, Max:  0.1, Diff:  0.1, Sum:  0.4, Workers: 4
[3275.523s][debug][gc,phases      ] GC(52)     Dead                           Min: 0, Avg:  0.2, Max: 1, Diff: 1, Sum: 1, Workers: 4
[3275.523s][debug][gc,phases      ] GC(52)     Total                          Min: 0, Avg: 11372.8, Max: 20095, Diff: 20095, Sum: 45491, Workers: 4
[3275.523s][debug][gc,phases      ] GC(52)   ResolvedMethodTable Weak       Min:  0.0, Avg:  0.0, Max:  0.0, Diff:  0.0, Sum:  0.1, Workers: 4
[3275.523s][debug][gc,phases      ] GC(52)     Dead                           Min: 0, Avg:  4.5, Max: 11, Diff: 11, Sum: 18, Workers: 4
[3275.523s][debug][gc,phases      ] GC(52)     Total                          Min: 0, Avg: 3710.2, Max: 6494, Diff: 6494, Sum: 14841, Workers: 4
[3275.523s][debug][gc,phases      ] GC(52)   JNI Weak                       Min:  0.0, Avg:  0.0, Max:  0.0, Diff:  0.0, Sum:  0.0, Workers: 4
[3275.523s][debug][gc,phases      ] GC(52)     Dead                           Min: 0, Avg:  0.0, Max: 0, Diff: 0, Sum: 0, Workers: 4
[3275.523s][debug][gc,phases      ] GC(52)     Total                          Min: 0, Avg: 13.0, Max: 52, Diff: 52, Sum: 52, Workers: 4
[3275.523s][debug][gc,phases      ] GC(52)   StringDedup Table Weak         Min:  0.0, Avg:  0.0, Max:  0.0, Diff:  0.0, Sum:  0.0, Workers: 4
[3275.523s][debug][gc,phases      ] GC(52)     Dead                           Min: 0, Avg:  0.0, Max: 0, Diff: 0, Sum: 0, Workers: 4
[3275.523s][debug][gc,phases      ] GC(52)     Total                          Min: 0, Avg:  0.0, Max: 0, Diff: 0, Sum: 0, Workers: 4
[3275.523s][debug][gc,phases      ] GC(52)   StringDedup Requests0 Weak     Min:  0.0, Avg:  0.0, Max:  0.0, Diff:  0.0, Sum:  0.0, Workers: 4
[3275.523s][debug][gc,phases      ] GC(52)     Dead                           Min: 0, Avg:  0.0, Max: 0, Diff: 0, Sum: 0, Workers: 4
[3275.523s][debug][gc,phases      ] GC(52)     Total                          Min: 0, Avg:  0.0, Max: 0, Diff: 0, Sum: 0, Workers: 4
[3275.523s][debug][gc,phases      ] GC(52)   StringDedup Requests1 Weak     Min:  0.0, Avg:  0.0, Max:  0.0, Diff:  0.0, Sum:  0.0, Workers: 4
[3275.523s][debug][gc,phases      ] GC(52)     Dead                           Min: 0, Avg:  0.0, Max: 0, Diff: 0, Sum: 0, Workers: 4
[3275.523s][debug][gc,phases      ] GC(52)     Total                          Min: 0, Avg:  0.0, Max: 0, Diff: 0, Sum: 0, Workers: 4
[3275.523s][debug][gc,phases      ] GC(52)   Weak JFR Old Object Samples    Min:  0.0, Avg:  0.0, Max:  0.0, Diff:  0.0, Sum:  0.0, Workers: 4
[3275.523s][debug][gc,phases      ] GC(52)     Dead                           Min: 0, Avg:  0.0, Max: 0, Diff: 0, Sum: 0, Workers: 4
[3275.523s][debug][gc,phases      ] GC(52)     Total                          Min: 0, Avg:  0.0, Max: 0, Diff: 0, Sum: 0, Workers: 4
[3275.523s][debug][gc,phases      ] GC(52) Weak Processing 0.373ms
[3275.523s][debug][gc,age         ] GC(52) Desired survivor size 56623104 bytes, new threshold 1 (max threshold 15)
[3275.523s][info ][gc,heap        ] GC(52) PSYoungGen: 2060784K(2060800K)->13840K(2022912K) Eden: 2024448K(2024448K)->0K(1986560K) From: 36336K(36352K)->13840K(36352K)
[3275.523s][info ][gc,heap        ] GC(52) ParOldGen: 275064K(275456K)->311291K(311296K)
[3275.523s][info ][gc,metaspace   ] GC(52) Metaspace: 104657K(106048K)->104657K(106048K) NonClass: 89045K(89856K)->89045K(89856K) Class: 15612K(16192K)->15612K(16192K)
[3275.523s][info ][gc             ] GC(52) Pause Young (Allocation Failure) 2281M->317M(2279M) 20.461ms
[3275.523s][info ][gc,cpu         ] GC(52) User=0.04s Sys=0.03s Real=0.02s
[3275.523s][info ][safepoint      ] Safepoint "ParallelGCFailedAllocation", Time since last: 475313786 ns, Reaching safepoint: 5000 ns, Cleanup: 3600 ns, At safepoint: 20539495 ns, Total: 20548095 ns
[3276.523s][info ][safepoint      ] Safepoint "Cleanup", Time since last: 1000089158 ns, Reaching safepoint: 6600 ns, Cleanup: 8800 ns, At safepoint: 1900 ns, Total: 17300 ns
[3277.523s][info ][safepoint      ] Safepoint "Cleanup", Time since last: 1000107558 ns, Reaching safepoint: 6900 ns, Cleanup: 11500 ns, At safepoint: 2200 ns, Total: 20600 ns
[3278.524s][info ][safepoint      ] Safepoint "Cleanup", Time since last: 1000112252 ns, Reaching safepoint: 6900 ns, Cleanup: 15500 ns, At safepoint: 2200 ns, Total: 24600 ns
[3279.524s][info ][safepoint      ] Safepoint "Cleanup", Time since last: 1000127350 ns, Reaching safepoint: 6400 ns, Cleanup: 14200 ns, At safepoint: 1900 ns, Total: 22500 ns
[3280.524s][info ][safepoint      ] Safepoint "Cleanup", Time since last: 1000106850 ns, Reaching safepoint: 5800 ns, Cleanup: 23400 ns, At safepoint: 1800 ns, Total: 31000 ns
[3281.524s][info ][safepoint      ] Safepoint "Cleanup", Time since last: 1000107149 ns, Reaching safepoint: 6700 ns, Cleanup: 11300 ns, At safepoint: 2000 ns, Total: 20000 ns
[3282.524s][info ][safepoint      ] Safepoint "Cleanup", Time since last: 1000142050 ns, Reaching safepoint: 6400 ns, Cleanup: 10100 ns, At safepoint: 2000 ns, Total: 18500 ns
[3283.524s][info ][safepoint      ] Safepoint "Cleanup", Time since last: 1000119149 ns, Reaching safepoint: 7800 ns, Cleanup: 10500 ns, At safepoint: 2400 ns, Total: 20700 ns
[3284.524s][info ][safepoint      ] Safepoint "Cleanup", Time since last: 1000108350 ns, Reaching safepoint: 5400 ns, Cleanup: 8700 ns, At safepoint: 1700 ns, Total: 15800 ns
[3286.525s][info ][safepoint      ] Safepoint "Cleanup", Time since last: 2000171884 ns, Reaching safepoint: 5500 ns, Cleanup: 27500 ns, At safepoint: 2100 ns, Total: 35100 ns
[3287.525s][info ][safepoint      ] Safepoint "Cleanup", Time since last: 1000114068 ns, Reaching safepoint: 6800 ns, Cleanup: 10500 ns, At safepoint: 2800 ns, Total: 20100 ns
[3288.525s][info ][safepoint      ] Safepoint "Cleanup", Time since last: 1000116468 ns, Reaching safepoint: 5900 ns, Cleanup: 13700 ns, At safepoint: 2100 ns, Total: 21700 ns
[3291.525s][info ][safepoint      ] Safepoint "Cleanup", Time since last: 3000247104 ns, Reaching safepoint: 6300 ns, Cleanup: 14800 ns, At safepoint: 2700 ns, Total: 23800 ns
[3294.525s][info ][safepoint      ] Safepoint "Cleanup", Time since last: 3000244327 ns, Reaching safepoint: 5200 ns, Cleanup: 14400 ns, At safepoint: 2300 ns, Total: 21900 ns
[3295.526s][info ][safepoint      ] Safepoint "Cleanup", Time since last: 1000134400 ns, Reaching safepoint: 6400 ns, Cleanup: 18000 ns, At safepoint: 2600 ns, Total: 27000 ns
[3296.526s][info ][safepoint      ] Safepoint "Cleanup", Time since last: 1000115800 ns, Reaching safepoint: 5800 ns, Cleanup: 12400 ns, At safepoint: 1900 ns, Total: 20100 ns
[3297.526s][info ][safepoint      ] Safepoint "Cleanup", Time since last: 1000109199 ns, Reaching safepoint: 5200 ns, Cleanup: 16500 ns, At safepoint: 2100 ns, Total: 23800 ns
[3298.526s][info ][safepoint      ] Safepoint "Cleanup", Time since last: 1000107700 ns, Reaching safepoint: 5400 ns, Cleanup: 41500 ns, At safepoint: 1900 ns, Total: 48800 ns
[3301.041s][info ][safepoint      ] Safepoint "Cleanup", Time since last: 2515247748 ns, Reaching safepoint: 3000 ns, Cleanup: 9400 ns, At safepoint: 5200 ns, Total: 17600 ns
[3307.042s][info ][safepoint      ] Safepoint "Cleanup", Time since last: 6000498798 ns, Reaching safepoint: 6700 ns, Cleanup: 13000 ns, At safepoint: 2200 ns, Total: 21900 ns
[3309.042s][info ][safepoint      ] Safepoint "Cleanup", Time since last: 2000186562 ns, Reaching safepoint: 6300 ns, Cleanup: 10400 ns, At safepoint: 24700 ns, Total: 41400 ns
[3310.042s][info ][safepoint      ] Safepoint "Cleanup", Time since last: 1000109057 ns, Reaching safepoint: 6800 ns, Cleanup: 13800 ns, At safepoint: 2200 ns, Total: 22800 ns
[3311.042s][info ][safepoint      ] Safepoint "Cleanup", Time since last: 1000114753 ns, Reaching safepoint: 6800 ns, Cleanup: 11900 ns, At safepoint: 2200 ns, Total: 20900 ns
[3312.042s][info ][safepoint      ] Safepoint "Cleanup", Time since last: 1000136753 ns, Reaching safepoint: 7600 ns, Cleanup: 18500 ns, At safepoint: 2400 ns, Total: 28500 ns
[3321.043s][info ][safepoint      ] Safepoint "Cleanup", Time since last: 9000705282 ns, Reaching safepoint: 6400 ns, Cleanup: 22300 ns, At safepoint: 2400 ns, Total: 31100 ns
[3322.043s][info ][safepoint      ] Safepoint "Cleanup", Time since last: 1000123885 ns, Reaching safepoint: 7600 ns, Cleanup: 10800 ns, At safepoint: 2200 ns, Total: 20600 ns
[3323.043s][info ][safepoint      ] Safepoint "Cleanup", Time since last: 1000121486 ns, Reaching safepoint: 7500 ns, Cleanup: 13100 ns, At safepoint: 2100 ns, Total: 22700 ns
[3324.044s][info ][safepoint      ] Safepoint "Cleanup", Time since last: 1000130186 ns, Reaching safepoint: 7500 ns, Cleanup: 22600 ns, At safepoint: 2200 ns, Total: 32300 ns
[3325.044s][info ][safepoint      ] Safepoint "Cleanup", Time since last: 1000138586 ns, Reaching safepoint: 6700 ns, Cleanup: 10800 ns, At safepoint: 2300 ns, Total: 19800 ns
[3329.044s][info ][safepoint      ] Safepoint "Cleanup", Time since last: 4000323155 ns, Reaching safepoint: 5700 ns, Cleanup: 10400 ns, At safepoint: 1900 ns, Total: 18000 ns
[3330.044s][info ][safepoint      ] Safepoint "Cleanup", Time since last: 1000115253 ns, Reaching safepoint: 8200 ns, Cleanup: 13600 ns, At safepoint: 2600 ns, Total: 24400 ns
[3331.044s][info ][safepoint      ] Safepoint "Cleanup", Time since last: 1000118452 ns, Reaching safepoint: 8800 ns, Cleanup: 22800 ns, At safepoint: 2400 ns, Total: 34000 ns
[3332.045s][info ][safepoint      ] Safepoint "Cleanup", Time since last: 1000113352 ns, Reaching safepoint: 7400 ns, Cleanup: 16500 ns, At safepoint: 2000 ns, Total: 25900 ns
[3340.045s][info ][safepoint      ] Safepoint "Cleanup", Time since last: 8000606509 ns, Reaching safepoint: 7100 ns, Cleanup: 10000 ns, At safepoint: 25400 ns, Total: 42500 ns
[3342.045s][info ][safepoint      ] Safepoint "Cleanup", Time since last: 2000171278 ns, Reaching safepoint: 7900 ns, Cleanup: 19800 ns, At safepoint: 2200 ns, Total: 29900 ns
[3345.046s][info ][safepoint      ] Safepoint "Cleanup", Time since last: 3000250648 ns, Reaching safepoint: 6800 ns, Cleanup: 10700 ns, At safepoint: 27000 ns, Total: 44500 ns
[3346.046s][info ][safepoint      ] Safepoint "Cleanup", Time since last: 1000115283 ns, Reaching safepoint: 7300 ns, Cleanup: 9900 ns, At safepoint: 2200 ns, Total: 19400 ns
[3351.046s][info ][safepoint      ] Safepoint "Cleanup", Time since last: 5000411935 ns, Reaching safepoint: 8100 ns, Cleanup: 13700 ns, At safepoint: 2600 ns, Total: 24400 ns
[3351.901s][info ][gc,start       ] GC(53) Pause Young (Allocation Failure)
[3351.912s][debug][gc,phases      ] GC(53) Scavenge 11.132ms
[3351.913s][debug][gc,ref         ] GC(53) ReferenceProcessor::execute queues: 1, RefProcThreadModel::Single, marks_oops_alive: false
[3351.913s][debug][gc,ref         ] GC(53) Skipped KeepAliveFinalRefsPhase of Reference Processing: no references
[3351.913s][debug][gc,ref         ] GC(53) ReferenceProcessor::execute queues: 1, RefProcThreadModel::Single, marks_oops_alive: false
[3351.913s][debug][gc,phases      ] GC(53) Reference Processing 0.100ms
[3351.913s][debug][gc,phases      ] GC(53)   VM Weak                        Min:  0.0, Avg:  0.0, Max:  0.0, Diff:  0.0, Sum:  0.0, Workers: 4
[3351.913s][debug][gc,phases      ] GC(53)     Dead                           Min: 0, Avg:  0.0, Max: 0, Diff: 0, Sum: 0, Workers: 4
[3351.913s][debug][gc,phases      ] GC(53)     Total                          Min: 0, Avg: 258.5, Max: 458, Diff: 458, Sum: 1034, Workers: 4
[3351.913s][debug][gc,phases      ] GC(53)   ObjectSynchronizer Weak        Min:  0.0, Avg:  0.0, Max:  0.0, Diff:  0.0, Sum:  0.0, Workers: 4
[3351.913s][debug][gc,phases      ] GC(53)     Dead                           Min: 0, Avg:  0.0, Max: 0, Diff: 0, Sum: 0, Workers: 4
[3351.913s][debug][gc,phases      ] GC(53)     Total                          Min: 0, Avg:  1.0, Max: 4, Diff: 4, Sum: 4, Workers: 4
[3351.913s][debug][gc,phases      ] GC(53)   JVMTI Tag Weak OopStorage      Min:  0.0, Avg:  0.0, Max:  0.0, Diff:  0.0, Sum:  0.0, Workers: 4
[3351.913s][debug][gc,phases      ] GC(53)     Dead                           Min: 0, Avg:  0.0, Max: 0, Diff: 0, Sum: 0, Workers: 4
[3351.913s][debug][gc,phases      ] GC(53)     Total                          Min: 0, Avg:  0.0, Max: 0, Diff: 0, Sum: 0, Workers: 4
[3351.913s][debug][gc,phases      ] GC(53)   StringTable Weak               Min:  0.0, Avg:  0.1, Max:  0.1, Diff:  0.1, Sum:  0.3, Workers: 4
[3351.913s][debug][gc,phases      ] GC(53)     Dead                           Min: 0, Avg:  0.2, Max: 1, Diff: 1, Sum: 1, Workers: 4
[3351.913s][debug][gc,phases      ] GC(53)     Total                          Min: 0, Avg: 11373.8, Max: 20023, Diff: 20023, Sum: 45495, Workers: 4
[3351.913s][debug][gc,phases      ] GC(53)   ResolvedMethodTable Weak       Min:  0.0, Avg:  0.0, Max:  0.0, Diff:  0.0, Sum:  0.1, Workers: 4
[3351.913s][debug][gc,phases      ] GC(53)     Dead                           Min: 0, Avg:  4.2, Max: 14, Diff: 14, Sum: 17, Workers: 4
[3351.913s][debug][gc,phases      ] GC(53)     Total                          Min: 0, Avg: 3710.8, Max: 6477, Diff: 6477, Sum: 14843, Workers: 4
[3351.913s][debug][gc,phases      ] GC(53)   JNI Weak                       Min:  0.0, Avg:  0.0, Max:  0.0, Diff:  0.0, Sum:  0.0, Workers: 4
[3351.913s][debug][gc,phases      ] GC(53)     Dead                           Min: 0, Avg:  0.0, Max: 0, Diff: 0, Sum: 0, Workers: 4
[3351.913s][debug][gc,phases      ] GC(53)     Total                          Min: 0, Avg: 13.0, Max: 52, Diff: 52, Sum: 52, Workers: 4
[3351.913s][debug][gc,phases      ] GC(53)   StringDedup Table Weak         Min:  0.0, Avg:  0.0, Max:  0.0, Diff:  0.0, Sum:  0.0, Workers: 4
[3351.913s][debug][gc,phases      ] GC(53)     Dead                           Min: 0, Avg:  0.0, Max: 0, Diff: 0, Sum: 0, Workers: 4
[3351.913s][debug][gc,phases      ] GC(53)     Total                          Min: 0, Avg:  0.0, Max: 0, Diff: 0, Sum: 0, Workers: 4
[3351.913s][debug][gc,phases      ] GC(53)   StringDedup Requests0 Weak     Min:  0.0, Avg:  0.0, Max:  0.0, Diff:  0.0, Sum:  0.0, Workers: 4
[3351.913s][debug][gc,phases      ] GC(53)     Dead                           Min: 0, Avg:  0.0, Max: 0, Diff: 0, Sum: 0, Workers: 4
[3351.913s][debug][gc,phases      ] GC(53)     Total                          Min: 0, Avg:  0.0, Max: 0, Diff: 0, Sum: 0, Workers: 4
[3351.913s][debug][gc,phases      ] GC(53)   StringDedup Requests1 Weak     Min:  0.0, Avg:  0.0, Max:  0.0, Diff:  0.0, Sum:  0.0, Workers: 4
[3351.913s][debug][gc,phases      ] GC(53)     Dead                           Min: 0, Avg:  0.0, Max: 0, Diff: 0, Sum: 0, Workers: 4
[3351.913s][debug][gc,phases      ] GC(53)     Total                          Min: 0, Avg:  0.0, Max: 0, Diff: 0, Sum: 0, Workers: 4
[3351.913s][debug][gc,phases      ] GC(53)   Weak JFR Old Object Samples    Min:  0.0, Avg:  0.0, Max:  0.0, Diff:  0.0, Sum:  0.0, Workers: 4
[3351.913s][debug][gc,phases      ] GC(53)     Dead                           Min: 0, Avg:  0.0, Max: 0, Diff: 0, Sum: 0, Workers: 4
[3351.913s][debug][gc,phases      ] GC(53)     Total                          Min: 0, Avg:  0.0, Max: 0, Diff: 0, Sum: 0, Workers: 4
[3351.913s][debug][gc,phases      ] GC(53) Weak Processing 0.369ms
[3351.913s][debug][gc,age         ] GC(53) Desired survivor size 52953088 bytes, new threshold 1 (max threshold 15)
[3351.913s][info ][gc,heap        ] GC(53) PSYoungGen: 2000400K(2022912K)->10352K(2041856K) Eden: 1986560K(1986560K)->0K(1986560K) From: 13840K(36352K)->10352K(55296K)
[3351.913s][info ][gc,heap        ] GC(53) ParOldGen: 311291K(311296K)->322493K(322560K)
[3351.913s][info ][gc,metaspace   ] GC(53) Metaspace: 104692K(106048K)->104692K(106048K) NonClass: 89079K(89856K)->89079K(89856K) Class: 15613K(16192K)->15613K(16192K)
[3351.913s][info ][gc             ] GC(53) Pause Young (Allocation Failure) 2257M->325M(2309M) 11.727ms
[3351.913s][info ][gc,cpu         ] GC(53) User=0.04s Sys=0.00s Real=0.01s
[3351.913s][info ][safepoint      ] Safepoint "ParallelGCFailedAllocation", Time since last: 854855715 ns, Reaching safepoint: 79400 ns, Cleanup: 3700 ns, At safepoint: 11811699 ns, Total: 11894799 ns
[3357.913s][info ][safepoint      ] Safepoint "Cleanup", Time since last: 6000429004 ns, Reaching safepoint: 6800 ns, Cleanup: 9400 ns, At safepoint: 2600 ns, Total: 18800 ns
[3368.060s][info ][safepoint      ] Safepoint "Cleanup", Time since last: 10146225349 ns, Reaching safepoint: 7300 ns, Cleanup: 9500 ns, At safepoint: 2800 ns, Total: 19600 ns
[3373.060s][info ][safepoint      ] Safepoint "Cleanup", Time since last: 5000388325 ns, Reaching safepoint: 6200 ns, Cleanup: 10500 ns, At safepoint: 2300 ns, Total: 19000 ns
[3376.060s][info ][safepoint      ] Safepoint "Cleanup", Time since last: 3000252450 ns, Reaching safepoint: 6300 ns, Cleanup: 13900 ns, At safepoint: 1900 ns, Total: 22100 ns
[3382.061s][info ][safepoint      ] Safepoint "Cleanup", Time since last: 6000436253 ns, Reaching safepoint: 5100 ns, Cleanup: 12300 ns, At safepoint: 1600 ns, Total: 19000 ns
[3385.061s][info ][safepoint      ] Safepoint "Cleanup", Time since last: 3000251763 ns, Reaching safepoint: 5800 ns, Cleanup: 8800 ns, At safepoint: 1800 ns, Total: 16400 ns
[3390.062s][info ][safepoint      ] Safepoint "Cleanup", Time since last: 5000451432 ns, Reaching safepoint: 6000 ns, Cleanup: 9800 ns, At safepoint: 1900 ns, Total: 17700 ns
[3394.062s][info ][safepoint      ] Safepoint "Cleanup", Time since last: 4000384984 ns, Reaching safepoint: 8700 ns, Cleanup: 14500 ns, At safepoint: 2400 ns, Total: 25600 ns
[3395.062s][info ][safepoint      ] Safepoint "Cleanup", Time since last: 1000139332 ns, Reaching safepoint: 6100 ns, Cleanup: 11100 ns, At safepoint: 1900 ns, Total: 19100 ns
[3398.062s][info ][safepoint      ] Safepoint "Cleanup", Time since last: 3000255085 ns, Reaching safepoint: 5500 ns, Cleanup: 14500 ns, At safepoint: 2400 ns, Total: 22400 ns
[3402.063s][info ][safepoint      ] Safepoint "Cleanup", Time since last: 4000437149 ns, Reaching safepoint: 4400 ns, Cleanup: 8500 ns, At safepoint: 1600 ns, Total: 14500 ns
[3408.063s][info ][safepoint      ] Safepoint "Cleanup", Time since last: 6000470557 ns, Reaching safepoint: 7600 ns, Cleanup: 13600 ns, At safepoint: 2300 ns, Total: 23500 ns
[3409.064s][info ][safepoint      ] Safepoint "Cleanup", Time since last: 1000141509 ns, Reaching safepoint: 6000 ns, Cleanup: 10300 ns, At safepoint: 2100 ns, Total: 18400 ns
[3410.064s][info ][safepoint      ] Safepoint "Cleanup", Time since last: 1000154155 ns, Reaching safepoint: 6600 ns, Cleanup: 11200 ns, At safepoint: 2400 ns, Total: 20200 ns
[3413.064s][info ][safepoint      ] Safepoint "Cleanup", Time since last: 3000238628 ns, Reaching safepoint: 7600 ns, Cleanup: 12100 ns, At safepoint: 2200 ns, Total: 21900 ns
[3415.064s][info ][safepoint      ] Safepoint "Cleanup", Time since last: 2000220473 ns, Reaching safepoint: 6000 ns, Cleanup: 9400 ns, At safepoint: 2100 ns, Total: 17500 ns
[3417.064s][info ][safepoint      ] Safepoint "Cleanup", Time since last: 2000183763 ns, Reaching safepoint: 5600 ns, Cleanup: 8700 ns, At safepoint: 22600 ns, Total: 36900 ns
[3419.065s][info ][safepoint      ] Safepoint "Cleanup", Time since last: 2000175063 ns, Reaching safepoint: 6700 ns, Cleanup: 20800 ns, At safepoint: 2300 ns, Total: 29800 ns
[3424.065s][info ][safepoint      ] Safepoint "Cleanup", Time since last: 5000411734 ns, Reaching safepoint: 6700 ns, Cleanup: 10900 ns, At safepoint: 2400 ns, Total: 20000 ns
[3425.065s][info ][safepoint      ] Safepoint "Cleanup", Time since last: 1000142620 ns, Reaching safepoint: 5500 ns, Cleanup: 8400 ns, At safepoint: 2000 ns, Total: 15900 ns
[3429.968s][info ][safepoint      ] Safepoint "Cleanup", Time since last: 4903200486 ns, Reaching safepoint: 3200 ns, Cleanup: 6200 ns, At safepoint: 2000 ns, Total: 11400 ns
[3430.969s][info ][safepoint      ] Safepoint "Cleanup", Time since last: 1000130609 ns, Reaching safepoint: 7100 ns, Cleanup: 10500 ns, At safepoint: 1900 ns, Total: 19500 ns
[3431.969s][info ][safepoint      ] Safepoint "Cleanup", Time since last: 1000109009 ns, Reaching safepoint: 6500 ns, Cleanup: 9500 ns, At safepoint: 2000 ns, Total: 18000 ns
[3433.969s][info ][safepoint      ] Safepoint "Cleanup", Time since last: 2000190817 ns, Reaching safepoint: 6400 ns, Cleanup: 8900 ns, At safepoint: 1900 ns, Total: 17200 ns
[3434.969s][info ][safepoint      ] Safepoint "Cleanup", Time since last: 1000104509 ns, Reaching safepoint: 6300 ns, Cleanup: 14599 ns, At safepoint: 1900 ns, Total: 22799 ns
[3438.969s][info ][safepoint      ] Safepoint "Cleanup", Time since last: 4000329045 ns, Reaching safepoint: 6100 ns, Cleanup: 9300 ns, At safepoint: 2000 ns, Total: 17400 ns
[3439.970s][info ][safepoint      ] Safepoint "Cleanup", Time since last: 1000116117 ns, Reaching safepoint: 6199 ns, Cleanup: 10700 ns, At safepoint: 2200 ns, Total: 19099 ns
[3440.970s][info ][safepoint      ] Safepoint "Cleanup", Time since last: 1000108317 ns, Reaching safepoint: 6600 ns, Cleanup: 24400 ns, At safepoint: 2100 ns, Total: 33100 ns
[3441.970s][info ][safepoint      ] Safepoint "Cleanup", Time since last: 1000109117 ns, Reaching safepoint: 6200 ns, Cleanup: 10100 ns, At safepoint: 23600 ns, Total: 39900 ns
[3442.970s][info ][safepoint      ] Safepoint "Cleanup", Time since last: 1000104917 ns, Reaching safepoint: 5900 ns, Cleanup: 18400 ns, At safepoint: 2100 ns, Total: 26400 ns
[3443.970s][info ][safepoint      ] Safepoint "Cleanup", Time since last: 1000113217 ns, Reaching safepoint: 6600 ns, Cleanup: 10000 ns, At safepoint: 2200 ns, Total: 18800 ns
[3447.971s][info ][safepoint      ] Safepoint "Cleanup", Time since last: 4000367575 ns, Reaching safepoint: 82200 ns, Cleanup: 8900 ns, At safepoint: 28800 ns, Total: 119900 ns
[3448.971s][info ][safepoint      ] Safepoint "Cleanup", Time since last: 1000111467 ns, Reaching safepoint: 6200 ns, Cleanup: 9900 ns, At safepoint: 2100 ns, Total: 18200 ns
[3450.971s][info ][safepoint      ] Safepoint "Cleanup", Time since last: 2000202133 ns, Reaching safepoint: 5900 ns, Cleanup: 9700 ns, At safepoint: 2200 ns, Total: 17800 ns
[3451.971s][info ][safepoint      ] Safepoint "Cleanup", Time since last: 1000104967 ns, Reaching safepoint: 5700 ns, Cleanup: 8800 ns, At safepoint: 1500 ns, Total: 16000 ns
[3452.003s][info ][gc,start       ] GC(54) Pause Young (Allocation Failure)
[3452.009s][debug][gc,phases      ] GC(54) Scavenge 5.837ms
[3452.009s][debug][gc,ref         ] GC(54) ReferenceProcessor::execute queues: 1, RefProcThreadModel::Single, marks_oops_alive: false
[3452.009s][debug][gc,ref         ] GC(54) Skipped KeepAliveFinalRefsPhase of Reference Processing: no references
[3452.009s][debug][gc,ref         ] GC(54) ReferenceProcessor::execute queues: 1, RefProcThreadModel::Single, marks_oops_alive: false
[3452.009s][debug][gc,phases      ] GC(54) Reference Processing 0.096ms
[3452.009s][debug][gc,phases      ] GC(54)   VM Weak                        Min:  0.0, Avg:  0.0, Max:  0.0, Diff:  0.0, Sum:  0.0, Workers: 4
[3452.009s][debug][gc,phases      ] GC(54)     Dead                           Min: 0, Avg:  0.0, Max: 0, Diff: 0, Sum: 0, Workers: 4
[3452.009s][debug][gc,phases      ] GC(54)     Total                          Min: 0, Avg: 258.5, Max: 960, Diff: 960, Sum: 1034, Workers: 4
[3452.009s][debug][gc,phases      ] GC(54)   ObjectSynchronizer Weak        Min:  0.0, Avg:  0.0, Max:  0.0, Diff:  0.0, Sum:  0.0, Workers: 4
[3452.009s][debug][gc,phases      ] GC(54)     Dead                           Min: 0, Avg:  0.0, Max: 0, Diff: 0, Sum: 0, Workers: 4
[3452.009s][debug][gc,phases      ] GC(54)     Total                          Min: 0, Avg:  0.8, Max: 3, Diff: 3, Sum: 3, Workers: 4
[3452.009s][debug][gc,phases      ] GC(54)   JVMTI Tag Weak OopStorage      Min:  0.0, Avg:  0.0, Max:  0.0, Diff:  0.0, Sum:  0.0, Workers: 4
[3452.009s][debug][gc,phases      ] GC(54)     Dead                           Min: 0, Avg:  0.0, Max: 0, Diff: 0, Sum: 0, Workers: 4
[3452.009s][debug][gc,phases      ] GC(54)     Total                          Min: 0, Avg:  0.0, Max: 0, Diff: 0, Sum: 0, Workers: 4
[3452.009s][debug][gc,phases      ] GC(54)   StringTable Weak               Min:  0.0, Avg:  0.1, Max:  0.1, Diff:  0.1, Sum:  0.3, Workers: 4
[3452.009s][debug][gc,phases      ] GC(54)     Dead                           Min: 0, Avg:  0.0, Max: 0, Diff: 0, Sum: 0, Workers: 4
[3452.009s][debug][gc,phases      ] GC(54)     Total                          Min: 0, Avg: 11374.8, Max: 20224, Diff: 20224, Sum: 45499, Workers: 4
[3452.009s][debug][gc,phases      ] GC(54)   ResolvedMethodTable Weak       Min:  0.0, Avg:  0.0, Max:  0.0, Diff:  0.0, Sum:  0.1, Workers: 4
[3452.009s][debug][gc,phases      ] GC(54)     Dead                           Min: 0, Avg:  4.0, Max: 16, Diff: 16, Sum: 16, Workers: 4
[3452.009s][debug][gc,phases      ] GC(54)     Total                          Min: 0, Avg: 3711.2, Max: 6472, Diff: 6472, Sum: 14845, Workers: 4
[3452.009s][debug][gc,phases      ] GC(54)   JNI Weak                       Min:  0.0, Avg:  0.0, Max:  0.0, Diff:  0.0, Sum:  0.0, Workers: 4
[3452.009s][debug][gc,phases      ] GC(54)     Dead                           Min: 0, Avg:  0.0, Max: 0, Diff: 0, Sum: 0, Workers: 4
[3452.009s][debug][gc,phases      ] GC(54)     Total                          Min: 0, Avg: 13.0, Max: 52, Diff: 52, Sum: 52, Workers: 4
[3452.009s][debug][gc,phases      ] GC(54)   StringDedup Table Weak         Min:  0.0, Avg:  0.0, Max:  0.0, Diff:  0.0, Sum:  0.0, Workers: 4
[3452.009s][debug][gc,phases      ] GC(54)     Dead                           Min: 0, Avg:  0.0, Max: 0, Diff: 0, Sum: 0, Workers: 4
[3452.009s][debug][gc,phases      ] GC(54)     Total                          Min: 0, Avg:  0.0, Max: 0, Diff: 0, Sum: 0, Workers: 4
[3452.009s][debug][gc,phases      ] GC(54)   StringDedup Requests0 Weak     Min:  0.0, Avg:  0.0, Max:  0.0, Diff:  0.0, Sum:  0.0, Workers: 4
[3452.009s][debug][gc,phases      ] GC(54)     Dead                           Min: 0, Avg:  0.0, Max: 0, Diff: 0, Sum: 0, Workers: 4
[3452.009s][debug][gc,phases      ] GC(54)     Total                          Min: 0, Avg:  0.0, Max: 0, Diff: 0, Sum: 0, Workers: 4
[3452.009s][debug][gc,phases      ] GC(54)   StringDedup Requests1 Weak     Min:  0.0, Avg:  0.0, Max:  0.0, Diff:  0.0, Sum:  0.0, Workers: 4
[3452.009s][debug][gc,phases      ] GC(54)     Dead                           Min: 0, Avg:  0.0, Max: 0, Diff: 0, Sum: 0, Workers: 4
[3452.009s][debug][gc,phases      ] GC(54)     Total                          Min: 0, Avg:  0.0, Max: 0, Diff: 0, Sum: 0, Workers: 4
[3452.009s][debug][gc,phases      ] GC(54)   Weak JFR Old Object Samples    Min:  0.0, Avg:  0.0, Max:  0.0, Diff:  0.0, Sum:  0.0, Workers: 4
[3452.009s][debug][gc,phases      ] GC(54)     Dead                           Min: 0, Avg:  0.0, Max: 0, Diff: 0, Sum: 0, Workers: 4
[3452.009s][debug][gc,phases      ] GC(54)     Total                          Min: 0, Avg:  0.0, Max: 0, Diff: 0, Sum: 0, Workers: 4
[3452.009s][debug][gc,phases      ] GC(54) Weak Processing 0.364ms
[3452.009s][debug][gc,age         ] GC(54) Desired survivor size 50855936 bytes, new threshold 1 (max threshold 15)
[3452.009s][info ][gc,heap        ] GC(54) PSYoungGen: 1996912K(2041856K)->4496K(2047488K) Eden: 1986560K(1986560K)->0K(1995776K) From: 10352K(55296K)->4496K(51712K)
[3452.009s][info ][gc,heap        ] GC(54) ParOldGen: 322493K(322560K)->330454K(330752K)
[3452.009s][info ][gc,metaspace   ] GC(54) Metaspace: 104721K(106112K)->104721K(106112K) NonClass: 89107K(89920K)->89107K(89920K) Class: 15614K(16192K)->15614K(16192K)
[3452.009s][info ][gc             ] GC(54) Pause Young (Allocation Failure) 2265M->327M(2322M) 6.400ms
[3452.009s][info ][gc,cpu         ] GC(54) User=0.02s Sys=0.00s Real=0.01s
[3452.009s][info ][safepoint      ] Safepoint "ParallelGCFailedAllocation", Time since last: 31543858 ns, Reaching safepoint: 80400 ns, Cleanup: 4000 ns, At safepoint: 6469191 ns, Total: 6553591 ns
[3453.009s][info ][safepoint      ] Safepoint "Cleanup", Time since last: 1000095667 ns, Reaching safepoint: 6400 ns, Cleanup: 9600 ns, At safepoint: 2400 ns, Total: 18400 ns
[3456.010s][info ][safepoint      ] Safepoint "Cleanup", Time since last: 3000251787 ns, Reaching safepoint: 5799 ns, Cleanup: 13900 ns, At safepoint: 2200 ns, Total: 21899 ns
[3466.010s][info ][safepoint      ] Safepoint "Cleanup", Time since last: 10000763653 ns, Reaching safepoint: 6400 ns, Cleanup: 10200 ns, At safepoint: 2300 ns, Total: 18900 ns
[3467.010s][info ][safepoint      ] Safepoint "Cleanup", Time since last: 1000122321 ns, Reaching safepoint: 5700 ns, Cleanup: 7800 ns, At safepoint: 1900 ns, Total: 15400 ns
[3472.011s][info ][safepoint      ] Safepoint "Cleanup", Time since last: 5000379772 ns, Reaching safepoint: 4300 ns, Cleanup: 8600 ns, At safepoint: 1900 ns, Total: 14800 ns
[3473.011s][info ][safepoint      ] Safepoint "Cleanup", Time since last: 1000098755 ns, Reaching safepoint: 7000 ns, Cleanup: 12900 ns, At safepoint: 2200 ns, Total: 22100 ns
[3474.011s][info ][safepoint      ] Safepoint "Cleanup", Time since last: 1000111155 ns, Reaching safepoint: 6200 ns, Cleanup: 8800 ns, At safepoint: 2000 ns, Total: 17000 ns
[3485.012s][info ][safepoint      ] Safepoint "Cleanup", Time since last: 11000868924 ns, Reaching safepoint: 6600 ns, Cleanup: 9800 ns, At safepoint: 2300 ns, Total: 18700 ns
[3486.012s][info ][safepoint      ] Safepoint "Cleanup", Time since last: 1000114386 ns, Reaching safepoint: 6600 ns, Cleanup: 9900 ns, At safepoint: 2200 ns, Total: 18700 ns
[3487.012s][info ][safepoint      ] Safepoint "Cleanup", Time since last: 1000110322 ns, Reaching safepoint: 6900 ns, Cleanup: 11800 ns, At safepoint: 2600 ns, Total: 21300 ns
[3488.012s][info ][safepoint      ] Safepoint "Cleanup", Time since last: 1000105825 ns, Reaching safepoint: 5800 ns, Cleanup: 8800 ns, At safepoint: 22300 ns, Total: 36900 ns
[3505.014s][info ][safepoint      ] Safepoint "Cleanup", Time since last: 17001251738 ns, Reaching safepoint: 6100 ns, Cleanup: 8000 ns, At safepoint: 24600 ns, Total: 38700 ns
[3517.015s][info ][safepoint      ] Safepoint "Cleanup", Time since last: 12000949441 ns, Reaching safepoint: 5100 ns, Cleanup: 14300 ns, At safepoint: 1800 ns, Total: 21200 ns
[3525.015s][info ][safepoint      ] Safepoint "Cleanup", Time since last: 8000642152 ns, Reaching safepoint: 8100 ns, Cleanup: 11499 ns, At safepoint: 2600 ns, Total: 22199 ns
[3526.015s][info ][safepoint      ] Safepoint "Cleanup", Time since last: 1000116534 ns, Reaching safepoint: 6000 ns, Cleanup: 9500 ns, At safepoint: 2000 ns, Total: 17500 ns
[3531.016s][info ][safepoint      ] Safepoint "Cleanup", Time since last: 5000407823 ns, Reaching safepoint: 6200 ns, Cleanup: 10900 ns, At safepoint: 2200 ns, Total: 19300 ns
[3535.016s][info ][safepoint      ] Safepoint "Cleanup", Time since last: 4000324278 ns, Reaching safepoint: 5400 ns, Cleanup: 8700 ns, At safepoint: 2300 ns, Total: 16400 ns
[3536.016s][info ][safepoint      ] Safepoint "Cleanup", Time since last: 1000109976 ns, Reaching safepoint: 6600 ns, Cleanup: 10700 ns, At safepoint: 2000 ns, Total: 19300 ns
[3542.017s][info ][safepoint      ] Safepoint "Cleanup", Time since last: 6000504857 ns, Reaching safepoint: 5100 ns, Cleanup: 9700 ns, At safepoint: 1900 ns, Total: 16700 ns
[3551.018s][info ][safepoint      ] Safepoint "Cleanup", Time since last: 9000806894 ns, Reaching safepoint: 7100 ns, Cleanup: 10300 ns, At safepoint: 25801 ns, Total: 43201 ns
[3552.250s][info ][gc,start       ] GC(55) Pause Young (Allocation Failure)
[3552.252s][debug][gc,phases      ] GC(55) Scavenge 1.867ms
[3552.252s][debug][gc,ref         ] GC(55) ReferenceProcessor::execute queues: 1, RefProcThreadModel::Single, marks_oops_alive: false
[3552.252s][debug][gc,ref         ] GC(55) Skipped KeepAliveFinalRefsPhase of Reference Processing: no references
[3552.252s][debug][gc,ref         ] GC(55) Skipped PhantomRefsPhase of Reference Processing: no references
[3552.252s][debug][gc,phases      ] GC(55) Reference Processing 0.096ms
[3552.252s][debug][gc,phases      ] GC(55)   VM Weak                        Min:  0.0, Avg:  0.0, Max:  0.0, Diff:  0.0, Sum:  0.0, Workers: 4
[3552.252s][debug][gc,phases      ] GC(55)     Dead                           Min: 0, Avg:  0.0, Max: 0, Diff: 0, Sum: 0, Workers: 4
[3552.252s][debug][gc,phases      ] GC(55)     Total                          Min: 0, Avg: 258.5, Max: 704, Diff: 704, Sum: 1034, Workers: 4
[3552.252s][debug][gc,phases      ] GC(55)   ObjectSynchronizer Weak        Min:  0.0, Avg:  0.0, Max:  0.0, Diff:  0.0, Sum:  0.0, Workers: 4
[3552.252s][debug][gc,phases      ] GC(55)     Dead                           Min: 0, Avg:  0.0, Max: 0, Diff: 0, Sum: 0, Workers: 4
[3552.253s][debug][gc,phases      ] GC(55)     Total                          Min: 0, Avg:  0.8, Max: 3, Diff: 3, Sum: 3, Workers: 4
[3552.253s][debug][gc,phases      ] GC(55)   JVMTI Tag Weak OopStorage      Min:  0.0, Avg:  0.0, Max:  0.0, Diff:  0.0, Sum:  0.0, Workers: 4
[3552.253s][debug][gc,phases      ] GC(55)     Dead                           Min: 0, Avg:  0.0, Max: 0, Diff: 0, Sum: 0, Workers: 4
[3552.253s][debug][gc,phases      ] GC(55)     Total                          Min: 0, Avg:  0.0, Max: 0, Diff: 0, Sum: 0, Workers: 4
[3552.253s][debug][gc,phases      ] GC(55)   StringTable Weak               Min:  0.1, Avg:  0.1, Max:  0.1, Diff:  0.0, Sum:  0.4, Workers: 4
[3552.253s][debug][gc,phases      ] GC(55)     Dead                           Min: 0, Avg:  0.0, Max: 0, Diff: 0, Sum: 0, Workers: 4
[3552.253s][debug][gc,phases      ] GC(55)     Total                          Min: 10880, Avg: 11375.2, Max: 11648, Diff: 768, Sum: 45501, Workers: 4
[3552.253s][debug][gc,phases      ] GC(55)   ResolvedMethodTable Weak       Min:  0.0, Avg:  0.0, Max:  0.0, Diff:  0.0, Sum:  0.1, Workers: 4
[3552.253s][debug][gc,phases      ] GC(55)     Dead                           Min: 0, Avg:  4.0, Max: 16, Diff: 16, Sum: 16, Workers: 4
[3552.253s][debug][gc,phases      ] GC(55)     Total                          Min: 3432, Avg: 3711.2, Max: 3864, Diff: 432, Sum: 14845, Workers: 4
[3552.253s][debug][gc,phases      ] GC(55)   JNI Weak                       Min:  0.0, Avg:  0.0, Max:  0.0, Diff:  0.0, Sum:  0.0, Workers: 4
[3552.253s][debug][gc,phases      ] GC(55)     Dead                           Min: 0, Avg:  0.0, Max: 0, Diff: 0, Sum: 0, Workers: 4
[3552.253s][debug][gc,phases      ] GC(55)     Total                          Min: 0, Avg: 13.0, Max: 52, Diff: 52, Sum: 52, Workers: 4
[3552.253s][debug][gc,phases      ] GC(55)   StringDedup Table Weak         Min:  0.0, Avg:  0.0, Max:  0.0, Diff:  0.0, Sum:  0.0, Workers: 4
[3552.253s][debug][gc,phases      ] GC(55)     Dead                           Min: 0, Avg:  0.0, Max: 0, Diff: 0, Sum: 0, Workers: 4
[3552.253s][debug][gc,phases      ] GC(55)     Total                          Min: 0, Avg:  0.0, Max: 0, Diff: 0, Sum: 0, Workers: 4
[3552.253s][debug][gc,phases      ] GC(55)   StringDedup Requests0 Weak     Min:  0.0, Avg:  0.0, Max:  0.0, Diff:  0.0, Sum:  0.0, Workers: 4
[3552.253s][debug][gc,phases      ] GC(55)     Dead                           Min: 0, Avg:  0.0, Max: 0, Diff: 0, Sum: 0, Workers: 4
[3552.253s][debug][gc,phases      ] GC(55)     Total                          Min: 0, Avg:  0.0, Max: 0, Diff: 0, Sum: 0, Workers: 4
[3552.253s][debug][gc,phases      ] GC(55)   StringDedup Requests1 Weak     Min:  0.0, Avg:  0.0, Max:  0.0, Diff:  0.0, Sum:  0.0, Workers: 4
[3552.253s][debug][gc,phases      ] GC(55)     Dead                           Min: 0, Avg:  0.0, Max: 0, Diff: 0, Sum: 0, Workers: 4
[3552.253s][debug][gc,phases      ] GC(55)     Total                          Min: 0, Avg:  0.0, Max: 0, Diff: 0, Sum: 0, Workers: 4
[3552.253s][debug][gc,phases      ] GC(55)   Weak JFR Old Object Samples    Min:  0.0, Avg:  0.0, Max:  0.0, Diff:  0.0, Sum:  0.0, Workers: 4
[3552.253s][debug][gc,phases      ] GC(55)     Dead                           Min: 0, Avg:  0.0, Max: 0, Diff: 0, Sum: 0, Workers: 4
[3552.253s][debug][gc,phases      ] GC(55)     Total                          Min: 0, Avg:  0.0, Max: 0, Diff: 0, Sum: 0, Workers: 4
[3552.253s][debug][gc,phases      ] GC(55) Weak Processing 0.348ms
[3552.253s][debug][gc,age         ] GC(55) Desired survivor size 48758784 bytes, new threshold 1 (max threshold 15)
[3552.253s][info ][gc,heap        ] GC(55) PSYoungGen: 2000272K(2047488K)->2416K(2045440K) Eden: 1995776K(1995776K)->0K(1995776K) From: 4496K(51712K)->2416K(49664K)
[3552.253s][info ][gc,heap        ] GC(55) ParOldGen: 330454K(330752K)->330846K(331264K)
[3552.253s][info ][gc,metaspace   ] GC(55) Metaspace: 104728K(106112K)->104728K(106112K) NonClass: 89114K(89920K)->89114K(89920K) Class: 15614K(16192K)->15614K(16192K)
[3552.253s][info ][gc             ] GC(55) Pause Young (Allocation Failure) 2276M->325M(2321M) 2.408ms
[3552.253s][info ][gc,cpu         ] GC(55) User=0.01s Sys=0.00s Real=0.00s
[3552.253s][info ][safepoint      ] Safepoint "ParallelGCFailedAllocation", Time since last: 1232507581 ns, Reaching safepoint: 5800 ns, Cleanup: 3500 ns, At safepoint: 2466998 ns, Total: 2476298 ns
[3554.253s][info ][safepoint      ] Safepoint "Cleanup", Time since last: 2000177912 ns, Reaching safepoint: 79400 ns, Cleanup: 8800 ns, At safepoint: 6100 ns, Total: 94300 ns
[3555.253s][info ][safepoint      ] Safepoint "Cleanup", Time since last: 1000103356 ns, Reaching safepoint: 5800 ns, Cleanup: 10600 ns, At safepoint: 2000 ns, Total: 18400 ns
[3557.253s][info ][safepoint      ] Safepoint "Cleanup", Time since last: 2000174212 ns, Reaching safepoint: 6100 ns, Cleanup: 11000 ns, At safepoint: 2100 ns, Total: 19200 ns
[3562.254s][info ][safepoint      ] Safepoint "Cleanup", Time since last: 5000402359 ns, Reaching safepoint: 76600 ns, Cleanup: 8800 ns, At safepoint: 7000 ns, Total: 92400 ns
[3563.254s][info ][safepoint      ] Safepoint "Cleanup", Time since last: 1000111789 ns, Reaching safepoint: 5700 ns, Cleanup: 16400 ns, At safepoint: 1700 ns, Total: 23800 ns
[3564.254s][info ][safepoint      ] Safepoint "Cleanup", Time since last: 1000106789 ns, Reaching safepoint: 6000 ns, Cleanup: 9800 ns, At safepoint: 2100 ns, Total: 17900 ns
[3574.255s][info ][safepoint      ] Safepoint "Cleanup", Time since last: 10000739672 ns, Reaching safepoint: 6200 ns, Cleanup: 9400 ns, At safepoint: 1800 ns, Total: 17400 ns
[3579.255s][info ][safepoint      ] Safepoint "Cleanup", Time since last: 5000413422 ns, Reaching safepoint: 6300 ns, Cleanup: 9000 ns, At safepoint: 1900 ns, Total: 17200 ns
[3589.256s][info ][safepoint      ] Safepoint "Cleanup", Time since last: 10000773868 ns, Reaching safepoint: 6000 ns, Cleanup: 8300 ns, At safepoint: 1800 ns, Total: 16100 ns
[3605.257s][info ][safepoint      ] Safepoint "Cleanup", Time since last: 16001228154 ns, Reaching safepoint: 5800 ns, Cleanup: 10100 ns, At safepoint: 2300 ns, Total: 18200 ns
[3612.258s][info ][safepoint      ] Safepoint "Cleanup", Time since last: 7000532577 ns, Reaching safepoint: 6000 ns, Cleanup: 24900 ns, At safepoint: 2100 ns, Total: 33000 ns
[3619.258s][info ][safepoint      ] Safepoint "Cleanup", Time since last: 7000510135 ns, Reaching safepoint: 5699 ns, Cleanup: 9900 ns, At safepoint: 1800 ns, Total: 17399 ns
[3625.259s][info ][safepoint      ] Safepoint "Cleanup", Time since last: 6000481136 ns, Reaching safepoint: 5800 ns, Cleanup: 9700 ns, At safepoint: 2200 ns, Total: 17700 ns
[3635.260s][info ][safepoint      ] Safepoint "Cleanup", Time since last: 10000735535 ns, Reaching safepoint: 5500 ns, Cleanup: 9000 ns, At safepoint: 2000 ns, Total: 16500 ns
[3655.551s][info ][gc,start       ] GC(56) Pause Young (Allocation Failure)
[3655.553s][debug][gc,phases      ] GC(56) Scavenge 2.259ms
[3655.553s][debug][gc,ref         ] GC(56) ReferenceProcessor::execute queues: 1, RefProcThreadModel::Single, marks_oops_alive: false
[3655.553s][debug][gc,ref         ] GC(56) Skipped KeepAliveFinalRefsPhase of Reference Processing: no references
[3655.553s][debug][gc,ref         ] GC(56) ReferenceProcessor::execute queues: 1, RefProcThreadModel::Single, marks_oops_alive: false
[3655.553s][debug][gc,phases      ] GC(56) Reference Processing 0.112ms
[3655.553s][debug][gc,phases      ] GC(56)   VM Weak                        Min:  0.0, Avg:  0.0, Max:  0.0, Diff:  0.0, Sum:  0.0, Workers: 4
[3655.553s][debug][gc,phases      ] GC(56)     Dead                           Min: 0, Avg:  0.0, Max: 0, Diff: 0, Sum: 0, Workers: 4
[3655.553s][debug][gc,phases      ] GC(56)     Total                          Min: 0, Avg: 258.5, Max: 458, Diff: 458, Sum: 1034, Workers: 4
[3655.553s][debug][gc,phases      ] GC(56)   ObjectSynchronizer Weak        Min:  0.0, Avg:  0.0, Max:  0.0, Diff:  0.0, Sum:  0.0, Workers: 4
[3655.553s][debug][gc,phases      ] GC(56)     Dead                           Min: 0, Avg:  0.0, Max: 0, Diff: 0, Sum: 0, Workers: 4
[3655.553s][debug][gc,phases      ] GC(56)     Total                          Min: 0, Avg:  0.8, Max: 3, Diff: 3, Sum: 3, Workers: 4
[3655.553s][debug][gc,phases      ] GC(56)   JVMTI Tag Weak OopStorage      Min:  0.0, Avg:  0.0, Max:  0.0, Diff:  0.0, Sum:  0.0, Workers: 4
[3655.553s][debug][gc,phases      ] GC(56)     Dead                           Min: 0, Avg:  0.0, Max: 0, Diff: 0, Sum: 0, Workers: 4
[3655.553s][debug][gc,phases      ] GC(56)     Total                          Min: 0, Avg:  0.0, Max: 0, Diff: 0, Sum: 0, Workers: 4
[3655.553s][debug][gc,phases      ] GC(56)   StringTable Weak               Min:  0.0, Avg:  0.1, Max:  0.2, Diff:  0.2, Sum:  0.5, Workers: 4
[3655.553s][debug][gc,phases      ] GC(56)     Dead                           Min: 0, Avg:  0.0, Max: 0, Diff: 0, Sum: 0, Workers: 4
[3655.553s][debug][gc,phases      ] GC(56)     Total                          Min: 0, Avg: 11375.2, Max: 18176, Diff: 18176, Sum: 45501, Workers: 4
[3655.553s][debug][gc,phases      ] GC(56)   ResolvedMethodTable Weak       Min:  0.0, Avg:  0.0, Max:  0.1, Diff:  0.1, Sum:  0.2, Workers: 4
[3655.553s][debug][gc,phases      ] GC(56)     Dead                           Min: 0, Avg:  6.0, Max: 21, Diff: 21, Sum: 24, Workers: 4
[3655.553s][debug][gc,phases      ] GC(56)     Total                          Min: 0, Avg: 3711.5, Max: 5657, Diff: 5657, Sum: 14846, Workers: 4
[3655.553s][debug][gc,phases      ] GC(56)   JNI Weak                       Min:  0.0, Avg:  0.0, Max:  0.0, Diff:  0.0, Sum:  0.0, Workers: 4
[3655.553s][debug][gc,phases      ] GC(56)     Dead                           Min: 0, Avg:  0.0, Max: 0, Diff: 0, Sum: 0, Workers: 4
[3655.553s][debug][gc,phases      ] GC(56)     Total                          Min: 0, Avg: 13.0, Max: 52, Diff: 52, Sum: 52, Workers: 4
[3655.553s][debug][gc,phases      ] GC(56)   StringDedup Table Weak         Min:  0.0, Avg:  0.0, Max:  0.0, Diff:  0.0, Sum:  0.0, Workers: 4
[3655.553s][debug][gc,phases      ] GC(56)     Dead                           Min: 0, Avg:  0.0, Max: 0, Diff: 0, Sum: 0, Workers: 4
[3655.553s][debug][gc,phases      ] GC(56)     Total                          Min: 0, Avg:  0.0, Max: 0, Diff: 0, Sum: 0, Workers: 4
[3655.553s][debug][gc,phases      ] GC(56)   StringDedup Requests0 Weak     Min:  0.0, Avg:  0.0, Max:  0.0, Diff:  0.0, Sum:  0.0, Workers: 4
[3655.553s][debug][gc,phases      ] GC(56)     Dead                           Min: 0, Avg:  0.0, Max: 0, Diff: 0, Sum: 0, Workers: 4
[3655.553s][debug][gc,phases      ] GC(56)     Total                          Min: 0, Avg:  0.0, Max: 0, Diff: 0, Sum: 0, Workers: 4
[3655.553s][debug][gc,phases      ] GC(56)   StringDedup Requests1 Weak     Min:  0.0, Avg:  0.0, Max:  0.0, Diff:  0.0, Sum:  0.0, Workers: 4
[3655.553s][debug][gc,phases      ] GC(56)     Dead                           Min: 0, Avg:  0.0, Max: 0, Diff: 0, Sum: 0, Workers: 4
[3655.553s][debug][gc,phases      ] GC(56)     Total                          Min: 0, Avg:  0.0, Max: 0, Diff: 0, Sum: 0, Workers: 4
[3655.553s][debug][gc,phases      ] GC(56)   Weak JFR Old Object Samples    Min:  0.0, Avg:  0.0, Max:  0.0, Diff:  0.0, Sum:  0.0, Workers: 4
[3655.553s][debug][gc,phases      ] GC(56)     Dead                           Min: 0, Avg:  0.0, Max: 0, Diff: 0, Sum: 0, Workers: 4
[3655.553s][debug][gc,phases      ] GC(56)     Total                          Min: 0, Avg:  0.0, Max: 0, Diff: 0, Sum: 0, Workers: 4
[3655.553s][debug][gc,phases      ] GC(56) Weak Processing 0.444ms
[3655.553s][debug][gc,age         ] GC(56) Desired survivor size 47185920 bytes, new threshold 1 (max threshold 15)
[3655.553s][info ][gc,heap        ] GC(56) PSYoungGen: 1998192K(2045440K)->2240K(2051072K) Eden: 1995776K(1995776K)->0K(2003456K) From: 2416K(49664K)->2240K(47616K)
[3655.553s][info ][gc,heap        ] GC(56) ParOldGen: 330846K(331264K)->331566K(331776K)
[3655.553s][info ][gc,metaspace   ] GC(56) Metaspace: 104746K(106112K)->104746K(106112K) NonClass: 89132K(89920K)->89132K(89920K) Class: 15614K(16192K)->15614K(16192K)
[3655.553s][info ][gc             ] GC(56) Pause Young (Allocation Failure) 2274M->325M(2327M) 2.962ms
[3655.554s][info ][gc,cpu         ] GC(56) User=0.01s Sys=0.00s Real=0.00s
[3655.554s][info ][safepoint      ] Safepoint "ParallelGCFailedAllocation", Time since last: 20290777423 ns, Reaching safepoint: 90700 ns, Cleanup: 5700 ns, At safepoint: 3055198 ns, Total: 3151598 ns
[3668.554s][info ][safepoint      ] Safepoint "Cleanup", Time since last: 13000927075 ns, Reaching safepoint: 5099 ns, Cleanup: 8400 ns, At safepoint: 1800 ns, Total: 15299 ns
[3670.555s][info ][safepoint      ] Safepoint "Cleanup", Time since last: 2000168372 ns, Reaching safepoint: 5200 ns, Cleanup: 9400 ns, At safepoint: 1700 ns, Total: 16300 ns
[3672.555s][info ][safepoint      ] Safepoint "Cleanup", Time since last: 2000166946 ns, Reaching safepoint: 4700 ns, Cleanup: 12900 ns, At safepoint: 18400 ns, Total: 36000 ns
[3678.555s][info ][safepoint      ] Safepoint "Cleanup", Time since last: 6000454752 ns, Reaching safepoint: 4700 ns, Cleanup: 7900 ns, At safepoint: 1900 ns, Total: 14500 ns
[3679.555s][info ][safepoint      ] Safepoint "Cleanup", Time since last: 1000124659 ns, Reaching safepoint: 5700 ns, Cleanup: 18400 ns, At safepoint: 2300 ns, Total: 26400 ns
[3680.556s][info ][safepoint      ] Safepoint "Cleanup", Time since last: 1000099110 ns, Reaching safepoint: 5700 ns, Cleanup: 9200 ns, At safepoint: 1800 ns, Total: 16700 ns
[3682.556s][info ][safepoint      ] Safepoint "Cleanup", Time since last: 2000176511 ns, Reaching safepoint: 6600 ns, Cleanup: 12700 ns, At safepoint: 2600 ns, Total: 21900 ns
[3690.556s][info ][safepoint      ] Safepoint "Cleanup", Time since last: 8000634596 ns, Reaching safepoint: 6400 ns, Cleanup: 10100 ns, At safepoint: 2200 ns, Total: 18700 ns
[3691.557s][info ][safepoint      ] Safepoint "Cleanup", Time since last: 1000116145 ns, Reaching safepoint: 5700 ns, Cleanup: 12200 ns, At safepoint: 1800 ns, Total: 19700 ns
[3692.557s][info ][safepoint      ] Safepoint "Cleanup", Time since last: 1000104987 ns, Reaching safepoint: 5300 ns, Cleanup: 11000 ns, At safepoint: 1900 ns, Total: 18200 ns
[3694.557s][info ][safepoint      ] Safepoint "Cleanup", Time since last: 2000171646 ns, Reaching safepoint: 6300 ns, Cleanup: 11500 ns, At safepoint: 2100 ns, Total: 19900 ns
[3695.557s][info ][safepoint      ] Safepoint "Cleanup", Time since last: 1000114392 ns, Reaching safepoint: 7000 ns, Cleanup: 15100 ns, At safepoint: 2100 ns, Total: 24200 ns
[3716.559s][info ][safepoint      ] Safepoint "Cleanup", Time since last: 21001651048 ns, Reaching safepoint: 7000 ns, Cleanup: 8700 ns, At safepoint: 1900 ns, Total: 17600 ns
[3720.559s][info ][safepoint      ] Safepoint "Cleanup", Time since last: 4000352341 ns, Reaching safepoint: 5200 ns, Cleanup: 31200 ns, At safepoint: 2200 ns, Total: 38600 ns
[3721.559s][info ][safepoint      ] Safepoint "Cleanup", Time since last: 1000109243 ns, Reaching safepoint: 5200 ns, Cleanup: 23500 ns, At safepoint: 1900 ns, Total: 30600 ns
[3729.560s][info ][safepoint      ] Safepoint "Cleanup", Time since last: 8000600974 ns, Reaching safepoint: 5700 ns, Cleanup: 8900 ns, At safepoint: 1900 ns, Total: 16500 ns
[3732.560s][info ][safepoint      ] Safepoint "Cleanup", Time since last: 3000274602 ns, Reaching safepoint: 7300 ns, Cleanup: 11800 ns, At safepoint: 2400 ns, Total: 21500 ns
[3733.560s][info ][safepoint      ] Safepoint "Cleanup", Time since last: 1000112668 ns, Reaching safepoint: 5800 ns, Cleanup: 8600 ns, At safepoint: 1700 ns, Total: 16100 ns
[3735.560s][info ][safepoint      ] Safepoint "Cleanup", Time since last: 2000167189 ns, Reaching safepoint: 5000 ns, Cleanup: 5500 ns, At safepoint: 1600 ns, Total: 12100 ns
[3741.561s][info ][safepoint      ] Safepoint "Cleanup", Time since last: 6000472531 ns, Reaching safepoint: 6000 ns, Cleanup: 10500 ns, At safepoint: 1900 ns, Total: 18400 ns
[3744.561s][info ][safepoint      ] Safepoint "Cleanup", Time since last: 3000293791 ns, Reaching safepoint: 21300 ns, Cleanup: 12400 ns, At safepoint: 2700 ns, Total: 36400 ns
[3746.562s][info ][safepoint      ] Safepoint "Cleanup", Time since last: 2000218203 ns, Reaching safepoint: 7700 ns, Cleanup: 11400 ns, At safepoint: 2600 ns, Total: 21700 ns
[3750.562s][info ][safepoint      ] Safepoint "Cleanup", Time since last: 4000351829 ns, Reaching safepoint: 6500 ns, Cleanup: 9500 ns, At safepoint: 1900 ns, Total: 17900 ns
[3759.563s][info ][safepoint      ] Safepoint "Cleanup", Time since last: 9000751884 ns, Reaching safepoint: 5200 ns, Cleanup: 8600 ns, At safepoint: 1800 ns, Total: 15600 ns
[3760.104s][info ][gc,start       ] GC(57) Pause Young (Allocation Failure)
[3760.107s][debug][gc,phases      ] GC(57) Scavenge 2.817ms
[3760.107s][debug][gc,ref         ] GC(57) ReferenceProcessor::execute queues: 1, RefProcThreadModel::Single, marks_oops_alive: false
[3760.107s][debug][gc,ref         ] GC(57) Skipped KeepAliveFinalRefsPhase of Reference Processing: no references
[3760.107s][debug][gc,ref         ] GC(57) Skipped PhantomRefsPhase of Reference Processing: no references
[3760.107s][debug][gc,phases      ] GC(57) Reference Processing 0.109ms
[3760.107s][debug][gc,phases      ] GC(57)   VM Weak                        Min:  0.0, Avg:  0.0, Max:  0.0, Diff:  0.0, Sum:  0.0, Workers: 4
[3760.107s][debug][gc,phases      ] GC(57)     Dead                           Min: 0, Avg:  0.0, Max: 0, Diff: 0, Sum: 0, Workers: 4
[3760.107s][debug][gc,phases      ] GC(57)     Total                          Min: 0, Avg: 258.5, Max: 906, Diff: 906, Sum: 1034, Workers: 4
[3760.107s][debug][gc,phases      ] GC(57)   ObjectSynchronizer Weak        Min:  0.0, Avg:  0.0, Max:  0.0, Diff:  0.0, Sum:  0.0, Workers: 4
[3760.107s][debug][gc,phases      ] GC(57)     Dead                           Min: 0, Avg:  0.0, Max: 0, Diff: 0, Sum: 0, Workers: 4
[3760.107s][debug][gc,phases      ] GC(57)     Total                          Min: 0, Avg:  0.8, Max: 3, Diff: 3, Sum: 3, Workers: 4
[3760.107s][debug][gc,phases      ] GC(57)   JVMTI Tag Weak OopStorage      Min:  0.0, Avg:  0.0, Max:  0.0, Diff:  0.0, Sum:  0.0, Workers: 4
[3760.107s][debug][gc,phases      ] GC(57)     Dead                           Min: 0, Avg:  0.0, Max: 0, Diff: 0, Sum: 0, Workers: 4
[3760.107s][debug][gc,phases      ] GC(57)     Total                          Min: 0, Avg:  0.0, Max: 0, Diff: 0, Sum: 0, Workers: 4
[3760.107s][debug][gc,phases      ] GC(57)   StringTable Weak               Min:  0.0, Avg:  0.1, Max:  0.1, Diff:  0.1, Sum:  0.4, Workers: 4
[3760.107s][debug][gc,phases      ] GC(57)     Dead                           Min: 0, Avg:  0.0, Max: 0, Diff: 0, Sum: 0, Workers: 4
[3760.107s][debug][gc,phases      ] GC(57)     Total                          Min: 0, Avg: 11376.0, Max: 19840, Diff: 19840, Sum: 45504, Workers: 4
[3760.107s][debug][gc,phases      ] GC(57)   ResolvedMethodTable Weak       Min:  0.0, Avg:  0.0, Max:  0.0, Diff:  0.0, Sum:  0.1, Workers: 4
[3760.107s][debug][gc,phases      ] GC(57)     Dead                           Min: 0, Avg:  4.0, Max: 16, Diff: 16, Sum: 16, Workers: 4
[3760.107s][debug][gc,phases      ] GC(57)     Total                          Min: 0, Avg: 3711.5, Max: 6488, Diff: 6488, Sum: 14846, Workers: 4
[3760.107s][debug][gc,phases      ] GC(57)   JNI Weak                       Min:  0.0, Avg:  0.0, Max:  0.0, Diff:  0.0, Sum:  0.0, Workers: 4
[3760.107s][debug][gc,phases      ] GC(57)     Dead                           Min: 0, Avg:  0.0, Max: 0, Diff: 0, Sum: 0, Workers: 4
[3760.107s][debug][gc,phases      ] GC(57)     Total                          Min: 0, Avg: 13.0, Max: 52, Diff: 52, Sum: 52, Workers: 4
[3760.107s][debug][gc,phases      ] GC(57)   StringDedup Table Weak         Min:  0.0, Avg:  0.0, Max:  0.0, Diff:  0.0, Sum:  0.0, Workers: 4
[3760.107s][debug][gc,phases      ] GC(57)     Dead                           Min: 0, Avg:  0.0, Max: 0, Diff: 0, Sum: 0, Workers: 4
[3760.107s][debug][gc,phases      ] GC(57)     Total                          Min: 0, Avg:  0.0, Max: 0, Diff: 0, Sum: 0, Workers: 4
[3760.107s][debug][gc,phases      ] GC(57)   StringDedup Requests0 Weak     Min:  0.0, Avg:  0.0, Max:  0.0, Diff:  0.0, Sum:  0.0, Workers: 4
[3760.107s][debug][gc,phases      ] GC(57)     Dead                           Min: 0, Avg:  0.0, Max: 0, Diff: 0, Sum: 0, Workers: 4
[3760.107s][debug][gc,phases      ] GC(57)     Total                          Min: 0, Avg:  0.0, Max: 0, Diff: 0, Sum: 0, Workers: 4
[3760.107s][debug][gc,phases      ] GC(57)   StringDedup Requests1 Weak     Min:  0.0, Avg:  0.0, Max:  0.0, Diff:  0.0, Sum:  0.0, Workers: 4
[3760.107s][debug][gc,phases      ] GC(57)     Dead                           Min: 0, Avg:  0.0, Max: 0, Diff: 0, Sum: 0, Workers: 4
[3760.107s][debug][gc,phases      ] GC(57)     Total                          Min: 0, Avg:  0.0, Max: 0, Diff: 0, Sum: 0, Workers: 4
[3760.107s][debug][gc,phases      ] GC(57)   Weak JFR Old Object Samples    Min:  0.0, Avg:  0.0, Max:  0.0, Diff:  0.0, Sum:  0.0, Workers: 4
[3760.107s][debug][gc,phases      ] GC(57)     Dead                           Min: 0, Avg:  0.0, Max: 0, Diff: 0, Sum: 0, Workers: 4
[3760.107s][debug][gc,phases      ] GC(57)     Total                          Min: 0, Avg:  0.0, Max: 0, Diff: 0, Sum: 0, Workers: 4
[3760.107s][debug][gc,phases      ] GC(57) Weak Processing 0.383ms
[3760.107s][debug][gc,age         ] GC(57) Desired survivor size 44564480 bytes, new threshold 1 (max threshold 15)
[3760.107s][info ][gc,heap        ] GC(57) PSYoungGen: 2005696K(2051072K)->5520K(2049536K) Eden: 2003456K(2003456K)->0K(2003456K) From: 2240K(47616K)->5520K(46080K)
[3760.107s][info ][gc,heap        ] GC(57) ParOldGen: 331566K(331776K)->332154K(332288K)
[3760.107s][info ][gc,metaspace   ] GC(57) Metaspace: 104758K(106112K)->104758K(106112K) NonClass: 89142K(89920K)->89142K(89920K) Class: 15615K(16192K)->15615K(16192K)
[3760.107s][info ][gc             ] GC(57) Pause Young (Allocation Failure) 2282M->329M(2326M) 3.429ms
[3760.107s][info ][gc,cpu         ] GC(57) User=0.01s Sys=0.00s Real=0.00s
[3760.107s][info ][safepoint      ] Safepoint "ParallelGCFailedAllocation", Time since last: 540917918 ns, Reaching safepoint: 81400 ns, Cleanup: 3600 ns, At safepoint: 3512097 ns, Total: 3597097 ns
[3765.108s][info ][safepoint      ] Safepoint "Cleanup", Time since last: 5000420947 ns, Reaching safepoint: 5900 ns, Cleanup: 9100 ns, At safepoint: 23600 ns, Total: 38600 ns
[3766.108s][info ][safepoint      ] Safepoint "Cleanup", Time since last: 1000128409 ns, Reaching safepoint: 7600 ns, Cleanup: 10800 ns, At safepoint: 2400 ns, Total: 20800 ns
[3770.108s][info ][safepoint      ] Safepoint "Cleanup", Time since last: 4000329163 ns, Reaching safepoint: 4600 ns, Cleanup: 7600 ns, At safepoint: 1700 ns, Total: 13900 ns
[3776.109s][info ][safepoint      ] Safepoint "Cleanup", Time since last: 6000453555 ns, Reaching safepoint: 6000 ns, Cleanup: 9500 ns, At safepoint: 2100 ns, Total: 17600 ns
[3782.109s][info ][safepoint      ] Safepoint "Cleanup", Time since last: 6000465397 ns, Reaching safepoint: 6600 ns, Cleanup: 9000 ns, At safepoint: 1700 ns, Total: 17300 ns
[3806.111s][info ][safepoint      ] Safepoint "Cleanup", Time since last: 24001768766 ns, Reaching safepoint: 6700 ns, Cleanup: 10200 ns, At safepoint: 1900 ns, Total: 18800 ns
[3840.113s][info ][safepoint      ] Safepoint "Cleanup", Time since last: 34002576791 ns, Reaching safepoint: 7500 ns, Cleanup: 10600 ns, At safepoint: 2400 ns, Total: 20500 ns
[3846.114s][info ][safepoint      ] Safepoint "Cleanup", Time since last: 6000464384 ns, Reaching safepoint: 5400 ns, Cleanup: 9400 ns, At safepoint: 2100 ns, Total: 16900 ns
[3852.115s][info ][safepoint      ] Safepoint "Cleanup", Time since last: 6000541589 ns, Reaching safepoint: 6900 ns, Cleanup: 12700 ns, At safepoint: 2200 ns, Total: 21800 ns
[3853.115s][info ][safepoint      ] Safepoint "Cleanup", Time since last: 1000114298 ns, Reaching safepoint: 5800 ns, Cleanup: 14500 ns, At safepoint: 1700 ns, Total: 22000 ns
[3858.115s][info ][safepoint      ] Safepoint "Cleanup", Time since last: 5000395218 ns, Reaching safepoint: 6200 ns, Cleanup: 8900 ns, At safepoint: 23900 ns, Total: 39000 ns
[3860.590s][info ][gc,start       ] GC(58) Pause Young (Allocation Failure)
[3860.593s][debug][gc,phases      ] GC(58) Scavenge 2.438ms
[3860.593s][debug][gc,ref         ] GC(58) ReferenceProcessor::execute queues: 1, RefProcThreadModel::Single, marks_oops_alive: false
[3860.593s][debug][gc,ref         ] GC(58) Skipped KeepAliveFinalRefsPhase of Reference Processing: no references
[3860.593s][debug][gc,ref         ] GC(58) ReferenceProcessor::execute queues: 1, RefProcThreadModel::Single, marks_oops_alive: false
[3860.593s][debug][gc,phases      ] GC(58) Reference Processing 0.096ms
[3860.593s][debug][gc,phases      ] GC(58)   VM Weak                        Min:  0.0, Avg:  0.0, Max:  0.0, Diff:  0.0, Sum:  0.0, Workers: 4
[3860.593s][debug][gc,phases      ] GC(58)     Dead                           Min: 0, Avg:  0.0, Max: 0, Diff: 0, Sum: 0, Workers: 4
[3860.593s][debug][gc,phases      ] GC(58)     Total                          Min: 0, Avg: 258.5, Max: 1034, Diff: 1034, Sum: 1034, Workers: 4
[3860.593s][debug][gc,phases      ] GC(58)   ObjectSynchronizer Weak        Min:  0.0, Avg:  0.0, Max:  0.0, Diff:  0.0, Sum:  0.0, Workers: 4
[3860.593s][debug][gc,phases      ] GC(58)     Dead                           Min: 0, Avg:  0.0, Max: 0, Diff: 0, Sum: 0, Workers: 4
[3860.593s][debug][gc,phases      ] GC(58)     Total                          Min: 0, Avg:  1.0, Max: 4, Diff: 4, Sum: 4, Workers: 4
[3860.593s][debug][gc,phases      ] GC(58)   JVMTI Tag Weak OopStorage      Min:  0.0, Avg:  0.0, Max:  0.0, Diff:  0.0, Sum:  0.0, Workers: 4
[3860.593s][debug][gc,phases      ] GC(58)     Dead                           Min: 0, Avg:  0.0, Max: 0, Diff: 0, Sum: 0, Workers: 4
[3860.593s][debug][gc,phases      ] GC(58)     Total                          Min: 0, Avg:  0.0, Max: 0, Diff: 0, Sum: 0, Workers: 4
[3860.593s][debug][gc,phases      ] GC(58)   StringTable Weak               Min:  0.0, Avg:  0.1, Max:  0.1, Diff:  0.1, Sum:  0.4, Workers: 4
[3860.593s][debug][gc,phases      ] GC(58)     Dead                           Min: 0, Avg:  0.0, Max: 0, Diff: 0, Sum: 0, Workers: 4
[3860.593s][debug][gc,phases      ] GC(58)     Total                          Min: 0, Avg: 11376.0, Max: 19264, Diff: 19264, Sum: 45504, Workers: 4
[3860.593s][debug][gc,phases      ] GC(58)   ResolvedMethodTable Weak       Min:  0.0, Avg:  0.0, Max:  0.0, Diff:  0.0, Sum:  0.1, Workers: 4
[3860.593s][debug][gc,phases      ] GC(58)     Dead                           Min: 0, Avg:  4.0, Max: 16, Diff: 16, Sum: 16, Workers: 4
[3860.593s][debug][gc,phases      ] GC(58)     Total                          Min: 0, Avg: 3711.5, Max: 6509, Diff: 6509, Sum: 14846, Workers: 4
[3860.593s][debug][gc,phases      ] GC(58)   JNI Weak                       Min:  0.0, Avg:  0.0, Max:  0.0, Diff:  0.0, Sum:  0.0, Workers: 4
[3860.593s][debug][gc,phases      ] GC(58)     Dead                           Min: 0, Avg:  0.0, Max: 0, Diff: 0, Sum: 0, Workers: 4
[3860.593s][debug][gc,phases      ] GC(58)     Total                          Min: 0, Avg: 13.0, Max: 52, Diff: 52, Sum: 52, Workers: 4
[3860.593s][debug][gc,phases      ] GC(58)   StringDedup Table Weak         Min:  0.0, Avg:  0.0, Max:  0.0, Diff:  0.0, Sum:  0.0, Workers: 4
[3860.593s][debug][gc,phases      ] GC(58)     Dead                           Min: 0, Avg:  0.0, Max: 0, Diff: 0, Sum: 0, Workers: 4
[3860.593s][debug][gc,phases      ] GC(58)     Total                          Min: 0, Avg:  0.0, Max: 0, Diff: 0, Sum: 0, Workers: 4
[3860.593s][debug][gc,phases      ] GC(58)   StringDedup Requests0 Weak     Min:  0.0, Avg:  0.0, Max:  0.0, Diff:  0.0, Sum:  0.0, Workers: 4
[3860.593s][debug][gc,phases      ] GC(58)     Dead                           Min: 0, Avg:  0.0, Max: 0, Diff: 0, Sum: 0, Workers: 4
[3860.593s][debug][gc,phases      ] GC(58)     Total                          Min: 0, Avg:  0.0, Max: 0, Diff: 0, Sum: 0, Workers: 4
[3860.593s][debug][gc,phases      ] GC(58)   StringDedup Requests1 Weak     Min:  0.0, Avg:  0.0, Max:  0.0, Diff:  0.0, Sum:  0.0, Workers: 4
[3860.593s][debug][gc,phases      ] GC(58)     Dead                           Min: 0, Avg:  0.0, Max: 0, Diff: 0, Sum: 0, Workers: 4
[3860.593s][debug][gc,phases      ] GC(58)     Total                          Min: 0, Avg:  0.0, Max: 0, Diff: 0, Sum: 0, Workers: 4
[3860.593s][debug][gc,phases      ] GC(58)   Weak JFR Old Object Samples    Min:  0.0, Avg:  0.0, Max:  0.0, Diff:  0.0, Sum:  0.0, Workers: 4
[3860.593s][debug][gc,phases      ] GC(58)     Dead                           Min: 0, Avg:  0.0, Max: 0, Diff: 0, Sum: 0, Workers: 4
[3860.593s][debug][gc,phases      ] GC(58)     Total                          Min: 0, Avg:  0.0, Max: 0, Diff: 0, Sum: 0, Workers: 4
[3860.593s][debug][gc,phases      ] GC(58) Weak Processing 0.367ms
[3860.593s][debug][gc,age         ] GC(58) Desired survivor size 42467328 bytes, new threshold 1 (max threshold 15)
[3860.593s][info ][gc,heap        ] GC(58) PSYoungGen: 2008976K(2049536K)->2752K(2055680K) Eden: 2003456K(2003456K)->0K(2012160K) From: 5520K(46080K)->2752K(43520K)
[3860.593s][info ][gc,heap        ] GC(58) ParOldGen: 332154K(332288K)->333059K(333312K)
[3860.593s][info ][gc,metaspace   ] GC(58) Metaspace: 104772K(106112K)->104772K(106112K) NonClass: 89156K(89920K)->89156K(89920K) Class: 15615K(16192K)->15615K(16192K)
[3860.593s][info ][gc             ] GC(58) Pause Young (Allocation Failure) 2286M->327M(2333M) 3.002ms
[3860.593s][info ][gc,cpu         ] GC(58) User=0.01s Sys=0.00s Real=0.00s
[3860.593s][info ][safepoint      ] Safepoint "ParallelGCFailedAllocation", Time since last: 2475058715 ns, Reaching safepoint: 5700 ns, Cleanup: 10900 ns, At safepoint: 3066497 ns, Total: 3083097 ns
[3861.593s][info ][safepoint      ] Safepoint "Cleanup", Time since last: 1000088479 ns, Reaching safepoint: 5700 ns, Cleanup: 10600 ns, At safepoint: 11200 ns, Total: 27500 ns
[3864.594s][info ][safepoint      ] Safepoint "Cleanup", Time since last: 3000257650 ns, Reaching safepoint: 7600 ns, Cleanup: 19400 ns, At safepoint: 2600 ns, Total: 29600 ns
[3867.594s][info ][safepoint      ] Safepoint "Cleanup", Time since last: 3000250944 ns, Reaching safepoint: 8500 ns, Cleanup: 9400 ns, At safepoint: 2000 ns, Total: 19900 ns
[3868.594s][info ][safepoint      ] Safepoint "Cleanup", Time since last: 1000107525 ns, Reaching safepoint: 7000 ns, Cleanup: 17400 ns, At safepoint: 2500 ns, Total: 26900 ns
[3871.594s][info ][safepoint      ] Safepoint "Cleanup", Time since last: 3000239200 ns, Reaching safepoint: 5200 ns, Cleanup: 17699 ns, At safepoint: 2300 ns, Total: 25199 ns
[3873.594s][info ][safepoint      ] Safepoint "Cleanup", Time since last: 2000166470 ns, Reaching safepoint: 6000 ns, Cleanup: 15400 ns, At safepoint: 2100 ns, Total: 23500 ns
[3875.595s][info ][safepoint      ] Safepoint "Cleanup", Time since last: 2000160769 ns, Reaching safepoint: 5900 ns, Cleanup: 9000 ns, At safepoint: 1900 ns, Total: 16800 ns
[3876.595s][info ][safepoint      ] Safepoint "Cleanup", Time since last: 1000101634 ns, Reaching safepoint: 5700 ns, Cleanup: 28500 ns, At safepoint: 2200 ns, Total: 36400 ns
[3880.595s][info ][safepoint      ] Safepoint "Cleanup", Time since last: 4000304853 ns, Reaching safepoint: 7800 ns, Cleanup: 12300 ns, At safepoint: 20599 ns, Total: 40699 ns
[3895.596s][info ][safepoint      ] Safepoint "Cleanup", Time since last: 15001186046 ns, Reaching safepoint: 7900 ns, Cleanup: 10300 ns, At safepoint: 2100 ns, Total: 20300 ns
[3912.224s][info ][safepoint      ] Safepoint "Cleanup", Time since last: 16628014289 ns, Reaching safepoint: 5800 ns, Cleanup: 11400 ns, At safepoint: 2200 ns, Total: 19400 ns
[3935.226s][info ][safepoint      ] Safepoint "Cleanup", Time since last: 23001754217 ns, Reaching safepoint: 6900 ns, Cleanup: 11300 ns, At safepoint: 2400 ns, Total: 20600 ns
[3938.605s][info ][gc,start       ] GC(59) Pause Young (Allocation Failure)
[3938.611s][debug][gc,phases      ] GC(59) Scavenge 5.914ms
[3938.612s][debug][gc,ref         ] GC(59) ReferenceProcessor::execute queues: 1, RefProcThreadModel::Single, marks_oops_alive: false
[3938.612s][debug][gc,ref         ] GC(59) Skipped KeepAliveFinalRefsPhase of Reference Processing: no references
[3938.612s][debug][gc,ref         ] GC(59) ReferenceProcessor::execute queues: 1, RefProcThreadModel::Single, marks_oops_alive: false
[3938.612s][debug][gc,phases      ] GC(59) Reference Processing 0.100ms
[3938.612s][debug][gc,phases      ] GC(59)   VM Weak                        Min:  0.0, Avg:  0.0, Max:  0.0, Diff:  0.0, Sum:  0.0, Workers: 4
[3938.612s][debug][gc,phases      ] GC(59)     Dead                           Min: 0, Avg:  0.0, Max: 0, Diff: 0, Sum: 0, Workers: 4
[3938.612s][debug][gc,phases      ] GC(59)     Total                          Min: 0, Avg: 258.5, Max: 1034, Diff: 1034, Sum: 1034, Workers: 4
[3938.612s][debug][gc,phases      ] GC(59)   ObjectSynchronizer Weak        Min:  0.0, Avg:  0.0, Max:  0.0, Diff:  0.0, Sum:  0.0, Workers: 4
[3938.612s][debug][gc,phases      ] GC(59)     Dead                           Min: 0, Avg:  0.0, Max: 0, Diff: 0, Sum: 0, Workers: 4
[3938.612s][debug][gc,phases      ] GC(59)     Total                          Min: 0, Avg:  0.8, Max: 3, Diff: 3, Sum: 3, Workers: 4
[3938.612s][debug][gc,phases      ] GC(59)   JVMTI Tag Weak OopStorage      Min:  0.0, Avg:  0.0, Max:  0.0, Diff:  0.0, Sum:  0.0, Workers: 4
[3938.612s][debug][gc,phases      ] GC(59)     Dead                           Min: 0, Avg:  0.0, Max: 0, Diff: 0, Sum: 0, Workers: 4
[3938.612s][debug][gc,phases      ] GC(59)     Total                          Min: 0, Avg:  0.0, Max: 0, Diff: 0, Sum: 0, Workers: 4
[3938.612s][debug][gc,phases      ] GC(59)   StringTable Weak               Min:  0.0, Avg:  0.1, Max:  0.1, Diff:  0.1, Sum:  0.4, Workers: 4
[3938.612s][debug][gc,phases      ] GC(59)     Dead                           Min: 0, Avg:  0.0, Max: 0, Diff: 0, Sum: 0, Workers: 4
[3938.612s][debug][gc,phases      ] GC(59)     Total                          Min: 0, Avg: 11376.0, Max: 21248, Diff: 21248, Sum: 45504, Workers: 4
[3938.612s][debug][gc,phases      ] GC(59)   ResolvedMethodTable Weak       Min:  0.0, Avg:  0.0, Max:  0.0, Diff:  0.0, Sum:  0.1, Workers: 4
[3938.612s][debug][gc,phases      ] GC(59)     Dead                           Min: 0, Avg:  4.0, Max: 16, Diff: 16, Sum: 16, Workers: 4
[3938.612s][debug][gc,phases      ] GC(59)     Total                          Min: 0, Avg: 3711.5, Max: 6621, Diff: 6621, Sum: 14846, Workers: 4
[3938.612s][debug][gc,phases      ] GC(59)   JNI Weak                       Min:  0.0, Avg:  0.0, Max:  0.0, Diff:  0.0, Sum:  0.0, Workers: 4
[3938.612s][debug][gc,phases      ] GC(59)     Dead                           Min: 0, Avg:  0.0, Max: 0, Diff: 0, Sum: 0, Workers: 4
[3938.612s][debug][gc,phases      ] GC(59)     Total                          Min: 0, Avg: 13.0, Max: 52, Diff: 52, Sum: 52, Workers: 4
[3938.612s][debug][gc,phases      ] GC(59)   StringDedup Table Weak         Min:  0.0, Avg:  0.0, Max:  0.0, Diff:  0.0, Sum:  0.0, Workers: 4
[3938.612s][debug][gc,phases      ] GC(59)     Dead                           Min: 0, Avg:  0.0, Max: 0, Diff: 0, Sum: 0, Workers: 4
[3938.612s][debug][gc,phases      ] GC(59)     Total                          Min: 0, Avg:  0.0, Max: 0, Diff: 0, Sum: 0, Workers: 4
[3938.612s][debug][gc,phases      ] GC(59)   StringDedup Requests0 Weak     Min:  0.0, Avg:  0.0, Max:  0.0, Diff:  0.0, Sum:  0.0, Workers: 4
[3938.612s][debug][gc,phases      ] GC(59)     Dead                           Min: 0, Avg:  0.0, Max: 0, Diff: 0, Sum: 0, Workers: 4
[3938.612s][debug][gc,phases      ] GC(59)     Total                          Min: 0, Avg:  0.0, Max: 0, Diff: 0, Sum: 0, Workers: 4
[3938.612s][debug][gc,phases      ] GC(59)   StringDedup Requests1 Weak     Min:  0.0, Avg:  0.0, Max:  0.0, Diff:  0.0, Sum:  0.0, Workers: 4
[3938.612s][debug][gc,phases      ] GC(59)     Dead                           Min: 0, Avg:  0.0, Max: 0, Diff: 0, Sum: 0, Workers: 4
[3938.612s][debug][gc,phases      ] GC(59)     Total                          Min: 0, Avg:  0.0, Max: 0, Diff: 0, Sum: 0, Workers: 4
[3938.612s][debug][gc,phases      ] GC(59)   Weak JFR Old Object Samples    Min:  0.0, Avg:  0.0, Max:  0.0, Diff:  0.0, Sum:  0.0, Workers: 4
[3938.612s][debug][gc,phases      ] GC(59)     Dead                           Min: 0, Avg:  0.0, Max: 0, Diff: 0, Sum: 0, Workers: 4
[3938.612s][debug][gc,phases      ] GC(59)     Total                          Min: 0, Avg:  0.0, Max: 0, Diff: 0, Sum: 0, Workers: 4
[3938.612s][debug][gc,phases      ] GC(59) Weak Processing 0.387ms
[3938.612s][debug][gc,age         ] GC(59) Desired survivor size 41418752 bytes, new threshold 1 (max threshold 15)
[3938.612s][info ][gc,heap        ] GC(59) PSYoungGen: 2014912K(2055680K)->15424K(2053632K) Eden: 2012160K(2012160K)->0K(2012160K) From: 2752K(43520K)->15424K(41472K)
[3938.612s][info ][gc,heap        ] GC(59) ParOldGen: 333059K(333312K)->333551K(333824K)
[3938.612s][info ][gc,metaspace   ] GC(59) Metaspace: 104781K(106112K)->104781K(106112K) NonClass: 89165K(89920K)->89165K(89920K) Class: 15615K(16192K)->15615K(16192K)
[3938.612s][info ][gc             ] GC(59) Pause Young (Allocation Failure) 2292M->340M(2331M) 6.517ms
[3938.612s][info ][gc,cpu         ] GC(59) User=0.02s Sys=0.01s Real=0.01s
[3938.612s][info ][safepoint      ] Safepoint "ParallelGCFailedAllocation", Time since last: 3379244131 ns, Reaching safepoint: 5700 ns, Cleanup: 3800 ns, At safepoint: 6596794 ns, Total: 6606294 ns
[3956.613s][info ][safepoint      ] Safepoint "Cleanup", Time since last: 18001291367 ns, Reaching safepoint: 6100 ns, Cleanup: 9400 ns, At safepoint: 2100 ns, Total: 17600 ns
[3959.614s][info ][safepoint      ] Safepoint "Cleanup", Time since last: 3000241892 ns, Reaching safepoint: 6300 ns, Cleanup: 12700 ns, At safepoint: 2200 ns, Total: 21200 ns
[3967.243s][info ][safepoint      ] Safepoint "Cleanup", Time since last: 7629087718 ns, Reaching safepoint: 7200 ns, Cleanup: 9600 ns, At safepoint: 1900 ns, Total: 18700 ns
[3970.243s][info ][safepoint      ] Safepoint "Cleanup", Time since last: 3000249833 ns, Reaching safepoint: 7000 ns, Cleanup: 9200 ns, At safepoint: 25000 ns, Total: 41200 ns
[3977.244s][info ][safepoint      ] Safepoint "Cleanup", Time since last: 7000567827 ns, Reaching safepoint: 6900 ns, Cleanup: 26800 ns, At safepoint: 2300 ns, Total: 36000 ns
[3981.244s][info ][safepoint      ] Safepoint "Cleanup", Time since last: 4000377002 ns, Reaching safepoint: 7800 ns, Cleanup: 10900 ns, At safepoint: 2600 ns, Total: 21300 ns
[3982.244s][info ][safepoint      ] Safepoint "Cleanup", Time since last: 1000113601 ns, Reaching safepoint: 6800 ns, Cleanup: 9200 ns, At safepoint: 2000 ns, Total: 18000 ns
[3984.244s][info ][safepoint      ] Safepoint "Cleanup", Time since last: 2000194632 ns, Reaching safepoint: 5800 ns, Cleanup: 12100 ns, At safepoint: 1700 ns, Total: 19600 ns
[3985.244s][info ][safepoint      ] Safepoint "Cleanup", Time since last: 1000130842 ns, Reaching safepoint: 6800 ns, Cleanup: 20200 ns, At safepoint: 2200 ns, Total: 29200 ns
[3990.245s][info ][safepoint      ] Safepoint "Cleanup", Time since last: 5000416508 ns, Reaching safepoint: 8900 ns, Cleanup: 16400 ns, At safepoint: 2300 ns, Total: 27600 ns
[3997.246s][info ][safepoint      ] Safepoint "Cleanup", Time since last: 7000608841 ns, Reaching safepoint: 6900 ns, Cleanup: 12800 ns, At safepoint: 1800 ns, Total: 21500 ns
[4014.247s][info ][safepoint      ] Safepoint "Cleanup", Time since last: 17001257205 ns, Reaching safepoint: 5100 ns, Cleanup: 8200 ns, At safepoint: 2000 ns, Total: 15300 ns
[4015.247s][info ][safepoint      ] Safepoint "Cleanup", Time since last: 1000113564 ns, Reaching safepoint: 6900 ns, Cleanup: 10900 ns, At safepoint: 2400 ns, Total: 20200 ns
[4019.247s][info ][safepoint      ] Safepoint "Cleanup", Time since last: 4000333551 ns, Reaching safepoint: 7100 ns, Cleanup: 12800 ns, At safepoint: 2200 ns, Total: 22100 ns
[4022.260s][info ][safepoint      ] Safepoint "Cleanup", Time since last: 3012413005 ns, Reaching safepoint: 7200 ns, Cleanup: 11700 ns, At safepoint: 2300 ns, Total: 21200 ns
[4027.451s][info ][gc,start       ] GC(60) Pause Young (Allocation Failure)
[4027.460s][debug][gc,phases      ] GC(60) Scavenge 8.726ms
[4027.460s][debug][gc,ref         ] GC(60) ReferenceProcessor::execute queues: 1, RefProcThreadModel::Single, marks_oops_alive: false
[4027.460s][debug][gc,ref         ] GC(60) Skipped KeepAliveFinalRefsPhase of Reference Processing: no references
[4027.460s][debug][gc,ref         ] GC(60) ReferenceProcessor::execute queues: 1, RefProcThreadModel::Single, marks_oops_alive: false
[4027.460s][debug][gc,phases      ] GC(60) Reference Processing 0.099ms
[4027.461s][debug][gc,phases      ] GC(60)   VM Weak                        Min:  0.0, Avg:  0.0, Max:  0.0, Diff:  0.0, Sum:  0.0, Workers: 4
[4027.461s][debug][gc,phases      ] GC(60)     Dead                           Min: 0, Avg:  0.0, Max: 0, Diff: 0, Sum: 0, Workers: 4
[4027.461s][debug][gc,phases      ] GC(60)     Total                          Min: 0, Avg: 258.5, Max: 586, Diff: 586, Sum: 1034, Workers: 4
[4027.461s][debug][gc,phases      ] GC(60)   ObjectSynchronizer Weak        Min:  0.0, Avg:  0.0, Max:  0.0, Diff:  0.0, Sum:  0.0, Workers: 4
[4027.461s][debug][gc,phases      ] GC(60)     Dead                           Min: 0, Avg:  0.0, Max: 0, Diff: 0, Sum: 0, Workers: 4
[4027.461s][debug][gc,phases      ] GC(60)     Total                          Min: 0, Avg:  0.8, Max: 3, Diff: 3, Sum: 3, Workers: 4
[4027.461s][debug][gc,phases      ] GC(60)   JVMTI Tag Weak OopStorage      Min:  0.0, Avg:  0.0, Max:  0.0, Diff:  0.0, Sum:  0.0, Workers: 4
[4027.461s][debug][gc,phases      ] GC(60)     Dead                           Min: 0, Avg:  0.0, Max: 0, Diff: 0, Sum: 0, Workers: 4
[4027.461s][debug][gc,phases      ] GC(60)     Total                          Min: 0, Avg:  0.0, Max: 0, Diff: 0, Sum: 0, Workers: 4
[4027.461s][debug][gc,phases      ] GC(60)   StringTable Weak               Min:  0.0, Avg:  0.1, Max:  0.1, Diff:  0.1, Sum:  0.3, Workers: 4
[4027.461s][debug][gc,phases      ] GC(60)     Dead                           Min: 0, Avg:  0.5, Max: 2, Diff: 2, Sum: 2, Workers: 4
[4027.461s][debug][gc,phases      ] GC(60)     Total                          Min: 0, Avg: 11378.0, Max: 20606, Diff: 20606, Sum: 45512, Workers: 4
[4027.461s][debug][gc,phases      ] GC(60)   ResolvedMethodTable Weak       Min:  0.0, Avg:  0.0, Max:  0.0, Diff:  0.0, Sum:  0.1, Workers: 4
[4027.461s][debug][gc,phases      ] GC(60)     Dead                           Min: 0, Avg:  4.2, Max: 16, Diff: 16, Sum: 17, Workers: 4
[4027.461s][debug][gc,phases      ] GC(60)     Total                          Min: 0, Avg: 3714.2, Max: 6613, Diff: 6613, Sum: 14857, Workers: 4
[4027.461s][debug][gc,phases      ] GC(60)   JNI Weak                       Min:  0.0, Avg:  0.0, Max:  0.0, Diff:  0.0, Sum:  0.0, Workers: 4
[4027.461s][debug][gc,phases      ] GC(60)     Dead                           Min: 0, Avg:  0.0, Max: 0, Diff: 0, Sum: 0, Workers: 4
[4027.461s][debug][gc,phases      ] GC(60)     Total                          Min: 0, Avg: 13.0, Max: 52, Diff: 52, Sum: 52, Workers: 4
[4027.461s][debug][gc,phases      ] GC(60)   StringDedup Table Weak         Min:  0.0, Avg:  0.0, Max:  0.0, Diff:  0.0, Sum:  0.0, Workers: 4
[4027.461s][debug][gc,phases      ] GC(60)     Dead                           Min: 0, Avg:  0.0, Max: 0, Diff: 0, Sum: 0, Workers: 4
[4027.461s][debug][gc,phases      ] GC(60)     Total                          Min: 0, Avg:  0.0, Max: 0, Diff: 0, Sum: 0, Workers: 4
[4027.461s][debug][gc,phases      ] GC(60)   StringDedup Requests0 Weak     Min:  0.0, Avg:  0.0, Max:  0.0, Diff:  0.0, Sum:  0.0, Workers: 4
[4027.461s][debug][gc,phases      ] GC(60)     Dead                           Min: 0, Avg:  0.0, Max: 0, Diff: 0, Sum: 0, Workers: 4
[4027.461s][debug][gc,phases      ] GC(60)     Total                          Min: 0, Avg:  0.0, Max: 0, Diff: 0, Sum: 0, Workers: 4
[4027.461s][debug][gc,phases      ] GC(60)   StringDedup Requests1 Weak     Min:  0.0, Avg:  0.0, Max:  0.0, Diff:  0.0, Sum:  0.0, Workers: 4
[4027.461s][debug][gc,phases      ] GC(60)     Dead                           Min: 0, Avg:  0.0, Max: 0, Diff: 0, Sum: 0, Workers: 4
[4027.461s][debug][gc,phases      ] GC(60)     Total                          Min: 0, Avg:  0.0, Max: 0, Diff: 0, Sum: 0, Workers: 4
[4027.461s][debug][gc,phases      ] GC(60)   Weak JFR Old Object Samples    Min:  0.0, Avg:  0.0, Max:  0.0, Diff:  0.0, Sum:  0.0, Workers: 4
[4027.461s][debug][gc,phases      ] GC(60)     Dead                           Min: 0, Avg:  0.0, Max: 0, Diff: 0, Sum: 0, Workers: 4
[4027.461s][debug][gc,phases      ] GC(60)     Total                          Min: 0, Avg:  0.0, Max: 0, Diff: 0, Sum: 0, Workers: 4
[4027.461s][debug][gc,phases      ] GC(60) Weak Processing 0.366ms
[4027.461s][debug][gc,age         ] GC(60) Desired survivor size 38797312 bytes, new threshold 1 (max threshold 15)
[4027.461s][info ][gc,heap        ] GC(60) PSYoungGen: 2027584K(2053632K)->5520K(2059264K) Eden: 2012160K(2012160K)->0K(2018816K) From: 15424K(41472K)->5520K(40448K)
[4027.461s][info ][gc,heap        ] GC(60) ParOldGen: 333551K(333824K)->346873K(347136K)
[4027.461s][info ][gc,metaspace   ] GC(60) Metaspace: 104808K(106176K)->104808K(106176K) NonClass: 89189K(89984K)->89189K(89984K) Class: 15619K(16192K)->15619K(16192K)
[4027.461s][info ][gc             ] GC(60) Pause Young (Allocation Failure) 2305M->344M(2350M) 9.313ms
[4027.461s][info ][gc,cpu         ] GC(60) User=0.03s Sys=0.01s Real=0.01s
[4027.461s][info ][safepoint      ] Safepoint "ParallelGCFailedAllocation", Time since last: 5191625000 ns, Reaching safepoint: 5600 ns, Cleanup: 3700 ns, At safepoint: 9377495 ns, Total: 9386795 ns
[4028.461s][info ][safepoint      ] Safepoint "Cleanup", Time since last: 1000092729 ns, Reaching safepoint: 6500 ns, Cleanup: 9000 ns, At safepoint: 2000 ns, Total: 17500 ns
[4042.462s][info ][safepoint      ] Safepoint "Cleanup", Time since last: 14001043932 ns, Reaching safepoint: 6100 ns, Cleanup: 11200 ns, At safepoint: 2400 ns, Total: 19700 ns
[4048.462s][info ][safepoint      ] Safepoint "Cleanup", Time since last: 6000474974 ns, Reaching safepoint: 7000 ns, Cleanup: 9500 ns, At safepoint: 2100 ns, Total: 18600 ns
[4051.463s][info ][safepoint      ] Safepoint "Cleanup", Time since last: 3000279361 ns, Reaching safepoint: 6600 ns, Cleanup: 10100 ns, At safepoint: 2600 ns, Total: 19300 ns
[4057.463s][info ][safepoint      ] Safepoint "Cleanup", Time since last: 6000471694 ns, Reaching safepoint: 7000 ns, Cleanup: 15800 ns, At safepoint: 2600 ns, Total: 25400 ns
[4059.463s][info ][safepoint      ] Safepoint "Cleanup", Time since last: 2000187299 ns, Reaching safepoint: 6900 ns, Cleanup: 10400 ns, At safepoint: 2700 ns, Total: 20000 ns
[4084.278s][info ][safepoint      ] Safepoint "Cleanup", Time since last: 24814085313 ns, Reaching safepoint: 5800 ns, Cleanup: 7300 ns, At safepoint: 2300 ns, Total: 15400 ns
[4089.278s][info ][safepoint      ] Safepoint "Cleanup", Time since last: 5000431650 ns, Reaching safepoint: 8500 ns, Cleanup: 9700 ns, At safepoint: 2500 ns, Total: 20700 ns
[4111.280s][info ][safepoint      ] Safepoint "Cleanup", Time since last: 22001599169 ns, Reaching safepoint: 7100 ns, Cleanup: 11300 ns, At safepoint: 2200 ns, Total: 20600 ns
[4112.002s][info ][gc,start       ] GC(61) Pause Young (Allocation Failure)
[4112.007s][debug][gc,phases      ] GC(61) Scavenge 5.766ms
[4112.007s][debug][gc,ref         ] GC(61) ReferenceProcessor::execute queues: 1, RefProcThreadModel::Single, marks_oops_alive: false
[4112.007s][debug][gc,ref         ] GC(61) Skipped KeepAliveFinalRefsPhase of Reference Processing: no references
[4112.007s][debug][gc,ref         ] GC(61) ReferenceProcessor::execute queues: 1, RefProcThreadModel::Single, marks_oops_alive: false
[4112.007s][debug][gc,phases      ] GC(61) Reference Processing 0.101ms
[4112.008s][debug][gc,phases      ] GC(61)   VM Weak                        Min:  0.0, Avg:  0.0, Max:  0.0, Diff:  0.0, Sum:  0.0, Workers: 4
[4112.008s][debug][gc,phases      ] GC(61)     Dead                           Min: 0, Avg:  0.0, Max: 0, Diff: 0, Sum: 0, Workers: 4
[4112.008s][debug][gc,phases      ] GC(61)     Total                          Min: 0, Avg: 258.5, Max: 832, Diff: 832, Sum: 1034, Workers: 4
[4112.008s][debug][gc,phases      ] GC(61)   ObjectSynchronizer Weak        Min:  0.0, Avg:  0.0, Max:  0.0, Diff:  0.0, Sum:  0.0, Workers: 4
[4112.008s][debug][gc,phases      ] GC(61)     Dead                           Min: 0, Avg:  0.0, Max: 0, Diff: 0, Sum: 0, Workers: 4
[4112.008s][debug][gc,phases      ] GC(61)     Total                          Min: 0, Avg:  1.0, Max: 4, Diff: 4, Sum: 4, Workers: 4
[4112.008s][debug][gc,phases      ] GC(61)   JVMTI Tag Weak OopStorage      Min:  0.0, Avg:  0.0, Max:  0.0, Diff:  0.0, Sum:  0.0, Workers: 4
[4112.008s][debug][gc,phases      ] GC(61)     Dead                           Min: 0, Avg:  0.0, Max: 0, Diff: 0, Sum: 0, Workers: 4
[4112.008s][debug][gc,phases      ] GC(61)     Total                          Min: 0, Avg:  0.0, Max: 0, Diff: 0, Sum: 0, Workers: 4
[4112.008s][debug][gc,phases      ] GC(61)   StringTable Weak               Min:  0.1, Avg:  0.1, Max:  0.1, Diff:  0.0, Sum:  0.5, Workers: 4
[4112.008s][debug][gc,phases      ] GC(61)     Dead                           Min: 0, Avg:  0.0, Max: 0, Diff: 0, Sum: 0, Workers: 4
[4112.008s][debug][gc,phases      ] GC(61)     Total                          Min: 7999, Avg: 11379.0, Max: 13198, Diff: 5199, Sum: 45516, Workers: 4
[4112.008s][debug][gc,phases      ] GC(61)   ResolvedMethodTable Weak       Min:  0.0, Avg:  0.0, Max:  0.0, Diff:  0.0, Sum:  0.1, Workers: 4
[4112.008s][debug][gc,phases      ] GC(61)     Dead                           Min: 0, Avg:  4.0, Max: 10, Diff: 10, Sum: 16, Workers: 4
[4112.008s][debug][gc,phases      ] GC(61)     Total                          Min: 3509, Avg: 3715.5, Max: 3827, Diff: 318, Sum: 14862, Workers: 4
[4112.008s][debug][gc,phases      ] GC(61)   JNI Weak                       Min:  0.0, Avg:  0.0, Max:  0.0, Diff:  0.0, Sum:  0.0, Workers: 4
[4112.008s][debug][gc,phases      ] GC(61)     Dead                           Min: 0, Avg:  0.0, Max: 0, Diff: 0, Sum: 0, Workers: 4
[4112.008s][debug][gc,phases      ] GC(61)     Total                          Min: 0, Avg: 13.0, Max: 52, Diff: 52, Sum: 52, Workers: 4
[4112.008s][debug][gc,phases      ] GC(61)   StringDedup Table Weak         Min:  0.0, Avg:  0.0, Max:  0.0, Diff:  0.0, Sum:  0.0, Workers: 4
[4112.008s][debug][gc,phases      ] GC(61)     Dead                           Min: 0, Avg:  0.0, Max: 0, Diff: 0, Sum: 0, Workers: 4
[4112.008s][debug][gc,phases      ] GC(61)     Total                          Min: 0, Avg:  0.0, Max: 0, Diff: 0, Sum: 0, Workers: 4
[4112.008s][debug][gc,phases      ] GC(61)   StringDedup Requests0 Weak     Min:  0.0, Avg:  0.0, Max:  0.0, Diff:  0.0, Sum:  0.0, Workers: 4
[4112.008s][debug][gc,phases      ] GC(61)     Dead                           Min: 0, Avg:  0.0, Max: 0, Diff: 0, Sum: 0, Workers: 4
[4112.008s][debug][gc,phases      ] GC(61)     Total                          Min: 0, Avg:  0.0, Max: 0, Diff: 0, Sum: 0, Workers: 4
[4112.008s][debug][gc,phases      ] GC(61)   StringDedup Requests1 Weak     Min:  0.0, Avg:  0.0, Max:  0.0, Diff:  0.0, Sum:  0.0, Workers: 4
[4112.008s][debug][gc,phases      ] GC(61)     Dead                           Min: 0, Avg:  0.0, Max: 0, Diff: 0, Sum: 0, Workers: 4
[4112.008s][debug][gc,phases      ] GC(61)     Total                          Min: 0, Avg:  0.0, Max: 0, Diff: 0, Sum: 0, Workers: 4
[4112.008s][debug][gc,phases      ] GC(61)   Weak JFR Old Object Samples    Min:  0.0, Avg:  0.0, Max:  0.0, Diff:  0.0, Sum:  0.0, Workers: 4
[4112.008s][debug][gc,phases      ] GC(61)     Dead                           Min: 0, Avg:  0.0, Max: 0, Diff: 0, Sum: 0, Workers: 4
[4112.008s][debug][gc,phases      ] GC(61)     Total                          Min: 0, Avg:  0.0, Max: 0, Diff: 0, Sum: 0, Workers: 4
[4112.008s][debug][gc,phases      ] GC(61) Weak Processing 0.379ms
[4112.008s][debug][gc,age         ] GC(61) Desired survivor size 36175872 bytes, new threshold 1 (max threshold 15)
[4112.008s][info ][gc,heap        ] GC(61) PSYoungGen: 2024336K(2059264K)->8496K(2056704K) Eden: 2018816K(2018816K)->0K(2018816K) From: 5520K(40448K)->8496K(37888K)
[4112.008s][info ][gc,heap        ] GC(61) ParOldGen: 346873K(347136K)->349567K(349696K)
[4112.008s][info ][gc,metaspace   ] GC(61) Metaspace: 104824K(106176K)->104824K(106176K) NonClass: 89203K(89984K)->89203K(89984K) Class: 15620K(16192K)->15620K(16192K)
[4112.008s][info ][gc             ] GC(61) Pause Young (Allocation Failure) 2315M->349M(2350M) 6.369ms
[4112.008s][info ][gc,cpu         ] GC(61) User=0.02s Sys=0.00s Real=0.01s
[4112.008s][info ][safepoint      ] Safepoint "ParallelGCFailedAllocation", Time since last: 721807243 ns, Reaching safepoint: 82900 ns, Cleanup: 4600 ns, At safepoint: 6440397 ns, Total: 6527897 ns
[4143.295s][info ][safepoint      ] Safepoint "Cleanup", Time since last: 31287469268 ns, Reaching safepoint: 5900 ns, Cleanup: 8400 ns, At safepoint: 1900 ns, Total: 16200 ns
[4163.297s][info ][safepoint      ] Safepoint "Cleanup", Time since last: 20001507865 ns, Reaching safepoint: 6500 ns, Cleanup: 10600 ns, At safepoint: 2100 ns, Total: 19200 ns
[4176.298s][info ][safepoint      ] Safepoint "Cleanup", Time since last: 13001015855 ns, Reaching safepoint: 8700 ns, Cleanup: 14900 ns, At safepoint: 2500 ns, Total: 26100 ns
[4184.299s][info ][safepoint      ] Safepoint "Cleanup", Time since last: 8000652000 ns, Reaching safepoint: 7000 ns, Cleanup: 11300 ns, At safepoint: 2000 ns, Total: 20300 ns
[4186.299s][info ][safepoint      ] Safepoint "Cleanup", Time since last: 2000186514 ns, Reaching safepoint: 5800 ns, Cleanup: 9500 ns, At safepoint: 2200 ns, Total: 17500 ns
[4188.299s][info ][safepoint      ] Safepoint "Cleanup", Time since last: 2000185513 ns, Reaching safepoint: 5600 ns, Cleanup: 7800 ns, At safepoint: 2000 ns, Total: 15400 ns
[4193.300s][info ][safepoint      ] Safepoint "Cleanup", Time since last: 5000388035 ns, Reaching safepoint: 78100 ns, Cleanup: 9300 ns, At safepoint: 18400 ns, Total: 105800 ns
[4201.300s][info ][safepoint      ] Safepoint "Cleanup", Time since last: 8000695473 ns, Reaching safepoint: 79600 ns, Cleanup: 15700 ns, At safepoint: 6900 ns, Total: 102200 ns
[4201.351s][info ][gc,start       ] GC(62) Pause Young (Allocation Failure)
[4201.356s][debug][gc,phases      ] GC(62) Scavenge 5.420ms
[4201.356s][debug][gc,ref         ] GC(62) ReferenceProcessor::execute queues: 1, RefProcThreadModel::Single, marks_oops_alive: false
[4201.356s][debug][gc,ref         ] GC(62) Skipped KeepAliveFinalRefsPhase of Reference Processing: no references
[4201.356s][debug][gc,ref         ] GC(62) ReferenceProcessor::execute queues: 1, RefProcThreadModel::Single, marks_oops_alive: false
[4201.356s][debug][gc,phases      ] GC(62) Reference Processing 0.105ms
[4201.357s][debug][gc,phases      ] GC(62)   VM Weak                        Min:  0.0, Avg:  0.0, Max:  0.0, Diff:  0.0, Sum:  0.0, Workers: 4
[4201.357s][debug][gc,phases      ] GC(62)     Dead                           Min: 0, Avg:  0.0, Max: 0, Diff: 0, Sum: 0, Workers: 4
[4201.357s][debug][gc,phases      ] GC(62)     Total                          Min: 0, Avg: 258.5, Max: 576, Diff: 576, Sum: 1034, Workers: 4
[4201.357s][debug][gc,phases      ] GC(62)   ObjectSynchronizer Weak        Min:  0.0, Avg:  0.0, Max:  0.0, Diff:  0.0, Sum:  0.0, Workers: 4
[4201.357s][debug][gc,phases      ] GC(62)     Dead                           Min: 0, Avg:  0.0, Max: 0, Diff: 0, Sum: 0, Workers: 4
[4201.357s][debug][gc,phases      ] GC(62)     Total                          Min: 0, Avg:  0.8, Max: 3, Diff: 3, Sum: 3, Workers: 4
[4201.357s][debug][gc,phases      ] GC(62)   JVMTI Tag Weak OopStorage      Min:  0.0, Avg:  0.0, Max:  0.0, Diff:  0.0, Sum:  0.0, Workers: 4
[4201.357s][debug][gc,phases      ] GC(62)     Dead                           Min: 0, Avg:  0.0, Max: 0, Diff: 0, Sum: 0, Workers: 4
[4201.357s][debug][gc,phases      ] GC(62)     Total                          Min: 0, Avg:  0.0, Max: 0, Diff: 0, Sum: 0, Workers: 4
[4201.357s][debug][gc,phases      ] GC(62)   StringTable Weak               Min:  0.0, Avg:  0.1, Max:  0.1, Diff:  0.1, Sum:  0.3, Workers: 4
[4201.357s][debug][gc,phases      ] GC(62)     Dead                           Min: 0, Avg:  0.2, Max: 1, Diff: 1, Sum: 1, Workers: 4
[4201.357s][debug][gc,phases      ] GC(62)     Total                          Min: 0, Avg: 11381.5, Max: 20184, Diff: 20184, Sum: 45526, Workers: 4
[4201.357s][debug][gc,phases      ] GC(62)   ResolvedMethodTable Weak       Min:  0.0, Avg:  0.0, Max:  0.0, Diff:  0.0, Sum:  0.1, Workers: 4
[4201.357s][debug][gc,phases      ] GC(62)     Dead                           Min: 0, Avg:  4.2, Max: 15, Diff: 15, Sum: 17, Workers: 4
[4201.357s][debug][gc,phases      ] GC(62)     Total                          Min: 0, Avg: 3718.8, Max: 6487, Diff: 6487, Sum: 14875, Workers: 4
[4201.357s][debug][gc,phases      ] GC(62)   JNI Weak                       Min:  0.0, Avg:  0.0, Max:  0.0, Diff:  0.0, Sum:  0.0, Workers: 4
[4201.357s][debug][gc,phases      ] GC(62)     Dead                           Min: 0, Avg:  0.0, Max: 0, Diff: 0, Sum: 0, Workers: 4
[4201.357s][debug][gc,phases      ] GC(62)     Total                          Min: 0, Avg: 13.0, Max: 52, Diff: 52, Sum: 52, Workers: 4
[4201.357s][debug][gc,phases      ] GC(62)   StringDedup Table Weak         Min:  0.0, Avg:  0.0, Max:  0.0, Diff:  0.0, Sum:  0.0, Workers: 4
[4201.357s][debug][gc,phases      ] GC(62)     Dead                           Min: 0, Avg:  0.0, Max: 0, Diff: 0, Sum: 0, Workers: 4
[4201.357s][debug][gc,phases      ] GC(62)     Total                          Min: 0, Avg:  0.0, Max: 0, Diff: 0, Sum: 0, Workers: 4
[4201.357s][debug][gc,phases      ] GC(62)   StringDedup Requests0 Weak     Min:  0.0, Avg:  0.0, Max:  0.0, Diff:  0.0, Sum:  0.0, Workers: 4
[4201.357s][debug][gc,phases      ] GC(62)     Dead                           Min: 0, Avg:  0.0, Max: 0, Diff: 0, Sum: 0, Workers: 4
[4201.357s][debug][gc,phases      ] GC(62)     Total                          Min: 0, Avg:  0.0, Max: 0, Diff: 0, Sum: 0, Workers: 4
[4201.357s][debug][gc,phases      ] GC(62)   StringDedup Requests1 Weak     Min:  0.0, Avg:  0.0, Max:  0.0, Diff:  0.0, Sum:  0.0, Workers: 4
[4201.357s][debug][gc,phases      ] GC(62)     Dead                           Min: 0, Avg:  0.0, Max: 0, Diff: 0, Sum: 0, Workers: 4
[4201.357s][debug][gc,phases      ] GC(62)     Total                          Min: 0, Avg:  0.0, Max: 0, Diff: 0, Sum: 0, Workers: 4
[4201.357s][debug][gc,phases      ] GC(62)   Weak JFR Old Object Samples    Min:  0.0, Avg:  0.0, Max:  0.0, Diff:  0.0, Sum:  0.0, Workers: 4
[4201.357s][debug][gc,phases      ] GC(62)     Dead                           Min: 0, Avg:  0.0, Max: 0, Diff: 0, Sum: 0, Workers: 4
[4201.357s][debug][gc,phases      ] GC(62)     Total                          Min: 0, Avg:  0.0, Max: 0, Diff: 0, Sum: 0, Workers: 4
[4201.357s][debug][gc,phases      ] GC(62) Weak Processing 0.370ms
[4201.357s][debug][gc,age         ] GC(62) Desired survivor size 34603008 bytes, new threshold 1 (max threshold 15)
[4201.357s][info ][gc,heap        ] GC(62) PSYoungGen: 2027312K(2056704K)->3568K(2063360K) Eden: 2018816K(2018816K)->0K(2028032K) From: 8496K(37888K)->3568K(35328K)
[4201.357s][info ][gc,heap        ] GC(62) ParOldGen: 349567K(349696K)->354639K(354816K)
[4201.357s][info ][gc,metaspace   ] GC(62) Metaspace: 104878K(106176K)->104878K(106176K) NonClass: 89251K(89984K)->89251K(89984K) Class: 15627K(16192K)->15627K(16192K)
[4201.357s][info ][gc             ] GC(62) Pause Young (Allocation Failure) 2321M->349M(2361M) 6.020ms
[4201.357s][info ][gc,cpu         ] GC(62) User=0.02s Sys=0.00s Real=0.00s
[4201.357s][info ][safepoint      ] Safepoint "ParallelGCFailedAllocation", Time since last: 50241883 ns, Reaching safepoint: 79500 ns, Cleanup: 4500 ns, At safepoint: 6095898 ns, Total: 6179898 ns
[4202.357s][info ][safepoint      ] Safepoint "Cleanup", Time since last: 1000093366 ns, Reaching safepoint: 5700 ns, Cleanup: 12700 ns, At safepoint: 2300 ns, Total: 20700 ns
[4206.357s][info ][safepoint      ] Safepoint "Cleanup", Time since last: 4000323964 ns, Reaching safepoint: 7000 ns, Cleanup: 10500 ns, At safepoint: 2500 ns, Total: 20000 ns
[4212.358s][info ][safepoint      ] Safepoint "Cleanup", Time since last: 6000499317 ns, Reaching safepoint: 6800 ns, Cleanup: 9800 ns, At safepoint: 2400 ns, Total: 19000 ns
[4213.358s][info ][safepoint      ] Safepoint "Cleanup", Time since last: 1000121388 ns, Reaching safepoint: 6200 ns, Cleanup: 10000 ns, At safepoint: 2300 ns, Total: 18500 ns
[4238.360s][info ][safepoint      ] Safepoint "Cleanup", Time since last: 25001843529 ns, Reaching safepoint: 6200 ns, Cleanup: 9200 ns, At safepoint: 2200 ns, Total: 17600 ns
[4241.360s][info ][safepoint      ] Safepoint "Cleanup", Time since last: 3000255433 ns, Reaching safepoint: 7800 ns, Cleanup: 11300 ns, At safepoint: 2600 ns, Total: 21700 ns
[4245.360s][info ][safepoint      ] Safepoint "Cleanup", Time since last: 4000313004 ns, Reaching safepoint: 7000 ns, Cleanup: 11500 ns, At safepoint: 2200 ns, Total: 20700 ns
[4247.361s][info ][safepoint      ] Safepoint "Cleanup", Time since last: 2000200081 ns, Reaching safepoint: 7500 ns, Cleanup: 12300 ns, At safepoint: 2300 ns, Total: 22100 ns
[4255.361s][info ][safepoint      ] Safepoint "Cleanup", Time since last: 8000634462 ns, Reaching safepoint: 7300 ns, Cleanup: 13500 ns, At safepoint: 2300 ns, Total: 23100 ns
[4257.361s][info ][safepoint      ] Safepoint "Cleanup", Time since last: 2000173333 ns, Reaching safepoint: 5900 ns, Cleanup: 9000 ns, At safepoint: 1900 ns, Total: 16800 ns
[4258.362s][info ][safepoint      ] Safepoint "Cleanup", Time since last: 1000110066 ns, Reaching safepoint: 6000 ns, Cleanup: 9500 ns, At safepoint: 1900 ns, Total: 17400 ns
[4259.362s][info ][safepoint      ] Safepoint "Cleanup", Time since last: 1000116666 ns, Reaching safepoint: 7700 ns, Cleanup: 12600 ns, At safepoint: 2200 ns, Total: 22500 ns
[4260.362s][info ][safepoint      ] Safepoint "Cleanup", Time since last: 1000109366 ns, Reaching safepoint: 4800 ns, Cleanup: 13300 ns, At safepoint: 1600 ns, Total: 19700 ns
[4265.333s][info ][safepoint      ] Safepoint "Cleanup", Time since last: 4970842607 ns, Reaching safepoint: 6200 ns, Cleanup: 12000 ns, At safepoint: 2100 ns, Total: 20300 ns
[4266.333s][info ][safepoint      ] Safepoint "Cleanup", Time since last: 1000111144 ns, Reaching safepoint: 6700 ns, Cleanup: 12100 ns, At safepoint: 2400 ns, Total: 21200 ns
[4267.188s][info ][gc,start       ] GC(63) Pause Young (Allocation Failure)
[4267.198s][debug][gc,phases      ] GC(63) Scavenge 10.015ms
[4267.198s][debug][gc,ref         ] GC(63) ReferenceProcessor::execute queues: 1, RefProcThreadModel::Single, marks_oops_alive: false
[4267.198s][debug][gc,ref         ] GC(63) Skipped KeepAliveFinalRefsPhase of Reference Processing: no references
[4267.198s][debug][gc,ref         ] GC(63) ReferenceProcessor::execute queues: 1, RefProcThreadModel::Single, marks_oops_alive: false
[4267.198s][debug][gc,phases      ] GC(63) Reference Processing 0.098ms
[4267.198s][debug][gc,phases      ] GC(63)   VM Weak                        Min:  0.0, Avg:  0.0, Max:  0.0, Diff:  0.0, Sum:  0.0, Workers: 4
[4267.198s][debug][gc,phases      ] GC(63)     Dead                           Min: 0, Avg:  0.0, Max: 0, Diff: 0, Sum: 0, Workers: 4
[4267.198s][debug][gc,phases      ] GC(63)     Total                          Min: 0, Avg: 258.5, Max: 778, Diff: 778, Sum: 1034, Workers: 4
[4267.198s][debug][gc,phases      ] GC(63)   ObjectSynchronizer Weak        Min:  0.0, Avg:  0.0, Max:  0.0, Diff:  0.0, Sum:  0.0, Workers: 4
[4267.198s][debug][gc,phases      ] GC(63)     Dead                           Min: 0, Avg:  0.0, Max: 0, Diff: 0, Sum: 0, Workers: 4
[4267.198s][debug][gc,phases      ] GC(63)     Total                          Min: 0, Avg:  1.0, Max: 4, Diff: 4, Sum: 4, Workers: 4
[4267.198s][debug][gc,phases      ] GC(63)   JVMTI Tag Weak OopStorage      Min:  0.0, Avg:  0.0, Max:  0.0, Diff:  0.0, Sum:  0.0, Workers: 4
[4267.198s][debug][gc,phases      ] GC(63)     Dead                           Min: 0, Avg:  0.0, Max: 0, Diff: 0, Sum: 0, Workers: 4
[4267.198s][debug][gc,phases      ] GC(63)     Total                          Min: 0, Avg:  0.0, Max: 0, Diff: 0, Sum: 0, Workers: 4
[4267.198s][debug][gc,phases      ] GC(63)   StringTable Weak               Min:  0.0, Avg:  0.1, Max:  0.1, Diff:  0.1, Sum:  0.4, Workers: 4
[4267.198s][debug][gc,phases      ] GC(63)     Dead                           Min: 0, Avg:  0.0, Max: 0, Diff: 0, Sum: 0, Workers: 4
[4267.198s][debug][gc,phases      ] GC(63)     Total                          Min: 0, Avg: 11382.5, Max: 20414, Diff: 20414, Sum: 45530, Workers: 4
[4267.198s][debug][gc,phases      ] GC(63)   ResolvedMethodTable Weak       Min:  0.0, Avg:  0.0, Max:  0.0, Diff:  0.0, Sum:  0.1, Workers: 4
[4267.198s][debug][gc,phases      ] GC(63)     Dead                           Min: 0, Avg:  4.0, Max: 16, Diff: 16, Sum: 16, Workers: 4
[4267.198s][debug][gc,phases      ] GC(63)     Total                          Min: 0, Avg: 3718.8, Max: 6554, Diff: 6554, Sum: 14875, Workers: 4
[4267.198s][debug][gc,phases      ] GC(63)   JNI Weak                       Min:  0.0, Avg:  0.0, Max:  0.0, Diff:  0.0, Sum:  0.0, Workers: 4
[4267.198s][debug][gc,phases      ] GC(63)     Dead                           Min: 0, Avg:  0.0, Max: 0, Diff: 0, Sum: 0, Workers: 4
[4267.198s][debug][gc,phases      ] GC(63)     Total                          Min: 0, Avg: 13.0, Max: 52, Diff: 52, Sum: 52, Workers: 4
[4267.198s][debug][gc,phases      ] GC(63)   StringDedup Table Weak         Min:  0.0, Avg:  0.0, Max:  0.0, Diff:  0.0, Sum:  0.0, Workers: 4
[4267.198s][debug][gc,phases      ] GC(63)     Dead                           Min: 0, Avg:  0.0, Max: 0, Diff: 0, Sum: 0, Workers: 4
[4267.198s][debug][gc,phases      ] GC(63)     Total                          Min: 0, Avg:  0.0, Max: 0, Diff: 0, Sum: 0, Workers: 4
[4267.198s][debug][gc,phases      ] GC(63)   StringDedup Requests0 Weak     Min:  0.0, Avg:  0.0, Max:  0.0, Diff:  0.0, Sum:  0.0, Workers: 4
[4267.198s][debug][gc,phases      ] GC(63)     Dead                           Min: 0, Avg:  0.0, Max: 0, Diff: 0, Sum: 0, Workers: 4
[4267.198s][debug][gc,phases      ] GC(63)     Total                          Min: 0, Avg:  0.0, Max: 0, Diff: 0, Sum: 0, Workers: 4
[4267.198s][debug][gc,phases      ] GC(63)   StringDedup Requests1 Weak     Min:  0.0, Avg:  0.0, Max:  0.0, Diff:  0.0, Sum:  0.0, Workers: 4
[4267.198s][debug][gc,phases      ] GC(63)     Dead                           Min: 0, Avg:  0.0, Max: 0, Diff: 0, Sum: 0, Workers: 4
[4267.198s][debug][gc,phases      ] GC(63)     Total                          Min: 0, Avg:  0.0, Max: 0, Diff: 0, Sum: 0, Workers: 4
[4267.198s][debug][gc,phases      ] GC(63)   Weak JFR Old Object Samples    Min:  0.0, Avg:  0.0, Max:  0.0, Diff:  0.0, Sum:  0.0, Workers: 4
[4267.198s][debug][gc,phases      ] GC(63)     Dead                           Min: 0, Avg:  0.0, Max: 0, Diff: 0, Sum: 0, Workers: 4
[4267.198s][debug][gc,phases      ] GC(63)     Total                          Min: 0, Avg:  0.0, Max: 0, Diff: 0, Sum: 0, Workers: 4
[4267.198s][debug][gc,phases      ] GC(63) Weak Processing 0.369ms
[4267.198s][debug][gc,age         ] GC(63) Desired survivor size 35651584 bytes, new threshold 1 (max threshold 15)
[4267.198s][info ][gc,heap        ] GC(63) PSYoungGen: 2031600K(2063360K)->18224K(2061824K) Eden: 2028032K(2028032K)->0K(2028032K) From: 3568K(35328K)->18224K(33792K)
[4267.198s][info ][gc,heap        ] GC(63) ParOldGen: 354639K(354816K)->355435K(355840K)
[4267.198s][info ][gc,metaspace   ] GC(63) Metaspace: 104893K(106240K)->104893K(106240K) NonClass: 89265K(90048K)->89265K(90048K) Class: 15627K(16192K)->15627K(16192K)
[4267.198s][info ][gc             ] GC(63) Pause Young (Allocation Failure) 2330M->364M(2361M) 10.606ms
[4267.198s][info ][gc,cpu         ] GC(63) User=0.04s Sys=0.00s Real=0.00s
[4267.198s][info ][safepoint      ] Safepoint "ParallelGCFailedAllocation", Time since last: 854761667 ns, Reaching safepoint: 6800 ns, Cleanup: 11300 ns, At safepoint: 10681598 ns, Total: 10699698 ns
[4269.199s][info ][safepoint      ] Safepoint "Cleanup", Time since last: 2000206389 ns, Reaching safepoint: 7400 ns, Cleanup: 11900 ns, At safepoint: 2400 ns, Total: 21700 ns
[4270.199s][info ][safepoint      ] Safepoint "Cleanup", Time since last: 1000141744 ns, Reaching safepoint: 7600 ns, Cleanup: 13900 ns, At safepoint: 2800 ns, Total: 24300 ns
[4271.199s][info ][safepoint      ] Safepoint "Cleanup", Time since last: 1000116290 ns, Reaching safepoint: 6400 ns, Cleanup: 17900 ns, At safepoint: 17600 ns, Total: 41900 ns
[4275.199s][info ][safepoint      ] Safepoint "Cleanup", Time since last: 4000324544 ns, Reaching safepoint: 7100 ns, Cleanup: 22900 ns, At safepoint: 3300 ns, Total: 33300 ns
[4276.199s][info ][safepoint      ] Safepoint "Cleanup", Time since last: 1000121436 ns, Reaching safepoint: 6500 ns, Cleanup: 9900 ns, At safepoint: 2500 ns, Total: 18900 ns
[4278.200s][info ][safepoint      ] Safepoint "Cleanup", Time since last: 2000154071 ns, Reaching safepoint: 78500 ns, Cleanup: 16800 ns, At safepoint: 6700 ns, Total: 102000 ns
[4279.200s][info ][safepoint      ] Safepoint "Cleanup", Time since last: 1000114342 ns, Reaching safepoint: 79700 ns, Cleanup: 10600 ns, At safepoint: 6100 ns, Total: 96400 ns
[4281.200s][info ][safepoint      ] Safepoint "Cleanup", Time since last: 2000174124 ns, Reaching safepoint: 77700 ns, Cleanup: 12400 ns, At safepoint: 6900 ns, Total: 97000 ns
[4282.200s][info ][safepoint      ] Safepoint "Cleanup", Time since last: 1000111062 ns, Reaching safepoint: 79600 ns, Cleanup: 11400 ns, At safepoint: 9400 ns, Total: 100400 ns
[4283.201s][info ][safepoint      ] Safepoint "Cleanup", Time since last: 1000124861 ns, Reaching safepoint: 80400 ns, Cleanup: 10400 ns, At safepoint: 12000 ns, Total: 102800 ns
[4284.201s][info ][safepoint      ] Safepoint "Cleanup", Time since last: 1000120162 ns, Reaching safepoint: 78000 ns, Cleanup: 8700 ns, At safepoint: 5900 ns, Total: 92600 ns
[4285.201s][info ][safepoint      ] Safepoint "Cleanup", Time since last: 1000114262 ns, Reaching safepoint: 81300 ns, Cleanup: 14500 ns, At safepoint: 7000 ns, Total: 102800 ns
[4287.201s][info ][safepoint      ] Safepoint "Cleanup", Time since last: 2000183333 ns, Reaching safepoint: 77900 ns, Cleanup: 8500 ns, At safepoint: 6000 ns, Total: 92400 ns
[4304.203s][info ][safepoint      ] Safepoint "Cleanup", Time since last: 17001210655 ns, Reaching safepoint: 76900 ns, Cleanup: 9300 ns, At safepoint: 30000 ns, Total: 116200 ns
[4317.204s][info ][safepoint      ] Safepoint "Cleanup", Time since last: 13000936884 ns, Reaching safepoint: 4800 ns, Cleanup: 9000 ns, At safepoint: 1600 ns, Total: 15400 ns
[4318.204s][info ][safepoint      ] Safepoint "Cleanup", Time since last: 1000109569 ns, Reaching safepoint: 6800 ns, Cleanup: 10000 ns, At safepoint: 2100 ns, Total: 18900 ns
[4323.351s][info ][safepoint      ] Safepoint "Cleanup", Time since last: 5147069175 ns, Reaching safepoint: 84700 ns, Cleanup: 12600 ns, At safepoint: 3100 ns, Total: 100400 ns
[4325.351s][info ][safepoint      ] Safepoint "Cleanup", Time since last: 2000187282 ns, Reaching safepoint: 78400 ns, Cleanup: 9200 ns, At safepoint: 5300 ns, Total: 92900 ns
[4332.352s][info ][safepoint      ] Safepoint "Cleanup", Time since last: 7000578781 ns, Reaching safepoint: 79100 ns, Cleanup: 7700 ns, At safepoint: 6100 ns, Total: 92900 ns
[4333.352s][info ][safepoint      ] Safepoint "Cleanup", Time since last: 1000107595 ns, Reaching safepoint: 78000 ns, Cleanup: 8800 ns, At safepoint: 28100 ns, Total: 114900 ns
[4335.451s][info ][gc,start       ] GC(64) Pause Young (Allocation Failure)
[4335.465s][debug][gc,phases      ] GC(64) Scavenge 14.343ms
[4335.465s][debug][gc,ref         ] GC(64) ReferenceProcessor::execute queues: 1, RefProcThreadModel::Single, marks_oops_alive: false
[4335.465s][debug][gc,ref         ] GC(64) Skipped KeepAliveFinalRefsPhase of Reference Processing: no references
[4335.465s][debug][gc,ref         ] GC(64) ReferenceProcessor::execute queues: 1, RefProcThreadModel::Single, marks_oops_alive: false
[4335.465s][debug][gc,phases      ] GC(64) Reference Processing 0.104ms
[4335.465s][debug][gc,phases      ] GC(64)   VM Weak                        Min:  0.0, Avg:  0.0, Max:  0.0, Diff:  0.0, Sum:  0.0, Workers: 4
[4335.465s][debug][gc,phases      ] GC(64)     Dead                           Min: 0, Avg:  0.0, Max: 0, Diff: 0, Sum: 0, Workers: 4
[4335.465s][debug][gc,phases      ] GC(64)     Total                          Min: 0, Avg: 258.5, Max: 512, Diff: 512, Sum: 1034, Workers: 4
[4335.465s][debug][gc,phases      ] GC(64)   ObjectSynchronizer Weak        Min:  0.0, Avg:  0.0, Max:  0.0, Diff:  0.0, Sum:  0.0, Workers: 4
[4335.465s][debug][gc,phases      ] GC(64)     Dead                           Min: 0, Avg:  0.0, Max: 0, Diff: 0, Sum: 0, Workers: 4
[4335.465s][debug][gc,phases      ] GC(64)     Total                          Min: 0, Avg:  1.0, Max: 4, Diff: 4, Sum: 4, Workers: 4
[4335.465s][debug][gc,phases      ] GC(64)   JVMTI Tag Weak OopStorage      Min:  0.0, Avg:  0.0, Max:  0.0, Diff:  0.0, Sum:  0.0, Workers: 4
[4335.465s][debug][gc,phases      ] GC(64)     Dead                           Min: 0, Avg:  0.0, Max: 0, Diff: 0, Sum: 0, Workers: 4
[4335.465s][debug][gc,phases      ] GC(64)     Total                          Min: 0, Avg:  0.0, Max: 0, Diff: 0, Sum: 0, Workers: 4
[4335.465s][debug][gc,phases      ] GC(64)   StringTable Weak               Min:  0.0, Avg:  0.1, Max:  0.1, Diff:  0.1, Sum:  0.4, Workers: 4
[4335.465s][debug][gc,phases      ] GC(64)     Dead                           Min: 0, Avg:  0.0, Max: 0, Diff: 0, Sum: 0, Workers: 4
[4335.465s][debug][gc,phases      ] GC(64)     Total                          Min: 0, Avg: 11383.2, Max: 20510, Diff: 20510, Sum: 45533, Workers: 4
[4335.465s][debug][gc,phases      ] GC(64)   ResolvedMethodTable Weak       Min:  0.0, Avg:  0.0, Max:  0.0, Diff:  0.0, Sum:  0.1, Workers: 4
[4335.465s][debug][gc,phases      ] GC(64)     Dead                           Min: 0, Avg:  4.0, Max: 16, Diff: 16, Sum: 16, Workers: 4
[4335.465s][debug][gc,phases      ] GC(64)     Total                          Min: 0, Avg: 3718.8, Max: 6646, Diff: 6646, Sum: 14875, Workers: 4
[4335.465s][debug][gc,phases      ] GC(64)   JNI Weak                       Min:  0.0, Avg:  0.0, Max:  0.0, Diff:  0.0, Sum:  0.0, Workers: 4
[4335.465s][debug][gc,phases      ] GC(64)     Dead                           Min: 0, Avg:  0.0, Max: 0, Diff: 0, Sum: 0, Workers: 4
[4335.465s][debug][gc,phases      ] GC(64)     Total                          Min: 0, Avg: 13.0, Max: 52, Diff: 52, Sum: 52, Workers: 4
[4335.465s][debug][gc,phases      ] GC(64)   StringDedup Table Weak         Min:  0.0, Avg:  0.0, Max:  0.0, Diff:  0.0, Sum:  0.0, Workers: 4
[4335.465s][debug][gc,phases      ] GC(64)     Dead                           Min: 0, Avg:  0.0, Max: 0, Diff: 0, Sum: 0, Workers: 4
[4335.465s][debug][gc,phases      ] GC(64)     Total                          Min: 0, Avg:  0.0, Max: 0, Diff: 0, Sum: 0, Workers: 4
[4335.465s][debug][gc,phases      ] GC(64)   StringDedup Requests0 Weak     Min:  0.0, Avg:  0.0, Max:  0.0, Diff:  0.0, Sum:  0.0, Workers: 4
[4335.465s][debug][gc,phases      ] GC(64)     Dead                           Min: 0, Avg:  0.0, Max: 0, Diff: 0, Sum: 0, Workers: 4
[4335.465s][debug][gc,phases      ] GC(64)     Total                          Min: 0, Avg:  0.0, Max: 0, Diff: 0, Sum: 0, Workers: 4
[4335.465s][debug][gc,phases      ] GC(64)   StringDedup Requests1 Weak     Min:  0.0, Avg:  0.0, Max:  0.0, Diff:  0.0, Sum:  0.0, Workers: 4
[4335.465s][debug][gc,phases      ] GC(64)     Dead                           Min: 0, Avg:  0.0, Max: 0, Diff: 0, Sum: 0, Workers: 4
[4335.465s][debug][gc,phases      ] GC(64)     Total                          Min: 0, Avg:  0.0, Max: 0, Diff: 0, Sum: 0, Workers: 4
[4335.465s][debug][gc,phases      ] GC(64)   Weak JFR Old Object Samples    Min:  0.0, Avg:  0.0, Max:  0.0, Diff:  0.0, Sum:  0.0, Workers: 4
[4335.465s][debug][gc,phases      ] GC(64)     Dead                           Min: 0, Avg:  0.0, Max: 0, Diff: 0, Sum: 0, Workers: 4
[4335.465s][debug][gc,phases      ] GC(64)     Total                          Min: 0, Avg:  0.0, Max: 0, Diff: 0, Sum: 0, Workers: 4
[4335.465s][debug][gc,phases      ] GC(64) Weak Processing 0.374ms
[4335.465s][debug][gc,age         ] GC(64) Desired survivor size 37748736 bytes, new threshold 1 (max threshold 15)
[4335.465s][info ][gc,heap        ] GC(64) PSYoungGen: 2046256K(2061824K)->22144K(2058240K) Eden: 2028032K(2028032K)->0K(2023424K) From: 18224K(33792K)->22144K(34816K)
[4335.465s][info ][gc,heap        ] GC(64) ParOldGen: 355435K(355840K)->370842K(371200K)
[4335.466s][info ][gc,metaspace   ] GC(64) Metaspace: 104928K(106240K)->104928K(106240K) NonClass: 89300K(90048K)->89300K(90048K) Class: 15627K(16192K)->15627K(16192K)
[4335.466s][info ][gc             ] GC(64) Pause Young (Allocation Failure) 2345M->383M(2372M) 14.959ms
[4335.466s][info ][gc,cpu         ] GC(64) User=0.06s Sys=0.00s Real=0.01s
[4335.466s][info ][safepoint      ] Safepoint "ParallelGCFailedAllocation", Time since last: 2098442466 ns, Reaching safepoint: 80800 ns, Cleanup: 4600 ns, At safepoint: 15036999 ns, Total: 15122399 ns
[4346.466s][info ][safepoint      ] Safepoint "Cleanup", Time since last: 11000869191 ns, Reaching safepoint: 5700 ns, Cleanup: 9500 ns, At safepoint: 2100 ns, Total: 17300 ns
[4350.467s][info ][safepoint      ] Safepoint "Cleanup", Time since last: 4000345031 ns, Reaching safepoint: 6300 ns, Cleanup: 10600 ns, At safepoint: 2500 ns, Total: 19400 ns
[4356.467s][info ][safepoint      ] Safepoint "Cleanup", Time since last: 6000472066 ns, Reaching safepoint: 5600 ns, Cleanup: 9400 ns, At safepoint: 2300 ns, Total: 17300 ns
[4358.468s][info ][safepoint      ] Safepoint "Cleanup", Time since last: 2000193080 ns, Reaching safepoint: 5700 ns, Cleanup: 9900 ns, At safepoint: 2300 ns, Total: 17900 ns
[4360.468s][info ][safepoint      ] Safepoint "Cleanup", Time since last: 2000181328 ns, Reaching safepoint: 5500 ns, Cleanup: 9000 ns, At safepoint: 2000 ns, Total: 16500 ns
[4363.468s][info ][safepoint      ] Safepoint "Cleanup", Time since last: 3000252904 ns, Reaching safepoint: 6400 ns, Cleanup: 10201 ns, At safepoint: 26300 ns, Total: 42901 ns
[4370.469s][info ][safepoint      ] Safepoint "Cleanup", Time since last: 7000541098 ns, Reaching safepoint: 6100 ns, Cleanup: 9300 ns, At safepoint: 2400 ns, Total: 17800 ns
[4371.469s][info ][safepoint      ] Safepoint "Cleanup", Time since last: 1000113879 ns, Reaching safepoint: 5400 ns, Cleanup: 9600 ns, At safepoint: 2100 ns, Total: 17100 ns
[4378.469s][info ][safepoint      ] Safepoint "Cleanup", Time since last: 7000525007 ns, Reaching safepoint: 5800 ns, Cleanup: 8800 ns, At safepoint: 1800 ns, Total: 16400 ns
[4382.368s][info ][safepoint      ] Safepoint "Cleanup", Time since last: 3898488951 ns, Reaching safepoint: 5700 ns, Cleanup: 9400 ns, At safepoint: 2200 ns, Total: 17300 ns
[4389.368s][info ][safepoint      ] Safepoint "Cleanup", Time since last: 7000567608 ns, Reaching safepoint: 5200 ns, Cleanup: 7500 ns, At safepoint: 2000 ns, Total: 14700 ns
[4393.369s][info ][safepoint      ] Safepoint "Cleanup", Time since last: 4000336277 ns, Reaching safepoint: 6100 ns, Cleanup: 9200 ns, At safepoint: 1800 ns, Total: 17100 ns
[4398.369s][info ][safepoint      ] Safepoint "Cleanup", Time since last: 5000393791 ns, Reaching safepoint: 7100 ns, Cleanup: 12100 ns, At safepoint: 2000 ns, Total: 21200 ns
[4405.370s][info ][safepoint      ] Safepoint "Cleanup", Time since last: 7000564967 ns, Reaching safepoint: 8700 ns, Cleanup: 12200 ns, At safepoint: 3100 ns, Total: 24000 ns
[4430.372s][info ][safepoint      ] Safepoint "Cleanup", Time since last: 25001916139 ns, Reaching safepoint: 7600 ns, Cleanup: 11800 ns, At safepoint: 2000 ns, Total: 21400 ns
[4437.100s][info ][gc,start       ] GC(65) Pause Young (Allocation Failure)
[4437.113s][debug][gc,phases      ] GC(65) Scavenge 12.268ms
[4437.113s][debug][gc,ref         ] GC(65) ReferenceProcessor::execute queues: 1, RefProcThreadModel::Single, marks_oops_alive: false
[4437.113s][debug][gc,ref         ] GC(65) Skipped KeepAliveFinalRefsPhase of Reference Processing: no references
[4437.113s][debug][gc,ref         ] GC(65) ReferenceProcessor::execute queues: 1, RefProcThreadModel::Single, marks_oops_alive: false
[4437.113s][debug][gc,phases      ] GC(65) Reference Processing 0.102ms
[4437.113s][debug][gc,phases      ] GC(65)   VM Weak                        Min:  0.0, Avg:  0.0, Max:  0.0, Diff:  0.0, Sum:  0.0, Workers: 4
[4437.113s][debug][gc,phases      ] GC(65)     Dead                           Min: 0, Avg:  0.0, Max: 0, Diff: 0, Sum: 0, Workers: 4
[4437.113s][debug][gc,phases      ] GC(65)     Total                          Min: 0, Avg: 258.5, Max: 960, Diff: 960, Sum: 1034, Workers: 4
[4437.113s][debug][gc,phases      ] GC(65)   ObjectSynchronizer Weak        Min:  0.0, Avg:  0.0, Max:  0.0, Diff:  0.0, Sum:  0.0, Workers: 4
[4437.113s][debug][gc,phases      ] GC(65)     Dead                           Min: 0, Avg:  0.0, Max: 0, Diff: 0, Sum: 0, Workers: 4
[4437.113s][debug][gc,phases      ] GC(65)     Total                          Min: 0, Avg:  1.0, Max: 4, Diff: 4, Sum: 4, Workers: 4
[4437.113s][debug][gc,phases      ] GC(65)   JVMTI Tag Weak OopStorage      Min:  0.0, Avg:  0.0, Max:  0.0, Diff:  0.0, Sum:  0.0, Workers: 4
[4437.113s][debug][gc,phases      ] GC(65)     Dead                           Min: 0, Avg:  0.0, Max: 0, Diff: 0, Sum: 0, Workers: 4
[4437.113s][debug][gc,phases      ] GC(65)     Total                          Min: 0, Avg:  0.0, Max: 0, Diff: 0, Sum: 0, Workers: 4
[4437.113s][debug][gc,phases      ] GC(65)   StringTable Weak               Min:  0.0, Avg:  0.1, Max:  0.1, Diff:  0.1, Sum:  0.4, Workers: 4
[4437.113s][debug][gc,phases      ] GC(65)     Dead                           Min: 0, Avg:  0.0, Max: 0, Diff: 0, Sum: 0, Workers: 4
[4437.113s][debug][gc,phases      ] GC(65)     Total                          Min: 0, Avg: 11387.0, Max: 19712, Diff: 19712, Sum: 45548, Workers: 4
[4437.113s][debug][gc,phases      ] GC(65)   ResolvedMethodTable Weak       Min:  0.0, Avg:  0.0, Max:  0.0, Diff:  0.0, Sum:  0.1, Workers: 4
[4437.113s][debug][gc,phases      ] GC(65)     Dead                           Min: 0, Avg:  4.5, Max: 16, Diff: 16, Sum: 18, Workers: 4
[4437.113s][debug][gc,phases      ] GC(65)     Total                          Min: 0, Avg: 3720.2, Max: 6521, Diff: 6521, Sum: 14881, Workers: 4
[4437.113s][debug][gc,phases      ] GC(65)   JNI Weak                       Min:  0.0, Avg:  0.0, Max:  0.0, Diff:  0.0, Sum:  0.0, Workers: 4
[4437.113s][debug][gc,phases      ] GC(65)     Dead                           Min: 0, Avg:  0.0, Max: 0, Diff: 0, Sum: 0, Workers: 4
[4437.113s][debug][gc,phases      ] GC(65)     Total                          Min: 0, Avg: 13.0, Max: 52, Diff: 52, Sum: 52, Workers: 4
[4437.113s][debug][gc,phases      ] GC(65)   StringDedup Table Weak         Min:  0.0, Avg:  0.0, Max:  0.0, Diff:  0.0, Sum:  0.0, Workers: 4
[4437.113s][debug][gc,phases      ] GC(65)     Dead                           Min: 0, Avg:  0.0, Max: 0, Diff: 0, Sum: 0, Workers: 4
[4437.113s][debug][gc,phases      ] GC(65)     Total                          Min: 0, Avg:  0.0, Max: 0, Diff: 0, Sum: 0, Workers: 4
[4437.113s][debug][gc,phases      ] GC(65)   StringDedup Requests0 Weak     Min:  0.0, Avg:  0.0, Max:  0.0, Diff:  0.0, Sum:  0.0, Workers: 4
[4437.113s][debug][gc,phases      ] GC(65)     Dead                           Min: 0, Avg:  0.0, Max: 0, Diff: 0, Sum: 0, Workers: 4
[4437.113s][debug][gc,phases      ] GC(65)     Total                          Min: 0, Avg:  0.0, Max: 0, Diff: 0, Sum: 0, Workers: 4
[4437.113s][debug][gc,phases      ] GC(65)   StringDedup Requests1 Weak     Min:  0.0, Avg:  0.0, Max:  0.0, Diff:  0.0, Sum:  0.0, Workers: 4
[4437.113s][debug][gc,phases      ] GC(65)     Dead                           Min: 0, Avg:  0.0, Max: 0, Diff: 0, Sum: 0, Workers: 4
[4437.113s][debug][gc,phases      ] GC(65)     Total                          Min: 0, Avg:  0.0, Max: 0, Diff: 0, Sum: 0, Workers: 4
[4437.113s][debug][gc,phases      ] GC(65)   Weak JFR Old Object Samples    Min:  0.0, Avg:  0.0, Max:  0.0, Diff:  0.0, Sum:  0.0, Workers: 4
[4437.113s][debug][gc,phases      ] GC(65)     Dead                           Min: 0, Avg:  0.0, Max: 0, Diff: 0, Sum: 0, Workers: 4
[4437.113s][debug][gc,phases      ] GC(65)     Total                          Min: 0, Avg:  0.0, Max: 0, Diff: 0, Sum: 0, Workers: 4
[4437.113s][debug][gc,phases      ] GC(65) Weak Processing 0.379ms
[4437.113s][debug][gc,age         ] GC(65) Desired survivor size 36700160 bytes, new threshold 1 (max threshold 15)
[4437.113s][info ][gc,heap        ] GC(65) PSYoungGen: 2045568K(2058240K)->3376K(2060288K) Eden: 2023424K(2023424K)->0K(2023424K) From: 22144K(34816K)->3376K(36864K)
[4437.113s][info ][gc,heap        ] GC(65) ParOldGen: 370842K(371200K)->391032K(391168K)
[4437.113s][info ][gc,metaspace   ] GC(65) Metaspace: 104962K(106304K)->104962K(106304K) NonClass: 89332K(90112K)->89332K(90112K) Class: 15630K(16192K)->15630K(16192K)
[4437.113s][info ][gc             ] GC(65) Pause Young (Allocation Failure) 2359M->385M(2394M) 12.890ms
[4437.113s][info ][gc,cpu         ] GC(65) User=0.04s Sys=0.00s Real=0.01s
[4437.113s][info ][safepoint      ] Safepoint "ParallelGCFailedAllocation", Time since last: 6728575942 ns, Reaching safepoint: 77700 ns, Cleanup: 4200 ns, At safepoint: 12964596 ns, Total: 13046496 ns
[4442.385s][info ][safepoint      ] Safepoint "Cleanup", Time since last: 5272134611 ns, Reaching safepoint: 6600 ns, Cleanup: 10800 ns, At safepoint: 2400 ns, Total: 19800 ns
[4451.386s][info ][safepoint      ] Safepoint "Cleanup", Time since last: 9000726334 ns, Reaching safepoint: 5400 ns, Cleanup: 9300 ns, At safepoint: 2300 ns, Total: 17000 ns
[4452.386s][info ][safepoint      ] Safepoint "Cleanup", Time since last: 1000108872 ns, Reaching safepoint: 6100 ns, Cleanup: 8600 ns, At safepoint: 1700 ns, Total: 16400 ns
[4455.387s][info ][safepoint      ] Safepoint "Cleanup", Time since last: 3000260561 ns, Reaching safepoint: 6300 ns, Cleanup: 11600 ns, At safepoint: 2200 ns, Total: 20100 ns
[4460.387s][info ][safepoint      ] Safepoint "Cleanup", Time since last: 5000433429 ns, Reaching safepoint: 6700 ns, Cleanup: 18500 ns, At safepoint: 2400 ns, Total: 27600 ns
[4461.387s][info ][safepoint      ] Safepoint "Cleanup", Time since last: 1000119046 ns, Reaching safepoint: 5500 ns, Cleanup: 11500 ns, At safepoint: 2300 ns, Total: 19300 ns
[4462.387s][info ][safepoint      ] Safepoint "Cleanup", Time since last: 1000103589 ns, Reaching safepoint: 4700 ns, Cleanup: 7200 ns, At safepoint: 1600 ns, Total: 13500 ns
[4463.387s][info ][safepoint      ] Safepoint "Cleanup", Time since last: 1000106186 ns, Reaching safepoint: 5100 ns, Cleanup: 10300 ns, At safepoint: 1900 ns, Total: 17300 ns
[4469.388s][info ][safepoint      ] Safepoint "Cleanup", Time since last: 6000526262 ns, Reaching safepoint: 5900 ns, Cleanup: 10500 ns, At safepoint: 2000 ns, Total: 18400 ns
[4477.389s][info ][safepoint      ] Safepoint "Cleanup", Time since last: 8000680963 ns, Reaching safepoint: 5600 ns, Cleanup: 8000 ns, At safepoint: 2200 ns, Total: 15800 ns
[4478.389s][info ][safepoint      ] Safepoint "Cleanup", Time since last: 1000100784 ns, Reaching safepoint: 5400 ns, Cleanup: 9700 ns, At safepoint: 2500 ns, Total: 17600 ns
[4480.389s][info ][safepoint      ] Safepoint "Cleanup", Time since last: 2000218662 ns, Reaching safepoint: 7800 ns, Cleanup: 11800 ns, At safepoint: 2300 ns, Total: 21900 ns
[4484.389s][info ][safepoint      ] Safepoint "Cleanup", Time since last: 4000317413 ns, Reaching safepoint: 5700 ns, Cleanup: 9800 ns, At safepoint: 1800 ns, Total: 17300 ns
[4497.391s][info ][safepoint      ] Safepoint "Cleanup", Time since last: 13001182771 ns, Reaching safepoint: 5700 ns, Cleanup: 8500 ns, At safepoint: 2000 ns, Total: 16200 ns
[4502.403s][info ][safepoint      ] Safepoint "Cleanup", Time since last: 5012716681 ns, Reaching safepoint: 5500 ns, Cleanup: 10100 ns, At safepoint: 1800 ns, Total: 17400 ns
[4504.403s][info ][safepoint      ] Safepoint "Cleanup", Time since last: 2000216100 ns, Reaching safepoint: 6300 ns, Cleanup: 10300 ns, At safepoint: 2400 ns, Total: 19000 ns
[4505.404s][info ][safepoint      ] Safepoint "Cleanup", Time since last: 1000145015 ns, Reaching safepoint: 7100 ns, Cleanup: 12900 ns, At safepoint: 2400 ns, Total: 22400 ns
[4509.404s][info ][safepoint      ] Safepoint "Cleanup", Time since last: 4000339161 ns, Reaching safepoint: 5400 ns, Cleanup: 10300 ns, At safepoint: 1900 ns, Total: 17600 ns
[4512.404s][info ][safepoint      ] Safepoint "Cleanup", Time since last: 3000255703 ns, Reaching safepoint: 5000 ns, Cleanup: 13200 ns, At safepoint: 2000 ns, Total: 20200 ns
[4517.405s][info ][safepoint      ] Safepoint "Cleanup", Time since last: 5000393996 ns, Reaching safepoint: 5000 ns, Cleanup: 9500 ns, At safepoint: 1700 ns, Total: 16200 ns
[4518.405s][info ][safepoint      ] Safepoint "Cleanup", Time since last: 1000123879 ns, Reaching safepoint: 6200 ns, Cleanup: 10100 ns, At safepoint: 2300 ns, Total: 18600 ns
[4519.405s][info ][safepoint      ] Safepoint "Cleanup", Time since last: 1000108793 ns, Reaching safepoint: 5900 ns, Cleanup: 8500 ns, At safepoint: 1700 ns, Total: 16100 ns
[4523.958s][info ][gc,start       ] GC(66) Pause Young (Allocation Failure)
[4523.963s][debug][gc,phases      ] GC(66) Scavenge 4.747ms
[4523.963s][debug][gc,ref         ] GC(66) ReferenceProcessor::execute queues: 1, RefProcThreadModel::Single, marks_oops_alive: false
[4523.963s][debug][gc,ref         ] GC(66) Skipped KeepAliveFinalRefsPhase of Reference Processing: no references
[4523.963s][debug][gc,ref         ] GC(66) ReferenceProcessor::execute queues: 1, RefProcThreadModel::Single, marks_oops_alive: false
[4523.963s][debug][gc,phases      ] GC(66) Reference Processing 0.112ms
[4523.963s][debug][gc,phases      ] GC(66)   VM Weak                        Min:  0.0, Avg:  0.0, Max:  0.0, Diff:  0.0, Sum:  0.0, Workers: 4
[4523.963s][debug][gc,phases      ] GC(66)     Dead                           Min: 0, Avg:  0.0, Max: 0, Diff: 0, Sum: 0, Workers: 4
[4523.963s][debug][gc,phases      ] GC(66)     Total                          Min: 0, Avg: 258.5, Max: 768, Diff: 768, Sum: 1034, Workers: 4
[4523.963s][debug][gc,phases      ] GC(66)   ObjectSynchronizer Weak        Min:  0.0, Avg:  0.0, Max:  0.0, Diff:  0.0, Sum:  0.0, Workers: 4
[4523.963s][debug][gc,phases      ] GC(66)     Dead                           Min: 0, Avg:  0.0, Max: 0, Diff: 0, Sum: 0, Workers: 4
[4523.963s][debug][gc,phases      ] GC(66)     Total                          Min: 0, Avg:  1.2, Max: 5, Diff: 5, Sum: 5, Workers: 4
[4523.963s][debug][gc,phases      ] GC(66)   JVMTI Tag Weak OopStorage      Min:  0.0, Avg:  0.0, Max:  0.0, Diff:  0.0, Sum:  0.0, Workers: 4
[4523.963s][debug][gc,phases      ] GC(66)     Dead                           Min: 0, Avg:  0.0, Max: 0, Diff: 0, Sum: 0, Workers: 4
[4523.963s][debug][gc,phases      ] GC(66)     Total                          Min: 0, Avg:  0.0, Max: 0, Diff: 0, Sum: 0, Workers: 4
[4523.963s][debug][gc,phases      ] GC(66)   StringTable Weak               Min:  0.0, Avg:  0.1, Max:  0.1, Diff:  0.1, Sum:  0.4, Workers: 4
[4523.963s][debug][gc,phases      ] GC(66)     Dead                           Min: 0, Avg:  0.0, Max: 0, Diff: 0, Sum: 0, Workers: 4
[4523.963s][debug][gc,phases      ] GC(66)     Total                          Min: 0, Avg: 11390.0, Max: 19904, Diff: 19904, Sum: 45560, Workers: 4
[4523.963s][debug][gc,phases      ] GC(66)   ResolvedMethodTable Weak       Min:  0.0, Avg:  0.0, Max:  0.1, Diff:  0.1, Sum:  0.2, Workers: 4
[4523.963s][debug][gc,phases      ] GC(66)     Dead                           Min: 0, Avg:  7.2, Max: 20, Diff: 20, Sum: 29, Workers: 4
[4523.963s][debug][gc,phases      ] GC(66)     Total                          Min: 0, Avg: 3723.2, Max: 6400, Diff: 6400, Sum: 14893, Workers: 4
[4523.963s][debug][gc,phases      ] GC(66)   JNI Weak                       Min:  0.0, Avg:  0.0, Max:  0.0, Diff:  0.0, Sum:  0.0, Workers: 4
[4523.963s][debug][gc,phases      ] GC(66)     Dead                           Min: 0, Avg:  0.0, Max: 0, Diff: 0, Sum: 0, Workers: 4
[4523.963s][debug][gc,phases      ] GC(66)     Total                          Min: 0, Avg: 13.0, Max: 52, Diff: 52, Sum: 52, Workers: 4
[4523.963s][debug][gc,phases      ] GC(66)   StringDedup Table Weak         Min:  0.0, Avg:  0.0, Max:  0.0, Diff:  0.0, Sum:  0.0, Workers: 4
[4523.963s][debug][gc,phases      ] GC(66)     Dead                           Min: 0, Avg:  0.0, Max: 0, Diff: 0, Sum: 0, Workers: 4
[4523.963s][debug][gc,phases      ] GC(66)     Total                          Min: 0, Avg:  0.0, Max: 0, Diff: 0, Sum: 0, Workers: 4
[4523.963s][debug][gc,phases      ] GC(66)   StringDedup Requests0 Weak     Min:  0.0, Avg:  0.0, Max:  0.0, Diff:  0.0, Sum:  0.0, Workers: 4
[4523.963s][debug][gc,phases      ] GC(66)     Dead                           Min: 0, Avg:  0.0, Max: 0, Diff: 0, Sum: 0, Workers: 4
[4523.963s][debug][gc,phases      ] GC(66)     Total                          Min: 0, Avg:  0.0, Max: 0, Diff: 0, Sum: 0, Workers: 4
[4523.963s][debug][gc,phases      ] GC(66)   StringDedup Requests1 Weak     Min:  0.0, Avg:  0.0, Max:  0.0, Diff:  0.0, Sum:  0.0, Workers: 4
[4523.963s][debug][gc,phases      ] GC(66)     Dead                           Min: 0, Avg:  0.0, Max: 0, Diff: 0, Sum: 0, Workers: 4
[4523.963s][debug][gc,phases      ] GC(66)     Total                          Min: 0, Avg:  0.0, Max: 0, Diff: 0, Sum: 0, Workers: 4
[4523.963s][debug][gc,phases      ] GC(66)   Weak JFR Old Object Samples    Min:  0.0, Avg:  0.0, Max:  0.0, Diff:  0.0, Sum:  0.0, Workers: 4
[4523.963s][debug][gc,phases      ] GC(66)     Dead                           Min: 0, Avg:  0.0, Max: 0, Diff: 0, Sum: 0, Workers: 4
[4523.963s][debug][gc,phases      ] GC(66)     Total                          Min: 0, Avg:  0.0, Max: 0, Diff: 0, Sum: 0, Workers: 4
[4523.963s][debug][gc,phases      ] GC(66) Weak Processing 0.383ms
[4523.963s][debug][gc,age         ] GC(66) Desired survivor size 35127296 bytes, new threshold 1 (max threshold 15)
[4523.963s][info ][gc,heap        ] GC(66) PSYoungGen: 2026800K(2060288K)->5286K(2062848K) Eden: 2023424K(2023424K)->0K(2027008K) From: 3376K(36864K)->5286K(35840K)
[4523.963s][info ][gc,heap        ] GC(66) ParOldGen: 391032K(391168K)->391384K(391680K)
[4523.963s][info ][gc,metaspace   ] GC(66) Metaspace: 105025K(106368K)->105025K(106368K) NonClass: 89392K(90112K)->89392K(90112K) Class: 15633K(16256K)->15633K(16256K)
[4523.963s][info ][gc             ] GC(66) Pause Young (Allocation Failure) 2361M->387M(2397M) 5.377ms
[4523.963s][info ][gc,cpu         ] GC(66) User=0.02s Sys=0.00s Real=0.01s
[4523.963s][info ][safepoint      ] Safepoint "ParallelGCFailedAllocation", Time since last: 4553023236 ns, Reaching safepoint: 5900 ns, Cleanup: 9700 ns, At safepoint: 5461999 ns, Total: 5477599 ns
[4524.964s][info ][safepoint      ] Safepoint "Cleanup", Time since last: 1000128054 ns, Reaching safepoint: 6300 ns, Cleanup: 9800 ns, At safepoint: 2100 ns, Total: 18200 ns
[4525.964s][info ][safepoint      ] Safepoint "Cleanup", Time since last: 1000109154 ns, Reaching safepoint: 6200 ns, Cleanup: 10300 ns, At safepoint: 1900 ns, Total: 18400 ns
[4526.964s][info ][safepoint      ] Safepoint "Cleanup", Time since last: 1000105754 ns, Reaching safepoint: 6500 ns, Cleanup: 12000 ns, At safepoint: 1900 ns, Total: 20400 ns
[4530.964s][info ][safepoint      ] Safepoint "Cleanup", Time since last: 4000316611 ns, Reaching safepoint: 6400 ns, Cleanup: 10600 ns, At safepoint: 2700 ns, Total: 19700 ns
[4531.964s][info ][safepoint      ] Safepoint "Cleanup", Time since last: 1000112899 ns, Reaching safepoint: 6200 ns, Cleanup: 10300 ns, At safepoint: 2300 ns, Total: 18800 ns
[4532.964s][info ][safepoint      ] Safepoint "Cleanup", Time since last: 1000102599 ns, Reaching safepoint: 5800 ns, Cleanup: 9600 ns, At safepoint: 2200 ns, Total: 17600 ns
[4538.965s][info ][safepoint      ] Safepoint "Cleanup", Time since last: 6000469723 ns, Reaching safepoint: 6500 ns, Cleanup: 11000 ns, At safepoint: 2200 ns, Total: 19700 ns
[4540.965s][info ][safepoint      ] Safepoint "Cleanup", Time since last: 2000192561 ns, Reaching safepoint: 6700 ns, Cleanup: 13800 ns, At safepoint: 2200 ns, Total: 22700 ns
[4542.965s][info ][safepoint      ] Safepoint "Cleanup", Time since last: 2000188260 ns, Reaching safepoint: 7000 ns, Cleanup: 10900 ns, At safepoint: 2500 ns, Total: 20400 ns
[4544.966s][info ][safepoint      ] Safepoint "Cleanup", Time since last: 2000159562 ns, Reaching safepoint: 7800 ns, Cleanup: 10300 ns, At safepoint: 2700 ns, Total: 20800 ns
[4556.967s][info ][safepoint      ] Safepoint "Cleanup", Time since last: 12001018782 ns, Reaching safepoint: 6600 ns, Cleanup: 8800 ns, At safepoint: 2300 ns, Total: 17700 ns
[4559.967s][info ][safepoint      ] Safepoint "Cleanup", Time since last: 3000246018 ns, Reaching safepoint: 6200 ns, Cleanup: 14500 ns, At safepoint: 2100 ns, Total: 22800 ns
[4569.422s][info ][safepoint      ] Safepoint "Cleanup", Time since last: 9454636736 ns, Reaching safepoint: 5600 ns, Cleanup: 11000 ns, At safepoint: 2000 ns, Total: 18600 ns
[4573.422s][info ][safepoint      ] Safepoint "Cleanup", Time since last: 4000333722 ns, Reaching safepoint: 6700 ns, Cleanup: 9600 ns, At safepoint: 2000 ns, Total: 18300 ns
[4578.422s][info ][safepoint      ] Safepoint "Cleanup", Time since last: 5000393867 ns, Reaching safepoint: 5300 ns, Cleanup: 8200 ns, At safepoint: 11200 ns, Total: 24700 ns
[4580.422s][info ][safepoint      ] Safepoint "Cleanup", Time since last: 2000181165 ns, Reaching safepoint: 7900 ns, Cleanup: 11600 ns, At safepoint: 2300 ns, Total: 21800 ns
[4587.423s][info ][safepoint      ] Safepoint "Cleanup", Time since last: 7000553306 ns, Reaching safepoint: 6200 ns, Cleanup: 11000 ns, At safepoint: 2100 ns, Total: 19300 ns
[4591.423s][info ][safepoint      ] Safepoint "Cleanup", Time since last: 4000316976 ns, Reaching safepoint: 6800 ns, Cleanup: 17100 ns, At safepoint: 2099 ns, Total: 25999 ns
[4595.424s][info ][safepoint      ] Safepoint "Cleanup", Time since last: 4000328873 ns, Reaching safepoint: 5500 ns, Cleanup: 12000 ns, At safepoint: 2200 ns, Total: 19700 ns
[4602.051s][info ][gc,start       ] GC(67) Pause Young (Allocation Failure)
[4602.059s][debug][gc,phases      ] GC(67) Scavenge 7.932ms
[4602.059s][debug][gc,ref         ] GC(67) ReferenceProcessor::execute queues: 1, RefProcThreadModel::Single, marks_oops_alive: false
[4602.059s][debug][gc,ref         ] GC(67) Skipped KeepAliveFinalRefsPhase of Reference Processing: no references
[4602.059s][debug][gc,ref         ] GC(67) ReferenceProcessor::execute queues: 1, RefProcThreadModel::Single, marks_oops_alive: false
[4602.059s][debug][gc,phases      ] GC(67) Reference Processing 0.098ms
[4602.060s][debug][gc,phases      ] GC(67)   VM Weak                        Min:  0.0, Avg:  0.0, Max:  0.0, Diff:  0.0, Sum:  0.0, Workers: 4
[4602.060s][debug][gc,phases      ] GC(67)     Dead                           Min: 0, Avg:  0.0, Max: 0, Diff: 0, Sum: 0, Workers: 4
[4602.060s][debug][gc,phases      ] GC(67)     Total                          Min: 0, Avg: 258.5, Max: 586, Diff: 586, Sum: 1034, Workers: 4
[4602.060s][debug][gc,phases      ] GC(67)   ObjectSynchronizer Weak        Min:  0.0, Avg:  0.0, Max:  0.0, Diff:  0.0, Sum:  0.0, Workers: 4
[4602.060s][debug][gc,phases      ] GC(67)     Dead                           Min: 0, Avg:  0.0, Max: 0, Diff: 0, Sum: 0, Workers: 4
[4602.060s][debug][gc,phases      ] GC(67)     Total                          Min: 0, Avg:  0.8, Max: 3, Diff: 3, Sum: 3, Workers: 4
[4602.060s][debug][gc,phases      ] GC(67)   JVMTI Tag Weak OopStorage      Min:  0.0, Avg:  0.0, Max:  0.0, Diff:  0.0, Sum:  0.0, Workers: 4
[4602.060s][debug][gc,phases      ] GC(67)     Dead                           Min: 0, Avg:  0.0, Max: 0, Diff: 0, Sum: 0, Workers: 4
[4602.060s][debug][gc,phases      ] GC(67)     Total                          Min: 0, Avg:  0.0, Max: 0, Diff: 0, Sum: 0, Workers: 4
[4602.060s][debug][gc,phases      ] GC(67)   StringTable Weak               Min:  0.0, Avg:  0.1, Max:  0.1, Diff:  0.1, Sum:  0.4, Workers: 4
[4602.060s][debug][gc,phases      ] GC(67)     Dead                           Min: 0, Avg:  0.0, Max: 0, Diff: 0, Sum: 0, Workers: 4
[4602.060s][debug][gc,phases      ] GC(67)     Total                          Min: 0, Avg: 11390.2, Max: 20729, Diff: 20729, Sum: 45561, Workers: 4
[4602.060s][debug][gc,phases      ] GC(67)   ResolvedMethodTable Weak       Min:  0.0, Avg:  0.0, Max:  0.0, Diff:  0.0, Sum:  0.1, Workers: 4
[4602.060s][debug][gc,phases      ] GC(67)     Dead                           Min: 0, Avg:  4.0, Max: 9, Diff: 9, Sum: 16, Workers: 4
[4602.060s][debug][gc,phases      ] GC(67)     Total                          Min: 0, Avg: 3723.2, Max: 5316, Diff: 5316, Sum: 14893, Workers: 4
[4602.060s][debug][gc,phases      ] GC(67)   JNI Weak                       Min:  0.0, Avg:  0.0, Max:  0.0, Diff:  0.0, Sum:  0.0, Workers: 4
[4602.060s][debug][gc,phases      ] GC(67)     Dead                           Min: 0, Avg:  0.0, Max: 0, Diff: 0, Sum: 0, Workers: 4
[4602.060s][debug][gc,phases      ] GC(67)     Total                          Min: 0, Avg: 13.0, Max: 52, Diff: 52, Sum: 52, Workers: 4
[4602.060s][debug][gc,phases      ] GC(67)   StringDedup Table Weak         Min:  0.0, Avg:  0.0, Max:  0.0, Diff:  0.0, Sum:  0.0, Workers: 4
[4602.060s][debug][gc,phases      ] GC(67)     Dead                           Min: 0, Avg:  0.0, Max: 0, Diff: 0, Sum: 0, Workers: 4
[4602.060s][debug][gc,phases      ] GC(67)     Total                          Min: 0, Avg:  0.0, Max: 0, Diff: 0, Sum: 0, Workers: 4
[4602.060s][debug][gc,phases      ] GC(67)   StringDedup Requests0 Weak     Min:  0.0, Avg:  0.0, Max:  0.0, Diff:  0.0, Sum:  0.0, Workers: 4
[4602.060s][debug][gc,phases      ] GC(67)     Dead                           Min: 0, Avg:  0.0, Max: 0, Diff: 0, Sum: 0, Workers: 4
[4602.060s][debug][gc,phases      ] GC(67)     Total                          Min: 0, Avg:  0.0, Max: 0, Diff: 0, Sum: 0, Workers: 4
[4602.060s][debug][gc,phases      ] GC(67)   StringDedup Requests1 Weak     Min:  0.0, Avg:  0.0, Max:  0.0, Diff:  0.0, Sum:  0.0, Workers: 4
[4602.060s][debug][gc,phases      ] GC(67)     Dead                           Min: 0, Avg:  0.0, Max: 0, Diff: 0, Sum: 0, Workers: 4
[4602.060s][debug][gc,phases      ] GC(67)     Total                          Min: 0, Avg:  0.0, Max: 0, Diff: 0, Sum: 0, Workers: 4
[4602.060s][debug][gc,phases      ] GC(67)   Weak JFR Old Object Samples    Min:  0.0, Avg:  0.0, Max:  0.0, Diff:  0.0, Sum:  0.0, Workers: 4
[4602.060s][debug][gc,phases      ] GC(67)     Dead                           Min: 0, Avg:  0.0, Max: 0, Diff: 0, Sum: 0, Workers: 4
[4602.060s][debug][gc,phases      ] GC(67)     Total                          Min: 0, Avg:  0.0, Max: 0, Diff: 0, Sum: 0, Workers: 4
[4602.060s][debug][gc,phases      ] GC(67) Weak Processing 0.388ms
[4602.060s][debug][gc,age         ] GC(67) Desired survivor size 34078720 bytes, new threshold 1 (max threshold 15)
[4602.060s][info ][gc,heap        ] GC(67) PSYoungGen: 2032294K(2062848K)->14528K(2061312K) Eden: 2027008K(2027008K)->0K(2027008K) From: 5286K(35840K)->14528K(34304K)
[4602.060s][info ][gc,heap        ] GC(67) ParOldGen: 391384K(391680K)->393520K(393728K)
[4602.060s][info ][gc,metaspace   ] GC(67) Metaspace: 105032K(106432K)->105032K(106432K) NonClass: 89398K(90176K)->89398K(90176K) Class: 15633K(16256K)->15633K(16256K)
[4602.060s][info ][gc             ] GC(67) Pause Young (Allocation Failure) 2366M->398M(2397M) 8.540ms
[4602.060s][info ][gc,cpu         ] GC(67) User=0.03s Sys=0.00s Real=0.01s
[4602.060s][info ][safepoint      ] Safepoint "ParallelGCFailedAllocation", Time since last: 6627450562 ns, Reaching safepoint: 76300 ns, Cleanup: 4300 ns, At safepoint: 8607797 ns, Total: 8688397 ns
[4608.060s][info ][safepoint      ] Safepoint "Cleanup", Time since last: 6000433679 ns, Reaching safepoint: 5500 ns, Cleanup: 11400 ns, At safepoint: 1700 ns, Total: 18600 ns
[4623.061s][info ][safepoint      ] Safepoint "Cleanup", Time since last: 15001080655 ns, Reaching safepoint: 6600 ns, Cleanup: 9500 ns, At safepoint: 2400 ns, Total: 18500 ns
[4634.062s][info ][safepoint      ] Safepoint "Cleanup", Time since last: 11000833939 ns, Reaching safepoint: 6400 ns, Cleanup: 10500 ns, At safepoint: 2200 ns, Total: 19100 ns
[4636.062s][info ][safepoint      ] Safepoint "Cleanup", Time since last: 2000188972 ns, Reaching safepoint: 7000 ns, Cleanup: 11000 ns, At safepoint: 2400 ns, Total: 20400 ns
[4659.064s][info ][safepoint      ] Safepoint "Cleanup", Time since last: 23001685186 ns, Reaching safepoint: 6400 ns, Cleanup: 10300 ns, At safepoint: 23699 ns, Total: 40399 ns
[4660.064s][info ][safepoint      ] Safepoint "Cleanup", Time since last: 1000116610 ns, Reaching safepoint: 6300 ns, Cleanup: 9500 ns, At safepoint: 2100 ns, Total: 17900 ns
[4666.065s][info ][safepoint      ] Safepoint "Cleanup", Time since last: 6000454605 ns, Reaching safepoint: 6300 ns, Cleanup: 11100 ns, At safepoint: 2200 ns, Total: 19600 ns
[4672.065s][info ][safepoint      ] Safepoint "Cleanup", Time since last: 6000441501 ns, Reaching safepoint: 6400 ns, Cleanup: 15300 ns, At safepoint: 2300 ns, Total: 24000 ns
[4676.066s][info ][safepoint      ] Safepoint "Cleanup", Time since last: 4000320925 ns, Reaching safepoint: 6300 ns, Cleanup: 9700 ns, At safepoint: 2200 ns, Total: 18200 ns
[4704.852s][info ][safepoint      ] Safepoint "ParallelGCFailedAllocation", Time since last: 28786220892 ns, Reaching safepoint: 78000 ns, Cleanup: 3500 ns, At safepoint: 15700 ns, Total: 97200 ns
[4704.852s][info ][gc,start       ] GC(68) Pause Young (GCLocker Initiated GC)
[4704.859s][debug][gc,phases      ] GC(68) Scavenge 7.111ms
[4704.859s][debug][gc,ref         ] GC(68) ReferenceProcessor::execute queues: 1, RefProcThreadModel::Single, marks_oops_alive: false
[4704.859s][debug][gc,ref         ] GC(68) Skipped KeepAliveFinalRefsPhase of Reference Processing: no references
[4704.859s][debug][gc,ref         ] GC(68) ReferenceProcessor::execute queues: 1, RefProcThreadModel::Single, marks_oops_alive: false
[4704.859s][debug][gc,phases      ] GC(68) Reference Processing 0.099ms
[4704.860s][debug][gc,phases      ] GC(68)   VM Weak                        Min:  0.0, Avg:  0.0, Max:  0.0, Diff:  0.0, Sum:  0.0, Workers: 4
[4704.860s][debug][gc,phases      ] GC(68)     Dead                           Min: 0, Avg:  0.0, Max: 0, Diff: 0, Sum: 0, Workers: 4
[4704.860s][debug][gc,phases      ] GC(68)     Total                          Min: 0, Avg: 258.5, Max: 640, Diff: 640, Sum: 1034, Workers: 4
[4704.860s][debug][gc,phases      ] GC(68)   ObjectSynchronizer Weak        Min:  0.0, Avg:  0.0, Max:  0.0, Diff:  0.0, Sum:  0.0, Workers: 4
[4704.860s][debug][gc,phases      ] GC(68)     Dead                           Min: 0, Avg:  0.0, Max: 0, Diff: 0, Sum: 0, Workers: 4
[4704.860s][debug][gc,phases      ] GC(68)     Total                          Min: 0, Avg:  0.8, Max: 3, Diff: 3, Sum: 3, Workers: 4
[4704.860s][debug][gc,phases      ] GC(68)   JVMTI Tag Weak OopStorage      Min:  0.0, Avg:  0.0, Max:  0.0, Diff:  0.0, Sum:  0.0, Workers: 4
[4704.860s][debug][gc,phases      ] GC(68)     Dead                           Min: 0, Avg:  0.0, Max: 0, Diff: 0, Sum: 0, Workers: 4
[4704.860s][debug][gc,phases      ] GC(68)     Total                          Min: 0, Avg:  0.0, Max: 0, Diff: 0, Sum: 0, Workers: 4
[4704.860s][debug][gc,phases      ] GC(68)   StringTable Weak               Min:  0.0, Avg:  0.1, Max:  0.1, Diff:  0.1, Sum:  0.4, Workers: 4
[4704.860s][debug][gc,phases      ] GC(68)     Dead                           Min: 0, Avg:  0.0, Max: 0, Diff: 0, Sum: 0, Workers: 4
[4704.860s][debug][gc,phases      ] GC(68)     Total                          Min: 2368, Avg: 11391.5, Max: 17152, Diff: 14784, Sum: 45566, Workers: 4
[4704.860s][debug][gc,phases      ] GC(68)   ResolvedMethodTable Weak       Min:  0.0, Avg:  0.0, Max:  0.0, Diff:  0.0, Sum:  0.1, Workers: 4
[4704.860s][debug][gc,phases      ] GC(68)     Dead                           Min: 0, Avg:  4.0, Max: 9, Diff: 9, Sum: 16, Workers: 4
[4704.860s][debug][gc,phases      ] GC(68)     Total                          Min: 3597, Avg: 3723.8, Max: 3880, Diff: 283, Sum: 14895, Workers: 4
[4704.860s][debug][gc,phases      ] GC(68)   JNI Weak                       Min:  0.0, Avg:  0.0, Max:  0.0, Diff:  0.0, Sum:  0.0, Workers: 4
[4704.860s][debug][gc,phases      ] GC(68)     Dead                           Min: 0, Avg:  0.0, Max: 0, Diff: 0, Sum: 0, Workers: 4
[4704.860s][debug][gc,phases      ] GC(68)     Total                          Min: 0, Avg: 13.0, Max: 52, Diff: 52, Sum: 52, Workers: 4
[4704.860s][debug][gc,phases      ] GC(68)   StringDedup Table Weak         Min:  0.0, Avg:  0.0, Max:  0.0, Diff:  0.0, Sum:  0.0, Workers: 4
[4704.860s][debug][gc,phases      ] GC(68)     Dead                           Min: 0, Avg:  0.0, Max: 0, Diff: 0, Sum: 0, Workers: 4
[4704.860s][debug][gc,phases      ] GC(68)     Total                          Min: 0, Avg:  0.0, Max: 0, Diff: 0, Sum: 0, Workers: 4
[4704.860s][debug][gc,phases      ] GC(68)   StringDedup Requests0 Weak     Min:  0.0, Avg:  0.0, Max:  0.0, Diff:  0.0, Sum:  0.0, Workers: 4
[4704.860s][debug][gc,phases      ] GC(68)     Dead                           Min: 0, Avg:  0.0, Max: 0, Diff: 0, Sum: 0, Workers: 4
[4704.860s][debug][gc,phases      ] GC(68)     Total                          Min: 0, Avg:  0.0, Max: 0, Diff: 0, Sum: 0, Workers: 4
[4704.860s][debug][gc,phases      ] GC(68)   StringDedup Requests1 Weak     Min:  0.0, Avg:  0.0, Max:  0.0, Diff:  0.0, Sum:  0.0, Workers: 4
[4704.860s][debug][gc,phases      ] GC(68)     Dead                           Min: 0, Avg:  0.0, Max: 0, Diff: 0, Sum: 0, Workers: 4
[4704.860s][debug][gc,phases      ] GC(68)     Total                          Min: 0, Avg:  0.0, Max: 0, Diff: 0, Sum: 0, Workers: 4
[4704.860s][debug][gc,phases      ] GC(68)   Weak JFR Old Object Samples    Min:  0.0, Avg:  0.0, Max:  0.0, Diff:  0.0, Sum:  0.0, Workers: 4
[4704.860s][debug][gc,phases      ] GC(68)     Dead                           Min: 0, Avg:  0.0, Max: 0, Diff: 0, Sum: 0, Workers: 4
[4704.860s][debug][gc,phases      ] GC(68)     Total                          Min: 0, Avg:  0.0, Max: 0, Diff: 0, Sum: 0, Workers: 4
[4704.860s][debug][gc,phases      ] GC(68) Weak Processing 0.381ms
[4704.860s][debug][gc,age         ] GC(68) Desired survivor size 33030144 bytes, new threshold 1 (max threshold 15)
[4704.860s][info ][gc,heap        ] GC(68) PSYoungGen: 2041536K(2061312K)->3872K(2064896K) Eden: 2027008K(2027008K)->0K(2031616K) From: 14528K(34304K)->3872K(33280K)
[4704.860s][info ][gc,heap        ] GC(68) ParOldGen: 393538K(393728K)->405623K(406016K)
[4704.860s][info ][gc,metaspace   ] GC(68) Metaspace: 105047K(106432K)->105047K(106432K) NonClass: 89411K(90176K)->89411K(90176K) Class: 15635K(16256K)->15635K(16256K)
[4704.860s][info ][gc             ] GC(68) Pause Young (GCLocker Initiated GC) 2378M->399M(2413M) 7.686ms
[4704.860s][info ][gc,cpu         ] GC(68) User=0.03s Sys=0.01s Real=0.01s
[4704.860s][info ][safepoint      ] Safepoint "ParallelGCSystemGC", Time since last: 139000 ns, Reaching safepoint: 75200 ns, Cleanup: 1500 ns, At safepoint: 7752697 ns, Total: 7829397 ns
[4722.861s][info ][safepoint      ] Safepoint "Cleanup", Time since last: 18001265604 ns, Reaching safepoint: 5700 ns, Cleanup: 8000 ns, At safepoint: 1700 ns, Total: 15400 ns
[4723.861s][info ][safepoint      ] Safepoint "Cleanup", Time since last: 1000133812 ns, Reaching safepoint: 5800 ns, Cleanup: 9900 ns, At safepoint: 2300 ns, Total: 18000 ns
[4724.855s][info ][gc,start       ] GC(69) Pause Young (CodeCache GC Threshold)
[4724.858s][debug][gc,phases      ] GC(69) Scavenge 2.419ms
[4724.858s][debug][gc,ref         ] GC(69) ReferenceProcessor::execute queues: 1, RefProcThreadModel::Single, marks_oops_alive: false
[4724.858s][debug][gc,ref         ] GC(69) Skipped KeepAliveFinalRefsPhase of Reference Processing: no references
[4724.858s][debug][gc,ref         ] GC(69) ReferenceProcessor::execute queues: 1, RefProcThreadModel::Single, marks_oops_alive: false
[4724.858s][debug][gc,phases      ] GC(69) Reference Processing 0.098ms
[4724.858s][debug][gc,phases      ] GC(69)   VM Weak                        Min:  0.0, Avg:  0.0, Max:  0.0, Diff:  0.0, Sum:  0.0, Workers: 4
[4724.858s][debug][gc,phases      ] GC(69)     Dead                           Min: 0, Avg:  0.0, Max: 0, Diff: 0, Sum: 0, Workers: 4
[4724.858s][debug][gc,phases      ] GC(69)     Total                          Min: 0, Avg: 258.5, Max: 522, Diff: 522, Sum: 1034, Workers: 4
[4724.858s][debug][gc,phases      ] GC(69)   ObjectSynchronizer Weak        Min:  0.0, Avg:  0.0, Max:  0.0, Diff:  0.0, Sum:  0.0, Workers: 4
[4724.858s][debug][gc,phases      ] GC(69)     Dead                           Min: 0, Avg:  0.0, Max: 0, Diff: 0, Sum: 0, Workers: 4
[4724.858s][debug][gc,phases      ] GC(69)     Total                          Min: 0, Avg:  0.8, Max: 3, Diff: 3, Sum: 3, Workers: 4
[4724.858s][debug][gc,phases      ] GC(69)   JVMTI Tag Weak OopStorage      Min:  0.0, Avg:  0.0, Max:  0.0, Diff:  0.0, Sum:  0.0, Workers: 4
[4724.858s][debug][gc,phases      ] GC(69)     Dead                           Min: 0, Avg:  0.0, Max: 0, Diff: 0, Sum: 0, Workers: 4
[4724.858s][debug][gc,phases      ] GC(69)     Total                          Min: 0, Avg:  0.0, Max: 0, Diff: 0, Sum: 0, Workers: 4
[4724.858s][debug][gc,phases      ] GC(69)   StringTable Weak               Min:  0.1, Avg:  0.1, Max:  0.1, Diff:  0.0, Sum:  0.4, Workers: 4
[4724.858s][debug][gc,phases      ] GC(69)     Dead                           Min: 0, Avg:  0.0, Max: 0, Diff: 0, Sum: 0, Workers: 4
[4724.858s][debug][gc,phases      ] GC(69)     Total                          Min: 11136, Avg: 11391.5, Max: 11648, Diff: 512, Sum: 45566, Workers: 4
[4724.858s][debug][gc,phases      ] GC(69)   ResolvedMethodTable Weak       Min:  0.0, Avg:  0.0, Max:  0.0, Diff:  0.0, Sum:  0.1, Workers: 4
[4724.858s][debug][gc,phases      ] GC(69)     Dead                           Min: 0, Avg:  4.0, Max: 16, Diff: 16, Sum: 16, Workers: 4
[4724.858s][debug][gc,phases      ] GC(69)     Total                          Min: 3442, Avg: 3723.8, Max: 3962, Diff: 520, Sum: 14895, Workers: 4
[4724.858s][debug][gc,phases      ] GC(69)   JNI Weak                       Min:  0.0, Avg:  0.0, Max:  0.0, Diff:  0.0, Sum:  0.0, Workers: 4
[4724.858s][debug][gc,phases      ] GC(69)     Dead                           Min: 0, Avg:  0.0, Max: 0, Diff: 0, Sum: 0, Workers: 4
[4724.858s][debug][gc,phases      ] GC(69)     Total                          Min: 0, Avg: 13.0, Max: 52, Diff: 52, Sum: 52, Workers: 4
[4724.858s][debug][gc,phases      ] GC(69)   StringDedup Table Weak         Min:  0.0, Avg:  0.0, Max:  0.0, Diff:  0.0, Sum:  0.0, Workers: 4
[4724.858s][debug][gc,phases      ] GC(69)     Dead                           Min: 0, Avg:  0.0, Max: 0, Diff: 0, Sum: 0, Workers: 4
[4724.858s][debug][gc,phases      ] GC(69)     Total                          Min: 0, Avg:  0.0, Max: 0, Diff: 0, Sum: 0, Workers: 4
[4724.858s][debug][gc,phases      ] GC(69)   StringDedup Requests0 Weak     Min:  0.0, Avg:  0.0, Max:  0.0, Diff:  0.0, Sum:  0.0, Workers: 4
[4724.858s][debug][gc,phases      ] GC(69)     Dead                           Min: 0, Avg:  0.0, Max: 0, Diff: 0, Sum: 0, Workers: 4
[4724.858s][debug][gc,phases      ] GC(69)     Total                          Min: 0, Avg:  0.0, Max: 0, Diff: 0, Sum: 0, Workers: 4
[4724.858s][debug][gc,phases      ] GC(69)   StringDedup Requests1 Weak     Min:  0.0, Avg:  0.0, Max:  0.0, Diff:  0.0, Sum:  0.0, Workers: 4
[4724.858s][debug][gc,phases      ] GC(69)     Dead                           Min: 0, Avg:  0.0, Max: 0, Diff: 0, Sum: 0, Workers: 4
[4724.858s][debug][gc,phases      ] GC(69)     Total                          Min: 0, Avg:  0.0, Max: 0, Diff: 0, Sum: 0, Workers: 4
[4724.858s][debug][gc,phases      ] GC(69)   Weak JFR Old Object Samples    Min:  0.0, Avg:  0.0, Max:  0.0, Diff:  0.0, Sum:  0.0, Workers: 4
[4724.858s][debug][gc,phases      ] GC(69)     Dead                           Min: 0, Avg:  0.0, Max: 0, Diff: 0, Sum: 0, Workers: 4
[4724.858s][debug][gc,phases      ] GC(69)     Total                          Min: 0, Avg:  0.0, Max: 0, Diff: 0, Sum: 0, Workers: 4
[4724.858s][debug][gc,phases      ] GC(69) Weak Processing 0.338ms
[4724.858s][debug][gc,age         ] GC(69) Desired survivor size 31981568 bytes, new threshold 1 (max threshold 15)
[4724.858s][info ][gc,heap        ] GC(69) PSYoungGen: 407335K(2064896K)->960K(2063872K) Eden: 403463K(2031616K)->0K(2031616K) From: 3872K(33280K)->960K(32256K)
[4724.858s][info ][gc,heap        ] GC(69) ParOldGen: 405623K(406016K)->407775K(408064K)
[4724.858s][info ][gc,metaspace   ] GC(69) Metaspace: 105054K(106432K)->105054K(106432K) NonClass: 89418K(90176K)->89418K(90176K) Class: 15635K(16256K)->15635K(16256K)
[4724.858s][info ][gc             ] GC(69) Pause Young (CodeCache GC Threshold) 793M->399M(2414M) 2.958ms
[4724.858s][info ][gc,cpu         ] GC(69) User=0.00s Sys=0.00s Real=0.00s
[4724.858s][debug][gc,phases      ] GC(70) Pre Compact 0.006ms
[4724.858s][info ][gc,start       ] GC(70) Pause Full (CodeCache GC Threshold)
[4724.858s][info ][gc,phases,start] GC(70) Marking Phase
[4724.937s][debug][gc,phases      ] GC(70) Par Mark 78.937ms
[4724.938s][debug][gc,ref         ] GC(70) ReferenceProcessor::execute queues: 4, RefProcThreadModel::Multi, marks_oops_alive: false
[4724.938s][debug][gc,ref         ] GC(70) ReferenceProcessor::execute queues: 4, RefProcThreadModel::Multi, marks_oops_alive: true
[4724.939s][debug][gc,ref         ] GC(70) ReferenceProcessor::execute queues: 1, RefProcThreadModel::Single, marks_oops_alive: false
[4724.939s][debug][gc,phases      ] GC(70) Reference Processing 1.485ms
[4724.939s][debug][gc,phases      ] GC(70)   VM Weak                        Min:  0.0, Avg:  0.0, Max:  0.0, Diff:  0.0, Sum:  0.0, Workers: 4
[4724.939s][debug][gc,phases      ] GC(70)     Dead                           Min: 0, Avg:  0.0, Max: 0, Diff: 0, Sum: 0, Workers: 4
[4724.939s][debug][gc,phases      ] GC(70)     Total                          Min: 0, Avg: 258.5, Max: 640, Diff: 640, Sum: 1034, Workers: 4
[4724.939s][debug][gc,phases      ] GC(70)   ObjectSynchronizer Weak        Min:  0.0, Avg:  0.0, Max:  0.0, Diff:  0.0, Sum:  0.0, Workers: 4
[4724.939s][debug][gc,phases      ] GC(70)     Dead                           Min: 0, Avg:  0.0, Max: 0, Diff: 0, Sum: 0, Workers: 4
[4724.939s][debug][gc,phases      ] GC(70)     Total                          Min: 0, Avg:  0.8, Max: 3, Diff: 3, Sum: 3, Workers: 4
[4724.939s][debug][gc,phases      ] GC(70)   JVMTI Tag Weak OopStorage      Min:  0.0, Avg:  0.0, Max:  0.0, Diff:  0.0, Sum:  0.0, Workers: 4
[4724.939s][debug][gc,phases      ] GC(70)     Dead                           Min: 0, Avg:  0.0, Max: 0, Diff: 0, Sum: 0, Workers: 4
[4724.939s][debug][gc,phases      ] GC(70)     Total                          Min: 0, Avg:  0.0, Max: 0, Diff: 0, Sum: 0, Workers: 4
[4724.939s][debug][gc,phases      ] GC(70)   StringTable Weak               Min:  0.0, Avg:  0.2, Max:  0.2, Diff:  0.2, Sum:  0.6, Workers: 4
[4724.939s][debug][gc,phases      ] GC(70)     Dead                           Min: 0, Avg:  0.0, Max: 0, Diff: 0, Sum: 0, Workers: 4
[4724.939s][debug][gc,phases      ] GC(70)     Total                          Min: 0, Avg: 11391.5, Max: 16894, Diff: 16894, Sum: 45566, Workers: 4
[4724.939s][debug][gc,phases      ] GC(70)   ResolvedMethodTable Weak       Min:  0.0, Avg:  0.0, Max:  0.1, Diff:  0.1, Sum:  0.2, Workers: 4
[4724.939s][debug][gc,phases      ] GC(70)     Dead                           Min: 0, Avg:  0.0, Max: 0, Diff: 0, Sum: 0, Workers: 4
[4724.939s][debug][gc,phases      ] GC(70)     Total                          Min: 0, Avg: 3723.8, Max: 5666, Diff: 5666, Sum: 14895, Workers: 4
[4724.939s][debug][gc,phases      ] GC(70)   JNI Weak                       Min:  0.0, Avg:  0.0, Max:  0.0, Diff:  0.0, Sum:  0.0, Workers: 4
[4724.939s][debug][gc,phases      ] GC(70)     Dead                           Min: 0, Avg:  0.0, Max: 0, Diff: 0, Sum: 0, Workers: 4
[4724.939s][debug][gc,phases      ] GC(70)     Total                          Min: 0, Avg: 13.0, Max: 52, Diff: 52, Sum: 52, Workers: 4
[4724.939s][debug][gc,phases      ] GC(70)   StringDedup Table Weak         Min:  0.0, Avg:  0.0, Max:  0.0, Diff:  0.0, Sum:  0.0, Workers: 4
[4724.939s][debug][gc,phases      ] GC(70)     Dead                           Min: 0, Avg:  0.0, Max: 0, Diff: 0, Sum: 0, Workers: 4
[4724.939s][debug][gc,phases      ] GC(70)     Total                          Min: 0, Avg:  0.0, Max: 0, Diff: 0, Sum: 0, Workers: 4
[4724.939s][debug][gc,phases      ] GC(70)   StringDedup Requests0 Weak     Min:  0.0, Avg:  0.0, Max:  0.0, Diff:  0.0, Sum:  0.0, Workers: 4
[4724.939s][debug][gc,phases      ] GC(70)     Dead                           Min: 0, Avg:  0.0, Max: 0, Diff: 0, Sum: 0, Workers: 4
[4724.939s][debug][gc,phases      ] GC(70)     Total                          Min: 0, Avg:  0.0, Max: 0, Diff: 0, Sum: 0, Workers: 4
[4724.939s][debug][gc,phases      ] GC(70)   StringDedup Requests1 Weak     Min:  0.0, Avg:  0.0, Max:  0.0, Diff:  0.0, Sum:  0.0, Workers: 4
[4724.939s][debug][gc,phases      ] GC(70)     Dead                           Min: 0, Avg:  0.0, Max: 0, Diff: 0, Sum: 0, Workers: 4
[4724.939s][debug][gc,phases      ] GC(70)     Total                          Min: 0, Avg:  0.0, Max: 0, Diff: 0, Sum: 0, Workers: 4
[4724.939s][debug][gc,phases      ] GC(70)   Weak JFR Old Object Samples    Min:  0.0, Avg:  0.0, Max:  0.0, Diff:  0.0, Sum:  0.0, Workers: 4
[4724.939s][debug][gc,phases      ] GC(70)     Dead                           Min: 0, Avg:  0.0, Max: 0, Diff: 0, Sum: 0, Workers: 4
[4724.939s][debug][gc,phases      ] GC(70)     Total                          Min: 0, Avg:  0.0, Max: 0, Diff: 0, Sum: 0, Workers: 4
[4724.939s][debug][gc,phases      ] GC(70) Weak Processing 0.488ms
[4724.939s][debug][gc,phases      ] GC(70) ClassLoaderData 0.114ms
[4724.939s][debug][gc,phases      ] GC(70) Trigger cleanups 0.000ms
[4724.993s][debug][gc,phases      ] GC(70) Purge Unlinked NMethods 1.719ms
[4724.993s][debug][gc,phases      ] GC(70) Unregister NMethods 0.001ms
[4724.993s][debug][gc,phases      ] GC(70) Free Code Blobs 0.234ms
[4724.993s][debug][gc,phases      ] GC(70) Class Unloading 54.225ms
[4724.993s][debug][gc,phases      ] GC(70) Report Object Count 0.001ms
[4724.993s][info ][gc,phases      ] GC(70) Marking Phase 135.205ms
[4724.993s][info ][gc,phases,start] GC(70) Summary Phase
[4724.993s][info ][gc,phases      ] GC(70) Summary Phase 0.016ms
[4724.993s][info ][gc,phases,start] GC(70) Adjust Roots
[4725.012s][info ][gc,phases      ] GC(70) Adjust Roots 18.748ms
[4725.012s][info ][gc,phases,start] GC(70) Compaction Phase
[4725.097s][info ][gc,phases      ] GC(70) Compaction Phase 84.950ms
[4725.097s][info ][gc,phases,start] GC(70) Post Compact
[4725.099s][debug][gc,phases      ] GC(70) Purge Class Loader Data 0.656ms
[4725.099s][info ][gc,phases      ] GC(70) Post Compact 2.212ms
[4725.099s][info ][gc,heap        ] GC(70) PSYoungGen: 960K(2063872K)->0K(2063872K) Eden: 0K(2031616K)->0K(2031616K) From: 960K(32256K)->0K(32256K)
[4725.099s][info ][gc,heap        ] GC(70) ParOldGen: 407775K(408064K)->257382K(408064K)
[4725.099s][info ][gc,metaspace   ] GC(70) Metaspace: 105054K(106432K)->105054K(106432K) NonClass: 89418K(90176K)->89418K(90176K) Class: 15635K(16256K)->15635K(16256K)
[4725.099s][info ][gc             ] GC(70) Pause Full (CodeCache GC Threshold) 399M->251M(2414M) 241.260ms
[4725.099s][info ][gc,cpu         ] GC(70) User=0.68s Sys=0.02s Real=0.24s
[4725.099s][info ][safepoint      ] Safepoint "ParallelGCSystemGC", Time since last: 993689914 ns, Reaching safepoint: 5800 ns, Cleanup: 11300 ns, At safepoint: 244338330 ns, Total: 244355430 ns
[4737.100s][info ][safepoint      ] Safepoint "Cleanup", Time since last: 12000927316 ns, Reaching safepoint: 80600 ns, Cleanup: 77300 ns, At safepoint: 6600 ns, Total: 164500 ns
[4738.101s][info ][safepoint      ] Safepoint "Cleanup", Time since last: 1000110612 ns, Reaching safepoint: 80700 ns, Cleanup: 10700 ns, At safepoint: 5400 ns, Total: 96800 ns
[4747.101s][info ][safepoint      ] Safepoint "Cleanup", Time since last: 9000682955 ns, Reaching safepoint: 77800 ns, Cleanup: 11600 ns, At safepoint: 6400 ns, Total: 95800 ns
[4748.102s][info ][safepoint      ] Safepoint "Cleanup", Time since last: 1000129498 ns, Reaching safepoint: 80500 ns, Cleanup: 6700 ns, At safepoint: 6400 ns, Total: 93600 ns
[4754.102s][info ][safepoint      ] Safepoint "Cleanup", Time since last: 6000484287 ns, Reaching safepoint: 77500 ns, Cleanup: 9700 ns, At safepoint: 6100 ns, Total: 93300 ns
[4758.103s][info ][safepoint      ] Safepoint "Cleanup", Time since last: 4000322226 ns, Reaching safepoint: 77100 ns, Cleanup: 8600 ns, At safepoint: 5200 ns, Total: 90900 ns
[4759.103s][info ][safepoint      ] Safepoint "Cleanup", Time since last: 1000121107 ns, Reaching safepoint: 88200 ns, Cleanup: 11100 ns, At safepoint: 7100 ns, Total: 106400 ns
[4762.103s][info ][safepoint      ] Safepoint "Cleanup", Time since last: 3000295875 ns, Reaching safepoint: 5300 ns, Cleanup: 8800 ns, At safepoint: 1700 ns, Total: 15800 ns
[4772.104s][info ][safepoint      ] Safepoint "Cleanup", Time since last: 10001062700 ns, Reaching safepoint: 6000 ns, Cleanup: 10200 ns, At safepoint: 2100 ns, Total: 18300 ns
[4800.106s][info ][safepoint      ] Safepoint "Cleanup", Time since last: 28002006607 ns, Reaching safepoint: 5900 ns, Cleanup: 10900 ns, At safepoint: 2000 ns, Total: 18800 ns
[4812.107s][info ][safepoint      ] Safepoint "Cleanup", Time since last: 12000898822 ns, Reaching safepoint: 6300 ns, Cleanup: 21100 ns, At safepoint: 2400 ns, Total: 29800 ns
[4826.501s][info ][gc,start       ] GC(71) Pause Young (Allocation Failure)
[4826.503s][debug][gc,phases      ] GC(71) Scavenge 2.001ms
[4826.503s][debug][gc,ref         ] GC(71) ReferenceProcessor::execute queues: 1, RefProcThreadModel::Single, marks_oops_alive: false
[4826.503s][debug][gc,ref         ] GC(71) Skipped KeepAliveFinalRefsPhase of Reference Processing: no references
[4826.503s][debug][gc,ref         ] GC(71) ReferenceProcessor::execute queues: 1, RefProcThreadModel::Single, marks_oops_alive: false
[4826.503s][debug][gc,phases      ] GC(71) Reference Processing 0.126ms
[4826.503s][debug][gc,phases      ] GC(71)   VM Weak                        Min:  0.0, Avg:  0.0, Max:  0.0, Diff:  0.0, Sum:  0.0, Workers: 4
[4826.503s][debug][gc,phases      ] GC(71)     Dead                           Min: 0, Avg:  0.0, Max: 0, Diff: 0, Sum: 0, Workers: 4
[4826.503s][debug][gc,phases      ] GC(71)     Total                          Min: 0, Avg: 258.5, Max: 714, Diff: 714, Sum: 1034, Workers: 4
[4826.503s][debug][gc,phases      ] GC(71)   ObjectSynchronizer Weak        Min:  0.0, Avg:  0.0, Max:  0.0, Diff:  0.0, Sum:  0.0, Workers: 4
[4826.503s][debug][gc,phases      ] GC(71)     Dead                           Min: 0, Avg:  0.0, Max: 0, Diff: 0, Sum: 0, Workers: 4
[4826.503s][debug][gc,phases      ] GC(71)     Total                          Min: 0, Avg:  0.8, Max: 3, Diff: 3, Sum: 3, Workers: 4
[4826.503s][debug][gc,phases      ] GC(71)   JVMTI Tag Weak OopStorage      Min:  0.0, Avg:  0.0, Max:  0.0, Diff:  0.0, Sum:  0.0, Workers: 4
[4826.503s][debug][gc,phases      ] GC(71)     Dead                           Min: 0, Avg:  0.0, Max: 0, Diff: 0, Sum: 0, Workers: 4
[4826.503s][debug][gc,phases      ] GC(71)     Total                          Min: 0, Avg:  0.0, Max: 0, Diff: 0, Sum: 0, Workers: 4
[4826.503s][debug][gc,phases      ] GC(71)   StringTable Weak               Min:  0.1, Avg:  0.1, Max:  0.1, Diff:  0.1, Sum:  0.4, Workers: 4
[4826.503s][debug][gc,phases      ] GC(71)     Dead                           Min: 0, Avg:  0.0, Max: 0, Diff: 0, Sum: 0, Workers: 4
[4826.503s][debug][gc,phases      ] GC(71)     Total                          Min: 6272, Avg: 11394.0, Max: 13248, Diff: 6976, Sum: 45576, Workers: 4
[4826.503s][debug][gc,phases      ] GC(71)   ResolvedMethodTable Weak       Min:  0.0, Avg:  0.0, Max:  0.0, Diff:  0.0, Sum:  0.1, Workers: 4
[4826.503s][debug][gc,phases      ] GC(71)     Dead                           Min: 0, Avg:  4.0, Max: 16, Diff: 16, Sum: 16, Workers: 4
[4826.503s][debug][gc,phases      ] GC(71)     Total                          Min: 3573, Avg: 3724.2, Max: 3866, Diff: 293, Sum: 14897, Workers: 4
[4826.503s][debug][gc,phases      ] GC(71)   JNI Weak                       Min:  0.0, Avg:  0.0, Max:  0.0, Diff:  0.0, Sum:  0.0, Workers: 4
[4826.503s][debug][gc,phases      ] GC(71)     Dead                           Min: 0, Avg:  0.0, Max: 0, Diff: 0, Sum: 0, Workers: 4
[4826.503s][debug][gc,phases      ] GC(71)     Total                          Min: 0, Avg: 13.0, Max: 52, Diff: 52, Sum: 52, Workers: 4
[4826.503s][debug][gc,phases      ] GC(71)   StringDedup Table Weak         Min:  0.0, Avg:  0.0, Max:  0.0, Diff:  0.0, Sum:  0.0, Workers: 4
[4826.503s][debug][gc,phases      ] GC(71)     Dead                           Min: 0, Avg:  0.0, Max: 0, Diff: 0, Sum: 0, Workers: 4
[4826.503s][debug][gc,phases      ] GC(71)     Total                          Min: 0, Avg:  0.0, Max: 0, Diff: 0, Sum: 0, Workers: 4
[4826.503s][debug][gc,phases      ] GC(71)   StringDedup Requests0 Weak     Min:  0.0, Avg:  0.0, Max:  0.0, Diff:  0.0, Sum:  0.0, Workers: 4
[4826.503s][debug][gc,phases      ] GC(71)     Dead                           Min: 0, Avg:  0.0, Max: 0, Diff: 0, Sum: 0, Workers: 4
[4826.503s][debug][gc,phases      ] GC(71)     Total                          Min: 0, Avg:  0.0, Max: 0, Diff: 0, Sum: 0, Workers: 4
[4826.503s][debug][gc,phases      ] GC(71)   StringDedup Requests1 Weak     Min:  0.0, Avg:  0.0, Max:  0.0, Diff:  0.0, Sum:  0.0, Workers: 4
[4826.503s][debug][gc,phases      ] GC(71)     Dead                           Min: 0, Avg:  0.0, Max: 0, Diff: 0, Sum: 0, Workers: 4
[4826.503s][debug][gc,phases      ] GC(71)     Total                          Min: 0, Avg:  0.0, Max: 0, Diff: 0, Sum: 0, Workers: 4
[4826.503s][debug][gc,phases      ] GC(71)   Weak JFR Old Object Samples    Min:  0.0, Avg:  0.0, Max:  0.0, Diff:  0.0, Sum:  0.0, Workers: 4
[4826.503s][debug][gc,phases      ] GC(71)     Dead                           Min: 0, Avg:  0.0, Max: 0, Diff: 0, Sum: 0, Workers: 4
[4826.503s][debug][gc,phases      ] GC(71)     Total                          Min: 0, Avg:  0.0, Max: 0, Diff: 0, Sum: 0, Workers: 4
[4826.503s][debug][gc,phases      ] GC(71) Weak Processing 0.380ms
[4826.503s][debug][gc,age         ] GC(71) Desired survivor size 30932992 bytes, new threshold 1 (max threshold 15)
[4826.503s][info ][gc,heap        ] GC(71) PSYoungGen: 2031616K(2063872K)->2624K(2066944K) Eden: 2031616K(2031616K)->0K(2035712K) From: 0K(32256K)->2624K(31232K)
[4826.503s][info ][gc,heap        ] GC(71) ParOldGen: 257384K(408064K)->257384K(408064K)
[4826.503s][info ][gc,metaspace   ] GC(71) Metaspace: 105080K(106432K)->105080K(106432K) NonClass: 89443K(90176K)->89443K(90176K) Class: 15636K(16256K)->15636K(16256K)
[4826.503s][info ][gc             ] GC(71) Pause Young (Allocation Failure) 2235M->253M(2417M) 2.606ms
[4826.503s][info ][gc,cpu         ] GC(71) User=0.01s Sys=0.00s Real=0.00s
[4826.503s][info ][safepoint      ] Safepoint "ParallelGCFailedAllocation", Time since last: 14393148548 ns, Reaching safepoint: 78999 ns, Cleanup: 3600 ns, At safepoint: 2690094 ns, Total: 2772693 ns
[4830.504s][info ][safepoint      ] Safepoint "Cleanup", Time since last: 4000321900 ns, Reaching safepoint: 7400 ns, Cleanup: 10300 ns, At safepoint: 2400 ns, Total: 20100 ns
[4859.506s][info ][safepoint      ] Safepoint "Cleanup", Time since last: 29002091590 ns, Reaching safepoint: 6399 ns, Cleanup: 9100 ns, At safepoint: 1800 ns, Total: 17299 ns
[4867.506s][info ][safepoint      ] Safepoint "Cleanup", Time since last: 8000584589 ns, Reaching safepoint: 7900 ns, Cleanup: 11799 ns, At safepoint: 2500 ns, Total: 22199 ns
[4881.507s][info ][safepoint      ] Safepoint "Cleanup", Time since last: 14001097782 ns, Reaching safepoint: 5900 ns, Cleanup: 11900 ns, At safepoint: 1900 ns, Total: 19700 ns
[4887.508s][info ][safepoint      ] Safepoint "Cleanup", Time since last: 6000504404 ns, Reaching safepoint: 6000 ns, Cleanup: 10300 ns, At safepoint: 2300 ns, Total: 18600 ns
[4888.508s][info ][safepoint      ] Safepoint "Cleanup", Time since last: 1000138280 ns, Reaching safepoint: 5500 ns, Cleanup: 8900 ns, At safepoint: 2400 ns, Total: 16800 ns
[4893.508s][info ][safepoint      ] Safepoint "Cleanup", Time since last: 5000410949 ns, Reaching safepoint: 7300 ns, Cleanup: 12100 ns, At safepoint: 2100 ns, Total: 21500 ns
[4904.509s][info ][safepoint      ] Safepoint "Cleanup", Time since last: 11000834980 ns, Reaching safepoint: 8300 ns, Cleanup: 25100 ns, At safepoint: 2900 ns, Total: 36300 ns
[4908.510s][info ][safepoint      ] Safepoint "Cleanup", Time since last: 4000391335 ns, Reaching safepoint: 5600 ns, Cleanup: 9800 ns, At safepoint: 2400 ns, Total: 17800 ns
[4909.510s][info ][safepoint      ] Safepoint "Cleanup", Time since last: 1000116859 ns, Reaching safepoint: 6300 ns, Cleanup: 9700 ns, At safepoint: 2500 ns, Total: 18500 ns
[4912.510s][info ][safepoint      ] Safepoint "Cleanup", Time since last: 3000324046 ns, Reaching safepoint: 5800 ns, Cleanup: 10600 ns, At safepoint: 2100 ns, Total: 18500 ns
[4929.151s][info ][gc,start       ] GC(72) Pause Young (Allocation Failure)
[4929.152s][debug][gc,phases      ] GC(72) Scavenge 1.766ms
[4929.153s][debug][gc,ref         ] GC(72) ReferenceProcessor::execute queues: 1, RefProcThreadModel::Single, marks_oops_alive: false
[4929.153s][debug][gc,ref         ] GC(72) Skipped KeepAliveFinalRefsPhase of Reference Processing: no references
[4929.153s][debug][gc,ref         ] GC(72) ReferenceProcessor::execute queues: 1, RefProcThreadModel::Single, marks_oops_alive: false
[4929.153s][debug][gc,phases      ] GC(72) Reference Processing 0.103ms
[4929.153s][debug][gc,phases      ] GC(72)   VM Weak                        Min:  0.0, Avg:  0.0, Max:  0.0, Diff:  0.0, Sum:  0.0, Workers: 4
[4929.153s][debug][gc,phases      ] GC(72)     Dead                           Min: 0, Avg:  0.0, Max: 0, Diff: 0, Sum: 0, Workers: 4
[4929.153s][debug][gc,phases      ] GC(72)     Total                          Min: 0, Avg: 258.5, Max: 586, Diff: 586, Sum: 1034, Workers: 4
[4929.153s][debug][gc,phases      ] GC(72)   ObjectSynchronizer Weak        Min:  0.0, Avg:  0.0, Max:  0.0, Diff:  0.0, Sum:  0.0, Workers: 4
[4929.153s][debug][gc,phases      ] GC(72)     Dead                           Min: 0, Avg:  0.0, Max: 0, Diff: 0, Sum: 0, Workers: 4
[4929.153s][debug][gc,phases      ] GC(72)     Total                          Min: 0, Avg:  0.8, Max: 3, Diff: 3, Sum: 3, Workers: 4
[4929.153s][debug][gc,phases      ] GC(72)   JVMTI Tag Weak OopStorage      Min:  0.0, Avg:  0.0, Max:  0.0, Diff:  0.0, Sum:  0.0, Workers: 4
[4929.153s][debug][gc,phases      ] GC(72)     Dead                           Min: 0, Avg:  0.0, Max: 0, Diff: 0, Sum: 0, Workers: 4
[4929.153s][debug][gc,phases      ] GC(72)     Total                          Min: 0, Avg:  0.0, Max: 0, Diff: 0, Sum: 0, Workers: 4
[4929.153s][debug][gc,phases      ] GC(72)   StringTable Weak               Min:  0.0, Avg:  0.1, Max:  0.1, Diff:  0.1, Sum:  0.3, Workers: 4
[4929.153s][debug][gc,phases      ] GC(72)     Dead                           Min: 0, Avg:  0.0, Max: 0, Diff: 0, Sum: 0, Workers: 4
[4929.153s][debug][gc,phases      ] GC(72)     Total                          Min: 0, Avg: 11394.2, Max: 19904, Diff: 19904, Sum: 45577, Workers: 4
[4929.153s][debug][gc,phases      ] GC(72)   ResolvedMethodTable Weak       Min:  0.0, Avg:  0.0, Max:  0.0, Diff:  0.0, Sum:  0.1, Workers: 4
[4929.153s][debug][gc,phases      ] GC(72)     Dead                           Min: 0, Avg:  4.0, Max: 16, Diff: 16, Sum: 16, Workers: 4
[4929.153s][debug][gc,phases      ] GC(72)     Total                          Min: 0, Avg: 3724.2, Max: 6535, Diff: 6535, Sum: 14897, Workers: 4
[4929.153s][debug][gc,phases      ] GC(72)   JNI Weak                       Min:  0.0, Avg:  0.0, Max:  0.0, Diff:  0.0, Sum:  0.0, Workers: 4
[4929.153s][debug][gc,phases      ] GC(72)     Dead                           Min: 0, Avg:  0.0, Max: 0, Diff: 0, Sum: 0, Workers: 4
[4929.153s][debug][gc,phases      ] GC(72)     Total                          Min: 0, Avg: 13.0, Max: 52, Diff: 52, Sum: 52, Workers: 4
[4929.153s][debug][gc,phases      ] GC(72)   StringDedup Table Weak         Min:  0.0, Avg:  0.0, Max:  0.0, Diff:  0.0, Sum:  0.0, Workers: 4
[4929.153s][debug][gc,phases      ] GC(72)     Dead                           Min: 0, Avg:  0.0, Max: 0, Diff: 0, Sum: 0, Workers: 4
[4929.153s][debug][gc,phases      ] GC(72)     Total                          Min: 0, Avg:  0.0, Max: 0, Diff: 0, Sum: 0, Workers: 4
[4929.153s][debug][gc,phases      ] GC(72)   StringDedup Requests0 Weak     Min:  0.0, Avg:  0.0, Max:  0.0, Diff:  0.0, Sum:  0.0, Workers: 4
[4929.153s][debug][gc,phases      ] GC(72)     Dead                           Min: 0, Avg:  0.0, Max: 0, Diff: 0, Sum: 0, Workers: 4
[4929.153s][debug][gc,phases      ] GC(72)     Total                          Min: 0, Avg:  0.0, Max: 0, Diff: 0, Sum: 0, Workers: 4
[4929.153s][debug][gc,phases      ] GC(72)   StringDedup Requests1 Weak     Min:  0.0, Avg:  0.0, Max:  0.0, Diff:  0.0, Sum:  0.0, Workers: 4
[4929.153s][debug][gc,phases      ] GC(72)     Dead                           Min: 0, Avg:  0.0, Max: 0, Diff: 0, Sum: 0, Workers: 4
[4929.153s][debug][gc,phases      ] GC(72)     Total                          Min: 0, Avg:  0.0, Max: 0, Diff: 0, Sum: 0, Workers: 4
[4929.153s][debug][gc,phases      ] GC(72)   Weak JFR Old Object Samples    Min:  0.0, Avg:  0.0, Max:  0.0, Diff:  0.0, Sum:  0.0, Workers: 4
[4929.153s][debug][gc,phases      ] GC(72)     Dead                           Min: 0, Avg:  0.0, Max: 0, Diff: 0, Sum: 0, Workers: 4
[4929.153s][debug][gc,phases      ] GC(72)     Total                          Min: 0, Avg:  0.0, Max: 0, Diff: 0, Sum: 0, Workers: 4
[4929.153s][debug][gc,phases      ] GC(72) Weak Processing 0.364ms
[4929.153s][debug][gc,age         ] GC(72) Desired survivor size 29884416 bytes, new threshold 1 (max threshold 15)
[4929.153s][info ][gc,heap        ] GC(72) PSYoungGen: 2038336K(2066944K)->2528K(2065920K) Eden: 2035712K(2035712K)->0K(2035712K) From: 2624K(31232K)->2528K(30208K)
[4929.153s][info ][gc,heap        ] GC(72) ParOldGen: 257384K(408064K)->257896K(408064K)
[4929.153s][info ][gc,metaspace   ] GC(72) Metaspace: 105092K(106432K)->105092K(106432K) NonClass: 89455K(90176K)->89455K(90176K) Class: 15636K(16256K)->15636K(16256K)
[4929.153s][info ][gc             ] GC(72) Pause Young (Allocation Failure) 2241M->254M(2416M) 2.338ms
[4929.153s][info ][gc,cpu         ] GC(72) User=0.01s Sys=0.00s Real=0.00s
[4929.153s][info ][safepoint      ] Safepoint "ParallelGCFailedAllocation", Time since last: 16640316587 ns, Reaching safepoint: 78400 ns, Cleanup: 4500 ns, At safepoint: 2405894 ns, Total: 2488794 ns
[4949.154s][info ][safepoint      ] Safepoint "Cleanup", Time since last: 20001414824 ns, Reaching safepoint: 6200 ns, Cleanup: 9100 ns, At safepoint: 2300 ns, Total: 17600 ns
[4962.155s][info ][safepoint      ] Safepoint "Cleanup", Time since last: 13000937944 ns, Reaching safepoint: 6400 ns, Cleanup: 9800 ns, At safepoint: 3100 ns, Total: 19300 ns
[5032.350s][info ][gc,start       ] GC(73) Pause Young (Allocation Failure)
[5032.352s][debug][gc,phases      ] GC(73) Scavenge 1.710ms
[5032.352s][debug][gc,ref         ] GC(73) ReferenceProcessor::execute queues: 1, RefProcThreadModel::Single, marks_oops_alive: false
[5032.352s][debug][gc,ref         ] GC(73) Skipped KeepAliveFinalRefsPhase of Reference Processing: no references
[5032.352s][debug][gc,ref         ] GC(73) ReferenceProcessor::execute queues: 1, RefProcThreadModel::Single, marks_oops_alive: false
[5032.352s][debug][gc,phases      ] GC(73) Reference Processing 0.101ms
[5032.352s][debug][gc,phases      ] GC(73)   VM Weak                        Min:  0.0, Avg:  0.0, Max:  0.0, Diff:  0.0, Sum:  0.0, Workers: 4
[5032.352s][debug][gc,phases      ] GC(73)     Dead                           Min: 0, Avg:  0.0, Max: 0, Diff: 0, Sum: 0, Workers: 4
[5032.352s][debug][gc,phases      ] GC(73)     Total                          Min: 0, Avg: 258.5, Max: 704, Diff: 704, Sum: 1034, Workers: 4
[5032.352s][debug][gc,phases      ] GC(73)   ObjectSynchronizer Weak        Min:  0.0, Avg:  0.0, Max:  0.0, Diff:  0.0, Sum:  0.0, Workers: 4
[5032.352s][debug][gc,phases      ] GC(73)     Dead                           Min: 0, Avg:  0.0, Max: 0, Diff: 0, Sum: 0, Workers: 4
[5032.352s][debug][gc,phases      ] GC(73)     Total                          Min: 0, Avg:  0.8, Max: 3, Diff: 3, Sum: 3, Workers: 4
[5032.352s][debug][gc,phases      ] GC(73)   JVMTI Tag Weak OopStorage      Min:  0.0, Avg:  0.0, Max:  0.0, Diff:  0.0, Sum:  0.0, Workers: 4
[5032.352s][debug][gc,phases      ] GC(73)     Dead                           Min: 0, Avg:  0.0, Max: 0, Diff: 0, Sum: 0, Workers: 4
[5032.352s][debug][gc,phases      ] GC(73)     Total                          Min: 0, Avg:  0.0, Max: 0, Diff: 0, Sum: 0, Workers: 4
[5032.352s][debug][gc,phases      ] GC(73)   StringTable Weak               Min:  0.1, Avg:  0.1, Max:  0.1, Diff:  0.0, Sum:  0.4, Workers: 4
[5032.352s][debug][gc,phases      ] GC(73)     Dead                           Min: 0, Avg:  0.0, Max: 0, Diff: 0, Sum: 0, Workers: 4
[5032.352s][debug][gc,phases      ] GC(73)     Total                          Min: 11008, Avg: 11394.2, Max: 11776, Diff: 768, Sum: 45577, Workers: 4
[5032.352s][debug][gc,phases      ] GC(73)   ResolvedMethodTable Weak       Min:  0.0, Avg:  0.0, Max:  0.0, Diff:  0.0, Sum:  0.1, Workers: 4
[5032.352s][debug][gc,phases      ] GC(73)     Dead                           Min: 0, Avg:  4.0, Max: 16, Diff: 16, Sum: 16, Workers: 4
[5032.352s][debug][gc,phases      ] GC(73)     Total                          Min: 3581, Avg: 3724.2, Max: 3836, Diff: 255, Sum: 14897, Workers: 4
[5032.352s][debug][gc,phases      ] GC(73)   JNI Weak                       Min:  0.0, Avg:  0.0, Max:  0.0, Diff:  0.0, Sum:  0.0, Workers: 4
[5032.352s][debug][gc,phases      ] GC(73)     Dead                           Min: 0, Avg:  0.0, Max: 0, Diff: 0, Sum: 0, Workers: 4
[5032.352s][debug][gc,phases      ] GC(73)     Total                          Min: 0, Avg: 13.0, Max: 52, Diff: 52, Sum: 52, Workers: 4
[5032.352s][debug][gc,phases      ] GC(73)   StringDedup Table Weak         Min:  0.0, Avg:  0.0, Max:  0.0, Diff:  0.0, Sum:  0.0, Workers: 4
[5032.352s][debug][gc,phases      ] GC(73)     Dead                           Min: 0, Avg:  0.0, Max: 0, Diff: 0, Sum: 0, Workers: 4
[5032.352s][debug][gc,phases      ] GC(73)     Total                          Min: 0, Avg:  0.0, Max: 0, Diff: 0, Sum: 0, Workers: 4
[5032.352s][debug][gc,phases      ] GC(73)   StringDedup Requests0 Weak     Min:  0.0, Avg:  0.0, Max:  0.0, Diff:  0.0, Sum:  0.0, Workers: 4
[5032.352s][debug][gc,phases      ] GC(73)     Dead                           Min: 0, Avg:  0.0, Max: 0, Diff: 0, Sum: 0, Workers: 4
[5032.352s][debug][gc,phases      ] GC(73)     Total                          Min: 0, Avg:  0.0, Max: 0, Diff: 0, Sum: 0, Workers: 4
[5032.352s][debug][gc,phases      ] GC(73)   StringDedup Requests1 Weak     Min:  0.0, Avg:  0.0, Max:  0.0, Diff:  0.0, Sum:  0.0, Workers: 4
[5032.352s][debug][gc,phases      ] GC(73)     Dead                           Min: 0, Avg:  0.0, Max: 0, Diff: 0, Sum: 0, Workers: 4
[5032.352s][debug][gc,phases      ] GC(73)     Total                          Min: 0, Avg:  0.0, Max: 0, Diff: 0, Sum: 0, Workers: 4
[5032.352s][debug][gc,phases      ] GC(73)   Weak JFR Old Object Samples    Min:  0.0, Avg:  0.0, Max:  0.0, Diff:  0.0, Sum:  0.0, Workers: 4
[5032.352s][debug][gc,phases      ] GC(73)     Dead                           Min: 0, Avg:  0.0, Max: 0, Diff: 0, Sum: 0, Workers: 4
[5032.352s][debug][gc,phases      ] GC(73)     Total                          Min: 0, Avg:  0.0, Max: 0, Diff: 0, Sum: 0, Workers: 4
[5032.352s][debug][gc,phases      ] GC(73) Weak Processing 0.380ms
[5032.352s][debug][gc,age         ] GC(73) Desired survivor size 28311552 bytes, new threshold 1 (max threshold 15)
[5032.352s][info ][gc,heap        ] GC(73) PSYoungGen: 2038240K(2065920K)->2640K(2069504K) Eden: 2035712K(2035712K)->0K(2040320K) From: 2528K(30208K)->2640K(29184K)
[5032.352s][info ][gc,heap        ] GC(73) ParOldGen: 257896K(408064K)->258056K(408064K)
[5032.352s][info ][gc,metaspace   ] GC(73) Metaspace: 105104K(106496K)->105104K(106496K) NonClass: 89467K(90240K)->89467K(90240K) Class: 15636K(16256K)->15636K(16256K)
[5032.352s][info ][gc             ] GC(73) Pause Young (Allocation Failure) 2242M->254M(2419M) 2.306ms
[5032.352s][info ][gc,cpu         ] GC(73) User=0.01s Sys=0.00s Real=0.00s
[5032.352s][info ][safepoint      ] Safepoint "ParallelGCFailedAllocation", Time since last: 70194695205 ns, Reaching safepoint: 5200 ns, Cleanup: 3200 ns, At safepoint: 2369495 ns, Total: 2377895 ns
[5034.353s][info ][safepoint      ] Safepoint "Cleanup", Time since last: 2000186842 ns, Reaching safepoint: 4900 ns, Cleanup: 7200 ns, At safepoint: 2100 ns, Total: 14200 ns
[5052.354s][info ][safepoint      ] Safepoint "Cleanup", Time since last: 18001390953 ns, Reaching safepoint: 6400 ns, Cleanup: 10400 ns, At safepoint: 25500 ns, Total: 42300 ns
[5061.355s][info ][safepoint      ] Safepoint "Cleanup", Time since last: 9000689229 ns, Reaching safepoint: 5400 ns, Cleanup: 9000 ns, At safepoint: 1900 ns, Total: 16300 ns
[5079.356s][info ][safepoint      ] Safepoint "Cleanup", Time since last: 18001444418 ns, Reaching safepoint: 4900 ns, Cleanup: 8900 ns, At safepoint: 1600 ns, Total: 15400 ns
[5083.357s][info ][safepoint      ] Safepoint "Cleanup", Time since last: 4000329631 ns, Reaching safepoint: 5500 ns, Cleanup: 9900 ns, At safepoint: 2000 ns, Total: 17400 ns
[5107.359s][info ][safepoint      ] Safepoint "Cleanup", Time since last: 24001827760 ns, Reaching safepoint: 8000 ns, Cleanup: 30200 ns, At safepoint: 3100 ns, Total: 41300 ns
[5122.360s][info ][safepoint      ] Safepoint "Cleanup", Time since last: 15001166568 ns, Reaching safepoint: 7100 ns, Cleanup: 10100 ns, At safepoint: 25800 ns, Total: 43000 ns
[5127.360s][info ][safepoint      ] Safepoint "Cleanup", Time since last: 5000409493 ns, Reaching safepoint: 6900 ns, Cleanup: 26400 ns, At safepoint: 2700 ns, Total: 36000 ns
[5133.501s][info ][gc,start       ] GC(74) Pause Young (Allocation Failure)
[5133.503s][debug][gc,phases      ] GC(74) Scavenge 1.929ms
[5133.503s][debug][gc,ref         ] GC(74) ReferenceProcessor::execute queues: 1, RefProcThreadModel::Single, marks_oops_alive: false
[5133.503s][debug][gc,ref         ] GC(74) Skipped KeepAliveFinalRefsPhase of Reference Processing: no references
[5133.503s][debug][gc,ref         ] GC(74) ReferenceProcessor::execute queues: 1, RefProcThreadModel::Single, marks_oops_alive: false
[5133.503s][debug][gc,phases      ] GC(74) Reference Processing 0.104ms
[5133.503s][debug][gc,phases      ] GC(74)   VM Weak                        Min:  0.0, Avg:  0.0, Max:  0.0, Diff:  0.0, Sum:  0.0, Workers: 4
[5133.503s][debug][gc,phases      ] GC(74)     Dead                           Min: 0, Avg:  0.0, Max: 0, Diff: 0, Sum: 0, Workers: 4
[5133.503s][debug][gc,phases      ] GC(74)     Total                          Min: 0, Avg: 258.5, Max: 832, Diff: 832, Sum: 1034, Workers: 4
[5133.503s][debug][gc,phases      ] GC(74)   ObjectSynchronizer Weak        Min:  0.0, Avg:  0.0, Max:  0.0, Diff:  0.0, Sum:  0.0, Workers: 4
[5133.503s][debug][gc,phases      ] GC(74)     Dead                           Min: 0, Avg:  0.0, Max: 0, Diff: 0, Sum: 0, Workers: 4
[5133.503s][debug][gc,phases      ] GC(74)     Total                          Min: 0, Avg:  1.0, Max: 4, Diff: 4, Sum: 4, Workers: 4
[5133.503s][debug][gc,phases      ] GC(74)   JVMTI Tag Weak OopStorage      Min:  0.0, Avg:  0.0, Max:  0.0, Diff:  0.0, Sum:  0.0, Workers: 4
[5133.503s][debug][gc,phases      ] GC(74)     Dead                           Min: 0, Avg:  0.0, Max: 0, Diff: 0, Sum: 0, Workers: 4
[5133.503s][debug][gc,phases      ] GC(74)     Total                          Min: 0, Avg:  0.0, Max: 0, Diff: 0, Sum: 0, Workers: 4
[5133.503s][debug][gc,phases      ] GC(74)   StringTable Weak               Min:  0.1, Avg:  0.1, Max:  0.1, Diff:  0.0, Sum:  0.4, Workers: 4
[5133.503s][debug][gc,phases      ] GC(74)     Dead                           Min: 0, Avg:  0.0, Max: 0, Diff: 0, Sum: 0, Workers: 4
[5133.503s][debug][gc,phases      ] GC(74)     Total                          Min: 10688, Avg: 11394.2, Max: 11657, Diff: 969, Sum: 45577, Workers: 4
[5133.503s][debug][gc,phases      ] GC(74)   ResolvedMethodTable Weak       Min:  0.0, Avg:  0.0, Max:  0.0, Diff:  0.0, Sum:  0.2, Workers: 4
[5133.503s][debug][gc,phases      ] GC(74)     Dead                           Min: 0, Avg:  4.0, Max: 16, Diff: 16, Sum: 16, Workers: 4
[5133.503s][debug][gc,phases      ] GC(74)     Total                          Min: 3660, Avg: 3724.2, Max: 3788, Diff: 128, Sum: 14897, Workers: 4
[5133.503s][debug][gc,phases      ] GC(74)   JNI Weak                       Min:  0.0, Avg:  0.0, Max:  0.0, Diff:  0.0, Sum:  0.0, Workers: 4
[5133.503s][debug][gc,phases      ] GC(74)     Dead                           Min: 0, Avg:  0.0, Max: 0, Diff: 0, Sum: 0, Workers: 4
[5133.503s][debug][gc,phases      ] GC(74)     Total                          Min: 0, Avg: 13.0, Max: 52, Diff: 52, Sum: 52, Workers: 4
[5133.503s][debug][gc,phases      ] GC(74)   StringDedup Table Weak         Min:  0.0, Avg:  0.0, Max:  0.0, Diff:  0.0, Sum:  0.0, Workers: 4
[5133.503s][debug][gc,phases      ] GC(74)     Dead                           Min: 0, Avg:  0.0, Max: 0, Diff: 0, Sum: 0, Workers: 4
[5133.503s][debug][gc,phases      ] GC(74)     Total                          Min: 0, Avg:  0.0, Max: 0, Diff: 0, Sum: 0, Workers: 4
[5133.503s][debug][gc,phases      ] GC(74)   StringDedup Requests0 Weak     Min:  0.0, Avg:  0.0, Max:  0.0, Diff:  0.0, Sum:  0.0, Workers: 4
[5133.503s][debug][gc,phases      ] GC(74)     Dead                           Min: 0, Avg:  0.0, Max: 0, Diff: 0, Sum: 0, Workers: 4
[5133.503s][debug][gc,phases      ] GC(74)     Total                          Min: 0, Avg:  0.0, Max: 0, Diff: 0, Sum: 0, Workers: 4
[5133.503s][debug][gc,phases      ] GC(74)   StringDedup Requests1 Weak     Min:  0.0, Avg:  0.0, Max:  0.0, Diff:  0.0, Sum:  0.0, Workers: 4
[5133.503s][debug][gc,phases      ] GC(74)     Dead                           Min: 0, Avg:  0.0, Max: 0, Diff: 0, Sum: 0, Workers: 4
[5133.503s][debug][gc,phases      ] GC(74)     Total                          Min: 0, Avg:  0.0, Max: 0, Diff: 0, Sum: 0, Workers: 4
[5133.503s][debug][gc,phases      ] GC(74)   Weak JFR Old Object Samples    Min:  0.0, Avg:  0.0, Max:  0.0, Diff:  0.0, Sum:  0.0, Workers: 4
[5133.503s][debug][gc,phases      ] GC(74)     Dead                           Min: 0, Avg:  0.0, Max: 0, Diff: 0, Sum: 0, Workers: 4
[5133.503s][debug][gc,phases      ] GC(74)     Total                          Min: 0, Avg:  0.0, Max: 0, Diff: 0, Sum: 0, Workers: 4
[5133.503s][debug][gc,phases      ] GC(74) Weak Processing 0.367ms
[5133.503s][debug][gc,age         ] GC(74) Desired survivor size 27262976 bytes, new threshold 1 (max threshold 15)
[5133.503s][info ][gc,heap        ] GC(74) PSYoungGen: 2042960K(2069504K)->2736K(2067968K) Eden: 2040320K(2040320K)->0K(2040320K) From: 2640K(29184K)->2736K(27648K)
[5133.503s][info ][gc,heap        ] GC(74) ParOldGen: 258056K(408064K)->258384K(408064K)
[5133.503s][info ][gc,metaspace   ] GC(74) Metaspace: 105112K(106496K)->105112K(106496K) NonClass: 89475K(90240K)->89475K(90240K) Class: 15636K(16256K)->15636K(16256K)
[5133.503s][info ][gc             ] GC(74) Pause Young (Allocation Failure) 2247M->255M(2418M) 2.501ms
[5133.503s][info ][gc,cpu         ] GC(74) User=0.01s Sys=0.00s Real=0.00s
[5133.503s][info ][safepoint      ] Safepoint "ParallelGCFailedAllocation", Time since last: 6140397585 ns, Reaching safepoint: 78900 ns, Cleanup: 3900 ns, At safepoint: 2575397 ns, Total: 2658197 ns
[5139.504s][info ][safepoint      ] Safepoint "Cleanup", Time since last: 6000554698 ns, Reaching safepoint: 82899 ns, Cleanup: 10100 ns, At safepoint: 13000 ns, Total: 105999 ns
[5146.504s][info ][safepoint      ] Safepoint "Cleanup", Time since last: 7000553981 ns, Reaching safepoint: 5800 ns, Cleanup: 12300 ns, At safepoint: 2000 ns, Total: 20100 ns
[5149.505s][info ][safepoint      ] Safepoint "Cleanup", Time since last: 3000244136 ns, Reaching safepoint: 7100 ns, Cleanup: 11300 ns, At safepoint: 2600 ns, Total: 21000 ns
[5150.505s][info ][safepoint      ] Safepoint "Cleanup", Time since last: 1000112679 ns, Reaching safepoint: 5700 ns, Cleanup: 9000 ns, At safepoint: 2200 ns, Total: 16900 ns
[5152.505s][info ][safepoint      ] Safepoint "Cleanup", Time since last: 2000172059 ns, Reaching safepoint: 6100 ns, Cleanup: 15800 ns, At safepoint: 2100 ns, Total: 24000 ns
[5159.506s][info ][safepoint      ] Safepoint "Cleanup", Time since last: 7000560976 ns, Reaching safepoint: 8300 ns, Cleanup: 12600 ns, At safepoint: 2000 ns, Total: 22900 ns
[5177.603s][info ][safepoint      ] Safepoint "Cleanup", Time since last: 18097082920 ns, Reaching safepoint: 83200 ns, Cleanup: 8800 ns, At safepoint: 7100 ns, Total: 99100 ns
[5191.604s][info ][safepoint      ] Safepoint "Cleanup", Time since last: 14001123722 ns, Reaching safepoint: 6400 ns, Cleanup: 7000 ns, At safepoint: 2200 ns, Total: 15600 ns
[5194.604s][info ][safepoint      ] Safepoint "Cleanup", Time since last: 3000273730 ns, Reaching safepoint: 7100 ns, Cleanup: 9700 ns, At safepoint: 2300 ns, Total: 19100 ns
[5195.604s][info ][safepoint      ] Safepoint "Cleanup", Time since last: 1000109826 ns, Reaching safepoint: 6500 ns, Cleanup: 9200 ns, At safepoint: 2300 ns, Total: 18000 ns
[5200.605s][info ][safepoint      ] Safepoint "Cleanup", Time since last: 5000380818 ns, Reaching safepoint: 5300 ns, Cleanup: 10400 ns, At safepoint: 1900 ns, Total: 17600 ns
[5203.605s][info ][safepoint      ] Safepoint "Cleanup", Time since last: 3000258826 ns, Reaching safepoint: 6400 ns, Cleanup: 8800 ns, At safepoint: 1700 ns, Total: 16900 ns
[5205.605s][info ][safepoint      ] Safepoint "Cleanup", Time since last: 2000171817 ns, Reaching safepoint: 6000 ns, Cleanup: 9300 ns, At safepoint: 1700 ns, Total: 17000 ns
[5208.866s][info ][gc,start       ] GC(75) Pause Young (Allocation Failure)
[5208.872s][debug][gc,phases      ] GC(75) Scavenge 5.866ms
[5208.872s][debug][gc,ref         ] GC(75) ReferenceProcessor::execute queues: 1, RefProcThreadModel::Single, marks_oops_alive: false
[5208.872s][debug][gc,ref         ] GC(75) Skipped KeepAliveFinalRefsPhase of Reference Processing: no references
[5208.872s][debug][gc,ref         ] GC(75) ReferenceProcessor::execute queues: 1, RefProcThreadModel::Single, marks_oops_alive: false
[5208.872s][debug][gc,phases      ] GC(75) Reference Processing 0.100ms
[5208.873s][debug][gc,phases      ] GC(75)   VM Weak                        Min:  0.0, Avg:  0.0, Max:  0.0, Diff:  0.0, Sum:  0.0, Workers: 4
[5208.873s][debug][gc,phases      ] GC(75)     Dead                           Min: 0, Avg:  0.0, Max: 0, Diff: 0, Sum: 0, Workers: 4
[5208.873s][debug][gc,phases      ] GC(75)     Total                          Min: 0, Avg: 258.5, Max: 586, Diff: 586, Sum: 1034, Workers: 4
[5208.873s][debug][gc,phases      ] GC(75)   ObjectSynchronizer Weak        Min:  0.0, Avg:  0.0, Max:  0.0, Diff:  0.0, Sum:  0.0, Workers: 4
[5208.873s][debug][gc,phases      ] GC(75)     Dead                           Min: 0, Avg:  0.0, Max: 0, Diff: 0, Sum: 0, Workers: 4
[5208.873s][debug][gc,phases      ] GC(75)     Total                          Min: 0, Avg:  1.0, Max: 4, Diff: 4, Sum: 4, Workers: 4
[5208.873s][debug][gc,phases      ] GC(75)   JVMTI Tag Weak OopStorage      Min:  0.0, Avg:  0.0, Max:  0.0, Diff:  0.0, Sum:  0.0, Workers: 4
[5208.873s][debug][gc,phases      ] GC(75)     Dead                           Min: 0, Avg:  0.0, Max: 0, Diff: 0, Sum: 0, Workers: 4
[5208.873s][debug][gc,phases      ] GC(75)     Total                          Min: 0, Avg:  0.0, Max: 0, Diff: 0, Sum: 0, Workers: 4
[5208.873s][debug][gc,phases      ] GC(75)   StringTable Weak               Min:  0.0, Avg:  0.1, Max:  0.1, Diff:  0.1, Sum:  0.3, Workers: 4
[5208.873s][debug][gc,phases      ] GC(75)     Dead                           Min: 0, Avg:  0.2, Max: 1, Diff: 1, Sum: 1, Workers: 4
[5208.873s][debug][gc,phases      ] GC(75)     Total                          Min: 0, Avg: 11397.0, Max: 20160, Diff: 20160, Sum: 45588, Workers: 4
[5208.873s][debug][gc,phases      ] GC(75)   ResolvedMethodTable Weak       Min:  0.0, Avg:  0.0, Max:  0.0, Diff:  0.0, Sum:  0.1, Workers: 4
[5208.873s][debug][gc,phases      ] GC(75)     Dead                           Min: 0, Avg:  4.2, Max: 17, Diff: 17, Sum: 17, Workers: 4
[5208.873s][debug][gc,phases      ] GC(75)     Total                          Min: 0, Avg: 3725.8, Max: 6592, Diff: 6592, Sum: 14903, Workers: 4
[5208.873s][debug][gc,phases      ] GC(75)   JNI Weak                       Min:  0.0, Avg:  0.0, Max:  0.0, Diff:  0.0, Sum:  0.0, Workers: 4
[5208.873s][debug][gc,phases      ] GC(75)     Dead                           Min: 0, Avg:  0.0, Max: 0, Diff: 0, Sum: 0, Workers: 4
[5208.873s][debug][gc,phases      ] GC(75)     Total                          Min: 0, Avg: 13.0, Max: 52, Diff: 52, Sum: 52, Workers: 4
[5208.873s][debug][gc,phases      ] GC(75)   StringDedup Table Weak         Min:  0.0, Avg:  0.0, Max:  0.0, Diff:  0.0, Sum:  0.0, Workers: 4
[5208.873s][debug][gc,phases      ] GC(75)     Dead                           Min: 0, Avg:  0.0, Max: 0, Diff: 0, Sum: 0, Workers: 4
[5208.873s][debug][gc,phases      ] GC(75)     Total                          Min: 0, Avg:  0.0, Max: 0, Diff: 0, Sum: 0, Workers: 4
[5208.873s][debug][gc,phases      ] GC(75)   StringDedup Requests0 Weak     Min:  0.0, Avg:  0.0, Max:  0.0, Diff:  0.0, Sum:  0.0, Workers: 4
[5208.873s][debug][gc,phases      ] GC(75)     Dead                           Min: 0, Avg:  0.0, Max: 0, Diff: 0, Sum: 0, Workers: 4
[5208.873s][debug][gc,phases      ] GC(75)     Total                          Min: 0, Avg:  0.0, Max: 0, Diff: 0, Sum: 0, Workers: 4
[5208.873s][debug][gc,phases      ] GC(75)   StringDedup Requests1 Weak     Min:  0.0, Avg:  0.0, Max:  0.0, Diff:  0.0, Sum:  0.0, Workers: 4
[5208.873s][debug][gc,phases      ] GC(75)     Dead                           Min: 0, Avg:  0.0, Max: 0, Diff: 0, Sum: 0, Workers: 4
[5208.873s][debug][gc,phases      ] GC(75)     Total                          Min: 0, Avg:  0.0, Max: 0, Diff: 0, Sum: 0, Workers: 4
[5208.873s][debug][gc,phases      ] GC(75)   Weak JFR Old Object Samples    Min:  0.0, Avg:  0.0, Max:  0.0, Diff:  0.0, Sum:  0.0, Workers: 4
[5208.873s][debug][gc,phases      ] GC(75)     Dead                           Min: 0, Avg:  0.0, Max: 0, Diff: 0, Sum: 0, Workers: 4
[5208.873s][debug][gc,phases      ] GC(75)     Total                          Min: 0, Avg:  0.0, Max: 0, Diff: 0, Sum: 0, Workers: 4
[5208.873s][debug][gc,phases      ] GC(75) Weak Processing 0.372ms
[5208.873s][debug][gc,age         ] GC(75) Desired survivor size 27787264 bytes, new threshold 1 (max threshold 15)
[5208.873s][info ][gc,heap        ] GC(75) PSYoungGen: 2043056K(2067968K)->13840K(2069504K) Eden: 2040320K(2040320K)->0K(2042880K) From: 2736K(27648K)->13840K(26624K)
[5208.873s][info ][gc,heap        ] GC(75) ParOldGen: 258384K(408064K)->258656K(408064K)
[5208.873s][info ][gc,metaspace   ] GC(75) Metaspace: 105160K(106560K)->105160K(106560K) NonClass: 89518K(90304K)->89518K(90304K) Class: 15641K(16256K)->15641K(16256K)
[5208.873s][info ][gc             ] GC(75) Pause Young (Allocation Failure) 2247M->266M(2419M) 6.445ms
[5208.873s][info ][gc,cpu         ] GC(75) User=0.02s Sys=0.00s Real=0.01s
[5208.873s][info ][safepoint      ] Safepoint "ParallelGCFailedAllocation", Time since last: 3261070849 ns, Reaching safepoint: 5700 ns, Cleanup: 3600 ns, At safepoint: 6510094 ns, Total: 6519394 ns
[5215.873s][info ][safepoint      ] Safepoint "Cleanup", Time since last: 7000508954 ns, Reaching safepoint: 6100 ns, Cleanup: 9600 ns, At safepoint: 19100 ns, Total: 34800 ns
[5229.620s][info ][safepoint      ] Safepoint "Cleanup", Time since last: 13746651240 ns, Reaching safepoint: 7000 ns, Cleanup: 10700 ns, At safepoint: 2200 ns, Total: 19900 ns
[5249.622s][info ][safepoint      ] Safepoint "Cleanup", Time since last: 20001537606 ns, Reaching safepoint: 5900 ns, Cleanup: 11900 ns, At safepoint: 2000 ns, Total: 19800 ns
[5251.622s][info ][safepoint      ] Safepoint "Cleanup", Time since last: 2000174313 ns, Reaching safepoint: 6400 ns, Cleanup: 11800 ns, At safepoint: 2900 ns, Total: 21100 ns
[5256.622s][info ][safepoint      ] Safepoint "Cleanup", Time since last: 5000434804 ns, Reaching safepoint: 7800 ns, Cleanup: 11800 ns, At safepoint: 3200 ns, Total: 22800 ns
[5272.624s][info ][safepoint      ] Safepoint "Cleanup", Time since last: 16001233149 ns, Reaching safepoint: 5100 ns, Cleanup: 9300 ns, At safepoint: 2500 ns, Total: 16900 ns
[5307.100s][info ][gc,start       ] GC(76) Pause Young (Allocation Failure)
[5307.106s][debug][gc,phases      ] GC(76) Scavenge 5.098ms
[5307.106s][debug][gc,ref         ] GC(76) ReferenceProcessor::execute queues: 1, RefProcThreadModel::Single, marks_oops_alive: false
[5307.106s][debug][gc,ref         ] GC(76) Skipped KeepAliveFinalRefsPhase of Reference Processing: no references
[5307.106s][debug][gc,ref         ] GC(76) Skipped PhantomRefsPhase of Reference Processing: no references
[5307.106s][debug][gc,phases      ] GC(76) Reference Processing 0.112ms
[5307.106s][debug][gc,phases      ] GC(76)   VM Weak                        Min:  0.0, Avg:  0.0, Max:  0.0, Diff:  0.0, Sum:  0.0, Workers: 4
[5307.106s][debug][gc,phases      ] GC(76)     Dead                           Min: 0, Avg:  0.0, Max: 0, Diff: 0, Sum: 0, Workers: 4
[5307.106s][debug][gc,phases      ] GC(76)     Total                          Min: 0, Avg: 258.5, Max: 1024, Diff: 1024, Sum: 1034, Workers: 4
[5307.106s][debug][gc,phases      ] GC(76)   ObjectSynchronizer Weak        Min:  0.0, Avg:  0.0, Max:  0.0, Diff:  0.0, Sum:  0.0, Workers: 4
[5307.106s][debug][gc,phases      ] GC(76)     Dead                           Min: 0, Avg:  0.0, Max: 0, Diff: 0, Sum: 0, Workers: 4
[5307.106s][debug][gc,phases      ] GC(76)     Total                          Min: 0, Avg:  0.8, Max: 3, Diff: 3, Sum: 3, Workers: 4
[5307.106s][debug][gc,phases      ] GC(76)   JVMTI Tag Weak OopStorage      Min:  0.0, Avg:  0.0, Max:  0.0, Diff:  0.0, Sum:  0.0, Workers: 4
[5307.106s][debug][gc,phases      ] GC(76)     Dead                           Min: 0, Avg:  0.0, Max: 0, Diff: 0, Sum: 0, Workers: 4
[5307.106s][debug][gc,phases      ] GC(76)     Total                          Min: 0, Avg:  0.0, Max: 0, Diff: 0, Sum: 0, Workers: 4
[5307.106s][debug][gc,phases      ] GC(76)   StringTable Weak               Min:  0.1, Avg:  0.1, Max:  0.1, Diff:  0.0, Sum:  0.4, Workers: 4
[5307.106s][debug][gc,phases      ] GC(76)     Dead                           Min: 0, Avg:  0.0, Max: 0, Diff: 0, Sum: 0, Workers: 4
[5307.106s][debug][gc,phases      ] GC(76)     Total                          Min: 10240, Avg: 11397.0, Max: 11924, Diff: 1684, Sum: 45588, Workers: 4
[5307.106s][debug][gc,phases      ] GC(76)   ResolvedMethodTable Weak       Min:  0.0, Avg:  0.0, Max:  0.0, Diff:  0.0, Sum:  0.1, Workers: 4
[5307.106s][debug][gc,phases      ] GC(76)     Dead                           Min: 0, Avg:  4.0, Max: 16, Diff: 16, Sum: 16, Workers: 4
[5307.106s][debug][gc,phases      ] GC(76)     Total                          Min: 3366, Avg: 3725.8, Max: 4171, Diff: 805, Sum: 14903, Workers: 4
[5307.106s][debug][gc,phases      ] GC(76)   JNI Weak                       Min:  0.0, Avg:  0.0, Max:  0.0, Diff:  0.0, Sum:  0.0, Workers: 4
[5307.106s][debug][gc,phases      ] GC(76)     Dead                           Min: 0, Avg:  0.0, Max: 0, Diff: 0, Sum: 0, Workers: 4
[5307.106s][debug][gc,phases      ] GC(76)     Total                          Min: 0, Avg: 13.0, Max: 52, Diff: 52, Sum: 52, Workers: 4
[5307.106s][debug][gc,phases      ] GC(76)   StringDedup Table Weak         Min:  0.0, Avg:  0.0, Max:  0.0, Diff:  0.0, Sum:  0.0, Workers: 4
[5307.106s][debug][gc,phases      ] GC(76)     Dead                           Min: 0, Avg:  0.0, Max: 0, Diff: 0, Sum: 0, Workers: 4
[5307.106s][debug][gc,phases      ] GC(76)     Total                          Min: 0, Avg:  0.0, Max: 0, Diff: 0, Sum: 0, Workers: 4
[5307.106s][debug][gc,phases      ] GC(76)   StringDedup Requests0 Weak     Min:  0.0, Avg:  0.0, Max:  0.0, Diff:  0.0, Sum:  0.0, Workers: 4
[5307.106s][debug][gc,phases      ] GC(76)     Dead                           Min: 0, Avg:  0.0, Max: 0, Diff: 0, Sum: 0, Workers: 4
[5307.106s][debug][gc,phases      ] GC(76)     Total                          Min: 0, Avg:  0.0, Max: 0, Diff: 0, Sum: 0, Workers: 4
[5307.106s][debug][gc,phases      ] GC(76)   StringDedup Requests1 Weak     Min:  0.0, Avg:  0.0, Max:  0.0, Diff:  0.0, Sum:  0.0, Workers: 4
[5307.106s][debug][gc,phases      ] GC(76)     Dead                           Min: 0, Avg:  0.0, Max: 0, Diff: 0, Sum: 0, Workers: 4
[5307.106s][debug][gc,phases      ] GC(76)     Total                          Min: 0, Avg:  0.0, Max: 0, Diff: 0, Sum: 0, Workers: 4
[5307.106s][debug][gc,phases      ] GC(76)   Weak JFR Old Object Samples    Min:  0.0, Avg:  0.0, Max:  0.0, Diff:  0.0, Sum:  0.0, Workers: 4
[5307.106s][debug][gc,phases      ] GC(76)     Dead                           Min: 0, Avg:  0.0, Max: 0, Diff: 0, Sum: 0, Workers: 4
[5307.106s][debug][gc,phases      ] GC(76)     Total                          Min: 0, Avg:  0.0, Max: 0, Diff: 0, Sum: 0, Workers: 4
[5307.106s][debug][gc,phases      ] GC(76) Weak Processing 0.342ms
[5307.106s][debug][gc,age         ] GC(76) Desired survivor size 26738688 bytes, new threshold 1 (max threshold 15)
[5307.106s][info ][gc,heap        ] GC(76) PSYoungGen: 2056720K(2069504K)->2928K(2070016K) Eden: 2042880K(2042880K)->0K(2042880K) From: 13840K(26624K)->2928K(27136K)
[5307.106s][info ][gc,heap        ] GC(76) ParOldGen: 258656K(408064K)->270711K(408064K)
[5307.106s][info ][gc,metaspace   ] GC(76) Metaspace: 105170K(106560K)->105170K(106560K) NonClass: 89528K(90304K)->89528K(90304K) Class: 15641K(16256K)->15641K(16256K)
[5307.106s][info ][gc             ] GC(76) Pause Young (Allocation Failure) 2261M->267M(2420M) 5.660ms
[5307.106s][info ][gc,cpu         ] GC(76) User=0.02s Sys=0.00s Real=0.00s
[5307.106s][info ][safepoint      ] Safepoint "ParallelGCFailedAllocation", Time since last: 34476846758 ns, Reaching safepoint: 78700 ns, Cleanup: 4000 ns, At safepoint: 5746297 ns, Total: 5828997 ns
[5339.109s][info ][safepoint      ] Safepoint "Cleanup", Time since last: 32002347159 ns, Reaching safepoint: 6600 ns, Cleanup: 9600 ns, At safepoint: 2600 ns, Total: 18800 ns
[5341.655s][info ][safepoint      ] Safepoint "Cleanup", Time since last: 2546361774 ns, Reaching safepoint: 4200 ns, Cleanup: 8000 ns, At safepoint: 4600 ns, Total: 16800 ns
[5384.658s][info ][safepoint      ] Safepoint "Cleanup", Time since last: 43003123561 ns, Reaching safepoint: 6000 ns, Cleanup: 11900 ns, At safepoint: 2600 ns, Total: 20500 ns
[5391.905s][info ][gc,start       ] GC(77) Pause Young (Allocation Failure)
[5391.909s][debug][gc,phases      ] GC(77) Scavenge 3.614ms
[5391.909s][debug][gc,ref         ] GC(77) ReferenceProcessor::execute queues: 1, RefProcThreadModel::Single, marks_oops_alive: false
[5391.909s][debug][gc,ref         ] GC(77) Skipped KeepAliveFinalRefsPhase of Reference Processing: no references
[5391.909s][debug][gc,ref         ] GC(77) ReferenceProcessor::execute queues: 1, RefProcThreadModel::Single, marks_oops_alive: false
[5391.909s][debug][gc,phases      ] GC(77) Reference Processing 0.100ms
[5391.909s][debug][gc,phases      ] GC(77)   VM Weak                        Min:  0.0, Avg:  0.0, Max:  0.0, Diff:  0.0, Sum:  0.0, Workers: 4
[5391.909s][debug][gc,phases      ] GC(77)     Dead                           Min: 0, Avg:  0.0, Max: 0, Diff: 0, Sum: 0, Workers: 4
[5391.909s][debug][gc,phases      ] GC(77)     Total                          Min: 0, Avg: 258.5, Max: 704, Diff: 704, Sum: 1034, Workers: 4
[5391.909s][debug][gc,phases      ] GC(77)   ObjectSynchronizer Weak        Min:  0.0, Avg:  0.0, Max:  0.0, Diff:  0.0, Sum:  0.0, Workers: 4
[5391.909s][debug][gc,phases      ] GC(77)     Dead                           Min: 0, Avg:  0.0, Max: 0, Diff: 0, Sum: 0, Workers: 4
[5391.909s][debug][gc,phases      ] GC(77)     Total                          Min: 0, Avg:  1.0, Max: 4, Diff: 4, Sum: 4, Workers: 4
[5391.909s][debug][gc,phases      ] GC(77)   JVMTI Tag Weak OopStorage      Min:  0.0, Avg:  0.0, Max:  0.0, Diff:  0.0, Sum:  0.0, Workers: 4
[5391.909s][debug][gc,phases      ] GC(77)     Dead                           Min: 0, Avg:  0.0, Max: 0, Diff: 0, Sum: 0, Workers: 4
[5391.909s][debug][gc,phases      ] GC(77)     Total                          Min: 0, Avg:  0.0, Max: 0, Diff: 0, Sum: 0, Workers: 4
[5391.909s][debug][gc,phases      ] GC(77)   StringTable Weak               Min:  0.0, Avg:  0.1, Max:  0.1, Diff:  0.1, Sum:  0.3, Workers: 4
[5391.909s][debug][gc,phases      ] GC(77)     Dead                           Min: 0, Avg:  0.0, Max: 0, Diff: 0, Sum: 0, Workers: 4
[5391.909s][debug][gc,phases      ] GC(77)     Total                          Min: 0, Avg: 11402.8, Max: 20288, Diff: 20288, Sum: 45611, Workers: 4
[5391.909s][debug][gc,phases      ] GC(77)   ResolvedMethodTable Weak       Min:  0.0, Avg:  0.0, Max:  0.0, Diff:  0.0, Sum:  0.1, Workers: 4
[5391.909s][debug][gc,phases      ] GC(77)     Dead                           Min: 0, Avg:  4.5, Max: 18, Diff: 18, Sum: 18, Workers: 4
[5391.909s][debug][gc,phases      ] GC(77)     Total                          Min: 0, Avg: 3726.8, Max: 6495, Diff: 6495, Sum: 14907, Workers: 4
[5391.909s][debug][gc,phases      ] GC(77)   JNI Weak                       Min:  0.0, Avg:  0.0, Max:  0.0, Diff:  0.0, Sum:  0.0, Workers: 4
[5391.909s][debug][gc,phases      ] GC(77)     Dead                           Min: 0, Avg:  0.0, Max: 0, Diff: 0, Sum: 0, Workers: 4
[5391.909s][debug][gc,phases      ] GC(77)     Total                          Min: 0, Avg: 13.0, Max: 52, Diff: 52, Sum: 52, Workers: 4
[5391.909s][debug][gc,phases      ] GC(77)   StringDedup Table Weak         Min:  0.0, Avg:  0.0, Max:  0.0, Diff:  0.0, Sum:  0.0, Workers: 4
[5391.909s][debug][gc,phases      ] GC(77)     Dead                           Min: 0, Avg:  0.0, Max: 0, Diff: 0, Sum: 0, Workers: 4
[5391.909s][debug][gc,phases      ] GC(77)     Total                          Min: 0, Avg:  0.0, Max: 0, Diff: 0, Sum: 0, Workers: 4
[5391.909s][debug][gc,phases      ] GC(77)   StringDedup Requests0 Weak     Min:  0.0, Avg:  0.0, Max:  0.0, Diff:  0.0, Sum:  0.0, Workers: 4
[5391.909s][debug][gc,phases      ] GC(77)     Dead                           Min: 0, Avg:  0.0, Max: 0, Diff: 0, Sum: 0, Workers: 4
[5391.909s][debug][gc,phases      ] GC(77)     Total                          Min: 0, Avg:  0.0, Max: 0, Diff: 0, Sum: 0, Workers: 4
[5391.909s][debug][gc,phases      ] GC(77)   StringDedup Requests1 Weak     Min:  0.0, Avg:  0.0, Max:  0.0, Diff:  0.0, Sum:  0.0, Workers: 4
[5391.909s][debug][gc,phases      ] GC(77)     Dead                           Min: 0, Avg:  0.0, Max: 0, Diff: 0, Sum: 0, Workers: 4
[5391.909s][debug][gc,phases      ] GC(77)     Total                          Min: 0, Avg:  0.0, Max: 0, Diff: 0, Sum: 0, Workers: 4
[5391.909s][debug][gc,phases      ] GC(77)   Weak JFR Old Object Samples    Min:  0.0, Avg:  0.0, Max:  0.0, Diff:  0.0, Sum:  0.0, Workers: 4
[5391.909s][debug][gc,phases      ] GC(77)     Dead                           Min: 0, Avg:  0.0, Max: 0, Diff: 0, Sum: 0, Workers: 4
[5391.909s][debug][gc,phases      ] GC(77)     Total                          Min: 0, Avg:  0.0, Max: 0, Diff: 0, Sum: 0, Workers: 4
[5391.909s][debug][gc,phases      ] GC(77) Weak Processing 0.364ms
[5391.909s][debug][gc,age         ] GC(77) Desired survivor size 24641536 bytes, new threshold 1 (max threshold 15)
[5391.909s][info ][gc,heap        ] GC(77) PSYoungGen: 2045808K(2070016K)->6240K(2073088K) Eden: 2042880K(2042880K)->0K(2046976K) From: 2928K(27136K)->6240K(26112K)
[5391.909s][info ][gc,heap        ] GC(77) ParOldGen: 270711K(408064K)->271019K(408064K)
[5391.909s][info ][gc,metaspace   ] GC(77) Metaspace: 105196K(106624K)->105196K(106624K) NonClass: 89553K(90368K)->89553K(90368K) Class: 15642K(16256K)->15642K(16256K)
[5391.909s][info ][gc             ] GC(77) Pause Young (Allocation Failure) 2262M->270M(2423M) 4.183ms
[5391.909s][info ][gc,cpu         ] GC(77) User=0.01s Sys=0.00s Real=0.01s
[5391.909s][info ][safepoint      ] Safepoint "ParallelGCFailedAllocation", Time since last: 7246801183 ns, Reaching safepoint: 4800 ns, Cleanup: 3500 ns, At safepoint: 4250498 ns, Total: 4258798 ns
[5412.673s][info ][safepoint      ] Safepoint "Cleanup", Time since last: 20764022642 ns, Reaching safepoint: 6600 ns, Cleanup: 13700 ns, At safepoint: 1700 ns, Total: 22000 ns
[5424.674s][info ][safepoint      ] Safepoint "Cleanup", Time since last: 12000886444 ns, Reaching safepoint: 6100 ns, Cleanup: 17700 ns, At safepoint: 2500 ns, Total: 26300 ns
[5467.691s][info ][safepoint      ] Safepoint "Cleanup", Time since last: 43016509365 ns, Reaching safepoint: 5700 ns, Cleanup: 8600 ns, At safepoint: 2600 ns, Total: 16900 ns
[5479.923s][info ][gc,start       ] GC(78) Pause Young (Allocation Failure)
[5479.927s][debug][gc,phases      ] GC(78) Scavenge 3.710ms
[5479.927s][debug][gc,ref         ] GC(78) ReferenceProcessor::execute queues: 1, RefProcThreadModel::Single, marks_oops_alive: false
[5479.927s][debug][gc,ref         ] GC(78) Skipped KeepAliveFinalRefsPhase of Reference Processing: no references
[5479.927s][debug][gc,ref         ] GC(78) ReferenceProcessor::execute queues: 1, RefProcThreadModel::Single, marks_oops_alive: false
[5479.927s][debug][gc,phases      ] GC(78) Reference Processing 0.118ms
[5479.927s][debug][gc,phases      ] GC(78)   VM Weak                        Min:  0.0, Avg:  0.0, Max:  0.0, Diff:  0.0, Sum:  0.0, Workers: 4
[5479.927s][debug][gc,phases      ] GC(78)     Dead                           Min: 0, Avg:  0.0, Max: 0, Diff: 0, Sum: 0, Workers: 4
[5479.927s][debug][gc,phases      ] GC(78)     Total                          Min: 0, Avg: 258.5, Max: 970, Diff: 970, Sum: 1034, Workers: 4
[5479.927s][debug][gc,phases      ] GC(78)   ObjectSynchronizer Weak        Min:  0.0, Avg:  0.0, Max:  0.0, Diff:  0.0, Sum:  0.0, Workers: 4
[5479.927s][debug][gc,phases      ] GC(78)     Dead                           Min: 0, Avg:  0.0, Max: 0, Diff: 0, Sum: 0, Workers: 4
[5479.927s][debug][gc,phases      ] GC(78)     Total                          Min: 0, Avg:  1.0, Max: 4, Diff: 4, Sum: 4, Workers: 4
[5479.927s][debug][gc,phases      ] GC(78)   JVMTI Tag Weak OopStorage      Min:  0.0, Avg:  0.0, Max:  0.0, Diff:  0.0, Sum:  0.0, Workers: 4
[5479.927s][debug][gc,phases      ] GC(78)     Dead                           Min: 0, Avg:  0.0, Max: 0, Diff: 0, Sum: 0, Workers: 4
[5479.927s][debug][gc,phases      ] GC(78)     Total                          Min: 0, Avg:  0.0, Max: 0, Diff: 0, Sum: 0, Workers: 4
[5479.927s][debug][gc,phases      ] GC(78)   StringTable Weak               Min:  0.0, Avg:  0.1, Max:  0.1, Diff:  0.1, Sum:  0.3, Workers: 4
[5479.927s][debug][gc,phases      ] GC(78)     Dead                           Min: 0, Avg:  0.0, Max: 0, Diff: 0, Sum: 0, Workers: 4
[5479.927s][debug][gc,phases      ] GC(78)     Total                          Min: 0, Avg: 11403.5, Max: 19310, Diff: 19310, Sum: 45614, Workers: 4
[5479.927s][debug][gc,phases      ] GC(78)   ResolvedMethodTable Weak       Min:  0.0, Avg:  0.0, Max:  0.0, Diff:  0.0, Sum:  0.1, Workers: 4
[5479.927s][debug][gc,phases      ] GC(78)     Dead                           Min: 0, Avg:  6.0, Max: 20, Diff: 20, Sum: 24, Workers: 4
[5479.927s][debug][gc,phases      ] GC(78)     Total                          Min: 0, Avg: 3726.8, Max: 6412, Diff: 6412, Sum: 14907, Workers: 4
[5479.927s][debug][gc,phases      ] GC(78)   JNI Weak                       Min:  0.0, Avg:  0.0, Max:  0.0, Diff:  0.0, Sum:  0.0, Workers: 4
[5479.927s][debug][gc,phases      ] GC(78)     Dead                           Min: 0, Avg:  0.0, Max: 0, Diff: 0, Sum: 0, Workers: 4
[5479.927s][debug][gc,phases      ] GC(78)     Total                          Min: 0, Avg: 13.0, Max: 52, Diff: 52, Sum: 52, Workers: 4
[5479.927s][debug][gc,phases      ] GC(78)   StringDedup Table Weak         Min:  0.0, Avg:  0.0, Max:  0.0, Diff:  0.0, Sum:  0.0, Workers: 4
[5479.927s][debug][gc,phases      ] GC(78)     Dead                           Min: 0, Avg:  0.0, Max: 0, Diff: 0, Sum: 0, Workers: 4
[5479.927s][debug][gc,phases      ] GC(78)     Total                          Min: 0, Avg:  0.0, Max: 0, Diff: 0, Sum: 0, Workers: 4
[5479.927s][debug][gc,phases      ] GC(78)   StringDedup Requests0 Weak     Min:  0.0, Avg:  0.0, Max:  0.0, Diff:  0.0, Sum:  0.0, Workers: 4
[5479.927s][debug][gc,phases      ] GC(78)     Dead                           Min: 0, Avg:  0.0, Max: 0, Diff: 0, Sum: 0, Workers: 4
[5479.927s][debug][gc,phases      ] GC(78)     Total                          Min: 0, Avg:  0.0, Max: 0, Diff: 0, Sum: 0, Workers: 4
[5479.927s][debug][gc,phases      ] GC(78)   StringDedup Requests1 Weak     Min:  0.0, Avg:  0.0, Max:  0.0, Diff:  0.0, Sum:  0.0, Workers: 4
[5479.927s][debug][gc,phases      ] GC(78)     Dead                           Min: 0, Avg:  0.0, Max: 0, Diff: 0, Sum: 0, Workers: 4
[5479.927s][debug][gc,phases      ] GC(78)     Total                          Min: 0, Avg:  0.0, Max: 0, Diff: 0, Sum: 0, Workers: 4
[5479.927s][debug][gc,phases      ] GC(78)   Weak JFR Old Object Samples    Min:  0.0, Avg:  0.0, Max:  0.0, Diff:  0.0, Sum:  0.0, Workers: 4
[5479.927s][debug][gc,phases      ] GC(78)     Dead                           Min: 0, Avg:  0.0, Max: 0, Diff: 0, Sum: 0, Workers: 4
[5479.927s][debug][gc,phases      ] GC(78)     Total                          Min: 0, Avg:  0.0, Max: 0, Diff: 0, Sum: 0, Workers: 4
[5479.927s][debug][gc,phases      ] GC(78) Weak Processing 0.371ms
[5479.927s][debug][gc,age         ] GC(78) Desired survivor size 23592960 bytes, new threshold 1 (max threshold 15)
[5479.927s][info ][gc,heap        ] GC(78) PSYoungGen: 2053216K(2073088K)->5376K(2071040K) Eden: 2046976K(2046976K)->0K(2046976K) From: 6240K(26112K)->5376K(24064K)
[5479.927s][info ][gc,heap        ] GC(78) ParOldGen: 271019K(408064K)->274711K(408064K)
[5479.927s][info ][gc,metaspace   ] GC(78) Metaspace: 105208K(106624K)->105208K(106624K) NonClass: 89566K(90368K)->89566K(90368K) Class: 15642K(16256K)->15642K(16256K)
[5479.927s][info ][gc             ] GC(78) Pause Young (Allocation Failure) 2269M->273M(2421M) 4.304ms
[5479.927s][info ][gc,cpu         ] GC(78) User=0.02s Sys=0.00s Real=0.00s
[5479.928s][info ][safepoint      ] Safepoint "ParallelGCFailedAllocation", Time since last: 12232510111 ns, Reaching safepoint: 6100 ns, Cleanup: 3700 ns, At safepoint: 4370893 ns, Total: 4380693 ns
[5502.929s][info ][safepoint      ] Safepoint "Cleanup", Time since last: 23001655397 ns, Reaching safepoint: 5100 ns, Cleanup: 8900 ns, At safepoint: 1800 ns, Total: 15800 ns
[5526.708s][info ][safepoint      ] Safepoint "Cleanup", Time since last: 23778867283 ns, Reaching safepoint: 5600 ns, Cleanup: 6200 ns, At safepoint: 2100 ns, Total: 13900 ns
[5538.709s][info ][safepoint      ] Safepoint "Cleanup", Time since last: 12000888535 ns, Reaching safepoint: 5500 ns, Cleanup: 8700 ns, At safepoint: 1900 ns, Total: 16100 ns
[5573.943s][info ][gc,start       ] GC(79) Pause Young (Allocation Failure)
[5573.946s][debug][gc,phases      ] GC(79) Scavenge 3.342ms
[5573.946s][debug][gc,ref         ] GC(79) ReferenceProcessor::execute queues: 1, RefProcThreadModel::Single, marks_oops_alive: false
[5573.946s][debug][gc,ref         ] GC(79) Skipped KeepAliveFinalRefsPhase of Reference Processing: no references
[5573.946s][debug][gc,ref         ] GC(79) ReferenceProcessor::execute queues: 1, RefProcThreadModel::Single, marks_oops_alive: false
[5573.946s][debug][gc,phases      ] GC(79) Reference Processing 0.096ms
[5573.946s][debug][gc,phases      ] GC(79)   VM Weak                        Min:  0.0, Avg:  0.0, Max:  0.0, Diff:  0.0, Sum:  0.0, Workers: 4
[5573.946s][debug][gc,phases      ] GC(79)     Dead                           Min: 0, Avg:  0.0, Max: 0, Diff: 0, Sum: 0, Workers: 4
[5573.946s][debug][gc,phases      ] GC(79)     Total                          Min: 0, Avg: 258.5, Max: 458, Diff: 458, Sum: 1034, Workers: 4
[5573.946s][debug][gc,phases      ] GC(79)   ObjectSynchronizer Weak        Min:  0.0, Avg:  0.0, Max:  0.0, Diff:  0.0, Sum:  0.0, Workers: 4
[5573.946s][debug][gc,phases      ] GC(79)     Dead                           Min: 0, Avg:  0.0, Max: 0, Diff: 0, Sum: 0, Workers: 4
[5573.946s][debug][gc,phases      ] GC(79)     Total                          Min: 0, Avg:  0.8, Max: 3, Diff: 3, Sum: 3, Workers: 4
[5573.946s][debug][gc,phases      ] GC(79)   JVMTI Tag Weak OopStorage      Min:  0.0, Avg:  0.0, Max:  0.0, Diff:  0.0, Sum:  0.0, Workers: 4
[5573.946s][debug][gc,phases      ] GC(79)     Dead                           Min: 0, Avg:  0.0, Max: 0, Diff: 0, Sum: 0, Workers: 4
[5573.946s][debug][gc,phases      ] GC(79)     Total                          Min: 0, Avg:  0.0, Max: 0, Diff: 0, Sum: 0, Workers: 4
[5573.946s][debug][gc,phases      ] GC(79)   StringTable Weak               Min:  0.0, Avg:  0.1, Max:  0.1, Diff:  0.1, Sum:  0.3, Workers: 4
[5573.946s][debug][gc,phases      ] GC(79)     Dead                           Min: 0, Avg:  0.0, Max: 0, Diff: 0, Sum: 0, Workers: 4
[5573.946s][debug][gc,phases      ] GC(79)     Total                          Min: 0, Avg: 11403.5, Max: 20014, Diff: 20014, Sum: 45614, Workers: 4
[5573.946s][debug][gc,phases      ] GC(79)   ResolvedMethodTable Weak       Min:  0.0, Avg:  0.0, Max:  0.0, Diff:  0.0, Sum:  0.1, Workers: 4
[5573.946s][debug][gc,phases      ] GC(79)     Dead                           Min: 0, Avg:  4.0, Max: 16, Diff: 16, Sum: 16, Workers: 4
[5573.946s][debug][gc,phases      ] GC(79)     Total                          Min: 0, Avg: 3726.8, Max: 6355, Diff: 6355, Sum: 14907, Workers: 4
[5573.946s][debug][gc,phases      ] GC(79)   JNI Weak                       Min:  0.0, Avg:  0.0, Max:  0.0, Diff:  0.0, Sum:  0.0, Workers: 4
[5573.946s][debug][gc,phases      ] GC(79)     Dead                           Min: 0, Avg:  0.0, Max: 0, Diff: 0, Sum: 0, Workers: 4
[5573.946s][debug][gc,phases      ] GC(79)     Total                          Min: 0, Avg: 13.0, Max: 52, Diff: 52, Sum: 52, Workers: 4
[5573.946s][debug][gc,phases      ] GC(79)   StringDedup Table Weak         Min:  0.0, Avg:  0.0, Max:  0.0, Diff:  0.0, Sum:  0.0, Workers: 4
[5573.946s][debug][gc,phases      ] GC(79)     Dead                           Min: 0, Avg:  0.0, Max: 0, Diff: 0, Sum: 0, Workers: 4
[5573.946s][debug][gc,phases      ] GC(79)     Total                          Min: 0, Avg:  0.0, Max: 0, Diff: 0, Sum: 0, Workers: 4
[5573.946s][debug][gc,phases      ] GC(79)   StringDedup Requests0 Weak     Min:  0.0, Avg:  0.0, Max:  0.0, Diff:  0.0, Sum:  0.0, Workers: 4
[5573.947s][debug][gc,phases      ] GC(79)     Dead                           Min: 0, Avg:  0.0, Max: 0, Diff: 0, Sum: 0, Workers: 4
[5573.947s][debug][gc,phases      ] GC(79)     Total                          Min: 0, Avg:  0.0, Max: 0, Diff: 0, Sum: 0, Workers: 4
[5573.947s][debug][gc,phases      ] GC(79)   StringDedup Requests1 Weak     Min:  0.0, Avg:  0.0, Max:  0.0, Diff:  0.0, Sum:  0.0, Workers: 4
[5573.947s][debug][gc,phases      ] GC(79)     Dead                           Min: 0, Avg:  0.0, Max: 0, Diff: 0, Sum: 0, Workers: 4
[5573.947s][debug][gc,phases      ] GC(79)     Total                          Min: 0, Avg:  0.0, Max: 0, Diff: 0, Sum: 0, Workers: 4
[5573.947s][debug][gc,phases      ] GC(79)   Weak JFR Old Object Samples    Min:  0.0, Avg:  0.0, Max:  0.0, Diff:  0.0, Sum:  0.0, Workers: 4
[5573.947s][debug][gc,phases      ] GC(79)     Dead                           Min: 0, Avg:  0.0, Max: 0, Diff: 0, Sum: 0, Workers: 4
[5573.947s][debug][gc,phases      ] GC(79)     Total                          Min: 0, Avg:  0.0, Max: 0, Diff: 0, Sum: 0, Workers: 4
[5573.947s][debug][gc,phases      ] GC(79) Weak Processing 0.370ms
[5573.947s][debug][gc,age         ] GC(79) Desired survivor size 22020096 bytes, new threshold 1 (max threshold 15)
[5573.947s][info ][gc,heap        ] GC(79) PSYoungGen: 2052352K(2071040K)->3792K(2075648K) Eden: 2046976K(2046976K)->0K(2052608K) From: 5376K(24064K)->3792K(23040K)
[5573.947s][info ][gc,heap        ] GC(79) ParOldGen: 274711K(408064K)->277279K(408064K)
[5573.947s][info ][gc,metaspace   ] GC(79) Metaspace: 105212K(106624K)->105212K(106624K) NonClass: 89569K(90368K)->89569K(90368K) Class: 15642K(16256K)->15642K(16256K)
[5573.947s][info ][gc             ] GC(79) Pause Young (Allocation Failure) 2272M->274M(2425M) 3.920ms
[5573.947s][info ][gc,cpu         ] GC(79) User=0.01s Sys=0.00s Real=0.00s
[5573.947s][info ][safepoint      ] Safepoint "ParallelGCFailedAllocation", Time since last: 35233656051 ns, Reaching safepoint: 6600 ns, Cleanup: 3800 ns, At safepoint: 3985790 ns, Total: 3996190 ns
[5577.947s][info ][safepoint      ] Safepoint "Cleanup", Time since last: 4000294072 ns, Reaching safepoint: 4600 ns, Cleanup: 12000 ns, At safepoint: 1800 ns, Total: 18400 ns
[5619.950s][info ][safepoint      ] Safepoint "Cleanup", Time since last: 42002928326 ns, Reaching safepoint: 80399 ns, Cleanup: 11400 ns, At safepoint: 6800 ns, Total: 98599 ns
[5627.951s][info ][safepoint      ] Safepoint "Cleanup", Time since last: 8000639089 ns, Reaching safepoint: 79900 ns, Cleanup: 9300 ns, At safepoint: 7600 ns, Total: 96800 ns
[5639.952s][info ][safepoint      ] Safepoint "Cleanup", Time since last: 12000943024 ns, Reaching safepoint: 81500 ns, Cleanup: 10400 ns, At safepoint: 8500 ns, Total: 100400 ns
[5641.744s][info ][safepoint      ] Safepoint "Cleanup", Time since last: 1791895588 ns, Reaching safepoint: 4400 ns, Cleanup: 8300 ns, At safepoint: 2300 ns, Total: 15000 ns
[5644.744s][info ][safepoint      ] Safepoint "Cleanup", Time since last: 3000290457 ns, Reaching safepoint: 6300 ns, Cleanup: 10600 ns, At safepoint: 2600 ns, Total: 19500 ns
[5666.451s][info ][gc,start       ] GC(80) Pause Young (Allocation Failure)
[5666.454s][debug][gc,phases      ] GC(80) Scavenge 2.910ms
[5666.454s][debug][gc,ref         ] GC(80) ReferenceProcessor::execute queues: 1, RefProcThreadModel::Single, marks_oops_alive: false
[5666.454s][debug][gc,ref         ] GC(80) Skipped KeepAliveFinalRefsPhase of Reference Processing: no references
[5666.454s][debug][gc,ref         ] GC(80) Skipped PhantomRefsPhase of Reference Processing: no references
[5666.454s][debug][gc,phases      ] GC(80) Reference Processing 0.104ms
[5666.454s][debug][gc,phases      ] GC(80)   VM Weak                        Min:  0.0, Avg:  0.0, Max:  0.0, Diff:  0.0, Sum:  0.0, Workers: 4
[5666.454s][debug][gc,phases      ] GC(80)     Dead                           Min: 0, Avg:  0.0, Max: 0, Diff: 0, Sum: 0, Workers: 4
[5666.454s][debug][gc,phases      ] GC(80)     Total                          Min: 128, Avg: 258.5, Max: 448, Diff: 320, Sum: 1034, Workers: 4
[5666.454s][debug][gc,phases      ] GC(80)   ObjectSynchronizer Weak        Min:  0.0, Avg:  0.0, Max:  0.0, Diff:  0.0, Sum:  0.0, Workers: 4
[5666.454s][debug][gc,phases      ] GC(80)     Dead                           Min: 0, Avg:  0.0, Max: 0, Diff: 0, Sum: 0, Workers: 4
[5666.454s][debug][gc,phases      ] GC(80)     Total                          Min: 0, Avg:  1.0, Max: 4, Diff: 4, Sum: 4, Workers: 4
[5666.454s][debug][gc,phases      ] GC(80)   JVMTI Tag Weak OopStorage      Min:  0.0, Avg:  0.0, Max:  0.0, Diff:  0.0, Sum:  0.0, Workers: 4
[5666.454s][debug][gc,phases      ] GC(80)     Dead                           Min: 0, Avg:  0.0, Max: 0, Diff: 0, Sum: 0, Workers: 4
[5666.454s][debug][gc,phases      ] GC(80)     Total                          Min: 0, Avg:  0.0, Max: 0, Diff: 0, Sum: 0, Workers: 4
[5666.454s][debug][gc,phases      ] GC(80)   StringTable Weak               Min:  0.1, Avg:  0.1, Max:  0.1, Diff:  0.0, Sum:  0.4, Workers: 4
[5666.454s][debug][gc,phases      ] GC(80)     Dead                           Min: 0, Avg:  0.0, Max: 0, Diff: 0, Sum: 0, Workers: 4
[5666.454s][debug][gc,phases      ] GC(80)     Total                          Min: 11200, Avg: 11404.0, Max: 11648, Diff: 448, Sum: 45616, Workers: 4
[5666.454s][debug][gc,phases      ] GC(80)   ResolvedMethodTable Weak       Min:  0.0, Avg:  0.0, Max:  0.0, Diff:  0.0, Sum:  0.1, Workers: 4
[5666.454s][debug][gc,phases      ] GC(80)     Dead                           Min: 0, Avg:  4.0, Max: 16, Diff: 16, Sum: 16, Workers: 4
[5666.454s][debug][gc,phases      ] GC(80)     Total                          Min: 3516, Avg: 3726.8, Max: 3926, Diff: 410, Sum: 14907, Workers: 4
[5666.454s][debug][gc,phases      ] GC(80)   JNI Weak                       Min:  0.0, Avg:  0.0, Max:  0.0, Diff:  0.0, Sum:  0.0, Workers: 4
[5666.454s][debug][gc,phases      ] GC(80)     Dead                           Min: 0, Avg:  0.0, Max: 0, Diff: 0, Sum: 0, Workers: 4
[5666.454s][debug][gc,phases      ] GC(80)     Total                          Min: 0, Avg: 13.0, Max: 52, Diff: 52, Sum: 52, Workers: 4
[5666.454s][debug][gc,phases      ] GC(80)   StringDedup Table Weak         Min:  0.0, Avg:  0.0, Max:  0.0, Diff:  0.0, Sum:  0.0, Workers: 4
[5666.454s][debug][gc,phases      ] GC(80)     Dead                           Min: 0, Avg:  0.0, Max: 0, Diff: 0, Sum: 0, Workers: 4
[5666.454s][debug][gc,phases      ] GC(80)     Total                          Min: 0, Avg:  0.0, Max: 0, Diff: 0, Sum: 0, Workers: 4
[5666.454s][debug][gc,phases      ] GC(80)   StringDedup Requests0 Weak     Min:  0.0, Avg:  0.0, Max:  0.0, Diff:  0.0, Sum:  0.0, Workers: 4
[5666.454s][debug][gc,phases      ] GC(80)     Dead                           Min: 0, Avg:  0.0, Max: 0, Diff: 0, Sum: 0, Workers: 4
[5666.454s][debug][gc,phases      ] GC(80)     Total                          Min: 0, Avg:  0.0, Max: 0, Diff: 0, Sum: 0, Workers: 4
[5666.454s][debug][gc,phases      ] GC(80)   StringDedup Requests1 Weak     Min:  0.0, Avg:  0.0, Max:  0.0, Diff:  0.0, Sum:  0.0, Workers: 4
[5666.454s][debug][gc,phases      ] GC(80)     Dead                           Min: 0, Avg:  0.0, Max: 0, Diff: 0, Sum: 0, Workers: 4
[5666.454s][debug][gc,phases      ] GC(80)     Total                          Min: 0, Avg:  0.0, Max: 0, Diff: 0, Sum: 0, Workers: 4
[5666.454s][debug][gc,phases      ] GC(80)   Weak JFR Old Object Samples    Min:  0.0, Avg:  0.0, Max:  0.0, Diff:  0.0, Sum:  0.0, Workers: 4
[5666.454s][debug][gc,phases      ] GC(80)     Dead                           Min: 0, Avg:  0.0, Max: 0, Diff: 0, Sum: 0, Workers: 4
[5666.454s][debug][gc,phases      ] GC(80)     Total                          Min: 0, Avg:  0.0, Max: 0, Diff: 0, Sum: 0, Workers: 4
[5666.454s][debug][gc,phases      ] GC(80) Weak Processing 0.350ms
[5666.454s][debug][gc,age         ] GC(80) Desired survivor size 20971520 bytes, new threshold 1 (max threshold 15)
[5666.454s][info ][gc,heap        ] GC(80) PSYoungGen: 2056400K(2075648K)->3376K(2074112K) Eden: 2052608K(2052608K)->0K(2052608K) From: 3792K(23040K)->3376K(21504K)
[5666.454s][info ][gc,heap        ] GC(80) ParOldGen: 277279K(408064K)->278103K(408064K)
[5666.454s][info ][gc,metaspace   ] GC(80) Metaspace: 105215K(106624K)->105215K(106624K) NonClass: 89572K(90368K)->89572K(90368K) Class: 15642K(16256K)->15642K(16256K)
[5666.454s][info ][gc             ] GC(80) Pause Young (Allocation Failure) 2278M->274M(2424M) 3.477ms
[5666.454s][info ][gc,cpu         ] GC(80) User=0.01s Sys=0.00s Real=0.00s
[5666.454s][info ][safepoint      ] Safepoint "ParallelGCFailedAllocation", Time since last: 21706686649 ns, Reaching safepoint: 78800 ns, Cleanup: 4300 ns, At safepoint: 3544195 ns, Total: 3627295 ns
[5670.455s][info ][safepoint      ] Safepoint "Cleanup", Time since last: 4000294186 ns, Reaching safepoint: 5800 ns, Cleanup: 12200 ns, At safepoint: 2100 ns, Total: 20100 ns
[5711.762s][info ][safepoint      ] Safepoint "Cleanup", Time since last: 41307453573 ns, Reaching safepoint: 4700 ns, Cleanup: 8100 ns, At safepoint: 1600 ns, Total: 14400 ns
[5714.762s][info ][safepoint      ] Safepoint "Cleanup", Time since last: 3000241388 ns, Reaching safepoint: 6200 ns, Cleanup: 9300 ns, At safepoint: 2500 ns, Total: 18000 ns
[5726.763s][info ][safepoint      ] Safepoint "Cleanup", Time since last: 12000924281 ns, Reaching safepoint: 6400 ns, Cleanup: 9900 ns, At safepoint: 2100 ns, Total: 18400 ns
[5731.764s][info ][safepoint      ] Safepoint "Cleanup", Time since last: 5000410432 ns, Reaching safepoint: 7500 ns, Cleanup: 11300 ns, At safepoint: 27200 ns, Total: 46000 ns
[5751.978s][info ][gc,start       ] GC(81) Pause Young (Allocation Failure)
[5751.982s][debug][gc,phases      ] GC(81) Scavenge 3.688ms
[5751.982s][debug][gc,ref         ] GC(81) ReferenceProcessor::execute queues: 1, RefProcThreadModel::Single, marks_oops_alive: false
[5751.982s][debug][gc,ref         ] GC(81) Skipped KeepAliveFinalRefsPhase of Reference Processing: no references
[5751.982s][debug][gc,ref         ] GC(81) ReferenceProcessor::execute queues: 1, RefProcThreadModel::Single, marks_oops_alive: false
[5751.982s][debug][gc,phases      ] GC(81) Reference Processing 0.124ms
[5751.982s][debug][gc,phases      ] GC(81)   VM Weak                        Min:  0.0, Avg:  0.0, Max:  0.0, Diff:  0.0, Sum:  0.0, Workers: 4
[5751.982s][debug][gc,phases      ] GC(81)     Dead                           Min: 0, Avg:  0.0, Max: 0, Diff: 0, Sum: 0, Workers: 4
[5751.982s][debug][gc,phases      ] GC(81)     Total                          Min: 0, Avg: 258.5, Max: 970, Diff: 970, Sum: 1034, Workers: 4
[5751.982s][debug][gc,phases      ] GC(81)   ObjectSynchronizer Weak        Min:  0.0, Avg:  0.0, Max:  0.0, Diff:  0.0, Sum:  0.0, Workers: 4
[5751.982s][debug][gc,phases      ] GC(81)     Dead                           Min: 0, Avg:  0.0, Max: 0, Diff: 0, Sum: 0, Workers: 4
[5751.982s][debug][gc,phases      ] GC(81)     Total                          Min: 0, Avg:  1.0, Max: 4, Diff: 4, Sum: 4, Workers: 4
[5751.982s][debug][gc,phases      ] GC(81)   JVMTI Tag Weak OopStorage      Min:  0.0, Avg:  0.0, Max:  0.0, Diff:  0.0, Sum:  0.0, Workers: 4
[5751.982s][debug][gc,phases      ] GC(81)     Dead                           Min: 0, Avg:  0.0, Max: 0, Diff: 0, Sum: 0, Workers: 4
[5751.982s][debug][gc,phases      ] GC(81)     Total                          Min: 0, Avg:  0.0, Max: 0, Diff: 0, Sum: 0, Workers: 4
[5751.982s][debug][gc,phases      ] GC(81)   StringTable Weak               Min:  0.0, Avg:  0.1, Max:  0.2, Diff:  0.2, Sum:  0.5, Workers: 4
[5751.982s][debug][gc,phases      ] GC(81)     Dead                           Min: 0, Avg:  0.0, Max: 0, Diff: 0, Sum: 0, Workers: 4
[5751.982s][debug][gc,phases      ] GC(81)     Total                          Min: 0, Avg: 11404.0, Max: 19648, Diff: 19648, Sum: 45616, Workers: 4
[5751.982s][debug][gc,phases      ] GC(81)   ResolvedMethodTable Weak       Min:  0.0, Avg:  0.0, Max:  0.1, Diff:  0.1, Sum:  0.2, Workers: 4
[5751.982s][debug][gc,phases      ] GC(81)     Dead                           Min: 0, Avg:  4.0, Max: 16, Diff: 16, Sum: 16, Workers: 4
[5751.982s][debug][gc,phases      ] GC(81)     Total                          Min: 0, Avg: 3726.8, Max: 6461, Diff: 6461, Sum: 14907, Workers: 4
[5751.982s][debug][gc,phases      ] GC(81)   JNI Weak                       Min:  0.0, Avg:  0.0, Max:  0.0, Diff:  0.0, Sum:  0.0, Workers: 4
[5751.982s][debug][gc,phases      ] GC(81)     Dead                           Min: 0, Avg:  0.0, Max: 0, Diff: 0, Sum: 0, Workers: 4
[5751.982s][debug][gc,phases      ] GC(81)     Total                          Min: 0, Avg: 13.0, Max: 52, Diff: 52, Sum: 52, Workers: 4
[5751.982s][debug][gc,phases      ] GC(81)   StringDedup Table Weak         Min:  0.0, Avg:  0.0, Max:  0.0, Diff:  0.0, Sum:  0.0, Workers: 4
[5751.982s][debug][gc,phases      ] GC(81)     Dead                           Min: 0, Avg:  0.0, Max: 0, Diff: 0, Sum: 0, Workers: 4
[5751.982s][debug][gc,phases      ] GC(81)     Total                          Min: 0, Avg:  0.0, Max: 0, Diff: 0, Sum: 0, Workers: 4
[5751.982s][debug][gc,phases      ] GC(81)   StringDedup Requests0 Weak     Min:  0.0, Avg:  0.0, Max:  0.0, Diff:  0.0, Sum:  0.0, Workers: 4
[5751.982s][debug][gc,phases      ] GC(81)     Dead                           Min: 0, Avg:  0.0, Max: 0, Diff: 0, Sum: 0, Workers: 4
[5751.982s][debug][gc,phases      ] GC(81)     Total                          Min: 0, Avg:  0.0, Max: 0, Diff: 0, Sum: 0, Workers: 4
[5751.982s][debug][gc,phases      ] GC(81)   StringDedup Requests1 Weak     Min:  0.0, Avg:  0.0, Max:  0.0, Diff:  0.0, Sum:  0.0, Workers: 4
[5751.982s][debug][gc,phases      ] GC(81)     Dead                           Min: 0, Avg:  0.0, Max: 0, Diff: 0, Sum: 0, Workers: 4
[5751.982s][debug][gc,phases      ] GC(81)     Total                          Min: 0, Avg:  0.0, Max: 0, Diff: 0, Sum: 0, Workers: 4
[5751.982s][debug][gc,phases      ] GC(81)   Weak JFR Old Object Samples    Min:  0.0, Avg:  0.0, Max:  0.0, Diff:  0.0, Sum:  0.0, Workers: 4
[5751.982s][debug][gc,phases      ] GC(81)     Dead                           Min: 0, Avg:  0.0, Max: 0, Diff: 0, Sum: 0, Workers: 4
[5751.982s][debug][gc,phases      ] GC(81)     Total                          Min: 0, Avg:  0.0, Max: 0, Diff: 0, Sum: 0, Workers: 4
[5751.982s][debug][gc,phases      ] GC(81) Weak Processing 0.438ms
[5751.982s][debug][gc,age         ] GC(81) Desired survivor size 19922944 bytes, new threshold 1 (max threshold 15)
[5751.982s][info ][gc,heap        ] GC(81) PSYoungGen: 2055984K(2074112K)->5120K(2077696K) Eden: 2052608K(2052608K)->0K(2057216K) From: 3376K(21504K)->5120K(20480K)
[5751.982s][info ][gc,heap        ] GC(81) ParOldGen: 278103K(408064K)->279019K(408064K)
[5751.982s][info ][gc,metaspace   ] GC(81) Metaspace: 105225K(106624K)->105225K(106624K) NonClass: 89583K(90368K)->89583K(90368K) Class: 15642K(16256K)->15642K(16256K)
[5751.982s][info ][gc             ] GC(81) Pause Young (Allocation Failure) 2279M->277M(2427M) 4.388ms
[5751.983s][info ][gc,cpu         ] GC(81) User=0.02s Sys=0.00s Real=0.01s
[5751.983s][info ][safepoint      ] Safepoint "ParallelGCFailedAllocation", Time since last: 20214350732 ns, Reaching safepoint: 7900 ns, Cleanup: 4400 ns, At safepoint: 4475295 ns, Total: 4487595 ns
[5752.983s][info ][safepoint      ] Safepoint "Cleanup", Time since last: 1000086872 ns, Reaching safepoint: 6100 ns, Cleanup: 8600 ns, At safepoint: 2100 ns, Total: 16800 ns
[5791.781s][info ][safepoint      ] Safepoint "Cleanup", Time since last: 38798441571 ns, Reaching safepoint: 6000 ns, Cleanup: 9400 ns, At safepoint: 2300 ns, Total: 17700 ns
[5815.783s][info ][safepoint      ] Safepoint "Cleanup", Time since last: 24001793555 ns, Reaching safepoint: 5400 ns, Cleanup: 9000 ns, At safepoint: 1700 ns, Total: 16100 ns
[5817.783s][info ][safepoint      ] Safepoint "Cleanup", Time since last: 2000233648 ns, Reaching safepoint: 6400 ns, Cleanup: 11700 ns, At safepoint: 2100 ns, Total: 20200 ns
[5837.798s][info ][safepoint      ] Safepoint "Cleanup", Time since last: 20014662820 ns, Reaching safepoint: 6900 ns, Cleanup: 8300 ns, At safepoint: 2100 ns, Total: 17300 ns
[5846.779s][info ][gc,start       ] GC(82) Pause Young (Allocation Failure)
[5846.783s][debug][gc,phases      ] GC(82) Scavenge 3.035ms
[5846.783s][debug][gc,ref         ] GC(82) ReferenceProcessor::execute queues: 1, RefProcThreadModel::Single, marks_oops_alive: false
[5846.783s][debug][gc,ref         ] GC(82) Skipped KeepAliveFinalRefsPhase of Reference Processing: no references
[5846.783s][debug][gc,ref         ] GC(82) ReferenceProcessor::execute queues: 1, RefProcThreadModel::Single, marks_oops_alive: false
[5846.783s][debug][gc,phases      ] GC(82) Reference Processing 0.105ms
[5846.783s][debug][gc,phases      ] GC(82)   VM Weak                        Min:  0.0, Avg:  0.0, Max:  0.0, Diff:  0.0, Sum:  0.0, Workers: 4
[5846.783s][debug][gc,phases      ] GC(82)     Dead                           Min: 0, Avg:  0.0, Max: 0, Diff: 0, Sum: 0, Workers: 4
[5846.783s][debug][gc,phases      ] GC(82)     Total                          Min: 0, Avg: 258.5, Max: 704, Diff: 704, Sum: 1034, Workers: 4
[5846.783s][debug][gc,phases      ] GC(82)   ObjectSynchronizer Weak        Min:  0.0, Avg:  0.0, Max:  0.0, Diff:  0.0, Sum:  0.0, Workers: 4
[5846.783s][debug][gc,phases      ] GC(82)     Dead                           Min: 0, Avg:  0.0, Max: 0, Diff: 0, Sum: 0, Workers: 4
[5846.783s][debug][gc,phases      ] GC(82)     Total                          Min: 0, Avg:  0.8, Max: 3, Diff: 3, Sum: 3, Workers: 4
[5846.783s][debug][gc,phases      ] GC(82)   JVMTI Tag Weak OopStorage      Min:  0.0, Avg:  0.0, Max:  0.0, Diff:  0.0, Sum:  0.0, Workers: 4
[5846.783s][debug][gc,phases      ] GC(82)     Dead                           Min: 0, Avg:  0.0, Max: 0, Diff: 0, Sum: 0, Workers: 4
[5846.783s][debug][gc,phases      ] GC(82)     Total                          Min: 0, Avg:  0.0, Max: 0, Diff: 0, Sum: 0, Workers: 4
[5846.783s][debug][gc,phases      ] GC(82)   StringTable Weak               Min:  0.1, Avg:  0.1, Max:  0.1, Diff:  0.0, Sum:  0.4, Workers: 4
[5846.783s][debug][gc,phases      ] GC(82)     Dead                           Min: 0, Avg:  0.0, Max: 0, Diff: 0, Sum: 0, Workers: 4
[5846.783s][debug][gc,phases      ] GC(82)     Total                          Min: 10864, Avg: 11404.0, Max: 11840, Diff: 976, Sum: 45616, Workers: 4
[5846.783s][debug][gc,phases      ] GC(82)   ResolvedMethodTable Weak       Min:  0.0, Avg:  0.0, Max:  0.0, Diff:  0.0, Sum:  0.1, Workers: 4
[5846.783s][debug][gc,phases      ] GC(82)     Dead                           Min: 0, Avg:  4.0, Max: 16, Diff: 16, Sum: 16, Workers: 4
[5846.783s][debug][gc,phases      ] GC(82)     Total                          Min: 3467, Avg: 3726.8, Max: 4065, Diff: 598, Sum: 14907, Workers: 4
[5846.783s][debug][gc,phases      ] GC(82)   JNI Weak                       Min:  0.0, Avg:  0.0, Max:  0.0, Diff:  0.0, Sum:  0.0, Workers: 4
[5846.783s][debug][gc,phases      ] GC(82)     Dead                           Min: 0, Avg:  0.0, Max: 0, Diff: 0, Sum: 0, Workers: 4
[5846.783s][debug][gc,phases      ] GC(82)     Total                          Min: 0, Avg: 13.0, Max: 52, Diff: 52, Sum: 52, Workers: 4
[5846.783s][debug][gc,phases      ] GC(82)   StringDedup Table Weak         Min:  0.0, Avg:  0.0, Max:  0.0, Diff:  0.0, Sum:  0.0, Workers: 4
[5846.783s][debug][gc,phases      ] GC(82)     Dead                           Min: 0, Avg:  0.0, Max: 0, Diff: 0, Sum: 0, Workers: 4
[5846.783s][debug][gc,phases      ] GC(82)     Total                          Min: 0, Avg:  0.0, Max: 0, Diff: 0, Sum: 0, Workers: 4
[5846.783s][debug][gc,phases      ] GC(82)   StringDedup Requests0 Weak     Min:  0.0, Avg:  0.0, Max:  0.0, Diff:  0.0, Sum:  0.0, Workers: 4
[5846.783s][debug][gc,phases      ] GC(82)     Dead                           Min: 0, Avg:  0.0, Max: 0, Diff: 0, Sum: 0, Workers: 4
[5846.783s][debug][gc,phases      ] GC(82)     Total                          Min: 0, Avg:  0.0, Max: 0, Diff: 0, Sum: 0, Workers: 4
[5846.783s][debug][gc,phases      ] GC(82)   StringDedup Requests1 Weak     Min:  0.0, Avg:  0.0, Max:  0.0, Diff:  0.0, Sum:  0.0, Workers: 4
[5846.783s][debug][gc,phases      ] GC(82)     Dead                           Min: 0, Avg:  0.0, Max: 0, Diff: 0, Sum: 0, Workers: 4
[5846.783s][debug][gc,phases      ] GC(82)     Total                          Min: 0, Avg:  0.0, Max: 0, Diff: 0, Sum: 0, Workers: 4
[5846.783s][debug][gc,phases      ] GC(82)   Weak JFR Old Object Samples    Min:  0.0, Avg:  0.0, Max:  0.0, Diff:  0.0, Sum:  0.0, Workers: 4
[5846.783s][debug][gc,phases      ] GC(82)     Dead                           Min: 0, Avg:  0.0, Max: 0, Diff: 0, Sum: 0, Workers: 4
[5846.783s][debug][gc,phases      ] GC(82)     Total                          Min: 0, Avg:  0.0, Max: 0, Diff: 0, Sum: 0, Workers: 4
[5846.783s][debug][gc,phases      ] GC(82) Weak Processing 0.412ms
[5846.783s][debug][gc,age         ] GC(82) Desired survivor size 18874368 bytes, new threshold 1 (max threshold 15)
[5846.783s][info ][gc,heap        ] GC(82) PSYoungGen: 2062336K(2077696K)->3376K(2076672K) Eden: 2057216K(2057216K)->0K(2057216K) From: 5120K(20480K)->3376K(19456K)
[5846.783s][info ][gc,heap        ] GC(82) ParOldGen: 279019K(408064K)->281655K(408064K)
[5846.783s][info ][gc,metaspace   ] GC(82) Metaspace: 105229K(106624K)->105229K(106624K) NonClass: 89587K(90368K)->89587K(90368K) Class: 15642K(16256K)->15642K(16256K)
[5846.783s][info ][gc             ] GC(82) Pause Young (Allocation Failure) 2286M->278M(2426M) 3.671ms
[5846.783s][info ][gc,cpu         ] GC(82) User=0.02s Sys=0.00s Real=0.01s
[5846.783s][info ][safepoint      ] Safepoint "ParallelGCFailedAllocation", Time since last: 8981494311 ns, Reaching safepoint: 82200 ns, Cleanup: 4000 ns, At safepoint: 3746997 ns, Total: 3833197 ns
[5851.784s][info ][safepoint      ] Safepoint "Cleanup", Time since last: 5000364361 ns, Reaching safepoint: 5800 ns, Cleanup: 27800 ns, At safepoint: 2400 ns, Total: 36000 ns
[5866.785s][info ][safepoint      ] Safepoint "Cleanup", Time since last: 15001143872 ns, Reaching safepoint: 6200 ns, Cleanup: 9900 ns, At safepoint: 2100 ns, Total: 18200 ns
[5886.786s][info ][safepoint      ] Safepoint "Cleanup", Time since last: 20001515013 ns, Reaching safepoint: 6500 ns, Cleanup: 10800 ns, At safepoint: 25200 ns, Total: 42500 ns
[5913.788s][info ][safepoint      ] Safepoint "Cleanup", Time since last: 27001997110 ns, Reaching safepoint: 6200 ns, Cleanup: 9900 ns, At safepoint: 1900 ns, Total: 18000 ns
[5925.789s][info ][safepoint      ] Safepoint "Cleanup", Time since last: 12000961251 ns, Reaching safepoint: 6400 ns, Cleanup: 27200 ns, At safepoint: 2000 ns, Total: 35600 ns
[5927.790s][info ][safepoint      ] Safepoint "Cleanup", Time since last: 2000202726 ns, Reaching safepoint: 6700 ns, Cleanup: 14100 ns, At safepoint: 1800 ns, Total: 22600 ns
[6045.276s][info ][safepoint      ] Safepoint "JFRCheckpoint", Time since last: 117485626347 ns, Reaching safepoint: 570800 ns, Cleanup: 21200 ns, At safepoint: 25300 ns, Total: 617300 ns
[6045.280s][info ][gc,heap,exit   ] Heap
[6045.280s][info ][gc,heap,exit   ]  PSYoungGen      total 2076672K, used 1836225K [0x0000000780000000, 0x0000000800000000, 0x0000000800000000)
[6045.280s][info ][gc,heap,exit   ]   eden space 2057216K, 89% used [0x0000000780000000,0x00000007efde46a0,0x00000007fd900000)
[6045.280s][info ][gc,heap,exit   ]   from space 19456K, 17% used [0x00000007fd900000,0x00000007fdc4c150,0x00000007fec00000)
[6045.280s][info ][gc,heap,exit   ]   to   space 18432K, 0% used [0x00000007fee00000,0x00000007fee00000,0x0000000800000000)
[6045.280s][info ][gc,heap,exit   ]  ParOldGen       total 408064K, used 281655K [0x00000006c0000000, 0x00000006d8e80000, 0x0000000780000000)
[6045.280s][info ][gc,heap,exit   ]   object space 408064K, 69% used [0x00000006c0000000,0x00000006d130df38,0x00000006d8e80000)
[6045.280s][info ][gc,heap,exit   ]  Metaspace       used 105328K, committed 106688K, reserved 1179648K
[6045.280s][info ][gc,heap,exit   ]   class space    used 15655K, committed 16256K, reserved 1048576K
