[0.003s][info][gc,init] CardTable entry size: 512
[0.003s][info][gc     ] Using Parallel
[0.005s][info][gc,init] Version: 21.0.6+7-LTS (release)
[0.005s][info][gc,init] CPUs: 4 total, 4 available
[0.005s][info][gc,init] Memory: 15991M
[0.005s][info][gc,init] Large Page Support: Disabled
[0.005s][info][gc,init] NUMA Support: Disabled
[0.005s][info][gc,init] Compressed Oops: Enabled (Zero based)
[0.005s][info][gc,init] Alignments: Space 512K, Generation 512K, Heap 2M
[0.005s][info][gc,init] Heap Min Capacity: 2054M
[0.005s][info][gc,init] Heap Initial Capacity: 2054M
[0.005s][info][gc,init] Heap Max Capacity: 5G
[0.005s][info][gc,init] Pre-touch: Disabled
[0.005s][info][gc,init] Parallel Workers: 4
[0.012s][info][gc,metaspace] CDS archive(s) mapped at: [0x00007efde5000000-0x00007efde5c97000-0x00007efde5c97000), size 13201408, SharedBaseAddress: 0x00007efde5000000, ArchiveRelocationMode: 1.
[0.012s][info][gc,metaspace] Compressed class space mapped at: 0x00007efde6000000-0x00007efe26000000, reserved size: 1073741824
[0.012s][info][gc,metaspace] Narrow klass base: 0x00007efde5000000, Narrow klass shift: 0, Narrow klass range: 0x100000000
[0.282s][info][safepoint   ] Safepoint "ICBufferFull", Time since last: 264378466 ns, Reaching safepoint: 3300 ns, Cleanup: 106400 ns, At safepoint: 7100 ns, Total: 116800 ns
[0.408s][info][safepoint   ] Safepoint "RedefineClasses", Time since last: 120988693 ns, Reaching safepoint: 3200 ns, Cleanup: 61700 ns, At safepoint: 4661896 ns, Total: 4726796 ns
[0.526s][info][safepoint   ] Safepoint "JFRCheckpoint", Time since last: 117410096 ns, Reaching safepoint: 2700 ns, Cleanup: 51500 ns, At safepoint: 7400 ns, Total: 61600 ns
[1.306s][info][safepoint   ] Safepoint "ICBufferFull", Time since last: 780575111 ns, Reaching safepoint: 87000 ns, Cleanup: 121599 ns, At safepoint: 7100 ns, Total: 215699 ns
[1.720s][info][safepoint   ] Safepoint "ICBufferFull", Time since last: 413353635 ns, Reaching safepoint: 80700 ns, Cleanup: 141000 ns, At safepoint: 8400 ns, Total: 230100 ns
[1.930s][info][gc,start    ] GC(0) Pause Young (Metadata GC Threshold)
[1.945s][debug][gc,phases   ] GC(0) Scavenge 15.086ms
[1.945s][debug][gc,ref      ] GC(0) ReferenceProcessor::execute queues: 2, RefProcThreadModel::Multi, marks_oops_alive: false
[1.946s][debug][gc,ref      ] GC(0) ReferenceProcessor::execute queues: 4, RefProcThreadModel::Multi, marks_oops_alive: true
[1.946s][debug][gc,ref      ] GC(0) ReferenceProcessor::execute queues: 1, RefProcThreadModel::Single, marks_oops_alive: false
[1.946s][debug][gc,phases   ] GC(0) Reference Processing 0.357ms
[1.946s][debug][gc,phases   ] GC(0)   VM Weak                        Min:  0.0, Avg:  0.0, Max:  0.0, Diff:  0.0, Sum:  0.0, Workers: 4
[1.946s][debug][gc,phases   ] GC(0)     Dead                           Min: 0, Avg:  0.0, Max: 0, Diff: 0, Sum: 0, Workers: 4
[1.946s][debug][gc,phases   ] GC(0)     Total                          Min: 0, Avg: 59.8, Max: 128, Diff: 128, Sum: 239, Workers: 4
[1.946s][debug][gc,phases   ] GC(0)   ObjectSynchronizer Weak        Min:  0.0, Avg:  0.0, Max:  0.0, Diff:  0.0, Sum:  0.0, Workers: 4
[1.946s][debug][gc,phases   ] GC(0)     Dead                           Min: 0, Avg:  0.2, Max: 1, Diff: 1, Sum: 1, Workers: 4
[1.946s][debug][gc,phases   ] GC(0)     Total                          Min: 0, Avg:  2.5, Max: 10, Diff: 10, Sum: 10, Workers: 4
[1.946s][debug][gc,phases   ] GC(0)   JVMTI Tag Weak OopStorage      Min:  0.0, Avg:  0.0, Max:  0.0, Diff:  0.0, Sum:  0.0, Workers: 4
[1.946s][debug][gc,phases   ] GC(0)     Dead                           Min: 0, Avg:  0.0, Max: 0, Diff: 0, Sum: 0, Workers: 4
[1.946s][debug][gc,phases   ] GC(0)     Total                          Min: 0, Avg:  0.0, Max: 0, Diff: 0, Sum: 0, Workers: 4
[1.946s][debug][gc,phases   ] GC(0)   StringTable Weak               Min:  0.0, Avg:  0.0, Max:  0.1, Diff:  0.1, Sum:  0.2, Workers: 4
[1.946s][debug][gc,phases   ] GC(0)     Dead                           Min: 0, Avg:  7.8, Max: 21, Diff: 21, Sum: 31, Workers: 4
[1.946s][debug][gc,phases   ] GC(0)     Total                          Min: 0, Avg: 1972.2, Max: 2880, Diff: 2880, Sum: 7889, Workers: 4
[1.946s][debug][gc,phases   ] GC(0)   ResolvedMethodTable Weak       Min:  0.0, Avg:  0.0, Max:  0.0, Diff:  0.0, Sum:  0.0, Workers: 4
[1.946s][debug][gc,phases   ] GC(0)     Dead                           Min: 0, Avg: 89.0, Max: 135, Diff: 135, Sum: 356, Workers: 4
[1.946s][debug][gc,phases   ] GC(0)     Total                          Min: 0, Avg: 453.5, Max: 790, Diff: 790, Sum: 1814, Workers: 4
[1.946s][debug][gc,phases   ] GC(0)   JNI Weak                       Min:  0.0, Avg:  0.0, Max:  0.0, Diff:  0.0, Sum:  0.0, Workers: 4
[1.946s][debug][gc,phases   ] GC(0)     Dead                           Min: 0, Avg:  0.0, Max: 0, Diff: 0, Sum: 0, Workers: 4
[1.946s][debug][gc,phases   ] GC(0)     Total                          Min: 0, Avg: 12.0, Max: 48, Diff: 48, Sum: 48, Workers: 4
[1.946s][debug][gc,phases   ] GC(0)   StringDedup Table Weak         Min:  0.0, Avg:  0.0, Max:  0.0, Diff:  0.0, Sum:  0.0, Workers: 4
[1.946s][debug][gc,phases   ] GC(0)     Dead                           Min: 0, Avg:  0.0, Max: 0, Diff: 0, Sum: 0, Workers: 4
[1.946s][debug][gc,phases   ] GC(0)     Total                          Min: 0, Avg:  0.0, Max: 0, Diff: 0, Sum: 0, Workers: 4
[1.946s][debug][gc,phases   ] GC(0)   StringDedup Requests0 Weak     Min:  0.0, Avg:  0.0, Max:  0.0, Diff:  0.0, Sum:  0.0, Workers: 4
[1.946s][debug][gc,phases   ] GC(0)     Dead                           Min: 0, Avg:  0.0, Max: 0, Diff: 0, Sum: 0, Workers: 4
[1.946s][debug][gc,phases   ] GC(0)     Total                          Min: 0, Avg:  0.0, Max: 0, Diff: 0, Sum: 0, Workers: 4
[1.946s][debug][gc,phases   ] GC(0)   StringDedup Requests1 Weak     Min:  0.0, Avg:  0.0, Max:  0.0, Diff:  0.0, Sum:  0.0, Workers: 4
[1.946s][debug][gc,phases   ] GC(0)     Dead                           Min: 0, Avg:  0.0, Max: 0, Diff: 0, Sum: 0, Workers: 4
[1.946s][debug][gc,phases   ] GC(0)     Total                          Min: 0, Avg:  0.0, Max: 0, Diff: 0, Sum: 0, Workers: 4
[1.946s][debug][gc,phases   ] GC(0)   Weak JFR Old Object Samples    Min:  0.0, Avg:  0.0, Max:  0.0, Diff:  0.0, Sum:  0.0, Workers: 4
[1.946s][debug][gc,phases   ] GC(0)     Dead                           Min: 0, Avg:  0.0, Max: 0, Diff: 0, Sum: 0, Workers: 4
[1.946s][debug][gc,phases   ] GC(0)     Total                          Min: 0, Avg:  0.0, Max: 0, Diff: 0, Sum: 0, Workers: 4
[1.946s][debug][gc,phases   ] GC(0) Weak Processing 0.297ms
[1.946s][debug][gc,age      ] GC(0) Desired survivor size 536870912 bytes, new threshold 7 (max threshold 15)
[1.946s][info ][gc,heap     ] GC(0) PSYoungGen: 391206K(1572864K)->37391K(1572864K) Eden: 391206K(1048576K)->0K(1048576K) From: 0K(524288K)->37391K(524288K)
[1.946s][info ][gc,heap     ] GC(0) ParOldGen: 1073K(6144K)->1145K(6144K)
[1.946s][info ][gc,metaspace] GC(0) Metaspace: 21084K(21504K)->21084K(21504K) NonClass: 18794K(19008K)->18794K(19008K) Class: 2290K(2496K)->2290K(2496K)
[1.946s][info ][gc          ] GC(0) Pause Young (Metadata GC Threshold) 383M->37M(1542M) 16.089ms
[1.946s][info ][gc,cpu      ] GC(0) User=0.04s Sys=0.01s Real=0.02s
[1.946s][debug][gc,phases   ] GC(1) Pre Compact 0.009ms
[1.946s][info ][gc,start    ] GC(1) Pause Full (Metadata GC Threshold)
[1.946s][info ][gc,phases,start] GC(1) Marking Phase
[1.957s][debug][gc,phases      ] GC(1) Par Mark 10.532ms
[1.957s][debug][gc,ref         ] GC(1) ReferenceProcessor::execute queues: 2, RefProcThreadModel::Multi, marks_oops_alive: false
[1.957s][debug][gc,ref         ] GC(1) ReferenceProcessor::execute queues: 4, RefProcThreadModel::Multi, marks_oops_alive: true
[1.957s][debug][gc,ref         ] GC(1) ReferenceProcessor::execute queues: 1, RefProcThreadModel::Single, marks_oops_alive: false
[1.957s][debug][gc,phases      ] GC(1) Reference Processing 0.351ms
[1.957s][debug][gc,phases      ] GC(1)   VM Weak                        Min:  0.0, Avg:  0.0, Max:  0.0, Diff:  0.0, Sum:  0.0, Workers: 4
[1.957s][debug][gc,phases      ] GC(1)     Dead                           Min: 0, Avg:  0.0, Max: 0, Diff: 0, Sum: 0, Workers: 4
[1.957s][debug][gc,phases      ] GC(1)     Total                          Min: 0, Avg: 59.8, Max: 175, Diff: 175, Sum: 239, Workers: 4
[1.957s][debug][gc,phases      ] GC(1)   ObjectSynchronizer Weak        Min:  0.0, Avg:  0.0, Max:  0.0, Diff:  0.0, Sum:  0.0, Workers: 4
[1.957s][debug][gc,phases      ] GC(1)     Dead                           Min: 0, Avg:  0.0, Max: 0, Diff: 0, Sum: 0, Workers: 4
[1.957s][debug][gc,phases      ] GC(1)     Total                          Min: 0, Avg:  2.5, Max: 10, Diff: 10, Sum: 10, Workers: 4
[1.957s][debug][gc,phases      ] GC(1)   JVMTI Tag Weak OopStorage      Min:  0.0, Avg:  0.0, Max:  0.0, Diff:  0.0, Sum:  0.0, Workers: 4
[1.957s][debug][gc,phases      ] GC(1)     Dead                           Min: 0, Avg:  0.0, Max: 0, Diff: 0, Sum: 0, Workers: 4
[1.957s][debug][gc,phases      ] GC(1)     Total                          Min: 0, Avg:  0.0, Max: 0, Diff: 0, Sum: 0, Workers: 4
[1.957s][debug][gc,phases      ] GC(1)   StringTable Weak               Min:  0.0, Avg:  0.0, Max:  0.0, Diff:  0.0, Sum:  0.1, Workers: 4
[1.957s][debug][gc,phases      ] GC(1)     Dead                           Min: 0, Avg:  0.0, Max: 0, Diff: 0, Sum: 0, Workers: 4
[1.957s][debug][gc,phases      ] GC(1)     Total                          Min: 0, Avg: 1972.2, Max: 2816, Diff: 2816, Sum: 7889, Workers: 4
[1.957s][debug][gc,phases      ] GC(1)   ResolvedMethodTable Weak       Min:  0.0, Avg:  0.0, Max:  0.0, Diff:  0.0, Sum:  0.0, Workers: 4
[1.957s][debug][gc,phases      ] GC(1)     Dead                           Min: 0, Avg:  0.0, Max: 0, Diff: 0, Sum: 0, Workers: 4
[1.957s][debug][gc,phases      ] GC(1)     Total                          Min: 0, Avg: 453.5, Max: 640, Diff: 640, Sum: 1814, Workers: 4
[1.957s][debug][gc,phases      ] GC(1)   JNI Weak                       Min:  0.0, Avg:  0.0, Max:  0.0, Diff:  0.0, Sum:  0.0, Workers: 4
[1.957s][debug][gc,phases      ] GC(1)     Dead                           Min: 0, Avg:  0.0, Max: 0, Diff: 0, Sum: 0, Workers: 4
[1.957s][debug][gc,phases      ] GC(1)     Total                          Min: 0, Avg: 12.0, Max: 48, Diff: 48, Sum: 48, Workers: 4
[1.957s][debug][gc,phases      ] GC(1)   StringDedup Table Weak         Min:  0.0, Avg:  0.0, Max:  0.0, Diff:  0.0, Sum:  0.0, Workers: 4
[1.957s][debug][gc,phases      ] GC(1)     Dead                           Min: 0, Avg:  0.0, Max: 0, Diff: 0, Sum: 0, Workers: 4
[1.957s][debug][gc,phases      ] GC(1)     Total                          Min: 0, Avg:  0.0, Max: 0, Diff: 0, Sum: 0, Workers: 4
[1.957s][debug][gc,phases      ] GC(1)   StringDedup Requests0 Weak     Min:  0.0, Avg:  0.0, Max:  0.0, Diff:  0.0, Sum:  0.0, Workers: 4
[1.957s][debug][gc,phases      ] GC(1)     Dead                           Min: 0, Avg:  0.0, Max: 0, Diff: 0, Sum: 0, Workers: 4
[1.957s][debug][gc,phases      ] GC(1)     Total                          Min: 0, Avg:  0.0, Max: 0, Diff: 0, Sum: 0, Workers: 4
[1.957s][debug][gc,phases      ] GC(1)   StringDedup Requests1 Weak     Min:  0.0, Avg:  0.0, Max:  0.0, Diff:  0.0, Sum:  0.0, Workers: 4
[1.957s][debug][gc,phases      ] GC(1)     Dead                           Min: 0, Avg:  0.0, Max: 0, Diff: 0, Sum: 0, Workers: 4
[1.957s][debug][gc,phases      ] GC(1)     Total                          Min: 0, Avg:  0.0, Max: 0, Diff: 0, Sum: 0, Workers: 4
[1.957s][debug][gc,phases      ] GC(1)   Weak JFR Old Object Samples    Min:  0.0, Avg:  0.0, Max:  0.0, Diff:  0.0, Sum:  0.0, Workers: 4
[1.957s][debug][gc,phases      ] GC(1)     Dead                           Min: 0, Avg:  0.0, Max: 0, Diff: 0, Sum: 0, Workers: 4
[1.957s][debug][gc,phases      ] GC(1)     Total                          Min: 0, Avg:  0.0, Max: 0, Diff: 0, Sum: 0, Workers: 4
[1.957s][debug][gc,phases      ] GC(1) Weak Processing 0.242ms
[1.957s][debug][gc,phases      ] GC(1) ClassLoaderData 0.010ms
[1.957s][debug][gc,phases      ] GC(1) Trigger cleanups 0.000ms
[1.962s][debug][gc,phases      ] GC(1) Purge Unlinked NMethods 0.001ms
[1.962s][debug][gc,phases      ] GC(1) Unregister NMethods 0.012ms
[1.963s][debug][gc,phases      ] GC(1) Free Code Blobs 0.002ms
[1.963s][debug][gc,phases      ] GC(1) Class Unloading 5.313ms
[1.963s][debug][gc,phases      ] GC(1) Report Object Count 0.001ms
[1.963s][info ][gc,phases      ] GC(1) Marking Phase 16.493ms
[1.963s][info ][gc,phases,start] GC(1) Summary Phase
[1.963s][info ][gc,phases      ] GC(1) Summary Phase 0.006ms
[1.963s][info ][gc,phases,start] GC(1) Adjust Roots
[1.966s][info ][gc,phases      ] GC(1) Adjust Roots 3.840ms
[1.966s][info ][gc,phases,start] GC(1) Compaction Phase
[1.985s][info ][gc,phases      ] GC(1) Compaction Phase 18.532ms
[1.985s][info ][gc,phases,start] GC(1) Post Compact
[1.986s][debug][gc,phases      ] GC(1) Purge Class Loader Data 0.801ms
[1.987s][info ][gc,phases      ] GC(1) Post Compact 1.581ms
[1.987s][info ][gc,heap        ] GC(1) PSYoungGen: 37391K(1572864K)->32100K(1572864K) Eden: 0K(1048576K)->0K(1048576K) From: 37391K(524288K)->32100K(524288K)
[1.987s][info ][gc,heap        ] GC(1) ParOldGen: 1145K(6144K)->6090K(6144K)
[1.987s][info ][gc,metaspace   ] GC(1) Metaspace: 21084K(21504K)->21084K(21504K) NonClass: 18794K(19008K)->18794K(19008K) Class: 2290K(2496K)->2290K(2496K)
[1.987s][info ][gc             ] GC(1) Pause Full (Metadata GC Threshold) 37M->37M(1542M) 40.555ms
[1.987s][info ][gc,cpu         ] GC(1) User=0.11s Sys=0.01s Real=0.04s
[1.987s][info ][safepoint      ] Safepoint "CollectForMetadataAllocation", Time since last: 209720815 ns, Reaching safepoint: 2900 ns, Cleanup: 97600 ns, At safepoint: 56757549 ns, Total: 56858049 ns
[2.333s][info ][safepoint      ] Safepoint "ICBufferFull", Time since last: 346326594 ns, Reaching safepoint: 76600 ns, Cleanup: 107100 ns, At safepoint: 9000 ns, Total: 192700 ns
[2.511s][info ][safepoint      ] Safepoint "ICBufferFull", Time since last: 177548743 ns, Reaching safepoint: 4900 ns, Cleanup: 144100 ns, At safepoint: 10400 ns, Total: 159400 ns
[2.651s][info ][safepoint      ] Safepoint "ICBufferFull", Time since last: 139641977 ns, Reaching safepoint: 3900 ns, Cleanup: 127700 ns, At safepoint: 8300 ns, Total: 139900 ns
[3.228s][info ][safepoint      ] Safepoint "ICBufferFull", Time since last: 577101590 ns, Reaching safepoint: 76900 ns, Cleanup: 139800 ns, At safepoint: 8400 ns, Total: 225100 ns
[3.248s][info ][gc,start       ] GC(2) Pause Young (Metadata GC Threshold)
[3.281s][debug][gc,phases      ] GC(2) Scavenge 32.728ms
[3.281s][debug][gc,ref         ] GC(2) ReferenceProcessor::execute queues: 4, RefProcThreadModel::Multi, marks_oops_alive: false
[3.282s][debug][gc,ref         ] GC(2) Skipped KeepAliveFinalRefsPhase of Reference Processing: no references
[3.282s][debug][gc,ref         ] GC(2) ReferenceProcessor::execute queues: 2, RefProcThreadModel::Multi, marks_oops_alive: false
[3.282s][debug][gc,phases      ] GC(2) Reference Processing 0.706ms
[3.282s][debug][gc,phases      ] GC(2)   VM Weak                        Min:  0.0, Avg:  0.0, Max:  0.0, Diff:  0.0, Sum:  0.0, Workers: 4
[3.282s][debug][gc,phases      ] GC(2)     Dead                           Min: 0, Avg:  0.0, Max: 0, Diff: 0, Sum: 0, Workers: 4
[3.282s][debug][gc,phases      ] GC(2)     Total                          Min: 0, Avg: 72.5, Max: 290, Diff: 290, Sum: 290, Workers: 4
[3.282s][debug][gc,phases      ] GC(2)   ObjectSynchronizer Weak        Min:  0.0, Avg:  0.0, Max:  0.0, Diff:  0.0, Sum:  0.0, Workers: 4
[3.282s][debug][gc,phases      ] GC(2)     Dead                           Min: 0, Avg:  0.0, Max: 0, Diff: 0, Sum: 0, Workers: 4
[3.282s][debug][gc,phases      ] GC(2)     Total                          Min: 0, Avg:  2.5, Max: 10, Diff: 10, Sum: 10, Workers: 4
[3.282s][debug][gc,phases      ] GC(2)   JVMTI Tag Weak OopStorage      Min:  0.0, Avg:  0.0, Max:  0.0, Diff:  0.0, Sum:  0.0, Workers: 4
[3.282s][debug][gc,phases      ] GC(2)     Dead                           Min: 0, Avg:  0.0, Max: 0, Diff: 0, Sum: 0, Workers: 4
[3.282s][debug][gc,phases      ] GC(2)     Total                          Min: 0, Avg:  0.0, Max: 0, Diff: 0, Sum: 0, Workers: 4
[3.282s][debug][gc,phases      ] GC(2)   StringTable Weak               Min:  0.0, Avg:  0.1, Max:  0.1, Diff:  0.1, Sum:  0.3, Workers: 4
[3.282s][debug][gc,phases      ] GC(2)     Dead                           Min: 0, Avg:  2.8, Max: 7, Diff: 7, Sum: 11, Workers: 4
[3.282s][debug][gc,phases      ] GC(2)     Total                          Min: 0, Avg: 3657.0, Max: 6180, Diff: 6180, Sum: 14628, Workers: 4
[3.282s][debug][gc,phases      ] GC(2)   ResolvedMethodTable Weak       Min:  0.0, Avg:  0.0, Max:  0.1, Diff:  0.1, Sum:  0.2, Workers: 4
[3.282s][debug][gc,phases      ] GC(2)     Dead                           Min: 0, Avg: 433.5, Max: 728, Diff: 728, Sum: 1734, Workers: 4
[3.282s][debug][gc,phases      ] GC(2)     Total                          Min: 0, Avg: 1177.8, Max: 1895, Diff: 1895, Sum: 4711, Workers: 4
[3.282s][debug][gc,phases      ] GC(2)   JNI Weak                       Min:  0.0, Avg:  0.0, Max:  0.0, Diff:  0.0, Sum:  0.0, Workers: 4
[3.282s][debug][gc,phases      ] GC(2)     Dead                           Min: 0, Avg:  0.0, Max: 0, Diff: 0, Sum: 0, Workers: 4
[3.282s][debug][gc,phases      ] GC(2)     Total                          Min: 0, Avg: 12.0, Max: 48, Diff: 48, Sum: 48, Workers: 4
[3.282s][debug][gc,phases      ] GC(2)   StringDedup Table Weak         Min:  0.0, Avg:  0.0, Max:  0.0, Diff:  0.0, Sum:  0.0, Workers: 4
[3.282s][debug][gc,phases      ] GC(2)     Dead                           Min: 0, Avg:  0.0, Max: 0, Diff: 0, Sum: 0, Workers: 4
[3.282s][debug][gc,phases      ] GC(2)     Total                          Min: 0, Avg:  0.0, Max: 0, Diff: 0, Sum: 0, Workers: 4
[3.282s][debug][gc,phases      ] GC(2)   StringDedup Requests0 Weak     Min:  0.0, Avg:  0.0, Max:  0.0, Diff:  0.0, Sum:  0.0, Workers: 4
[3.282s][debug][gc,phases      ] GC(2)     Dead                           Min: 0, Avg:  0.0, Max: 0, Diff: 0, Sum: 0, Workers: 4
[3.282s][debug][gc,phases      ] GC(2)     Total                          Min: 0, Avg:  0.0, Max: 0, Diff: 0, Sum: 0, Workers: 4
[3.282s][debug][gc,phases      ] GC(2)   StringDedup Requests1 Weak     Min:  0.0, Avg:  0.0, Max:  0.0, Diff:  0.0, Sum:  0.0, Workers: 4
[3.282s][debug][gc,phases      ] GC(2)     Dead                           Min: 0, Avg:  0.0, Max: 0, Diff: 0, Sum: 0, Workers: 4
[3.282s][debug][gc,phases      ] GC(2)     Total                          Min: 0, Avg:  0.0, Max: 0, Diff: 0, Sum: 0, Workers: 4
[3.282s][debug][gc,phases      ] GC(2)   Weak JFR Old Object Samples    Min:  0.0, Avg:  0.0, Max:  0.0, Diff:  0.0, Sum:  0.0, Workers: 4
[3.282s][debug][gc,phases      ] GC(2)     Dead                           Min: 0, Avg:  0.0, Max: 0, Diff: 0, Sum: 0, Workers: 4
[3.282s][debug][gc,phases      ] GC(2)     Total                          Min: 0, Avg:  0.0, Max: 0, Diff: 0, Sum: 0, Workers: 4
[3.282s][debug][gc,phases      ] GC(2) Weak Processing 0.393ms
[3.282s][debug][gc,age         ] GC(2) Desired survivor size 536870912 bytes, new threshold 7 (max threshold 15)
[3.282s][info ][gc,heap        ] GC(2) PSYoungGen: 535427K(1572864K)->55417K(1572864K) Eden: 503327K(1048576K)->0K(1048576K) From: 32100K(524288K)->55417K(524288K)
[3.282s][info ][gc,heap        ] GC(2) ParOldGen: 6090K(6144K)->6106K(6144K)
[3.282s][info ][gc,metaspace   ] GC(2) Metaspace: 35367K(35840K)->35367K(35840K) NonClass: 30853K(31104K)->30853K(31104K) Class: 4514K(4736K)->4514K(4736K)
[3.282s][info ][gc             ] GC(2) Pause Young (Metadata GC Threshold) 528M->60M(1542M) 33.977ms
[3.282s][info ][gc,cpu         ] GC(2) User=0.10s Sys=0.02s Real=0.03s
[3.282s][debug][gc,phases      ] GC(3) Pre Compact 0.011ms
[3.282s][info ][gc,start       ] GC(3) Pause Full (Metadata GC Threshold)
[3.282s][info ][gc,phases,start] GC(3) Marking Phase
[3.306s][debug][gc,phases      ] GC(3) Par Mark 23.698ms
[3.306s][debug][gc,ref         ] GC(3) ReferenceProcessor::execute queues: 3, RefProcThreadModel::Multi, marks_oops_alive: false
[3.306s][debug][gc,ref         ] GC(3) ReferenceProcessor::execute queues: 4, RefProcThreadModel::Multi, marks_oops_alive: true
[3.306s][debug][gc,ref         ] GC(3) ReferenceProcessor::execute queues: 1, RefProcThreadModel::Single, marks_oops_alive: false
[3.306s][debug][gc,phases      ] GC(3) Reference Processing 0.522ms
[3.307s][debug][gc,phases      ] GC(3)   VM Weak                        Min:  0.0, Avg:  0.0, Max:  0.0, Diff:  0.0, Sum:  0.0, Workers: 4
[3.307s][debug][gc,phases      ] GC(3)     Dead                           Min: 0, Avg:  0.0, Max: 0, Diff: 0, Sum: 0, Workers: 4
[3.307s][debug][gc,phases      ] GC(3)     Total                          Min: 0, Avg: 72.5, Max: 226, Diff: 226, Sum: 290, Workers: 4
[3.307s][debug][gc,phases      ] GC(3)   ObjectSynchronizer Weak        Min:  0.0, Avg:  0.0, Max:  0.0, Diff:  0.0, Sum:  0.0, Workers: 4
[3.307s][debug][gc,phases      ] GC(3)     Dead                           Min: 0, Avg:  0.0, Max: 0, Diff: 0, Sum: 0, Workers: 4
[3.307s][debug][gc,phases      ] GC(3)     Total                          Min: 0, Avg:  2.5, Max: 10, Diff: 10, Sum: 10, Workers: 4
[3.307s][debug][gc,phases      ] GC(3)   JVMTI Tag Weak OopStorage      Min:  0.0, Avg:  0.0, Max:  0.0, Diff:  0.0, Sum:  0.0, Workers: 4
[3.307s][debug][gc,phases      ] GC(3)     Dead                           Min: 0, Avg:  0.0, Max: 0, Diff: 0, Sum: 0, Workers: 4
[3.307s][debug][gc,phases      ] GC(3)     Total                          Min: 0, Avg:  0.0, Max: 0, Diff: 0, Sum: 0, Workers: 4
[3.307s][debug][gc,phases      ] GC(3)   StringTable Weak               Min:  0.0, Avg:  0.0, Max:  0.1, Diff:  0.1, Sum:  0.2, Workers: 4
[3.307s][debug][gc,phases      ] GC(3)     Dead                           Min: 0, Avg:  0.0, Max: 0, Diff: 0, Sum: 0, Workers: 4
[3.307s][debug][gc,phases      ] GC(3)     Total                          Min: 0, Avg: 3657.0, Max: 4992, Diff: 4992, Sum: 14628, Workers: 4
[3.307s][debug][gc,phases      ] GC(3)   ResolvedMethodTable Weak       Min:  0.0, Avg:  0.0, Max:  0.0, Diff:  0.0, Sum:  0.1, Workers: 4
[3.307s][debug][gc,phases      ] GC(3)     Dead                           Min: 0, Avg:  0.0, Max: 0, Diff: 0, Sum: 0, Workers: 4
[3.307s][debug][gc,phases      ] GC(3)     Total                          Min: 0, Avg: 1177.8, Max: 1767, Diff: 1767, Sum: 4711, Workers: 4
[3.307s][debug][gc,phases      ] GC(3)   JNI Weak                       Min:  0.0, Avg:  0.0, Max:  0.0, Diff:  0.0, Sum:  0.0, Workers: 4
[3.307s][debug][gc,phases      ] GC(3)     Dead                           Min: 0, Avg:  0.0, Max: 0, Diff: 0, Sum: 0, Workers: 4
[3.307s][debug][gc,phases      ] GC(3)     Total                          Min: 0, Avg: 12.0, Max: 48, Diff: 48, Sum: 48, Workers: 4
[3.307s][debug][gc,phases      ] GC(3)   StringDedup Table Weak         Min:  0.0, Avg:  0.0, Max:  0.0, Diff:  0.0, Sum:  0.0, Workers: 4
[3.307s][debug][gc,phases      ] GC(3)     Dead                           Min: 0, Avg:  0.0, Max: 0, Diff: 0, Sum: 0, Workers: 4
[3.307s][debug][gc,phases      ] GC(3)     Total                          Min: 0, Avg:  0.0, Max: 0, Diff: 0, Sum: 0, Workers: 4
[3.307s][debug][gc,phases      ] GC(3)   StringDedup Requests0 Weak     Min:  0.0, Avg:  0.0, Max:  0.0, Diff:  0.0, Sum:  0.0, Workers: 4
[3.307s][debug][gc,phases      ] GC(3)     Dead                           Min: 0, Avg:  0.0, Max: 0, Diff: 0, Sum: 0, Workers: 4
[3.307s][debug][gc,phases      ] GC(3)     Total                          Min: 0, Avg:  0.0, Max: 0, Diff: 0, Sum: 0, Workers: 4
[3.307s][debug][gc,phases      ] GC(3)   StringDedup Requests1 Weak     Min:  0.0, Avg:  0.0, Max:  0.0, Diff:  0.0, Sum:  0.0, Workers: 4
[3.307s][debug][gc,phases      ] GC(3)     Dead                           Min: 0, Avg:  0.0, Max: 0, Diff: 0, Sum: 0, Workers: 4
[3.307s][debug][gc,phases      ] GC(3)     Total                          Min: 0, Avg:  0.0, Max: 0, Diff: 0, Sum: 0, Workers: 4
[3.307s][debug][gc,phases      ] GC(3)   Weak JFR Old Object Samples    Min:  0.0, Avg:  0.0, Max:  0.0, Diff:  0.0, Sum:  0.0, Workers: 4
[3.307s][debug][gc,phases      ] GC(3)     Dead                           Min: 0, Avg:  0.0, Max: 0, Diff: 0, Sum: 0, Workers: 4
[3.307s][debug][gc,phases      ] GC(3)     Total                          Min: 0, Avg:  0.0, Max: 0, Diff: 0, Sum: 0, Workers: 4
[3.307s][debug][gc,phases      ] GC(3) Weak Processing 0.290ms
[3.307s][debug][gc,phases      ] GC(3) ClassLoaderData 0.025ms
[3.307s][debug][gc,phases      ] GC(3) Trigger cleanups 0.000ms
[3.315s][debug][gc,phases      ] GC(3) Purge Unlinked NMethods 0.590ms
[3.315s][debug][gc,phases      ] GC(3) Unregister NMethods 0.023ms
[3.315s][debug][gc,phases      ] GC(3) Free Code Blobs 0.141ms
[3.315s][debug][gc,phases      ] GC(3) Class Unloading 8.143ms
[3.315s][debug][gc,phases      ] GC(3) Report Object Count 0.001ms
[3.315s][info ][gc,phases      ] GC(3) Marking Phase 32.724ms
[3.315s][info ][gc,phases,start] GC(3) Summary Phase
[3.315s][info ][gc,phases      ] GC(3) Summary Phase 0.007ms
[3.315s][info ][gc,phases,start] GC(3) Adjust Roots
[3.320s][info ][gc,phases      ] GC(3) Adjust Roots 5.133ms
[3.320s][info ][gc,phases,start] GC(3) Compaction Phase
[3.512s][info ][gc,phases      ] GC(3) Compaction Phase 192.228ms
[3.512s][info ][gc,phases,start] GC(3) Post Compact
[3.514s][debug][gc,phases      ] GC(3) Purge Class Loader Data 1.218ms
[3.514s][info ][gc,phases      ] GC(3) Post Compact 2.150ms
[3.514s][info ][gc,heap        ] GC(3) PSYoungGen: 55417K(1572864K)->55222K(1572864K) Eden: 0K(1048576K)->0K(1048576K) From: 55417K(524288K)->55222K(524288K)
[3.514s][info ][gc,heap        ] GC(3) ParOldGen: 6106K(6144K)->6065K(6144K)
[3.514s][info ][gc,metaspace   ] GC(3) Metaspace: 35367K(35840K)->35367K(35840K) NonClass: 30853K(31104K)->30853K(31104K) Class: 4514K(4736K)->4514K(4736K)
[3.515s][info ][gc             ] GC(3) Pause Full (Metadata GC Threshold) 60M->59M(1542M) 232.348ms
[3.515s][info ][gc,cpu         ] GC(3) User=0.49s Sys=0.00s Real=0.24s
[3.515s][info ][safepoint      ] Safepoint "CollectForMetadataAllocation", Time since last: 20101782 ns, Reaching safepoint: 2400 ns, Cleanup: 28600 ns, At safepoint: 266472764 ns, Total: 266503764 ns
[3.617s][info ][safepoint      ] Safepoint "ICBufferFull", Time since last: 102380810 ns, Reaching safepoint: 2800 ns, Cleanup: 125400 ns, At safepoint: 10200 ns, Total: 138400 ns
[3.734s][info ][safepoint      ] Safepoint "ICBufferFull", Time since last: 116675197 ns, Reaching safepoint: 3700 ns, Cleanup: 181899 ns, At safepoint: 2200 ns, Total: 187799 ns
[3.845s][info ][safepoint      ] Safepoint "ICBufferFull", Time since last: 111239302 ns, Reaching safepoint: 4800 ns, Cleanup: 121500 ns, At safepoint: 7000 ns, Total: 133300 ns
[4.064s][info ][safepoint      ] Safepoint "ICBufferFull", Time since last: 218367307 ns, Reaching safepoint: 3200 ns, Cleanup: 141300 ns, At safepoint: 6700 ns, Total: 151200 ns
[4.292s][info ][safepoint      ] Safepoint "ICBufferFull", Time since last: 228469798 ns, Reaching safepoint: 3400 ns, Cleanup: 117100 ns, At safepoint: 1600 ns, Total: 122100 ns
[4.377s][info ][safepoint      ] Safepoint "ICBufferFull", Time since last: 84011826 ns, Reaching safepoint: 3400 ns, Cleanup: 111800 ns, At safepoint: 1300 ns, Total: 116500 ns
[4.626s][info ][safepoint      ] Safepoint "ICBufferFull", Time since last: 249145779 ns, Reaching safepoint: 3500 ns, Cleanup: 142300 ns, At safepoint: 3700 ns, Total: 149500 ns
[4.848s][info ][safepoint      ] Safepoint "ICBufferFull", Time since last: 221859004 ns, Reaching safepoint: 4400 ns, Cleanup: 126900 ns, At safepoint: 5400 ns, Total: 136700 ns
[5.559s][info ][safepoint      ] Safepoint "ICBufferFull", Time since last: 711251572 ns, Reaching safepoint: 3200 ns, Cleanup: 143699 ns, At safepoint: 5300 ns, Total: 152199 ns
[5.564s][info ][gc,start       ] GC(4) Pause Young (Metadata GC Threshold)
[5.602s][debug][gc,phases      ] GC(4) Scavenge 38.343ms
[5.602s][debug][gc,ref         ] GC(4) ReferenceProcessor::execute queues: 4, RefProcThreadModel::Multi, marks_oops_alive: false
[5.604s][debug][gc,ref         ] GC(4) Skipped KeepAliveFinalRefsPhase of Reference Processing: no references
[5.604s][debug][gc,ref         ] GC(4) ReferenceProcessor::execute queues: 4, RefProcThreadModel::Multi, marks_oops_alive: false
[5.604s][debug][gc,phases      ] GC(4) Reference Processing 1.470ms
[5.604s][debug][gc,phases      ] GC(4)   VM Weak                        Min:  0.0, Avg:  0.0, Max:  0.0, Diff:  0.0, Sum:  0.0, Workers: 4
[5.604s][debug][gc,phases      ] GC(4)     Dead                           Min: 0, Avg:  0.0, Max: 0, Diff: 0, Sum: 0, Workers: 4
[5.604s][debug][gc,phases      ] GC(4)     Total                          Min: 0, Avg: 118.8, Max: 320, Diff: 320, Sum: 475, Workers: 4
[5.604s][debug][gc,phases      ] GC(4)   ObjectSynchronizer Weak        Min:  0.0, Avg:  0.0, Max:  0.0, Diff:  0.0, Sum:  0.0, Workers: 4
[5.604s][debug][gc,phases      ] GC(4)     Dead                           Min: 0, Avg:  0.0, Max: 0, Diff: 0, Sum: 0, Workers: 4
[5.604s][debug][gc,phases      ] GC(4)     Total                          Min: 0, Avg:  2.5, Max: 10, Diff: 10, Sum: 10, Workers: 4
[5.604s][debug][gc,phases      ] GC(4)   JVMTI Tag Weak OopStorage      Min:  0.0, Avg:  0.0, Max:  0.0, Diff:  0.0, Sum:  0.0, Workers: 4
[5.604s][debug][gc,phases      ] GC(4)     Dead                           Min: 0, Avg:  0.0, Max: 0, Diff: 0, Sum: 0, Workers: 4
[5.604s][debug][gc,phases      ] GC(4)     Total                          Min: 0, Avg:  0.0, Max: 0, Diff: 0, Sum: 0, Workers: 4
[5.604s][debug][gc,phases      ] GC(4)   StringTable Weak               Min:  0.0, Avg:  0.2, Max:  0.4, Diff:  0.4, Sum:  1.0, Workers: 4
[5.604s][debug][gc,phases      ] GC(4)     Dead                           Min: 0, Avg:  3.5, Max: 9, Diff: 9, Sum: 14, Workers: 4
[5.604s][debug][gc,phases      ] GC(4)     Total                          Min: 256, Avg: 6998.5, Max: 10202, Diff: 9946, Sum: 27994, Workers: 4
[5.604s][debug][gc,phases      ] GC(4)   ResolvedMethodTable Weak       Min:  0.0, Avg:  0.1, Max:  0.1, Diff:  0.1, Sum:  0.4, Workers: 4
[5.604s][debug][gc,phases      ] GC(4)     Dead                           Min: 0, Avg: 1037.5, Max: 1434, Diff: 1434, Sum: 4150, Workers: 4
[5.604s][debug][gc,phases      ] GC(4)     Total                          Min: 0, Avg: 2959.0, Max: 4028, Diff: 4028, Sum: 11836, Workers: 4
[5.604s][debug][gc,phases      ] GC(4)   JNI Weak                       Min:  0.0, Avg:  0.0, Max:  0.0, Diff:  0.0, Sum:  0.0, Workers: 4
[5.604s][debug][gc,phases      ] GC(4)     Dead                           Min: 0, Avg:  0.0, Max: 0, Diff: 0, Sum: 0, Workers: 4
[5.604s][debug][gc,phases      ] GC(4)     Total                          Min: 0, Avg: 12.0, Max: 48, Diff: 48, Sum: 48, Workers: 4
[5.604s][debug][gc,phases      ] GC(4)   StringDedup Table Weak         Min:  0.0, Avg:  0.0, Max:  0.0, Diff:  0.0, Sum:  0.0, Workers: 4
[5.604s][debug][gc,phases      ] GC(4)     Dead                           Min: 0, Avg:  0.0, Max: 0, Diff: 0, Sum: 0, Workers: 4
[5.604s][debug][gc,phases      ] GC(4)     Total                          Min: 0, Avg:  0.0, Max: 0, Diff: 0, Sum: 0, Workers: 4
[5.604s][debug][gc,phases      ] GC(4)   StringDedup Requests0 Weak     Min:  0.0, Avg:  0.0, Max:  0.0, Diff:  0.0, Sum:  0.0, Workers: 4
[5.604s][debug][gc,phases      ] GC(4)     Dead                           Min: 0, Avg:  0.0, Max: 0, Diff: 0, Sum: 0, Workers: 4
[5.604s][debug][gc,phases      ] GC(4)     Total                          Min: 0, Avg:  0.0, Max: 0, Diff: 0, Sum: 0, Workers: 4
[5.604s][debug][gc,phases      ] GC(4)   StringDedup Requests1 Weak     Min:  0.0, Avg:  0.0, Max:  0.0, Diff:  0.0, Sum:  0.0, Workers: 4
[5.604s][debug][gc,phases      ] GC(4)     Dead                           Min: 0, Avg:  0.0, Max: 0, Diff: 0, Sum: 0, Workers: 4
[5.604s][debug][gc,phases      ] GC(4)     Total                          Min: 0, Avg:  0.0, Max: 0, Diff: 0, Sum: 0, Workers: 4
[5.604s][debug][gc,phases      ] GC(4)   Weak JFR Old Object Samples    Min:  0.0, Avg:  0.0, Max:  0.0, Diff:  0.0, Sum:  0.0, Workers: 4
[5.604s][debug][gc,phases      ] GC(4)     Dead                           Min: 0, Avg:  0.0, Max: 0, Diff: 0, Sum: 0, Workers: 4
[5.604s][debug][gc,phases      ] GC(4)     Total                          Min: 0, Avg:  0.0, Max: 0, Diff: 0, Sum: 0, Workers: 4
[5.605s][debug][gc,phases      ] GC(4) Weak Processing 0.722ms
[5.605s][debug][gc,age         ] GC(4) Desired survivor size 536870912 bytes, new threshold 7 (max threshold 15)
[5.605s][info ][gc,heap        ] GC(4) PSYoungGen: 474654K(1572864K)->77941K(1572864K) Eden: 419432K(1048576K)->0K(1048576K) From: 55222K(524288K)->77941K(524288K)
[5.605s][info ][gc,heap        ] GC(4) ParOldGen: 6065K(6144K)->6089K(6144K)
[5.605s][info ][gc,metaspace   ] GC(4) Metaspace: 59117K(59776K)->59117K(59776K) NonClass: 49633K(49984K)->49633K(49984K) Class: 9484K(9792K)->9484K(9792K)
[5.605s][info ][gc             ] GC(4) Pause Young (Metadata GC Threshold) 469M->82M(1542M) 40.680ms
[5.605s][info ][gc,cpu         ] GC(4) User=0.15s Sys=0.01s Real=0.04s
[5.605s][debug][gc,phases      ] GC(5) Pre Compact 0.013ms
[5.605s][info ][gc,start       ] GC(5) Pause Full (Metadata GC Threshold)
[5.605s][info ][gc,phases,start] GC(5) Marking Phase
[5.639s][debug][gc,phases      ] GC(5) Par Mark 34.498ms
[5.639s][debug][gc,ref         ] GC(5) ReferenceProcessor::execute queues: 4, RefProcThreadModel::Multi, marks_oops_alive: false
[5.640s][debug][gc,ref         ] GC(5) ReferenceProcessor::execute queues: 4, RefProcThreadModel::Multi, marks_oops_alive: true
[5.640s][debug][gc,ref         ] GC(5) ReferenceProcessor::execute queues: 1, RefProcThreadModel::Single, marks_oops_alive: false
[5.640s][debug][gc,phases      ] GC(5) Reference Processing 0.495ms
[5.640s][debug][gc,phases      ] GC(5)   VM Weak                        Min:  0.0, Avg:  0.0, Max:  0.0, Diff:  0.0, Sum:  0.0, Workers: 4
[5.640s][debug][gc,phases      ] GC(5)     Dead                           Min: 0, Avg:  0.0, Max: 0, Diff: 0, Sum: 0, Workers: 4
[5.640s][debug][gc,phases      ] GC(5)     Total                          Min: 0, Avg: 118.8, Max: 384, Diff: 384, Sum: 475, Workers: 4
[5.640s][debug][gc,phases      ] GC(5)   ObjectSynchronizer Weak        Min:  0.0, Avg:  0.0, Max:  0.0, Diff:  0.0, Sum:  0.0, Workers: 4
[5.640s][debug][gc,phases      ] GC(5)     Dead                           Min: 0, Avg:  0.0, Max: 0, Diff: 0, Sum: 0, Workers: 4
[5.640s][debug][gc,phases      ] GC(5)     Total                          Min: 0, Avg:  2.5, Max: 10, Diff: 10, Sum: 10, Workers: 4
[5.640s][debug][gc,phases      ] GC(5)   JVMTI Tag Weak OopStorage      Min:  0.0, Avg:  0.0, Max:  0.0, Diff:  0.0, Sum:  0.0, Workers: 4
[5.640s][debug][gc,phases      ] GC(5)     Dead                           Min: 0, Avg:  0.0, Max: 0, Diff: 0, Sum: 0, Workers: 4
[5.640s][debug][gc,phases      ] GC(5)     Total                          Min: 0, Avg:  0.0, Max: 0, Diff: 0, Sum: 0, Workers: 4
[5.640s][debug][gc,phases      ] GC(5)   StringTable Weak               Min:  0.1, Avg:  0.1, Max:  0.1, Diff:  0.0, Sum:  0.3, Workers: 4
[5.640s][debug][gc,phases      ] GC(5)     Dead                           Min: 0, Avg:  0.0, Max: 0, Diff: 0, Sum: 0, Workers: 4
[5.640s][debug][gc,phases      ] GC(5)     Total                          Min: 6592, Avg: 6998.5, Max: 7258, Diff: 666, Sum: 27994, Workers: 4
[5.640s][debug][gc,phases      ] GC(5)   ResolvedMethodTable Weak       Min:  0.0, Avg:  0.0, Max:  0.0, Diff:  0.0, Sum:  0.1, Workers: 4
[5.640s][debug][gc,phases      ] GC(5)     Dead                           Min: 0, Avg:  0.0, Max: 0, Diff: 0, Sum: 0, Workers: 4
[5.640s][debug][gc,phases      ] GC(5)     Total                          Min: 2688, Avg: 2959.0, Max: 3200, Diff: 512, Sum: 11836, Workers: 4
[5.640s][debug][gc,phases      ] GC(5)   JNI Weak                       Min:  0.0, Avg:  0.0, Max:  0.0, Diff:  0.0, Sum:  0.0, Workers: 4
[5.640s][debug][gc,phases      ] GC(5)     Dead                           Min: 0, Avg:  0.0, Max: 0, Diff: 0, Sum: 0, Workers: 4
[5.640s][debug][gc,phases      ] GC(5)     Total                          Min: 0, Avg: 12.0, Max: 48, Diff: 48, Sum: 48, Workers: 4
[5.640s][debug][gc,phases      ] GC(5)   StringDedup Table Weak         Min:  0.0, Avg:  0.0, Max:  0.0, Diff:  0.0, Sum:  0.0, Workers: 4
[5.640s][debug][gc,phases      ] GC(5)     Dead                           Min: 0, Avg:  0.0, Max: 0, Diff: 0, Sum: 0, Workers: 4
[5.640s][debug][gc,phases      ] GC(5)     Total                          Min: 0, Avg:  0.0, Max: 0, Diff: 0, Sum: 0, Workers: 4
[5.640s][debug][gc,phases      ] GC(5)   StringDedup Requests0 Weak     Min:  0.0, Avg:  0.0, Max:  0.0, Diff:  0.0, Sum:  0.0, Workers: 4
[5.640s][debug][gc,phases      ] GC(5)     Dead                           Min: 0, Avg:  0.0, Max: 0, Diff: 0, Sum: 0, Workers: 4
[5.640s][debug][gc,phases      ] GC(5)     Total                          Min: 0, Avg:  0.0, Max: 0, Diff: 0, Sum: 0, Workers: 4
[5.640s][debug][gc,phases      ] GC(5)   StringDedup Requests1 Weak     Min:  0.0, Avg:  0.0, Max:  0.0, Diff:  0.0, Sum:  0.0, Workers: 4
[5.640s][debug][gc,phases      ] GC(5)     Dead                           Min: 0, Avg:  0.0, Max: 0, Diff: 0, Sum: 0, Workers: 4
[5.640s][debug][gc,phases      ] GC(5)     Total                          Min: 0, Avg:  0.0, Max: 0, Diff: 0, Sum: 0, Workers: 4
[5.640s][debug][gc,phases      ] GC(5)   Weak JFR Old Object Samples    Min:  0.0, Avg:  0.0, Max:  0.0, Diff:  0.0, Sum:  0.0, Workers: 4
[5.640s][debug][gc,phases      ] GC(5)     Dead                           Min: 0, Avg:  0.0, Max: 0, Diff: 0, Sum: 0, Workers: 4
[5.640s][debug][gc,phases      ] GC(5)     Total                          Min: 0, Avg:  0.0, Max: 0, Diff: 0, Sum: 0, Workers: 4
[5.640s][debug][gc,phases      ] GC(5) Weak Processing 0.320ms
[5.640s][debug][gc,phases      ] GC(5) ClassLoaderData 0.059ms
[5.640s][debug][gc,phases      ] GC(5) Trigger cleanups 0.000ms
[5.649s][debug][gc,phases      ] GC(5) Purge Unlinked NMethods 0.185ms
[5.649s][debug][gc,phases      ] GC(5) Unregister NMethods 0.064ms
[5.649s][debug][gc,phases      ] GC(5) Free Code Blobs 0.048ms
[5.649s][debug][gc,phases      ] GC(5) Class Unloading 8.942ms
[5.649s][debug][gc,phases      ] GC(5) Report Object Count 0.000ms
[5.649s][info ][gc,phases      ] GC(5) Marking Phase 44.325ms
[5.649s][info ][gc,phases,start] GC(5) Summary Phase
[5.649s][info ][gc,phases      ] GC(5) Summary Phase 0.007ms
[5.649s][info ][gc,phases,start] GC(5) Adjust Roots
[5.659s][info ][gc,phases      ] GC(5) Adjust Roots 9.918ms
[5.659s][info ][gc,phases,start] GC(5) Compaction Phase
[5.976s][info ][gc,phases      ] GC(5) Compaction Phase 316.915ms
[5.976s][info ][gc,phases,start] GC(5) Post Compact
[5.976s][debug][gc,phases      ] GC(5) Purge Class Loader Data 0.291ms
[5.977s][info ][gc,phases      ] GC(5) Post Compact 1.606ms
[5.977s][info ][gc,heap        ] GC(5) PSYoungGen: 77941K(1572864K)->77773K(1572864K) Eden: 0K(1048576K)->0K(1048576K) From: 77941K(524288K)->77773K(524288K)
[5.977s][info ][gc,heap        ] GC(5) ParOldGen: 6089K(6144K)->6054K(6144K)
[5.978s][info ][gc,metaspace   ] GC(5) Metaspace: 59117K(59776K)->59117K(59776K) NonClass: 49633K(49984K)->49633K(49984K) Class: 9484K(9792K)->9484K(9792K)
[5.978s][info ][gc             ] GC(5) Pause Full (Metadata GC Threshold) 82M->81M(1542M) 372.881ms
[5.978s][info ][gc,cpu         ] GC(5) User=0.78s Sys=0.02s Real=0.38s
[5.978s][info ][safepoint      ] Safepoint "CollectForMetadataAllocation", Time since last: 4608496 ns, Reaching safepoint: 1800 ns, Cleanup: 4200 ns, At safepoint: 413692135 ns, Total: 413698135 ns
[6.311s][info ][safepoint      ] Safepoint "ICBufferFull", Time since last: 333275105 ns, Reaching safepoint: 151000 ns, Cleanup: 142500 ns, At safepoint: 8800 ns, Total: 302300 ns
[6.451s][info ][safepoint      ] Safepoint "ICBufferFull", Time since last: 139643577 ns, Reaching safepoint: 217700 ns, Cleanup: 108899 ns, At safepoint: 8000 ns, Total: 334599 ns
[6.510s][info ][safepoint      ] Safepoint "ICBufferFull", Time since last: 58531749 ns, Reaching safepoint: 80900 ns, Cleanup: 160599 ns, At safepoint: 7900 ns, Total: 249399 ns
[6.584s][info ][safepoint      ] Safepoint "ICBufferFull", Time since last: 73724935 ns, Reaching safepoint: 4000 ns, Cleanup: 115300 ns, At safepoint: 11500 ns, Total: 130800 ns
[6.685s][info ][safepoint      ] Safepoint "ICBufferFull", Time since last: 100799511 ns, Reaching safepoint: 3300 ns, Cleanup: 109600 ns, At safepoint: 7300 ns, Total: 120200 ns
[6.821s][info ][safepoint      ] Safepoint "ICBufferFull", Time since last: 136543479 ns, Reaching safepoint: 4500 ns, Cleanup: 107400 ns, At safepoint: 10900 ns, Total: 122800 ns
[7.015s][info ][safepoint      ] Safepoint "ICBufferFull", Time since last: 193545329 ns, Reaching safepoint: 5200 ns, Cleanup: 164000 ns, At safepoint: 9000 ns, Total: 178200 ns
[7.343s][info ][safepoint      ] Safepoint "ICBufferFull", Time since last: 328274910 ns, Reaching safepoint: 4100 ns, Cleanup: 129100 ns, At safepoint: 7900 ns, Total: 141100 ns
[7.467s][info ][safepoint      ] Safepoint "ICBufferFull", Time since last: 122993484 ns, Reaching safepoint: 87200 ns, Cleanup: 122900 ns, At safepoint: 10500 ns, Total: 220600 ns
[7.632s][info ][safepoint      ] Safepoint "ICBufferFull", Time since last: 165177148 ns, Reaching safepoint: 77700 ns, Cleanup: 131900 ns, At safepoint: 6700 ns, Total: 216300 ns
[8.148s][info ][safepoint      ] Safepoint "ICBufferFull", Time since last: 515571613 ns, Reaching safepoint: 4500 ns, Cleanup: 172900 ns, At safepoint: 2100 ns, Total: 179500 ns
[8.265s][info ][safepoint      ] Safepoint "ICBufferFull", Time since last: 117290521 ns, Reaching safepoint: 81900 ns, Cleanup: 116300 ns, At safepoint: 16500 ns, Total: 214700 ns
[9.266s][info ][safepoint      ] Safepoint "Cleanup", Time since last: 1000110775 ns, Reaching safepoint: 90600 ns, Cleanup: 79299 ns, At safepoint: 10000 ns, Total: 179899 ns
[10.266s][info ][safepoint      ] Safepoint "Cleanup", Time since last: 1000114675 ns, Reaching safepoint: 78900 ns, Cleanup: 14500 ns, At safepoint: 10700 ns, Total: 104100 ns
[11.109s][info ][safepoint      ] Safepoint "ICBufferFull", Time since last: 843054314 ns, Reaching safepoint: 83800 ns, Cleanup: 151200 ns, At safepoint: 20600 ns, Total: 255600 ns
[11.354s][info ][safepoint      ] Safepoint "ICBufferFull", Time since last: 244613027 ns, Reaching safepoint: 64200 ns, Cleanup: 105100 ns, At safepoint: 15000 ns, Total: 184300 ns
[11.521s][info ][safepoint      ] Safepoint "ICBufferFull", Time since last: 167180645 ns, Reaching safepoint: 5400 ns, Cleanup: 155599 ns, At safepoint: 7400 ns, Total: 168399 ns
[11.644s][info ][safepoint      ] Safepoint "ICBufferFull", Time since last: 122819913 ns, Reaching safepoint: 82500 ns, Cleanup: 133600 ns, At safepoint: 12800 ns, Total: 228900 ns
[11.780s][info ][safepoint      ] Safepoint "ICBufferFull", Time since last: 135773593 ns, Reaching safepoint: 88899 ns, Cleanup: 129000 ns, At safepoint: 11700 ns, Total: 229599 ns
[12.631s][info ][safepoint      ] Safepoint "ICBufferFull", Time since last: 850826503 ns, Reaching safepoint: 5000 ns, Cleanup: 114800 ns, At safepoint: 3700 ns, Total: 123500 ns
[13.632s][info ][safepoint      ] Safepoint "Cleanup", Time since last: 1000110074 ns, Reaching safepoint: 4900 ns, Cleanup: 111200 ns, At safepoint: 8700 ns, Total: 124800 ns
[14.632s][info ][safepoint      ] Safepoint "Cleanup", Time since last: 1000105075 ns, Reaching safepoint: 5500 ns, Cleanup: 127600 ns, At safepoint: 1800 ns, Total: 134900 ns
[15.061s][info ][safepoint      ] Safepoint "ICBufferFull", Time since last: 429169145 ns, Reaching safepoint: 85200 ns, Cleanup: 146600 ns, At safepoint: 8600 ns, Total: 240400 ns
[15.144s][info ][safepoint      ] Safepoint "ICBufferFull", Time since last: 82577174 ns, Reaching safepoint: 162700 ns, Cleanup: 141699 ns, At safepoint: 10100 ns, Total: 314499 ns
[15.284s][info ][safepoint      ] Safepoint "ICBufferFull", Time since last: 139519388 ns, Reaching safepoint: 79699 ns, Cleanup: 124900 ns, At safepoint: 15600 ns, Total: 220199 ns
[15.405s][info ][safepoint      ] Safepoint "ICBufferFull", Time since last: 120599516 ns, Reaching safepoint: 82700 ns, Cleanup: 159700 ns, At safepoint: 10000 ns, Total: 252400 ns
[15.570s][info ][safepoint      ] Safepoint "ICBufferFull", Time since last: 165054453 ns, Reaching safepoint: 5900 ns, Cleanup: 156000 ns, At safepoint: 6500 ns, Total: 168400 ns
[15.736s][info ][safepoint      ] Safepoint "ICBufferFull", Time since last: 165519456 ns, Reaching safepoint: 85999 ns, Cleanup: 162000 ns, At safepoint: 6300 ns, Total: 254299 ns
[15.737s][info ][safepoint      ] Safepoint "ICBufferFull", Time since last: 1635498 ns, Reaching safepoint: 2400 ns, Cleanup: 3300 ns, At safepoint: 1700 ns, Total: 7400 ns
[15.785s][info ][gc,start       ] GC(6) Pause Young (Allocation Failure)
[15.857s][debug][gc,phases      ] GC(6) Scavenge 71.855ms
[15.857s][debug][gc,ref         ] GC(6) ReferenceProcessor::execute queues: 4, RefProcThreadModel::Multi, marks_oops_alive: false
[15.858s][debug][gc,ref         ] GC(6) Skipped KeepAliveFinalRefsPhase of Reference Processing: no references
[15.858s][debug][gc,ref         ] GC(6) ReferenceProcessor::execute queues: 4, RefProcThreadModel::Multi, marks_oops_alive: false
[15.858s][debug][gc,phases      ] GC(6) Reference Processing 1.130ms
[15.858s][debug][gc,phases      ] GC(6)   VM Weak                        Min:  0.0, Avg:  0.0, Max:  0.0, Diff:  0.0, Sum:  0.0, Workers: 4
[15.858s][debug][gc,phases      ] GC(6)     Dead                           Min: 0, Avg:  0.0, Max: 0, Diff: 0, Sum: 0, Workers: 4
[15.858s][debug][gc,phases      ] GC(6)     Total                          Min: 54, Avg: 205.5, Max: 384, Diff: 330, Sum: 822, Workers: 4
[15.858s][debug][gc,phases      ] GC(6)   ObjectSynchronizer Weak        Min:  0.0, Avg:  0.0, Max:  0.0, Diff:  0.0, Sum:  0.0, Workers: 4
[15.858s][debug][gc,phases      ] GC(6)     Dead                           Min: 0, Avg:  7.5, Max: 30, Diff: 30, Sum: 30, Workers: 4
[15.858s][debug][gc,phases      ] GC(6)     Total                          Min: 0, Avg: 15.2, Max: 61, Diff: 61, Sum: 61, Workers: 4
[15.858s][debug][gc,phases      ] GC(6)   JVMTI Tag Weak OopStorage      Min:  0.0, Avg:  0.0, Max:  0.0, Diff:  0.0, Sum:  0.0, Workers: 4
[15.858s][debug][gc,phases      ] GC(6)     Dead                           Min: 0, Avg:  0.0, Max: 0, Diff: 0, Sum: 0, Workers: 4
[15.858s][debug][gc,phases      ] GC(6)     Total                          Min: 0, Avg:  0.0, Max: 0, Diff: 0, Sum: 0, Workers: 4
[15.858s][debug][gc,phases      ] GC(6)   StringTable Weak               Min:  0.3, Avg:  0.3, Max:  0.3, Diff:  0.0, Sum:  1.1, Workers: 4
[15.858s][debug][gc,phases      ] GC(6)     Dead                           Min: 5, Avg:  9.0, Max: 13, Diff: 8, Sum: 36, Workers: 4
[15.859s][debug][gc,phases      ] GC(6)     Total                          Min: 10023, Avg: 10681.8, Max: 11136, Diff: 1113, Sum: 42727, Workers: 4
[15.859s][debug][gc,phases      ] GC(6)   ResolvedMethodTable Weak       Min:  0.1, Avg:  0.1, Max:  0.2, Diff:  0.0, Sum:  0.6, Workers: 4
[15.859s][debug][gc,phases      ] GC(6)     Dead                           Min: 633, Avg: 876.0, Max: 1040, Diff: 407, Sum: 3504, Workers: 4
[15.859s][debug][gc,phases      ] GC(6)     Total                          Min: 3200, Avg: 4129.8, Max: 4544, Diff: 1344, Sum: 16519, Workers: 4
[15.859s][debug][gc,phases      ] GC(6)   JNI Weak                       Min:  0.0, Avg:  0.0, Max:  0.0, Diff:  0.0, Sum:  0.0, Workers: 4
[15.859s][debug][gc,phases      ] GC(6)     Dead                           Min: 0, Avg:  0.0, Max: 0, Diff: 0, Sum: 0, Workers: 4
[15.859s][debug][gc,phases      ] GC(6)     Total                          Min: 0, Avg: 22.0, Max: 52, Diff: 52, Sum: 88, Workers: 4
[15.859s][debug][gc,phases      ] GC(6)   StringDedup Table Weak         Min:  0.0, Avg:  0.0, Max:  0.0, Diff:  0.0, Sum:  0.0, Workers: 4
[15.859s][debug][gc,phases      ] GC(6)     Dead                           Min: 0, Avg:  0.0, Max: 0, Diff: 0, Sum: 0, Workers: 4
[15.859s][debug][gc,phases      ] GC(6)     Total                          Min: 0, Avg:  0.0, Max: 0, Diff: 0, Sum: 0, Workers: 4
[15.859s][debug][gc,phases      ] GC(6)   StringDedup Requests0 Weak     Min:  0.0, Avg:  0.0, Max:  0.0, Diff:  0.0, Sum:  0.0, Workers: 4
[15.859s][debug][gc,phases      ] GC(6)     Dead                           Min: 0, Avg:  0.0, Max: 0, Diff: 0, Sum: 0, Workers: 4
[15.859s][debug][gc,phases      ] GC(6)     Total                          Min: 0, Avg:  0.0, Max: 0, Diff: 0, Sum: 0, Workers: 4
[15.859s][debug][gc,phases      ] GC(6)   StringDedup Requests1 Weak     Min:  0.0, Avg:  0.0, Max:  0.0, Diff:  0.0, Sum:  0.0, Workers: 4
[15.859s][debug][gc,phases      ] GC(6)     Dead                           Min: 0, Avg:  0.0, Max: 0, Diff: 0, Sum: 0, Workers: 4
[15.859s][debug][gc,phases      ] GC(6)     Total                          Min: 0, Avg:  0.0, Max: 0, Diff: 0, Sum: 0, Workers: 4
[15.859s][debug][gc,phases      ] GC(6)   Weak JFR Old Object Samples    Min:  0.0, Avg:  0.0, Max:  0.0, Diff:  0.0, Sum:  0.0, Workers: 4
[15.859s][debug][gc,phases      ] GC(6)     Dead                           Min: 0, Avg:  0.0, Max: 0, Diff: 0, Sum: 0, Workers: 4
[15.859s][debug][gc,phases      ] GC(6)     Total                          Min: 0, Avg:  0.0, Max: 0, Diff: 0, Sum: 0, Workers: 4
[15.859s][debug][gc,phases      ] GC(6) Weak Processing 0.679ms
[15.859s][debug][gc,age         ] GC(6) Desired survivor size 536870912 bytes, new threshold 7 (max threshold 15)
[15.859s][info ][gc,heap        ] GC(6) PSYoungGen: 1126349K(1572864K)->142829K(1572864K) Eden: 1048576K(1048576K)->0K(1048576K) From: 77773K(524288K)->142829K(524288K)
[15.859s][info ][gc,heap        ] GC(6) ParOldGen: 6054K(6144K)->6127K(6144K)
[15.859s][info ][gc,metaspace   ] GC(6) Metaspace: 96011K(97152K)->96011K(97152K) NonClass: 81156K(81792K)->81156K(81792K) Class: 14854K(15360K)->14854K(15360K)
[15.859s][info ][gc             ] GC(6) Pause Young (Allocation Failure) 1105M->145M(1542M) 73.796ms
[15.859s][info ][gc,cpu         ] GC(6) User=0.24s Sys=0.03s Real=0.08s
[15.859s][info ][safepoint      ] Safepoint "ParallelGCFailedAllocation", Time since last: 47381430 ns, Reaching safepoint: 85900 ns, Cleanup: 53500 ns, At safepoint: 73890991 ns, Total: 74030391 ns
[16.008s][info ][safepoint      ] Safepoint "ICBufferFull", Time since last: 148788080 ns, Reaching safepoint: 81300 ns, Cleanup: 138000 ns, At safepoint: 7399 ns, Total: 226699 ns
[16.010s][info ][safepoint      ] Safepoint "ICBufferFull", Time since last: 2133997 ns, Reaching safepoint: 82700 ns, Cleanup: 7100 ns, At safepoint: 9100 ns, Total: 98900 ns
[16.258s][info ][safepoint      ] Safepoint "ICBufferFull", Time since last: 247649935 ns, Reaching safepoint: 80199 ns, Cleanup: 162900 ns, At safepoint: 9500 ns, Total: 252599 ns
[16.541s][info ][safepoint      ] Safepoint "ICBufferFull", Time since last: 282613783 ns, Reaching safepoint: 174500 ns, Cleanup: 135899 ns, At safepoint: 8300 ns, Total: 318699 ns
[16.666s][info ][safepoint      ] Safepoint "ICBufferFull", Time since last: 125170016 ns, Reaching safepoint: 82499 ns, Cleanup: 222300 ns, At safepoint: 15500 ns, Total: 320299 ns
[16.964s][info ][safepoint      ] Safepoint "ICBufferFull", Time since last: 297619561 ns, Reaching safepoint: 82799 ns, Cleanup: 143600 ns, At safepoint: 13500 ns, Total: 239899 ns
[16.964s][info ][safepoint      ] Safepoint "ICBufferFull", Time since last: 61500 ns, Reaching safepoint: 74400 ns, Cleanup: 700 ns, At safepoint: 11600 ns, Total: 86700 ns
[17.191s][info ][safepoint      ] Safepoint "ICBufferFull", Time since last: 226550065 ns, Reaching safepoint: 79300 ns, Cleanup: 134500 ns, At safepoint: 11500 ns, Total: 225300 ns
[17.532s][info ][safepoint      ] Safepoint "ICBufferFull", Time since last: 340211798 ns, Reaching safepoint: 219599 ns, Cleanup: 157700 ns, At safepoint: 16600 ns, Total: 393899 ns
[17.941s][info ][safepoint      ] Safepoint "ICBufferFull", Time since last: 409256696 ns, Reaching safepoint: 80700 ns, Cleanup: 134800 ns, At safepoint: 10599 ns, Total: 226099 ns
[18.128s][info ][safepoint      ] Safepoint "ICBufferFull", Time since last: 186180726 ns, Reaching safepoint: 77999 ns, Cleanup: 139000 ns, At safepoint: 15500 ns, Total: 232499 ns
[18.351s][info ][gc,start       ] GC(7) Pause Young (Allocation Failure)
[18.430s][debug][gc,phases      ] GC(7) Scavenge 79.063ms
[18.431s][debug][gc,ref         ] GC(7) ReferenceProcessor::execute queues: 4, RefProcThreadModel::Multi, marks_oops_alive: false
[18.431s][debug][gc,ref         ] GC(7) ReferenceProcessor::execute queues: 4, RefProcThreadModel::Multi, marks_oops_alive: true
[18.431s][debug][gc,ref         ] GC(7) ReferenceProcessor::execute queues: 1, RefProcThreadModel::Single, marks_oops_alive: false
[18.431s][debug][gc,phases      ] GC(7) Reference Processing 0.766ms
[18.432s][debug][gc,phases      ] GC(7)   VM Weak                        Min:  0.0, Avg:  0.0, Max:  0.0, Diff:  0.0, Sum:  0.0, Workers: 4
[18.432s][debug][gc,phases      ] GC(7)     Dead                           Min: 0, Avg:  0.0, Max: 0, Diff: 0, Sum: 0, Workers: 4
[18.432s][debug][gc,phases      ] GC(7)     Total                          Min: 3, Avg: 208.8, Max: 384, Diff: 381, Sum: 835, Workers: 4
[18.432s][debug][gc,phases      ] GC(7)   ObjectSynchronizer Weak        Min:  0.0, Avg:  0.0, Max:  0.0, Diff:  0.0, Sum:  0.0, Workers: 4
[18.432s][debug][gc,phases      ] GC(7)     Dead                           Min: 0, Avg:  0.0, Max: 0, Diff: 0, Sum: 0, Workers: 4
[18.432s][debug][gc,phases      ] GC(7)     Total                          Min: 0, Avg: 15.2, Max: 61, Diff: 61, Sum: 61, Workers: 4
[18.432s][debug][gc,phases      ] GC(7)   JVMTI Tag Weak OopStorage      Min:  0.0, Avg:  0.0, Max:  0.0, Diff:  0.0, Sum:  0.0, Workers: 4
[18.432s][debug][gc,phases      ] GC(7)     Dead                           Min: 0, Avg:  0.0, Max: 0, Diff: 0, Sum: 0, Workers: 4
[18.432s][debug][gc,phases      ] GC(7)     Total                          Min: 0, Avg:  0.0, Max: 0, Diff: 0, Sum: 0, Workers: 4
[18.432s][debug][gc,phases      ] GC(7)   StringTable Weak               Min:  0.3, Avg:  0.3, Max:  0.3, Diff:  0.0, Sum:  1.2, Workers: 4
[18.432s][debug][gc,phases      ] GC(7)     Dead                           Min: 0, Avg:  1.0, Max: 3, Diff: 3, Sum: 4, Workers: 4
[18.432s][debug][gc,phases      ] GC(7)     Total                          Min: 10481, Avg: 10764.2, Max: 11264, Diff: 783, Sum: 43057, Workers: 4
[18.432s][debug][gc,phases      ] GC(7)   ResolvedMethodTable Weak       Min:  0.1, Avg:  0.1, Max:  0.1, Diff:  0.0, Sum:  0.5, Workers: 4
[18.432s][debug][gc,phases      ] GC(7)     Dead                           Min: 5, Avg: 17.0, Max: 28, Diff: 23, Sum: 68, Workers: 4
[18.432s][debug][gc,phases      ] GC(7)     Total                          Min: 1735, Avg: 3307.2, Max: 3857, Diff: 2122, Sum: 13229, Workers: 4
[18.432s][debug][gc,phases      ] GC(7)   JNI Weak                       Min:  0.0, Avg:  0.0, Max:  0.0, Diff:  0.0, Sum:  0.0, Workers: 4
[18.432s][debug][gc,phases      ] GC(7)     Dead                           Min: 0, Avg:  0.0, Max: 0, Diff: 0, Sum: 0, Workers: 4
[18.432s][debug][gc,phases      ] GC(7)     Total                          Min: 0, Avg: 18.8, Max: 52, Diff: 52, Sum: 75, Workers: 4
[18.432s][debug][gc,phases      ] GC(7)   StringDedup Table Weak         Min:  0.0, Avg:  0.0, Max:  0.0, Diff:  0.0, Sum:  0.0, Workers: 4
[18.432s][debug][gc,phases      ] GC(7)     Dead                           Min: 0, Avg:  0.0, Max: 0, Diff: 0, Sum: 0, Workers: 4
[18.432s][debug][gc,phases      ] GC(7)     Total                          Min: 0, Avg:  0.0, Max: 0, Diff: 0, Sum: 0, Workers: 4
[18.432s][debug][gc,phases      ] GC(7)   StringDedup Requests0 Weak     Min:  0.0, Avg:  0.0, Max:  0.0, Diff:  0.0, Sum:  0.0, Workers: 4
[18.432s][debug][gc,phases      ] GC(7)     Dead                           Min: 0, Avg:  0.0, Max: 0, Diff: 0, Sum: 0, Workers: 4
[18.432s][debug][gc,phases      ] GC(7)     Total                          Min: 0, Avg:  0.0, Max: 0, Diff: 0, Sum: 0, Workers: 4
[18.432s][debug][gc,phases      ] GC(7)   StringDedup Requests1 Weak     Min:  0.0, Avg:  0.0, Max:  0.0, Diff:  0.0, Sum:  0.0, Workers: 4
[18.432s][debug][gc,phases      ] GC(7)     Dead                           Min: 0, Avg:  0.0, Max: 0, Diff: 0, Sum: 0, Workers: 4
[18.432s][debug][gc,phases      ] GC(7)     Total                          Min: 0, Avg:  0.0, Max: 0, Diff: 0, Sum: 0, Workers: 4
[18.432s][debug][gc,phases      ] GC(7)   Weak JFR Old Object Samples    Min:  0.0, Avg:  0.0, Max:  0.0, Diff:  0.0, Sum:  0.0, Workers: 4
[18.432s][debug][gc,phases      ] GC(7)     Dead                           Min: 0, Avg:  0.0, Max: 0, Diff: 0, Sum: 0, Workers: 4
[18.432s][debug][gc,phases      ] GC(7)     Total                          Min: 0, Avg:  0.0, Max: 0, Diff: 0, Sum: 0, Workers: 4
[18.432s][debug][gc,phases      ] GC(7) Weak Processing 0.623ms
[18.432s][debug][gc,age         ] GC(7) Desired survivor size 218628096 bytes, new threshold 6 (max threshold 15)
[18.432s][info ][gc,heap        ] GC(7) PSYoungGen: 1191405K(1572864K)->193304K(1572864K) Eden: 1048576K(1048576K)->0K(1048576K) From: 142829K(524288K)->193304K(524288K)
[18.432s][info ][gc,heap        ] GC(7) ParOldGen: 6127K(6144K)->6143K(6144K)
[18.432s][info ][gc,metaspace   ] GC(7) Metaspace: 97582K(98752K)->97582K(98752K) NonClass: 82648K(83328K)->82648K(83328K) Class: 14934K(15424K)->14934K(15424K)
[18.432s][info ][gc             ] GC(7) Pause Young (Allocation Failure) 1169M->194M(1542M) 80.588ms
[18.432s][info ][gc,cpu         ] GC(7) User=0.30s Sys=0.00s Real=0.08s
[18.432s][info ][safepoint      ] Safepoint "ParallelGCFailedAllocation", Time since last: 223519170 ns, Reaching safepoint: 84100 ns, Cleanup: 116700 ns, At safepoint: 80676581 ns, Total: 80877381 ns
[18.954s][info ][safepoint      ] Safepoint "ICBufferFull", Time since last: 521699929 ns, Reaching safepoint: 6000 ns, Cleanup: 193400 ns, At safepoint: 7300 ns, Total: 206700 ns
[19.434s][info ][safepoint      ] Safepoint "ICBufferFull", Time since last: 479834192 ns, Reaching safepoint: 81799 ns, Cleanup: 130200 ns, At safepoint: 17100 ns, Total: 229099 ns
[20.432s][info ][safepoint      ] Safepoint "ICBufferFull", Time since last: 997344527 ns, Reaching safepoint: 80400 ns, Cleanup: 142700 ns, At safepoint: 10800 ns, Total: 233900 ns
[20.980s][info ][safepoint      ] Safepoint "ICBufferFull", Time since last: 548322690 ns, Reaching safepoint: 78400 ns, Cleanup: 127100 ns, At safepoint: 5700 ns, Total: 211200 ns
[21.731s][info ][safepoint      ] Safepoint "ICBufferFull", Time since last: 750828991 ns, Reaching safepoint: 79100 ns, Cleanup: 160800 ns, At safepoint: 5500 ns, Total: 245400 ns
[22.131s][info ][safepoint      ] Safepoint "ICBufferFull", Time since last: 399810110 ns, Reaching safepoint: 85100 ns, Cleanup: 161699 ns, At safepoint: 8100 ns, Total: 254899 ns
[22.833s][info ][safepoint      ] Safepoint "ICBufferFull", Time since last: 701969364 ns, Reaching safepoint: 8900 ns, Cleanup: 188399 ns, At safepoint: 5000 ns, Total: 202299 ns
[23.831s][info ][safepoint      ] Safepoint "ICBufferFull", Time since last: 997947307 ns, Reaching safepoint: 4900 ns, Cleanup: 130099 ns, At safepoint: 5300 ns, Total: 140299 ns
[23.837s][info ][gc,start       ] GC(8) Pause Young (CodeCache GC Threshold)
[23.925s][debug][gc,phases      ] GC(8) Scavenge 87.916ms
[23.925s][debug][gc,ref         ] GC(8) ReferenceProcessor::execute queues: 4, RefProcThreadModel::Multi, marks_oops_alive: false
[23.926s][debug][gc,ref         ] GC(8) ReferenceProcessor::execute queues: 4, RefProcThreadModel::Multi, marks_oops_alive: true
[23.926s][debug][gc,ref         ] GC(8) ReferenceProcessor::execute queues: 1, RefProcThreadModel::Single, marks_oops_alive: false
[23.926s][debug][gc,phases      ] GC(8) Reference Processing 0.783ms
[23.926s][debug][gc,phases      ] GC(8)   VM Weak                        Min:  0.0, Avg:  0.0, Max:  0.0, Diff:  0.0, Sum:  0.0, Workers: 4
[23.926s][debug][gc,phases      ] GC(8)     Dead                           Min: 0, Avg:  0.0, Max: 0, Diff: 0, Sum: 0, Workers: 4
[23.926s][debug][gc,phases      ] GC(8)     Total                          Min: 68, Avg: 209.0, Max: 448, Diff: 380, Sum: 836, Workers: 4
[23.926s][debug][gc,phases      ] GC(8)   ObjectSynchronizer Weak        Min:  0.0, Avg:  0.0, Max:  0.0, Diff:  0.0, Sum:  0.0, Workers: 4
[23.926s][debug][gc,phases      ] GC(8)     Dead                           Min: 0, Avg:  0.0, Max: 0, Diff: 0, Sum: 0, Workers: 4
[23.926s][debug][gc,phases      ] GC(8)     Total                          Min: 0, Avg: 15.2, Max: 61, Diff: 61, Sum: 61, Workers: 4
[23.926s][debug][gc,phases      ] GC(8)   JVMTI Tag Weak OopStorage      Min:  0.0, Avg:  0.0, Max:  0.0, Diff:  0.0, Sum:  0.0, Workers: 4
[23.926s][debug][gc,phases      ] GC(8)     Dead                           Min: 0, Avg:  0.0, Max: 0, Diff: 0, Sum: 0, Workers: 4
[23.926s][debug][gc,phases      ] GC(8)     Total                          Min: 0, Avg:  0.0, Max: 0, Diff: 0, Sum: 0, Workers: 4
[23.926s][debug][gc,phases      ] GC(8)   StringTable Weak               Min:  0.3, Avg:  0.3, Max:  0.3, Diff:  0.0, Sum:  1.1, Workers: 4
[23.926s][debug][gc,phases      ] GC(8)     Dead                           Min: 0, Avg:  0.2, Max: 1, Diff: 1, Sum: 1, Workers: 4
[23.926s][debug][gc,phases      ] GC(8)     Total                          Min: 10535, Avg: 10841.8, Max: 11328, Diff: 793, Sum: 43367, Workers: 4
[23.926s][debug][gc,phases      ] GC(8)   ResolvedMethodTable Weak       Min:  0.1, Avg:  0.1, Max:  0.1, Diff:  0.0, Sum:  0.4, Workers: 4
[23.926s][debug][gc,phases      ] GC(8)     Dead                           Min: 0, Avg:  1.2, Max: 3, Diff: 3, Sum: 5, Workers: 4
[23.926s][debug][gc,phases      ] GC(8)     Total                          Min: 3265, Avg: 3315.5, Max: 3450, Diff: 185, Sum: 13262, Workers: 4
[23.926s][debug][gc,phases      ] GC(8)   JNI Weak                       Min:  0.0, Avg:  0.0, Max:  0.0, Diff:  0.0, Sum:  0.0, Workers: 4
[23.926s][debug][gc,phases      ] GC(8)     Dead                           Min: 0, Avg:  0.0, Max: 0, Diff: 0, Sum: 0, Workers: 4
[23.927s][debug][gc,phases      ] GC(8)     Total                          Min: 0, Avg: 13.0, Max: 52, Diff: 52, Sum: 52, Workers: 4
[23.927s][debug][gc,phases      ] GC(8)   StringDedup Table Weak         Min:  0.0, Avg:  0.0, Max:  0.0, Diff:  0.0, Sum:  0.0, Workers: 4
[23.927s][debug][gc,phases      ] GC(8)     Dead                           Min: 0, Avg:  0.0, Max: 0, Diff: 0, Sum: 0, Workers: 4
[23.927s][debug][gc,phases      ] GC(8)     Total                          Min: 0, Avg:  0.0, Max: 0, Diff: 0, Sum: 0, Workers: 4
[23.927s][debug][gc,phases      ] GC(8)   StringDedup Requests0 Weak     Min:  0.0, Avg:  0.0, Max:  0.0, Diff:  0.0, Sum:  0.0, Workers: 4
[23.927s][debug][gc,phases      ] GC(8)     Dead                           Min: 0, Avg:  0.0, Max: 0, Diff: 0, Sum: 0, Workers: 4
[23.927s][debug][gc,phases      ] GC(8)     Total                          Min: 0, Avg:  0.0, Max: 0, Diff: 0, Sum: 0, Workers: 4
[23.927s][debug][gc,phases      ] GC(8)   StringDedup Requests1 Weak     Min:  0.0, Avg:  0.0, Max:  0.0, Diff:  0.0, Sum:  0.0, Workers: 4
[23.927s][debug][gc,phases      ] GC(8)     Dead                           Min: 0, Avg:  0.0, Max: 0, Diff: 0, Sum: 0, Workers: 4
[23.927s][debug][gc,phases      ] GC(8)     Total                          Min: 0, Avg:  0.0, Max: 0, Diff: 0, Sum: 0, Workers: 4
[23.927s][debug][gc,phases      ] GC(8)   Weak JFR Old Object Samples    Min:  0.0, Avg:  0.0, Max:  0.0, Diff:  0.0, Sum:  0.0, Workers: 4
[23.927s][debug][gc,phases      ] GC(8)     Dead                           Min: 0, Avg:  0.0, Max: 0, Diff: 0, Sum: 0, Workers: 4
[23.927s][debug][gc,phases      ] GC(8)     Total                          Min: 0, Avg:  0.0, Max: 0, Diff: 0, Sum: 0, Workers: 4
[23.927s][debug][gc,phases      ] GC(8) Weak Processing 0.591ms
[23.927s][debug][gc,age         ] GC(8) Desired survivor size 260571136 bytes, new threshold 5 (max threshold 15)
[23.927s][info ][gc,heap        ] GC(8) PSYoungGen: 975392K(1572864K)->205705K(1801728K) Eden: 782088K(1048576K)->0K(1588224K) From: 193304K(524288K)->205705K(213504K)
[23.927s][info ][gc,heap        ] GC(8) ParOldGen: 6143K(6144K)->6415K(6656K)
[23.927s][info ][gc,metaspace   ] GC(8) Metaspace: 98169K(99264K)->98169K(99264K) NonClass: 83218K(83840K)->83218K(83840K) Class: 14950K(15424K)->14950K(15424K)
[23.927s][info ][gc             ] GC(8) Pause Young (CodeCache GC Threshold) 958M->207M(1766M) 89.406ms
[23.927s][info ][gc,cpu         ] GC(8) User=0.22s Sys=0.11s Real=0.09s
[23.927s][debug][gc,phases      ] GC(9) Pre Compact 0.009ms
[23.927s][info ][gc,start       ] GC(9) Pause Full (CodeCache GC Threshold)
[23.927s][info ][gc,phases,start] GC(9) Marking Phase
[23.992s][debug][gc,phases      ] GC(9) Par Mark 65.763ms
[23.993s][debug][gc,ref         ] GC(9) ReferenceProcessor::execute queues: 3, RefProcThreadModel::Multi, marks_oops_alive: false
[23.993s][debug][gc,ref         ] GC(9) ReferenceProcessor::execute queues: 4, RefProcThreadModel::Multi, marks_oops_alive: true
[23.993s][debug][gc,ref         ] GC(9) ReferenceProcessor::execute queues: 1, RefProcThreadModel::Single, marks_oops_alive: false
[23.993s][debug][gc,phases      ] GC(9) Reference Processing 0.445ms
[23.993s][debug][gc,phases      ] GC(9)   VM Weak                        Min:  0.0, Avg:  0.0, Max:  0.0, Diff:  0.0, Sum:  0.0, Workers: 4
[23.993s][debug][gc,phases      ] GC(9)     Dead                           Min: 0, Avg:  0.2, Max: 1, Diff: 1, Sum: 1, Workers: 4
[23.993s][debug][gc,phases      ] GC(9)     Total                          Min: 0, Avg: 209.0, Max: 512, Diff: 512, Sum: 836, Workers: 4
[23.993s][debug][gc,phases      ] GC(9)   ObjectSynchronizer Weak        Min:  0.0, Avg:  0.0, Max:  0.0, Diff:  0.0, Sum:  0.0, Workers: 4
[23.993s][debug][gc,phases      ] GC(9)     Dead                           Min: 0, Avg:  0.0, Max: 0, Diff: 0, Sum: 0, Workers: 4
[23.993s][debug][gc,phases      ] GC(9)     Total                          Min: 0, Avg: 15.2, Max: 61, Diff: 61, Sum: 61, Workers: 4
[23.993s][debug][gc,phases      ] GC(9)   JVMTI Tag Weak OopStorage      Min:  0.0, Avg:  0.0, Max:  0.0, Diff:  0.0, Sum:  0.0, Workers: 4
[23.993s][debug][gc,phases      ] GC(9)     Dead                           Min: 0, Avg:  0.0, Max: 0, Diff: 0, Sum: 0, Workers: 4
[23.993s][debug][gc,phases      ] GC(9)     Total                          Min: 0, Avg:  0.0, Max: 0, Diff: 0, Sum: 0, Workers: 4
[23.993s][debug][gc,phases      ] GC(9)   StringTable Weak               Min:  0.1, Avg:  0.1, Max:  0.1, Diff:  0.0, Sum:  0.5, Workers: 4
[23.993s][debug][gc,phases      ] GC(9)     Dead                           Min: 0, Avg:  0.0, Max: 0, Diff: 0, Sum: 0, Workers: 4
[23.993s][debug][gc,phases      ] GC(9)     Total                          Min: 10560, Avg: 10841.8, Max: 11200, Diff: 640, Sum: 43367, Workers: 4
[23.993s][debug][gc,phases      ] GC(9)   ResolvedMethodTable Weak       Min:  0.0, Avg:  0.0, Max:  0.0, Diff:  0.0, Sum:  0.2, Workers: 4
[23.993s][debug][gc,phases      ] GC(9)     Dead                           Min: 0, Avg:  0.2, Max: 1, Diff: 1, Sum: 1, Workers: 4
[23.993s][debug][gc,phases      ] GC(9)     Total                          Min: 3120, Avg: 3315.5, Max: 3564, Diff: 444, Sum: 13262, Workers: 4
[23.993s][debug][gc,phases      ] GC(9)   JNI Weak                       Min:  0.0, Avg:  0.0, Max:  0.0, Diff:  0.0, Sum:  0.0, Workers: 4
[23.993s][debug][gc,phases      ] GC(9)     Dead                           Min: 0, Avg:  0.0, Max: 0, Diff: 0, Sum: 0, Workers: 4
[23.993s][debug][gc,phases      ] GC(9)     Total                          Min: 0, Avg: 13.0, Max: 52, Diff: 52, Sum: 52, Workers: 4
[23.993s][debug][gc,phases      ] GC(9)   StringDedup Table Weak         Min:  0.0, Avg:  0.0, Max:  0.0, Diff:  0.0, Sum:  0.0, Workers: 4
[23.993s][debug][gc,phases      ] GC(9)     Dead                           Min: 0, Avg:  0.0, Max: 0, Diff: 0, Sum: 0, Workers: 4
[23.993s][debug][gc,phases      ] GC(9)     Total                          Min: 0, Avg:  0.0, Max: 0, Diff: 0, Sum: 0, Workers: 4
[23.993s][debug][gc,phases      ] GC(9)   StringDedup Requests0 Weak     Min:  0.0, Avg:  0.0, Max:  0.0, Diff:  0.0, Sum:  0.0, Workers: 4
[23.993s][debug][gc,phases      ] GC(9)     Dead                           Min: 0, Avg:  0.0, Max: 0, Diff: 0, Sum: 0, Workers: 4
[23.993s][debug][gc,phases      ] GC(9)     Total                          Min: 0, Avg:  0.0, Max: 0, Diff: 0, Sum: 0, Workers: 4
[23.993s][debug][gc,phases      ] GC(9)   StringDedup Requests1 Weak     Min:  0.0, Avg:  0.0, Max:  0.0, Diff:  0.0, Sum:  0.0, Workers: 4
[23.993s][debug][gc,phases      ] GC(9)     Dead                           Min: 0, Avg:  0.0, Max: 0, Diff: 0, Sum: 0, Workers: 4
[23.993s][debug][gc,phases      ] GC(9)     Total                          Min: 0, Avg:  0.0, Max: 0, Diff: 0, Sum: 0, Workers: 4
[23.993s][debug][gc,phases      ] GC(9)   Weak JFR Old Object Samples    Min:  0.0, Avg:  0.0, Max:  0.0, Diff:  0.0, Sum:  0.0, Workers: 4
[23.993s][debug][gc,phases      ] GC(9)     Dead                           Min: 0, Avg:  0.0, Max: 0, Diff: 0, Sum: 0, Workers: 4
[23.993s][debug][gc,phases      ] GC(9)     Total                          Min: 0, Avg:  0.0, Max: 0, Diff: 0, Sum: 0, Workers: 4
[23.993s][debug][gc,phases      ] GC(9) Weak Processing 0.378ms
[23.993s][debug][gc,phases      ] GC(9) ClassLoaderData 0.184ms
[23.994s][debug][gc,phases      ] GC(9) Trigger cleanups 0.007ms
[24.025s][debug][gc,phases      ] GC(9) Purge Unlinked NMethods 0.337ms
[24.027s][debug][gc,phases      ] GC(9) Unregister NMethods 1.140ms
[24.027s][debug][gc,phases      ] GC(9) Free Code Blobs 0.087ms
[24.035s][debug][gc,phases      ] GC(9) Class Unloading 42.028ms
[24.035s][debug][gc,phases      ] GC(9) Report Object Count 0.001ms
[24.035s][info ][gc,phases      ] GC(9) Marking Phase 108.696ms
[24.035s][info ][gc,phases,start] GC(9) Summary Phase
[24.035s][info ][gc,phases      ] GC(9) Summary Phase 0.009ms
[24.035s][info ][gc,phases,start] GC(9) Adjust Roots
[24.057s][info ][gc,phases      ] GC(9) Adjust Roots 21.164ms
[24.057s][info ][gc,phases,start] GC(9) Compaction Phase
[24.666s][info ][gc,phases      ] GC(9) Compaction Phase 609.488ms
[24.666s][info ][gc,phases,start] GC(9) Post Compact
[24.668s][debug][gc,phases      ] GC(9) Purge Class Loader Data 1.246ms
[24.674s][info ][gc,phases      ] GC(9) Post Compact 7.731ms
[24.674s][info ][gc,heap        ] GC(9) PSYoungGen: 205705K(1801728K)->204159K(1801728K) Eden: 0K(1588224K)->0K(1588224K) From: 205705K(213504K)->204159K(213504K)
[24.674s][info ][gc,heap        ] GC(9) ParOldGen: 6415K(6656K)->6382K(6656K)
[24.674s][info ][gc,metaspace   ] GC(9) Metaspace: 98169K(99264K)->98167K(99264K) NonClass: 83218K(83840K)->83217K(83840K) Class: 14950K(15424K)->14949K(15424K)
[24.674s][info ][gc             ] GC(9) Pause Full (CodeCache GC Threshold) 207M->205M(1766M) 747.215ms
[24.674s][info ][gc,cpu         ] GC(9) User=1.62s Sys=0.01s Real=0.75s
[24.674s][info ][safepoint      ] Safepoint "ParallelGCSystemGC", Time since last: 5693693 ns, Reaching safepoint: 2500 ns, Cleanup: 10800 ns, At safepoint: 836931651 ns, Total: 836944951 ns
[24.925s][info ][safepoint      ] Safepoint "ICBufferFull", Time since last: 250704786 ns, Reaching safepoint: 5400 ns, Cleanup: 181300 ns, At safepoint: 10400 ns, Total: 197100 ns
[25.925s][info ][safepoint      ] Safepoint "Cleanup", Time since last: 1000111447 ns, Reaching safepoint: 5800 ns, Cleanup: 139900 ns, At safepoint: 2399 ns, Total: 148099 ns
[26.925s][info ][safepoint      ] Safepoint "Cleanup", Time since last: 1000110447 ns, Reaching safepoint: 5500 ns, Cleanup: 77200 ns, At safepoint: 1800 ns, Total: 84500 ns
[27.926s][info ][safepoint      ] Safepoint "Cleanup", Time since last: 1000100147 ns, Reaching safepoint: 5800 ns, Cleanup: 75900 ns, At safepoint: 2200 ns, Total: 83900 ns
[28.926s][info ][safepoint      ] Safepoint "Cleanup", Time since last: 1000191246 ns, Reaching safepoint: 5300 ns, Cleanup: 68600 ns, At safepoint: 1800 ns, Total: 75700 ns
[29.926s][info ][safepoint      ] Safepoint "Cleanup", Time since last: 1000104347 ns, Reaching safepoint: 5000 ns, Cleanup: 108900 ns, At safepoint: 1800 ns, Total: 115700 ns
[30.926s][info ][safepoint      ] Safepoint "Cleanup", Time since last: 1000105446 ns, Reaching safepoint: 5300 ns, Cleanup: 46900 ns, At safepoint: 2500 ns, Total: 54700 ns
[31.926s][info ][safepoint      ] Safepoint "Cleanup", Time since last: 1000102024 ns, Reaching safepoint: 4900 ns, Cleanup: 67500 ns, At safepoint: 2300 ns, Total: 74700 ns
[32.927s][info ][safepoint      ] Safepoint "Cleanup", Time since last: 1000097421 ns, Reaching safepoint: 6900 ns, Cleanup: 64499 ns, At safepoint: 2700 ns, Total: 74099 ns
[33.927s][info ][safepoint      ] Safepoint "Cleanup", Time since last: 1000108121 ns, Reaching safepoint: 6300 ns, Cleanup: 33000 ns, At safepoint: 7100 ns, Total: 46400 ns
[34.927s][info ][safepoint      ] Safepoint "Cleanup", Time since last: 1000121621 ns, Reaching safepoint: 79099 ns, Cleanup: 39500 ns, At safepoint: 5500 ns, Total: 124099 ns
[35.927s][info ][safepoint      ] Safepoint "Cleanup", Time since last: 1000112521 ns, Reaching safepoint: 5100 ns, Cleanup: 86200 ns, At safepoint: 1900 ns, Total: 93200 ns
[36.927s][info ][safepoint      ] Safepoint "Cleanup", Time since last: 1000093720 ns, Reaching safepoint: 5200 ns, Cleanup: 82300 ns, At safepoint: 1900 ns, Total: 89400 ns
[37.928s][info ][safepoint      ] Safepoint "Cleanup", Time since last: 1000101321 ns, Reaching safepoint: 6200 ns, Cleanup: 76900 ns, At safepoint: 2000 ns, Total: 85100 ns
[38.928s][info ][safepoint      ] Safepoint "Cleanup", Time since last: 1000100820 ns, Reaching safepoint: 5600 ns, Cleanup: 65500 ns, At safepoint: 2200 ns, Total: 73300 ns
[39.928s][info ][safepoint      ] Safepoint "Cleanup", Time since last: 1000099788 ns, Reaching safepoint: 5400 ns, Cleanup: 49100 ns, At safepoint: 2000 ns, Total: 56500 ns
[40.928s][info ][safepoint      ] Safepoint "Cleanup", Time since last: 1000100345 ns, Reaching safepoint: 5900 ns, Cleanup: 18400 ns, At safepoint: 2400 ns, Total: 26700 ns
[41.928s][info ][safepoint      ] Safepoint "Cleanup", Time since last: 1000105044 ns, Reaching safepoint: 5700 ns, Cleanup: 35600 ns, At safepoint: 2100 ns, Total: 43400 ns
[42.928s][info ][safepoint      ] Safepoint "Cleanup", Time since last: 1000095745 ns, Reaching safepoint: 5600 ns, Cleanup: 38300 ns, At safepoint: 1600 ns, Total: 45500 ns
[43.928s][info ][safepoint      ] Safepoint "Cleanup", Time since last: 1000106045 ns, Reaching safepoint: 6100 ns, Cleanup: 25700 ns, At safepoint: 2000 ns, Total: 33800 ns
[44.929s][info ][safepoint      ] Safepoint "Cleanup", Time since last: 1000103244 ns, Reaching safepoint: 5600 ns, Cleanup: 13800 ns, At safepoint: 1900 ns, Total: 21300 ns
[45.929s][info ][safepoint      ] Safepoint "Cleanup", Time since last: 1000099945 ns, Reaching safepoint: 5100 ns, Cleanup: 37600 ns, At safepoint: 2300 ns, Total: 45000 ns
[46.929s][info ][safepoint      ] Safepoint "Cleanup", Time since last: 1000094645 ns, Reaching safepoint: 5400 ns, Cleanup: 22400 ns, At safepoint: 2000 ns, Total: 29800 ns
[47.929s][info ][safepoint      ] Safepoint "Cleanup", Time since last: 1000097447 ns, Reaching safepoint: 5900 ns, Cleanup: 42600 ns, At safepoint: 2000 ns, Total: 50500 ns
[48.929s][info ][safepoint      ] Safepoint "Cleanup", Time since last: 1000101424 ns, Reaching safepoint: 77000 ns, Cleanup: 56200 ns, At safepoint: 5800 ns, Total: 139000 ns
[49.930s][info ][safepoint      ] Safepoint "Cleanup", Time since last: 1000105824 ns, Reaching safepoint: 81800 ns, Cleanup: 60400 ns, At safepoint: 6500 ns, Total: 148700 ns
[50.930s][info ][safepoint      ] Safepoint "Cleanup", Time since last: 1000108452 ns, Reaching safepoint: 77200 ns, Cleanup: 55600 ns, At safepoint: 5600 ns, Total: 138400 ns
[51.232s][info ][gc,start       ] GC(10) Pause Young (Allocation Failure)
[51.321s][debug][gc,phases      ] GC(10) Scavenge 89.907ms
[51.322s][debug][gc,ref         ] GC(10) ReferenceProcessor::execute queues: 4, RefProcThreadModel::Multi, marks_oops_alive: false
[51.322s][debug][gc,ref         ] GC(10) Skipped KeepAliveFinalRefsPhase of Reference Processing: no references
[51.322s][debug][gc,ref         ] GC(10) ReferenceProcessor::execute queues: 1, RefProcThreadModel::Single, marks_oops_alive: false
[51.322s][debug][gc,phases      ] GC(10) Reference Processing 0.619ms
[51.323s][debug][gc,phases      ] GC(10)   VM Weak                        Min:  0.0, Avg:  0.0, Max:  0.0, Diff:  0.0, Sum:  0.0, Workers: 4
[51.323s][debug][gc,phases      ] GC(10)     Dead                           Min: 0, Avg:  0.0, Max: 0, Diff: 0, Sum: 0, Workers: 4
[51.323s][debug][gc,phases      ] GC(10)     Total                          Min: 128, Avg: 211.5, Max: 320, Diff: 192, Sum: 846, Workers: 4
[51.323s][debug][gc,phases      ] GC(10)   ObjectSynchronizer Weak        Min:  0.0, Avg:  0.0, Max:  0.0, Diff:  0.0, Sum:  0.0, Workers: 4
[51.323s][debug][gc,phases      ] GC(10)     Dead                           Min: 0, Avg:  0.0, Max: 0, Diff: 0, Sum: 0, Workers: 4
[51.323s][debug][gc,phases      ] GC(10)     Total                          Min: 0, Avg: 15.2, Max: 61, Diff: 61, Sum: 61, Workers: 4
[51.323s][debug][gc,phases      ] GC(10)   JVMTI Tag Weak OopStorage      Min:  0.0, Avg:  0.0, Max:  0.0, Diff:  0.0, Sum:  0.0, Workers: 4
[51.323s][debug][gc,phases      ] GC(10)     Dead                           Min: 0, Avg:  0.0, Max: 0, Diff: 0, Sum: 0, Workers: 4
[51.323s][debug][gc,phases      ] GC(10)     Total                          Min: 0, Avg:  0.0, Max: 0, Diff: 0, Sum: 0, Workers: 4
[51.323s][debug][gc,phases      ] GC(10)   StringTable Weak               Min:  0.3, Avg:  0.3, Max:  0.3, Diff:  0.0, Sum:  1.2, Workers: 4
[51.323s][debug][gc,phases      ] GC(10)     Dead                           Min: 0, Avg:  0.8, Max: 2, Diff: 2, Sum: 3, Workers: 4
[51.323s][debug][gc,phases      ] GC(10)     Total                          Min: 10585, Avg: 10918.2, Max: 11712, Diff: 1127, Sum: 43673, Workers: 4
[51.323s][debug][gc,phases      ] GC(10)   ResolvedMethodTable Weak       Min:  0.1, Avg:  0.1, Max:  0.1, Diff:  0.0, Sum:  0.4, Workers: 4
[51.323s][debug][gc,phases      ] GC(10)     Dead                           Min: 2, Avg: 14.2, Max: 47, Diff: 45, Sum: 57, Workers: 4
[51.323s][debug][gc,phases      ] GC(10)     Total                          Min: 3194, Avg: 3360.8, Max: 3461, Diff: 267, Sum: 13443, Workers: 4
[51.323s][debug][gc,phases      ] GC(10)   JNI Weak                       Min:  0.0, Avg:  0.0, Max:  0.0, Diff:  0.0, Sum:  0.0, Workers: 4
[51.323s][debug][gc,phases      ] GC(10)     Dead                           Min: 0, Avg:  0.0, Max: 0, Diff: 0, Sum: 0, Workers: 4
[51.323s][debug][gc,phases      ] GC(10)     Total                          Min: 0, Avg: 13.0, Max: 52, Diff: 52, Sum: 52, Workers: 4
[51.323s][debug][gc,phases      ] GC(10)   StringDedup Table Weak         Min:  0.0, Avg:  0.0, Max:  0.0, Diff:  0.0, Sum:  0.0, Workers: 4
[51.323s][debug][gc,phases      ] GC(10)     Dead                           Min: 0, Avg:  0.0, Max: 0, Diff: 0, Sum: 0, Workers: 4
[51.323s][debug][gc,phases      ] GC(10)     Total                          Min: 0, Avg:  0.0, Max: 0, Diff: 0, Sum: 0, Workers: 4
[51.323s][debug][gc,phases      ] GC(10)   StringDedup Requests0 Weak     Min:  0.0, Avg:  0.0, Max:  0.0, Diff:  0.0, Sum:  0.0, Workers: 4
[51.323s][debug][gc,phases      ] GC(10)     Dead                           Min: 0, Avg:  0.0, Max: 0, Diff: 0, Sum: 0, Workers: 4
[51.323s][debug][gc,phases      ] GC(10)     Total                          Min: 0, Avg:  0.0, Max: 0, Diff: 0, Sum: 0, Workers: 4
[51.323s][debug][gc,phases      ] GC(10)   StringDedup Requests1 Weak     Min:  0.0, Avg:  0.0, Max:  0.0, Diff:  0.0, Sum:  0.0, Workers: 4
[51.323s][debug][gc,phases      ] GC(10)     Dead                           Min: 0, Avg:  0.0, Max: 0, Diff: 0, Sum: 0, Workers: 4
[51.323s][debug][gc,phases      ] GC(10)     Total                          Min: 0, Avg:  0.0, Max: 0, Diff: 0, Sum: 0, Workers: 4
[51.323s][debug][gc,phases      ] GC(10)   Weak JFR Old Object Samples    Min:  0.0, Avg:  0.0, Max:  0.0, Diff:  0.0, Sum:  0.0, Workers: 4
[51.323s][debug][gc,phases      ] GC(10)     Dead                           Min: 0, Avg:  0.0, Max: 0, Diff: 0, Sum: 0, Workers: 4
[51.323s][debug][gc,phases      ] GC(10)     Total                          Min: 0, Avg:  0.0, Max: 0, Diff: 0, Sum: 0, Workers: 4
[51.323s][debug][gc,phases      ] GC(10) Weak Processing 0.610ms
[51.323s][debug][gc,age         ] GC(10) Desired survivor size 272105472 bytes, new threshold 4 (max threshold 15)
[51.323s][info ][gc,heap        ] GC(10) PSYoungGen: 1792383K(1801728K)->178279K(1766912K) Eden: 1588224K(1588224K)->0K(1588224K) From: 204159K(213504K)->178279K(178688K)
[51.323s][info ][gc,heap        ] GC(10) ParOldGen: 6382K(6656K)->60461K(60928K)
[51.323s][info ][gc,metaspace   ] GC(10) Metaspace: 99192K(100288K)->99192K(100288K) NonClass: 84172K(84800K)->84172K(84800K) Class: 15019K(15488K)->15019K(15488K)
[51.323s][info ][gc             ] GC(10) Pause Young (Allocation Failure) 1756M->233M(1785M) 91.265ms
[51.323s][info ][gc,cpu         ] GC(10) User=0.30s Sys=0.04s Real=0.09s
[51.323s][info ][safepoint      ] Safepoint "ParallelGCFailedAllocation", Time since last: 301571098 ns, Reaching safepoint: 79699 ns, Cleanup: 44100 ns, At safepoint: 91353679 ns, Total: 91477478 ns
[52.323s][info ][safepoint      ] Safepoint "Cleanup", Time since last: 1000092566 ns, Reaching safepoint: 5700 ns, Cleanup: 52000 ns, At safepoint: 2200 ns, Total: 59900 ns
[53.323s][info ][safepoint      ] Safepoint "Cleanup", Time since last: 1000102567 ns, Reaching safepoint: 5700 ns, Cleanup: 27500 ns, At safepoint: 1600 ns, Total: 34800 ns
[54.323s][info ][safepoint      ] Safepoint "Cleanup", Time since last: 1000104967 ns, Reaching safepoint: 6700 ns, Cleanup: 20700 ns, At safepoint: 2000 ns, Total: 29400 ns
[55.323s][info ][safepoint      ] Safepoint "Cleanup", Time since last: 1000110566 ns, Reaching safepoint: 5500 ns, Cleanup: 29000 ns, At safepoint: 2300 ns, Total: 36800 ns
[57.038s][info ][safepoint      ] Safepoint "Cleanup", Time since last: 1714854937 ns, Reaching safepoint: 5600 ns, Cleanup: 180299 ns, At safepoint: 2400 ns, Total: 188299 ns
[58.039s][info ][safepoint      ] Safepoint "Cleanup", Time since last: 1000100882 ns, Reaching safepoint: 5600 ns, Cleanup: 55600 ns, At safepoint: 7000 ns, Total: 68200 ns
[59.039s][info ][safepoint      ] Safepoint "Cleanup", Time since last: 1000113781 ns, Reaching safepoint: 6600 ns, Cleanup: 40600 ns, At safepoint: 2800 ns, Total: 50000 ns
[60.039s][info ][safepoint      ] Safepoint "Cleanup", Time since last: 1000099082 ns, Reaching safepoint: 5700 ns, Cleanup: 52399 ns, At safepoint: 1600 ns, Total: 59699 ns
[61.043s][info ][safepoint      ] Safepoint "Cleanup", Time since last: 1003809677 ns, Reaching safepoint: 5900 ns, Cleanup: 28800 ns, At safepoint: 1900 ns, Total: 36600 ns
[62.043s][info ][safepoint      ] Safepoint "Cleanup", Time since last: 1000107181 ns, Reaching safepoint: 5300 ns, Cleanup: 53000 ns, At safepoint: 2600 ns, Total: 60900 ns
[63.043s][info ][safepoint      ] Safepoint "Cleanup", Time since last: 1000107982 ns, Reaching safepoint: 5500 ns, Cleanup: 28000 ns, At safepoint: 2400 ns, Total: 35900 ns
[64.043s][info ][safepoint      ] Safepoint "Cleanup", Time since last: 1000096081 ns, Reaching safepoint: 6100 ns, Cleanup: 20300 ns, At safepoint: 2000 ns, Total: 28400 ns
[65.043s][info ][safepoint      ] Safepoint "Cleanup", Time since last: 1000100781 ns, Reaching safepoint: 5900 ns, Cleanup: 44400 ns, At safepoint: 2500 ns, Total: 52800 ns
[66.044s][info ][safepoint      ] Safepoint "Cleanup", Time since last: 1000108481 ns, Reaching safepoint: 6100 ns, Cleanup: 23500 ns, At safepoint: 2400 ns, Total: 32000 ns
[67.044s][info ][safepoint      ] Safepoint "Cleanup", Time since last: 1000112081 ns, Reaching safepoint: 5400 ns, Cleanup: 11700 ns, At safepoint: 1700 ns, Total: 18800 ns
[68.044s][info ][safepoint      ] Safepoint "Cleanup", Time since last: 1000103181 ns, Reaching safepoint: 5300 ns, Cleanup: 12800 ns, At safepoint: 1700 ns, Total: 19800 ns
[69.044s][info ][safepoint      ] Safepoint "Cleanup", Time since last: 1000102281 ns, Reaching safepoint: 5200 ns, Cleanup: 19600 ns, At safepoint: 2000 ns, Total: 26800 ns
[70.044s][info ][safepoint      ] Safepoint "Cleanup", Time since last: 1000100281 ns, Reaching safepoint: 5800 ns, Cleanup: 12700 ns, At safepoint: 2000 ns, Total: 20500 ns
[71.044s][info ][safepoint      ] Safepoint "Cleanup", Time since last: 1000103882 ns, Reaching safepoint: 5100 ns, Cleanup: 8000 ns, At safepoint: 1600 ns, Total: 14700 ns
[72.044s][info ][safepoint      ] Safepoint "Cleanup", Time since last: 1000107281 ns, Reaching safepoint: 5600 ns, Cleanup: 20800 ns, At safepoint: 2500 ns, Total: 28900 ns
[73.044s][info ][safepoint      ] Safepoint "Cleanup", Time since last: 1000119582 ns, Reaching safepoint: 9600 ns, Cleanup: 41800 ns, At safepoint: 3900 ns, Total: 55300 ns
[74.045s][info ][safepoint      ] Safepoint "Cleanup", Time since last: 1000128282 ns, Reaching safepoint: 5400 ns, Cleanup: 12900 ns, At safepoint: 2000 ns, Total: 20300 ns
[75.045s][info ][safepoint      ] Safepoint "Cleanup", Time since last: 1000115481 ns, Reaching safepoint: 4900 ns, Cleanup: 55400 ns, At safepoint: 1800 ns, Total: 62100 ns
[76.045s][info ][safepoint      ] Safepoint "Cleanup", Time since last: 1000107882 ns, Reaching safepoint: 10500 ns, Cleanup: 26000 ns, At safepoint: 3600 ns, Total: 40100 ns
[77.045s][info ][safepoint      ] Safepoint "Cleanup", Time since last: 1000115782 ns, Reaching safepoint: 6100 ns, Cleanup: 14000 ns, At safepoint: 2000 ns, Total: 22100 ns
[78.045s][info ][safepoint      ] Safepoint "Cleanup", Time since last: 1000108882 ns, Reaching safepoint: 5700 ns, Cleanup: 23400 ns, At safepoint: 2200 ns, Total: 31300 ns
[79.050s][info ][safepoint      ] Safepoint "ICBufferFull", Time since last: 1004799875 ns, Reaching safepoint: 6200 ns, Cleanup: 118200 ns, At safepoint: 7000 ns, Total: 131400 ns
[79.395s][info ][safepoint      ] Safepoint "ICBufferFull", Time since last: 344589546 ns, Reaching safepoint: 83300 ns, Cleanup: 155500 ns, At safepoint: 11700 ns, Total: 250500 ns
[79.595s][info ][safepoint      ] Safepoint "ICBufferFull", Time since last: 199450734 ns, Reaching safepoint: 6300 ns, Cleanup: 96000 ns, At safepoint: 9800 ns, Total: 112100 ns
[79.682s][info ][safepoint      ] Safepoint "ICBufferFull", Time since last: 87132780 ns, Reaching safepoint: 88800 ns, Cleanup: 135100 ns, At safepoint: 19000 ns, Total: 242900 ns
[80.725s][info ][safepoint      ] Safepoint "Cleanup", Time since last: 1042841969 ns, Reaching safepoint: 6500 ns, Cleanup: 57700 ns, At safepoint: 2900 ns, Total: 67100 ns
[81.725s][info ][safepoint      ] Safepoint "Cleanup", Time since last: 1000108528 ns, Reaching safepoint: 6300 ns, Cleanup: 22100 ns, At safepoint: 2600 ns, Total: 31000 ns
[82.725s][info ][safepoint      ] Safepoint "Cleanup", Time since last: 1000101527 ns, Reaching safepoint: 5800 ns, Cleanup: 72000 ns, At safepoint: 2500 ns, Total: 80300 ns
[83.725s][info ][safepoint      ] Safepoint "Cleanup", Time since last: 1000100728 ns, Reaching safepoint: 6000 ns, Cleanup: 53400 ns, At safepoint: 2100 ns, Total: 61500 ns
[84.725s][info ][safepoint      ] Safepoint "Cleanup", Time since last: 1000107928 ns, Reaching safepoint: 6400 ns, Cleanup: 18600 ns, At safepoint: 2500 ns, Total: 27500 ns
[85.532s][info ][safepoint      ] Safepoint "ParallelGCFailedAllocation", Time since last: 806797693 ns, Reaching safepoint: 5400 ns, Cleanup: 20400 ns, At safepoint: 5000 ns, Total: 30800 ns
[85.532s][info ][gc,start       ] GC(11) Pause Young (GCLocker Initiated GC)
[85.615s][debug][gc,phases      ] GC(11) Scavenge 82.254ms
[85.615s][debug][gc,ref         ] GC(11) ReferenceProcessor::execute queues: 1, RefProcThreadModel::Single, marks_oops_alive: false
[85.615s][debug][gc,ref         ] GC(11) Skipped KeepAliveFinalRefsPhase of Reference Processing: no references
[85.615s][debug][gc,ref         ] GC(11) ReferenceProcessor::execute queues: 1, RefProcThreadModel::Single, marks_oops_alive: false
[85.615s][debug][gc,phases      ] GC(11) Reference Processing 0.179ms
[85.615s][debug][gc,phases      ] GC(11)   VM Weak                        Min:  0.0, Avg:  0.0, Max:  0.0, Diff:  0.0, Sum:  0.0, Workers: 4
[85.615s][debug][gc,phases      ] GC(11)     Dead                           Min: 0, Avg:  0.0, Max: 0, Diff: 0, Sum: 0, Workers: 4
[85.615s][debug][gc,phases      ] GC(11)     Total                          Min: 0, Avg: 219.2, Max: 512, Diff: 512, Sum: 877, Workers: 4
[85.615s][debug][gc,phases      ] GC(11)   ObjectSynchronizer Weak        Min:  0.0, Avg:  0.0, Max:  0.0, Diff:  0.0, Sum:  0.0, Workers: 4
[85.615s][debug][gc,phases      ] GC(11)     Dead                           Min: 0, Avg:  3.5, Max: 14, Diff: 14, Sum: 14, Workers: 4
[85.615s][debug][gc,phases      ] GC(11)     Total                          Min: 0, Avg:  9.5, Max: 38, Diff: 38, Sum: 38, Workers: 4
[85.615s][debug][gc,phases      ] GC(11)   JVMTI Tag Weak OopStorage      Min:  0.0, Avg:  0.0, Max:  0.0, Diff:  0.0, Sum:  0.0, Workers: 4
[85.615s][debug][gc,phases      ] GC(11)     Dead                           Min: 0, Avg:  0.0, Max: 0, Diff: 0, Sum: 0, Workers: 4
[85.615s][debug][gc,phases      ] GC(11)     Total                          Min: 0, Avg:  0.0, Max: 0, Diff: 0, Sum: 0, Workers: 4
[85.615s][debug][gc,phases      ] GC(11)   StringTable Weak               Min:  0.2, Avg:  0.2, Max:  0.2, Diff:  0.0, Sum:  0.9, Workers: 4
[85.615s][debug][gc,phases      ] GC(11)     Dead                           Min: 0, Avg:  2.2, Max: 4, Diff: 4, Sum: 9, Workers: 4
[85.615s][debug][gc,phases      ] GC(11)     Total                          Min: 8897, Avg: 11024.2, Max: 12224, Diff: 3327, Sum: 44097, Workers: 4
[85.615s][debug][gc,phases      ] GC(11)   ResolvedMethodTable Weak       Min:  0.1, Avg:  0.1, Max:  0.1, Diff:  0.0, Sum:  0.4, Workers: 4
[85.615s][debug][gc,phases      ] GC(11)     Dead                           Min: 19, Avg: 28.2, Max: 45, Diff: 26, Sum: 113, Workers: 4
[85.615s][debug][gc,phases      ] GC(11)     Total                          Min: 3300, Avg: 3456.2, Max: 3646, Diff: 346, Sum: 13825, Workers: 4
[85.615s][debug][gc,phases      ] GC(11)   JNI Weak                       Min:  0.0, Avg:  0.0, Max:  0.0, Diff:  0.0, Sum:  0.0, Workers: 4
[85.615s][debug][gc,phases      ] GC(11)     Dead                           Min: 0, Avg:  0.0, Max: 0, Diff: 0, Sum: 0, Workers: 4
[85.615s][debug][gc,phases      ] GC(11)     Total                          Min: 0, Avg: 13.0, Max: 52, Diff: 52, Sum: 52, Workers: 4
[85.615s][debug][gc,phases      ] GC(11)   StringDedup Table Weak         Min:  0.0, Avg:  0.0, Max:  0.0, Diff:  0.0, Sum:  0.0, Workers: 4
[85.615s][debug][gc,phases      ] GC(11)     Dead                           Min: 0, Avg:  0.0, Max: 0, Diff: 0, Sum: 0, Workers: 4
[85.615s][debug][gc,phases      ] GC(11)     Total                          Min: 0, Avg:  0.0, Max: 0, Diff: 0, Sum: 0, Workers: 4
[85.615s][debug][gc,phases      ] GC(11)   StringDedup Requests0 Weak     Min:  0.0, Avg:  0.0, Max:  0.0, Diff:  0.0, Sum:  0.0, Workers: 4
[85.615s][debug][gc,phases      ] GC(11)     Dead                           Min: 0, Avg:  0.0, Max: 0, Diff: 0, Sum: 0, Workers: 4
[85.615s][debug][gc,phases      ] GC(11)     Total                          Min: 0, Avg:  0.0, Max: 0, Diff: 0, Sum: 0, Workers: 4
[85.615s][debug][gc,phases      ] GC(11)   StringDedup Requests1 Weak     Min:  0.0, Avg:  0.0, Max:  0.0, Diff:  0.0, Sum:  0.0, Workers: 4
[85.615s][debug][gc,phases      ] GC(11)     Dead                           Min: 0, Avg:  0.0, Max: 0, Diff: 0, Sum: 0, Workers: 4
[85.615s][debug][gc,phases      ] GC(11)     Total                          Min: 0, Avg:  0.0, Max: 0, Diff: 0, Sum: 0, Workers: 4
[85.615s][debug][gc,phases      ] GC(11)   Weak JFR Old Object Samples    Min:  0.0, Avg:  0.0, Max:  0.0, Diff:  0.0, Sum:  0.0, Workers: 4
[85.615s][debug][gc,phases      ] GC(11)     Dead                           Min: 0, Avg:  0.0, Max: 0, Diff: 0, Sum: 0, Workers: 4
[85.615s][debug][gc,phases      ] GC(11)     Total                          Min: 0, Avg:  0.0, Max: 0, Diff: 0, Sum: 0, Workers: 4
[85.615s][debug][gc,phases      ] GC(11) Weak Processing 0.562ms
[85.615s][debug][gc,age         ] GC(11) Desired survivor size 256376832 bytes, new threshold 3 (max threshold 15)
[85.615s][info ][gc,heap        ] GC(11) PSYoungGen: 1766503K(1766912K)->119145K(1846784K) Eden: 1588224K(1588224K)->0K(1581056K) From: 178279K(178688K)->119145K(265728K)
[85.615s][info ][gc,heap        ] GC(11) ParOldGen: 60463K(60928K)->146456K(146944K)
[85.615s][info ][gc,metaspace   ] GC(11) Metaspace: 100634K(101760K)->100634K(101760K) NonClass: 85424K(86080K)->85424K(86080K) Class: 15209K(15680K)->15209K(15680K)
[85.615s][info ][gc             ] GC(11) Pause Young (GCLocker Initiated GC) 1784M->259M(1947M) 83.102ms
[85.616s][info ][gc,cpu         ] GC(11) User=0.27s Sys=0.04s Real=0.09s
[85.616s][info ][safepoint      ] Safepoint "ParallelGCSystemGC", Time since last: 89700 ns, Reaching safepoint: 1000 ns, Cleanup: 400 ns, At safepoint: 83171586 ns, Total: 83172986 ns
[86.616s][info ][safepoint      ] Safepoint "Cleanup", Time since last: 1000091727 ns, Reaching safepoint: 6600 ns, Cleanup: 16600 ns, At safepoint: 1900 ns, Total: 25100 ns
[87.616s][info ][safepoint      ] Safepoint "Cleanup", Time since last: 1000108932 ns, Reaching safepoint: 5800 ns, Cleanup: 11600 ns, At safepoint: 2300 ns, Total: 19700 ns
[88.616s][info ][safepoint      ] Safepoint "Cleanup", Time since last: 1000096484 ns, Reaching safepoint: 5600 ns, Cleanup: 8600 ns, At safepoint: 2200 ns, Total: 16400 ns
[89.717s][info ][safepoint      ] Safepoint "Cleanup", Time since last: 1100685051 ns, Reaching safepoint: 79700 ns, Cleanup: 115700 ns, At safepoint: 12500 ns, Total: 207900 ns
[90.717s][info ][safepoint      ] Safepoint "Cleanup", Time since last: 1000102084 ns, Reaching safepoint: 5400 ns, Cleanup: 109100 ns, At safepoint: 3300 ns, Total: 117800 ns
[91.717s][info ][safepoint      ] Safepoint "Cleanup", Time since last: 1000113184 ns, Reaching safepoint: 5800 ns, Cleanup: 48400 ns, At safepoint: 2100 ns, Total: 56300 ns
[92.717s][info ][safepoint      ] Safepoint "Cleanup", Time since last: 1000102684 ns, Reaching safepoint: 6600 ns, Cleanup: 26699 ns, At safepoint: 2400 ns, Total: 35699 ns
[93.717s][info ][safepoint      ] Safepoint "Cleanup", Time since last: 1000106484 ns, Reaching safepoint: 5900 ns, Cleanup: 33800 ns, At safepoint: 2300 ns, Total: 42000 ns
[94.718s][info ][safepoint      ] Safepoint "Cleanup", Time since last: 1000099684 ns, Reaching safepoint: 5400 ns, Cleanup: 21100 ns, At safepoint: 1900 ns, Total: 28400 ns
[95.718s][info ][safepoint      ] Safepoint "Cleanup", Time since last: 1000109485 ns, Reaching safepoint: 6600 ns, Cleanup: 23800 ns, At safepoint: 2600 ns, Total: 33000 ns
[96.718s][info ][safepoint      ] Safepoint "Cleanup", Time since last: 1000104608 ns, Reaching safepoint: 6500 ns, Cleanup: 11900 ns, At safepoint: 2500 ns, Total: 20900 ns
[97.718s][info ][safepoint      ] Safepoint "Cleanup", Time since last: 1000108508 ns, Reaching safepoint: 6100 ns, Cleanup: 21600 ns, At safepoint: 2600 ns, Total: 30300 ns
[98.718s][info ][safepoint      ] Safepoint "Cleanup", Time since last: 1000103408 ns, Reaching safepoint: 6600 ns, Cleanup: 15000 ns, At safepoint: 1900 ns, Total: 23500 ns
[99.718s][info ][safepoint      ] Safepoint "Cleanup", Time since last: 1000098808 ns, Reaching safepoint: 6300 ns, Cleanup: 9400 ns, At safepoint: 2100 ns, Total: 17800 ns
[100.718s][info ][safepoint      ] Safepoint "Cleanup", Time since last: 1000106708 ns, Reaching safepoint: 5900 ns, Cleanup: 8100 ns, At safepoint: 2300 ns, Total: 16300 ns
[101.719s][info ][safepoint      ] Safepoint "Cleanup", Time since last: 1000103209 ns, Reaching safepoint: 6100 ns, Cleanup: 35600 ns, At safepoint: 3300 ns, Total: 45000 ns
[102.719s][info ][safepoint      ] Safepoint "Cleanup", Time since last: 1000110795 ns, Reaching safepoint: 6100 ns, Cleanup: 15800 ns, At safepoint: 2000 ns, Total: 23900 ns
[103.719s][info ][safepoint      ] Safepoint "Cleanup", Time since last: 1000122658 ns, Reaching safepoint: 5500 ns, Cleanup: 10200 ns, At safepoint: 1900 ns, Total: 17600 ns
[104.719s][info ][safepoint      ] Safepoint "Cleanup", Time since last: 1000104365 ns, Reaching safepoint: 10600 ns, Cleanup: 24500 ns, At safepoint: 2800 ns, Total: 37900 ns
[105.719s][info ][safepoint      ] Safepoint "Cleanup", Time since last: 1000111465 ns, Reaching safepoint: 5100 ns, Cleanup: 12800 ns, At safepoint: 2400 ns, Total: 20300 ns
[106.719s][info ][safepoint      ] Safepoint "Cleanup", Time since last: 1000091565 ns, Reaching safepoint: 5900 ns, Cleanup: 16600 ns, At safepoint: 2200 ns, Total: 24700 ns
[107.719s][info ][safepoint      ] Safepoint "Cleanup", Time since last: 1000097465 ns, Reaching safepoint: 6200 ns, Cleanup: 12100 ns, At safepoint: 1900 ns, Total: 20200 ns
[108.719s][info ][safepoint      ] Safepoint "Cleanup", Time since last: 1000096966 ns, Reaching safepoint: 5600 ns, Cleanup: 21399 ns, At safepoint: 2000 ns, Total: 28999 ns
[109.720s][info ][safepoint      ] Safepoint "Cleanup", Time since last: 1000096366 ns, Reaching safepoint: 6400 ns, Cleanup: 15400 ns, At safepoint: 1800 ns, Total: 23600 ns
[110.720s][info ][safepoint      ] Safepoint "Cleanup", Time since last: 1000117165 ns, Reaching safepoint: 6000 ns, Cleanup: 11600 ns, At safepoint: 2000 ns, Total: 19600 ns
[111.720s][info ][safepoint      ] Safepoint "Cleanup", Time since last: 1000105400 ns, Reaching safepoint: 11200 ns, Cleanup: 17000 ns, At safepoint: 3100 ns, Total: 31300 ns
[112.720s][info ][safepoint      ] Safepoint "Cleanup", Time since last: 1000114104 ns, Reaching safepoint: 5500 ns, Cleanup: 14200 ns, At safepoint: 2600 ns, Total: 22300 ns
[113.720s][info ][safepoint      ] Safepoint "Cleanup", Time since last: 1000103205 ns, Reaching safepoint: 5700 ns, Cleanup: 13500 ns, At safepoint: 2600 ns, Total: 21800 ns
[114.720s][info ][safepoint      ] Safepoint "Cleanup", Time since last: 1000106704 ns, Reaching safepoint: 6100 ns, Cleanup: 13100 ns, At safepoint: 2600 ns, Total: 21800 ns
[115.720s][info ][safepoint      ] Safepoint "Cleanup", Time since last: 1000106204 ns, Reaching safepoint: 5900 ns, Cleanup: 7600 ns, At safepoint: 2000 ns, Total: 15500 ns
[116.720s][info ][safepoint      ] Safepoint "Cleanup", Time since last: 1000097476 ns, Reaching safepoint: 5400 ns, Cleanup: 26600 ns, At safepoint: 1700 ns, Total: 33700 ns
[117.721s][info ][safepoint      ] Safepoint "Cleanup", Time since last: 1000104956 ns, Reaching safepoint: 6600 ns, Cleanup: 16500 ns, At safepoint: 2100 ns, Total: 25200 ns
[118.721s][info ][safepoint      ] Safepoint "Cleanup", Time since last: 1000101255 ns, Reaching safepoint: 5600 ns, Cleanup: 13100 ns, At safepoint: 3600 ns, Total: 22300 ns
[119.721s][info ][safepoint      ] Safepoint "Cleanup", Time since last: 1000106777 ns, Reaching safepoint: 9100 ns, Cleanup: 12500 ns, At safepoint: 2400 ns, Total: 24000 ns
[121.060s][info ][safepoint      ] Safepoint "Cleanup", Time since last: 1339136978 ns, Reaching safepoint: 6500 ns, Cleanup: 12500 ns, At safepoint: 2300 ns, Total: 21300 ns
[122.060s][info ][safepoint      ] Safepoint "Cleanup", Time since last: 1000117813 ns, Reaching safepoint: 5700 ns, Cleanup: 24099 ns, At safepoint: 2500 ns, Total: 32299 ns
[123.060s][info ][safepoint      ] Safepoint "Cleanup", Time since last: 1000124613 ns, Reaching safepoint: 6700 ns, Cleanup: 8800 ns, At safepoint: 3000 ns, Total: 18500 ns
[125.012s][info ][safepoint      ] Safepoint "Cleanup", Time since last: 1952112172 ns, Reaching safepoint: 4500 ns, Cleanup: 8400 ns, At safepoint: 3700 ns, Total: 16600 ns
[126.013s][info ][safepoint      ] Safepoint "Cleanup", Time since last: 1000995412 ns, Reaching safepoint: 6100 ns, Cleanup: 13700 ns, At safepoint: 1900 ns, Total: 21700 ns
[127.014s][info ][safepoint      ] Safepoint "Cleanup", Time since last: 1000104813 ns, Reaching safepoint: 5200 ns, Cleanup: 12499 ns, At safepoint: 1800 ns, Total: 19499 ns
[130.014s][info ][safepoint      ] Safepoint "Cleanup", Time since last: 3000246164 ns, Reaching safepoint: 6500 ns, Cleanup: 25000 ns, At safepoint: 3300 ns, Total: 34800 ns
[131.014s][info ][safepoint      ] Safepoint "Cleanup", Time since last: 1000127023 ns, Reaching safepoint: 6300 ns, Cleanup: 15100 ns, At safepoint: 7100 ns, Total: 28500 ns
[132.014s][info ][safepoint      ] Safepoint "Cleanup", Time since last: 1000113023 ns, Reaching safepoint: 6700 ns, Cleanup: 16600 ns, At safepoint: 2500 ns, Total: 25800 ns
[133.014s][info ][safepoint      ] Safepoint "Cleanup", Time since last: 1000109123 ns, Reaching safepoint: 6200 ns, Cleanup: 14700 ns, At safepoint: 2500 ns, Total: 23400 ns
[134.014s][info ][safepoint      ] Safepoint "Cleanup", Time since last: 1000135423 ns, Reaching safepoint: 6600 ns, Cleanup: 7000 ns, At safepoint: 2500 ns, Total: 16100 ns
[136.015s][info ][safepoint      ] Safepoint "Cleanup", Time since last: 2000185122 ns, Reaching safepoint: 5600 ns, Cleanup: 7800 ns, At safepoint: 1600 ns, Total: 15000 ns
[137.015s][info ][safepoint      ] Safepoint "Cleanup", Time since last: 1000101865 ns, Reaching safepoint: 6699 ns, Cleanup: 13500 ns, At safepoint: 2100 ns, Total: 22299 ns
[138.015s][info ][safepoint      ] Safepoint "Cleanup", Time since last: 1000135565 ns, Reaching safepoint: 5800 ns, Cleanup: 16600 ns, At safepoint: 1900 ns, Total: 24300 ns
[139.015s][info ][safepoint      ] Safepoint "Cleanup", Time since last: 1000130264 ns, Reaching safepoint: 5700 ns, Cleanup: 23400 ns, At safepoint: 2300 ns, Total: 31400 ns
[139.525s][info ][gc,start       ] GC(12) Pause Young (Allocation Failure)
[139.580s][debug][gc,phases      ] GC(12) Scavenge 54.790ms
[139.580s][debug][gc,ref         ] GC(12) ReferenceProcessor::execute queues: 1, RefProcThreadModel::Single, marks_oops_alive: false
[139.580s][debug][gc,ref         ] GC(12) Skipped KeepAliveFinalRefsPhase of Reference Processing: no references
[139.580s][debug][gc,ref         ] GC(12) ReferenceProcessor::execute queues: 1, RefProcThreadModel::Single, marks_oops_alive: false
[139.580s][debug][gc,phases      ] GC(12) Reference Processing 0.301ms
[139.581s][debug][gc,phases      ] GC(12)   VM Weak                        Min:  0.0, Avg:  0.0, Max:  0.0, Diff:  0.0, Sum:  0.1, Workers: 4
[139.581s][debug][gc,phases      ] GC(12)     Dead                           Min: 0, Avg:  0.0, Max: 0, Diff: 0, Sum: 0, Workers: 4
[139.581s][debug][gc,phases      ] GC(12)     Total                          Min: 0, Avg: 221.2, Max: 501, Diff: 501, Sum: 885, Workers: 4
[139.581s][debug][gc,phases      ] GC(12)   ObjectSynchronizer Weak        Min:  0.0, Avg:  0.0, Max:  0.0, Diff:  0.0, Sum:  0.0, Workers: 4
[139.581s][debug][gc,phases      ] GC(12)     Dead                           Min: 0, Avg:  0.0, Max: 0, Diff: 0, Sum: 0, Workers: 4
[139.581s][debug][gc,phases      ] GC(12)     Total                          Min: 0, Avg:  1.0, Max: 4, Diff: 4, Sum: 4, Workers: 4
[139.581s][debug][gc,phases      ] GC(12)   JVMTI Tag Weak OopStorage      Min:  0.0, Avg:  0.0, Max:  0.0, Diff:  0.0, Sum:  0.0, Workers: 4
[139.581s][debug][gc,phases      ] GC(12)     Dead                           Min: 0, Avg:  0.0, Max: 0, Diff: 0, Sum: 0, Workers: 4
[139.581s][debug][gc,phases      ] GC(12)     Total                          Min: 0, Avg:  0.0, Max: 0, Diff: 0, Sum: 0, Workers: 4
[139.581s][debug][gc,phases      ] GC(12)   StringTable Weak               Min:  0.0, Avg:  0.2, Max:  0.3, Diff:  0.3, Sum:  0.9, Workers: 4
[139.581s][debug][gc,phases      ] GC(12)     Dead                           Min: 0, Avg:  0.8, Max: 2, Diff: 2, Sum: 3, Workers: 4
[139.581s][debug][gc,phases      ] GC(12)     Total                          Min: 0, Avg: 11078.8, Max: 15067, Diff: 15067, Sum: 44315, Workers: 4
[139.581s][debug][gc,phases      ] GC(12)   ResolvedMethodTable Weak       Min:  0.0, Avg:  0.1, Max:  0.1, Diff:  0.1, Sum:  0.3, Workers: 4
[139.581s][debug][gc,phases      ] GC(12)     Dead                           Min: 0, Avg:  9.2, Max: 19, Diff: 19, Sum: 37, Workers: 4
[139.581s][debug][gc,phases      ] GC(12)     Total                          Min: 0, Avg: 3482.8, Max: 4689, Diff: 4689, Sum: 13931, Workers: 4
[139.581s][debug][gc,phases      ] GC(12)   JNI Weak                       Min:  0.0, Avg:  0.0, Max:  0.0, Diff:  0.0, Sum:  0.0, Workers: 4
[139.581s][debug][gc,phases      ] GC(12)     Dead                           Min: 0, Avg:  0.0, Max: 0, Diff: 0, Sum: 0, Workers: 4
[139.581s][debug][gc,phases      ] GC(12)     Total                          Min: 0, Avg: 13.0, Max: 52, Diff: 52, Sum: 52, Workers: 4
[139.581s][debug][gc,phases      ] GC(12)   StringDedup Table Weak         Min:  0.0, Avg:  0.0, Max:  0.0, Diff:  0.0, Sum:  0.0, Workers: 4
[139.581s][debug][gc,phases      ] GC(12)     Dead                           Min: 0, Avg:  0.0, Max: 0, Diff: 0, Sum: 0, Workers: 4
[139.581s][debug][gc,phases      ] GC(12)     Total                          Min: 0, Avg:  0.0, Max: 0, Diff: 0, Sum: 0, Workers: 4
[139.581s][debug][gc,phases      ] GC(12)   StringDedup Requests0 Weak     Min:  0.0, Avg:  0.0, Max:  0.0, Diff:  0.0, Sum:  0.0, Workers: 4
[139.581s][debug][gc,phases      ] GC(12)     Dead                           Min: 0, Avg:  0.0, Max: 0, Diff: 0, Sum: 0, Workers: 4
[139.581s][debug][gc,phases      ] GC(12)     Total                          Min: 0, Avg:  0.0, Max: 0, Diff: 0, Sum: 0, Workers: 4
[139.581s][debug][gc,phases      ] GC(12)   StringDedup Requests1 Weak     Min:  0.0, Avg:  0.0, Max:  0.0, Diff:  0.0, Sum:  0.0, Workers: 4
[139.581s][debug][gc,phases      ] GC(12)     Dead                           Min: 0, Avg:  0.0, Max: 0, Diff: 0, Sum: 0, Workers: 4
[139.581s][debug][gc,phases      ] GC(12)     Total                          Min: 0, Avg:  0.0, Max: 0, Diff: 0, Sum: 0, Workers: 4
[139.581s][debug][gc,phases      ] GC(12)   Weak JFR Old Object Samples    Min:  0.0, Avg:  0.0, Max:  0.0, Diff:  0.0, Sum:  0.0, Workers: 4
[139.581s][debug][gc,phases      ] GC(12)     Dead                           Min: 0, Avg:  0.0, Max: 0, Diff: 0, Sum: 0, Workers: 4
[139.581s][debug][gc,phases      ] GC(12)     Total                          Min: 0, Avg:  0.0, Max: 0, Diff: 0, Sum: 0, Workers: 4
[139.581s][debug][gc,phases      ] GC(12) Weak Processing 0.699ms
[139.581s][debug][gc,age         ] GC(12) Desired survivor size 253231104 bytes, new threshold 2 (max threshold 15)
[139.581s][info ][gc,heap        ] GC(12) PSYoungGen: 1700201K(1846784K)->67943K(1831424K) Eden: 1581056K(1581056K)->0K(1581056K) From: 119145K(265728K)->67943K(250368K)
[139.581s][info ][gc,heap        ] GC(12) ParOldGen: 146459K(146944K)->212620K(212992K)
[139.581s][info ][gc,metaspace   ] GC(12) Metaspace: 101227K(102464K)->101227K(102464K) NonClass: 85956K(86656K)->85956K(86656K) Class: 15270K(15808K)->15270K(15808K)
[139.581s][info ][gc             ] GC(12) Pause Young (Allocation Failure) 1803M->273M(1996M) 55.979ms
[139.581s][info ][gc,cpu         ] GC(12) User=0.16s Sys=0.03s Real=0.06s
[139.581s][info ][safepoint      ] Safepoint "ParallelGCFailedAllocation", Time since last: 509912772 ns, Reaching safepoint: 8000 ns, Cleanup: 11800 ns, At safepoint: 56085742 ns, Total: 56105542 ns
[140.581s][info ][safepoint      ] Safepoint "Cleanup", Time since last: 1000099364 ns, Reaching safepoint: 76500 ns, Cleanup: 10700 ns, At safepoint: 7200 ns, Total: 94400 ns
[141.581s][info ][safepoint      ] Safepoint "Cleanup", Time since last: 1000097364 ns, Reaching safepoint: 77300 ns, Cleanup: 14200 ns, At safepoint: 5400 ns, Total: 96900 ns
[142.582s][info ][safepoint      ] Safepoint "Cleanup", Time since last: 1000105864 ns, Reaching safepoint: 79900 ns, Cleanup: 15100 ns, At safepoint: 6000 ns, Total: 101000 ns
[143.582s][info ][safepoint      ] Safepoint "Cleanup", Time since last: 1000107265 ns, Reaching safepoint: 76000 ns, Cleanup: 8000 ns, At safepoint: 5300 ns, Total: 89300 ns
[144.582s][info ][safepoint      ] Safepoint "Cleanup", Time since last: 1000097165 ns, Reaching safepoint: 74500 ns, Cleanup: 8700 ns, At safepoint: 16600 ns, Total: 99800 ns
[146.582s][info ][safepoint      ] Safepoint "Cleanup", Time since last: 2000188743 ns, Reaching safepoint: 80500 ns, Cleanup: 13600 ns, At safepoint: 6900 ns, Total: 101000 ns
[147.582s][info ][safepoint      ] Safepoint "Cleanup", Time since last: 1000111888 ns, Reaching safepoint: 6300 ns, Cleanup: 9000 ns, At safepoint: 2200 ns, Total: 17500 ns
[148.583s][info ][safepoint      ] Safepoint "Cleanup", Time since last: 1000104998 ns, Reaching safepoint: 5600 ns, Cleanup: 7600 ns, At safepoint: 1700 ns, Total: 14900 ns
[149.583s][info ][safepoint      ] Safepoint "Cleanup", Time since last: 1000105998 ns, Reaching safepoint: 78500 ns, Cleanup: 7600 ns, At safepoint: 5800 ns, Total: 91900 ns
[150.583s][info ][safepoint      ] Safepoint "Cleanup", Time since last: 1000105698 ns, Reaching safepoint: 5000 ns, Cleanup: 13500 ns, At safepoint: 2000 ns, Total: 20500 ns
[151.583s][info ][safepoint      ] Safepoint "Cleanup", Time since last: 1000099197 ns, Reaching safepoint: 5500 ns, Cleanup: 11200 ns, At safepoint: 1800 ns, Total: 18500 ns
[152.583s][info ][safepoint      ] Safepoint "Cleanup", Time since last: 1000105096 ns, Reaching safepoint: 5600 ns, Cleanup: 22700 ns, At safepoint: 2000 ns, Total: 30300 ns
[153.583s][info ][safepoint      ] Safepoint "Cleanup", Time since last: 1000094279 ns, Reaching safepoint: 5800 ns, Cleanup: 6100 ns, At safepoint: 1700 ns, Total: 13600 ns
[154.583s][info ][safepoint      ] Safepoint "Cleanup", Time since last: 1000116780 ns, Reaching safepoint: 6500 ns, Cleanup: 10300 ns, At safepoint: 2300 ns, Total: 19100 ns
[155.584s][info ][safepoint      ] Safepoint "Cleanup", Time since last: 1000103479 ns, Reaching safepoint: 5700 ns, Cleanup: 7300 ns, At safepoint: 2100 ns, Total: 15100 ns
[156.584s][info ][safepoint      ] Safepoint "Cleanup", Time since last: 1000098580 ns, Reaching safepoint: 5800 ns, Cleanup: 9200 ns, At safepoint: 2200 ns, Total: 17200 ns
[157.584s][info ][safepoint      ] Safepoint "Cleanup", Time since last: 1000100079 ns, Reaching safepoint: 5400 ns, Cleanup: 6900 ns, At safepoint: 2200 ns, Total: 14500 ns
[158.584s][info ][safepoint      ] Safepoint "Cleanup", Time since last: 1000104080 ns, Reaching safepoint: 6000 ns, Cleanup: 8800 ns, At safepoint: 2300 ns, Total: 17100 ns
[159.584s][info ][safepoint      ] Safepoint "Cleanup", Time since last: 1000102702 ns, Reaching safepoint: 5800 ns, Cleanup: 7400 ns, At safepoint: 2100 ns, Total: 15300 ns
[161.584s][info ][safepoint      ] Safepoint "Cleanup", Time since last: 2000167866 ns, Reaching safepoint: 5700 ns, Cleanup: 8400 ns, At safepoint: 2000 ns, Total: 16100 ns
[162.584s][info ][safepoint      ] Safepoint "Cleanup", Time since last: 1000101350 ns, Reaching safepoint: 5800 ns, Cleanup: 10500 ns, At safepoint: 1700 ns, Total: 18000 ns
[165.585s][info ][safepoint      ] Safepoint "Cleanup", Time since last: 3000241151 ns, Reaching safepoint: 5900 ns, Cleanup: 9100 ns, At safepoint: 2800 ns, Total: 17800 ns
[167.585s][info ][safepoint      ] Safepoint "Cleanup", Time since last: 2000183361 ns, Reaching safepoint: 5900 ns, Cleanup: 15400 ns, At safepoint: 2100 ns, Total: 23400 ns
[168.585s][info ][safepoint      ] Safepoint "Cleanup", Time since last: 1000103814 ns, Reaching safepoint: 5900 ns, Cleanup: 10800 ns, At safepoint: 1800 ns, Total: 18500 ns
[172.585s][info ][safepoint      ] Safepoint "Cleanup", Time since last: 4000311972 ns, Reaching safepoint: 5600 ns, Cleanup: 10400 ns, At safepoint: 2200 ns, Total: 18200 ns
[173.585s][info ][safepoint      ] Safepoint "Cleanup", Time since last: 1000119318 ns, Reaching safepoint: 10400 ns, Cleanup: 16800 ns, At safepoint: 2900 ns, Total: 30100 ns
[174.586s][info ][safepoint      ] Safepoint "Cleanup", Time since last: 1000121117 ns, Reaching safepoint: 5400 ns, Cleanup: 8900 ns, At safepoint: 2400 ns, Total: 16700 ns
[176.586s][info ][safepoint      ] Safepoint "Cleanup", Time since last: 2000158812 ns, Reaching safepoint: 5200 ns, Cleanup: 8700 ns, At safepoint: 1900 ns, Total: 15800 ns
[181.078s][info ][safepoint      ] Safepoint "Cleanup", Time since last: 4492085354 ns, Reaching safepoint: 5300 ns, Cleanup: 6300 ns, At safepoint: 1900 ns, Total: 13500 ns
[182.078s][info ][safepoint      ] Safepoint "Cleanup", Time since last: 1000123284 ns, Reaching safepoint: 6200 ns, Cleanup: 14200 ns, At safepoint: 2500 ns, Total: 22900 ns
[183.078s][info ][safepoint      ] Safepoint "Cleanup", Time since last: 1000111184 ns, Reaching safepoint: 6600 ns, Cleanup: 9600 ns, At safepoint: 2000 ns, Total: 18200 ns
[187.078s][info ][safepoint      ] Safepoint "Cleanup", Time since last: 4000328249 ns, Reaching safepoint: 5100 ns, Cleanup: 9100 ns, At safepoint: 2000 ns, Total: 16200 ns
[188.079s][info ][safepoint      ] Safepoint "Cleanup", Time since last: 1000113458 ns, Reaching safepoint: 9700 ns, Cleanup: 15800 ns, At safepoint: 2800 ns, Total: 28300 ns
[190.079s][info ][safepoint      ] Safepoint "Cleanup", Time since last: 2000234116 ns, Reaching safepoint: 5600 ns, Cleanup: 8800 ns, At safepoint: 2300 ns, Total: 16700 ns
[192.079s][info ][safepoint      ] Safepoint "Cleanup", Time since last: 2000168649 ns, Reaching safepoint: 5400 ns, Cleanup: 11700 ns, At safepoint: 1500 ns, Total: 18600 ns
[197.079s][info ][safepoint      ] Safepoint "Cleanup", Time since last: 5000389983 ns, Reaching safepoint: 79000 ns, Cleanup: 10200 ns, At safepoint: 6600 ns, Total: 95800 ns
[200.080s][info ][safepoint      ] Safepoint "Cleanup", Time since last: 3000261096 ns, Reaching safepoint: 76200 ns, Cleanup: 26100 ns, At safepoint: 4700 ns, Total: 107000 ns
[201.080s][info ][safepoint      ] Safepoint "Cleanup", Time since last: 1000120303 ns, Reaching safepoint: 77500 ns, Cleanup: 16200 ns, At safepoint: 5700 ns, Total: 99400 ns
[202.080s][info ][safepoint      ] Safepoint "Cleanup", Time since last: 1000106802 ns, Reaching safepoint: 78300 ns, Cleanup: 10100 ns, At safepoint: 5500 ns, Total: 93900 ns
[203.081s][info ][safepoint      ] Safepoint "Cleanup", Time since last: 1000137903 ns, Reaching safepoint: 85700 ns, Cleanup: 16800 ns, At safepoint: 6600 ns, Total: 109100 ns
[204.081s][info ][safepoint      ] Safepoint "Cleanup", Time since last: 1000117302 ns, Reaching safepoint: 79000 ns, Cleanup: 19000 ns, At safepoint: 5400 ns, Total: 103400 ns
[205.081s][info ][safepoint      ] Safepoint "Cleanup", Time since last: 1000106803 ns, Reaching safepoint: 77799 ns, Cleanup: 13700 ns, At safepoint: 4800 ns, Total: 96299 ns
[207.081s][info ][safepoint      ] Safepoint "Cleanup", Time since last: 2000217806 ns, Reaching safepoint: 81599 ns, Cleanup: 9500 ns, At safepoint: 6900 ns, Total: 97999 ns
[208.433s][info ][safepoint      ] Safepoint "Cleanup", Time since last: 1351378948 ns, Reaching safepoint: 83100 ns, Cleanup: 28900 ns, At safepoint: 7100 ns, Total: 119100 ns
[209.433s][info ][safepoint      ] Safepoint "Cleanup", Time since last: 1000111783 ns, Reaching safepoint: 5000 ns, Cleanup: 16700 ns, At safepoint: 1500 ns, Total: 23200 ns
[210.433s][info ][safepoint      ] Safepoint "Cleanup", Time since last: 1000095583 ns, Reaching safepoint: 5200 ns, Cleanup: 7600 ns, At safepoint: 1700 ns, Total: 14500 ns
[212.433s][info ][safepoint      ] Safepoint "Cleanup", Time since last: 2000166166 ns, Reaching safepoint: 5400 ns, Cleanup: 8900 ns, At safepoint: 2100 ns, Total: 16400 ns
[214.433s][info ][safepoint      ] Safepoint "Cleanup", Time since last: 2000181767 ns, Reaching safepoint: 5600 ns, Cleanup: 9900 ns, At safepoint: 2100 ns, Total: 17600 ns
[217.434s][info ][safepoint      ] Safepoint "Cleanup", Time since last: 3000280253 ns, Reaching safepoint: 5900 ns, Cleanup: 8100 ns, At safepoint: 1600 ns, Total: 15600 ns
[218.431s][info ][gc,start       ] GC(13) Pause Young (Allocation Failure)
[218.461s][debug][gc,phases      ] GC(13) Scavenge 30.686ms
[218.462s][debug][gc,ref         ] GC(13) ReferenceProcessor::execute queues: 1, RefProcThreadModel::Single, marks_oops_alive: false
[218.462s][debug][gc,ref         ] GC(13) Skipped KeepAliveFinalRefsPhase of Reference Processing: no references
[218.462s][debug][gc,ref         ] GC(13) ReferenceProcessor::execute queues: 1, RefProcThreadModel::Single, marks_oops_alive: false
[218.462s][debug][gc,phases      ] GC(13) Reference Processing 0.131ms
[218.462s][debug][gc,phases      ] GC(13)   VM Weak                        Min:  0.0, Avg:  0.0, Max:  0.0, Diff:  0.0, Sum:  0.0, Workers: 4
[218.462s][debug][gc,phases      ] GC(13)     Dead                           Min: 0, Avg:  0.0, Max: 0, Diff: 0, Sum: 0, Workers: 4
[218.462s][debug][gc,phases      ] GC(13)     Total                          Min: 0, Avg: 222.5, Max: 832, Diff: 832, Sum: 890, Workers: 4
[218.462s][debug][gc,phases      ] GC(13)   ObjectSynchronizer Weak        Min:  0.0, Avg:  0.0, Max:  0.0, Diff:  0.0, Sum:  0.0, Workers: 4
[218.462s][debug][gc,phases      ] GC(13)     Dead                           Min: 0, Avg:  0.0, Max: 0, Diff: 0, Sum: 0, Workers: 4
[218.462s][debug][gc,phases      ] GC(13)     Total                          Min: 0, Avg:  0.8, Max: 3, Diff: 3, Sum: 3, Workers: 4
[218.462s][debug][gc,phases      ] GC(13)   JVMTI Tag Weak OopStorage      Min:  0.0, Avg:  0.0, Max:  0.0, Diff:  0.0, Sum:  0.0, Workers: 4
[218.462s][debug][gc,phases      ] GC(13)     Dead                           Min: 0, Avg:  0.0, Max: 0, Diff: 0, Sum: 0, Workers: 4
[218.462s][debug][gc,phases      ] GC(13)     Total                          Min: 0, Avg:  0.0, Max: 0, Diff: 0, Sum: 0, Workers: 4
[218.462s][debug][gc,phases      ] GC(13)   StringTable Weak               Min:  0.0, Avg:  0.1, Max:  0.1, Diff:  0.1, Sum:  0.4, Workers: 4
[218.462s][debug][gc,phases      ] GC(13)     Dead                           Min: 0, Avg:  0.5, Max: 2, Diff: 2, Sum: 2, Workers: 4
[218.462s][debug][gc,phases      ] GC(13)     Total                          Min: 0, Avg: 11101.2, Max: 17909, Diff: 17909, Sum: 44405, Workers: 4
[218.462s][debug][gc,phases      ] GC(13)   ResolvedMethodTable Weak       Min:  0.0, Avg:  0.0, Max:  0.1, Diff:  0.1, Sum:  0.2, Workers: 4
[218.462s][debug][gc,phases      ] GC(13)     Dead                           Min: 0, Avg:  8.2, Max: 21, Diff: 21, Sum: 33, Workers: 4
[218.462s][debug][gc,phases      ] GC(13)     Total                          Min: 0, Avg: 3491.0, Max: 5541, Diff: 5541, Sum: 13964, Workers: 4
[218.462s][debug][gc,phases      ] GC(13)   JNI Weak                       Min:  0.0, Avg:  0.0, Max:  0.0, Diff:  0.0, Sum:  0.0, Workers: 4
[218.462s][debug][gc,phases      ] GC(13)     Dead                           Min: 0, Avg:  0.0, Max: 0, Diff: 0, Sum: 0, Workers: 4
[218.462s][debug][gc,phases      ] GC(13)     Total                          Min: 0, Avg: 13.0, Max: 52, Diff: 52, Sum: 52, Workers: 4
[218.462s][debug][gc,phases      ] GC(13)   StringDedup Table Weak         Min:  0.0, Avg:  0.0, Max:  0.0, Diff:  0.0, Sum:  0.0, Workers: 4
[218.462s][debug][gc,phases      ] GC(13)     Dead                           Min: 0, Avg:  0.0, Max: 0, Diff: 0, Sum: 0, Workers: 4
[218.462s][debug][gc,phases      ] GC(13)     Total                          Min: 0, Avg:  0.0, Max: 0, Diff: 0, Sum: 0, Workers: 4
[218.462s][debug][gc,phases      ] GC(13)   StringDedup Requests0 Weak     Min:  0.0, Avg:  0.0, Max:  0.0, Diff:  0.0, Sum:  0.0, Workers: 4
[218.462s][debug][gc,phases      ] GC(13)     Dead                           Min: 0, Avg:  0.0, Max: 0, Diff: 0, Sum: 0, Workers: 4
[218.462s][debug][gc,phases      ] GC(13)     Total                          Min: 0, Avg:  0.0, Max: 0, Diff: 0, Sum: 0, Workers: 4
[218.462s][debug][gc,phases      ] GC(13)   StringDedup Requests1 Weak     Min:  0.0, Avg:  0.0, Max:  0.0, Diff:  0.0, Sum:  0.0, Workers: 4
[218.462s][debug][gc,phases      ] GC(13)     Dead                           Min: 0, Avg:  0.0, Max: 0, Diff: 0, Sum: 0, Workers: 4
[218.462s][debug][gc,phases      ] GC(13)     Total                          Min: 0, Avg:  0.0, Max: 0, Diff: 0, Sum: 0, Workers: 4
[218.462s][debug][gc,phases      ] GC(13)   Weak JFR Old Object Samples    Min:  0.0, Avg:  0.0, Max:  0.0, Diff:  0.0, Sum:  0.0, Workers: 4
[218.462s][debug][gc,phases      ] GC(13)     Dead                           Min: 0, Avg:  0.0, Max: 0, Diff: 0, Sum: 0, Workers: 4
[218.462s][debug][gc,phases      ] GC(13)     Total                          Min: 0, Avg:  0.0, Max: 0, Diff: 0, Sum: 0, Workers: 4
[218.462s][debug][gc,phases      ] GC(13) Weak Processing 0.432ms
[218.462s][debug][gc,age         ] GC(13) Desired survivor size 257949696 bytes, new threshold 1 (max threshold 15)
[218.462s][info ][gc,heap        ] GC(13) PSYoungGen: 1648999K(1831424K)->14987K(1840640K) Eden: 1581056K(1581056K)->0K(1593344K) From: 67943K(250368K)->14987K(247296K)
[218.462s][info ][gc,heap        ] GC(13) ParOldGen: 212620K(212992K)->268771K(268800K)
[218.462s][info ][gc,metaspace   ] GC(13) Metaspace: 101397K(102592K)->101397K(102592K) NonClass: 86111K(86784K)->86111K(86784K) Class: 15286K(15808K)->15286K(15808K)
[218.462s][info ][gc             ] GC(13) Pause Young (Allocation Failure) 1817M->277M(2060M) 31.383ms
[218.462s][info ][gc,cpu         ] GC(13) User=0.08s Sys=0.03s Real=0.03s
[218.462s][info ][safepoint      ] Safepoint "ParallelGCFailedAllocation", Time since last: 996927431 ns, Reaching safepoint: 4900 ns, Cleanup: 7400 ns, At safepoint: 31450772 ns, Total: 31463072 ns
[219.462s][info ][safepoint      ] Safepoint "Cleanup", Time since last: 1000089528 ns, Reaching safepoint: 6100 ns, Cleanup: 8600 ns, At safepoint: 2300 ns, Total: 17000 ns
[222.462s][info ][safepoint      ] Safepoint "Cleanup", Time since last: 3000281684 ns, Reaching safepoint: 6500 ns, Cleanup: 12500 ns, At safepoint: 2500 ns, Total: 21500 ns
[225.463s][info ][safepoint      ] Safepoint "Cleanup", Time since last: 3000292254 ns, Reaching safepoint: 5300 ns, Cleanup: 14000 ns, At safepoint: 1700 ns, Total: 21000 ns
[227.463s][info ][safepoint      ] Safepoint "Cleanup", Time since last: 2000179962 ns, Reaching safepoint: 11500 ns, Cleanup: 15800 ns, At safepoint: 2800 ns, Total: 30100 ns
[230.463s][info ][safepoint      ] Safepoint "Cleanup", Time since last: 3000277245 ns, Reaching safepoint: 5200 ns, Cleanup: 10900 ns, At safepoint: 2300 ns, Total: 18400 ns
[231.463s][info ][safepoint      ] Safepoint "Cleanup", Time since last: 1000121081 ns, Reaching safepoint: 5800 ns, Cleanup: 11900 ns, At safepoint: 2000 ns, Total: 19700 ns
[232.464s][info ][safepoint      ] Safepoint "Cleanup", Time since last: 1000109432 ns, Reaching safepoint: 6100 ns, Cleanup: 13000 ns, At safepoint: 2200 ns, Total: 21300 ns
[233.464s][info ][safepoint      ] Safepoint "Cleanup", Time since last: 1000112016 ns, Reaching safepoint: 5600 ns, Cleanup: 7800 ns, At safepoint: 1900 ns, Total: 15300 ns
[234.464s][info ][safepoint      ] Safepoint "Cleanup", Time since last: 1000108715 ns, Reaching safepoint: 6100 ns, Cleanup: 19300 ns, At safepoint: 2100 ns, Total: 27500 ns
[235.464s][info ][safepoint      ] Safepoint "Cleanup", Time since last: 1000138416 ns, Reaching safepoint: 6200 ns, Cleanup: 10700 ns, At safepoint: 2500 ns, Total: 19400 ns
[239.464s][info ][safepoint      ] Safepoint "Cleanup", Time since last: 4000360775 ns, Reaching safepoint: 8100 ns, Cleanup: 15600 ns, At safepoint: 1900 ns, Total: 25600 ns
[241.465s][info ][safepoint      ] Safepoint "Cleanup", Time since last: 2000175337 ns, Reaching safepoint: 5800 ns, Cleanup: 9500 ns, At safepoint: 2000 ns, Total: 17300 ns
[242.465s][info ][safepoint      ] Safepoint "Cleanup", Time since last: 1000144179 ns, Reaching safepoint: 6000 ns, Cleanup: 11500 ns, At safepoint: 1900 ns, Total: 19400 ns
[244.465s][info ][safepoint      ] Safepoint "Cleanup", Time since last: 2000195258 ns, Reaching safepoint: 5200 ns, Cleanup: 8100 ns, At safepoint: 2400 ns, Total: 15700 ns
[247.465s][info ][safepoint      ] Safepoint "Cleanup", Time since last: 3000268937 ns, Reaching safepoint: 5400 ns, Cleanup: 8900 ns, At safepoint: 2100 ns, Total: 16400 ns
[248.465s][info ][safepoint      ] Safepoint "Cleanup", Time since last: 1000113455 ns, Reaching safepoint: 5900 ns, Cleanup: 10700 ns, At safepoint: 2100 ns, Total: 18700 ns
[250.466s][info ][safepoint      ] Safepoint "Cleanup", Time since last: 2000209768 ns, Reaching safepoint: 6700 ns, Cleanup: 9400 ns, At safepoint: 2300 ns, Total: 18400 ns
[252.466s][info ][safepoint      ] Safepoint "Cleanup", Time since last: 2000208267 ns, Reaching safepoint: 5600 ns, Cleanup: 30200 ns, At safepoint: 3000 ns, Total: 38800 ns
[254.466s][info ][safepoint      ] Safepoint "Cleanup", Time since last: 2000193068 ns, Reaching safepoint: 6100 ns, Cleanup: 12800 ns, At safepoint: 2700 ns, Total: 21600 ns
[255.466s][info ][safepoint      ] Safepoint "Cleanup", Time since last: 1000115984 ns, Reaching safepoint: 6500 ns, Cleanup: 12900 ns, At safepoint: 2100 ns, Total: 21500 ns
[256.466s][info ][safepoint      ] Safepoint "Cleanup", Time since last: 1000126969 ns, Reaching safepoint: 7000 ns, Cleanup: 9900 ns, At safepoint: 2500 ns, Total: 19400 ns
[260.467s][info ][safepoint      ] Safepoint "Cleanup", Time since last: 4000384702 ns, Reaching safepoint: 6500 ns, Cleanup: 12000 ns, At safepoint: 2600 ns, Total: 21100 ns
[262.467s][info ][safepoint      ] Safepoint "Cleanup", Time since last: 2000181351 ns, Reaching safepoint: 5600 ns, Cleanup: 10900 ns, At safepoint: 2300 ns, Total: 18800 ns
[263.467s][info ][safepoint      ] Safepoint "Cleanup", Time since last: 1000131426 ns, Reaching safepoint: 6900 ns, Cleanup: 9300 ns, At safepoint: 2100 ns, Total: 18300 ns
[272.468s][info ][safepoint      ] Safepoint "Cleanup", Time since last: 9000660626 ns, Reaching safepoint: 6200 ns, Cleanup: 10700 ns, At safepoint: 2200 ns, Total: 19100 ns
[275.468s][info ][safepoint      ] Safepoint "Cleanup", Time since last: 3000332576 ns, Reaching safepoint: 6400 ns, Cleanup: 10600 ns, At safepoint: 2600 ns, Total: 19600 ns
[277.468s][info ][safepoint      ] Safepoint "Cleanup", Time since last: 2000185751 ns, Reaching safepoint: 6200 ns, Cleanup: 10700 ns, At safepoint: 2600 ns, Total: 19500 ns
[279.469s][info ][safepoint      ] Safepoint "Cleanup", Time since last: 2000212451 ns, Reaching safepoint: 6100 ns, Cleanup: 12600 ns, At safepoint: 2000 ns, Total: 20700 ns
[282.469s][info ][safepoint      ] Safepoint "Cleanup", Time since last: 3000309883 ns, Reaching safepoint: 5900 ns, Cleanup: 10200 ns, At safepoint: 2100 ns, Total: 18200 ns
[292.470s][info ][safepoint      ] Safepoint "Cleanup", Time since last: 10000833950 ns, Reaching safepoint: 6100 ns, Cleanup: 10200 ns, At safepoint: 2300 ns, Total: 18600 ns
[296.470s][info ][safepoint      ] Safepoint "Cleanup", Time since last: 4000346210 ns, Reaching safepoint: 5800 ns, Cleanup: 7800 ns, At safepoint: 1900 ns, Total: 15500 ns
[299.470s][info ][safepoint      ] Safepoint "Cleanup", Time since last: 3000294270 ns, Reaching safepoint: 5900 ns, Cleanup: 9900 ns, At safepoint: 2400 ns, Total: 18200 ns
[302.471s][info ][safepoint      ] Safepoint "Cleanup", Time since last: 3000291069 ns, Reaching safepoint: 5900 ns, Cleanup: 10900 ns, At safepoint: 2000 ns, Total: 18800 ns
[302.881s][info ][gc,start       ] GC(14) Pause Young (Allocation Failure)
[302.891s][debug][gc,phases      ] GC(14) Scavenge 10.220ms
[302.891s][debug][gc,ref         ] GC(14) ReferenceProcessor::execute queues: 1, RefProcThreadModel::Single, marks_oops_alive: false
[302.891s][debug][gc,ref         ] GC(14) Skipped KeepAliveFinalRefsPhase of Reference Processing: no references
[302.891s][debug][gc,ref         ] GC(14) Skipped PhantomRefsPhase of Reference Processing: no references
[302.891s][debug][gc,phases      ] GC(14) Reference Processing 0.116ms
[302.892s][debug][gc,phases      ] GC(14)   VM Weak                        Min:  0.0, Avg:  0.0, Max:  0.0, Diff:  0.0, Sum:  0.0, Workers: 4
[302.892s][debug][gc,phases      ] GC(14)     Dead                           Min: 0, Avg:  0.0, Max: 0, Diff: 0, Sum: 0, Workers: 4
[302.892s][debug][gc,phases      ] GC(14)     Total                          Min: 0, Avg: 222.5, Max: 512, Diff: 512, Sum: 890, Workers: 4
[302.892s][debug][gc,phases      ] GC(14)   ObjectSynchronizer Weak        Min:  0.0, Avg:  0.0, Max:  0.0, Diff:  0.0, Sum:  0.0, Workers: 4
[302.892s][debug][gc,phases      ] GC(14)     Dead                           Min: 0, Avg:  0.0, Max: 0, Diff: 0, Sum: 0, Workers: 4
[302.892s][debug][gc,phases      ] GC(14)     Total                          Min: 0, Avg:  0.8, Max: 3, Diff: 3, Sum: 3, Workers: 4
[302.892s][debug][gc,phases      ] GC(14)   JVMTI Tag Weak OopStorage      Min:  0.0, Avg:  0.0, Max:  0.0, Diff:  0.0, Sum:  0.0, Workers: 4
[302.892s][debug][gc,phases      ] GC(14)     Dead                           Min: 0, Avg:  0.0, Max: 0, Diff: 0, Sum: 0, Workers: 4
[302.892s][debug][gc,phases      ] GC(14)     Total                          Min: 0, Avg:  0.0, Max: 0, Diff: 0, Sum: 0, Workers: 4
[302.892s][debug][gc,phases      ] GC(14)   StringTable Weak               Min:  0.0, Avg:  0.1, Max:  0.2, Diff:  0.2, Sum:  0.3, Workers: 4
[302.892s][debug][gc,phases      ] GC(14)     Dead                           Min: 0, Avg:  0.0, Max: 0, Diff: 0, Sum: 0, Workers: 4
[302.892s][debug][gc,phases      ] GC(14)     Total                          Min: 0, Avg: 11116.0, Max: 27328, Diff: 27328, Sum: 44464, Workers: 4
[302.892s][debug][gc,phases      ] GC(14)   ResolvedMethodTable Weak       Min:  0.0, Avg:  0.0, Max:  0.1, Diff:  0.1, Sum:  0.1, Workers: 4
[302.892s][debug][gc,phases      ] GC(14)     Dead                           Min: 0, Avg:  4.0, Max: 16, Diff: 16, Sum: 16, Workers: 4
[302.892s][debug][gc,phases      ] GC(14)     Total                          Min: 0, Avg: 3491.0, Max: 8015, Diff: 8015, Sum: 13964, Workers: 4
[302.892s][debug][gc,phases      ] GC(14)   JNI Weak                       Min:  0.0, Avg:  0.0, Max:  0.0, Diff:  0.0, Sum:  0.0, Workers: 4
[302.892s][debug][gc,phases      ] GC(14)     Dead                           Min: 0, Avg:  0.0, Max: 0, Diff: 0, Sum: 0, Workers: 4
[302.892s][debug][gc,phases      ] GC(14)     Total                          Min: 0, Avg: 13.0, Max: 52, Diff: 52, Sum: 52, Workers: 4
[302.892s][debug][gc,phases      ] GC(14)   StringDedup Table Weak         Min:  0.0, Avg:  0.0, Max:  0.0, Diff:  0.0, Sum:  0.0, Workers: 4
[302.892s][debug][gc,phases      ] GC(14)     Dead                           Min: 0, Avg:  0.0, Max: 0, Diff: 0, Sum: 0, Workers: 4
[302.892s][debug][gc,phases      ] GC(14)     Total                          Min: 0, Avg:  0.0, Max: 0, Diff: 0, Sum: 0, Workers: 4
[302.892s][debug][gc,phases      ] GC(14)   StringDedup Requests0 Weak     Min:  0.0, Avg:  0.0, Max:  0.0, Diff:  0.0, Sum:  0.0, Workers: 4
[302.892s][debug][gc,phases      ] GC(14)     Dead                           Min: 0, Avg:  0.0, Max: 0, Diff: 0, Sum: 0, Workers: 4
[302.892s][debug][gc,phases      ] GC(14)     Total                          Min: 0, Avg:  0.0, Max: 0, Diff: 0, Sum: 0, Workers: 4
[302.892s][debug][gc,phases      ] GC(14)   StringDedup Requests1 Weak     Min:  0.0, Avg:  0.0, Max:  0.0, Diff:  0.0, Sum:  0.0, Workers: 4
[302.892s][debug][gc,phases      ] GC(14)     Dead                           Min: 0, Avg:  0.0, Max: 0, Diff: 0, Sum: 0, Workers: 4
[302.892s][debug][gc,phases      ] GC(14)     Total                          Min: 0, Avg:  0.0, Max: 0, Diff: 0, Sum: 0, Workers: 4
[302.892s][debug][gc,phases      ] GC(14)   Weak JFR Old Object Samples    Min:  0.0, Avg:  0.0, Max:  0.0, Diff:  0.0, Sum:  0.0, Workers: 4
[302.892s][debug][gc,phases      ] GC(14)     Dead                           Min: 0, Avg:  0.0, Max: 0, Diff: 0, Sum: 0, Workers: 4
[302.892s][debug][gc,phases      ] GC(14)     Total                          Min: 0, Avg:  0.0, Max: 0, Diff: 0, Sum: 0, Workers: 4
[302.892s][debug][gc,phases      ] GC(14) Weak Processing 0.456ms
[302.892s][debug][gc,age         ] GC(14) Desired survivor size 262144000 bytes, new threshold 1 (max threshold 15)
[302.892s][info ][gc,heap        ] GC(14) PSYoungGen: 1608331K(1840640K)->2048K(1595904K) Eden: 1593344K(1593344K)->0K(1593344K) From: 14987K(247296K)->2048K(2560K)
[302.892s][info ][gc,heap        ] GC(14) ParOldGen: 268771K(268800K)->282232K(282624K)
[302.892s][info ][gc,metaspace   ] GC(14) Metaspace: 101484K(102720K)->101484K(102720K) NonClass: 86198K(86912K)->86198K(86912K) Class: 15286K(15808K)->15286K(15808K)
[302.892s][info ][gc             ] GC(14) Pause Young (Allocation Failure) 1833M->277M(1834M) 10.913ms
[302.892s][info ][gc,cpu         ] GC(14) User=0.02s Sys=0.01s Real=0.01s
[302.892s][info ][safepoint      ] Safepoint "ParallelGCFailedAllocation", Time since last: 410266795 ns, Reaching safepoint: 5000 ns, Cleanup: 3600 ns, At safepoint: 10975792 ns, Total: 10984392 ns
[304.892s][info ][safepoint      ] Safepoint "Cleanup", Time since last: 2000176699 ns, Reaching safepoint: 6000 ns, Cleanup: 9400 ns, At safepoint: 1900 ns, Total: 17300 ns
[305.892s][info ][safepoint      ] Safepoint "Cleanup", Time since last: 1000112944 ns, Reaching safepoint: 5600 ns, Cleanup: 12300 ns, At safepoint: 2300 ns, Total: 20200 ns
[308.893s][info ][safepoint      ] Safepoint "Cleanup", Time since last: 3000277232 ns, Reaching safepoint: 6800 ns, Cleanup: 12500 ns, At safepoint: 3800 ns, Total: 23100 ns
[309.893s][info ][safepoint      ] Safepoint "Cleanup", Time since last: 1000126444 ns, Reaching safepoint: 5200 ns, Cleanup: 11500 ns, At safepoint: 2400 ns, Total: 19100 ns
[311.500s][info ][safepoint      ] Safepoint "Cleanup", Time since last: 1607469285 ns, Reaching safepoint: 3900 ns, Cleanup: 30500 ns, At safepoint: 4400 ns, Total: 38800 ns
[312.538s][info ][safepoint      ] Safepoint "Cleanup", Time since last: 1037804716 ns, Reaching safepoint: 6900 ns, Cleanup: 68300 ns, At safepoint: 2200 ns, Total: 77400 ns
[313.538s][info ][safepoint      ] Safepoint "Cleanup", Time since last: 1000138244 ns, Reaching safepoint: 7100 ns, Cleanup: 16800 ns, At safepoint: 2000 ns, Total: 25900 ns
[314.538s][info ][safepoint      ] Safepoint "Cleanup", Time since last: 1000146144 ns, Reaching safepoint: 5900 ns, Cleanup: 10000 ns, At safepoint: 2000 ns, Total: 17900 ns
[317.539s][info ][safepoint      ] Safepoint "Cleanup", Time since last: 3000267332 ns, Reaching safepoint: 6900 ns, Cleanup: 10900 ns, At safepoint: 2700 ns, Total: 20500 ns
[318.539s][info ][safepoint      ] Safepoint "Cleanup", Time since last: 1000108444 ns, Reaching safepoint: 6800 ns, Cleanup: 9600 ns, At safepoint: 2300 ns, Total: 18700 ns
[319.539s][info ][safepoint      ] Safepoint "Cleanup", Time since last: 1000133444 ns, Reaching safepoint: 7100 ns, Cleanup: 6800 ns, At safepoint: 1900 ns, Total: 15800 ns
[321.539s][info ][safepoint      ] Safepoint "Cleanup", Time since last: 2000199991 ns, Reaching safepoint: 4900 ns, Cleanup: 16300 ns, At safepoint: 4800 ns, Total: 26000 ns
[322.539s][info ][safepoint      ] Safepoint "Cleanup", Time since last: 1000131346 ns, Reaching safepoint: 6900 ns, Cleanup: 9900 ns, At safepoint: 2300 ns, Total: 19100 ns
[323.540s][info ][safepoint      ] Safepoint "Cleanup", Time since last: 1000121746 ns, Reaching safepoint: 5700 ns, Cleanup: 8700 ns, At safepoint: 2100 ns, Total: 16500 ns
[324.540s][info ][safepoint      ] Safepoint "Cleanup", Time since last: 1000133345 ns, Reaching safepoint: 9000 ns, Cleanup: 11000 ns, At safepoint: 2800 ns, Total: 22800 ns
[325.540s][info ][safepoint      ] Safepoint "Cleanup", Time since last: 1000125346 ns, Reaching safepoint: 7500 ns, Cleanup: 11000 ns, At safepoint: 3000 ns, Total: 21500 ns
[328.540s][info ][safepoint      ] Safepoint "Cleanup", Time since last: 3000291727 ns, Reaching safepoint: 6700 ns, Cleanup: 8500 ns, At safepoint: 1600 ns, Total: 16800 ns
[331.540s][info ][safepoint      ] Safepoint "Cleanup", Time since last: 3000239894 ns, Reaching safepoint: 4700 ns, Cleanup: 6400 ns, At safepoint: 2100 ns, Total: 13200 ns
[335.541s][info ][safepoint      ] Safepoint "Cleanup", Time since last: 4000339125 ns, Reaching safepoint: 7500 ns, Cleanup: 13400 ns, At safepoint: 2600 ns, Total: 23500 ns
[338.541s][info ][safepoint      ] Safepoint "Cleanup", Time since last: 3000265109 ns, Reaching safepoint: 7000 ns, Cleanup: 9300 ns, At safepoint: 2400 ns, Total: 18700 ns
[339.541s][info ][safepoint      ] Safepoint "Cleanup", Time since last: 1000134173 ns, Reaching safepoint: 14100 ns, Cleanup: 19000 ns, At safepoint: 3600 ns, Total: 36700 ns
[340.541s][info ][safepoint      ] Safepoint "Cleanup", Time since last: 1000137774 ns, Reaching safepoint: 8400 ns, Cleanup: 12500 ns, At safepoint: 3000 ns, Total: 23900 ns
[341.542s][info ][safepoint      ] Safepoint "Cleanup", Time since last: 1000109174 ns, Reaching safepoint: 5400 ns, Cleanup: 6800 ns, At safepoint: 1900 ns, Total: 14100 ns
[342.542s][info ][safepoint      ] Safepoint "Cleanup", Time since last: 1000110473 ns, Reaching safepoint: 13100 ns, Cleanup: 15500 ns, At safepoint: 3500 ns, Total: 32100 ns
[343.542s][info ][safepoint      ] Safepoint "Cleanup", Time since last: 1000138074 ns, Reaching safepoint: 6600 ns, Cleanup: 24400 ns, At safepoint: 2600 ns, Total: 33600 ns
[345.542s][info ][safepoint      ] Safepoint "Cleanup", Time since last: 2000199228 ns, Reaching safepoint: 6200 ns, Cleanup: 10400 ns, At safepoint: 1500 ns, Total: 18100 ns
[352.543s][info ][safepoint      ] Safepoint "Cleanup", Time since last: 7000565938 ns, Reaching safepoint: 6000 ns, Cleanup: 12000 ns, At safepoint: 1900 ns, Total: 19900 ns
[357.543s][info ][safepoint      ] Safepoint "Cleanup", Time since last: 5000501536 ns, Reaching safepoint: 6000 ns, Cleanup: 36900 ns, At safepoint: 2500 ns, Total: 45400 ns
[358.543s][info ][safepoint      ] Safepoint "Cleanup", Time since last: 1000143707 ns, Reaching safepoint: 7200 ns, Cleanup: 9500 ns, At safepoint: 2600 ns, Total: 19300 ns
[362.132s][info ][safepoint      ] Safepoint "Cleanup", Time since last: 3588980015 ns, Reaching safepoint: 6300 ns, Cleanup: 12500 ns, At safepoint: 2100 ns, Total: 20900 ns
[363.132s][info ][safepoint      ] Safepoint "Cleanup", Time since last: 1000103841 ns, Reaching safepoint: 5400 ns, Cleanup: 7800 ns, At safepoint: 1500 ns, Total: 14700 ns
[367.133s][info ][safepoint      ] Safepoint "Cleanup", Time since last: 4000392861 ns, Reaching safepoint: 6100 ns, Cleanup: 7400 ns, At safepoint: 2100 ns, Total: 15600 ns
[369.133s][info ][safepoint      ] Safepoint "Cleanup", Time since last: 2000191610 ns, Reaching safepoint: 5900 ns, Cleanup: 9000 ns, At safepoint: 2100 ns, Total: 17000 ns
[370.133s][info ][safepoint      ] Safepoint "Cleanup", Time since last: 1000115343 ns, Reaching safepoint: 12500 ns, Cleanup: 17500 ns, At safepoint: 3000 ns, Total: 33000 ns
[372.133s][info ][safepoint      ] Safepoint "Cleanup", Time since last: 2000202186 ns, Reaching safepoint: 5400 ns, Cleanup: 10500 ns, At safepoint: 1800 ns, Total: 17700 ns
[379.134s][info ][safepoint      ] Safepoint "Cleanup", Time since last: 7000606028 ns, Reaching safepoint: 5900 ns, Cleanup: 7800 ns, At safepoint: 2100 ns, Total: 15800 ns
[381.134s][info ][safepoint      ] Safepoint "Cleanup", Time since last: 2000186219 ns, Reaching safepoint: 5700 ns, Cleanup: 9000 ns, At safepoint: 1800 ns, Total: 16500 ns
[382.134s][info ][safepoint      ] Safepoint "Cleanup", Time since last: 1000100259 ns, Reaching safepoint: 5800 ns, Cleanup: 12300 ns, At safepoint: 2000 ns, Total: 20100 ns
[386.480s][info ][gc,start       ] GC(15) Pause Young (Allocation Failure)
[386.484s][debug][gc,phases      ] GC(15) Scavenge 3.438ms
[386.484s][debug][gc,ref         ] GC(15) ReferenceProcessor::execute queues: 1, RefProcThreadModel::Single, marks_oops_alive: false
[386.484s][debug][gc,ref         ] GC(15) Skipped KeepAliveFinalRefsPhase of Reference Processing: no references
[386.484s][debug][gc,ref         ] GC(15) ReferenceProcessor::execute queues: 1, RefProcThreadModel::Single, marks_oops_alive: false
[386.484s][debug][gc,phases      ] GC(15) Reference Processing 0.110ms
[386.484s][debug][gc,phases      ] GC(15)   VM Weak                        Min:  0.0, Avg:  0.0, Max:  0.0, Diff:  0.0, Sum:  0.0, Workers: 4
[386.484s][debug][gc,phases      ] GC(15)     Dead                           Min: 0, Avg:  0.0, Max: 0, Diff: 0, Sum: 0, Workers: 4
[386.484s][debug][gc,phases      ] GC(15)     Total                          Min: 0, Avg: 222.8, Max: 763, Diff: 763, Sum: 891, Workers: 4
[386.484s][debug][gc,phases      ] GC(15)   ObjectSynchronizer Weak        Min:  0.0, Avg:  0.0, Max:  0.0, Diff:  0.0, Sum:  0.0, Workers: 4
[386.484s][debug][gc,phases      ] GC(15)     Dead                           Min: 0, Avg:  0.0, Max: 0, Diff: 0, Sum: 0, Workers: 4
[386.484s][debug][gc,phases      ] GC(15)     Total                          Min: 0, Avg:  1.0, Max: 4, Diff: 4, Sum: 4, Workers: 4
[386.484s][debug][gc,phases      ] GC(15)   JVMTI Tag Weak OopStorage      Min:  0.0, Avg:  0.0, Max:  0.0, Diff:  0.0, Sum:  0.0, Workers: 4
[386.484s][debug][gc,phases      ] GC(15)     Dead                           Min: 0, Avg:  0.0, Max: 0, Diff: 0, Sum: 0, Workers: 4
[386.484s][debug][gc,phases      ] GC(15)     Total                          Min: 0, Avg:  0.0, Max: 0, Diff: 0, Sum: 0, Workers: 4
[386.484s][debug][gc,phases      ] GC(15)   StringTable Weak               Min:  0.0, Avg:  0.1, Max:  0.1, Diff:  0.1, Sum:  0.4, Workers: 4
[386.484s][debug][gc,phases      ] GC(15)     Dead                           Min: 0, Avg:  0.5, Max: 2, Diff: 2, Sum: 2, Workers: 4
[386.484s][debug][gc,phases      ] GC(15)     Total                          Min: 0, Avg: 11141.0, Max: 19028, Diff: 19028, Sum: 44564, Workers: 4
[386.484s][debug][gc,phases      ] GC(15)   ResolvedMethodTable Weak       Min:  0.0, Avg:  0.0, Max:  0.0, Diff:  0.0, Sum:  0.1, Workers: 4
[386.484s][debug][gc,phases      ] GC(15)     Dead                           Min: 0, Avg:  6.8, Max: 18, Diff: 18, Sum: 27, Workers: 4
[386.484s][debug][gc,phases      ] GC(15)     Total                          Min: 0, Avg: 3504.2, Max: 5667, Diff: 5667, Sum: 14017, Workers: 4
[386.484s][debug][gc,phases      ] GC(15)   JNI Weak                       Min:  0.0, Avg:  0.0, Max:  0.0, Diff:  0.0, Sum:  0.0, Workers: 4
[386.484s][debug][gc,phases      ] GC(15)     Dead                           Min: 0, Avg:  0.0, Max: 0, Diff: 0, Sum: 0, Workers: 4
[386.484s][debug][gc,phases      ] GC(15)     Total                          Min: 0, Avg: 13.0, Max: 52, Diff: 52, Sum: 52, Workers: 4
[386.484s][debug][gc,phases      ] GC(15)   StringDedup Table Weak         Min:  0.0, Avg:  0.0, Max:  0.0, Diff:  0.0, Sum:  0.0, Workers: 4
[386.484s][debug][gc,phases      ] GC(15)     Dead                           Min: 0, Avg:  0.0, Max: 0, Diff: 0, Sum: 0, Workers: 4
[386.484s][debug][gc,phases      ] GC(15)     Total                          Min: 0, Avg:  0.0, Max: 0, Diff: 0, Sum: 0, Workers: 4
[386.484s][debug][gc,phases      ] GC(15)   StringDedup Requests0 Weak     Min:  0.0, Avg:  0.0, Max:  0.0, Diff:  0.0, Sum:  0.0, Workers: 4
[386.484s][debug][gc,phases      ] GC(15)     Dead                           Min: 0, Avg:  0.0, Max: 0, Diff: 0, Sum: 0, Workers: 4
[386.484s][debug][gc,phases      ] GC(15)     Total                          Min: 0, Avg:  0.0, Max: 0, Diff: 0, Sum: 0, Workers: 4
[386.484s][debug][gc,phases      ] GC(15)   StringDedup Requests1 Weak     Min:  0.0, Avg:  0.0, Max:  0.0, Diff:  0.0, Sum:  0.0, Workers: 4
[386.484s][debug][gc,phases      ] GC(15)     Dead                           Min: 0, Avg:  0.0, Max: 0, Diff: 0, Sum: 0, Workers: 4
[386.484s][debug][gc,phases      ] GC(15)     Total                          Min: 0, Avg:  0.0, Max: 0, Diff: 0, Sum: 0, Workers: 4
[386.484s][debug][gc,phases      ] GC(15)   Weak JFR Old Object Samples    Min:  0.0, Avg:  0.0, Max:  0.0, Diff:  0.0, Sum:  0.0, Workers: 4
[386.484s][debug][gc,phases      ] GC(15)     Dead                           Min: 0, Avg:  0.0, Max: 0, Diff: 0, Sum: 0, Workers: 4
[386.484s][debug][gc,phases      ] GC(15)     Total                          Min: 0, Avg:  0.0, Max: 0, Diff: 0, Sum: 0, Workers: 4
[386.484s][debug][gc,phases      ] GC(15) Weak Processing 0.405ms
[386.484s][debug][gc,age         ] GC(15) Desired survivor size 262668288 bytes, new threshold 1 (max threshold 15)
[386.484s][info ][gc,heap        ] GC(15) PSYoungGen: 1595392K(1595904K)->2304K(1840128K) Eden: 1593344K(1593344K)->0K(1584128K) From: 2048K(2560K)->2304K(256000K)
[386.484s][info ][gc,heap        ] GC(15) ParOldGen: 282232K(282624K)->282545K(282624K)
[386.484s][info ][gc,metaspace   ] GC(15) Metaspace: 101781K(102976K)->101781K(102976K) NonClass: 86463K(87168K)->86463K(87168K) Class: 15318K(15808K)->15318K(15808K)
[386.484s][info ][gc             ] GC(15) Pause Young (Allocation Failure) 1833M->278M(2073M) 4.063ms
[386.484s][info ][gc,cpu         ] GC(15) User=0.02s Sys=0.00s Real=0.00s
[386.485s][info ][safepoint      ] Safepoint "ParallelGCFailedAllocation", Time since last: 4345904293 ns, Reaching safepoint: 81600 ns, Cleanup: 4100 ns, At safepoint: 4138298 ns, Total: 4223998 ns
[389.485s][info ][safepoint      ] Safepoint "Cleanup", Time since last: 3000251655 ns, Reaching safepoint: 5400 ns, Cleanup: 9300 ns, At safepoint: 1700 ns, Total: 16400 ns
[390.485s][info ][safepoint      ] Safepoint "Cleanup", Time since last: 1000138218 ns, Reaching safepoint: 6500 ns, Cleanup: 9100 ns, At safepoint: 20100 ns, Total: 35700 ns
[393.485s][info ][safepoint      ] Safepoint "Cleanup", Time since last: 3000239645 ns, Reaching safepoint: 5300 ns, Cleanup: 7200 ns, At safepoint: 2100 ns, Total: 14600 ns
[398.486s][info ][safepoint      ] Safepoint "Cleanup", Time since last: 5000438489 ns, Reaching safepoint: 5900 ns, Cleanup: 9400 ns, At safepoint: 2100 ns, Total: 17400 ns
[403.486s][info ][safepoint      ] Safepoint "Cleanup", Time since last: 5000460278 ns, Reaching safepoint: 5600 ns, Cleanup: 7500 ns, At safepoint: 1700 ns, Total: 14800 ns
[404.486s][info ][safepoint      ] Safepoint "Cleanup", Time since last: 1000101747 ns, Reaching safepoint: 5100 ns, Cleanup: 8000 ns, At safepoint: 1900 ns, Total: 15000 ns
[408.487s][info ][safepoint      ] Safepoint "Cleanup", Time since last: 4000327892 ns, Reaching safepoint: 6300 ns, Cleanup: 12000 ns, At safepoint: 2200 ns, Total: 20500 ns
[409.487s][info ][safepoint      ] Safepoint "Cleanup", Time since last: 1000160782 ns, Reaching safepoint: 6300 ns, Cleanup: 10000 ns, At safepoint: 2800 ns, Total: 19100 ns
[412.487s][info ][safepoint      ] Safepoint "Cleanup", Time since last: 3000273446 ns, Reaching safepoint: 6100 ns, Cleanup: 18600 ns, At safepoint: 1800 ns, Total: 26500 ns
[415.487s][info ][safepoint      ] Safepoint "Cleanup", Time since last: 3000274245 ns, Reaching safepoint: 6200 ns, Cleanup: 12000 ns, At safepoint: 2800 ns, Total: 21000 ns
[417.488s][info ][safepoint      ] Safepoint "Cleanup", Time since last: 2000179801 ns, Reaching safepoint: 5200 ns, Cleanup: 10800 ns, At safepoint: 2200 ns, Total: 18200 ns
[418.488s][info ][safepoint      ] Safepoint "Cleanup", Time since last: 1000128777 ns, Reaching safepoint: 5500 ns, Cleanup: 10200 ns, At safepoint: 2000 ns, Total: 17700 ns
[421.151s][info ][safepoint      ] Safepoint "Cleanup", Time since last: 2663009176 ns, Reaching safepoint: 4400 ns, Cleanup: 6400 ns, At safepoint: 1500 ns, Total: 12300 ns
[422.151s][info ][safepoint      ] Safepoint "Cleanup", Time since last: 1000100377 ns, Reaching safepoint: 5800 ns, Cleanup: 30500 ns, At safepoint: 2000 ns, Total: 38300 ns
[423.151s][info ][safepoint      ] Safepoint "Cleanup", Time since last: 1000108477 ns, Reaching safepoint: 7100 ns, Cleanup: 27900 ns, At safepoint: 2900 ns, Total: 37900 ns
[424.151s][info ][safepoint      ] Safepoint "Cleanup", Time since last: 1000121343 ns, Reaching safepoint: 5800 ns, Cleanup: 11600 ns, At safepoint: 2300 ns, Total: 19700 ns
[425.151s][info ][safepoint      ] Safepoint "Cleanup", Time since last: 1000135714 ns, Reaching safepoint: 6000 ns, Cleanup: 9200 ns, At safepoint: 2600 ns, Total: 17800 ns
[426.151s][info ][safepoint      ] Safepoint "Cleanup", Time since last: 1000113815 ns, Reaching safepoint: 6300 ns, Cleanup: 14100 ns, At safepoint: 2600 ns, Total: 23000 ns
[427.152s][info ][safepoint      ] Safepoint "Cleanup", Time since last: 1000112715 ns, Reaching safepoint: 5100 ns, Cleanup: 5800 ns, At safepoint: 1600 ns, Total: 12500 ns
[428.152s][info ][safepoint      ] Safepoint "Cleanup", Time since last: 1000134514 ns, Reaching safepoint: 6500 ns, Cleanup: 15300 ns, At safepoint: 2300 ns, Total: 24100 ns
[429.152s][info ][safepoint      ] Safepoint "Cleanup", Time since last: 1000152415 ns, Reaching safepoint: 10000 ns, Cleanup: 14000 ns, At safepoint: 2500 ns, Total: 26500 ns
[430.152s][info ][safepoint      ] Safepoint "Cleanup", Time since last: 1000168215 ns, Reaching safepoint: 5800 ns, Cleanup: 11500 ns, At safepoint: 1900 ns, Total: 19200 ns
[431.152s][info ][safepoint      ] Safepoint "Cleanup", Time since last: 1000135015 ns, Reaching safepoint: 5199 ns, Cleanup: 20500 ns, At safepoint: 2300 ns, Total: 27999 ns
[432.152s][info ][safepoint      ] Safepoint "Cleanup", Time since last: 1000119071 ns, Reaching safepoint: 5500 ns, Cleanup: 27100 ns, At safepoint: 2700 ns, Total: 35300 ns
[433.153s][info ][safepoint      ] Safepoint "Cleanup", Time since last: 1000102288 ns, Reaching safepoint: 6100 ns, Cleanup: 7700 ns, At safepoint: 2100 ns, Total: 15900 ns
[443.153s][info ][safepoint      ] Safepoint "Cleanup", Time since last: 10000795045 ns, Reaching safepoint: 6000 ns, Cleanup: 10100 ns, At safepoint: 2000 ns, Total: 18100 ns
[445.154s][info ][safepoint      ] Safepoint "Cleanup", Time since last: 2000184256 ns, Reaching safepoint: 5800 ns, Cleanup: 10200 ns, At safepoint: 1600 ns, Total: 17600 ns
[446.154s][info ][safepoint      ] Safepoint "Cleanup", Time since last: 1000134478 ns, Reaching safepoint: 5400 ns, Cleanup: 9700 ns, At safepoint: 2000 ns, Total: 17100 ns
[448.154s][info ][safepoint      ] Safepoint "Cleanup", Time since last: 2000184447 ns, Reaching safepoint: 5000 ns, Cleanup: 17600 ns, At safepoint: 2500 ns, Total: 25100 ns
[452.154s][info ][safepoint      ] Safepoint "Cleanup", Time since last: 4000357020 ns, Reaching safepoint: 5600 ns, Cleanup: 9400 ns, At safepoint: 1900 ns, Total: 16900 ns
[462.155s][info ][safepoint      ] Safepoint "Cleanup", Time since last: 10000757513 ns, Reaching safepoint: 5400 ns, Cleanup: 8100 ns, At safepoint: 1700 ns, Total: 15200 ns
[464.155s][info ][safepoint      ] Safepoint "Cleanup", Time since last: 2000171826 ns, Reaching safepoint: 5400 ns, Cleanup: 7600 ns, At safepoint: 2000 ns, Total: 15000 ns
[470.681s][info ][gc,start       ] GC(16) Pause Young (Allocation Failure)
[470.683s][debug][gc,phases      ] GC(16) Scavenge 2.141ms
[470.684s][debug][gc,ref         ] GC(16) ReferenceProcessor::execute queues: 1, RefProcThreadModel::Single, marks_oops_alive: false
[470.684s][debug][gc,ref         ] GC(16) Skipped KeepAliveFinalRefsPhase of Reference Processing: no references
[470.684s][debug][gc,ref         ] GC(16) ReferenceProcessor::execute queues: 1, RefProcThreadModel::Single, marks_oops_alive: false
[470.684s][debug][gc,phases      ] GC(16) Reference Processing 0.092ms
[470.684s][debug][gc,phases      ] GC(16)   VM Weak                        Min:  0.0, Avg:  0.0, Max:  0.0, Diff:  0.0, Sum:  0.0, Workers: 4
[470.684s][debug][gc,phases      ] GC(16)     Dead                           Min: 0, Avg:  0.0, Max: 0, Diff: 0, Sum: 0, Workers: 4
[470.684s][debug][gc,phases      ] GC(16)     Total                          Min: 0, Avg: 222.8, Max: 448, Diff: 448, Sum: 891, Workers: 4
[470.684s][debug][gc,phases      ] GC(16)   ObjectSynchronizer Weak        Min:  0.0, Avg:  0.0, Max:  0.0, Diff:  0.0, Sum:  0.0, Workers: 4
[470.684s][debug][gc,phases      ] GC(16)     Dead                           Min: 0, Avg:  0.0, Max: 0, Diff: 0, Sum: 0, Workers: 4
[470.684s][debug][gc,phases      ] GC(16)     Total                          Min: 0, Avg:  0.8, Max: 3, Diff: 3, Sum: 3, Workers: 4
[470.684s][debug][gc,phases      ] GC(16)   JVMTI Tag Weak OopStorage      Min:  0.0, Avg:  0.0, Max:  0.0, Diff:  0.0, Sum:  0.0, Workers: 4
[470.684s][debug][gc,phases      ] GC(16)     Dead                           Min: 0, Avg:  0.0, Max: 0, Diff: 0, Sum: 0, Workers: 4
[470.684s][debug][gc,phases      ] GC(16)     Total                          Min: 0, Avg:  0.0, Max: 0, Diff: 0, Sum: 0, Workers: 4
[470.684s][debug][gc,phases      ] GC(16)   StringTable Weak               Min:  0.0, Avg:  0.1, Max:  0.1, Diff:  0.1, Sum:  0.4, Workers: 4
[470.684s][debug][gc,phases      ] GC(16)     Dead                           Min: 0, Avg:  0.2, Max: 1, Diff: 1, Sum: 1, Workers: 4
[470.684s][debug][gc,phases      ] GC(16)     Total                          Min: 0, Avg: 11147.0, Max: 19181, Diff: 19181, Sum: 44588, Workers: 4
[470.684s][debug][gc,phases      ] GC(16)   ResolvedMethodTable Weak       Min:  0.0, Avg:  0.0, Max:  0.0, Diff:  0.0, Sum:  0.1, Workers: 4
[470.684s][debug][gc,phases      ] GC(16)     Dead                           Min: 0, Avg:  4.2, Max: 11, Diff: 11, Sum: 17, Workers: 4
[470.684s][debug][gc,phases      ] GC(16)     Total                          Min: 0, Avg: 3506.0, Max: 5765, Diff: 5765, Sum: 14024, Workers: 4
[470.684s][debug][gc,phases      ] GC(16)   JNI Weak                       Min:  0.0, Avg:  0.0, Max:  0.0, Diff:  0.0, Sum:  0.0, Workers: 4
[470.684s][debug][gc,phases      ] GC(16)     Dead                           Min: 0, Avg:  0.0, Max: 0, Diff: 0, Sum: 0, Workers: 4
[470.684s][debug][gc,phases      ] GC(16)     Total                          Min: 0, Avg: 13.0, Max: 52, Diff: 52, Sum: 52, Workers: 4
[470.684s][debug][gc,phases      ] GC(16)   StringDedup Table Weak         Min:  0.0, Avg:  0.0, Max:  0.0, Diff:  0.0, Sum:  0.0, Workers: 4
[470.684s][debug][gc,phases      ] GC(16)     Dead                           Min: 0, Avg:  0.0, Max: 0, Diff: 0, Sum: 0, Workers: 4
[470.684s][debug][gc,phases      ] GC(16)     Total                          Min: 0, Avg:  0.0, Max: 0, Diff: 0, Sum: 0, Workers: 4
[470.684s][debug][gc,phases      ] GC(16)   StringDedup Requests0 Weak     Min:  0.0, Avg:  0.0, Max:  0.0, Diff:  0.0, Sum:  0.0, Workers: 4
[470.684s][debug][gc,phases      ] GC(16)     Dead                           Min: 0, Avg:  0.0, Max: 0, Diff: 0, Sum: 0, Workers: 4
[470.684s][debug][gc,phases      ] GC(16)     Total                          Min: 0, Avg:  0.0, Max: 0, Diff: 0, Sum: 0, Workers: 4
[470.684s][debug][gc,phases      ] GC(16)   StringDedup Requests1 Weak     Min:  0.0, Avg:  0.0, Max:  0.0, Diff:  0.0, Sum:  0.0, Workers: 4
[470.684s][debug][gc,phases      ] GC(16)     Dead                           Min: 0, Avg:  0.0, Max: 0, Diff: 0, Sum: 0, Workers: 4
[470.684s][debug][gc,phases      ] GC(16)     Total                          Min: 0, Avg:  0.0, Max: 0, Diff: 0, Sum: 0, Workers: 4
[470.684s][debug][gc,phases      ] GC(16)   Weak JFR Old Object Samples    Min:  0.0, Avg:  0.0, Max:  0.0, Diff:  0.0, Sum:  0.0, Workers: 4
[470.684s][debug][gc,phases      ] GC(16)     Dead                           Min: 0, Avg:  0.0, Max: 0, Diff: 0, Sum: 0, Workers: 4
[470.684s][debug][gc,phases      ] GC(16)     Total                          Min: 0, Avg:  0.0, Max: 0, Diff: 0, Sum: 0, Workers: 4
[470.684s][debug][gc,phases      ] GC(16) Weak Processing 0.369ms
[470.684s][debug][gc,age         ] GC(16) Desired survivor size 260571136 bytes, new threshold 1 (max threshold 15)
[470.684s][info ][gc,heap        ] GC(16) PSYoungGen: 1586432K(1840128K)->2144K(1840640K) Eden: 1584128K(1584128K)->0K(1584128K) From: 2304K(256000K)->2144K(256512K)
[470.684s][info ][gc,heap        ] GC(16) ParOldGen: 282545K(282624K)->283253K(283648K)
[470.684s][info ][gc,metaspace   ] GC(16) Metaspace: 101832K(102976K)->101832K(102976K) NonClass: 86512K(87168K)->86512K(87168K) Class: 15320K(15808K)->15320K(15808K)
[470.684s][info ][gc             ] GC(16) Pause Young (Allocation Failure) 1825M->278M(2074M) 2.693ms
[470.684s][info ][gc,cpu         ] GC(16) User=0.01s Sys=0.00s Real=0.00s
[470.684s][info ][safepoint      ] Safepoint "ParallelGCFailedAllocation", Time since last: 6525886732 ns, Reaching safepoint: 83200 ns, Cleanup: 3800 ns, At safepoint: 2756098 ns, Total: 2843098 ns
[471.684s][info ][safepoint      ] Safepoint "Cleanup", Time since last: 1000083650 ns, Reaching safepoint: 5600 ns, Cleanup: 12400 ns, At safepoint: 2400 ns, Total: 20400 ns
[474.684s][info ][safepoint      ] Safepoint "Cleanup", Time since last: 3000306428 ns, Reaching safepoint: 5600 ns, Cleanup: 8200 ns, At safepoint: 2100 ns, Total: 15900 ns
[483.685s][info ][safepoint      ] Safepoint "Cleanup", Time since last: 9000735850 ns, Reaching safepoint: 6000 ns, Cleanup: 9600 ns, At safepoint: 2100 ns, Total: 17700 ns
[488.686s][info ][safepoint      ] Safepoint "Cleanup", Time since last: 5000414666 ns, Reaching safepoint: 5600 ns, Cleanup: 8500 ns, At safepoint: 19799 ns, Total: 33899 ns
[489.686s][info ][safepoint      ] Safepoint "Cleanup", Time since last: 1000120663 ns, Reaching safepoint: 6500 ns, Cleanup: 26099 ns, At safepoint: 2800 ns, Total: 35399 ns
[491.686s][info ][safepoint      ] Safepoint "Cleanup", Time since last: 2000208252 ns, Reaching safepoint: 5000 ns, Cleanup: 9300 ns, At safepoint: 2200 ns, Total: 16500 ns
[493.686s][info ][safepoint      ] Safepoint "Cleanup", Time since last: 2000217166 ns, Reaching safepoint: 5400 ns, Cleanup: 9200 ns, At safepoint: 17800 ns, Total: 32400 ns
[500.687s][info ][safepoint      ] Safepoint "Cleanup", Time since last: 7000600880 ns, Reaching safepoint: 6100 ns, Cleanup: 9000 ns, At safepoint: 1900 ns, Total: 17000 ns
[502.687s][info ][safepoint      ] Safepoint "Cleanup", Time since last: 2000176486 ns, Reaching safepoint: 5800 ns, Cleanup: 11600 ns, At safepoint: 1900 ns, Total: 19300 ns
[504.687s][info ][safepoint      ] Safepoint "Cleanup", Time since last: 2000189127 ns, Reaching safepoint: 5100 ns, Cleanup: 12700 ns, At safepoint: 2000 ns, Total: 19800 ns
[508.688s][info ][safepoint      ] Safepoint "Cleanup", Time since last: 4000376637 ns, Reaching safepoint: 6100 ns, Cleanup: 9000 ns, At safepoint: 1600 ns, Total: 16700 ns
[511.688s][info ][safepoint      ] Safepoint "Cleanup", Time since last: 3000266077 ns, Reaching safepoint: 5200 ns, Cleanup: 7300 ns, At safepoint: 2100 ns, Total: 14600 ns
[512.688s][info ][safepoint      ] Safepoint "Cleanup", Time since last: 1000122013 ns, Reaching safepoint: 5500 ns, Cleanup: 13499 ns, At safepoint: 2200 ns, Total: 21199 ns
[514.688s][info ][safepoint      ] Safepoint "Cleanup", Time since last: 2000224776 ns, Reaching safepoint: 6500 ns, Cleanup: 9199 ns, At safepoint: 2700 ns, Total: 18399 ns
[515.688s][info ][safepoint      ] Safepoint "Cleanup", Time since last: 1000131288 ns, Reaching safepoint: 6000 ns, Cleanup: 9700 ns, At safepoint: 4400 ns, Total: 20100 ns
[521.689s][info ][safepoint      ] Safepoint "Cleanup", Time since last: 6000541210 ns, Reaching safepoint: 4800 ns, Cleanup: 14300 ns, At safepoint: 2300 ns, Total: 21400 ns
[524.689s][info ][safepoint      ] Safepoint "Cleanup", Time since last: 3000238034 ns, Reaching safepoint: 4800 ns, Cleanup: 13600 ns, At safepoint: 1800 ns, Total: 20200 ns
[526.690s][info ][safepoint      ] Safepoint "Cleanup", Time since last: 2000190856 ns, Reaching safepoint: 5400 ns, Cleanup: 10700 ns, At safepoint: 2000 ns, Total: 18100 ns
[527.690s][info ][safepoint      ] Safepoint "Cleanup", Time since last: 1000113177 ns, Reaching safepoint: 6500 ns, Cleanup: 6300 ns, At safepoint: 2500 ns, Total: 15300 ns
[528.690s][info ][safepoint      ] Safepoint "Cleanup", Time since last: 1000106915 ns, Reaching safepoint: 4600 ns, Cleanup: 43700 ns, At safepoint: 2000 ns, Total: 50300 ns
[529.690s][info ][safepoint      ] Safepoint "Cleanup", Time since last: 1000106707 ns, Reaching safepoint: 5700 ns, Cleanup: 32299 ns, At safepoint: 2300 ns, Total: 40299 ns
[530.690s][info ][safepoint      ] Safepoint "Cleanup", Time since last: 1000108607 ns, Reaching safepoint: 6100 ns, Cleanup: 34600 ns, At safepoint: 2600 ns, Total: 43300 ns
[531.690s][info ][safepoint      ] Safepoint "Cleanup", Time since last: 1000107407 ns, Reaching safepoint: 5300 ns, Cleanup: 27499 ns, At safepoint: 2100 ns, Total: 34899 ns
[532.690s][info ][safepoint      ] Safepoint "Cleanup", Time since last: 1000107444 ns, Reaching safepoint: 6100 ns, Cleanup: 41600 ns, At safepoint: 2000 ns, Total: 49700 ns
[533.691s][info ][safepoint      ] Safepoint "Cleanup", Time since last: 1000138532 ns, Reaching safepoint: 6400 ns, Cleanup: 19400 ns, At safepoint: 14000 ns, Total: 39800 ns
[534.691s][info ][safepoint      ] Safepoint "Cleanup", Time since last: 1000103532 ns, Reaching safepoint: 6600 ns, Cleanup: 16200 ns, At safepoint: 2000 ns, Total: 24800 ns
[536.691s][info ][safepoint      ] Safepoint "Cleanup", Time since last: 2000177248 ns, Reaching safepoint: 7100 ns, Cleanup: 40399 ns, At safepoint: 2700 ns, Total: 50199 ns
[538.691s][info ][safepoint      ] Safepoint "Cleanup", Time since last: 2000207020 ns, Reaching safepoint: 5699 ns, Cleanup: 17200 ns, At safepoint: 2300 ns, Total: 25199 ns
[539.691s][info ][safepoint      ] Safepoint "Cleanup", Time since last: 1000131560 ns, Reaching safepoint: 5800 ns, Cleanup: 14399 ns, At safepoint: 1900 ns, Total: 22099 ns
[541.187s][info ][safepoint      ] Safepoint "Cleanup", Time since last: 1495917276 ns, Reaching safepoint: 5800 ns, Cleanup: 9800 ns, At safepoint: 2000 ns, Total: 17600 ns
[542.187s][info ][safepoint      ] Safepoint "Cleanup", Time since last: 1000116960 ns, Reaching safepoint: 80799 ns, Cleanup: 13500 ns, At safepoint: 9600 ns, Total: 103899 ns
[543.188s][info ][safepoint      ] Safepoint "Cleanup", Time since last: 1000115959 ns, Reaching safepoint: 5500 ns, Cleanup: 12100 ns, At safepoint: 2000 ns, Total: 19600 ns
[545.188s][info ][safepoint      ] Safepoint "Cleanup", Time since last: 2000209686 ns, Reaching safepoint: 8300 ns, Cleanup: 13900 ns, At safepoint: 3400 ns, Total: 25600 ns
[546.188s][info ][safepoint      ] Safepoint "Cleanup", Time since last: 1000123351 ns, Reaching safepoint: 5000 ns, Cleanup: 9300 ns, At safepoint: 2200 ns, Total: 16500 ns
[547.188s][info ][safepoint      ] Safepoint "Cleanup", Time since last: 1000104352 ns, Reaching safepoint: 13599 ns, Cleanup: 11900 ns, At safepoint: 3000 ns, Total: 28499 ns
[549.188s][info ][safepoint      ] Safepoint "Cleanup", Time since last: 2000196003 ns, Reaching safepoint: 5400 ns, Cleanup: 11900 ns, At safepoint: 1900 ns, Total: 19200 ns
[550.783s][info ][gc,start       ] GC(17) Pause Young (Allocation Failure)
[550.786s][debug][gc,phases      ] GC(17) Scavenge 2.062ms
[550.786s][debug][gc,ref         ] GC(17) ReferenceProcessor::execute queues: 1, RefProcThreadModel::Single, marks_oops_alive: false
[550.786s][debug][gc,ref         ] GC(17) Skipped KeepAliveFinalRefsPhase of Reference Processing: no references
[550.786s][debug][gc,ref         ] GC(17) ReferenceProcessor::execute queues: 1, RefProcThreadModel::Single, marks_oops_alive: false
[550.786s][debug][gc,phases      ] GC(17) Reference Processing 0.096ms
[550.786s][debug][gc,phases      ] GC(17)   VM Weak                        Min:  0.0, Avg:  0.0, Max:  0.0, Diff:  0.0, Sum:  0.0, Workers: 4
[550.786s][debug][gc,phases      ] GC(17)     Dead                           Min: 0, Avg:  0.0, Max: 0, Diff: 0, Sum: 0, Workers: 4
[550.786s][debug][gc,phases      ] GC(17)     Total                          Min: 0, Avg: 226.5, Max: 586, Diff: 586, Sum: 906, Workers: 4
[550.786s][debug][gc,phases      ] GC(17)   ObjectSynchronizer Weak        Min:  0.0, Avg:  0.0, Max:  0.0, Diff:  0.0, Sum:  0.0, Workers: 4
[550.786s][debug][gc,phases      ] GC(17)     Dead                           Min: 0, Avg:  0.0, Max: 0, Diff: 0, Sum: 0, Workers: 4
[550.786s][debug][gc,phases      ] GC(17)     Total                          Min: 0, Avg:  0.8, Max: 3, Diff: 3, Sum: 3, Workers: 4
[550.786s][debug][gc,phases      ] GC(17)   JVMTI Tag Weak OopStorage      Min:  0.0, Avg:  0.0, Max:  0.0, Diff:  0.0, Sum:  0.0, Workers: 4
[550.786s][debug][gc,phases      ] GC(17)     Dead                           Min: 0, Avg:  0.0, Max: 0, Diff: 0, Sum: 0, Workers: 4
[550.786s][debug][gc,phases      ] GC(17)     Total                          Min: 0, Avg:  0.0, Max: 0, Diff: 0, Sum: 0, Workers: 4
[550.786s][debug][gc,phases      ] GC(17)   StringTable Weak               Min:  0.0, Avg:  0.1, Max:  0.2, Diff:  0.2, Sum:  0.5, Workers: 4
[550.786s][debug][gc,phases      ] GC(17)     Dead                           Min: 0, Avg:  0.8, Max: 2, Diff: 2, Sum: 3, Workers: 4
[550.786s][debug][gc,phases      ] GC(17)     Total                          Min: 0, Avg: 11160.8, Max: 15679, Diff: 15679, Sum: 44643, Workers: 4
[550.786s][debug][gc,phases      ] GC(17)   ResolvedMethodTable Weak       Min:  0.0, Avg:  0.0, Max:  0.0, Diff:  0.0, Sum:  0.1, Workers: 4
[550.786s][debug][gc,phases      ] GC(17)     Dead                           Min: 0, Avg:  6.5, Max: 12, Diff: 12, Sum: 26, Workers: 4
[550.786s][debug][gc,phases      ] GC(17)     Total                          Min: 0, Avg: 3529.2, Max: 5425, Diff: 5425, Sum: 14117, Workers: 4
[550.786s][debug][gc,phases      ] GC(17)   JNI Weak                       Min:  0.0, Avg:  0.0, Max:  0.0, Diff:  0.0, Sum:  0.0, Workers: 4
[550.786s][debug][gc,phases      ] GC(17)     Dead                           Min: 0, Avg:  0.0, Max: 0, Diff: 0, Sum: 0, Workers: 4
[550.786s][debug][gc,phases      ] GC(17)     Total                          Min: 0, Avg: 13.0, Max: 52, Diff: 52, Sum: 52, Workers: 4
[550.786s][debug][gc,phases      ] GC(17)   StringDedup Table Weak         Min:  0.0, Avg:  0.0, Max:  0.0, Diff:  0.0, Sum:  0.0, Workers: 4
[550.786s][debug][gc,phases      ] GC(17)     Dead                           Min: 0, Avg:  0.0, Max: 0, Diff: 0, Sum: 0, Workers: 4
[550.786s][debug][gc,phases      ] GC(17)     Total                          Min: 0, Avg:  0.0, Max: 0, Diff: 0, Sum: 0, Workers: 4
[550.786s][debug][gc,phases      ] GC(17)   StringDedup Requests0 Weak     Min:  0.0, Avg:  0.0, Max:  0.0, Diff:  0.0, Sum:  0.0, Workers: 4
[550.786s][debug][gc,phases      ] GC(17)     Dead                           Min: 0, Avg:  0.0, Max: 0, Diff: 0, Sum: 0, Workers: 4
[550.786s][debug][gc,phases      ] GC(17)     Total                          Min: 0, Avg:  0.0, Max: 0, Diff: 0, Sum: 0, Workers: 4
[550.786s][debug][gc,phases      ] GC(17)   StringDedup Requests1 Weak     Min:  0.0, Avg:  0.0, Max:  0.0, Diff:  0.0, Sum:  0.0, Workers: 4
[550.786s][debug][gc,phases      ] GC(17)     Dead                           Min: 0, Avg:  0.0, Max: 0, Diff: 0, Sum: 0, Workers: 4
[550.786s][debug][gc,phases      ] GC(17)     Total                          Min: 0, Avg:  0.0, Max: 0, Diff: 0, Sum: 0, Workers: 4
[550.786s][debug][gc,phases      ] GC(17)   Weak JFR Old Object Samples    Min:  0.0, Avg:  0.0, Max:  0.0, Diff:  0.0, Sum:  0.0, Workers: 4
[550.786s][debug][gc,phases      ] GC(17)     Dead                           Min: 0, Avg:  0.0, Max: 0, Diff: 0, Sum: 0, Workers: 4
[550.786s][debug][gc,phases      ] GC(17)     Total                          Min: 0, Avg:  0.0, Max: 0, Diff: 0, Sum: 0, Workers: 4
[550.786s][debug][gc,phases      ] GC(17) Weak Processing 0.423ms
[550.786s][debug][gc,age         ] GC(17) Desired survivor size 256376832 bytes, new threshold 1 (max threshold 15)
[550.786s][info ][gc,heap        ] GC(17) PSYoungGen: 1586272K(1840640K)->2560K(1846784K) Eden: 1584128K(1584128K)->0K(1592320K) From: 2144K(256512K)->2560K(254464K)
[550.786s][info ][gc,heap        ] GC(17) ParOldGen: 283253K(283648K)->283541K(283648K)
[550.786s][info ][gc,metaspace   ] GC(17) Metaspace: 101987K(103168K)->101987K(103168K) NonClass: 86634K(87296K)->86634K(87296K) Class: 15353K(15872K)->15353K(15872K)
[550.786s][info ][gc             ] GC(17) Pause Young (Allocation Failure) 1825M->279M(2080M) 2.673ms
[550.786s][info ][gc,cpu         ] GC(17) User=0.01s Sys=0.00s Real=0.01s
[550.786s][info ][safepoint      ] Safepoint "ParallelGCFailedAllocation", Time since last: 1595045768 ns, Reaching safepoint: 5100 ns, Cleanup: 12100 ns, At safepoint: 2744775 ns, Total: 2761975 ns
[551.786s][info ][safepoint      ] Safepoint "Cleanup", Time since last: 1000117752 ns, Reaching safepoint: 5400 ns, Cleanup: 15899 ns, At safepoint: 2300 ns, Total: 23599 ns
[560.787s][info ][safepoint      ] Safepoint "Cleanup", Time since last: 9000723436 ns, Reaching safepoint: 5600 ns, Cleanup: 9500 ns, At safepoint: 22299 ns, Total: 37399 ns
[563.787s][info ][safepoint      ] Safepoint "Cleanup", Time since last: 3000243948 ns, Reaching safepoint: 5400 ns, Cleanup: 9500 ns, At safepoint: 1900 ns, Total: 16800 ns
[565.788s][info ][safepoint      ] Safepoint "Cleanup", Time since last: 2000187406 ns, Reaching safepoint: 6500 ns, Cleanup: 13399 ns, At safepoint: 2200 ns, Total: 22099 ns
[566.788s][info ][safepoint      ] Safepoint "Cleanup", Time since last: 1000110072 ns, Reaching safepoint: 5700 ns, Cleanup: 10999 ns, At safepoint: 2400 ns, Total: 19099 ns
[572.788s][info ][safepoint      ] Safepoint "Cleanup", Time since last: 6000459437 ns, Reaching safepoint: 6300 ns, Cleanup: 8999 ns, At safepoint: 2200 ns, Total: 17499 ns
[583.789s][info ][safepoint      ] Safepoint "Cleanup", Time since last: 11000870376 ns, Reaching safepoint: 6100 ns, Cleanup: 8700 ns, At safepoint: 2300 ns, Total: 17100 ns
[589.790s][info ][safepoint      ] Safepoint "Cleanup", Time since last: 6000513801 ns, Reaching safepoint: 6000 ns, Cleanup: 14900 ns, At safepoint: 2600 ns, Total: 23500 ns
[590.790s][info ][safepoint      ] Safepoint "Cleanup", Time since last: 1000137776 ns, Reaching safepoint: 5300 ns, Cleanup: 9400 ns, At safepoint: 2200 ns, Total: 16900 ns
[600.791s][info ][safepoint      ] Safepoint "Cleanup", Time since last: 10000857247 ns, Reaching safepoint: 5500 ns, Cleanup: 17000 ns, At safepoint: 2000 ns, Total: 24500 ns
[601.791s][info ][safepoint      ] Safepoint "Cleanup", Time since last: 1000111273 ns, Reaching safepoint: 5000 ns, Cleanup: 10500 ns, At safepoint: 1900 ns, Total: 17400 ns
[602.791s][info ][safepoint      ] Safepoint "Cleanup", Time since last: 1000105772 ns, Reaching safepoint: 5500 ns, Cleanup: 19300 ns, At safepoint: 1900 ns, Total: 26700 ns
[604.791s][info ][safepoint      ] Safepoint "Cleanup", Time since last: 2000182646 ns, Reaching safepoint: 5700 ns, Cleanup: 10200 ns, At safepoint: 2600 ns, Total: 18500 ns
[606.791s][info ][safepoint      ] Safepoint "Cleanup", Time since last: 2000173946 ns, Reaching safepoint: 5200 ns, Cleanup: 8400 ns, At safepoint: 2300 ns, Total: 15900 ns
[607.791s][info ][safepoint      ] Safepoint "Cleanup", Time since last: 1000109772 ns, Reaching safepoint: 6000 ns, Cleanup: 12300 ns, At safepoint: 2000 ns, Total: 20300 ns
[608.792s][info ][safepoint      ] Safepoint "Cleanup", Time since last: 1000135341 ns, Reaching safepoint: 6400 ns, Cleanup: 16400 ns, At safepoint: 2200 ns, Total: 25000 ns
[609.792s][info ][safepoint      ] Safepoint "Cleanup", Time since last: 1000116223 ns, Reaching safepoint: 5400 ns, Cleanup: 12200 ns, At safepoint: 2100 ns, Total: 19700 ns
[610.792s][info ][safepoint      ] Safepoint "Cleanup", Time since last: 1000118523 ns, Reaching safepoint: 6599 ns, Cleanup: 59000 ns, At safepoint: 2900 ns, Total: 68499 ns
[611.792s][info ][safepoint      ] Safepoint "Cleanup", Time since last: 1000112423 ns, Reaching safepoint: 6000 ns, Cleanup: 64699 ns, At safepoint: 3200 ns, Total: 73899 ns
[612.792s][info ][safepoint      ] Safepoint "Cleanup", Time since last: 1000108223 ns, Reaching safepoint: 5700 ns, Cleanup: 29500 ns, At safepoint: 2200 ns, Total: 37400 ns
[615.792s][info ][safepoint      ] Safepoint "Cleanup", Time since last: 3000261369 ns, Reaching safepoint: 6400 ns, Cleanup: 17800 ns, At safepoint: 2300 ns, Total: 26500 ns
[619.793s][info ][safepoint      ] Safepoint "Cleanup", Time since last: 4000392322 ns, Reaching safepoint: 6900 ns, Cleanup: 7300 ns, At safepoint: 2400 ns, Total: 16600 ns
[620.793s][info ][safepoint      ] Safepoint "Cleanup", Time since last: 1000108466 ns, Reaching safepoint: 6699 ns, Cleanup: 7400 ns, At safepoint: 2200 ns, Total: 16299 ns
[621.793s][info ][safepoint      ] Safepoint "Cleanup", Time since last: 1000108766 ns, Reaching safepoint: 6600 ns, Cleanup: 10300 ns, At safepoint: 2900 ns, Total: 19800 ns
[623.481s][info ][gc,start       ] GC(18) Pause Young (Allocation Failure)
[623.485s][debug][gc,phases      ] GC(18) Scavenge 4.199ms
[623.485s][debug][gc,ref         ] GC(18) ReferenceProcessor::execute queues: 1, RefProcThreadModel::Single, marks_oops_alive: false
[623.485s][debug][gc,ref         ] GC(18) Skipped KeepAliveFinalRefsPhase of Reference Processing: no references
[623.485s][debug][gc,ref         ] GC(18) ReferenceProcessor::execute queues: 1, RefProcThreadModel::Single, marks_oops_alive: false
[623.485s][debug][gc,phases      ] GC(18) Reference Processing 0.104ms
[623.486s][debug][gc,phases      ] GC(18)   VM Weak                        Min:  0.0, Avg:  0.0, Max:  0.0, Diff:  0.0, Sum:  0.0, Workers: 4
[623.486s][debug][gc,phases      ] GC(18)     Dead                           Min: 0, Avg:  0.0, Max: 0, Diff: 0, Sum: 0, Workers: 4
[623.486s][debug][gc,phases      ] GC(18)     Total                          Min: 0, Avg: 226.5, Max: 458, Diff: 458, Sum: 906, Workers: 4
[623.486s][debug][gc,phases      ] GC(18)   ObjectSynchronizer Weak        Min:  0.0, Avg:  0.0, Max:  0.0, Diff:  0.0, Sum:  0.0, Workers: 4
[623.486s][debug][gc,phases      ] GC(18)     Dead                           Min: 0, Avg:  0.0, Max: 0, Diff: 0, Sum: 0, Workers: 4
[623.486s][debug][gc,phases      ] GC(18)     Total                          Min: 0, Avg:  1.8, Max: 7, Diff: 7, Sum: 7, Workers: 4
[623.486s][debug][gc,phases      ] GC(18)   JVMTI Tag Weak OopStorage      Min:  0.0, Avg:  0.0, Max:  0.0, Diff:  0.0, Sum:  0.0, Workers: 4
[623.486s][debug][gc,phases      ] GC(18)     Dead                           Min: 0, Avg:  0.0, Max: 0, Diff: 0, Sum: 0, Workers: 4
[623.486s][debug][gc,phases      ] GC(18)     Total                          Min: 0, Avg:  0.0, Max: 0, Diff: 0, Sum: 0, Workers: 4
[623.486s][debug][gc,phases      ] GC(18)   StringTable Weak               Min:  0.0, Avg:  0.1, Max:  0.1, Diff:  0.1, Sum:  0.4, Workers: 4
[623.486s][debug][gc,phases      ] GC(18)     Dead                           Min: 0, Avg:  0.0, Max: 0, Diff: 0, Sum: 0, Workers: 4
[623.486s][debug][gc,phases      ] GC(18)     Total                          Min: 0, Avg: 11166.5, Max: 18944, Diff: 18944, Sum: 44666, Workers: 4
[623.486s][debug][gc,phases      ] GC(18)   ResolvedMethodTable Weak       Min:  0.0, Avg:  0.0, Max:  0.0, Diff:  0.0, Sum:  0.1, Workers: 4
[623.486s][debug][gc,phases      ] GC(18)     Dead                           Min: 0, Avg:  4.0, Max: 12, Diff: 12, Sum: 16, Workers: 4
[623.486s][debug][gc,phases      ] GC(18)     Total                          Min: 0, Avg: 3530.5, Max: 5961, Diff: 5961, Sum: 14122, Workers: 4
[623.486s][debug][gc,phases      ] GC(18)   JNI Weak                       Min:  0.0, Avg:  0.0, Max:  0.0, Diff:  0.0, Sum:  0.0, Workers: 4
[623.486s][debug][gc,phases      ] GC(18)     Dead                           Min: 0, Avg:  0.0, Max: 0, Diff: 0, Sum: 0, Workers: 4
[623.486s][debug][gc,phases      ] GC(18)     Total                          Min: 0, Avg: 13.0, Max: 52, Diff: 52, Sum: 52, Workers: 4
[623.486s][debug][gc,phases      ] GC(18)   StringDedup Table Weak         Min:  0.0, Avg:  0.0, Max:  0.0, Diff:  0.0, Sum:  0.0, Workers: 4
[623.486s][debug][gc,phases      ] GC(18)     Dead                           Min: 0, Avg:  0.0, Max: 0, Diff: 0, Sum: 0, Workers: 4
[623.486s][debug][gc,phases      ] GC(18)     Total                          Min: 0, Avg:  0.0, Max: 0, Diff: 0, Sum: 0, Workers: 4
[623.486s][debug][gc,phases      ] GC(18)   StringDedup Requests0 Weak     Min:  0.0, Avg:  0.0, Max:  0.0, Diff:  0.0, Sum:  0.0, Workers: 4
[623.486s][debug][gc,phases      ] GC(18)     Dead                           Min: 0, Avg:  0.0, Max: 0, Diff: 0, Sum: 0, Workers: 4
[623.486s][debug][gc,phases      ] GC(18)     Total                          Min: 0, Avg:  0.0, Max: 0, Diff: 0, Sum: 0, Workers: 4
[623.486s][debug][gc,phases      ] GC(18)   StringDedup Requests1 Weak     Min:  0.0, Avg:  0.0, Max:  0.0, Diff:  0.0, Sum:  0.0, Workers: 4
[623.486s][debug][gc,phases      ] GC(18)     Dead                           Min: 0, Avg:  0.0, Max: 0, Diff: 0, Sum: 0, Workers: 4
[623.486s][debug][gc,phases      ] GC(18)     Total                          Min: 0, Avg:  0.0, Max: 0, Diff: 0, Sum: 0, Workers: 4
[623.486s][debug][gc,phases      ] GC(18)   Weak JFR Old Object Samples    Min:  0.0, Avg:  0.0, Max:  0.0, Diff:  0.0, Sum:  0.0, Workers: 4
[623.486s][debug][gc,phases      ] GC(18)     Dead                           Min: 0, Avg:  0.0, Max: 0, Diff: 0, Sum: 0, Workers: 4
[623.486s][debug][gc,phases      ] GC(18)     Total                          Min: 0, Avg:  0.0, Max: 0, Diff: 0, Sum: 0, Workers: 4
[623.486s][debug][gc,phases      ] GC(18) Weak Processing 0.393ms
[623.486s][debug][gc,age         ] GC(18) Desired survivor size 249561088 bytes, new threshold 1 (max threshold 15)
[623.486s][info ][gc,heap        ] GC(18) PSYoungGen: 1594880K(1846784K)->6896K(1842688K) Eden: 1592320K(1592320K)->0K(1592320K) From: 2560K(254464K)->6896K(250368K)
[623.486s][info ][gc,heap        ] GC(18) ParOldGen: 283541K(283648K)->284149K(284160K)
[623.486s][info ][gc,metaspace   ] GC(18) Metaspace: 102099K(103296K)->102099K(103296K) NonClass: 86744K(87424K)->86744K(87424K) Class: 15354K(15872K)->15354K(15872K)
[623.486s][info ][gc             ] GC(18) Pause Young (Allocation Failure) 1834M->284M(2077M) 4.808ms
[623.486s][info ][gc,cpu         ] GC(18) User=0.01s Sys=0.00s Real=0.01s
[623.486s][info ][safepoint      ] Safepoint "ParallelGCFailedAllocation", Time since last: 1687821436 ns, Reaching safepoint: 77999 ns, Cleanup: 18700 ns, At safepoint: 4874867 ns, Total: 4971566 ns
[624.486s][info ][safepoint      ] Safepoint "Cleanup", Time since last: 1000117356 ns, Reaching safepoint: 7800 ns, Cleanup: 10200 ns, At safepoint: 2100 ns, Total: 20100 ns
[625.486s][info ][safepoint      ] Safepoint "Cleanup", Time since last: 1000139864 ns, Reaching safepoint: 7200 ns, Cleanup: 12700 ns, At safepoint: 2200 ns, Total: 22100 ns
[627.486s][info ][safepoint      ] Safepoint "Cleanup", Time since last: 2000219928 ns, Reaching safepoint: 6800 ns, Cleanup: 16300 ns, At safepoint: 2500 ns, Total: 25600 ns
[627.809s][info ][gc,start       ] GC(19) Pause Young (CodeCache GC Threshold)
[627.813s][debug][gc,phases      ] GC(19) Scavenge 4.659ms
[627.813s][debug][gc,ref         ] GC(19) ReferenceProcessor::execute queues: 1, RefProcThreadModel::Single, marks_oops_alive: false
[627.814s][debug][gc,ref         ] GC(19) Skipped KeepAliveFinalRefsPhase of Reference Processing: no references
[627.814s][debug][gc,ref         ] GC(19) Skipped PhantomRefsPhase of Reference Processing: no references
[627.814s][debug][gc,phases      ] GC(19) Reference Processing 0.126ms
[627.814s][debug][gc,phases      ] GC(19)   VM Weak                        Min:  0.0, Avg:  0.0, Max:  0.0, Diff:  0.0, Sum:  0.0, Workers: 4
[627.814s][debug][gc,phases      ] GC(19)     Dead                           Min: 0, Avg:  0.0, Max: 0, Diff: 0, Sum: 0, Workers: 4
[627.814s][debug][gc,phases      ] GC(19)     Total                          Min: 0, Avg: 226.5, Max: 832, Diff: 832, Sum: 906, Workers: 4
[627.814s][debug][gc,phases      ] GC(19)   ObjectSynchronizer Weak        Min:  0.0, Avg:  0.0, Max:  0.0, Diff:  0.0, Sum:  0.0, Workers: 4
[627.814s][debug][gc,phases      ] GC(19)     Dead                           Min: 0, Avg:  0.0, Max: 0, Diff: 0, Sum: 0, Workers: 4
[627.814s][debug][gc,phases      ] GC(19)     Total                          Min: 0, Avg:  1.8, Max: 7, Diff: 7, Sum: 7, Workers: 4
[627.814s][debug][gc,phases      ] GC(19)   JVMTI Tag Weak OopStorage      Min:  0.0, Avg:  0.0, Max:  0.0, Diff:  0.0, Sum:  0.0, Workers: 4
[627.814s][debug][gc,phases      ] GC(19)     Dead                           Min: 0, Avg:  0.0, Max: 0, Diff: 0, Sum: 0, Workers: 4
[627.814s][debug][gc,phases      ] GC(19)     Total                          Min: 0, Avg:  0.0, Max: 0, Diff: 0, Sum: 0, Workers: 4
[627.814s][debug][gc,phases      ] GC(19)   StringTable Weak               Min:  0.0, Avg:  0.1, Max:  0.1, Diff:  0.1, Sum:  0.4, Workers: 4
[627.814s][debug][gc,phases      ] GC(19)     Dead                           Min: 0, Avg:  0.0, Max: 0, Diff: 0, Sum: 0, Workers: 4
[627.814s][debug][gc,phases      ] GC(19)     Total                          Min: 0, Avg: 11166.5, Max: 19392, Diff: 19392, Sum: 44666, Workers: 4
[627.814s][debug][gc,phases      ] GC(19)   ResolvedMethodTable Weak       Min:  0.0, Avg:  0.0, Max:  0.0, Diff:  0.0, Sum:  0.1, Workers: 4
[627.814s][debug][gc,phases      ] GC(19)     Dead                           Min: 0, Avg:  0.0, Max: 0, Diff: 0, Sum: 0, Workers: 4
[627.814s][debug][gc,phases      ] GC(19)     Total                          Min: 0, Avg: 3530.5, Max: 5911, Diff: 5911, Sum: 14122, Workers: 4
[627.814s][debug][gc,phases      ] GC(19)   JNI Weak                       Min:  0.0, Avg:  0.0, Max:  0.0, Diff:  0.0, Sum:  0.0, Workers: 4
[627.814s][debug][gc,phases      ] GC(19)     Dead                           Min: 0, Avg:  0.0, Max: 0, Diff: 0, Sum: 0, Workers: 4
[627.814s][debug][gc,phases      ] GC(19)     Total                          Min: 0, Avg: 13.0, Max: 52, Diff: 52, Sum: 52, Workers: 4
[627.814s][debug][gc,phases      ] GC(19)   StringDedup Table Weak         Min:  0.0, Avg:  0.0, Max:  0.0, Diff:  0.0, Sum:  0.0, Workers: 4
[627.814s][debug][gc,phases      ] GC(19)     Dead                           Min: 0, Avg:  0.0, Max: 0, Diff: 0, Sum: 0, Workers: 4
[627.814s][debug][gc,phases      ] GC(19)     Total                          Min: 0, Avg:  0.0, Max: 0, Diff: 0, Sum: 0, Workers: 4
[627.814s][debug][gc,phases      ] GC(19)   StringDedup Requests0 Weak     Min:  0.0, Avg:  0.0, Max:  0.0, Diff:  0.0, Sum:  0.0, Workers: 4
[627.814s][debug][gc,phases      ] GC(19)     Dead                           Min: 0, Avg:  0.0, Max: 0, Diff: 0, Sum: 0, Workers: 4
[627.814s][debug][gc,phases      ] GC(19)     Total                          Min: 0, Avg:  0.0, Max: 0, Diff: 0, Sum: 0, Workers: 4
[627.814s][debug][gc,phases      ] GC(19)   StringDedup Requests1 Weak     Min:  0.0, Avg:  0.0, Max:  0.0, Diff:  0.0, Sum:  0.0, Workers: 4
[627.814s][debug][gc,phases      ] GC(19)     Dead                           Min: 0, Avg:  0.0, Max: 0, Diff: 0, Sum: 0, Workers: 4
[627.814s][debug][gc,phases      ] GC(19)     Total                          Min: 0, Avg:  0.0, Max: 0, Diff: 0, Sum: 0, Workers: 4
[627.814s][debug][gc,phases      ] GC(19)   Weak JFR Old Object Samples    Min:  0.0, Avg:  0.0, Max:  0.0, Diff:  0.0, Sum:  0.0, Workers: 4
[627.814s][debug][gc,phases      ] GC(19)     Dead                           Min: 0, Avg:  0.0, Max: 0, Diff: 0, Sum: 0, Workers: 4
[627.814s][debug][gc,phases      ] GC(19)     Total                          Min: 0, Avg:  0.0, Max: 0, Diff: 0, Sum: 0, Workers: 4
[627.814s][debug][gc,phases      ] GC(19) Weak Processing 0.393ms
[627.814s][debug][gc,age         ] GC(19) Desired survivor size 242221056 bytes, new threshold 1 (max threshold 15)
[627.814s][info ][gc,heap        ] GC(19) PSYoungGen: 138488K(1842688K)->3488K(1860608K) Eden: 131591K(1592320K)->0K(1616896K) From: 6896K(250368K)->3488K(243712K)
[627.814s][info ][gc,heap        ] GC(19) ParOldGen: 284149K(284160K)->289942K(290304K)
[627.814s][info ][gc,metaspace   ] GC(19) Metaspace: 102103K(103296K)->102103K(103296K) NonClass: 86748K(87424K)->86748K(87424K) Class: 15354K(15872K)->15354K(15872K)
[627.814s][info ][gc             ] GC(19) Pause Young (CodeCache GC Threshold) 412M->286M(2100M) 5.283ms
[627.814s][info ][gc,cpu         ] GC(19) User=0.01s Sys=0.00s Real=0.01s
[627.814s][debug][gc,phases      ] GC(20) Pre Compact 0.008ms
[627.814s][info ][gc,start       ] GC(20) Pause Full (CodeCache GC Threshold)
[627.814s][info ][gc,phases,start] GC(20) Marking Phase
[627.903s][debug][gc,phases      ] GC(20) Par Mark 89.266ms
[627.904s][debug][gc,ref         ] GC(20) ReferenceProcessor::execute queues: 4, RefProcThreadModel::Multi, marks_oops_alive: false
[627.905s][debug][gc,ref         ] GC(20) Skipped KeepAliveFinalRefsPhase of Reference Processing: no references
[627.905s][debug][gc,ref         ] GC(20) ReferenceProcessor::execute queues: 1, RefProcThreadModel::Single, marks_oops_alive: false
[627.905s][debug][gc,phases      ] GC(20) Reference Processing 1.242ms
[627.905s][debug][gc,phases      ] GC(20)   VM Weak                        Min:  0.0, Avg:  0.0, Max:  0.0, Diff:  0.0, Sum:  0.0, Workers: 4
[627.905s][debug][gc,phases      ] GC(20)     Dead                           Min: 0, Avg:  0.2, Max: 1, Diff: 1, Sum: 1, Workers: 4
[627.905s][debug][gc,phases      ] GC(20)     Total                          Min: 0, Avg: 226.5, Max: 458, Diff: 458, Sum: 906, Workers: 4
[627.905s][debug][gc,phases      ] GC(20)   ObjectSynchronizer Weak        Min:  0.0, Avg:  0.0, Max:  0.0, Diff:  0.0, Sum:  0.0, Workers: 4
[627.905s][debug][gc,phases      ] GC(20)     Dead                           Min: 0, Avg:  0.0, Max: 0, Diff: 0, Sum: 0, Workers: 4
[627.905s][debug][gc,phases      ] GC(20)     Total                          Min: 0, Avg:  1.8, Max: 7, Diff: 7, Sum: 7, Workers: 4
[627.905s][debug][gc,phases      ] GC(20)   JVMTI Tag Weak OopStorage      Min:  0.0, Avg:  0.0, Max:  0.0, Diff:  0.0, Sum:  0.0, Workers: 4
[627.905s][debug][gc,phases      ] GC(20)     Dead                           Min: 0, Avg:  0.0, Max: 0, Diff: 0, Sum: 0, Workers: 4
[627.905s][debug][gc,phases      ] GC(20)     Total                          Min: 0, Avg:  0.0, Max: 0, Diff: 0, Sum: 0, Workers: 4
[627.905s][debug][gc,phases      ] GC(20)   StringTable Weak               Min:  0.0, Avg:  0.2, Max:  0.2, Diff:  0.2, Sum:  0.6, Workers: 4
[627.905s][debug][gc,phases      ] GC(20)     Dead                           Min: 0, Avg:  0.0, Max: 0, Diff: 0, Sum: 0, Workers: 4
[627.905s][debug][gc,phases      ] GC(20)     Total                          Min: 0, Avg: 11166.5, Max: 15290, Diff: 15290, Sum: 44666, Workers: 4
[627.905s][debug][gc,phases      ] GC(20)   ResolvedMethodTable Weak       Min:  0.0, Avg:  0.0, Max:  0.1, Diff:  0.1, Sum:  0.2, Workers: 4
[627.905s][debug][gc,phases      ] GC(20)     Dead                           Min: 0, Avg:  0.2, Max: 1, Diff: 1, Sum: 1, Workers: 4
[627.905s][debug][gc,phases      ] GC(20)     Total                          Min: 0, Avg: 3530.5, Max: 4845, Diff: 4845, Sum: 14122, Workers: 4
[627.905s][debug][gc,phases      ] GC(20)   JNI Weak                       Min:  0.0, Avg:  0.0, Max:  0.0, Diff:  0.0, Sum:  0.0, Workers: 4
[627.905s][debug][gc,phases      ] GC(20)     Dead                           Min: 0, Avg:  0.0, Max: 0, Diff: 0, Sum: 0, Workers: 4
[627.905s][debug][gc,phases      ] GC(20)     Total                          Min: 0, Avg: 13.0, Max: 52, Diff: 52, Sum: 52, Workers: 4
[627.905s][debug][gc,phases      ] GC(20)   StringDedup Table Weak         Min:  0.0, Avg:  0.0, Max:  0.0, Diff:  0.0, Sum:  0.0, Workers: 4
[627.905s][debug][gc,phases      ] GC(20)     Dead                           Min: 0, Avg:  0.0, Max: 0, Diff: 0, Sum: 0, Workers: 4
[627.905s][debug][gc,phases      ] GC(20)     Total                          Min: 0, Avg:  0.0, Max: 0, Diff: 0, Sum: 0, Workers: 4
[627.905s][debug][gc,phases      ] GC(20)   StringDedup Requests0 Weak     Min:  0.0, Avg:  0.0, Max:  0.0, Diff:  0.0, Sum:  0.0, Workers: 4
[627.905s][debug][gc,phases      ] GC(20)     Dead                           Min: 0, Avg:  0.0, Max: 0, Diff: 0, Sum: 0, Workers: 4
[627.905s][debug][gc,phases      ] GC(20)     Total                          Min: 0, Avg:  0.0, Max: 0, Diff: 0, Sum: 0, Workers: 4
[627.905s][debug][gc,phases      ] GC(20)   StringDedup Requests1 Weak     Min:  0.0, Avg:  0.0, Max:  0.0, Diff:  0.0, Sum:  0.0, Workers: 4
[627.905s][debug][gc,phases      ] GC(20)     Dead                           Min: 0, Avg:  0.0, Max: 0, Diff: 0, Sum: 0, Workers: 4
[627.905s][debug][gc,phases      ] GC(20)     Total                          Min: 0, Avg:  0.0, Max: 0, Diff: 0, Sum: 0, Workers: 4
[627.905s][debug][gc,phases      ] GC(20)   Weak JFR Old Object Samples    Min:  0.0, Avg:  0.0, Max:  0.0, Diff:  0.0, Sum:  0.0, Workers: 4
[627.905s][debug][gc,phases      ] GC(20)     Dead                           Min: 0, Avg:  0.0, Max: 0, Diff: 0, Sum: 0, Workers: 4
[627.905s][debug][gc,phases      ] GC(20)     Total                          Min: 0, Avg:  0.0, Max: 0, Diff: 0, Sum: 0, Workers: 4
[627.905s][debug][gc,phases      ] GC(20) Weak Processing 0.471ms
[627.905s][debug][gc,phases      ] GC(20) ClassLoaderData 0.210ms
[627.905s][debug][gc,phases      ] GC(20) Trigger cleanups 0.007ms
[627.959s][debug][gc,phases      ] GC(20) Purge Unlinked NMethods 1.930ms
[627.959s][debug][gc,phases      ] GC(20) Unregister NMethods 0.001ms
[627.959s][debug][gc,phases      ] GC(20) Free Code Blobs 0.274ms
[627.969s][debug][gc,phases      ] GC(20) Class Unloading 63.838ms
[627.969s][debug][gc,phases      ] GC(20) Report Object Count 0.001ms
[627.969s][info ][gc,phases      ] GC(20) Marking Phase 154.909ms
[627.969s][info ][gc,phases,start] GC(20) Summary Phase
[627.969s][info ][gc,phases      ] GC(20) Summary Phase 0.013ms
[627.969s][info ][gc,phases,start] GC(20) Adjust Roots
[627.987s][info ][gc,phases      ] GC(20) Adjust Roots 18.206ms
[627.987s][info ][gc,phases,start] GC(20) Compaction Phase
[628.087s][info ][gc,phases      ] GC(20) Compaction Phase 99.659ms
[628.087s][info ][gc,phases,start] GC(20) Post Compact
[628.089s][debug][gc,phases      ] GC(20) Purge Class Loader Data 0.560ms
[628.089s][info ][gc,phases      ] GC(20) Post Compact 1.677ms
[628.089s][info ][gc,heap        ] GC(20) PSYoungGen: 3488K(1860608K)->0K(1860608K) Eden: 0K(1616896K)->0K(1616896K) From: 3488K(243712K)->0K(243712K)
[628.089s][info ][gc,heap        ] GC(20) ParOldGen: 289942K(290304K)->274385K(290304K)
[628.089s][info ][gc,metaspace   ] GC(20) Metaspace: 102103K(103296K)->102101K(103296K) NonClass: 86748K(87424K)->86747K(87424K) Class: 15354K(15872K)->15354K(15872K)
[628.089s][info ][gc             ] GC(20) Pause Full (CodeCache GC Threshold) 286M->267M(2100M) 274.577ms
[628.089s][info ][gc,cpu         ] GC(20) User=0.80s Sys=0.02s Real=0.27s
[628.089s][info ][safepoint      ] Safepoint "ParallelGCSystemGC", Time since last: 322096539 ns, Reaching safepoint: 82300 ns, Cleanup: 13300 ns, At safepoint: 279993130 ns, Total: 280088730 ns
[629.089s][info ][safepoint      ] Safepoint "Cleanup", Time since last: 1000118164 ns, Reaching safepoint: 6800 ns, Cleanup: 112999 ns, At safepoint: 2700 ns, Total: 122499 ns
[630.089s][info ][safepoint      ] Safepoint "Cleanup", Time since last: 1000115713 ns, Reaching safepoint: 6200 ns, Cleanup: 20300 ns, At safepoint: 2300 ns, Total: 28800 ns
[631.089s][info ][safepoint      ] Safepoint "Cleanup", Time since last: 1000133135 ns, Reaching safepoint: 5500 ns, Cleanup: 13500 ns, At safepoint: 2300 ns, Total: 21300 ns
[632.089s][info ][safepoint      ] Safepoint "Cleanup", Time since last: 1000115034 ns, Reaching safepoint: 5900 ns, Cleanup: 33200 ns, At safepoint: 1800 ns, Total: 40900 ns
[633.090s][info ][safepoint      ] Safepoint "Cleanup", Time since last: 1000095888 ns, Reaching safepoint: 76600 ns, Cleanup: 8300 ns, At safepoint: 5999 ns, Total: 90899 ns
[634.090s][info ][safepoint      ] Safepoint "Cleanup", Time since last: 1000102534 ns, Reaching safepoint: 5900 ns, Cleanup: 11700 ns, At safepoint: 1700 ns, Total: 19300 ns
[635.090s][info ][safepoint      ] Safepoint "Cleanup", Time since last: 1000103633 ns, Reaching safepoint: 6900 ns, Cleanup: 11500 ns, At safepoint: 1900 ns, Total: 20300 ns
[637.090s][info ][safepoint      ] Safepoint "Cleanup", Time since last: 2000190167 ns, Reaching safepoint: 6200 ns, Cleanup: 12400 ns, At safepoint: 2000 ns, Total: 20600 ns
[638.090s][info ][safepoint      ] Safepoint "Cleanup", Time since last: 1000136533 ns, Reaching safepoint: 6900 ns, Cleanup: 10100 ns, At safepoint: 2700 ns, Total: 19700 ns
[640.090s][info ][safepoint      ] Safepoint "Cleanup", Time since last: 2000182868 ns, Reaching safepoint: 12099 ns, Cleanup: 22100 ns, At safepoint: 2500 ns, Total: 36699 ns
[643.091s][info ][safepoint      ] Safepoint "Cleanup", Time since last: 3000312474 ns, Reaching safepoint: 6400 ns, Cleanup: 9900 ns, At safepoint: 2500 ns, Total: 18800 ns
[644.091s][info ][safepoint      ] Safepoint "Cleanup", Time since last: 1000103614 ns, Reaching safepoint: 5900 ns, Cleanup: 13700 ns, At safepoint: 1900 ns, Total: 21500 ns
[645.091s][info ][safepoint      ] Safepoint "Cleanup", Time since last: 1000098814 ns, Reaching safepoint: 6100 ns, Cleanup: 25500 ns, At safepoint: 1900 ns, Total: 33500 ns
[647.091s][info ][safepoint      ] Safepoint "Cleanup", Time since last: 2000162409 ns, Reaching safepoint: 5100 ns, Cleanup: 9400 ns, At safepoint: 2200 ns, Total: 16700 ns
[648.091s][info ][safepoint      ] Safepoint "Cleanup", Time since last: 1000098264 ns, Reaching safepoint: 5200 ns, Cleanup: 7500 ns, At safepoint: 1900 ns, Total: 14600 ns
[650.091s][info ][safepoint      ] Safepoint "Cleanup", Time since last: 2000192615 ns, Reaching safepoint: 6900 ns, Cleanup: 38300 ns, At safepoint: 2200 ns, Total: 47400 ns
[652.092s][info ][safepoint      ] Safepoint "Cleanup", Time since last: 2000178963 ns, Reaching safepoint: 6800 ns, Cleanup: 8500 ns, At safepoint: 2400 ns, Total: 17700 ns
[653.092s][info ][safepoint      ] Safepoint "Cleanup", Time since last: 1000104485 ns, Reaching safepoint: 6700 ns, Cleanup: 16200 ns, At safepoint: 3000 ns, Total: 25900 ns
[654.092s][info ][safepoint      ] Safepoint "Cleanup", Time since last: 1000118711 ns, Reaching safepoint: 6500 ns, Cleanup: 9500 ns, At safepoint: 2500 ns, Total: 18500 ns
[655.092s][info ][safepoint      ] Safepoint "Cleanup", Time since last: 1000111810 ns, Reaching safepoint: 7200 ns, Cleanup: 10300 ns, At safepoint: 2800 ns, Total: 20300 ns
[656.092s][info ][safepoint      ] Safepoint "Cleanup", Time since last: 1000130311 ns, Reaching safepoint: 6800 ns, Cleanup: 17599 ns, At safepoint: 1700 ns, Total: 26099 ns
[658.092s][info ][safepoint      ] Safepoint "Cleanup", Time since last: 2000173254 ns, Reaching safepoint: 6000 ns, Cleanup: 13699 ns, At safepoint: 2000 ns, Total: 21699 ns
[659.093s][info ][safepoint      ] Safepoint "Cleanup", Time since last: 1000126512 ns, Reaching safepoint: 7600 ns, Cleanup: 15500 ns, At safepoint: 1900 ns, Total: 25000 ns
[660.093s][info ][safepoint      ] Safepoint "Cleanup", Time since last: 1000113011 ns, Reaching safepoint: 6600 ns, Cleanup: 11400 ns, At safepoint: 2400 ns, Total: 20400 ns
[661.224s][info ][safepoint      ] Safepoint "Cleanup", Time since last: 1130924333 ns, Reaching safepoint: 6800 ns, Cleanup: 25799 ns, At safepoint: 3100 ns, Total: 35699 ns
[662.224s][info ][safepoint      ] Safepoint "Cleanup", Time since last: 1000115812 ns, Reaching safepoint: 7300 ns, Cleanup: 14200 ns, At safepoint: 2500 ns, Total: 24000 ns
[662.335s][info ][gc,start       ] GC(21) Pause Young (Allocation Failure)
[662.346s][debug][gc,phases      ] GC(21) Scavenge 10.329ms
[662.346s][debug][gc,ref         ] GC(21) ReferenceProcessor::execute queues: 1, RefProcThreadModel::Single, marks_oops_alive: false
[662.346s][debug][gc,ref         ] GC(21) Skipped KeepAliveFinalRefsPhase of Reference Processing: no references
[662.346s][debug][gc,ref         ] GC(21) ReferenceProcessor::execute queues: 1, RefProcThreadModel::Single, marks_oops_alive: false
[662.346s][debug][gc,phases      ] GC(21) Reference Processing 0.106ms
[662.346s][debug][gc,phases      ] GC(21)   VM Weak                        Min:  0.0, Avg:  0.0, Max:  0.0, Diff:  0.0, Sum:  0.0, Workers: 4
[662.346s][debug][gc,phases      ] GC(21)     Dead                           Min: 0, Avg:  0.0, Max: 0, Diff: 0, Sum: 0, Workers: 4
[662.346s][debug][gc,phases      ] GC(21)     Total                          Min: 0, Avg: 226.2, Max: 895, Diff: 895, Sum: 905, Workers: 4
[662.346s][debug][gc,phases      ] GC(21)   ObjectSynchronizer Weak        Min:  0.0, Avg:  0.0, Max:  0.0, Diff:  0.0, Sum:  0.0, Workers: 4
[662.346s][debug][gc,phases      ] GC(21)     Dead                           Min: 0, Avg:  0.0, Max: 0, Diff: 0, Sum: 0, Workers: 4
[662.346s][debug][gc,phases      ] GC(21)     Total                          Min: 0, Avg:  1.0, Max: 4, Diff: 4, Sum: 4, Workers: 4
[662.346s][debug][gc,phases      ] GC(21)   JVMTI Tag Weak OopStorage      Min:  0.0, Avg:  0.0, Max:  0.0, Diff:  0.0, Sum:  0.0, Workers: 4
[662.346s][debug][gc,phases      ] GC(21)     Dead                           Min: 0, Avg:  0.0, Max: 0, Diff: 0, Sum: 0, Workers: 4
[662.346s][debug][gc,phases      ] GC(21)     Total                          Min: 0, Avg:  0.0, Max: 0, Diff: 0, Sum: 0, Workers: 4
[662.346s][debug][gc,phases      ] GC(21)   StringTable Weak               Min:  0.0, Avg:  0.1, Max:  0.1, Diff:  0.1, Sum:  0.4, Workers: 4
[662.346s][debug][gc,phases      ] GC(21)     Dead                           Min: 0, Avg:  0.0, Max: 0, Diff: 0, Sum: 0, Workers: 4
[662.346s][debug][gc,phases      ] GC(21)     Total                          Min: 0, Avg: 11168.2, Max: 19712, Diff: 19712, Sum: 44673, Workers: 4
[662.346s][debug][gc,phases      ] GC(21)   ResolvedMethodTable Weak       Min:  0.0, Avg:  0.0, Max:  0.1, Diff:  0.1, Sum:  0.2, Workers: 4
[662.346s][debug][gc,phases      ] GC(21)     Dead                           Min: 0, Avg:  4.5, Max: 14, Diff: 14, Sum: 18, Workers: 4
[662.346s][debug][gc,phases      ] GC(21)     Total                          Min: 0, Avg: 3531.5, Max: 5001, Diff: 5001, Sum: 14126, Workers: 4
[662.346s][debug][gc,phases      ] GC(21)   JNI Weak                       Min:  0.0, Avg:  0.0, Max:  0.0, Diff:  0.0, Sum:  0.0, Workers: 4
[662.346s][debug][gc,phases      ] GC(21)     Dead                           Min: 0, Avg:  0.0, Max: 0, Diff: 0, Sum: 0, Workers: 4
[662.346s][debug][gc,phases      ] GC(21)     Total                          Min: 0, Avg: 13.0, Max: 52, Diff: 52, Sum: 52, Workers: 4
[662.346s][debug][gc,phases      ] GC(21)   StringDedup Table Weak         Min:  0.0, Avg:  0.0, Max:  0.0, Diff:  0.0, Sum:  0.0, Workers: 4
[662.346s][debug][gc,phases      ] GC(21)     Dead                           Min: 0, Avg:  0.0, Max: 0, Diff: 0, Sum: 0, Workers: 4
[662.346s][debug][gc,phases      ] GC(21)     Total                          Min: 0, Avg:  0.0, Max: 0, Diff: 0, Sum: 0, Workers: 4
[662.346s][debug][gc,phases      ] GC(21)   StringDedup Requests0 Weak     Min:  0.0, Avg:  0.0, Max:  0.0, Diff:  0.0, Sum:  0.0, Workers: 4
[662.346s][debug][gc,phases      ] GC(21)     Dead                           Min: 0, Avg:  0.0, Max: 0, Diff: 0, Sum: 0, Workers: 4
[662.346s][debug][gc,phases      ] GC(21)     Total                          Min: 0, Avg:  0.0, Max: 0, Diff: 0, Sum: 0, Workers: 4
[662.346s][debug][gc,phases      ] GC(21)   StringDedup Requests1 Weak     Min:  0.0, Avg:  0.0, Max:  0.0, Diff:  0.0, Sum:  0.0, Workers: 4
[662.346s][debug][gc,phases      ] GC(21)     Dead                           Min: 0, Avg:  0.0, Max: 0, Diff: 0, Sum: 0, Workers: 4
[662.346s][debug][gc,phases      ] GC(21)     Total                          Min: 0, Avg:  0.0, Max: 0, Diff: 0, Sum: 0, Workers: 4
[662.346s][debug][gc,phases      ] GC(21)   Weak JFR Old Object Samples    Min:  0.0, Avg:  0.0, Max:  0.0, Diff:  0.0, Sum:  0.0, Workers: 4
[662.346s][debug][gc,phases      ] GC(21)     Dead                           Min: 0, Avg:  0.0, Max: 0, Diff: 0, Sum: 0, Workers: 4
[662.346s][debug][gc,phases      ] GC(21)     Total                          Min: 0, Avg:  0.0, Max: 0, Diff: 0, Sum: 0, Workers: 4
[662.346s][debug][gc,phases      ] GC(21) Weak Processing 0.393ms
[662.346s][debug][gc,age         ] GC(21) Desired survivor size 228589568 bytes, new threshold 1 (max threshold 15)
[662.346s][info ][gc,heap        ] GC(21) PSYoungGen: 1616896K(1860608K)->32248K(1853440K) Eden: 1616896K(1616896K)->0K(1616896K) From: 0K(243712K)->32248K(236544K)
[662.346s][info ][gc,heap        ] GC(21) ParOldGen: 274385K(290304K)->274385K(290304K)
[662.346s][info ][gc,metaspace   ] GC(21) Metaspace: 102140K(103360K)->102140K(103360K) NonClass: 86785K(87488K)->86785K(87488K) Class: 15355K(15872K)->15355K(15872K)
[662.346s][info ][gc             ] GC(21) Pause Young (Allocation Failure) 1846M->299M(2093M) 10.957ms
[662.346s][info ][gc,cpu         ] GC(21) User=0.04s Sys=0.00s Real=0.01s
[662.346s][info ][safepoint      ] Safepoint "ParallelGCFailedAllocation", Time since last: 111481821 ns, Reaching safepoint: 95500 ns, Cleanup: 9600 ns, At safepoint: 11045942 ns, Total: 11151042 ns
[663.347s][info ][safepoint      ] Safepoint "Cleanup", Time since last: 1000113012 ns, Reaching safepoint: 6200 ns, Cleanup: 10500 ns, At safepoint: 1800 ns, Total: 18500 ns
[664.347s][info ][safepoint      ] Safepoint "Cleanup", Time since last: 1000108992 ns, Reaching safepoint: 5900 ns, Cleanup: 16700 ns, At safepoint: 2100 ns, Total: 24700 ns
[665.347s][info ][safepoint      ] Safepoint "Cleanup", Time since last: 1000110664 ns, Reaching safepoint: 6000 ns, Cleanup: 11600 ns, At safepoint: 2200 ns, Total: 19800 ns
[666.347s][info ][safepoint      ] Safepoint "Cleanup", Time since last: 1000117364 ns, Reaching safepoint: 6200 ns, Cleanup: 14100 ns, At safepoint: 2100 ns, Total: 22400 ns
[667.347s][info ][safepoint      ] Safepoint "Cleanup", Time since last: 1000143663 ns, Reaching safepoint: 6400 ns, Cleanup: 9900 ns, At safepoint: 2800 ns, Total: 19100 ns
[668.347s][info ][safepoint      ] Safepoint "Cleanup", Time since last: 1000139564 ns, Reaching safepoint: 6100 ns, Cleanup: 9500 ns, At safepoint: 2300 ns, Total: 17900 ns
[669.347s][info ][safepoint      ] Safepoint "Cleanup", Time since last: 1000130963 ns, Reaching safepoint: 6700 ns, Cleanup: 12400 ns, At safepoint: 2300 ns, Total: 21400 ns
[671.348s][info ][safepoint      ] Safepoint "Cleanup", Time since last: 2000203428 ns, Reaching safepoint: 6800 ns, Cleanup: 10800 ns, At safepoint: 1900 ns, Total: 19500 ns
[672.348s][info ][safepoint      ] Safepoint "Cleanup", Time since last: 1000106104 ns, Reaching safepoint: 5900 ns, Cleanup: 11400 ns, At safepoint: 23800 ns, Total: 41100 ns
[673.348s][info ][safepoint      ] Safepoint "Cleanup", Time since last: 1000105632 ns, Reaching safepoint: 6100 ns, Cleanup: 11100 ns, At safepoint: 2000 ns, Total: 19200 ns
[675.348s][info ][safepoint      ] Safepoint "Cleanup", Time since last: 2000205664 ns, Reaching safepoint: 6700 ns, Cleanup: 27499 ns, At safepoint: 2300 ns, Total: 36499 ns
[676.348s][info ][safepoint      ] Safepoint "Cleanup", Time since last: 1000113432 ns, Reaching safepoint: 6800 ns, Cleanup: 8600 ns, At safepoint: 2400 ns, Total: 17800 ns
[677.348s][info ][safepoint      ] Safepoint "Cleanup", Time since last: 1000137632 ns, Reaching safepoint: 6500 ns, Cleanup: 13400 ns, At safepoint: 2700 ns, Total: 22600 ns
[678.349s][info ][safepoint      ] Safepoint "Cleanup", Time since last: 1000108141 ns, Reaching safepoint: 6600 ns, Cleanup: 38799 ns, At safepoint: 2400 ns, Total: 47799 ns
[680.349s][info ][safepoint      ] Safepoint "Cleanup", Time since last: 2000170082 ns, Reaching safepoint: 6700 ns, Cleanup: 8300 ns, At safepoint: 2100 ns, Total: 17100 ns
[681.349s][info ][safepoint      ] Safepoint "Cleanup", Time since last: 1000117745 ns, Reaching safepoint: 5500 ns, Cleanup: 24100 ns, At safepoint: 2400 ns, Total: 32000 ns
[682.349s][info ][safepoint      ] Safepoint "Cleanup", Time since last: 1000105346 ns, Reaching safepoint: 6100 ns, Cleanup: 21900 ns, At safepoint: 1900 ns, Total: 29900 ns
[683.349s][info ][safepoint      ] Safepoint "Cleanup", Time since last: 1000118445 ns, Reaching safepoint: 6000 ns, Cleanup: 11800 ns, At safepoint: 2300 ns, Total: 20100 ns
[684.600s][info ][safepoint      ] Safepoint "Cleanup", Time since last: 1250670204 ns, Reaching safepoint: 5800 ns, Cleanup: 39800 ns, At safepoint: 2300 ns, Total: 47900 ns
[686.600s][info ][safepoint      ] Safepoint "Cleanup", Time since last: 2000183891 ns, Reaching safepoint: 5400 ns, Cleanup: 6900 ns, At safepoint: 2000 ns, Total: 14300 ns
[687.600s][info ][safepoint      ] Safepoint "Cleanup", Time since last: 1000097646 ns, Reaching safepoint: 5300 ns, Cleanup: 25899 ns, At safepoint: 1800 ns, Total: 32999 ns
[690.601s][info ][safepoint      ] Safepoint "Cleanup", Time since last: 3000233744 ns, Reaching safepoint: 8800 ns, Cleanup: 102200 ns, At safepoint: 2500 ns, Total: 113500 ns
[691.601s][info ][safepoint      ] Safepoint "Cleanup", Time since last: 1000111548 ns, Reaching safepoint: 5400 ns, Cleanup: 31300 ns, At safepoint: 1900 ns, Total: 38600 ns
[692.601s][info ][safepoint      ] Safepoint "Cleanup", Time since last: 1000152047 ns, Reaching safepoint: 79900 ns, Cleanup: 10600 ns, At safepoint: 22100 ns, Total: 112600 ns
[693.601s][info ][safepoint      ] Safepoint "Cleanup", Time since last: 1000105948 ns, Reaching safepoint: 7300 ns, Cleanup: 23900 ns, At safepoint: 2900 ns, Total: 34100 ns
[694.601s][info ][safepoint      ] Safepoint "Cleanup", Time since last: 1000117847 ns, Reaching safepoint: 5500 ns, Cleanup: 9900 ns, At safepoint: 2000 ns, Total: 17400 ns
[695.601s][info ][safepoint      ] Safepoint "Cleanup", Time since last: 1000125154 ns, Reaching safepoint: 6400 ns, Cleanup: 8400 ns, At safepoint: 1600 ns, Total: 16400 ns
[696.602s][info ][safepoint      ] Safepoint "Cleanup", Time since last: 1000113605 ns, Reaching safepoint: 6700 ns, Cleanup: 10100 ns, At safepoint: 2500 ns, Total: 19300 ns
[696.932s][info ][gc,start       ] GC(22) Pause Young (Allocation Failure)
[696.954s][debug][gc,phases      ] GC(22) Scavenge 22.339ms
[696.954s][debug][gc,ref         ] GC(22) ReferenceProcessor::execute queues: 1, RefProcThreadModel::Single, marks_oops_alive: false
[696.954s][debug][gc,ref         ] GC(22) Skipped KeepAliveFinalRefsPhase of Reference Processing: no references
[696.954s][debug][gc,ref         ] GC(22) ReferenceProcessor::execute queues: 1, RefProcThreadModel::Single, marks_oops_alive: false
[696.954s][debug][gc,phases      ] GC(22) Reference Processing 0.134ms
[696.954s][debug][gc,phases      ] GC(22)   VM Weak                        Min:  0.0, Avg:  0.0, Max:  0.0, Diff:  0.0, Sum:  0.0, Workers: 4
[696.954s][debug][gc,phases      ] GC(22)     Dead                           Min: 0, Avg:  0.0, Max: 0, Diff: 0, Sum: 0, Workers: 4
[696.954s][debug][gc,phases      ] GC(22)     Total                          Min: 0, Avg: 243.5, Max: 526, Diff: 526, Sum: 974, Workers: 4
[696.954s][debug][gc,phases      ] GC(22)   ObjectSynchronizer Weak        Min:  0.0, Avg:  0.0, Max:  0.0, Diff:  0.0, Sum:  0.0, Workers: 4
[696.954s][debug][gc,phases      ] GC(22)     Dead                           Min: 0, Avg:  0.0, Max: 0, Diff: 0, Sum: 0, Workers: 4
[696.954s][debug][gc,phases      ] GC(22)     Total                          Min: 0, Avg:  1.8, Max: 7, Diff: 7, Sum: 7, Workers: 4
[696.954s][debug][gc,phases      ] GC(22)   JVMTI Tag Weak OopStorage      Min:  0.0, Avg:  0.0, Max:  0.0, Diff:  0.0, Sum:  0.0, Workers: 4
[696.954s][debug][gc,phases      ] GC(22)     Dead                           Min: 0, Avg:  0.0, Max: 0, Diff: 0, Sum: 0, Workers: 4
[696.954s][debug][gc,phases      ] GC(22)     Total                          Min: 0, Avg:  0.0, Max: 0, Diff: 0, Sum: 0, Workers: 4
[696.954s][debug][gc,phases      ] GC(22)   StringTable Weak               Min:  0.0, Avg:  0.1, Max:  0.2, Diff:  0.2, Sum:  0.4, Workers: 4
[696.954s][debug][gc,phases      ] GC(22)     Dead                           Min: 0, Avg:  0.5, Max: 2, Diff: 2, Sum: 2, Workers: 4
[696.954s][debug][gc,phases      ] GC(22)     Total                          Min: 0, Avg: 11216.2, Max: 28032, Diff: 28032, Sum: 44865, Workers: 4
[696.954s][debug][gc,phases      ] GC(22)   ResolvedMethodTable Weak       Min:  0.0, Avg:  0.0, Max:  0.1, Diff:  0.1, Sum:  0.1, Workers: 4
[696.954s][debug][gc,phases      ] GC(22)     Dead                           Min: 0, Avg: 20.8, Max: 51, Diff: 51, Sum: 83, Workers: 4
[696.954s][debug][gc,phases      ] GC(22)     Total                          Min: 0, Avg: 3620.2, Max: 8482, Diff: 8482, Sum: 14481, Workers: 4
[696.954s][debug][gc,phases      ] GC(22)   JNI Weak                       Min:  0.0, Avg:  0.0, Max:  0.0, Diff:  0.0, Sum:  0.0, Workers: 4
[696.954s][debug][gc,phases      ] GC(22)     Dead                           Min: 0, Avg:  0.0, Max: 0, Diff: 0, Sum: 0, Workers: 4
[696.954s][debug][gc,phases      ] GC(22)     Total                          Min: 0, Avg: 13.0, Max: 52, Diff: 52, Sum: 52, Workers: 4
[696.955s][debug][gc,phases      ] GC(22)   StringDedup Table Weak         Min:  0.0, Avg:  0.0, Max:  0.0, Diff:  0.0, Sum:  0.0, Workers: 4
[696.955s][debug][gc,phases      ] GC(22)     Dead                           Min: 0, Avg:  0.0, Max: 0, Diff: 0, Sum: 0, Workers: 4
[696.955s][debug][gc,phases      ] GC(22)     Total                          Min: 0, Avg:  0.0, Max: 0, Diff: 0, Sum: 0, Workers: 4
[696.955s][debug][gc,phases      ] GC(22)   StringDedup Requests0 Weak     Min:  0.0, Avg:  0.0, Max:  0.0, Diff:  0.0, Sum:  0.0, Workers: 4
[696.955s][debug][gc,phases      ] GC(22)     Dead                           Min: 0, Avg:  0.0, Max: 0, Diff: 0, Sum: 0, Workers: 4
[696.955s][debug][gc,phases      ] GC(22)     Total                          Min: 0, Avg:  0.0, Max: 0, Diff: 0, Sum: 0, Workers: 4
[696.955s][debug][gc,phases      ] GC(22)   StringDedup Requests1 Weak     Min:  0.0, Avg:  0.0, Max:  0.0, Diff:  0.0, Sum:  0.0, Workers: 4
[696.955s][debug][gc,phases      ] GC(22)     Dead                           Min: 0, Avg:  0.0, Max: 0, Diff: 0, Sum: 0, Workers: 4
[696.955s][debug][gc,phases      ] GC(22)     Total                          Min: 0, Avg:  0.0, Max: 0, Diff: 0, Sum: 0, Workers: 4
[696.955s][debug][gc,phases      ] GC(22)   Weak JFR Old Object Samples    Min:  0.0, Avg:  0.0, Max:  0.0, Diff:  0.0, Sum:  0.0, Workers: 4
[696.955s][debug][gc,phases      ] GC(22)     Dead                           Min: 0, Avg:  0.0, Max: 0, Diff: 0, Sum: 0, Workers: 4
[696.955s][debug][gc,phases      ] GC(22)     Total                          Min: 0, Avg:  0.0, Max: 0, Diff: 0, Sum: 0, Workers: 4
[696.955s][debug][gc,phases      ] GC(22) Weak Processing 0.464ms
[696.955s][debug][gc,age         ] GC(22) Desired survivor size 216006656 bytes, new threshold 1 (max threshold 15)
[696.955s][info ][gc,heap        ] GC(22) PSYoungGen: 1649144K(1853440K)->32256K(1886208K) Eden: 1616896K(1616896K)->0K(1662976K) From: 32248K(236544K)->32256K(223232K)
[696.955s][info ][gc,heap        ] GC(22) ParOldGen: 274385K(290304K)->305193K(305664K)
[696.955s][info ][gc,metaspace   ] GC(22) Metaspace: 102919K(104192K)->102919K(104192K) NonClass: 87435K(88192K)->87435K(88192K) Class: 15483K(16000K)->15483K(16000K)
[696.955s][info ][gc             ] GC(22) Pause Young (Allocation Failure) 1878M->329M(2140M) 23.063ms
[696.955s][info ][gc,cpu         ] GC(22) User=0.07s Sys=0.01s Real=0.03s
[696.955s][info ][safepoint      ] Safepoint "ParallelGCFailedAllocation", Time since last: 329799692 ns, Reaching safepoint: 81499 ns, Cleanup: 4600 ns, At safepoint: 23144881 ns, Total: 23230980 ns
[698.955s][info ][safepoint      ] Safepoint "Cleanup", Time since last: 2000165742 ns, Reaching safepoint: 9000 ns, Cleanup: 13200 ns, At safepoint: 3200 ns, Total: 25400 ns
[699.955s][info ][safepoint      ] Safepoint "Cleanup", Time since last: 1000137021 ns, Reaching safepoint: 5800 ns, Cleanup: 24100 ns, At safepoint: 2400 ns, Total: 32300 ns
[700.955s][info ][safepoint      ] Safepoint "Cleanup", Time since last: 1000111821 ns, Reaching safepoint: 6700 ns, Cleanup: 8700 ns, At safepoint: 2600 ns, Total: 18000 ns
[701.955s][info ][safepoint      ] Safepoint "Cleanup", Time since last: 1000112022 ns, Reaching safepoint: 7200 ns, Cleanup: 14099 ns, At safepoint: 2500 ns, Total: 23799 ns
[702.955s][info ][safepoint      ] Safepoint "Cleanup", Time since last: 1000107622 ns, Reaching safepoint: 5800 ns, Cleanup: 17000 ns, At safepoint: 2100 ns, Total: 24900 ns
[704.956s][info ][safepoint      ] Safepoint "Cleanup", Time since last: 2000166298 ns, Reaching safepoint: 4500 ns, Cleanup: 38700 ns, At safepoint: 2200 ns, Total: 45400 ns
[705.956s][info ][safepoint      ] Safepoint "Cleanup", Time since last: 1000093850 ns, Reaching safepoint: 5800 ns, Cleanup: 40200 ns, At safepoint: 1700 ns, Total: 47700 ns
[707.389s][info ][safepoint      ] Safepoint "Cleanup", Time since last: 1433620369 ns, Reaching safepoint: 5100 ns, Cleanup: 42699 ns, At safepoint: 2500 ns, Total: 50299 ns
[708.390s][info ][safepoint      ] Safepoint "Cleanup", Time since last: 1000102351 ns, Reaching safepoint: 6100 ns, Cleanup: 22000 ns, At safepoint: 2000 ns, Total: 30100 ns
[709.390s][info ][safepoint      ] Safepoint "Cleanup", Time since last: 1000101950 ns, Reaching safepoint: 6100 ns, Cleanup: 28200 ns, At safepoint: 2300 ns, Total: 36600 ns
[710.390s][info ][safepoint      ] Safepoint "Cleanup", Time since last: 1000135050 ns, Reaching safepoint: 7100 ns, Cleanup: 14100 ns, At safepoint: 2400 ns, Total: 23600 ns
[711.390s][info ][safepoint      ] Safepoint "Cleanup", Time since last: 1000081410 ns, Reaching safepoint: 6600 ns, Cleanup: 29100 ns, At safepoint: 7400 ns, Total: 43100 ns
[712.390s][info ][safepoint      ] Safepoint "Cleanup", Time since last: 1000123811 ns, Reaching safepoint: 5500 ns, Cleanup: 26000 ns, At safepoint: 2000 ns, Total: 33500 ns
[713.390s][info ][safepoint      ] Safepoint "Cleanup", Time since last: 1000109039 ns, Reaching safepoint: 5900 ns, Cleanup: 18100 ns, At safepoint: 2000 ns, Total: 26000 ns
[714.390s][info ][safepoint      ] Safepoint "Cleanup", Time since last: 1000127738 ns, Reaching safepoint: 6600 ns, Cleanup: 18600 ns, At safepoint: 1800 ns, Total: 27000 ns
[715.391s][info ][safepoint      ] Safepoint "Cleanup", Time since last: 1000127439 ns, Reaching safepoint: 5800 ns, Cleanup: 38300 ns, At safepoint: 2500 ns, Total: 46600 ns
[716.391s][info ][safepoint      ] Safepoint "Cleanup", Time since last: 1000103239 ns, Reaching safepoint: 4500 ns, Cleanup: 29200 ns, At safepoint: 6300 ns, Total: 40000 ns
[717.391s][info ][safepoint      ] Safepoint "Cleanup", Time since last: 1000114838 ns, Reaching safepoint: 10200 ns, Cleanup: 23200 ns, At safepoint: 2800 ns, Total: 36200 ns
[718.391s][info ][safepoint      ] Safepoint "Cleanup", Time since last: 1000122839 ns, Reaching safepoint: 6000 ns, Cleanup: 15400 ns, At safepoint: 2400 ns, Total: 23800 ns
[719.391s][info ][safepoint      ] Safepoint "Cleanup", Time since last: 1000106239 ns, Reaching safepoint: 5300 ns, Cleanup: 13600 ns, At safepoint: 1700 ns, Total: 20600 ns
[721.242s][info ][safepoint      ] Safepoint "Cleanup", Time since last: 1851069041 ns, Reaching safepoint: 8700 ns, Cleanup: 38600 ns, At safepoint: 2700 ns, Total: 50000 ns
[722.242s][info ][safepoint      ] Safepoint "Cleanup", Time since last: 1000112905 ns, Reaching safepoint: 5100 ns, Cleanup: 16100 ns, At safepoint: 1900 ns, Total: 23100 ns
[723.243s][info ][safepoint      ] Safepoint "Cleanup", Time since last: 1000103805 ns, Reaching safepoint: 5400 ns, Cleanup: 8000 ns, At safepoint: 1900 ns, Total: 15300 ns
[724.243s][info ][safepoint      ] Safepoint "Cleanup", Time since last: 1000108605 ns, Reaching safepoint: 6200 ns, Cleanup: 13800 ns, At safepoint: 2700 ns, Total: 22700 ns
[725.243s][info ][safepoint      ] Safepoint "Cleanup", Time since last: 1000103805 ns, Reaching safepoint: 4700 ns, Cleanup: 11900 ns, At safepoint: 1700 ns, Total: 18300 ns
[726.243s][info ][safepoint      ] Safepoint "Cleanup", Time since last: 1000109905 ns, Reaching safepoint: 6300 ns, Cleanup: 18300 ns, At safepoint: 2700 ns, Total: 27300 ns
[727.243s][info ][safepoint      ] Safepoint "Cleanup", Time since last: 1000115305 ns, Reaching safepoint: 5900 ns, Cleanup: 14700 ns, At safepoint: 2400 ns, Total: 23000 ns
[727.330s][info ][gc,start       ] GC(23) Pause Young (Allocation Failure)
[727.352s][debug][gc,phases      ] GC(23) Scavenge 22.430ms
[727.352s][debug][gc,ref         ] GC(23) ReferenceProcessor::execute queues: 1, RefProcThreadModel::Single, marks_oops_alive: false
[727.352s][debug][gc,ref         ] GC(23) Skipped KeepAliveFinalRefsPhase of Reference Processing: no references
[727.352s][debug][gc,ref         ] GC(23) ReferenceProcessor::execute queues: 1, RefProcThreadModel::Single, marks_oops_alive: false
[727.352s][debug][gc,phases      ] GC(23) Reference Processing 0.185ms
[727.353s][debug][gc,phases      ] GC(23)   VM Weak                        Min:  0.0, Avg:  0.0, Max:  0.0, Diff:  0.0, Sum:  0.0, Workers: 4
[727.353s][debug][gc,phases      ] GC(23)     Dead                           Min: 0, Avg:  0.0, Max: 0, Diff: 0, Sum: 0, Workers: 4
[727.353s][debug][gc,phases      ] GC(23)     Total                          Min: 0, Avg: 253.5, Max: 694, Diff: 694, Sum: 1014, Workers: 4
[727.353s][debug][gc,phases      ] GC(23)   ObjectSynchronizer Weak        Min:  0.0, Avg:  0.0, Max:  0.0, Diff:  0.0, Sum:  0.0, Workers: 4
[727.353s][debug][gc,phases      ] GC(23)     Dead                           Min: 0, Avg:  0.0, Max: 0, Diff: 0, Sum: 0, Workers: 4
[727.353s][debug][gc,phases      ] GC(23)     Total                          Min: 0, Avg:  1.0, Max: 4, Diff: 4, Sum: 4, Workers: 4
[727.353s][debug][gc,phases      ] GC(23)   JVMTI Tag Weak OopStorage      Min:  0.0, Avg:  0.0, Max:  0.0, Diff:  0.0, Sum:  0.0, Workers: 4
[727.353s][debug][gc,phases      ] GC(23)     Dead                           Min: 0, Avg:  0.0, Max: 0, Diff: 0, Sum: 0, Workers: 4
[727.353s][debug][gc,phases      ] GC(23)     Total                          Min: 0, Avg:  0.0, Max: 0, Diff: 0, Sum: 0, Workers: 4
[727.353s][debug][gc,phases      ] GC(23)   StringTable Weak               Min:  0.0, Avg:  0.1, Max:  0.2, Diff:  0.2, Sum:  0.4, Workers: 4
[727.353s][debug][gc,phases      ] GC(23)     Dead                           Min: 0, Avg:  0.8, Max: 2, Diff: 2, Sum: 3, Workers: 4
[727.353s][debug][gc,phases      ] GC(23)     Total                          Min: 0, Avg: 11240.8, Max: 22592, Diff: 22592, Sum: 44963, Workers: 4
[727.353s][debug][gc,phases      ] GC(23)   ResolvedMethodTable Weak       Min:  0.0, Avg:  0.0, Max:  0.1, Diff:  0.1, Sum:  0.2, Workers: 4
[727.353s][debug][gc,phases      ] GC(23)     Dead                           Min: 0, Avg:  9.5, Max: 26, Diff: 26, Sum: 38, Workers: 4
[727.353s][debug][gc,phases      ] GC(23)     Total                          Min: 0, Avg: 3679.5, Max: 7535, Diff: 7535, Sum: 14718, Workers: 4
[727.353s][debug][gc,phases      ] GC(23)   JNI Weak                       Min:  0.0, Avg:  0.0, Max:  0.0, Diff:  0.0, Sum:  0.0, Workers: 4
[727.353s][debug][gc,phases      ] GC(23)     Dead                           Min: 0, Avg:  0.0, Max: 0, Diff: 0, Sum: 0, Workers: 4
[727.353s][debug][gc,phases      ] GC(23)     Total                          Min: 0, Avg: 13.0, Max: 52, Diff: 52, Sum: 52, Workers: 4
[727.353s][debug][gc,phases      ] GC(23)   StringDedup Table Weak         Min:  0.0, Avg:  0.0, Max:  0.0, Diff:  0.0, Sum:  0.0, Workers: 4
[727.353s][debug][gc,phases      ] GC(23)     Dead                           Min: 0, Avg:  0.0, Max: 0, Diff: 0, Sum: 0, Workers: 4
[727.353s][debug][gc,phases      ] GC(23)     Total                          Min: 0, Avg:  0.0, Max: 0, Diff: 0, Sum: 0, Workers: 4
[727.353s][debug][gc,phases      ] GC(23)   StringDedup Requests0 Weak     Min:  0.0, Avg:  0.0, Max:  0.0, Diff:  0.0, Sum:  0.0, Workers: 4
[727.353s][debug][gc,phases      ] GC(23)     Dead                           Min: 0, Avg:  0.0, Max: 0, Diff: 0, Sum: 0, Workers: 4
[727.353s][debug][gc,phases      ] GC(23)     Total                          Min: 0, Avg:  0.0, Max: 0, Diff: 0, Sum: 0, Workers: 4
[727.353s][debug][gc,phases      ] GC(23)   StringDedup Requests1 Weak     Min:  0.0, Avg:  0.0, Max:  0.0, Diff:  0.0, Sum:  0.0, Workers: 4
[727.353s][debug][gc,phases      ] GC(23)     Dead                           Min: 0, Avg:  0.0, Max: 0, Diff: 0, Sum: 0, Workers: 4
[727.353s][debug][gc,phases      ] GC(23)     Total                          Min: 0, Avg:  0.0, Max: 0, Diff: 0, Sum: 0, Workers: 4
[727.353s][debug][gc,phases      ] GC(23)   Weak JFR Old Object Samples    Min:  0.0, Avg:  0.0, Max:  0.0, Diff:  0.0, Sum:  0.0, Workers: 4
[727.353s][debug][gc,phases      ] GC(23)     Dead                           Min: 0, Avg:  0.0, Max: 0, Diff: 0, Sum: 0, Workers: 4
[727.353s][debug][gc,phases      ] GC(23)     Total                          Min: 0, Avg:  0.0, Max: 0, Diff: 0, Sum: 0, Workers: 4
[727.353s][debug][gc,phases      ] GC(23) Weak Processing 0.632ms
[727.353s][debug][gc,age         ] GC(23) Desired survivor size 203948032 bytes, new threshold 1 (max threshold 15)
[727.353s][info ][gc,heap        ] GC(23) PSYoungGen: 1695232K(1886208K)->31040K(1873920K) Eden: 1662976K(1662976K)->0K(1662976K) From: 32256K(223232K)->31040K(210944K)
[727.353s][info ][gc,heap        ] GC(23) ParOldGen: 305193K(305664K)->336948K(337408K)
[727.353s][info ][gc,metaspace   ] GC(23) Metaspace: 103368K(104704K)->103368K(104704K) NonClass: 87814K(88576K)->87814K(88576K) Class: 15553K(16128K)->15553K(16128K)
[727.353s][info ][gc             ] GC(23) Pause Young (Allocation Failure) 1953M->359M(2159M) 23.405ms
[727.353s][info ][gc,cpu         ] GC(23) User=0.07s Sys=0.01s Real=0.02s
[727.353s][info ][safepoint      ] Safepoint "ParallelGCFailedAllocation", Time since last: 86619336 ns, Reaching safepoint: 5900 ns, Cleanup: 3800 ns, At safepoint: 23496002 ns, Total: 23505702 ns
[728.353s][info ][safepoint      ] Safepoint "Cleanup", Time since last: 1000107899 ns, Reaching safepoint: 6200 ns, Cleanup: 22800 ns, At safepoint: 2500 ns, Total: 31500 ns
[729.353s][info ][safepoint      ] Safepoint "Cleanup", Time since last: 1000121105 ns, Reaching safepoint: 5000 ns, Cleanup: 12600 ns, At safepoint: 1700 ns, Total: 19300 ns
[730.354s][info ][safepoint      ] Safepoint "Cleanup", Time since last: 1000093705 ns, Reaching safepoint: 6000 ns, Cleanup: 17900 ns, At safepoint: 2300 ns, Total: 26200 ns
[731.354s][info ][safepoint      ] Safepoint "Cleanup", Time since last: 1000101706 ns, Reaching safepoint: 5200 ns, Cleanup: 12200 ns, At safepoint: 2200 ns, Total: 19600 ns
[732.354s][info ][safepoint      ] Safepoint "Cleanup", Time since last: 1000112105 ns, Reaching safepoint: 6400 ns, Cleanup: 11700 ns, At safepoint: 2700 ns, Total: 20800 ns
[733.354s][info ][safepoint      ] Safepoint "Cleanup", Time since last: 1000119005 ns, Reaching safepoint: 27600 ns, Cleanup: 9200 ns, At safepoint: 6200 ns, Total: 43000 ns
[734.354s][info ][safepoint      ] Safepoint "Cleanup", Time since last: 1000100506 ns, Reaching safepoint: 5700 ns, Cleanup: 14999 ns, At safepoint: 2500 ns, Total: 23199 ns
[735.354s][info ][safepoint      ] Safepoint "Cleanup", Time since last: 1000108206 ns, Reaching safepoint: 6100 ns, Cleanup: 18600 ns, At safepoint: 2000 ns, Total: 26700 ns
[736.354s][info ][safepoint      ] Safepoint "Cleanup", Time since last: 1000115614 ns, Reaching safepoint: 7399 ns, Cleanup: 16300 ns, At safepoint: 2600 ns, Total: 26299 ns
[737.355s][info ][safepoint      ] Safepoint "Cleanup", Time since last: 1000106665 ns, Reaching safepoint: 7900 ns, Cleanup: 17400 ns, At safepoint: 1800 ns, Total: 27100 ns
[738.355s][info ][safepoint      ] Safepoint "Cleanup", Time since last: 1000112565 ns, Reaching safepoint: 5300 ns, Cleanup: 15700 ns, At safepoint: 2100 ns, Total: 23100 ns
[739.355s][info ][safepoint      ] Safepoint "Cleanup", Time since last: 1000103565 ns, Reaching safepoint: 5200 ns, Cleanup: 30900 ns, At safepoint: 2000 ns, Total: 38100 ns
[740.355s][info ][safepoint      ] Safepoint "Cleanup", Time since last: 1000104464 ns, Reaching safepoint: 6200 ns, Cleanup: 14700 ns, At safepoint: 2200 ns, Total: 23100 ns
[741.355s][info ][safepoint      ] Safepoint "Cleanup", Time since last: 1000101865 ns, Reaching safepoint: 5800 ns, Cleanup: 8300 ns, At safepoint: 2300 ns, Total: 16400 ns
[742.355s][info ][safepoint      ] Safepoint "Cleanup", Time since last: 1000120165 ns, Reaching safepoint: 6100 ns, Cleanup: 18600 ns, At safepoint: 3000 ns, Total: 27700 ns
[743.355s][info ][safepoint      ] Safepoint "Cleanup", Time since last: 1000106765 ns, Reaching safepoint: 6100 ns, Cleanup: 12400 ns, At safepoint: 1599 ns, Total: 20099 ns
[744.355s][info ][safepoint      ] Safepoint "Cleanup", Time since last: 1000109014 ns, Reaching safepoint: 6100 ns, Cleanup: 9400 ns, At safepoint: 1799 ns, Total: 17299 ns
[745.356s][info ][safepoint      ] Safepoint "Cleanup", Time since last: 1000100349 ns, Reaching safepoint: 5500 ns, Cleanup: 10200 ns, At safepoint: 1700 ns, Total: 17400 ns
[746.356s][info ][safepoint      ] Safepoint "Cleanup", Time since last: 1000104948 ns, Reaching safepoint: 6200 ns, Cleanup: 13800 ns, At safepoint: 1900 ns, Total: 21900 ns
[747.356s][info ][safepoint      ] Safepoint "Cleanup", Time since last: 1000095149 ns, Reaching safepoint: 5100 ns, Cleanup: 13800 ns, At safepoint: 2100 ns, Total: 21000 ns
[748.356s][info ][safepoint      ] Safepoint "Cleanup", Time since last: 1000101048 ns, Reaching safepoint: 5700 ns, Cleanup: 15100 ns, At safepoint: 2000 ns, Total: 22800 ns
[749.356s][info ][safepoint      ] Safepoint "Cleanup", Time since last: 1000095848 ns, Reaching safepoint: 5700 ns, Cleanup: 8800 ns, At safepoint: 1900 ns, Total: 16400 ns
[750.356s][info ][safepoint      ] Safepoint "Cleanup", Time since last: 1000099200 ns, Reaching safepoint: 5800 ns, Cleanup: 13800 ns, At safepoint: 2400 ns, Total: 22000 ns
[751.356s][info ][safepoint      ] Safepoint "Cleanup", Time since last: 1000124822 ns, Reaching safepoint: 6300 ns, Cleanup: 19500 ns, At safepoint: 2000 ns, Total: 27800 ns
[752.356s][info ][safepoint      ] Safepoint "Cleanup", Time since last: 1000113608 ns, Reaching safepoint: 6100 ns, Cleanup: 15700 ns, At safepoint: 2100 ns, Total: 23900 ns
[753.357s][info ][safepoint      ] Safepoint "Cleanup", Time since last: 1000104291 ns, Reaching safepoint: 5400 ns, Cleanup: 14700 ns, At safepoint: 2200 ns, Total: 22300 ns
[754.357s][info ][safepoint      ] Safepoint "Cleanup", Time since last: 1000096022 ns, Reaching safepoint: 5600 ns, Cleanup: 8600 ns, At safepoint: 1800 ns, Total: 16000 ns
[756.357s][info ][safepoint      ] Safepoint "Cleanup", Time since last: 2000176134 ns, Reaching safepoint: 6300 ns, Cleanup: 16600 ns, At safepoint: 2400 ns, Total: 25300 ns
[756.437s][info ][gc,start       ] GC(24) Pause Young (Allocation Failure)
[756.459s][debug][gc,phases      ] GC(24) Scavenge 21.913ms
[756.459s][debug][gc,ref         ] GC(24) ReferenceProcessor::execute queues: 1, RefProcThreadModel::Single, marks_oops_alive: false
[756.459s][debug][gc,ref         ] GC(24) Skipped KeepAliveFinalRefsPhase of Reference Processing: no references
[756.459s][debug][gc,ref         ] GC(24) ReferenceProcessor::execute queues: 1, RefProcThreadModel::Single, marks_oops_alive: false
[756.459s][debug][gc,phases      ] GC(24) Reference Processing 0.106ms
[756.459s][debug][gc,phases      ] GC(24)   VM Weak                        Min:  0.0, Avg:  0.0, Max:  0.0, Diff:  0.0, Sum:  0.0, Workers: 4
[756.459s][debug][gc,phases      ] GC(24)     Dead                           Min: 0, Avg:  0.0, Max: 0, Diff: 0, Sum: 0, Workers: 4
[756.459s][debug][gc,phases      ] GC(24)     Total                          Min: 0, Avg: 253.5, Max: 886, Diff: 886, Sum: 1014, Workers: 4
[756.459s][debug][gc,phases      ] GC(24)   ObjectSynchronizer Weak        Min:  0.0, Avg:  0.0, Max:  0.0, Diff:  0.0, Sum:  0.0, Workers: 4
[756.459s][debug][gc,phases      ] GC(24)     Dead                           Min: 0, Avg:  0.0, Max: 0, Diff: 0, Sum: 0, Workers: 4
[756.459s][debug][gc,phases      ] GC(24)     Total                          Min: 0, Avg:  1.2, Max: 5, Diff: 5, Sum: 5, Workers: 4
[756.459s][debug][gc,phases      ] GC(24)   JVMTI Tag Weak OopStorage      Min:  0.0, Avg:  0.0, Max:  0.0, Diff:  0.0, Sum:  0.0, Workers: 4
[756.459s][debug][gc,phases      ] GC(24)     Dead                           Min: 0, Avg:  0.0, Max: 0, Diff: 0, Sum: 0, Workers: 4
[756.459s][debug][gc,phases      ] GC(24)     Total                          Min: 0, Avg:  0.0, Max: 0, Diff: 0, Sum: 0, Workers: 4
[756.459s][debug][gc,phases      ] GC(24)   StringTable Weak               Min:  0.0, Avg:  0.1, Max:  0.1, Diff:  0.1, Sum:  0.4, Workers: 4
[756.459s][debug][gc,phases      ] GC(24)     Dead                           Min: 0, Avg:  0.0, Max: 0, Diff: 0, Sum: 0, Workers: 4
[756.459s][debug][gc,phases      ] GC(24)     Total                          Min: 0, Avg: 11244.0, Max: 19519, Diff: 19519, Sum: 44976, Workers: 4
[756.459s][debug][gc,phases      ] GC(24)   ResolvedMethodTable Weak       Min:  0.0, Avg:  0.0, Max:  0.0, Diff:  0.0, Sum:  0.1, Workers: 4
[756.459s][debug][gc,phases      ] GC(24)     Dead                           Min: 0, Avg:  4.0, Max: 16, Diff: 16, Sum: 16, Workers: 4
[756.459s][debug][gc,phases      ] GC(24)     Total                          Min: 0, Avg: 3680.5, Max: 5945, Diff: 5945, Sum: 14722, Workers: 4
[756.459s][debug][gc,phases      ] GC(24)   JNI Weak                       Min:  0.0, Avg:  0.0, Max:  0.0, Diff:  0.0, Sum:  0.0, Workers: 4
[756.459s][debug][gc,phases      ] GC(24)     Dead                           Min: 0, Avg:  0.0, Max: 0, Diff: 0, Sum: 0, Workers: 4
[756.459s][debug][gc,phases      ] GC(24)     Total                          Min: 0, Avg: 13.0, Max: 52, Diff: 52, Sum: 52, Workers: 4
[756.459s][debug][gc,phases      ] GC(24)   StringDedup Table Weak         Min:  0.0, Avg:  0.0, Max:  0.0, Diff:  0.0, Sum:  0.0, Workers: 4
[756.459s][debug][gc,phases      ] GC(24)     Dead                           Min: 0, Avg:  0.0, Max: 0, Diff: 0, Sum: 0, Workers: 4
[756.459s][debug][gc,phases      ] GC(24)     Total                          Min: 0, Avg:  0.0, Max: 0, Diff: 0, Sum: 0, Workers: 4
[756.459s][debug][gc,phases      ] GC(24)   StringDedup Requests0 Weak     Min:  0.0, Avg:  0.0, Max:  0.0, Diff:  0.0, Sum:  0.0, Workers: 4
[756.459s][debug][gc,phases      ] GC(24)     Dead                           Min: 0, Avg:  0.0, Max: 0, Diff: 0, Sum: 0, Workers: 4
[756.459s][debug][gc,phases      ] GC(24)     Total                          Min: 0, Avg:  0.0, Max: 0, Diff: 0, Sum: 0, Workers: 4
[756.459s][debug][gc,phases      ] GC(24)   StringDedup Requests1 Weak     Min:  0.0, Avg:  0.0, Max:  0.0, Diff:  0.0, Sum:  0.0, Workers: 4
[756.459s][debug][gc,phases      ] GC(24)     Dead                           Min: 0, Avg:  0.0, Max: 0, Diff: 0, Sum: 0, Workers: 4
[756.459s][debug][gc,phases      ] GC(24)     Total                          Min: 0, Avg:  0.0, Max: 0, Diff: 0, Sum: 0, Workers: 4
[756.459s][debug][gc,phases      ] GC(24)   Weak JFR Old Object Samples    Min:  0.0, Avg:  0.0, Max:  0.0, Diff:  0.0, Sum:  0.0, Workers: 4
[756.459s][debug][gc,phases      ] GC(24)     Dead                           Min: 0, Avg:  0.0, Max: 0, Diff: 0, Sum: 0, Workers: 4
[756.459s][debug][gc,phases      ] GC(24)     Total                          Min: 0, Avg:  0.0, Max: 0, Diff: 0, Sum: 0, Workers: 4
[756.459s][debug][gc,phases      ] GC(24) Weak Processing 0.382ms
[756.459s][debug][gc,age         ] GC(24) Desired survivor size 192937984 bytes, new threshold 1 (max threshold 15)
[756.459s][info ][gc,heap        ] GC(24) PSYoungGen: 1694016K(1873920K)->28560K(1908736K) Eden: 1662976K(1662976K)->0K(1709568K) From: 31040K(210944K)->28560K(199168K)
[756.459s][info ][gc,heap        ] GC(24) ParOldGen: 336948K(337408K)->366669K(367104K)
[756.459s][info ][gc,metaspace   ] GC(24) Metaspace: 103507K(104832K)->103507K(104832K) NonClass: 87951K(88704K)->87951K(88704K) Class: 15556K(16128K)->15556K(16128K)
[756.459s][info ][gc             ] GC(24) Pause Young (Allocation Failure) 1983M->385M(2222M) 22.518ms
[756.459s][info ][gc,cpu         ] GC(24) User=0.06s Sys=0.02s Real=0.02s
[756.459s][info ][safepoint      ] Safepoint "ParallelGCFailedAllocation", Time since last: 79695374 ns, Reaching safepoint: 4700 ns, Cleanup: 3400 ns, At safepoint: 22587708 ns, Total: 22595808 ns
[757.459s][info ][safepoint      ] Safepoint "Cleanup", Time since last: 1000087117 ns, Reaching safepoint: 6400 ns, Cleanup: 11000 ns, At safepoint: 2400 ns, Total: 19800 ns
[758.459s][info ][safepoint      ] Safepoint "Cleanup", Time since last: 1000110617 ns, Reaching safepoint: 7900 ns, Cleanup: 20699 ns, At safepoint: 3100 ns, Total: 31699 ns
[759.460s][info ][safepoint      ] Safepoint "Cleanup", Time since last: 1000109617 ns, Reaching safepoint: 6300 ns, Cleanup: 7700 ns, At safepoint: 1800 ns, Total: 15800 ns
[760.460s][info ][safepoint      ] Safepoint "Cleanup", Time since last: 1000106892 ns, Reaching safepoint: 5800 ns, Cleanup: 13800 ns, At safepoint: 2000 ns, Total: 21600 ns
[762.460s][info ][safepoint      ] Safepoint "Cleanup", Time since last: 2000163982 ns, Reaching safepoint: 4900 ns, Cleanup: 78000 ns, At safepoint: 1900 ns, Total: 84800 ns
[763.460s][info ][safepoint      ] Safepoint "Cleanup", Time since last: 1000102191 ns, Reaching safepoint: 6100 ns, Cleanup: 44999 ns, At safepoint: 3100 ns, Total: 54199 ns
[764.460s][info ][safepoint      ] Safepoint "Cleanup", Time since last: 1000117591 ns, Reaching safepoint: 11100 ns, Cleanup: 19800 ns, At safepoint: 44800 ns, Total: 75700 ns
[765.460s][info ][safepoint      ] Safepoint "Cleanup", Time since last: 1000124491 ns, Reaching safepoint: 5800 ns, Cleanup: 12100 ns, At safepoint: 2800 ns, Total: 20700 ns
[766.461s][info ][safepoint      ] Safepoint "Cleanup", Time since last: 1000116091 ns, Reaching safepoint: 6800 ns, Cleanup: 11700 ns, At safepoint: 2300 ns, Total: 20800 ns
[767.461s][info ][safepoint      ] Safepoint "Cleanup", Time since last: 1000106791 ns, Reaching safepoint: 7000 ns, Cleanup: 19200 ns, At safepoint: 2400 ns, Total: 28600 ns
[768.461s][info ][safepoint      ] Safepoint "Cleanup", Time since last: 1000108460 ns, Reaching safepoint: 7200 ns, Cleanup: 14000 ns, At safepoint: 2400 ns, Total: 23600 ns
[769.461s][info ][safepoint      ] Safepoint "Cleanup", Time since last: 1000105577 ns, Reaching safepoint: 7300 ns, Cleanup: 15100 ns, At safepoint: 2200 ns, Total: 24600 ns
[770.461s][info ][safepoint      ] Safepoint "Cleanup", Time since last: 1000120478 ns, Reaching safepoint: 7000 ns, Cleanup: 13800 ns, At safepoint: 1800 ns, Total: 22600 ns
[771.461s][info ][safepoint      ] Safepoint "Cleanup", Time since last: 1000106677 ns, Reaching safepoint: 5600 ns, Cleanup: 8600 ns, At safepoint: 2300 ns, Total: 16500 ns
[773.461s][info ][safepoint      ] Safepoint "Cleanup", Time since last: 2000185555 ns, Reaching safepoint: 5900 ns, Cleanup: 6300 ns, At safepoint: 1600 ns, Total: 13800 ns
[774.462s][info ][safepoint      ] Safepoint "Cleanup", Time since last: 1000131377 ns, Reaching safepoint: 6500 ns, Cleanup: 21100 ns, At safepoint: 2000 ns, Total: 29600 ns
[775.462s][info ][safepoint      ] Safepoint "Cleanup", Time since last: 1000112432 ns, Reaching safepoint: 6000 ns, Cleanup: 16100 ns, At safepoint: 2300 ns, Total: 24400 ns
[776.462s][info ][safepoint      ] Safepoint "Cleanup", Time since last: 1000117203 ns, Reaching safepoint: 5400 ns, Cleanup: 12200 ns, At safepoint: 3000 ns, Total: 20600 ns
[777.462s][info ][safepoint      ] Safepoint "Cleanup", Time since last: 1000103310 ns, Reaching safepoint: 6500 ns, Cleanup: 15500 ns, At safepoint: 2200 ns, Total: 24200 ns
[780.260s][info ][safepoint      ] Safepoint "Cleanup", Time since last: 2797753399 ns, Reaching safepoint: 5500 ns, Cleanup: 8600 ns, At safepoint: 2000 ns, Total: 16100 ns
[781.260s][info ][safepoint      ] Safepoint "Cleanup", Time since last: 1000156010 ns, Reaching safepoint: 6200 ns, Cleanup: 19000 ns, At safepoint: 2300 ns, Total: 27500 ns
[782.260s][info ][safepoint      ] Safepoint "Cleanup", Time since last: 1000107210 ns, Reaching safepoint: 6200 ns, Cleanup: 15500 ns, At safepoint: 2100 ns, Total: 23800 ns
[783.260s][info ][safepoint      ] Safepoint "Cleanup", Time since last: 1000121210 ns, Reaching safepoint: 6100 ns, Cleanup: 10700 ns, At safepoint: 1900 ns, Total: 18700 ns
[784.260s][info ][safepoint      ] Safepoint "Cleanup", Time since last: 1000104211 ns, Reaching safepoint: 5800 ns, Cleanup: 7500 ns, At safepoint: 2300 ns, Total: 15600 ns
[785.260s][info ][safepoint      ] Safepoint "Cleanup", Time since last: 1000099250 ns, Reaching safepoint: 5900 ns, Cleanup: 12400 ns, At safepoint: 2000 ns, Total: 20300 ns
[786.261s][info ][safepoint      ] Safepoint "Cleanup", Time since last: 1000107108 ns, Reaching safepoint: 5700 ns, Cleanup: 11600 ns, At safepoint: 2400 ns, Total: 19700 ns
[787.261s][info ][safepoint      ] Safepoint "Cleanup", Time since last: 1000106508 ns, Reaching safepoint: 6100 ns, Cleanup: 12800 ns, At safepoint: 2400 ns, Total: 21300 ns
[789.261s][info ][safepoint      ] Safepoint "Cleanup", Time since last: 2000185017 ns, Reaching safepoint: 6900 ns, Cleanup: 9600 ns, At safepoint: 2600 ns, Total: 19100 ns
[790.432s][info ][safepoint      ] Safepoint "Cleanup", Time since last: 1171299116 ns, Reaching safepoint: 103200 ns, Cleanup: 27800 ns, At safepoint: 8500 ns, Total: 139500 ns
[791.433s][info ][safepoint      ] Safepoint "Cleanup", Time since last: 1000142388 ns, Reaching safepoint: 80600 ns, Cleanup: 11100 ns, At safepoint: 24900 ns, Total: 116600 ns
[792.433s][info ][safepoint      ] Safepoint "Cleanup", Time since last: 1000127489 ns, Reaching safepoint: 102000 ns, Cleanup: 29299 ns, At safepoint: 7200 ns, Total: 138499 ns
[793.433s][info ][safepoint      ] Safepoint "Cleanup", Time since last: 1000118892 ns, Reaching safepoint: 6000 ns, Cleanup: 14000 ns, At safepoint: 2200 ns, Total: 22200 ns
[793.981s][info ][gc,start       ] GC(25) Pause Young (Allocation Failure)
[793.999s][debug][gc,phases      ] GC(25) Scavenge 17.845ms
[793.999s][debug][gc,ref         ] GC(25) ReferenceProcessor::execute queues: 1, RefProcThreadModel::Single, marks_oops_alive: false
[793.999s][debug][gc,ref         ] GC(25) Skipped KeepAliveFinalRefsPhase of Reference Processing: no references
[793.999s][debug][gc,ref         ] GC(25) ReferenceProcessor::execute queues: 1, RefProcThreadModel::Single, marks_oops_alive: false
[793.999s][debug][gc,phases      ] GC(25) Reference Processing 0.107ms
[793.999s][debug][gc,phases      ] GC(25)   VM Weak                        Min:  0.0, Avg:  0.0, Max:  0.0, Diff:  0.0, Sum:  0.0, Workers: 4
[793.999s][debug][gc,phases      ] GC(25)     Dead                           Min: 0, Avg:  0.0, Max: 0, Diff: 0, Sum: 0, Workers: 4
[793.999s][debug][gc,phases      ] GC(25)     Total                          Min: 0, Avg: 255.0, Max: 636, Diff: 636, Sum: 1020, Workers: 4
[793.999s][debug][gc,phases      ] GC(25)   ObjectSynchronizer Weak        Min:  0.0, Avg:  0.0, Max:  0.0, Diff:  0.0, Sum:  0.0, Workers: 4
[793.999s][debug][gc,phases      ] GC(25)     Dead                           Min: 0, Avg:  0.0, Max: 0, Diff: 0, Sum: 0, Workers: 4
[793.999s][debug][gc,phases      ] GC(25)     Total                          Min: 0, Avg:  1.2, Max: 5, Diff: 5, Sum: 5, Workers: 4
[793.999s][debug][gc,phases      ] GC(25)   JVMTI Tag Weak OopStorage      Min:  0.0, Avg:  0.0, Max:  0.0, Diff:  0.0, Sum:  0.0, Workers: 4
[793.999s][debug][gc,phases      ] GC(25)     Dead                           Min: 0, Avg:  0.0, Max: 0, Diff: 0, Sum: 0, Workers: 4
[793.999s][debug][gc,phases      ] GC(25)     Total                          Min: 0, Avg:  0.0, Max: 0, Diff: 0, Sum: 0, Workers: 4
[793.999s][debug][gc,phases      ] GC(25)   StringTable Weak               Min:  0.0, Avg:  0.1, Max:  0.1, Diff:  0.1, Sum:  0.4, Workers: 4
[793.999s][debug][gc,phases      ] GC(25)     Dead                           Min: 0, Avg:  0.5, Max: 2, Diff: 2, Sum: 2, Workers: 4
[793.999s][debug][gc,phases      ] GC(25)     Total                          Min: 0, Avg: 11250.8, Max: 18752, Diff: 18752, Sum: 45003, Workers: 4
[794.000s][debug][gc,phases      ] GC(25)   ResolvedMethodTable Weak       Min:  0.0, Avg:  0.0, Max:  0.0, Diff:  0.0, Sum:  0.1, Workers: 4
[794.000s][debug][gc,phases      ] GC(25)     Dead                           Min: 0, Avg:  9.8, Max: 27, Diff: 27, Sum: 39, Workers: 4
[794.000s][debug][gc,phases      ] GC(25)     Total                          Min: 0, Avg: 3690.0, Max: 6155, Diff: 6155, Sum: 14760, Workers: 4
[794.000s][debug][gc,phases      ] GC(25)   JNI Weak                       Min:  0.0, Avg:  0.0, Max:  0.0, Diff:  0.0, Sum:  0.0, Workers: 4
[794.000s][debug][gc,phases      ] GC(25)     Dead                           Min: 0, Avg:  0.0, Max: 0, Diff: 0, Sum: 0, Workers: 4
[794.000s][debug][gc,phases      ] GC(25)     Total                          Min: 0, Avg: 13.0, Max: 52, Diff: 52, Sum: 52, Workers: 4
[794.000s][debug][gc,phases      ] GC(25)   StringDedup Table Weak         Min:  0.0, Avg:  0.0, Max:  0.0, Diff:  0.0, Sum:  0.0, Workers: 4
[794.000s][debug][gc,phases      ] GC(25)     Dead                           Min: 0, Avg:  0.0, Max: 0, Diff: 0, Sum: 0, Workers: 4
[794.000s][debug][gc,phases      ] GC(25)     Total                          Min: 0, Avg:  0.0, Max: 0, Diff: 0, Sum: 0, Workers: 4
[794.000s][debug][gc,phases      ] GC(25)   StringDedup Requests0 Weak     Min:  0.0, Avg:  0.0, Max:  0.0, Diff:  0.0, Sum:  0.0, Workers: 4
[794.000s][debug][gc,phases      ] GC(25)     Dead                           Min: 0, Avg:  0.0, Max: 0, Diff: 0, Sum: 0, Workers: 4
[794.000s][debug][gc,phases      ] GC(25)     Total                          Min: 0, Avg:  0.0, Max: 0, Diff: 0, Sum: 0, Workers: 4
[794.000s][debug][gc,phases      ] GC(25)   StringDedup Requests1 Weak     Min:  0.0, Avg:  0.0, Max:  0.0, Diff:  0.0, Sum:  0.0, Workers: 4
[794.000s][debug][gc,phases      ] GC(25)     Dead                           Min: 0, Avg:  0.0, Max: 0, Diff: 0, Sum: 0, Workers: 4
[794.000s][debug][gc,phases      ] GC(25)     Total                          Min: 0, Avg:  0.0, Max: 0, Diff: 0, Sum: 0, Workers: 4
[794.000s][debug][gc,phases      ] GC(25)   Weak JFR Old Object Samples    Min:  0.0, Avg:  0.0, Max:  0.0, Diff:  0.0, Sum:  0.0, Workers: 4
[794.000s][debug][gc,phases      ] GC(25)     Dead                           Min: 0, Avg:  0.0, Max: 0, Diff: 0, Sum: 0, Workers: 4
[794.000s][debug][gc,phases      ] GC(25)     Total                          Min: 0, Avg:  0.0, Max: 0, Diff: 0, Sum: 0, Workers: 4
[794.000s][debug][gc,phases      ] GC(25) Weak Processing 0.377ms
[794.000s][debug][gc,age         ] GC(25) Desired survivor size 183500800 bytes, new threshold 1 (max threshold 15)
[794.000s][info ][gc,heap        ] GC(25) PSYoungGen: 1738128K(1908736K)->22976K(1897984K) Eden: 1709568K(1709568K)->0K(1709568K) From: 28560K(199168K)->22976K(188416K)
[794.000s][info ][gc,heap        ] GC(25) ParOldGen: 366669K(367104K)->393272K(393728K)
[794.000s][info ][gc,metaspace   ] GC(25) Metaspace: 103608K(104960K)->103608K(104960K) NonClass: 88040K(88832K)->88040K(88832K) Class: 15568K(16128K)->15568K(16128K)
[794.000s][info ][gc             ] GC(25) Pause Young (Allocation Failure) 2055M->406M(2238M) 18.462ms
[794.000s][info ][gc,cpu         ] GC(25) User=0.06s Sys=0.01s Real=0.02s
[794.000s][info ][safepoint      ] Safepoint "ParallelGCFailedAllocation", Time since last: 548076968 ns, Reaching safepoint: 5900 ns, Cleanup: 3600 ns, At safepoint: 18531231 ns, Total: 18540731 ns
[796.000s][info ][safepoint      ] Safepoint "Cleanup", Time since last: 2000186983 ns, Reaching safepoint: 5600 ns, Cleanup: 10800 ns, At safepoint: 1800 ns, Total: 18200 ns
[797.000s][info ][safepoint      ] Safepoint "Cleanup", Time since last: 1000137892 ns, Reaching safepoint: 6100 ns, Cleanup: 9300 ns, At safepoint: 2100 ns, Total: 17500 ns
[798.000s][info ][safepoint      ] Safepoint "Cleanup", Time since last: 1000140491 ns, Reaching safepoint: 6000 ns, Cleanup: 8500 ns, At safepoint: 2500 ns, Total: 17000 ns
[799.000s][info ][safepoint      ] Safepoint "Cleanup", Time since last: 1000106792 ns, Reaching safepoint: 6400 ns, Cleanup: 15700 ns, At safepoint: 2700 ns, Total: 24800 ns
[806.001s][info ][safepoint      ] Safepoint "Cleanup", Time since last: 7000589641 ns, Reaching safepoint: 5900 ns, Cleanup: 15900 ns, At safepoint: 1900 ns, Total: 23700 ns
[807.001s][info ][safepoint      ] Safepoint "Cleanup", Time since last: 1000118451 ns, Reaching safepoint: 6300 ns, Cleanup: 12500 ns, At safepoint: 2100 ns, Total: 20900 ns
[808.001s][info ][safepoint      ] Safepoint "Cleanup", Time since last: 1000114351 ns, Reaching safepoint: 12000 ns, Cleanup: 40600 ns, At safepoint: 4200 ns, Total: 56800 ns
[809.001s][info ][safepoint      ] Safepoint "Cleanup", Time since last: 1000143262 ns, Reaching safepoint: 7800 ns, Cleanup: 16200 ns, At safepoint: 3000 ns, Total: 27000 ns
[810.002s][info ][safepoint      ] Safepoint "Cleanup", Time since last: 1000118769 ns, Reaching safepoint: 5900 ns, Cleanup: 28700 ns, At safepoint: 2500 ns, Total: 37100 ns
[813.002s][info ][safepoint      ] Safepoint "Cleanup", Time since last: 3000282407 ns, Reaching safepoint: 6500 ns, Cleanup: 10400 ns, At safepoint: 2400 ns, Total: 19300 ns
[814.002s][info ][safepoint      ] Safepoint "Cleanup", Time since last: 1000131169 ns, Reaching safepoint: 5599 ns, Cleanup: 21600 ns, At safepoint: 2400 ns, Total: 29599 ns
[815.002s][info ][safepoint      ] Safepoint "Cleanup", Time since last: 1000116569 ns, Reaching safepoint: 5600 ns, Cleanup: 11900 ns, At safepoint: 2100 ns, Total: 19600 ns
[817.002s][info ][safepoint      ] Safepoint "Cleanup", Time since last: 2000171985 ns, Reaching safepoint: 5800 ns, Cleanup: 7500 ns, At safepoint: 2200 ns, Total: 15500 ns
[818.002s][info ][safepoint      ] Safepoint "Cleanup", Time since last: 1000098068 ns, Reaching safepoint: 5100 ns, Cleanup: 15200 ns, At safepoint: 2200 ns, Total: 22500 ns
[819.003s][info ][safepoint      ] Safepoint "Cleanup", Time since last: 1000098292 ns, Reaching safepoint: 6200 ns, Cleanup: 11300 ns, At safepoint: 2900 ns, Total: 20400 ns
[820.003s][info ][safepoint      ] Safepoint "Cleanup", Time since last: 1000114167 ns, Reaching safepoint: 7100 ns, Cleanup: 15300 ns, At safepoint: 2600 ns, Total: 25000 ns
[822.003s][info ][safepoint      ] Safepoint "Cleanup", Time since last: 2000193833 ns, Reaching safepoint: 7400 ns, Cleanup: 9900 ns, At safepoint: 2900 ns, Total: 20200 ns
[824.003s][info ][safepoint      ] Safepoint "Cleanup", Time since last: 2000199134 ns, Reaching safepoint: 6300 ns, Cleanup: 12600 ns, At safepoint: 2100 ns, Total: 21000 ns
[826.003s][info ][safepoint      ] Safepoint "Cleanup", Time since last: 2000170701 ns, Reaching safepoint: 6700 ns, Cleanup: 8800 ns, At safepoint: 2700 ns, Total: 18200 ns
[827.003s][info ][safepoint      ] Safepoint "Cleanup", Time since last: 1000103584 ns, Reaching safepoint: 6700 ns, Cleanup: 9500 ns, At safepoint: 2300 ns, Total: 18500 ns
[828.004s][info ][safepoint      ] Safepoint "Cleanup", Time since last: 1000109684 ns, Reaching safepoint: 5900 ns, Cleanup: 15100 ns, At safepoint: 2200 ns, Total: 23200 ns
[829.004s][info ][safepoint      ] Safepoint "Cleanup", Time since last: 1000111584 ns, Reaching safepoint: 5700 ns, Cleanup: 18500 ns, At safepoint: 1700 ns, Total: 25900 ns
[831.004s][info ][safepoint      ] Safepoint "Cleanup", Time since last: 2000195868 ns, Reaching safepoint: 6800 ns, Cleanup: 12700 ns, At safepoint: 2100 ns, Total: 21600 ns
[832.004s][info ][safepoint      ] Safepoint "Cleanup", Time since last: 1000111084 ns, Reaching safepoint: 6000 ns, Cleanup: 21199 ns, At safepoint: 2100 ns, Total: 29299 ns
[833.004s][info ][safepoint      ] Safepoint "Cleanup", Time since last: 1000105665 ns, Reaching safepoint: 5699 ns, Cleanup: 9400 ns, At safepoint: 2000 ns, Total: 17099 ns
[836.005s][info ][safepoint      ] Safepoint "Cleanup", Time since last: 3000297052 ns, Reaching safepoint: 12000 ns, Cleanup: 26399 ns, At safepoint: 3100 ns, Total: 41499 ns
[837.005s][info ][safepoint      ] Safepoint "Cleanup", Time since last: 1000158051 ns, Reaching safepoint: 6100 ns, Cleanup: 21500 ns, At safepoint: 2200 ns, Total: 29800 ns
[838.005s][info ][safepoint      ] Safepoint "Cleanup", Time since last: 1000104550 ns, Reaching safepoint: 6000 ns, Cleanup: 8100 ns, At safepoint: 1900 ns, Total: 16000 ns
[839.005s][info ][safepoint      ] Safepoint "Cleanup", Time since last: 1000121150 ns, Reaching safepoint: 11300 ns, Cleanup: 18000 ns, At safepoint: 2800 ns, Total: 32100 ns
[840.005s][info ][safepoint      ] Safepoint "Cleanup", Time since last: 1000123150 ns, Reaching safepoint: 6200 ns, Cleanup: 23500 ns, At safepoint: 2600 ns, Total: 32300 ns
[842.279s][info ][safepoint      ] Safepoint "Cleanup", Time since last: 2273747729 ns, Reaching safepoint: 7300 ns, Cleanup: 9500 ns, At safepoint: 2100 ns, Total: 18900 ns
[843.138s][info ][gc,start       ] GC(26) Pause Young (Allocation Failure)
[843.157s][debug][gc,phases      ] GC(26) Scavenge 19.072ms
[843.157s][debug][gc,ref         ] GC(26) ReferenceProcessor::execute queues: 1, RefProcThreadModel::Single, marks_oops_alive: false
[843.157s][debug][gc,ref         ] GC(26) Skipped KeepAliveFinalRefsPhase of Reference Processing: no references
[843.157s][debug][gc,ref         ] GC(26) ReferenceProcessor::execute queues: 1, RefProcThreadModel::Single, marks_oops_alive: false
[843.157s][debug][gc,phases      ] GC(26) Reference Processing 0.106ms
[843.157s][debug][gc,phases      ] GC(26)   VM Weak                        Min:  0.0, Avg:  0.0, Max:  0.0, Diff:  0.0, Sum:  0.0, Workers: 4
[843.157s][debug][gc,phases      ] GC(26)     Dead                           Min: 0, Avg:  0.0, Max: 0, Diff: 0, Sum: 0, Workers: 4
[843.157s][debug][gc,phases      ] GC(26)     Total                          Min: 0, Avg: 255.0, Max: 832, Diff: 832, Sum: 1020, Workers: 4
[843.157s][debug][gc,phases      ] GC(26)   ObjectSynchronizer Weak        Min:  0.0, Avg:  0.0, Max:  0.0, Diff:  0.0, Sum:  0.0, Workers: 4
[843.157s][debug][gc,phases      ] GC(26)     Dead                           Min: 0, Avg:  0.0, Max: 0, Diff: 0, Sum: 0, Workers: 4
[843.157s][debug][gc,phases      ] GC(26)     Total                          Min: 0, Avg:  1.0, Max: 4, Diff: 4, Sum: 4, Workers: 4
[843.157s][debug][gc,phases      ] GC(26)   JVMTI Tag Weak OopStorage      Min:  0.0, Avg:  0.0, Max:  0.0, Diff:  0.0, Sum:  0.0, Workers: 4
[843.157s][debug][gc,phases      ] GC(26)     Dead                           Min: 0, Avg:  0.0, Max: 0, Diff: 0, Sum: 0, Workers: 4
[843.157s][debug][gc,phases      ] GC(26)     Total                          Min: 0, Avg:  0.0, Max: 0, Diff: 0, Sum: 0, Workers: 4
[843.157s][debug][gc,phases      ] GC(26)   StringTable Weak               Min:  0.0, Avg:  0.1, Max:  0.1, Diff:  0.1, Sum:  0.4, Workers: 4
[843.157s][debug][gc,phases      ] GC(26)     Dead                           Min: 0, Avg:  0.2, Max: 1, Diff: 1, Sum: 1, Workers: 4
[843.157s][debug][gc,phases      ] GC(26)     Total                          Min: 0, Avg: 11283.2, Max: 19981, Diff: 19981, Sum: 45133, Workers: 4
[843.157s][debug][gc,phases      ] GC(26)   ResolvedMethodTable Weak       Min:  0.0, Avg:  0.0, Max:  0.0, Diff:  0.0, Sum:  0.1, Workers: 4
[843.157s][debug][gc,phases      ] GC(26)     Dead                           Min: 0, Avg:  5.0, Max: 13, Diff: 13, Sum: 20, Workers: 4
[843.157s][debug][gc,phases      ] GC(26)     Total                          Min: 0, Avg: 3695.8, Max: 6454, Diff: 6454, Sum: 14783, Workers: 4
[843.157s][debug][gc,phases      ] GC(26)   JNI Weak                       Min:  0.0, Avg:  0.0, Max:  0.0, Diff:  0.0, Sum:  0.0, Workers: 4
[843.157s][debug][gc,phases      ] GC(26)     Dead                           Min: 0, Avg:  0.0, Max: 0, Diff: 0, Sum: 0, Workers: 4
[843.157s][debug][gc,phases      ] GC(26)     Total                          Min: 0, Avg: 13.0, Max: 52, Diff: 52, Sum: 52, Workers: 4
[843.157s][debug][gc,phases      ] GC(26)   StringDedup Table Weak         Min:  0.0, Avg:  0.0, Max:  0.0, Diff:  0.0, Sum:  0.0, Workers: 4
[843.157s][debug][gc,phases      ] GC(26)     Dead                           Min: 0, Avg:  0.0, Max: 0, Diff: 0, Sum: 0, Workers: 4
[843.157s][debug][gc,phases      ] GC(26)     Total                          Min: 0, Avg:  0.0, Max: 0, Diff: 0, Sum: 0, Workers: 4
[843.157s][debug][gc,phases      ] GC(26)   StringDedup Requests0 Weak     Min:  0.0, Avg:  0.0, Max:  0.0, Diff:  0.0, Sum:  0.0, Workers: 4
[843.157s][debug][gc,phases      ] GC(26)     Dead                           Min: 0, Avg:  0.0, Max: 0, Diff: 0, Sum: 0, Workers: 4
[843.157s][debug][gc,phases      ] GC(26)     Total                          Min: 0, Avg:  0.0, Max: 0, Diff: 0, Sum: 0, Workers: 4
[843.157s][debug][gc,phases      ] GC(26)   StringDedup Requests1 Weak     Min:  0.0, Avg:  0.0, Max:  0.0, Diff:  0.0, Sum:  0.0, Workers: 4
[843.157s][debug][gc,phases      ] GC(26)     Dead                           Min: 0, Avg:  0.0, Max: 0, Diff: 0, Sum: 0, Workers: 4
[843.157s][debug][gc,phases      ] GC(26)     Total                          Min: 0, Avg:  0.0, Max: 0, Diff: 0, Sum: 0, Workers: 4
[843.157s][debug][gc,phases      ] GC(26)   Weak JFR Old Object Samples    Min:  0.0, Avg:  0.0, Max:  0.0, Diff:  0.0, Sum:  0.0, Workers: 4
[843.157s][debug][gc,phases      ] GC(26)     Dead                           Min: 0, Avg:  0.0, Max: 0, Diff: 0, Sum: 0, Workers: 4
[843.157s][debug][gc,phases      ] GC(26)     Total                          Min: 0, Avg:  0.0, Max: 0, Diff: 0, Sum: 0, Workers: 4
[843.157s][debug][gc,phases      ] GC(26) Weak Processing 0.383ms
[843.157s][debug][gc,age         ] GC(26) Desired survivor size 174063616 bytes, new threshold 1 (max threshold 15)
[843.157s][info ][gc,heap        ] GC(26) PSYoungGen: 1732544K(1897984K)->23728K(1927168K) Eden: 1709568K(1709568K)->0K(1747968K) From: 22976K(188416K)->23728K(179200K)
[843.157s][info ][gc,heap        ] GC(26) ParOldGen: 393272K(393728K)->414656K(414720K)
[843.157s][info ][gc,metaspace   ] GC(26) Metaspace: 103828K(105152K)->103828K(105152K) NonClass: 88241K(89024K)->88241K(89024K) Class: 15586K(16128K)->15586K(16128K)
[843.157s][info ][gc             ] GC(26) Pause Young (Allocation Failure) 2075M->428M(2287M) 19.684ms
[843.157s][info ][gc,cpu         ] GC(26) User=0.06s Sys=0.01s Real=0.02s
[843.157s][info ][safepoint      ] Safepoint "ParallelGCFailedAllocation", Time since last: 858579474 ns, Reaching safepoint: 5800 ns, Cleanup: 4600 ns, At safepoint: 19769177 ns, Total: 19779577 ns
[844.157s][info ][safepoint      ] Safepoint "Cleanup", Time since last: 1000090405 ns, Reaching safepoint: 6100 ns, Cleanup: 10600 ns, At safepoint: 2200 ns, Total: 18900 ns
[846.158s][info ][safepoint      ] Safepoint "Cleanup", Time since last: 2000180400 ns, Reaching safepoint: 6200 ns, Cleanup: 13600 ns, At safepoint: 2100 ns, Total: 21900 ns
[847.158s][info ][safepoint      ] Safepoint "Cleanup", Time since last: 1000103597 ns, Reaching safepoint: 5799 ns, Cleanup: 10000 ns, At safepoint: 2100 ns, Total: 17899 ns
[848.158s][info ][safepoint      ] Safepoint "Cleanup", Time since last: 1000100897 ns, Reaching safepoint: 5400 ns, Cleanup: 19600 ns, At safepoint: 2600 ns, Total: 27600 ns
[849.158s][info ][safepoint      ] Safepoint "Cleanup", Time since last: 1000098936 ns, Reaching safepoint: 5400 ns, Cleanup: 10900 ns, At safepoint: 2400 ns, Total: 18700 ns
[850.158s][info ][safepoint      ] Safepoint "Cleanup", Time since last: 1000101602 ns, Reaching safepoint: 5900 ns, Cleanup: 11700 ns, At safepoint: 2600 ns, Total: 20200 ns
[851.158s][info ][safepoint      ] Safepoint "Cleanup", Time since last: 1000103502 ns, Reaching safepoint: 6400 ns, Cleanup: 10200 ns, At safepoint: 2400 ns, Total: 19000 ns
[852.158s][info ][safepoint      ] Safepoint "Cleanup", Time since last: 1000099901 ns, Reaching safepoint: 6000 ns, Cleanup: 7600 ns, At safepoint: 2000 ns, Total: 15600 ns
[853.158s][info ][safepoint      ] Safepoint "Cleanup", Time since last: 1000096202 ns, Reaching safepoint: 5300 ns, Cleanup: 11100 ns, At safepoint: 2100 ns, Total: 18500 ns
[854.159s][info ][safepoint      ] Safepoint "Cleanup", Time since last: 1000102002 ns, Reaching safepoint: 6200 ns, Cleanup: 12200 ns, At safepoint: 2500 ns, Total: 20900 ns
[856.159s][info ][safepoint      ] Safepoint "Cleanup", Time since last: 2000179350 ns, Reaching safepoint: 6300 ns, Cleanup: 10300 ns, At safepoint: 3800 ns, Total: 20400 ns
[857.159s][info ][safepoint      ] Safepoint "Cleanup", Time since last: 1000128913 ns, Reaching safepoint: 6400 ns, Cleanup: 7300 ns, At safepoint: 2500 ns, Total: 16200 ns
[859.159s][info ][safepoint      ] Safepoint "Cleanup", Time since last: 2000175816 ns, Reaching safepoint: 6100 ns, Cleanup: 9100 ns, At safepoint: 2400 ns, Total: 17600 ns
[860.159s][info ][safepoint      ] Safepoint "Cleanup", Time since last: 1000106808 ns, Reaching safepoint: 6100 ns, Cleanup: 14700 ns, At safepoint: 2000 ns, Total: 22800 ns
[862.159s][info ][safepoint      ] Safepoint "Cleanup", Time since last: 2000194717 ns, Reaching safepoint: 5300 ns, Cleanup: 8500 ns, At safepoint: 1900 ns, Total: 15700 ns
[863.160s][info ][safepoint      ] Safepoint "Cleanup", Time since last: 1000098808 ns, Reaching safepoint: 6400 ns, Cleanup: 14200 ns, At safepoint: 2200 ns, Total: 22800 ns
[864.160s][info ][safepoint      ] Safepoint "Cleanup", Time since last: 1000095908 ns, Reaching safepoint: 5300 ns, Cleanup: 10000 ns, At safepoint: 2200 ns, Total: 17500 ns
[865.160s][info ][safepoint      ] Safepoint "Cleanup", Time since last: 1000098308 ns, Reaching safepoint: 5600 ns, Cleanup: 9100 ns, At safepoint: 2200 ns, Total: 16900 ns
[866.160s][info ][safepoint      ] Safepoint "Cleanup", Time since last: 1000104529 ns, Reaching safepoint: 5700 ns, Cleanup: 16500 ns, At safepoint: 2400 ns, Total: 24600 ns
[868.160s][info ][safepoint      ] Safepoint "Cleanup", Time since last: 2000183359 ns, Reaching safepoint: 5900 ns, Cleanup: 8500 ns, At safepoint: 2300 ns, Total: 16700 ns
[869.160s][info ][safepoint      ] Safepoint "Cleanup", Time since last: 1000107430 ns, Reaching safepoint: 6800 ns, Cleanup: 8800 ns, At safepoint: 2200 ns, Total: 17800 ns
[871.160s][info ][safepoint      ] Safepoint "Cleanup", Time since last: 2000182859 ns, Reaching safepoint: 6300 ns, Cleanup: 9600 ns, At safepoint: 2200 ns, Total: 18100 ns
[872.161s][info ][safepoint      ] Safepoint "Cleanup", Time since last: 1000124530 ns, Reaching safepoint: 6199 ns, Cleanup: 6800 ns, At safepoint: 2000 ns, Total: 14999 ns
[876.161s][info ][safepoint      ] Safepoint "Cleanup", Time since last: 4000330296 ns, Reaching safepoint: 7000 ns, Cleanup: 13900 ns, At safepoint: 2200 ns, Total: 23100 ns
[876.782s][info ][gc,start       ] GC(27) Pause Young (Allocation Failure)
[876.809s][debug][gc,phases      ] GC(27) Scavenge 26.941ms
[876.809s][debug][gc,ref         ] GC(27) ReferenceProcessor::execute queues: 1, RefProcThreadModel::Single, marks_oops_alive: false
[876.809s][debug][gc,ref         ] GC(27) Skipped KeepAliveFinalRefsPhase of Reference Processing: no references
[876.809s][debug][gc,ref         ] GC(27) ReferenceProcessor::execute queues: 1, RefProcThreadModel::Single, marks_oops_alive: false
[876.809s][debug][gc,phases      ] GC(27) Reference Processing 0.109ms
[876.810s][debug][gc,phases      ] GC(27)   VM Weak                        Min:  0.0, Avg:  0.0, Max:  0.0, Diff:  0.0, Sum:  0.0, Workers: 4
[876.810s][debug][gc,phases      ] GC(27)     Dead                           Min: 0, Avg:  0.0, Max: 0, Diff: 0, Sum: 0, Workers: 4
[876.810s][debug][gc,phases      ] GC(27)     Total                          Min: 0, Avg: 255.0, Max: 768, Diff: 768, Sum: 1020, Workers: 4
[876.810s][debug][gc,phases      ] GC(27)   ObjectSynchronizer Weak        Min:  0.0, Avg:  0.0, Max:  0.0, Diff:  0.0, Sum:  0.0, Workers: 4
[876.810s][debug][gc,phases      ] GC(27)     Dead                           Min: 0, Avg:  0.0, Max: 0, Diff: 0, Sum: 0, Workers: 4
[876.810s][debug][gc,phases      ] GC(27)     Total                          Min: 0, Avg:  1.2, Max: 5, Diff: 5, Sum: 5, Workers: 4
[876.810s][debug][gc,phases      ] GC(27)   JVMTI Tag Weak OopStorage      Min:  0.0, Avg:  0.0, Max:  0.0, Diff:  0.0, Sum:  0.0, Workers: 4
[876.810s][debug][gc,phases      ] GC(27)     Dead                           Min: 0, Avg:  0.0, Max: 0, Diff: 0, Sum: 0, Workers: 4
[876.810s][debug][gc,phases      ] GC(27)     Total                          Min: 0, Avg:  0.0, Max: 0, Diff: 0, Sum: 0, Workers: 4
[876.810s][debug][gc,phases      ] GC(27)   StringTable Weak               Min:  0.0, Avg:  0.1, Max:  0.1, Diff:  0.1, Sum:  0.4, Workers: 4
[876.810s][debug][gc,phases      ] GC(27)     Dead                           Min: 0, Avg:  0.2, Max: 1, Diff: 1, Sum: 1, Workers: 4
[876.810s][debug][gc,phases      ] GC(27)     Total                          Min: 0, Avg: 11297.8, Max: 19911, Diff: 19911, Sum: 45191, Workers: 4
[876.810s][debug][gc,phases      ] GC(27)   ResolvedMethodTable Weak       Min:  0.0, Avg:  0.0, Max:  0.0, Diff:  0.0, Sum:  0.1, Workers: 4
[876.810s][debug][gc,phases      ] GC(27)     Dead                           Min: 0, Avg:  4.0, Max: 16, Diff: 16, Sum: 16, Workers: 4
[876.810s][debug][gc,phases      ] GC(27)     Total                          Min: 0, Avg: 3696.2, Max: 5969, Diff: 5969, Sum: 14785, Workers: 4
[876.810s][debug][gc,phases      ] GC(27)   JNI Weak                       Min:  0.0, Avg:  0.0, Max:  0.0, Diff:  0.0, Sum:  0.0, Workers: 4
[876.810s][debug][gc,phases      ] GC(27)     Dead                           Min: 0, Avg:  0.0, Max: 0, Diff: 0, Sum: 0, Workers: 4
[876.810s][debug][gc,phases      ] GC(27)     Total                          Min: 0, Avg: 13.0, Max: 52, Diff: 52, Sum: 52, Workers: 4
[876.810s][debug][gc,phases      ] GC(27)   StringDedup Table Weak         Min:  0.0, Avg:  0.0, Max:  0.0, Diff:  0.0, Sum:  0.0, Workers: 4
[876.810s][debug][gc,phases      ] GC(27)     Dead                           Min: 0, Avg:  0.0, Max: 0, Diff: 0, Sum: 0, Workers: 4
[876.810s][debug][gc,phases      ] GC(27)     Total                          Min: 0, Avg:  0.0, Max: 0, Diff: 0, Sum: 0, Workers: 4
[876.810s][debug][gc,phases      ] GC(27)   StringDedup Requests0 Weak     Min:  0.0, Avg:  0.0, Max:  0.0, Diff:  0.0, Sum:  0.0, Workers: 4
[876.810s][debug][gc,phases      ] GC(27)     Dead                           Min: 0, Avg:  0.0, Max: 0, Diff: 0, Sum: 0, Workers: 4
[876.810s][debug][gc,phases      ] GC(27)     Total                          Min: 0, Avg:  0.0, Max: 0, Diff: 0, Sum: 0, Workers: 4
[876.810s][debug][gc,phases      ] GC(27)   StringDedup Requests1 Weak     Min:  0.0, Avg:  0.0, Max:  0.0, Diff:  0.0, Sum:  0.0, Workers: 4
[876.810s][debug][gc,phases      ] GC(27)     Dead                           Min: 0, Avg:  0.0, Max: 0, Diff: 0, Sum: 0, Workers: 4
[876.810s][debug][gc,phases      ] GC(27)     Total                          Min: 0, Avg:  0.0, Max: 0, Diff: 0, Sum: 0, Workers: 4
[876.810s][debug][gc,phases      ] GC(27)   Weak JFR Old Object Samples    Min:  0.0, Avg:  0.0, Max:  0.0, Diff:  0.0, Sum:  0.0, Workers: 4
[876.810s][debug][gc,phases      ] GC(27)     Dead                           Min: 0, Avg:  0.0, Max: 0, Diff: 0, Sum: 0, Workers: 4
[876.810s][debug][gc,phases      ] GC(27)     Total                          Min: 0, Avg:  0.0, Max: 0, Diff: 0, Sum: 0, Workers: 4
[876.810s][debug][gc,phases      ] GC(27) Weak Processing 0.390ms
[876.810s][debug][gc,age         ] GC(27) Desired survivor size 162004992 bytes, new threshold 1 (max threshold 15)
[876.810s][info ][gc,heap        ] GC(27) PSYoungGen: 1771696K(1927168K)->40256K(1917952K) Eden: 1747968K(1747968K)->0K(1747968K) From: 23728K(179200K)->40256K(169984K)
[876.810s][info ][gc,heap        ] GC(27) ParOldGen: 414656K(414720K)->436420K(436736K)
[876.810s][info ][gc,metaspace   ] GC(27) Metaspace: 103876K(105216K)->103876K(105216K) NonClass: 88287K(89088K)->88287K(89088K) Class: 15588K(16128K)->15588K(16128K)
[876.810s][info ][gc             ] GC(27) Pause Young (Allocation Failure) 2135M->465M(2299M) 27.565ms
[876.810s][info ][gc,cpu         ] GC(27) User=0.09s Sys=0.00s Real=0.03s
[876.810s][info ][safepoint      ] Safepoint "ParallelGCFailedAllocation", Time since last: 621069580 ns, Reaching safepoint: 80600 ns, Cleanup: 3100 ns, At safepoint: 27645028 ns, Total: 27728728 ns
[877.810s][info ][safepoint      ] Safepoint "Cleanup", Time since last: 1000093591 ns, Reaching safepoint: 7600 ns, Cleanup: 15100 ns, At safepoint: 2400 ns, Total: 25100 ns
[878.810s][info ][safepoint      ] Safepoint "Cleanup", Time since last: 1000145391 ns, Reaching safepoint: 6600 ns, Cleanup: 12300 ns, At safepoint: 2100 ns, Total: 21000 ns
[880.810s][info ][safepoint      ] Safepoint "Cleanup", Time since last: 2000220183 ns, Reaching safepoint: 6700 ns, Cleanup: 21700 ns, At safepoint: 2500 ns, Total: 30900 ns
[881.810s][info ][safepoint      ] Safepoint "Cleanup", Time since last: 1000101792 ns, Reaching safepoint: 5300 ns, Cleanup: 13000 ns, At safepoint: 2200 ns, Total: 20500 ns
[882.811s][info ][safepoint      ] Safepoint "Cleanup", Time since last: 1000120393 ns, Reaching safepoint: 6700 ns, Cleanup: 11000 ns, At safepoint: 2300 ns, Total: 20000 ns
[883.811s][info ][safepoint      ] Safepoint "Cleanup", Time since last: 1000146092 ns, Reaching safepoint: 9900 ns, Cleanup: 20200 ns, At safepoint: 2500 ns, Total: 32600 ns
[884.811s][info ][safepoint      ] Safepoint "Cleanup", Time since last: 1000147693 ns, Reaching safepoint: 7100 ns, Cleanup: 11500 ns, At safepoint: 2300 ns, Total: 20900 ns
[890.811s][info ][safepoint      ] Safepoint "Cleanup", Time since last: 6000499876 ns, Reaching safepoint: 5600 ns, Cleanup: 8600 ns, At safepoint: 2200 ns, Total: 16400 ns
[895.812s][info ][safepoint      ] Safepoint "Cleanup", Time since last: 5000410064 ns, Reaching safepoint: 5900 ns, Cleanup: 36400 ns, At safepoint: 5500 ns, Total: 47800 ns
[896.812s][info ][safepoint      ] Safepoint "Cleanup", Time since last: 1000109037 ns, Reaching safepoint: 78000 ns, Cleanup: 87899 ns, At safepoint: 13600 ns, Total: 179499 ns
[897.812s][info ][safepoint      ] Safepoint "Cleanup", Time since last: 1000113372 ns, Reaching safepoint: 6899 ns, Cleanup: 52600 ns, At safepoint: 3400 ns, Total: 62899 ns
[898.813s][info ][safepoint      ] Safepoint "Cleanup", Time since last: 1000145571 ns, Reaching safepoint: 6600 ns, Cleanup: 7900 ns, At safepoint: 2400 ns, Total: 16900 ns
[901.297s][info ][safepoint      ] Safepoint "Cleanup", Time since last: 2484639318 ns, Reaching safepoint: 6000 ns, Cleanup: 14400 ns, At safepoint: 2400 ns, Total: 22800 ns
[902.297s][info ][safepoint      ] Safepoint "Cleanup", Time since last: 1000109371 ns, Reaching safepoint: 5900 ns, Cleanup: 7100 ns, At safepoint: 1900 ns, Total: 14900 ns
[905.298s][info ][safepoint      ] Safepoint "Cleanup", Time since last: 3000267733 ns, Reaching safepoint: 8000 ns, Cleanup: 12500 ns, At safepoint: 3500 ns, Total: 24000 ns
[907.298s][info ][safepoint      ] Safepoint "Cleanup", Time since last: 2000198841 ns, Reaching safepoint: 6400 ns, Cleanup: 11400 ns, At safepoint: 2500 ns, Total: 20300 ns
[912.298s][info ][safepoint      ] Safepoint "Cleanup", Time since last: 5000398903 ns, Reaching safepoint: 6700 ns, Cleanup: 26500 ns, At safepoint: 2400 ns, Total: 35600 ns
[914.298s][info ][safepoint      ] Safepoint "Cleanup", Time since last: 2000180882 ns, Reaching safepoint: 6200 ns, Cleanup: 9600 ns, At safepoint: 2500 ns, Total: 18300 ns
[930.300s][info ][safepoint      ] Safepoint "Cleanup", Time since last: 16001252325 ns, Reaching safepoint: 6100 ns, Cleanup: 9200 ns, At safepoint: 2600 ns, Total: 17900 ns
[931.300s][info ][safepoint      ] Safepoint "Cleanup", Time since last: 1000112752 ns, Reaching safepoint: 5900 ns, Cleanup: 7900 ns, At safepoint: 2400 ns, Total: 16200 ns
[932.300s][info ][safepoint      ] Safepoint "Cleanup", Time since last: 1000100853 ns, Reaching safepoint: 6200 ns, Cleanup: 8900 ns, At safepoint: 2100 ns, Total: 17200 ns
[934.300s][info ][safepoint      ] Safepoint "Cleanup", Time since last: 2000175205 ns, Reaching safepoint: 5000 ns, Cleanup: 5700 ns, At safepoint: 1700 ns, Total: 12400 ns
[936.300s][info ][safepoint      ] Safepoint "Cleanup", Time since last: 2000181805 ns, Reaching safepoint: 6600 ns, Cleanup: 36800 ns, At safepoint: 2500 ns, Total: 45900 ns
[937.301s][info ][safepoint      ] Safepoint "Cleanup", Time since last: 1000113879 ns, Reaching safepoint: 6900 ns, Cleanup: 16400 ns, At safepoint: 2600 ns, Total: 25900 ns
[949.301s][info ][safepoint      ] Safepoint "Cleanup", Time since last: 12000910150 ns, Reaching safepoint: 7800 ns, Cleanup: 11500 ns, At safepoint: 2700 ns, Total: 22000 ns
[954.302s][info ][safepoint      ] Safepoint "Cleanup", Time since last: 5000459139 ns, Reaching safepoint: 7100 ns, Cleanup: 13700 ns, At safepoint: 2300 ns, Total: 23100 ns
[956.302s][info ][safepoint      ] Safepoint "Cleanup", Time since last: 2000210617 ns, Reaching safepoint: 12500 ns, Cleanup: 15200 ns, At safepoint: 3700 ns, Total: 31400 ns
[957.302s][info ][safepoint      ] Safepoint "Cleanup", Time since last: 1000172758 ns, Reaching safepoint: 6300 ns, Cleanup: 11500 ns, At safepoint: 1900 ns, Total: 19700 ns
[958.303s][info ][safepoint      ] Safepoint "Cleanup", Time since last: 1000103859 ns, Reaching safepoint: 6100 ns, Cleanup: 30200 ns, At safepoint: 1700 ns, Total: 38000 ns
[959.303s][info ][safepoint      ] Safepoint "Cleanup", Time since last: 1000109058 ns, Reaching safepoint: 78400 ns, Cleanup: 28400 ns, At safepoint: 6700 ns, Total: 113500 ns
[968.302s][info ][safepoint      ] Safepoint "ParallelGCFailedAllocation", Time since last: 8998953775 ns, Reaching safepoint: 86299 ns, Cleanup: 29100 ns, At safepoint: 29200 ns, Total: 144599 ns
[968.306s][info ][gc,start       ] GC(28) Pause Young (GCLocker Initiated GC)
[968.325s][debug][gc,phases      ] GC(28) Scavenge 18.756ms
[968.325s][debug][gc,ref         ] GC(28) ReferenceProcessor::execute queues: 1, RefProcThreadModel::Single, marks_oops_alive: false
[968.325s][debug][gc,ref         ] GC(28) Skipped KeepAliveFinalRefsPhase of Reference Processing: no references
[968.325s][debug][gc,ref         ] GC(28) ReferenceProcessor::execute queues: 1, RefProcThreadModel::Single, marks_oops_alive: false
[968.325s][debug][gc,phases      ] GC(28) Reference Processing 0.115ms
[968.325s][debug][gc,phases      ] GC(28)   VM Weak                        Min:  0.0, Avg:  0.0, Max:  0.0, Diff:  0.0, Sum:  0.0, Workers: 4
[968.325s][debug][gc,phases      ] GC(28)     Dead                           Min: 0, Avg:  0.0, Max: 0, Diff: 0, Sum: 0, Workers: 4
[968.325s][debug][gc,phases      ] GC(28)     Total                          Min: 0, Avg: 255.2, Max: 512, Diff: 512, Sum: 1021, Workers: 4
[968.325s][debug][gc,phases      ] GC(28)   ObjectSynchronizer Weak        Min:  0.0, Avg:  0.0, Max:  0.0, Diff:  0.0, Sum:  0.0, Workers: 4
[968.325s][debug][gc,phases      ] GC(28)     Dead                           Min: 0, Avg:  0.0, Max: 0, Diff: 0, Sum: 0, Workers: 4
[968.325s][debug][gc,phases      ] GC(28)     Total                          Min: 0, Avg:  1.0, Max: 4, Diff: 4, Sum: 4, Workers: 4
[968.325s][debug][gc,phases      ] GC(28)   JVMTI Tag Weak OopStorage      Min:  0.0, Avg:  0.0, Max:  0.0, Diff:  0.0, Sum:  0.0, Workers: 4
[968.325s][debug][gc,phases      ] GC(28)     Dead                           Min: 0, Avg:  0.0, Max: 0, Diff: 0, Sum: 0, Workers: 4
[968.325s][debug][gc,phases      ] GC(28)     Total                          Min: 0, Avg:  0.0, Max: 0, Diff: 0, Sum: 0, Workers: 4
[968.325s][debug][gc,phases      ] GC(28)   StringTable Weak               Min:  0.0, Avg:  0.1, Max:  0.1, Diff:  0.1, Sum:  0.4, Workers: 4
[968.325s][debug][gc,phases      ] GC(28)     Dead                           Min: 0, Avg:  0.8, Max: 2, Diff: 2, Sum: 3, Workers: 4
[968.325s][debug][gc,phases      ] GC(28)     Total                          Min: 0, Avg: 11329.5, Max: 19328, Diff: 19328, Sum: 45318, Workers: 4
[968.325s][debug][gc,phases      ] GC(28)   ResolvedMethodTable Weak       Min:  0.0, Avg:  0.0, Max:  0.0, Diff:  0.0, Sum:  0.1, Workers: 4
[968.325s][debug][gc,phases      ] GC(28)     Dead                           Min: 0, Avg: 10.8, Max: 21, Diff: 21, Sum: 43, Workers: 4
[968.325s][debug][gc,phases      ] GC(28)     Total                          Min: 0, Avg: 3721.0, Max: 5946, Diff: 5946, Sum: 14884, Workers: 4
[968.325s][debug][gc,phases      ] GC(28)   JNI Weak                       Min:  0.0, Avg:  0.0, Max:  0.0, Diff:  0.0, Sum:  0.0, Workers: 4
[968.325s][debug][gc,phases      ] GC(28)     Dead                           Min: 0, Avg:  0.0, Max: 0, Diff: 0, Sum: 0, Workers: 4
[968.325s][debug][gc,phases      ] GC(28)     Total                          Min: 0, Avg: 14.0, Max: 56, Diff: 56, Sum: 56, Workers: 4
[968.325s][debug][gc,phases      ] GC(28)   StringDedup Table Weak         Min:  0.0, Avg:  0.0, Max:  0.0, Diff:  0.0, Sum:  0.0, Workers: 4
[968.325s][debug][gc,phases      ] GC(28)     Dead                           Min: 0, Avg:  0.0, Max: 0, Diff: 0, Sum: 0, Workers: 4
[968.325s][debug][gc,phases      ] GC(28)     Total                          Min: 0, Avg:  0.0, Max: 0, Diff: 0, Sum: 0, Workers: 4
[968.325s][debug][gc,phases      ] GC(28)   StringDedup Requests0 Weak     Min:  0.0, Avg:  0.0, Max:  0.0, Diff:  0.0, Sum:  0.0, Workers: 4
[968.325s][debug][gc,phases      ] GC(28)     Dead                           Min: 0, Avg:  0.0, Max: 0, Diff: 0, Sum: 0, Workers: 4
[968.325s][debug][gc,phases      ] GC(28)     Total                          Min: 0, Avg:  0.0, Max: 0, Diff: 0, Sum: 0, Workers: 4
[968.325s][debug][gc,phases      ] GC(28)   StringDedup Requests1 Weak     Min:  0.0, Avg:  0.0, Max:  0.0, Diff:  0.0, Sum:  0.0, Workers: 4
[968.325s][debug][gc,phases      ] GC(28)     Dead                           Min: 0, Avg:  0.0, Max: 0, Diff: 0, Sum: 0, Workers: 4
[968.325s][debug][gc,phases      ] GC(28)     Total                          Min: 0, Avg:  0.0, Max: 0, Diff: 0, Sum: 0, Workers: 4
[968.325s][debug][gc,phases      ] GC(28)   Weak JFR Old Object Samples    Min:  0.0, Avg:  0.0, Max:  0.0, Diff:  0.0, Sum:  0.0, Workers: 4
[968.325s][debug][gc,phases      ] GC(28)     Dead                           Min: 0, Avg:  0.0, Max: 0, Diff: 0, Sum: 0, Workers: 4
[968.325s][debug][gc,phases      ] GC(28)     Total                          Min: 0, Avg:  0.0, Max: 0, Diff: 0, Sum: 0, Workers: 4
[968.325s][debug][gc,phases      ] GC(28) Weak Processing 0.383ms
[968.325s][debug][gc,age         ] GC(28) Desired survivor size 156237824 bytes, new threshold 1 (max threshold 15)
[968.325s][info ][gc,heap        ] GC(28) PSYoungGen: 1788224K(1917952K)->9712K(1944576K) Eden: 1747968K(1747968K)->0K(1786368K) From: 40256K(169984K)->9712K(158208K)
[968.325s][info ][gc,heap        ] GC(28) ParOldGen: 439468K(439808K)->469314K(469504K)
[968.325s][info ][gc,metaspace   ] GC(28) Metaspace: 104230K(105600K)->104230K(105600K) NonClass: 88597K(89408K)->88597K(89408K) Class: 15632K(16192K)->15632K(16192K)
[968.325s][info ][gc             ] GC(28) Pause Young (GCLocker Initiated GC) 2175M->467M(2357M) 19.370ms
[968.325s][info ][gc,cpu         ] GC(28) User=0.05s Sys=0.01s Real=0.01s
[968.325s][info ][safepoint      ] Safepoint "ParallelGCSystemGC", Time since last: 4039891 ns, Reaching safepoint: 80899 ns, Cleanup: 2100 ns, At safepoint: 19451754 ns, Total: 19534753 ns
[969.326s][info ][safepoint      ] Safepoint "Cleanup", Time since last: 1000095848 ns, Reaching safepoint: 6200 ns, Cleanup: 89500 ns, At safepoint: 3000 ns, Total: 98700 ns
[970.326s][info ][safepoint      ] Safepoint "Cleanup", Time since last: 1000104924 ns, Reaching safepoint: 5500 ns, Cleanup: 22900 ns, At safepoint: 2700 ns, Total: 31100 ns
[971.326s][info ][safepoint      ] Safepoint "Cleanup", Time since last: 1000101823 ns, Reaching safepoint: 6900 ns, Cleanup: 12200 ns, At safepoint: 2600 ns, Total: 21700 ns
[972.326s][info ][safepoint      ] Safepoint "Cleanup", Time since last: 1000107423 ns, Reaching safepoint: 6400 ns, Cleanup: 8500 ns, At safepoint: 1900 ns, Total: 16800 ns
[973.082s][info ][gc,start       ] GC(29) Pause Young (Allocation Failure)
[973.119s][debug][gc,phases      ] GC(29) Scavenge 36.586ms
[973.119s][debug][gc,ref         ] GC(29) ReferenceProcessor::execute queues: 1, RefProcThreadModel::Single, marks_oops_alive: false
[973.119s][debug][gc,ref         ] GC(29) Skipped KeepAliveFinalRefsPhase of Reference Processing: no references
[973.119s][debug][gc,ref         ] GC(29) ReferenceProcessor::execute queues: 1, RefProcThreadModel::Single, marks_oops_alive: false
[973.119s][debug][gc,phases      ] GC(29) Reference Processing 0.118ms
[973.119s][debug][gc,phases      ] GC(29)   VM Weak                        Min:  0.0, Avg:  0.0, Max:  0.0, Diff:  0.0, Sum:  0.0, Workers: 4
[973.119s][debug][gc,phases      ] GC(29)     Dead                           Min: 0, Avg:  0.0, Max: 0, Diff: 0, Sum: 0, Workers: 4
[973.119s][debug][gc,phases      ] GC(29)     Total                          Min: 0, Avg: 256.5, Max: 642, Diff: 642, Sum: 1026, Workers: 4
[973.120s][debug][gc,phases      ] GC(29)   ObjectSynchronizer Weak        Min:  0.0, Avg:  0.0, Max:  0.0, Diff:  0.0, Sum:  0.0, Workers: 4
[973.120s][debug][gc,phases      ] GC(29)     Dead                           Min: 0, Avg:  0.0, Max: 0, Diff: 0, Sum: 0, Workers: 4
[973.120s][debug][gc,phases      ] GC(29)     Total                          Min: 0, Avg:  1.2, Max: 5, Diff: 5, Sum: 5, Workers: 4
[973.120s][debug][gc,phases      ] GC(29)   JVMTI Tag Weak OopStorage      Min:  0.0, Avg:  0.0, Max:  0.0, Diff:  0.0, Sum:  0.0, Workers: 4
[973.120s][debug][gc,phases      ] GC(29)     Dead                           Min: 0, Avg:  0.0, Max: 0, Diff: 0, Sum: 0, Workers: 4
[973.120s][debug][gc,phases      ] GC(29)     Total                          Min: 0, Avg:  0.0, Max: 0, Diff: 0, Sum: 0, Workers: 4
[973.120s][debug][gc,phases      ] GC(29)   StringTable Weak               Min:  0.0, Avg:  0.1, Max:  0.1, Diff:  0.1, Sum:  0.4, Workers: 4
[973.120s][debug][gc,phases      ] GC(29)     Dead                           Min: 0, Avg:  0.2, Max: 1, Diff: 1, Sum: 1, Workers: 4
[973.120s][debug][gc,phases      ] GC(29)     Total                          Min: 0, Avg: 11342.8, Max: 18880, Diff: 18880, Sum: 45371, Workers: 4
[973.120s][debug][gc,phases      ] GC(29)   ResolvedMethodTable Weak       Min:  0.0, Avg:  0.0, Max:  0.0, Diff:  0.0, Sum:  0.1, Workers: 4
[973.120s][debug][gc,phases      ] GC(29)     Dead                           Min: 0, Avg:  4.5, Max: 8, Diff: 8, Sum: 18, Workers: 4
[973.120s][debug][gc,phases      ] GC(29)     Total                          Min: 0, Avg: 3736.2, Max: 6446, Diff: 6446, Sum: 14945, Workers: 4
[973.120s][debug][gc,phases      ] GC(29)   JNI Weak                       Min:  0.0, Avg:  0.0, Max:  0.0, Diff:  0.0, Sum:  0.0, Workers: 4
[973.120s][debug][gc,phases      ] GC(29)     Dead                           Min: 0, Avg:  0.0, Max: 0, Diff: 0, Sum: 0, Workers: 4
[973.120s][debug][gc,phases      ] GC(29)     Total                          Min: 0, Avg: 13.0, Max: 52, Diff: 52, Sum: 52, Workers: 4
[973.120s][debug][gc,phases      ] GC(29)   StringDedup Table Weak         Min:  0.0, Avg:  0.0, Max:  0.0, Diff:  0.0, Sum:  0.0, Workers: 4
[973.120s][debug][gc,phases      ] GC(29)     Dead                           Min: 0, Avg:  0.0, Max: 0, Diff: 0, Sum: 0, Workers: 4
[973.120s][debug][gc,phases      ] GC(29)     Total                          Min: 0, Avg:  0.0, Max: 0, Diff: 0, Sum: 0, Workers: 4
[973.120s][debug][gc,phases      ] GC(29)   StringDedup Requests0 Weak     Min:  0.0, Avg:  0.0, Max:  0.0, Diff:  0.0, Sum:  0.0, Workers: 4
[973.120s][debug][gc,phases      ] GC(29)     Dead                           Min: 0, Avg:  0.0, Max: 0, Diff: 0, Sum: 0, Workers: 4
[973.120s][debug][gc,phases      ] GC(29)     Total                          Min: 0, Avg:  0.0, Max: 0, Diff: 0, Sum: 0, Workers: 4
[973.120s][debug][gc,phases      ] GC(29)   StringDedup Requests1 Weak     Min:  0.0, Avg:  0.0, Max:  0.0, Diff:  0.0, Sum:  0.0, Workers: 4
[973.120s][debug][gc,phases      ] GC(29)     Dead                           Min: 0, Avg:  0.0, Max: 0, Diff: 0, Sum: 0, Workers: 4
[973.120s][debug][gc,phases      ] GC(29)     Total                          Min: 0, Avg:  0.0, Max: 0, Diff: 0, Sum: 0, Workers: 4
[973.120s][debug][gc,phases      ] GC(29)   Weak JFR Old Object Samples    Min:  0.0, Avg:  0.0, Max:  0.0, Diff:  0.0, Sum:  0.0, Workers: 4
[973.120s][debug][gc,phases      ] GC(29)     Dead                           Min: 0, Avg:  0.0, Max: 0, Diff: 0, Sum: 0, Workers: 4
[973.120s][debug][gc,phases      ] GC(29)     Total                          Min: 0, Avg:  0.0, Max: 0, Diff: 0, Sum: 0, Workers: 4
[973.120s][debug][gc,phases      ] GC(29) Weak Processing 0.401ms
[973.120s][debug][gc,age         ] GC(29) Desired survivor size 158859264 bytes, new threshold 1 (max threshold 15)
[973.120s][info ][gc,heap        ] GC(29) PSYoungGen: 1796080K(1944576K)->77623K(1938944K) Eden: 1786368K(1786368K)->0K(1786368K) From: 9712K(158208K)->77623K(152576K)
[973.120s][info ][gc,heap        ] GC(29) ParOldGen: 469316K(469504K)->477920K(478208K)
[973.120s][info ][gc,metaspace   ] GC(29) Metaspace: 104352K(105664K)->104352K(105664K) NonClass: 88699K(89472K)->88699K(89472K) Class: 15653K(16192K)->15653K(16192K)
[973.120s][info ][gc             ] GC(29) Pause Young (Allocation Failure) 2212M->542M(2360M) 37.255ms
[973.120s][info ][gc,cpu         ] GC(29) User=0.12s Sys=0.02s Real=0.04s
[973.120s][info ][safepoint      ] Safepoint "ParallelGCFailedAllocation", Time since last: 756402630 ns, Reaching safepoint: 6600 ns, Cleanup: 3700 ns, At safepoint: 37327822 ns, Total: 37338122 ns
[974.120s][info ][safepoint      ] Safepoint "Cleanup", Time since last: 1000114624 ns, Reaching safepoint: 7000 ns, Cleanup: 22200 ns, At safepoint: 24300 ns, Total: 53500 ns
[975.120s][info ][safepoint      ] Safepoint "Cleanup", Time since last: 1000100423 ns, Reaching safepoint: 6200 ns, Cleanup: 8800 ns, At safepoint: 2100 ns, Total: 17100 ns
[977.120s][info ][safepoint      ] Safepoint "Cleanup", Time since last: 2000171039 ns, Reaching safepoint: 6400 ns, Cleanup: 16200 ns, At safepoint: 2000 ns, Total: 24600 ns
[978.120s][info ][safepoint      ] Safepoint "Cleanup", Time since last: 1000116858 ns, Reaching safepoint: 7100 ns, Cleanup: 11500 ns, At safepoint: 2600 ns, Total: 21200 ns
[980.121s][info ][safepoint      ] Safepoint "Cleanup", Time since last: 2000189916 ns, Reaching safepoint: 6500 ns, Cleanup: 9600 ns, At safepoint: 2200 ns, Total: 18300 ns
[987.121s][info ][safepoint      ] Safepoint "Cleanup", Time since last: 7000552962 ns, Reaching safepoint: 7300 ns, Cleanup: 9900 ns, At safepoint: 2400 ns, Total: 19600 ns
[992.122s][info ][safepoint      ] Safepoint "Cleanup", Time since last: 5000377722 ns, Reaching safepoint: 6700 ns, Cleanup: 9700 ns, At safepoint: 2400 ns, Total: 18800 ns
[995.122s][info ][safepoint      ] Safepoint "Cleanup", Time since last: 3000262368 ns, Reaching safepoint: 14500 ns, Cleanup: 13200 ns, At safepoint: 24500 ns, Total: 52200 ns
[997.122s][info ][safepoint      ] Safepoint "Cleanup", Time since last: 2000247724 ns, Reaching safepoint: 5700 ns, Cleanup: 16600 ns, At safepoint: 2100 ns, Total: 24400 ns
[998.122s][info ][safepoint      ] Safepoint "Cleanup", Time since last: 1000102262 ns, Reaching safepoint: 7700 ns, Cleanup: 8700 ns, At safepoint: 2400 ns, Total: 18800 ns
[999.122s][info ][safepoint      ] Safepoint "Cleanup", Time since last: 1000113162 ns, Reaching safepoint: 6300 ns, Cleanup: 13400 ns, At safepoint: 2000 ns, Total: 21700 ns
[1000.122s][info ][safepoint      ] Safepoint "Cleanup", Time since last: 1000111062 ns, Reaching safepoint: 5800 ns, Cleanup: 6400 ns, At safepoint: 2200 ns, Total: 14400 ns
[1003.123s][info ][safepoint      ] Safepoint "Cleanup", Time since last: 3000254976 ns, Reaching safepoint: 7200 ns, Cleanup: 11500 ns, At safepoint: 2700 ns, Total: 21400 ns
[1004.123s][info ][safepoint      ] Safepoint "Cleanup", Time since last: 1000143297 ns, Reaching safepoint: 7100 ns, Cleanup: 9600 ns, At safepoint: 2400 ns, Total: 19100 ns
[1005.123s][info ][safepoint      ] Safepoint "Cleanup", Time since last: 1000114697 ns, Reaching safepoint: 5800 ns, Cleanup: 8700 ns, At safepoint: 23300 ns, Total: 37800 ns
[1007.123s][info ][safepoint      ] Safepoint "Cleanup", Time since last: 2000174695 ns, Reaching safepoint: 6900 ns, Cleanup: 10000 ns, At safepoint: 2100 ns, Total: 19000 ns
[1008.123s][info ][safepoint      ] Safepoint "Cleanup", Time since last: 1000125697 ns, Reaching safepoint: 14300 ns, Cleanup: 19100 ns, At safepoint: 3600 ns, Total: 37000 ns
[1009.124s][info ][safepoint      ] Safepoint "Cleanup", Time since last: 1000125156 ns, Reaching safepoint: 5300 ns, Cleanup: 8300 ns, At safepoint: 2200 ns, Total: 15800 ns
[1012.124s][info ][safepoint      ] Safepoint "Cleanup", Time since last: 3000228339 ns, Reaching safepoint: 6300 ns, Cleanup: 11000 ns, At safepoint: 1900 ns, Total: 19200 ns
[1013.124s][info ][safepoint      ] Safepoint "Cleanup", Time since last: 1000132413 ns, Reaching safepoint: 6000 ns, Cleanup: 9600 ns, At safepoint: 2900 ns, Total: 18500 ns
[1015.945s][info ][gc,start       ] GC(30) Pause Young (Allocation Failure)
[1015.985s][debug][gc,phases      ] GC(30) Scavenge 39.569ms
[1015.985s][debug][gc,ref         ] GC(30) ReferenceProcessor::execute queues: 1, RefProcThreadModel::Single, marks_oops_alive: false
[1015.985s][debug][gc,ref         ] GC(30) Skipped KeepAliveFinalRefsPhase of Reference Processing: no references
[1015.985s][debug][gc,ref         ] GC(30) ReferenceProcessor::execute queues: 1, RefProcThreadModel::Single, marks_oops_alive: false
[1015.985s][debug][gc,phases      ] GC(30) Reference Processing 0.108ms
[1015.985s][debug][gc,phases      ] GC(30)   VM Weak                        Min:  0.0, Avg:  0.0, Max:  0.0, Diff:  0.0, Sum:  0.0, Workers: 4
[1015.985s][debug][gc,phases      ] GC(30)     Dead                           Min: 0, Avg:  0.0, Max: 0, Diff: 0, Sum: 0, Workers: 4
[1015.985s][debug][gc,phases      ] GC(30)     Total                          Min: 0, Avg: 256.5, Max: 514, Diff: 514, Sum: 1026, Workers: 4
[1015.985s][debug][gc,phases      ] GC(30)   ObjectSynchronizer Weak        Min:  0.0, Avg:  0.0, Max:  0.0, Diff:  0.0, Sum:  0.0, Workers: 4
[1015.985s][debug][gc,phases      ] GC(30)     Dead                           Min: 0, Avg:  0.0, Max: 0, Diff: 0, Sum: 0, Workers: 4
[1015.985s][debug][gc,phases      ] GC(30)     Total                          Min: 0, Avg:  1.2, Max: 5, Diff: 5, Sum: 5, Workers: 4
[1015.985s][debug][gc,phases      ] GC(30)   JVMTI Tag Weak OopStorage      Min:  0.0, Avg:  0.0, Max:  0.0, Diff:  0.0, Sum:  0.0, Workers: 4
[1015.985s][debug][gc,phases      ] GC(30)     Dead                           Min: 0, Avg:  0.0, Max: 0, Diff: 0, Sum: 0, Workers: 4
[1015.985s][debug][gc,phases      ] GC(30)     Total                          Min: 0, Avg:  0.0, Max: 0, Diff: 0, Sum: 0, Workers: 4
[1015.985s][debug][gc,phases      ] GC(30)   StringTable Weak               Min:  0.0, Avg:  0.1, Max:  0.1, Diff:  0.1, Sum:  0.4, Workers: 4
[1015.985s][debug][gc,phases      ] GC(30)     Dead                           Min: 0, Avg:  0.0, Max: 0, Diff: 0, Sum: 0, Workers: 4
[1015.985s][debug][gc,phases      ] GC(30)     Total                          Min: 0, Avg: 11353.5, Max: 20160, Diff: 20160, Sum: 45414, Workers: 4
[1015.985s][debug][gc,phases      ] GC(30)   ResolvedMethodTable Weak       Min:  0.0, Avg:  0.0, Max:  0.0, Diff:  0.0, Sum:  0.1, Workers: 4
[1015.985s][debug][gc,phases      ] GC(30)     Dead                           Min: 0, Avg:  4.2, Max: 12, Diff: 12, Sum: 17, Workers: 4
[1015.985s][debug][gc,phases      ] GC(30)     Total                          Min: 0, Avg: 3737.8, Max: 6415, Diff: 6415, Sum: 14951, Workers: 4
[1015.985s][debug][gc,phases      ] GC(30)   JNI Weak                       Min:  0.0, Avg:  0.0, Max:  0.0, Diff:  0.0, Sum:  0.0, Workers: 4
[1015.985s][debug][gc,phases      ] GC(30)     Dead                           Min: 0, Avg:  0.0, Max: 0, Diff: 0, Sum: 0, Workers: 4
[1015.985s][debug][gc,phases      ] GC(30)     Total                          Min: 0, Avg: 13.0, Max: 52, Diff: 52, Sum: 52, Workers: 4
[1015.985s][debug][gc,phases      ] GC(30)   StringDedup Table Weak         Min:  0.0, Avg:  0.0, Max:  0.0, Diff:  0.0, Sum:  0.0, Workers: 4
[1015.985s][debug][gc,phases      ] GC(30)     Dead                           Min: 0, Avg:  0.0, Max: 0, Diff: 0, Sum: 0, Workers: 4
[1015.985s][debug][gc,phases      ] GC(30)     Total                          Min: 0, Avg:  0.0, Max: 0, Diff: 0, Sum: 0, Workers: 4
[1015.985s][debug][gc,phases      ] GC(30)   StringDedup Requests0 Weak     Min:  0.0, Avg:  0.0, Max:  0.0, Diff:  0.0, Sum:  0.0, Workers: 4
[1015.985s][debug][gc,phases      ] GC(30)     Dead                           Min: 0, Avg:  0.0, Max: 0, Diff: 0, Sum: 0, Workers: 4
[1015.985s][debug][gc,phases      ] GC(30)     Total                          Min: 0, Avg:  0.0, Max: 0, Diff: 0, Sum: 0, Workers: 4
[1015.985s][debug][gc,phases      ] GC(30)   StringDedup Requests1 Weak     Min:  0.0, Avg:  0.0, Max:  0.0, Diff:  0.0, Sum:  0.0, Workers: 4
[1015.985s][debug][gc,phases      ] GC(30)     Dead                           Min: 0, Avg:  0.0, Max: 0, Diff: 0, Sum: 0, Workers: 4
[1015.985s][debug][gc,phases      ] GC(30)     Total                          Min: 0, Avg:  0.0, Max: 0, Diff: 0, Sum: 0, Workers: 4
[1015.985s][debug][gc,phases      ] GC(30)   Weak JFR Old Object Samples    Min:  0.0, Avg:  0.0, Max:  0.0, Diff:  0.0, Sum:  0.0, Workers: 4
[1015.985s][debug][gc,phases      ] GC(30)     Dead                           Min: 0, Avg:  0.0, Max: 0, Diff: 0, Sum: 0, Workers: 4
[1015.985s][debug][gc,phases      ] GC(30)     Total                          Min: 0, Avg:  0.0, Max: 0, Diff: 0, Sum: 0, Workers: 4
[1015.985s][debug][gc,phases      ] GC(30) Weak Processing 0.386ms
[1015.985s][debug][gc,age         ] GC(30) Desired survivor size 151519232 bytes, new threshold 1 (max threshold 15)
[1015.985s][info ][gc,heap        ] GC(30) PSYoungGen: 1863991K(1938944K)->22384K(1949184K) Eden: 1786368K(1786368K)->0K(1794048K) From: 77623K(152576K)->22384K(155136K)
[1015.985s][info ][gc,heap        ] GC(30) ParOldGen: 477920K(478208K)->557668K(558080K)
[1015.985s][info ][gc,metaspace   ] GC(30) Metaspace: 104393K(105728K)->104393K(105728K) NonClass: 88738K(89536K)->88738K(89536K) Class: 15655K(16192K)->15655K(16192K)
[1015.985s][info ][gc             ] GC(30) Pause Young (Allocation Failure) 2287M->566M(2448M) 40.188ms
[1015.985s][info ][gc,cpu         ] GC(30) User=0.11s Sys=0.04s Real=0.04s
[1015.985s][info ][safepoint      ] Safepoint "ParallelGCFailedAllocation", Time since last: 2821056541 ns, Reaching safepoint: 5200 ns, Cleanup: 3100 ns, At safepoint: 40262432 ns, Total: 40270732 ns
[1016.985s][info ][safepoint      ] Safepoint "Cleanup", Time since last: 1000086027 ns, Reaching safepoint: 5600 ns, Cleanup: 7900 ns, At safepoint: 2200 ns, Total: 15700 ns
[1017.986s][info ][safepoint      ] Safepoint "Cleanup", Time since last: 1000105051 ns, Reaching safepoint: 6700 ns, Cleanup: 13700 ns, At safepoint: 2000 ns, Total: 22400 ns
[1024.333s][info ][safepoint      ] Safepoint "Cleanup", Time since last: 6347673037 ns, Reaching safepoint: 76900 ns, Cleanup: 10600 ns, At safepoint: 5200 ns, Total: 92700 ns
[1027.334s][info ][safepoint      ] Safepoint "Cleanup", Time since last: 3000276481 ns, Reaching safepoint: 79100 ns, Cleanup: 10800 ns, At safepoint: 7300 ns, Total: 97200 ns
[1029.334s][info ][safepoint      ] Safepoint "Cleanup", Time since last: 2000173203 ns, Reaching safepoint: 6400 ns, Cleanup: 20000 ns, At safepoint: 2100 ns, Total: 28500 ns
[1030.334s][info ][safepoint      ] Safepoint "Cleanup", Time since last: 1000099302 ns, Reaching safepoint: 5900 ns, Cleanup: 7000 ns, At safepoint: 2100 ns, Total: 15000 ns
[1034.334s][info ][safepoint      ] Safepoint "Cleanup", Time since last: 4000343714 ns, Reaching safepoint: 77499 ns, Cleanup: 8100 ns, At safepoint: 6800 ns, Total: 92399 ns
[1041.335s][info ][safepoint      ] Safepoint "Cleanup", Time since last: 7000621403 ns, Reaching safepoint: 6500 ns, Cleanup: 104800 ns, At safepoint: 2600 ns, Total: 113900 ns
[1042.335s][info ][safepoint      ] Safepoint "Cleanup", Time since last: 1000135539 ns, Reaching safepoint: 5900 ns, Cleanup: 10000 ns, At safepoint: 1900 ns, Total: 17800 ns
[1048.336s][info ][safepoint      ] Safepoint "Cleanup", Time since last: 6000527135 ns, Reaching safepoint: 6200 ns, Cleanup: 12100 ns, At safepoint: 2500 ns, Total: 20800 ns
[1049.336s][info ][safepoint      ] Safepoint "Cleanup", Time since last: 1000117577 ns, Reaching safepoint: 81200 ns, Cleanup: 24300 ns, At safepoint: 10100 ns, Total: 115600 ns
[1050.336s][info ][safepoint      ] Safepoint "Cleanup", Time since last: 1000104954 ns, Reaching safepoint: 6000 ns, Cleanup: 61900 ns, At safepoint: 3300 ns, Total: 71200 ns
[1051.336s][info ][safepoint      ] Safepoint "Cleanup", Time since last: 1000124453 ns, Reaching safepoint: 6000 ns, Cleanup: 9100 ns, At safepoint: 2300 ns, Total: 17400 ns
[1053.032s][info ][gc,start       ] GC(31) Pause Young (Allocation Failure)
[1053.051s][debug][gc,phases      ] GC(31) Scavenge 19.363ms
[1053.051s][debug][gc,ref         ] GC(31) ReferenceProcessor::execute queues: 1, RefProcThreadModel::Single, marks_oops_alive: false
[1053.051s][debug][gc,ref         ] GC(31) Skipped KeepAliveFinalRefsPhase of Reference Processing: no references
[1053.051s][debug][gc,ref         ] GC(31) ReferenceProcessor::execute queues: 1, RefProcThreadModel::Single, marks_oops_alive: false
[1053.051s][debug][gc,phases      ] GC(31) Reference Processing 0.108ms
[1053.054s][debug][gc,phases      ] GC(31)   VM Weak                        Min:  0.0, Avg:  0.0, Max:  0.0, Diff:  0.0, Sum:  0.0, Workers: 4
[1053.054s][debug][gc,phases      ] GC(31)     Dead                           Min: 0, Avg:  0.0, Max: 0, Diff: 0, Sum: 0, Workers: 4
[1053.054s][debug][gc,phases      ] GC(31)     Total                          Min: 0, Avg: 256.5, Max: 896, Diff: 896, Sum: 1026, Workers: 4
[1053.054s][debug][gc,phases      ] GC(31)   ObjectSynchronizer Weak        Min:  0.0, Avg:  0.0, Max:  0.0, Diff:  0.0, Sum:  0.0, Workers: 4
[1053.054s][debug][gc,phases      ] GC(31)     Dead                           Min: 0, Avg:  0.0, Max: 0, Diff: 0, Sum: 0, Workers: 4
[1053.054s][debug][gc,phases      ] GC(31)     Total                          Min: 0, Avg:  1.0, Max: 4, Diff: 4, Sum: 4, Workers: 4
[1053.054s][debug][gc,phases      ] GC(31)   JVMTI Tag Weak OopStorage      Min:  0.0, Avg:  0.0, Max:  0.0, Diff:  0.0, Sum:  0.0, Workers: 4
[1053.054s][debug][gc,phases      ] GC(31)     Dead                           Min: 0, Avg:  0.0, Max: 0, Diff: 0, Sum: 0, Workers: 4
[1053.054s][debug][gc,phases      ] GC(31)     Total                          Min: 0, Avg:  0.0, Max: 0, Diff: 0, Sum: 0, Workers: 4
[1053.054s][debug][gc,phases      ] GC(31)   StringTable Weak               Min:  0.0, Avg:  0.1, Max:  0.1, Diff:  0.1, Sum:  0.4, Workers: 4
[1053.054s][debug][gc,phases      ] GC(31)     Dead                           Min: 0, Avg:  0.0, Max: 0, Diff: 0, Sum: 0, Workers: 4
[1053.054s][debug][gc,phases      ] GC(31)     Total                          Min: 0, Avg: 11356.0, Max: 16112, Diff: 16112, Sum: 45424, Workers: 4
[1053.054s][debug][gc,phases      ] GC(31)   ResolvedMethodTable Weak       Min:  0.0, Avg:  0.0, Max:  0.1, Diff:  0.1, Sum:  0.2, Workers: 4
[1053.054s][debug][gc,phases      ] GC(31)     Dead                           Min: 0, Avg:  4.5, Max: 17, Diff: 17, Sum: 18, Workers: 4
[1053.054s][debug][gc,phases      ] GC(31)     Total                          Min: 0, Avg: 3738.5, Max: 5108, Diff: 5108, Sum: 14954, Workers: 4
[1053.054s][debug][gc,phases      ] GC(31)   JNI Weak                       Min:  0.0, Avg:  0.0, Max:  0.0, Diff:  0.0, Sum:  0.0, Workers: 4
[1053.054s][debug][gc,phases      ] GC(31)     Dead                           Min: 0, Avg:  0.0, Max: 0, Diff: 0, Sum: 0, Workers: 4
[1053.054s][debug][gc,phases      ] GC(31)     Total                          Min: 0, Avg: 13.0, Max: 52, Diff: 52, Sum: 52, Workers: 4
[1053.054s][debug][gc,phases      ] GC(31)   StringDedup Table Weak         Min:  0.0, Avg:  0.0, Max:  0.0, Diff:  0.0, Sum:  0.0, Workers: 4
[1053.054s][debug][gc,phases      ] GC(31)     Dead                           Min: 0, Avg:  0.0, Max: 0, Diff: 0, Sum: 0, Workers: 4
[1053.054s][debug][gc,phases      ] GC(31)     Total                          Min: 0, Avg:  0.0, Max: 0, Diff: 0, Sum: 0, Workers: 4
[1053.054s][debug][gc,phases      ] GC(31)   StringDedup Requests0 Weak     Min:  0.0, Avg:  0.0, Max:  0.0, Diff:  0.0, Sum:  0.0, Workers: 4
[1053.054s][debug][gc,phases      ] GC(31)     Dead                           Min: 0, Avg:  0.0, Max: 0, Diff: 0, Sum: 0, Workers: 4
[1053.054s][debug][gc,phases      ] GC(31)     Total                          Min: 0, Avg:  0.0, Max: 0, Diff: 0, Sum: 0, Workers: 4
[1053.054s][debug][gc,phases      ] GC(31)   StringDedup Requests1 Weak     Min:  0.0, Avg:  0.0, Max:  0.0, Diff:  0.0, Sum:  0.0, Workers: 4
[1053.054s][debug][gc,phases      ] GC(31)     Dead                           Min: 0, Avg:  0.0, Max: 0, Diff: 0, Sum: 0, Workers: 4
[1053.054s][debug][gc,phases      ] GC(31)     Total                          Min: 0, Avg:  0.0, Max: 0, Diff: 0, Sum: 0, Workers: 4
[1053.054s][debug][gc,phases      ] GC(31)   Weak JFR Old Object Samples    Min:  0.0, Avg:  0.0, Max:  0.0, Diff:  0.0, Sum:  0.0, Workers: 4
[1053.054s][debug][gc,phases      ] GC(31)     Dead                           Min: 0, Avg:  0.0, Max: 0, Diff: 0, Sum: 0, Workers: 4
[1053.054s][debug][gc,phases      ] GC(31)     Total                          Min: 0, Avg:  0.0, Max: 0, Diff: 0, Sum: 0, Workers: 4
[1053.054s][debug][gc,phases      ] GC(31) Weak Processing 2.853ms
[1053.054s][debug][gc,age         ] GC(31) Desired survivor size 141557760 bytes, new threshold 1 (max threshold 15)
[1053.054s][info ][gc,heap        ] GC(31) PSYoungGen: 1816432K(1949184K)->36368K(1942016K) Eden: 1794048K(1794048K)->0K(1794048K) From: 22384K(155136K)->36368K(147968K)
[1053.054s][info ][gc,heap        ] GC(31) ParOldGen: 557668K(558080K)->578933K(579072K)
[1053.054s][info ][gc,metaspace   ] GC(31) Metaspace: 104447K(105856K)->104447K(105856K) NonClass: 88790K(89600K)->88790K(89600K) Class: 15656K(16256K)->15656K(16256K)
[1053.054s][info ][gc             ] GC(31) Pause Young (Allocation Failure) 2318M->600M(2462M) 22.464ms
[1053.054s][info ][gc,cpu         ] GC(31) User=0.07s Sys=0.01s Real=0.03s
[1053.054s][info ][safepoint      ] Safepoint "ParallelGCFailedAllocation", Time since last: 1695298362 ns, Reaching safepoint: 5800 ns, Cleanup: 3700 ns, At safepoint: 22548652 ns, Total: 22558152 ns
[1054.054s][info ][safepoint      ] Safepoint "Cleanup", Time since last: 1000095753 ns, Reaching safepoint: 6400 ns, Cleanup: 11700 ns, At safepoint: 2400 ns, Total: 20500 ns
[1055.055s][info ][safepoint      ] Safepoint "Cleanup", Time since last: 1000120754 ns, Reaching safepoint: 82100 ns, Cleanup: 80500 ns, At safepoint: 3700 ns, Total: 166300 ns
[1056.055s][info ][safepoint      ] Safepoint "Cleanup", Time since last: 1000109353 ns, Reaching safepoint: 6100 ns, Cleanup: 27600 ns, At safepoint: 18500 ns, Total: 52200 ns
[1058.055s][info ][safepoint      ] Safepoint "Cleanup", Time since last: 2000169955 ns, Reaching safepoint: 6300 ns, Cleanup: 10800 ns, At safepoint: 2200 ns, Total: 19300 ns
[1061.055s][info ][safepoint      ] Safepoint "Cleanup", Time since last: 3000233295 ns, Reaching safepoint: 5900 ns, Cleanup: 87900 ns, At safepoint: 2200 ns, Total: 96000 ns
[1062.055s][info ][safepoint      ] Safepoint "Cleanup", Time since last: 1000100565 ns, Reaching safepoint: 6500 ns, Cleanup: 15300 ns, At safepoint: 2000 ns, Total: 23800 ns
[1063.056s][info ][safepoint      ] Safepoint "Cleanup", Time since last: 1000125265 ns, Reaching safepoint: 5800 ns, Cleanup: 9900 ns, At safepoint: 2400 ns, Total: 18100 ns
[1066.882s][info ][safepoint      ] Safepoint "Cleanup", Time since last: 3826642175 ns, Reaching safepoint: 76900 ns, Cleanup: 23600 ns, At safepoint: 7400 ns, Total: 107900 ns
[1067.883s][info ][safepoint      ] Safepoint "Cleanup", Time since last: 1000113742 ns, Reaching safepoint: 76900 ns, Cleanup: 43500 ns, At safepoint: 6400 ns, Total: 126800 ns
[1068.883s][info ][safepoint      ] Safepoint "Cleanup", Time since last: 1000123942 ns, Reaching safepoint: 78800 ns, Cleanup: 10500 ns, At safepoint: 7200 ns, Total: 96500 ns
[1071.883s][info ][safepoint      ] Safepoint "Cleanup", Time since last: 3000254526 ns, Reaching safepoint: 80900 ns, Cleanup: 39000 ns, At safepoint: 8900 ns, Total: 128800 ns
[1074.883s][info ][safepoint      ] Safepoint "Cleanup", Time since last: 3000254029 ns, Reaching safepoint: 6600 ns, Cleanup: 8400 ns, At safepoint: 1900 ns, Total: 16900 ns
[1077.884s][info ][safepoint      ] Safepoint "Cleanup", Time since last: 3000252314 ns, Reaching safepoint: 78400 ns, Cleanup: 9200 ns, At safepoint: 5700 ns, Total: 93300 ns
[1080.350s][info ][safepoint      ] Safepoint "Cleanup", Time since last: 2466366563 ns, Reaching safepoint: 4500 ns, Cleanup: 13800 ns, At safepoint: 5500 ns, Total: 23800 ns
[1082.350s][info ][safepoint      ] Safepoint "Cleanup", Time since last: 2000218545 ns, Reaching safepoint: 6000 ns, Cleanup: 9100 ns, At safepoint: 2100 ns, Total: 17200 ns
[1083.351s][info ][safepoint      ] Safepoint "Cleanup", Time since last: 1000110270 ns, Reaching safepoint: 5000 ns, Cleanup: 9100 ns, At safepoint: 2100 ns, Total: 16200 ns
[1088.351s][info ][safepoint      ] Safepoint "Cleanup", Time since last: 5000378249 ns, Reaching safepoint: 6000 ns, Cleanup: 11900 ns, At safepoint: 2400 ns, Total: 20300 ns
[1089.811s][info ][gc,start       ] GC(32) Pause Young (Allocation Failure)
[1089.836s][debug][gc,phases      ] GC(32) Scavenge 25.146ms
[1089.836s][debug][gc,ref         ] GC(32) ReferenceProcessor::execute queues: 1, RefProcThreadModel::Single, marks_oops_alive: false
[1089.836s][debug][gc,ref         ] GC(32) Skipped KeepAliveFinalRefsPhase of Reference Processing: no references
[1089.836s][debug][gc,ref         ] GC(32) ReferenceProcessor::execute queues: 1, RefProcThreadModel::Single, marks_oops_alive: false
[1089.836s][debug][gc,phases      ] GC(32) Reference Processing 0.105ms
[1089.836s][debug][gc,phases      ] GC(32)   VM Weak                        Min:  0.0, Avg:  0.0, Max:  0.0, Diff:  0.0, Sum:  0.0, Workers: 4
[1089.836s][debug][gc,phases      ] GC(32)     Dead                           Min: 0, Avg:  0.0, Max: 0, Diff: 0, Sum: 0, Workers: 4
[1089.836s][debug][gc,phases      ] GC(32)     Total                          Min: 0, Avg: 256.5, Max: 450, Diff: 450, Sum: 1026, Workers: 4
[1089.836s][debug][gc,phases      ] GC(32)   ObjectSynchronizer Weak        Min:  0.0, Avg:  0.0, Max:  0.0, Diff:  0.0, Sum:  0.0, Workers: 4
[1089.836s][debug][gc,phases      ] GC(32)     Dead                           Min: 0, Avg:  0.0, Max: 0, Diff: 0, Sum: 0, Workers: 4
[1089.836s][debug][gc,phases      ] GC(32)     Total                          Min: 0, Avg:  1.0, Max: 4, Diff: 4, Sum: 4, Workers: 4
[1089.836s][debug][gc,phases      ] GC(32)   JVMTI Tag Weak OopStorage      Min:  0.0, Avg:  0.0, Max:  0.0, Diff:  0.0, Sum:  0.0, Workers: 4
[1089.836s][debug][gc,phases      ] GC(32)     Dead                           Min: 0, Avg:  0.0, Max: 0, Diff: 0, Sum: 0, Workers: 4
[1089.836s][debug][gc,phases      ] GC(32)     Total                          Min: 0, Avg:  0.0, Max: 0, Diff: 0, Sum: 0, Workers: 4
[1089.836s][debug][gc,phases      ] GC(32)   StringTable Weak               Min:  0.0, Avg:  0.1, Max:  0.1, Diff:  0.1, Sum:  0.4, Workers: 4
[1089.836s][debug][gc,phases      ] GC(32)     Dead                           Min: 0, Avg:  0.0, Max: 0, Diff: 0, Sum: 0, Workers: 4
[1089.836s][debug][gc,phases      ] GC(32)     Total                          Min: 0, Avg: 11360.8, Max: 20163, Diff: 20163, Sum: 45443, Workers: 4
[1089.836s][debug][gc,phases      ] GC(32)   ResolvedMethodTable Weak       Min:  0.0, Avg:  0.0, Max:  0.1, Diff:  0.1, Sum:  0.2, Workers: 4
[1089.836s][debug][gc,phases      ] GC(32)     Dead                           Min: 0, Avg:  4.2, Max: 14, Diff: 14, Sum: 17, Workers: 4
[1089.836s][debug][gc,phases      ] GC(32)     Total                          Min: 0, Avg: 3739.2, Max: 6385, Diff: 6385, Sum: 14957, Workers: 4
[1089.836s][debug][gc,phases      ] GC(32)   JNI Weak                       Min:  0.0, Avg:  0.0, Max:  0.0, Diff:  0.0, Sum:  0.0, Workers: 4
[1089.836s][debug][gc,phases      ] GC(32)     Dead                           Min: 0, Avg:  0.0, Max: 0, Diff: 0, Sum: 0, Workers: 4
[1089.836s][debug][gc,phases      ] GC(32)     Total                          Min: 0, Avg: 13.2, Max: 53, Diff: 53, Sum: 53, Workers: 4
[1089.836s][debug][gc,phases      ] GC(32)   StringDedup Table Weak         Min:  0.0, Avg:  0.0, Max:  0.0, Diff:  0.0, Sum:  0.0, Workers: 4
[1089.836s][debug][gc,phases      ] GC(32)     Dead                           Min: 0, Avg:  0.0, Max: 0, Diff: 0, Sum: 0, Workers: 4
[1089.836s][debug][gc,phases      ] GC(32)     Total                          Min: 0, Avg:  0.0, Max: 0, Diff: 0, Sum: 0, Workers: 4
[1089.836s][debug][gc,phases      ] GC(32)   StringDedup Requests0 Weak     Min:  0.0, Avg:  0.0, Max:  0.0, Diff:  0.0, Sum:  0.0, Workers: 4
[1089.836s][debug][gc,phases      ] GC(32)     Dead                           Min: 0, Avg:  0.0, Max: 0, Diff: 0, Sum: 0, Workers: 4
[1089.836s][debug][gc,phases      ] GC(32)     Total                          Min: 0, Avg:  0.0, Max: 0, Diff: 0, Sum: 0, Workers: 4
[1089.836s][debug][gc,phases      ] GC(32)   StringDedup Requests1 Weak     Min:  0.0, Avg:  0.0, Max:  0.0, Diff:  0.0, Sum:  0.0, Workers: 4
[1089.836s][debug][gc,phases      ] GC(32)     Dead                           Min: 0, Avg:  0.0, Max: 0, Diff: 0, Sum: 0, Workers: 4
[1089.836s][debug][gc,phases      ] GC(32)     Total                          Min: 0, Avg:  0.0, Max: 0, Diff: 0, Sum: 0, Workers: 4
[1089.836s][debug][gc,phases      ] GC(32)   Weak JFR Old Object Samples    Min:  0.0, Avg:  0.0, Max:  0.0, Diff:  0.0, Sum:  0.0, Workers: 4
[1089.836s][debug][gc,phases      ] GC(32)     Dead                           Min: 0, Avg:  0.0, Max: 0, Diff: 0, Sum: 0, Workers: 4
[1089.836s][debug][gc,phases      ] GC(32)     Total                          Min: 0, Avg:  0.0, Max: 0, Diff: 0, Sum: 0, Workers: 4
[1089.836s][debug][gc,phases      ] GC(32) Weak Processing 0.390ms
[1089.836s][debug][gc,age         ] GC(32) Desired survivor size 133169152 bytes, new threshold 1 (max threshold 15)
[1089.836s][info ][gc,heap        ] GC(32) PSYoungGen: 1830416K(1942016K)->33424K(1967104K) Eden: 1794048K(1794048K)->0K(1828864K) From: 36368K(147968K)->33424K(138240K)
[1089.836s][info ][gc,heap        ] GC(32) ParOldGen: 578933K(579072K)->612984K(613376K)
[1089.836s][info ][gc,metaspace   ] GC(32) Metaspace: 104549K(105920K)->104549K(105920K) NonClass: 88891K(89664K)->88891K(89664K) Class: 15657K(16256K)->15657K(16256K)
[1089.836s][info ][gc             ] GC(32) Pause Young (Allocation Failure) 2352M->631M(2520M) 25.766ms
[1089.836s][info ][gc,cpu         ] GC(32) User=0.09s Sys=0.02s Real=0.03s
[1089.837s][info ][safepoint      ] Safepoint "ParallelGCFailedAllocation", Time since last: 1459606115 ns, Reaching safepoint: 79000 ns, Cleanup: 7800 ns, At safepoint: 25851095 ns, Total: 25937895 ns
[1090.837s][info ][safepoint      ] Safepoint "Cleanup", Time since last: 1000090209 ns, Reaching safepoint: 5500 ns, Cleanup: 33000 ns, At safepoint: 2200 ns, Total: 40700 ns
[1093.837s][info ][safepoint      ] Safepoint "Cleanup", Time since last: 3000244228 ns, Reaching safepoint: 5700 ns, Cleanup: 12200 ns, At safepoint: 2300 ns, Total: 20200 ns
[1094.837s][info ][safepoint      ] Safepoint "Cleanup", Time since last: 1000111410 ns, Reaching safepoint: 6900 ns, Cleanup: 8400 ns, At safepoint: 3300 ns, Total: 18600 ns
[1097.837s][info ][safepoint      ] Safepoint "Cleanup", Time since last: 3000268182 ns, Reaching safepoint: 6600 ns, Cleanup: 9200 ns, At safepoint: 2000 ns, Total: 17800 ns
[1103.838s][info ][safepoint      ] Safepoint "Cleanup", Time since last: 6000459223 ns, Reaching safepoint: 5900 ns, Cleanup: 40600 ns, At safepoint: 2700 ns, Total: 49200 ns
[1104.838s][info ][safepoint      ] Safepoint "Cleanup", Time since last: 1000130718 ns, Reaching safepoint: 7400 ns, Cleanup: 10000 ns, At safepoint: 2000 ns, Total: 19400 ns
[1106.838s][info ][safepoint      ] Safepoint "Cleanup", Time since last: 2000179560 ns, Reaching safepoint: 6400 ns, Cleanup: 27100 ns, At safepoint: 2200 ns, Total: 35700 ns
[1108.838s][info ][safepoint      ] Safepoint "Cleanup", Time since last: 2000237260 ns, Reaching safepoint: 12200 ns, Cleanup: 17000 ns, At safepoint: 2900 ns, Total: 32100 ns
[1110.839s][info ][safepoint      ] Safepoint "Cleanup", Time since last: 2000189659 ns, Reaching safepoint: 6200 ns, Cleanup: 19600 ns, At safepoint: 2400 ns, Total: 28200 ns
[1111.839s][info ][safepoint      ] Safepoint "Cleanup", Time since last: 1000104930 ns, Reaching safepoint: 11100 ns, Cleanup: 9700 ns, At safepoint: 4200 ns, Total: 25000 ns
[1112.839s][info ][safepoint      ] Safepoint "Cleanup", Time since last: 1000130221 ns, Reaching safepoint: 6000 ns, Cleanup: 14900 ns, At safepoint: 1900 ns, Total: 22800 ns
[1117.839s][info ][safepoint      ] Safepoint "Cleanup", Time since last: 5000415038 ns, Reaching safepoint: 6000 ns, Cleanup: 21900 ns, At safepoint: 2800 ns, Total: 30700 ns
[1119.840s][info ][safepoint      ] Safepoint "Cleanup", Time since last: 2000177995 ns, Reaching safepoint: 5400 ns, Cleanup: 6800 ns, At safepoint: 2400 ns, Total: 14600 ns
[1122.840s][info ][safepoint      ] Safepoint "Cleanup", Time since last: 3000232515 ns, Reaching safepoint: 5500 ns, Cleanup: 9800 ns, At safepoint: 2300 ns, Total: 17600 ns
[1124.840s][info ][safepoint      ] Safepoint "Cleanup", Time since last: 2000167044 ns, Reaching safepoint: 4800 ns, Cleanup: 15000 ns, At safepoint: 2000 ns, Total: 21800 ns
[1125.840s][info ][safepoint      ] Safepoint "Cleanup", Time since last: 1000103941 ns, Reaching safepoint: 6700 ns, Cleanup: 14600 ns, At safepoint: 2400 ns, Total: 23700 ns
[1127.198s][info ][gc,start       ] GC(33) Pause Young (Allocation Failure)
[1127.224s][debug][gc,phases      ] GC(33) Scavenge 26.125ms
[1127.224s][debug][gc,ref         ] GC(33) ReferenceProcessor::execute queues: 1, RefProcThreadModel::Single, marks_oops_alive: false
[1127.224s][debug][gc,ref         ] GC(33) Skipped KeepAliveFinalRefsPhase of Reference Processing: no references
[1127.224s][debug][gc,ref         ] GC(33) ReferenceProcessor::execute queues: 1, RefProcThreadModel::Single, marks_oops_alive: false
[1127.224s][debug][gc,phases      ] GC(33) Reference Processing 0.106ms
[1127.224s][debug][gc,phases      ] GC(33)   VM Weak                        Min:  0.0, Avg:  0.0, Max:  0.0, Diff:  0.0, Sum:  0.0, Workers: 4
[1127.224s][debug][gc,phases      ] GC(33)     Dead                           Min: 0, Avg:  0.0, Max: 0, Diff: 0, Sum: 0, Workers: 4
[1127.224s][debug][gc,phases      ] GC(33)     Total                          Min: 0, Avg: 256.5, Max: 578, Diff: 578, Sum: 1026, Workers: 4
[1127.224s][debug][gc,phases      ] GC(33)   ObjectSynchronizer Weak        Min:  0.0, Avg:  0.0, Max:  0.0, Diff:  0.0, Sum:  0.0, Workers: 4
[1127.224s][debug][gc,phases      ] GC(33)     Dead                           Min: 0, Avg:  0.0, Max: 0, Diff: 0, Sum: 0, Workers: 4
[1127.224s][debug][gc,phases      ] GC(33)     Total                          Min: 0, Avg:  1.5, Max: 6, Diff: 6, Sum: 6, Workers: 4
[1127.224s][debug][gc,phases      ] GC(33)   JVMTI Tag Weak OopStorage      Min:  0.0, Avg:  0.0, Max:  0.0, Diff:  0.0, Sum:  0.0, Workers: 4
[1127.224s][debug][gc,phases      ] GC(33)     Dead                           Min: 0, Avg:  0.0, Max: 0, Diff: 0, Sum: 0, Workers: 4
[1127.224s][debug][gc,phases      ] GC(33)     Total                          Min: 0, Avg:  0.0, Max: 0, Diff: 0, Sum: 0, Workers: 4
[1127.224s][debug][gc,phases      ] GC(33)   StringTable Weak               Min:  0.0, Avg:  0.1, Max:  0.1, Diff:  0.1, Sum:  0.4, Workers: 4
[1127.224s][debug][gc,phases      ] GC(33)     Dead                           Min: 0, Avg:  0.2, Max: 1, Diff: 1, Sum: 1, Workers: 4
[1127.224s][debug][gc,phases      ] GC(33)     Total                          Min: 0, Avg: 11362.0, Max: 20096, Diff: 20096, Sum: 45448, Workers: 4
[1127.224s][debug][gc,phases      ] GC(33)   ResolvedMethodTable Weak       Min:  0.0, Avg:  0.0, Max:  0.0, Diff:  0.0, Sum:  0.1, Workers: 4
[1127.224s][debug][gc,phases      ] GC(33)     Dead                           Min: 0, Avg:  4.5, Max: 15, Diff: 15, Sum: 18, Workers: 4
[1127.224s][debug][gc,phases      ] GC(33)     Total                          Min: 0, Avg: 3739.8, Max: 6513, Diff: 6513, Sum: 14959, Workers: 4
[1127.224s][debug][gc,phases      ] GC(33)   JNI Weak                       Min:  0.0, Avg:  0.0, Max:  0.0, Diff:  0.0, Sum:  0.0, Workers: 4
[1127.224s][debug][gc,phases      ] GC(33)     Dead                           Min: 0, Avg:  0.0, Max: 0, Diff: 0, Sum: 0, Workers: 4
[1127.225s][debug][gc,phases      ] GC(33)     Total                          Min: 0, Avg: 13.0, Max: 52, Diff: 52, Sum: 52, Workers: 4
[1127.225s][debug][gc,phases      ] GC(33)   StringDedup Table Weak         Min:  0.0, Avg:  0.0, Max:  0.0, Diff:  0.0, Sum:  0.0, Workers: 4
[1127.225s][debug][gc,phases      ] GC(33)     Dead                           Min: 0, Avg:  0.0, Max: 0, Diff: 0, Sum: 0, Workers: 4
[1127.225s][debug][gc,phases      ] GC(33)     Total                          Min: 0, Avg:  0.0, Max: 0, Diff: 0, Sum: 0, Workers: 4
[1127.225s][debug][gc,phases      ] GC(33)   StringDedup Requests0 Weak     Min:  0.0, Avg:  0.0, Max:  0.0, Diff:  0.0, Sum:  0.0, Workers: 4
[1127.225s][debug][gc,phases      ] GC(33)     Dead                           Min: 0, Avg:  0.0, Max: 0, Diff: 0, Sum: 0, Workers: 4
[1127.225s][debug][gc,phases      ] GC(33)     Total                          Min: 0, Avg:  0.0, Max: 0, Diff: 0, Sum: 0, Workers: 4
[1127.225s][debug][gc,phases      ] GC(33)   StringDedup Requests1 Weak     Min:  0.0, Avg:  0.0, Max:  0.0, Diff:  0.0, Sum:  0.0, Workers: 4
[1127.225s][debug][gc,phases      ] GC(33)     Dead                           Min: 0, Avg:  0.0, Max: 0, Diff: 0, Sum: 0, Workers: 4
[1127.225s][debug][gc,phases      ] GC(33)     Total                          Min: 0, Avg:  0.0, Max: 0, Diff: 0, Sum: 0, Workers: 4
[1127.225s][debug][gc,phases      ] GC(33)   Weak JFR Old Object Samples    Min:  0.0, Avg:  0.0, Max:  0.0, Diff:  0.0, Sum:  0.0, Workers: 4
[1127.225s][debug][gc,phases      ] GC(33)     Dead                           Min: 0, Avg:  0.0, Max: 0, Diff: 0, Sum: 0, Workers: 4
[1127.225s][debug][gc,phases      ] GC(33)     Total                          Min: 0, Avg:  0.0, Max: 0, Diff: 0, Sum: 0, Workers: 4
[1127.225s][debug][gc,phases      ] GC(33) Weak Processing 0.385ms
[1127.225s][debug][gc,age         ] GC(33) Desired survivor size 125304832 bytes, new threshold 1 (max threshold 15)
[1127.225s][info ][gc,heap        ] GC(33) PSYoungGen: 1862288K(1967104K)->32112K(1958912K) Eden: 1828864K(1828864K)->0K(1828864K) From: 33424K(138240K)->32112K(130048K)
[1127.225s][info ][gc,heap        ] GC(33) ParOldGen: 612984K(613376K)->643619K(644096K)
[1127.225s][info ][gc,metaspace   ] GC(33) Metaspace: 104573K(105984K)->104573K(105984K) NonClass: 88913K(89728K)->88913K(89728K) Class: 15659K(16256K)->15659K(16256K)
[1127.225s][info ][gc             ] GC(33) Pause Young (Allocation Failure) 2417M->659M(2542M) 26.743ms
[1127.225s][info ][gc,cpu         ] GC(33) User=0.08s Sys=0.02s Real=0.02s
[1127.225s][info ][safepoint      ] Safepoint "ParallelGCFailedAllocation", Time since last: 1357654962 ns, Reaching safepoint: 6800 ns, Cleanup: 3800 ns, At safepoint: 26809372 ns, Total: 26819972 ns
[1128.225s][info ][safepoint      ] Safepoint "Cleanup", Time since last: 1000089041 ns, Reaching safepoint: 5900 ns, Cleanup: 12700 ns, At safepoint: 2900 ns, Total: 21500 ns
[1130.225s][info ][safepoint      ] Safepoint "Cleanup", Time since last: 2000175790 ns, Reaching safepoint: 4900 ns, Cleanup: 6600 ns, At safepoint: 1900 ns, Total: 13400 ns
[1131.225s][info ][safepoint      ] Safepoint "Cleanup", Time since last: 1000092374 ns, Reaching safepoint: 5200 ns, Cleanup: 7600 ns, At safepoint: 1800 ns, Total: 14600 ns
[1132.225s][info ][safepoint      ] Safepoint "Cleanup", Time since last: 1000100574 ns, Reaching safepoint: 5800 ns, Cleanup: 9400 ns, At safepoint: 1900 ns, Total: 17100 ns
[1133.225s][info ][safepoint      ] Safepoint "Cleanup", Time since last: 1000105175 ns, Reaching safepoint: 5100 ns, Cleanup: 18100 ns, At safepoint: 2500 ns, Total: 25700 ns
[1149.370s][info ][safepoint      ] Safepoint "Cleanup", Time since last: 16144443146 ns, Reaching safepoint: 6300 ns, Cleanup: 8900 ns, At safepoint: 2300 ns, Total: 17500 ns
[1152.370s][info ][safepoint      ] Safepoint "Cleanup", Time since last: 3000282677 ns, Reaching safepoint: 6500 ns, Cleanup: 12700 ns, At safepoint: 2300 ns, Total: 21500 ns
[1153.370s][info ][safepoint      ] Safepoint "Cleanup", Time since last: 1000125570 ns, Reaching safepoint: 10100 ns, Cleanup: 13400 ns, At safepoint: 3000 ns, Total: 26500 ns
[1154.370s][info ][safepoint      ] Safepoint "Cleanup", Time since last: 1000130409 ns, Reaching safepoint: 6800 ns, Cleanup: 8900 ns, At safepoint: 2100 ns, Total: 17800 ns
[1155.371s][info ][safepoint      ] Safepoint "Cleanup", Time since last: 1000142109 ns, Reaching safepoint: 6400 ns, Cleanup: 9000 ns, At safepoint: 1900 ns, Total: 17300 ns
[1161.371s][info ][safepoint      ] Safepoint "Cleanup", Time since last: 6000449245 ns, Reaching safepoint: 5600 ns, Cleanup: 12400 ns, At safepoint: 1900 ns, Total: 19900 ns
[1164.371s][info ][safepoint      ] Safepoint "Cleanup", Time since last: 3000249183 ns, Reaching safepoint: 6100 ns, Cleanup: 12500 ns, At safepoint: 1900 ns, Total: 20500 ns
[1168.880s][info ][gc,start       ] GC(34) Pause Young (Allocation Failure)
[1168.907s][debug][gc,phases      ] GC(34) Scavenge 27.140ms
[1168.907s][debug][gc,ref         ] GC(34) ReferenceProcessor::execute queues: 1, RefProcThreadModel::Single, marks_oops_alive: false
[1168.907s][debug][gc,ref         ] GC(34) Skipped KeepAliveFinalRefsPhase of Reference Processing: no references
[1168.907s][debug][gc,ref         ] GC(34) ReferenceProcessor::execute queues: 1, RefProcThreadModel::Single, marks_oops_alive: false
[1168.907s][debug][gc,phases      ] GC(34) Reference Processing 0.114ms
[1168.907s][debug][gc,phases      ] GC(34)   VM Weak                        Min:  0.0, Avg:  0.0, Max:  0.0, Diff:  0.0, Sum:  0.0, Workers: 4
[1168.907s][debug][gc,phases      ] GC(34)     Dead                           Min: 0, Avg:  0.0, Max: 0, Diff: 0, Sum: 0, Workers: 4
[1168.907s][debug][gc,phases      ] GC(34)     Total                          Min: 0, Avg: 256.5, Max: 384, Diff: 384, Sum: 1026, Workers: 4
[1168.907s][debug][gc,phases      ] GC(34)   ObjectSynchronizer Weak        Min:  0.0, Avg:  0.0, Max:  0.0, Diff:  0.0, Sum:  0.0, Workers: 4
[1168.907s][debug][gc,phases      ] GC(34)     Dead                           Min: 0, Avg:  0.0, Max: 0, Diff: 0, Sum: 0, Workers: 4
[1168.907s][debug][gc,phases      ] GC(34)     Total                          Min: 0, Avg:  1.2, Max: 5, Diff: 5, Sum: 5, Workers: 4
[1168.907s][debug][gc,phases      ] GC(34)   JVMTI Tag Weak OopStorage      Min:  0.0, Avg:  0.0, Max:  0.0, Diff:  0.0, Sum:  0.0, Workers: 4
[1168.907s][debug][gc,phases      ] GC(34)     Dead                           Min: 0, Avg:  0.0, Max: 0, Diff: 0, Sum: 0, Workers: 4
[1168.907s][debug][gc,phases      ] GC(34)     Total                          Min: 0, Avg:  0.0, Max: 0, Diff: 0, Sum: 0, Workers: 4
[1168.907s][debug][gc,phases      ] GC(34)   StringTable Weak               Min:  0.0, Avg:  0.1, Max:  0.1, Diff:  0.1, Sum:  0.4, Workers: 4
[1168.907s][debug][gc,phases      ] GC(34)     Dead                           Min: 0, Avg:  0.0, Max: 0, Diff: 0, Sum: 0, Workers: 4
[1168.907s][debug][gc,phases      ] GC(34)     Total                          Min: 0, Avg: 11362.8, Max: 19712, Diff: 19712, Sum: 45451, Workers: 4
[1168.907s][debug][gc,phases      ] GC(34)   ResolvedMethodTable Weak       Min:  0.0, Avg:  0.0, Max:  0.1, Diff:  0.1, Sum:  0.2, Workers: 4
[1168.907s][debug][gc,phases      ] GC(34)     Dead                           Min: 0, Avg:  4.0, Max: 8, Diff: 8, Sum: 16, Workers: 4
[1168.907s][debug][gc,phases      ] GC(34)     Total                          Min: 0, Avg: 3739.8, Max: 6048, Diff: 6048, Sum: 14959, Workers: 4
[1168.907s][debug][gc,phases      ] GC(34)   JNI Weak                       Min:  0.0, Avg:  0.0, Max:  0.0, Diff:  0.0, Sum:  0.0, Workers: 4
[1168.907s][debug][gc,phases      ] GC(34)     Dead                           Min: 0, Avg:  0.0, Max: 0, Diff: 0, Sum: 0, Workers: 4
[1168.907s][debug][gc,phases      ] GC(34)     Total                          Min: 0, Avg: 13.0, Max: 52, Diff: 52, Sum: 52, Workers: 4
[1168.907s][debug][gc,phases      ] GC(34)   StringDedup Table Weak         Min:  0.0, Avg:  0.0, Max:  0.0, Diff:  0.0, Sum:  0.0, Workers: 4
[1168.907s][debug][gc,phases      ] GC(34)     Dead                           Min: 0, Avg:  0.0, Max: 0, Diff: 0, Sum: 0, Workers: 4
[1168.907s][debug][gc,phases      ] GC(34)     Total                          Min: 0, Avg:  0.0, Max: 0, Diff: 0, Sum: 0, Workers: 4
[1168.907s][debug][gc,phases      ] GC(34)   StringDedup Requests0 Weak     Min:  0.0, Avg:  0.0, Max:  0.0, Diff:  0.0, Sum:  0.0, Workers: 4
[1168.907s][debug][gc,phases      ] GC(34)     Dead                           Min: 0, Avg:  0.0, Max: 0, Diff: 0, Sum: 0, Workers: 4
[1168.907s][debug][gc,phases      ] GC(34)     Total                          Min: 0, Avg:  0.0, Max: 0, Diff: 0, Sum: 0, Workers: 4
[1168.907s][debug][gc,phases      ] GC(34)   StringDedup Requests1 Weak     Min:  0.0, Avg:  0.0, Max:  0.0, Diff:  0.0, Sum:  0.0, Workers: 4
[1168.907s][debug][gc,phases      ] GC(34)     Dead                           Min: 0, Avg:  0.0, Max: 0, Diff: 0, Sum: 0, Workers: 4
[1168.907s][debug][gc,phases      ] GC(34)     Total                          Min: 0, Avg:  0.0, Max: 0, Diff: 0, Sum: 0, Workers: 4
[1168.907s][debug][gc,phases      ] GC(34)   Weak JFR Old Object Samples    Min:  0.0, Avg:  0.0, Max:  0.0, Diff:  0.0, Sum:  0.0, Workers: 4
[1168.907s][debug][gc,phases      ] GC(34)     Dead                           Min: 0, Avg:  0.0, Max: 0, Diff: 0, Sum: 0, Workers: 4
[1168.907s][debug][gc,phases      ] GC(34)     Total                          Min: 0, Avg:  0.0, Max: 0, Diff: 0, Sum: 0, Workers: 4
[1168.907s][debug][gc,phases      ] GC(34) Weak Processing 0.397ms
[1168.907s][debug][gc,age         ] GC(34) Desired survivor size 119013376 bytes, new threshold 1 (max threshold 15)
[1168.907s][info ][gc,heap        ] GC(34) PSYoungGen: 1860976K(1958912K)->29328K(1980928K) Eden: 1828864K(1828864K)->0K(1858560K) From: 32112K(130048K)->29328K(122368K)
[1168.907s][info ][gc,heap        ] GC(34) ParOldGen: 643619K(644096K)->673758K(673792K)
[1168.907s][info ][gc,metaspace   ] GC(34) Metaspace: 104590K(105984K)->104590K(105984K) NonClass: 88931K(89728K)->88931K(89728K) Class: 15659K(16256K)->15659K(16256K)
[1168.907s][info ][gc             ] GC(34) Pause Young (Allocation Failure) 2445M->686M(2592M) 27.784ms
[1168.907s][info ][gc,cpu         ] GC(34) User=0.08s Sys=0.01s Real=0.03s
[1168.907s][info ][safepoint      ] Safepoint "ParallelGCFailedAllocation", Time since last: 4508269667 ns, Reaching safepoint: 5900 ns, Cleanup: 3800 ns, At safepoint: 27861068 ns, Total: 27870768 ns
[1169.908s][info ][safepoint      ] Safepoint "Cleanup", Time since last: 1000092724 ns, Reaching safepoint: 6000 ns, Cleanup: 10200 ns, At safepoint: 1900 ns, Total: 18100 ns
[1172.908s][info ][safepoint      ] Safepoint "Cleanup", Time since last: 3000260874 ns, Reaching safepoint: 6600 ns, Cleanup: 8200 ns, At safepoint: 2500 ns, Total: 17300 ns
[1173.908s][info ][safepoint      ] Safepoint "Cleanup", Time since last: 1000114124 ns, Reaching safepoint: 6100 ns, Cleanup: 9500 ns, At safepoint: 2300 ns, Total: 17900 ns
[1175.908s][info ][safepoint      ] Safepoint "Cleanup", Time since last: 2000198149 ns, Reaching safepoint: 5500 ns, Cleanup: 15000 ns, At safepoint: 2700 ns, Total: 23200 ns
[1179.909s][info ][safepoint      ] Safepoint "Cleanup", Time since last: 4000326919 ns, Reaching safepoint: 5700 ns, Cleanup: 18000 ns, At safepoint: 2000 ns, Total: 25700 ns
[1180.909s][info ][safepoint      ] Safepoint "Cleanup", Time since last: 1000110196 ns, Reaching safepoint: 5900 ns, Cleanup: 17900 ns, At safepoint: 3800 ns, Total: 27600 ns
[1181.909s][info ][safepoint      ] Safepoint "Cleanup", Time since last: 1000110996 ns, Reaching safepoint: 5000 ns, Cleanup: 6600 ns, At safepoint: 2300 ns, Total: 13900 ns
[1182.909s][info ][safepoint      ] Safepoint "Cleanup", Time since last: 1000095895 ns, Reaching safepoint: 6000 ns, Cleanup: 10000 ns, At safepoint: 2600 ns, Total: 18600 ns
[1183.909s][info ][safepoint      ] Safepoint "Cleanup", Time since last: 1000120596 ns, Reaching safepoint: 10900 ns, Cleanup: 12900 ns, At safepoint: 3300 ns, Total: 27100 ns
[1185.909s][info ][safepoint      ] Safepoint "Cleanup", Time since last: 2000194195 ns, Reaching safepoint: 5600 ns, Cleanup: 11000 ns, At safepoint: 2000 ns, Total: 18600 ns
[1188.910s][info ][safepoint      ] Safepoint "Cleanup", Time since last: 3000252098 ns, Reaching safepoint: 6300 ns, Cleanup: 14400 ns, At safepoint: 2200 ns, Total: 22900 ns
[1189.910s][info ][safepoint      ] Safepoint "Cleanup", Time since last: 1000119299 ns, Reaching safepoint: 4600 ns, Cleanup: 18700 ns, At safepoint: 2100 ns, Total: 25400 ns
[1192.910s][info ][safepoint      ] Safepoint "Cleanup", Time since last: 3000236028 ns, Reaching safepoint: 5300 ns, Cleanup: 9800 ns, At safepoint: 1600 ns, Total: 16700 ns
[1193.910s][info ][safepoint      ] Safepoint "Cleanup", Time since last: 1000106464 ns, Reaching safepoint: 6000 ns, Cleanup: 8900 ns, At safepoint: 2100 ns, Total: 17000 ns
[1194.910s][info ][safepoint      ] Safepoint "Cleanup", Time since last: 1000113364 ns, Reaching safepoint: 6100 ns, Cleanup: 8400 ns, At safepoint: 2400 ns, Total: 16900 ns
[1202.389s][info ][safepoint      ] Safepoint "Cleanup", Time since last: 7479189006 ns, Reaching safepoint: 6000 ns, Cleanup: 7200 ns, At safepoint: 2400 ns, Total: 15600 ns
[1203.390s][info ][safepoint      ] Safepoint "Cleanup", Time since last: 1000130148 ns, Reaching safepoint: 5400 ns, Cleanup: 8600 ns, At safepoint: 1900 ns, Total: 15900 ns
[1204.390s][info ][safepoint      ] Safepoint "Cleanup", Time since last: 1000140548 ns, Reaching safepoint: 12900 ns, Cleanup: 28300 ns, At safepoint: 3600 ns, Total: 44800 ns
[1205.390s][info ][safepoint      ] Safepoint "Cleanup", Time since last: 1000133548 ns, Reaching safepoint: 6500 ns, Cleanup: 16200 ns, At safepoint: 2000 ns, Total: 24700 ns
[1207.390s][info ][safepoint      ] Safepoint "Cleanup", Time since last: 2000204296 ns, Reaching safepoint: 6400 ns, Cleanup: 13000 ns, At safepoint: 2500 ns, Total: 21900 ns
[1209.216s][info ][gc,start       ] GC(35) Pause Young (Allocation Failure)
[1209.238s][debug][gc,phases      ] GC(35) Scavenge 22.261ms
[1209.238s][debug][gc,ref         ] GC(35) ReferenceProcessor::execute queues: 1, RefProcThreadModel::Single, marks_oops_alive: false
[1209.238s][debug][gc,ref         ] GC(35) Skipped KeepAliveFinalRefsPhase of Reference Processing: no references
[1209.238s][debug][gc,ref         ] GC(35) ReferenceProcessor::execute queues: 1, RefProcThreadModel::Single, marks_oops_alive: false
[1209.238s][debug][gc,phases      ] GC(35) Reference Processing 0.108ms
[1209.239s][debug][gc,phases      ] GC(35)   VM Weak                        Min:  0.0, Avg:  0.0, Max:  0.0, Diff:  0.0, Sum:  0.0, Workers: 4
[1209.239s][debug][gc,phases      ] GC(35)     Dead                           Min: 0, Avg:  0.0, Max: 0, Diff: 0, Sum: 0, Workers: 4
[1209.239s][debug][gc,phases      ] GC(35)     Total                          Min: 0, Avg: 257.5, Max: 576, Diff: 576, Sum: 1030, Workers: 4
[1209.239s][debug][gc,phases      ] GC(35)   ObjectSynchronizer Weak        Min:  0.0, Avg:  0.0, Max:  0.0, Diff:  0.0, Sum:  0.0, Workers: 4
[1209.239s][debug][gc,phases      ] GC(35)     Dead                           Min: 0, Avg:  0.0, Max: 0, Diff: 0, Sum: 0, Workers: 4
[1209.239s][debug][gc,phases      ] GC(35)     Total                          Min: 0, Avg:  0.8, Max: 3, Diff: 3, Sum: 3, Workers: 4
[1209.239s][debug][gc,phases      ] GC(35)   JVMTI Tag Weak OopStorage      Min:  0.0, Avg:  0.0, Max:  0.0, Diff:  0.0, Sum:  0.0, Workers: 4
[1209.239s][debug][gc,phases      ] GC(35)     Dead                           Min: 0, Avg:  0.0, Max: 0, Diff: 0, Sum: 0, Workers: 4
[1209.239s][debug][gc,phases      ] GC(35)     Total                          Min: 0, Avg:  0.0, Max: 0, Diff: 0, Sum: 0, Workers: 4
[1209.239s][debug][gc,phases      ] GC(35)   StringTable Weak               Min:  0.0, Avg:  0.1, Max:  0.1, Diff:  0.1, Sum:  0.4, Workers: 4
[1209.239s][debug][gc,phases      ] GC(35)     Dead                           Min: 0, Avg:  0.2, Max: 1, Diff: 1, Sum: 1, Workers: 4
[1209.239s][debug][gc,phases      ] GC(35)     Total                          Min: 0, Avg: 11364.0, Max: 19792, Diff: 19792, Sum: 45456, Workers: 4
[1209.239s][debug][gc,phases      ] GC(35)   ResolvedMethodTable Weak       Min:  0.0, Avg:  0.0, Max:  0.0, Diff:  0.0, Sum:  0.1, Workers: 4
[1209.239s][debug][gc,phases      ] GC(35)     Dead                           Min: 0, Avg:  4.2, Max: 17, Diff: 17, Sum: 17, Workers: 4
[1209.239s][debug][gc,phases      ] GC(35)     Total                          Min: 0, Avg: 3743.2, Max: 6527, Diff: 6527, Sum: 14973, Workers: 4
[1209.239s][debug][gc,phases      ] GC(35)   JNI Weak                       Min:  0.0, Avg:  0.0, Max:  0.0, Diff:  0.0, Sum:  0.0, Workers: 4
[1209.239s][debug][gc,phases      ] GC(35)     Dead                           Min: 0, Avg:  0.0, Max: 0, Diff: 0, Sum: 0, Workers: 4
[1209.239s][debug][gc,phases      ] GC(35)     Total                          Min: 0, Avg: 13.0, Max: 52, Diff: 52, Sum: 52, Workers: 4
[1209.239s][debug][gc,phases      ] GC(35)   StringDedup Table Weak         Min:  0.0, Avg:  0.0, Max:  0.0, Diff:  0.0, Sum:  0.0, Workers: 4
[1209.239s][debug][gc,phases      ] GC(35)     Dead                           Min: 0, Avg:  0.0, Max: 0, Diff: 0, Sum: 0, Workers: 4
[1209.239s][debug][gc,phases      ] GC(35)     Total                          Min: 0, Avg:  0.0, Max: 0, Diff: 0, Sum: 0, Workers: 4
[1209.239s][debug][gc,phases      ] GC(35)   StringDedup Requests0 Weak     Min:  0.0, Avg:  0.0, Max:  0.0, Diff:  0.0, Sum:  0.0, Workers: 4
[1209.239s][debug][gc,phases      ] GC(35)     Dead                           Min: 0, Avg:  0.0, Max: 0, Diff: 0, Sum: 0, Workers: 4
[1209.239s][debug][gc,phases      ] GC(35)     Total                          Min: 0, Avg:  0.0, Max: 0, Diff: 0, Sum: 0, Workers: 4
[1209.239s][debug][gc,phases      ] GC(35)   StringDedup Requests1 Weak     Min:  0.0, Avg:  0.0, Max:  0.0, Diff:  0.0, Sum:  0.0, Workers: 4
[1209.239s][debug][gc,phases      ] GC(35)     Dead                           Min: 0, Avg:  0.0, Max: 0, Diff: 0, Sum: 0, Workers: 4
[1209.239s][debug][gc,phases      ] GC(35)     Total                          Min: 0, Avg:  0.0, Max: 0, Diff: 0, Sum: 0, Workers: 4
[1209.239s][debug][gc,phases      ] GC(35)   Weak JFR Old Object Samples    Min:  0.0, Avg:  0.0, Max:  0.0, Diff:  0.0, Sum:  0.0, Workers: 4
[1209.239s][debug][gc,phases      ] GC(35)     Dead                           Min: 0, Avg:  0.0, Max: 0, Diff: 0, Sum: 0, Workers: 4
[1209.239s][debug][gc,phases      ] GC(35)     Total                          Min: 0, Avg:  0.0, Max: 0, Diff: 0, Sum: 0, Workers: 4
[1209.239s][debug][gc,phases      ] GC(35) Weak Processing 0.382ms
[1209.239s][debug][gc,age         ] GC(35) Desired survivor size 112197632 bytes, new threshold 1 (max threshold 15)
[1209.239s][info ][gc,heap        ] GC(35) PSYoungGen: 1887888K(1980928K)->30848K(1974784K) Eden: 1858560K(1858560K)->0K(1858560K) From: 29328K(122368K)->30848K(116224K)
[1209.239s][info ][gc,heap        ] GC(35) ParOldGen: 673758K(673792K)->702910K(702976K)
[1209.239s][info ][gc,metaspace   ] GC(35) Metaspace: 104643K(106048K)->104643K(106048K) NonClass: 88979K(89792K)->88979K(89792K) Class: 15663K(16256K)->15663K(16256K)
[1209.239s][info ][gc             ] GC(35) Pause Young (Allocation Failure) 2501M->716M(2615M) 22.870ms
[1209.239s][info ][gc,cpu         ] GC(35) User=0.08s Sys=0.01s Real=0.02s
[1209.239s][info ][safepoint      ] Safepoint "ParallelGCFailedAllocation", Time since last: 1825893061 ns, Reaching safepoint: 5700 ns, Cleanup: 8600 ns, At safepoint: 22949275 ns, Total: 22963575 ns
[1212.239s][info ][safepoint      ] Safepoint "Cleanup", Time since last: 3000225800 ns, Reaching safepoint: 6000 ns, Cleanup: 22800 ns, At safepoint: 2000 ns, Total: 30800 ns
[1214.239s][info ][safepoint      ] Safepoint "Cleanup", Time since last: 2000169800 ns, Reaching safepoint: 5600 ns, Cleanup: 10200 ns, At safepoint: 2400 ns, Total: 18200 ns
[1215.240s][info ][safepoint      ] Safepoint "Cleanup", Time since last: 1000104900 ns, Reaching safepoint: 5600 ns, Cleanup: 20700 ns, At safepoint: 2500 ns, Total: 28800 ns
[1217.240s][info ][safepoint      ] Safepoint "Cleanup", Time since last: 2000174507 ns, Reaching safepoint: 5500 ns, Cleanup: 12100 ns, At safepoint: 2100 ns, Total: 19700 ns
[1219.240s][info ][safepoint      ] Safepoint "Cleanup", Time since last: 2000175336 ns, Reaching safepoint: 5400 ns, Cleanup: 8500 ns, At safepoint: 1800 ns, Total: 15700 ns
[1220.240s][info ][safepoint      ] Safepoint "Cleanup", Time since last: 1000123518 ns, Reaching safepoint: 6700 ns, Cleanup: 10100 ns, At safepoint: 2200 ns, Total: 19000 ns
[1221.240s][info ][safepoint      ] Safepoint "Cleanup", Time since last: 1000113518 ns, Reaching safepoint: 6100 ns, Cleanup: 13700 ns, At safepoint: 2500 ns, Total: 22300 ns
[1222.240s][info ][safepoint      ] Safepoint "Cleanup", Time since last: 1000107218 ns, Reaching safepoint: 5900 ns, Cleanup: 8800 ns, At safepoint: 2400 ns, Total: 17100 ns
[1225.241s][info ][safepoint      ] Safepoint "Cleanup", Time since last: 3000243157 ns, Reaching safepoint: 5800 ns, Cleanup: 13000 ns, At safepoint: 2000 ns, Total: 20800 ns
[1226.241s][info ][safepoint      ] Safepoint "Cleanup", Time since last: 1000102028 ns, Reaching safepoint: 6500 ns, Cleanup: 9700 ns, At safepoint: 2100 ns, Total: 18300 ns
[1227.241s][info ][safepoint      ] Safepoint "Cleanup", Time since last: 1000105827 ns, Reaching safepoint: 5700 ns, Cleanup: 19600 ns, At safepoint: 2100 ns, Total: 27400 ns
[1228.241s][info ][safepoint      ] Safepoint "Cleanup", Time since last: 1000103228 ns, Reaching safepoint: 6300 ns, Cleanup: 8100 ns, At safepoint: 2000 ns, Total: 16400 ns
[1234.241s][info ][safepoint      ] Safepoint "Cleanup", Time since last: 6000459398 ns, Reaching safepoint: 6000 ns, Cleanup: 17500 ns, At safepoint: 2400 ns, Total: 25900 ns
[1236.242s][info ][safepoint      ] Safepoint "Cleanup", Time since last: 2000182804 ns, Reaching safepoint: 5600 ns, Cleanup: 11800 ns, At safepoint: 2400 ns, Total: 19800 ns
[1237.242s][info ][safepoint      ] Safepoint "Cleanup", Time since last: 1000139652 ns, Reaching safepoint: 6300 ns, Cleanup: 8900 ns, At safepoint: 2600 ns, Total: 17800 ns
[1238.242s][info ][safepoint      ] Safepoint "Cleanup", Time since last: 1000128151 ns, Reaching safepoint: 5200 ns, Cleanup: 12900 ns, At safepoint: 2100 ns, Total: 20200 ns
[1239.242s][info ][safepoint      ] Safepoint "Cleanup", Time since last: 1000108952 ns, Reaching safepoint: 6300 ns, Cleanup: 16600 ns, At safepoint: 2700 ns, Total: 25600 ns
[1241.242s][info ][safepoint      ] Safepoint "Cleanup", Time since last: 2000203268 ns, Reaching safepoint: 6300 ns, Cleanup: 8400 ns, At safepoint: 18600 ns, Total: 33300 ns
[1242.242s][info ][safepoint      ] Safepoint "Cleanup", Time since last: 1000100634 ns, Reaching safepoint: 5899 ns, Cleanup: 18700 ns, At safepoint: 2100 ns, Total: 26699 ns
[1243.243s][info ][safepoint      ] Safepoint "Cleanup", Time since last: 1000102934 ns, Reaching safepoint: 5500 ns, Cleanup: 16000 ns, At safepoint: 2000 ns, Total: 23500 ns
[1249.243s][info ][safepoint      ] Safepoint "Cleanup", Time since last: 6000434152 ns, Reaching safepoint: 5500 ns, Cleanup: 9500 ns, At safepoint: 2100 ns, Total: 17100 ns
[1252.243s][info ][safepoint      ] Safepoint "Cleanup", Time since last: 3000235362 ns, Reaching safepoint: 8500 ns, Cleanup: 13300 ns, At safepoint: 2900 ns, Total: 24700 ns
[1258.244s][info ][safepoint      ] Safepoint "Cleanup", Time since last: 6000507574 ns, Reaching safepoint: 6000 ns, Cleanup: 9100 ns, At safepoint: 1800 ns, Total: 16900 ns
[1262.408s][info ][safepoint      ] Safepoint "Cleanup", Time since last: 4164600348 ns, Reaching safepoint: 6600 ns, Cleanup: 9900 ns, At safepoint: 2400 ns, Total: 18900 ns
[1268.409s][info ][safepoint      ] Safepoint "Cleanup", Time since last: 6000463673 ns, Reaching safepoint: 5200 ns, Cleanup: 14500 ns, At safepoint: 2400 ns, Total: 22100 ns
[1269.409s][info ][safepoint      ] Safepoint "Cleanup", Time since last: 1000096009 ns, Reaching safepoint: 5900 ns, Cleanup: 15700 ns, At safepoint: 1600 ns, Total: 23200 ns
[1269.634s][info ][gc,start       ] GC(36) Pause Young (Allocation Failure)
[1269.660s][debug][gc,phases      ] GC(36) Scavenge 25.395ms
[1269.660s][debug][gc,ref         ] GC(36) ReferenceProcessor::execute queues: 1, RefProcThreadModel::Single, marks_oops_alive: false
[1269.660s][debug][gc,ref         ] GC(36) Skipped KeepAliveFinalRefsPhase of Reference Processing: no references
[1269.660s][debug][gc,ref         ] GC(36) ReferenceProcessor::execute queues: 1, RefProcThreadModel::Single, marks_oops_alive: false
[1269.660s][debug][gc,phases      ] GC(36) Reference Processing 0.132ms
[1269.660s][debug][gc,phases      ] GC(36)   VM Weak                        Min:  0.0, Avg:  0.0, Max:  0.0, Diff:  0.0, Sum:  0.0, Workers: 4
[1269.660s][debug][gc,phases      ] GC(36)     Dead                           Min: 0, Avg:  0.0, Max: 0, Diff: 0, Sum: 0, Workers: 4
[1269.660s][debug][gc,phases      ] GC(36)     Total                          Min: 0, Avg: 257.5, Max: 640, Diff: 640, Sum: 1030, Workers: 4
[1269.660s][debug][gc,phases      ] GC(36)   ObjectSynchronizer Weak        Min:  0.0, Avg:  0.0, Max:  0.0, Diff:  0.0, Sum:  0.0, Workers: 4
[1269.660s][debug][gc,phases      ] GC(36)     Dead                           Min: 0, Avg:  0.0, Max: 0, Diff: 0, Sum: 0, Workers: 4
[1269.660s][debug][gc,phases      ] GC(36)     Total                          Min: 0, Avg:  1.2, Max: 5, Diff: 5, Sum: 5, Workers: 4
[1269.660s][debug][gc,phases      ] GC(36)   JVMTI Tag Weak OopStorage      Min:  0.0, Avg:  0.0, Max:  0.0, Diff:  0.0, Sum:  0.0, Workers: 4
[1269.660s][debug][gc,phases      ] GC(36)     Dead                           Min: 0, Avg:  0.0, Max: 0, Diff: 0, Sum: 0, Workers: 4
[1269.660s][debug][gc,phases      ] GC(36)     Total                          Min: 0, Avg:  0.0, Max: 0, Diff: 0, Sum: 0, Workers: 4
[1269.660s][debug][gc,phases      ] GC(36)   StringTable Weak               Min:  0.0, Avg:  0.2, Max:  0.2, Diff:  0.2, Sum:  0.7, Workers: 4
[1269.660s][debug][gc,phases      ] GC(36)     Dead                           Min: 0, Avg:  0.0, Max: 0, Diff: 0, Sum: 0, Workers: 4
[1269.660s][debug][gc,phases      ] GC(36)     Total                          Min: 0, Avg: 11365.0, Max: 18176, Diff: 18176, Sum: 45460, Workers: 4
[1269.660s][debug][gc,phases      ] GC(36)   ResolvedMethodTable Weak       Min:  0.0, Avg:  0.1, Max:  0.1, Diff:  0.1, Sum:  0.2, Workers: 4
[1269.660s][debug][gc,phases      ] GC(36)     Dead                           Min: 0, Avg:  4.0, Max: 16, Diff: 16, Sum: 16, Workers: 4
[1269.660s][debug][gc,phases      ] GC(36)     Total                          Min: 0, Avg: 3743.8, Max: 5984, Diff: 5984, Sum: 14975, Workers: 4
[1269.660s][debug][gc,phases      ] GC(36)   JNI Weak                       Min:  0.0, Avg:  0.0, Max:  0.0, Diff:  0.0, Sum:  0.0, Workers: 4
[1269.660s][debug][gc,phases      ] GC(36)     Dead                           Min: 0, Avg:  0.0, Max: 0, Diff: 0, Sum: 0, Workers: 4
[1269.660s][debug][gc,phases      ] GC(36)     Total                          Min: 0, Avg: 13.0, Max: 52, Diff: 52, Sum: 52, Workers: 4
[1269.660s][debug][gc,phases      ] GC(36)   StringDedup Table Weak         Min:  0.0, Avg:  0.0, Max:  0.0, Diff:  0.0, Sum:  0.0, Workers: 4
[1269.660s][debug][gc,phases      ] GC(36)     Dead                           Min: 0, Avg:  0.0, Max: 0, Diff: 0, Sum: 0, Workers: 4
[1269.660s][debug][gc,phases      ] GC(36)     Total                          Min: 0, Avg:  0.0, Max: 0, Diff: 0, Sum: 0, Workers: 4
[1269.660s][debug][gc,phases      ] GC(36)   StringDedup Requests0 Weak     Min:  0.0, Avg:  0.0, Max:  0.0, Diff:  0.0, Sum:  0.0, Workers: 4
[1269.660s][debug][gc,phases      ] GC(36)     Dead                           Min: 0, Avg:  0.0, Max: 0, Diff: 0, Sum: 0, Workers: 4
[1269.660s][debug][gc,phases      ] GC(36)     Total                          Min: 0, Avg:  0.0, Max: 0, Diff: 0, Sum: 0, Workers: 4
[1269.660s][debug][gc,phases      ] GC(36)   StringDedup Requests1 Weak     Min:  0.0, Avg:  0.0, Max:  0.0, Diff:  0.0, Sum:  0.0, Workers: 4
[1269.660s][debug][gc,phases      ] GC(36)     Dead                           Min: 0, Avg:  0.0, Max: 0, Diff: 0, Sum: 0, Workers: 4
[1269.660s][debug][gc,phases      ] GC(36)     Total                          Min: 0, Avg:  0.0, Max: 0, Diff: 0, Sum: 0, Workers: 4
[1269.660s][debug][gc,phases      ] GC(36)   Weak JFR Old Object Samples    Min:  0.0, Avg:  0.0, Max:  0.0, Diff:  0.0, Sum:  0.0, Workers: 4
[1269.660s][debug][gc,phases      ] GC(36)     Dead                           Min: 0, Avg:  0.0, Max: 0, Diff: 0, Sum: 0, Workers: 4
[1269.660s][debug][gc,phases      ] GC(36)     Total                          Min: 0, Avg:  0.0, Max: 0, Diff: 0, Sum: 0, Workers: 4
[1269.660s][debug][gc,phases      ] GC(36) Weak Processing 0.535ms
[1269.660s][debug][gc,age         ] GC(36) Desired survivor size 108527616 bytes, new threshold 1 (max threshold 15)
[1269.660s][info ][gc,heap        ] GC(36) PSYoungGen: 1889408K(1974784K)->17808K(1991168K) Eden: 1858560K(1858560K)->0K(1881600K) From: 30848K(116224K)->17808K(109568K)
[1269.660s][info ][gc,heap        ] GC(36) ParOldGen: 702910K(702976K)->732335K(732672K)
[1269.660s][info ][gc,metaspace   ] GC(36) Metaspace: 104709K(106048K)->104709K(106048K) NonClass: 89040K(89792K)->89040K(89792K) Class: 15668K(16256K)->15668K(16256K)
[1269.660s][info ][gc             ] GC(36) Pause Young (Allocation Failure) 2531M->732M(2660M) 26.213ms
[1269.660s][info ][gc,cpu         ] GC(36) User=0.07s Sys=0.02s Real=0.02s
[1269.660s][info ][safepoint      ] Safepoint "ParallelGCFailedAllocation", Time since last: 225157680 ns, Reaching safepoint: 5000 ns, Cleanup: 9100 ns, At safepoint: 26289397 ns, Total: 26303497 ns
[1272.661s][info ][safepoint      ] Safepoint "Cleanup", Time since last: 3000258130 ns, Reaching safepoint: 7400 ns, Cleanup: 60300 ns, At safepoint: 2300 ns, Total: 70000 ns
[1273.661s][info ][safepoint      ] Safepoint "Cleanup", Time since last: 1000105348 ns, Reaching safepoint: 6200 ns, Cleanup: 33600 ns, At safepoint: 3000 ns, Total: 42800 ns
[1274.661s][info ][safepoint      ] Safepoint "Cleanup", Time since last: 1000117982 ns, Reaching safepoint: 81000 ns, Cleanup: 19100 ns, At safepoint: 22200 ns, Total: 122300 ns
[1275.661s][info ][safepoint      ] Safepoint "Cleanup", Time since last: 1000101081 ns, Reaching safepoint: 6100 ns, Cleanup: 10300 ns, At safepoint: 2400 ns, Total: 18800 ns
[1276.661s][info ][safepoint      ] Safepoint "Cleanup", Time since last: 1000131182 ns, Reaching safepoint: 5800 ns, Cleanup: 8600 ns, At safepoint: 2100 ns, Total: 16500 ns
[1277.662s][info ][safepoint      ] Safepoint "Cleanup", Time since last: 1000107782 ns, Reaching safepoint: 6000 ns, Cleanup: 9600 ns, At safepoint: 2000 ns, Total: 17600 ns
[1279.662s][info ][safepoint      ] Safepoint "Cleanup", Time since last: 2000181564 ns, Reaching safepoint: 6200 ns, Cleanup: 16700 ns, At safepoint: 17400 ns, Total: 40300 ns
[1282.662s][info ][safepoint      ] Safepoint "Cleanup", Time since last: 3000268166 ns, Reaching safepoint: 10900 ns, Cleanup: 15100 ns, At safepoint: 3500 ns, Total: 29500 ns
[1285.662s][info ][safepoint      ] Safepoint "Cleanup", Time since last: 3000262905 ns, Reaching safepoint: 5900 ns, Cleanup: 10700 ns, At safepoint: 2100 ns, Total: 18700 ns
[1286.663s][info ][safepoint      ] Safepoint "Cleanup", Time since last: 1000111101 ns, Reaching safepoint: 5500 ns, Cleanup: 12700 ns, At safepoint: 2200 ns, Total: 20400 ns
[1288.663s][info ][safepoint      ] Safepoint "Cleanup", Time since last: 2000182503 ns, Reaching safepoint: 7000 ns, Cleanup: 29700 ns, At safepoint: 2200 ns, Total: 38900 ns
[1290.663s][info ][safepoint      ] Safepoint "Cleanup", Time since last: 2000190355 ns, Reaching safepoint: 5700 ns, Cleanup: 12800 ns, At safepoint: 2400 ns, Total: 20900 ns
[1293.663s][info ][safepoint      ] Safepoint "Cleanup", Time since last: 3000241851 ns, Reaching safepoint: 7000 ns, Cleanup: 9700 ns, At safepoint: 1900 ns, Total: 18600 ns
[1296.664s][info ][safepoint      ] Safepoint "Cleanup", Time since last: 3000248052 ns, Reaching safepoint: 5700 ns, Cleanup: 14000 ns, At safepoint: 1700 ns, Total: 21400 ns
[1297.664s][info ][safepoint      ] Safepoint "Cleanup", Time since last: 1000104700 ns, Reaching safepoint: 6300 ns, Cleanup: 10000 ns, At safepoint: 2500 ns, Total: 18800 ns
[1298.664s][info ][safepoint      ] Safepoint "Cleanup", Time since last: 1000113346 ns, Reaching safepoint: 7000 ns, Cleanup: 14000 ns, At safepoint: 2400 ns, Total: 23400 ns
[1299.664s][info ][safepoint      ] Safepoint "Cleanup", Time since last: 1000108346 ns, Reaching safepoint: 6700 ns, Cleanup: 11100 ns, At safepoint: 2600 ns, Total: 20400 ns
[1300.664s][info ][safepoint      ] Safepoint "Cleanup", Time since last: 1000122546 ns, Reaching safepoint: 6000 ns, Cleanup: 13800 ns, At safepoint: 2300 ns, Total: 22100 ns
[1301.664s][info ][safepoint      ] Safepoint "Cleanup", Time since last: 1000105447 ns, Reaching safepoint: 5400 ns, Cleanup: 11600 ns, At safepoint: 1900 ns, Total: 18900 ns
[1302.181s][info ][gc,start       ] GC(37) Pause Young (Allocation Failure)
[1302.206s][debug][gc,phases      ] GC(37) Scavenge 25.046ms
[1302.207s][debug][gc,ref         ] GC(37) ReferenceProcessor::execute queues: 1, RefProcThreadModel::Single, marks_oops_alive: false
[1302.207s][debug][gc,ref         ] GC(37) Skipped KeepAliveFinalRefsPhase of Reference Processing: no references
[1302.207s][debug][gc,ref         ] GC(37) ReferenceProcessor::execute queues: 1, RefProcThreadModel::Single, marks_oops_alive: false
[1302.207s][debug][gc,phases      ] GC(37) Reference Processing 0.126ms
[1302.207s][debug][gc,phases      ] GC(37)   VM Weak                        Min:  0.0, Avg:  0.0, Max:  0.0, Diff:  0.0, Sum:  0.0, Workers: 4
[1302.207s][debug][gc,phases      ] GC(37)     Dead                           Min: 0, Avg:  0.0, Max: 0, Diff: 0, Sum: 0, Workers: 4
[1302.207s][debug][gc,phases      ] GC(37)     Total                          Min: 0, Avg: 260.0, Max: 1040, Diff: 1040, Sum: 1040, Workers: 4
[1302.207s][debug][gc,phases      ] GC(37)   ObjectSynchronizer Weak        Min:  0.0, Avg:  0.0, Max:  0.0, Diff:  0.0, Sum:  0.0, Workers: 4
[1302.207s][debug][gc,phases      ] GC(37)     Dead                           Min: 0, Avg:  0.0, Max: 0, Diff: 0, Sum: 0, Workers: 4
[1302.207s][debug][gc,phases      ] GC(37)     Total                          Min: 0, Avg:  1.8, Max: 7, Diff: 7, Sum: 7, Workers: 4
[1302.207s][debug][gc,phases      ] GC(37)   JVMTI Tag Weak OopStorage      Min:  0.0, Avg:  0.0, Max:  0.0, Diff:  0.0, Sum:  0.0, Workers: 4
[1302.207s][debug][gc,phases      ] GC(37)     Dead                           Min: 0, Avg:  0.0, Max: 0, Diff: 0, Sum: 0, Workers: 4
[1302.207s][debug][gc,phases      ] GC(37)     Total                          Min: 0, Avg:  0.0, Max: 0, Diff: 0, Sum: 0, Workers: 4
[1302.207s][debug][gc,phases      ] GC(37)   StringTable Weak               Min:  0.0, Avg:  0.1, Max:  0.2, Diff:  0.2, Sum:  0.3, Workers: 4
[1302.207s][debug][gc,phases      ] GC(37)     Dead                           Min: 0, Avg:  0.2, Max: 1, Diff: 1, Sum: 1, Workers: 4
[1302.207s][debug][gc,phases      ] GC(37)     Total                          Min: 0, Avg: 11374.8, Max: 26876, Diff: 26876, Sum: 45499, Workers: 4
[1302.207s][debug][gc,phases      ] GC(37)   ResolvedMethodTable Weak       Min:  0.0, Avg:  0.0, Max:  0.1, Diff:  0.1, Sum:  0.1, Workers: 4
[1302.207s][debug][gc,phases      ] GC(37)     Dead                           Min: 0, Avg:  5.8, Max: 14, Diff: 14, Sum: 23, Workers: 4
[1302.207s][debug][gc,phases      ] GC(37)     Total                          Min: 0, Avg: 3762.0, Max: 8600, Diff: 8600, Sum: 15048, Workers: 4
[1302.207s][debug][gc,phases      ] GC(37)   JNI Weak                       Min:  0.0, Avg:  0.0, Max:  0.0, Diff:  0.0, Sum:  0.0, Workers: 4
[1302.207s][debug][gc,phases      ] GC(37)     Dead                           Min: 0, Avg:  0.0, Max: 0, Diff: 0, Sum: 0, Workers: 4
[1302.207s][debug][gc,phases      ] GC(37)     Total                          Min: 0, Avg: 13.0, Max: 52, Diff: 52, Sum: 52, Workers: 4
[1302.207s][debug][gc,phases      ] GC(37)   StringDedup Table Weak         Min:  0.0, Avg:  0.0, Max:  0.0, Diff:  0.0, Sum:  0.0, Workers: 4
[1302.207s][debug][gc,phases      ] GC(37)     Dead                           Min: 0, Avg:  0.0, Max: 0, Diff: 0, Sum: 0, Workers: 4
[1302.207s][debug][gc,phases      ] GC(37)     Total                          Min: 0, Avg:  0.0, Max: 0, Diff: 0, Sum: 0, Workers: 4
[1302.207s][debug][gc,phases      ] GC(37)   StringDedup Requests0 Weak     Min:  0.0, Avg:  0.0, Max:  0.0, Diff:  0.0, Sum:  0.0, Workers: 4
[1302.207s][debug][gc,phases      ] GC(37)     Dead                           Min: 0, Avg:  0.0, Max: 0, Diff: 0, Sum: 0, Workers: 4
[1302.207s][debug][gc,phases      ] GC(37)     Total                          Min: 0, Avg:  0.0, Max: 0, Diff: 0, Sum: 0, Workers: 4
[1302.207s][debug][gc,phases      ] GC(37)   StringDedup Requests1 Weak     Min:  0.0, Avg:  0.0, Max:  0.0, Diff:  0.0, Sum:  0.0, Workers: 4
[1302.207s][debug][gc,phases      ] GC(37)     Dead                           Min: 0, Avg:  0.0, Max: 0, Diff: 0, Sum: 0, Workers: 4
[1302.207s][debug][gc,phases      ] GC(37)     Total                          Min: 0, Avg:  0.0, Max: 0, Diff: 0, Sum: 0, Workers: 4
[1302.207s][debug][gc,phases      ] GC(37)   Weak JFR Old Object Samples    Min:  0.0, Avg:  0.0, Max:  0.0, Diff:  0.0, Sum:  0.0, Workers: 4
[1302.207s][debug][gc,phases      ] GC(37)     Dead                           Min: 0, Avg:  0.0, Max: 0, Diff: 0, Sum: 0, Workers: 4
[1302.207s][debug][gc,phases      ] GC(37)     Total                          Min: 0, Avg:  0.0, Max: 0, Diff: 0, Sum: 0, Workers: 4
[1302.207s][debug][gc,phases      ] GC(37) Weak Processing 0.449ms
[1302.207s][debug][gc,age         ] GC(37) Desired survivor size 104857600 bytes, new threshold 1 (max threshold 15)
[1302.207s][info ][gc,heap        ] GC(37) PSYoungGen: 1899408K(1991168K)->44240K(1987584K) Eden: 1881600K(1881600K)->0K(1881600K) From: 17808K(109568K)->44240K(105984K)
[1302.207s][info ][gc,heap        ] GC(37) ParOldGen: 732335K(732672K)->748366K(748544K)
[1302.207s][info ][gc,metaspace   ] GC(37) Metaspace: 104864K(106176K)->104864K(106176K) NonClass: 89172K(89920K)->89172K(89920K) Class: 15692K(16256K)->15692K(16256K)
[1302.207s][info ][gc             ] GC(37) Pause Young (Allocation Failure) 2570M->774M(2672M) 25.739ms
[1302.207s][info ][gc,cpu         ] GC(37) User=0.08s Sys=0.00s Real=0.03s
[1302.207s][info ][safepoint      ] Safepoint "ParallelGCFailedAllocation", Time since last: 517138458 ns, Reaching safepoint: 82100 ns, Cleanup: 3700 ns, At safepoint: 25821378 ns, Total: 25907178 ns
[1303.207s][info ][safepoint      ] Safepoint "Cleanup", Time since last: 1000088547 ns, Reaching safepoint: 6100 ns, Cleanup: 10200 ns, At safepoint: 1800 ns, Total: 18100 ns
[1304.207s][info ][safepoint      ] Safepoint "Cleanup", Time since last: 1000109346 ns, Reaching safepoint: 5900 ns, Cleanup: 12100 ns, At safepoint: 2100 ns, Total: 20100 ns
[1305.208s][info ][safepoint      ] Safepoint "Cleanup", Time since last: 1000117458 ns, Reaching safepoint: 6200 ns, Cleanup: 8600 ns, At safepoint: 2600 ns, Total: 17400 ns
[1307.208s][info ][safepoint      ] Safepoint "Cleanup", Time since last: 2000186890 ns, Reaching safepoint: 6100 ns, Cleanup: 7100 ns, At safepoint: 2700 ns, Total: 15900 ns
[1308.208s][info ][safepoint      ] Safepoint "Cleanup", Time since last: 1000105996 ns, Reaching safepoint: 5800 ns, Cleanup: 16400 ns, At safepoint: 2300 ns, Total: 24500 ns
[1309.208s][info ][safepoint      ] Safepoint "Cleanup", Time since last: 1000098695 ns, Reaching safepoint: 5300 ns, Cleanup: 12300 ns, At safepoint: 1700 ns, Total: 19300 ns
[1310.208s][info ][safepoint      ] Safepoint "Cleanup", Time since last: 1000101795 ns, Reaching safepoint: 6200 ns, Cleanup: 10100 ns, At safepoint: 2200 ns, Total: 18500 ns
[1311.208s][info ][safepoint      ] Safepoint "Cleanup", Time since last: 1000121195 ns, Reaching safepoint: 9900 ns, Cleanup: 24900 ns, At safepoint: 2300 ns, Total: 37100 ns
[1312.208s][info ][safepoint      ] Safepoint "Cleanup", Time since last: 1000119795 ns, Reaching safepoint: 7200 ns, Cleanup: 9000 ns, At safepoint: 2200 ns, Total: 18400 ns
[1313.209s][info ][safepoint      ] Safepoint "Cleanup", Time since last: 1000142304 ns, Reaching safepoint: 6200 ns, Cleanup: 11500 ns, At safepoint: 2600 ns, Total: 20300 ns
[1314.209s][info ][safepoint      ] Safepoint "Cleanup", Time since last: 1000111033 ns, Reaching safepoint: 5800 ns, Cleanup: 7700 ns, At safepoint: 2400 ns, Total: 15900 ns
[1315.209s][info ][safepoint      ] Safepoint "Cleanup", Time since last: 1000105634 ns, Reaching safepoint: 5500 ns, Cleanup: 18300 ns, At safepoint: 1900 ns, Total: 25700 ns
[1316.209s][info ][safepoint      ] Safepoint "Cleanup", Time since last: 1000114433 ns, Reaching safepoint: 6400 ns, Cleanup: 13900 ns, At safepoint: 2200 ns, Total: 22500 ns
[1317.209s][info ][safepoint      ] Safepoint "Cleanup", Time since last: 1000109434 ns, Reaching safepoint: 79900 ns, Cleanup: 11900 ns, At safepoint: 8400 ns, Total: 100200 ns
[1318.209s][info ][safepoint      ] Safepoint "Cleanup", Time since last: 1000109733 ns, Reaching safepoint: 6200 ns, Cleanup: 13900 ns, At safepoint: 2300 ns, Total: 22400 ns
[1321.426s][info ][safepoint      ] Safepoint "Cleanup", Time since last: 3216703745 ns, Reaching safepoint: 7500 ns, Cleanup: 11500 ns, At safepoint: 2600 ns, Total: 21600 ns
[1322.426s][info ][safepoint      ] Safepoint "Cleanup", Time since last: 1000114256 ns, Reaching safepoint: 6400 ns, Cleanup: 12700 ns, At safepoint: 2300 ns, Total: 21400 ns
[1324.426s][info ][safepoint      ] Safepoint "Cleanup", Time since last: 2000175713 ns, Reaching safepoint: 5900 ns, Cleanup: 6900 ns, At safepoint: 2500 ns, Total: 15300 ns
[1325.427s][info ][safepoint      ] Safepoint "Cleanup", Time since last: 1000107357 ns, Reaching safepoint: 5500 ns, Cleanup: 8600 ns, At safepoint: 1700 ns, Total: 15800 ns
[1326.427s][info ][safepoint      ] Safepoint "Cleanup", Time since last: 1000132956 ns, Reaching safepoint: 6200 ns, Cleanup: 10700 ns, At safepoint: 2000 ns, Total: 18900 ns
[1332.427s][info ][safepoint      ] Safepoint "Cleanup", Time since last: 6000508626 ns, Reaching safepoint: 5900 ns, Cleanup: 8800 ns, At safepoint: 8900 ns, Total: 23600 ns
[1336.428s][info ][safepoint      ] Safepoint "Cleanup", Time since last: 4000350758 ns, Reaching safepoint: 6200 ns, Cleanup: 13700 ns, At safepoint: 1800 ns, Total: 21700 ns
[1337.428s][info ][safepoint      ] Safepoint "Cleanup", Time since last: 1000100500 ns, Reaching safepoint: 6500 ns, Cleanup: 8900 ns, At safepoint: 2500 ns, Total: 17900 ns
[1338.428s][info ][safepoint      ] Safepoint "Cleanup", Time since last: 1000105948 ns, Reaching safepoint: 5900 ns, Cleanup: 9100 ns, At safepoint: 2100 ns, Total: 17100 ns
[1340.428s][info ][safepoint      ] Safepoint "Cleanup", Time since last: 2000176196 ns, Reaching safepoint: 6600 ns, Cleanup: 9900 ns, At safepoint: 2400 ns, Total: 18900 ns
[1343.428s][info ][safepoint      ] Safepoint "Cleanup", Time since last: 3000242645 ns, Reaching safepoint: 10000 ns, Cleanup: 13900 ns, At safepoint: 3000 ns, Total: 26900 ns
[1343.445s][info ][gc,start       ] GC(38) Pause Young (Allocation Failure)
[1343.474s][debug][gc,phases      ] GC(38) Scavenge 28.825ms
[1343.474s][debug][gc,ref         ] GC(38) ReferenceProcessor::execute queues: 1, RefProcThreadModel::Single, marks_oops_alive: false
[1343.474s][debug][gc,ref         ] GC(38) Skipped KeepAliveFinalRefsPhase of Reference Processing: no references
[1343.474s][debug][gc,ref         ] GC(38) ReferenceProcessor::execute queues: 1, RefProcThreadModel::Single, marks_oops_alive: false
[1343.474s][debug][gc,phases      ] GC(38) Reference Processing 0.108ms
[1343.475s][debug][gc,phases      ] GC(38)   VM Weak                        Min:  0.0, Avg:  0.0, Max:  0.0, Diff:  0.0, Sum:  0.0, Workers: 4
[1343.475s][debug][gc,phases      ] GC(38)     Dead                           Min: 0, Avg:  0.0, Max: 0, Diff: 0, Sum: 0, Workers: 4
[1343.475s][debug][gc,phases      ] GC(38)     Total                          Min: 0, Avg: 260.8, Max: 787, Diff: 787, Sum: 1043, Workers: 4
[1343.475s][debug][gc,phases      ] GC(38)   ObjectSynchronizer Weak        Min:  0.0, Avg:  0.0, Max:  0.0, Diff:  0.0, Sum:  0.0, Workers: 4
[1343.475s][debug][gc,phases      ] GC(38)     Dead                           Min: 0, Avg:  0.0, Max: 0, Diff: 0, Sum: 0, Workers: 4
[1343.475s][debug][gc,phases      ] GC(38)     Total                          Min: 0, Avg:  1.2, Max: 5, Diff: 5, Sum: 5, Workers: 4
[1343.475s][debug][gc,phases      ] GC(38)   JVMTI Tag Weak OopStorage      Min:  0.0, Avg:  0.0, Max:  0.0, Diff:  0.0, Sum:  0.0, Workers: 4
[1343.475s][debug][gc,phases      ] GC(38)     Dead                           Min: 0, Avg:  0.0, Max: 0, Diff: 0, Sum: 0, Workers: 4
[1343.475s][debug][gc,phases      ] GC(38)     Total                          Min: 0, Avg:  0.0, Max: 0, Diff: 0, Sum: 0, Workers: 4
[1343.475s][debug][gc,phases      ] GC(38)   StringTable Weak               Min:  0.0, Avg:  0.1, Max:  0.1, Diff:  0.1, Sum:  0.4, Workers: 4
[1343.475s][debug][gc,phases      ] GC(38)     Dead                           Min: 0, Avg:  0.5, Max: 1, Diff: 1, Sum: 2, Workers: 4
[1343.475s][debug][gc,phases      ] GC(38)     Total                          Min: 0, Avg: 11381.2, Max: 19200, Diff: 19200, Sum: 45525, Workers: 4
[1343.475s][debug][gc,phases      ] GC(38)   ResolvedMethodTable Weak       Min:  0.0, Avg:  0.0, Max:  0.0, Diff:  0.0, Sum:  0.1, Workers: 4
[1343.475s][debug][gc,phases      ] GC(38)     Dead                           Min: 0, Avg:  5.2, Max: 17, Diff: 17, Sum: 21, Workers: 4
[1343.475s][debug][gc,phases      ] GC(38)     Total                          Min: 0, Avg: 3770.0, Max: 6283, Diff: 6283, Sum: 15080, Workers: 4
[1343.475s][debug][gc,phases      ] GC(38)   JNI Weak                       Min:  0.0, Avg:  0.0, Max:  0.0, Diff:  0.0, Sum:  0.0, Workers: 4
[1343.475s][debug][gc,phases      ] GC(38)     Dead                           Min: 0, Avg:  0.0, Max: 0, Diff: 0, Sum: 0, Workers: 4
[1343.475s][debug][gc,phases      ] GC(38)     Total                          Min: 0, Avg: 13.0, Max: 52, Diff: 52, Sum: 52, Workers: 4
[1343.475s][debug][gc,phases      ] GC(38)   StringDedup Table Weak         Min:  0.0, Avg:  0.0, Max:  0.0, Diff:  0.0, Sum:  0.0, Workers: 4
[1343.475s][debug][gc,phases      ] GC(38)     Dead                           Min: 0, Avg:  0.0, Max: 0, Diff: 0, Sum: 0, Workers: 4
[1343.475s][debug][gc,phases      ] GC(38)     Total                          Min: 0, Avg:  0.0, Max: 0, Diff: 0, Sum: 0, Workers: 4
[1343.475s][debug][gc,phases      ] GC(38)   StringDedup Requests0 Weak     Min:  0.0, Avg:  0.0, Max:  0.0, Diff:  0.0, Sum:  0.0, Workers: 4
[1343.475s][debug][gc,phases      ] GC(38)     Dead                           Min: 0, Avg:  0.0, Max: 0, Diff: 0, Sum: 0, Workers: 4
[1343.475s][debug][gc,phases      ] GC(38)     Total                          Min: 0, Avg:  0.0, Max: 0, Diff: 0, Sum: 0, Workers: 4
[1343.475s][debug][gc,phases      ] GC(38)   StringDedup Requests1 Weak     Min:  0.0, Avg:  0.0, Max:  0.0, Diff:  0.0, Sum:  0.0, Workers: 4
[1343.475s][debug][gc,phases      ] GC(38)     Dead                           Min: 0, Avg:  0.0, Max: 0, Diff: 0, Sum: 0, Workers: 4
[1343.475s][debug][gc,phases      ] GC(38)     Total                          Min: 0, Avg:  0.0, Max: 0, Diff: 0, Sum: 0, Workers: 4
[1343.475s][debug][gc,phases      ] GC(38)   Weak JFR Old Object Samples    Min:  0.0, Avg:  0.0, Max:  0.0, Diff:  0.0, Sum:  0.0, Workers: 4
[1343.475s][debug][gc,phases      ] GC(38)     Dead                           Min: 0, Avg:  0.0, Max: 0, Diff: 0, Sum: 0, Workers: 4
[1343.475s][debug][gc,phases      ] GC(38)     Total                          Min: 0, Avg:  0.0, Max: 0, Diff: 0, Sum: 0, Workers: 4
[1343.475s][debug][gc,phases      ] GC(38) Weak Processing 0.390ms
[1343.475s][debug][gc,age         ] GC(38) Desired survivor size 99614720 bytes, new threshold 1 (max threshold 15)
[1343.475s][info ][gc,heap        ] GC(38) PSYoungGen: 1925840K(1987584K)->28440K(1999872K) Eden: 1881600K(1881600K)->0K(1897472K) From: 44240K(105984K)->28440K(102400K)
[1343.475s][info ][gc,heap        ] GC(38) ParOldGen: 748366K(748544K)->790781K(791040K)
[1343.475s][info ][gc,metaspace   ] GC(38) Metaspace: 104942K(106240K)->104942K(106240K) NonClass: 89240K(89984K)->89240K(89984K) Class: 15702K(16256K)->15702K(16256K)
[1343.475s][info ][gc             ] GC(38) Pause Young (Allocation Failure) 2611M->800M(2725M) 29.440ms
[1343.475s][info ][gc,cpu         ] GC(38) User=0.08s Sys=0.03s Real=0.04s
[1343.475s][info ][safepoint      ] Safepoint "ParallelGCFailedAllocation", Time since last: 16953287 ns, Reaching safepoint: 4700 ns, Cleanup: 2900 ns, At safepoint: 29504478 ns, Total: 29512078 ns
[1347.475s][info ][safepoint      ] Safepoint "Cleanup", Time since last: 4000329243 ns, Reaching safepoint: 6500 ns, Cleanup: 12200 ns, At safepoint: 2500 ns, Total: 21200 ns
[1348.475s][info ][safepoint      ] Safepoint "Cleanup", Time since last: 1000145269 ns, Reaching safepoint: 6300 ns, Cleanup: 8000 ns, At safepoint: 2800 ns, Total: 17100 ns
[1350.476s][info ][safepoint      ] Safepoint "Cleanup", Time since last: 2000230338 ns, Reaching safepoint: 6800 ns, Cleanup: 7200 ns, At safepoint: 2300 ns, Total: 16300 ns
[1357.476s][info ][safepoint      ] Safepoint "Cleanup", Time since last: 7000610205 ns, Reaching safepoint: 6000 ns, Cleanup: 13500 ns, At safepoint: 2400 ns, Total: 21900 ns
[1360.476s][info ][safepoint      ] Safepoint "Cleanup", Time since last: 3000248197 ns, Reaching safepoint: 6200 ns, Cleanup: 7000 ns, At safepoint: 2400 ns, Total: 15600 ns
[1361.477s][info ][safepoint      ] Safepoint "Cleanup", Time since last: 1000115422 ns, Reaching safepoint: 6200 ns, Cleanup: 9900 ns, At safepoint: 2900 ns, Total: 19000 ns
[1362.477s][info ][safepoint      ] Safepoint "Cleanup", Time since last: 1000120715 ns, Reaching safepoint: 6800 ns, Cleanup: 12700 ns, At safepoint: 2800 ns, Total: 22300 ns
[1363.477s][info ][safepoint      ] Safepoint "Cleanup", Time since last: 1000138216 ns, Reaching safepoint: 6300 ns, Cleanup: 8600 ns, At safepoint: 2300 ns, Total: 17200 ns
[1364.477s][info ][safepoint      ] Safepoint "Cleanup", Time since last: 1000108715 ns, Reaching safepoint: 6300 ns, Cleanup: 18000 ns, At safepoint: 2100 ns, Total: 26400 ns
[1365.477s][info ][safepoint      ] Safepoint "Cleanup", Time since last: 1000107315 ns, Reaching safepoint: 6700 ns, Cleanup: 19900 ns, At safepoint: 2300 ns, Total: 28900 ns
[1369.478s][info ][safepoint      ] Safepoint "Cleanup", Time since last: 4000393662 ns, Reaching safepoint: 7600 ns, Cleanup: 11100 ns, At safepoint: 2700 ns, Total: 21400 ns
[1371.478s][info ][safepoint      ] Safepoint "Cleanup", Time since last: 2000189631 ns, Reaching safepoint: 5700 ns, Cleanup: 7800 ns, At safepoint: 2500 ns, Total: 16000 ns
[1372.478s][info ][safepoint      ] Safepoint "Cleanup", Time since last: 1000112715 ns, Reaching safepoint: 6900 ns, Cleanup: 9300 ns, At safepoint: 2300 ns, Total: 18500 ns
[1374.478s][info ][safepoint      ] Safepoint "Cleanup", Time since last: 2000172631 ns, Reaching safepoint: 5900 ns, Cleanup: 12800 ns, At safepoint: 2100 ns, Total: 20800 ns
[1375.478s][info ][safepoint      ] Safepoint "Cleanup", Time since last: 1000113916 ns, Reaching safepoint: 6900 ns, Cleanup: 8200 ns, At safepoint: 2000 ns, Total: 17100 ns
[1376.478s][info ][safepoint      ] Safepoint "Cleanup", Time since last: 1000133515 ns, Reaching safepoint: 6300 ns, Cleanup: 11300 ns, At safepoint: 1800 ns, Total: 19400 ns
[1378.479s][info ][safepoint      ] Safepoint "Cleanup", Time since last: 2000167859 ns, Reaching safepoint: 5800 ns, Cleanup: 8700 ns, At safepoint: 2500 ns, Total: 17000 ns
[1379.479s][info ][safepoint      ] Safepoint "Cleanup", Time since last: 1000124335 ns, Reaching safepoint: 5600 ns, Cleanup: 23000 ns, At safepoint: 2400 ns, Total: 31000 ns
[1381.444s][info ][safepoint      ] Safepoint "Cleanup", Time since last: 1965537897 ns, Reaching safepoint: 5700 ns, Cleanup: 23100 ns, At safepoint: 2200 ns, Total: 31000 ns
[1384.445s][info ][safepoint      ] Safepoint "Cleanup", Time since last: 3000238905 ns, Reaching safepoint: 6100 ns, Cleanup: 9500 ns, At safepoint: 1800 ns, Total: 17400 ns
[1386.445s][info ][safepoint      ] Safepoint "Cleanup", Time since last: 2000175437 ns, Reaching safepoint: 7600 ns, Cleanup: 14200 ns, At safepoint: 3400 ns, Total: 25200 ns
[1387.445s][info ][safepoint      ] Safepoint "Cleanup", Time since last: 1000110055 ns, Reaching safepoint: 6700 ns, Cleanup: 8800 ns, At safepoint: 2500 ns, Total: 18000 ns
[1388.445s][info ][safepoint      ] Safepoint "Cleanup", Time since last: 1000111355 ns, Reaching safepoint: 5700 ns, Cleanup: 10100 ns, At safepoint: 2400 ns, Total: 18200 ns
[1394.446s][info ][safepoint      ] Safepoint "Cleanup", Time since last: 6000530282 ns, Reaching safepoint: 7000 ns, Cleanup: 10600 ns, At safepoint: 2600 ns, Total: 20200 ns
[1395.446s][info ][safepoint      ] Safepoint "Cleanup", Time since last: 1000109793 ns, Reaching safepoint: 6000 ns, Cleanup: 11400 ns, At safepoint: 2600 ns, Total: 20000 ns
[1398.446s][info ][safepoint      ] Safepoint "Cleanup", Time since last: 3000280778 ns, Reaching safepoint: 5600 ns, Cleanup: 12300 ns, At safepoint: 2100 ns, Total: 20000 ns
[1398.881s][info ][gc,start       ] GC(39) Pause Young (Allocation Failure)
[1398.897s][debug][gc,phases      ] GC(39) Scavenge 15.728ms
[1398.897s][debug][gc,ref         ] GC(39) ReferenceProcessor::execute queues: 1, RefProcThreadModel::Single, marks_oops_alive: false
[1398.897s][debug][gc,ref         ] GC(39) Skipped KeepAliveFinalRefsPhase of Reference Processing: no references
[1398.897s][debug][gc,ref         ] GC(39) ReferenceProcessor::execute queues: 1, RefProcThreadModel::Single, marks_oops_alive: false
[1398.897s][debug][gc,phases      ] GC(39) Reference Processing 0.105ms
[1398.897s][debug][gc,phases      ] GC(39)   VM Weak                        Min:  0.0, Avg:  0.0, Max:  0.0, Diff:  0.0, Sum:  0.0, Workers: 4
[1398.897s][debug][gc,phases      ] GC(39)     Dead                           Min: 0, Avg:  0.0, Max: 0, Diff: 0, Sum: 0, Workers: 4
[1398.897s][debug][gc,phases      ] GC(39)     Total                          Min: 0, Avg: 260.8, Max: 704, Diff: 704, Sum: 1043, Workers: 4
[1398.897s][debug][gc,phases      ] GC(39)   ObjectSynchronizer Weak        Min:  0.0, Avg:  0.0, Max:  0.0, Diff:  0.0, Sum:  0.0, Workers: 4
[1398.897s][debug][gc,phases      ] GC(39)     Dead                           Min: 0, Avg:  0.0, Max: 0, Diff: 0, Sum: 0, Workers: 4
[1398.897s][debug][gc,phases      ] GC(39)     Total                          Min: 0, Avg:  1.0, Max: 4, Diff: 4, Sum: 4, Workers: 4
[1398.897s][debug][gc,phases      ] GC(39)   JVMTI Tag Weak OopStorage      Min:  0.0, Avg:  0.0, Max:  0.0, Diff:  0.0, Sum:  0.0, Workers: 4
[1398.897s][debug][gc,phases      ] GC(39)     Dead                           Min: 0, Avg:  0.0, Max: 0, Diff: 0, Sum: 0, Workers: 4
[1398.897s][debug][gc,phases      ] GC(39)     Total                          Min: 0, Avg:  0.0, Max: 0, Diff: 0, Sum: 0, Workers: 4
[1398.897s][debug][gc,phases      ] GC(39)   StringTable Weak               Min:  0.0, Avg:  0.1, Max:  0.1, Diff:  0.1, Sum:  0.4, Workers: 4
[1398.897s][debug][gc,phases      ] GC(39)     Dead                           Min: 0, Avg:  0.2, Max: 1, Diff: 1, Sum: 1, Workers: 4
[1398.897s][debug][gc,phases      ] GC(39)     Total                          Min: 0, Avg: 11385.8, Max: 19966, Diff: 19966, Sum: 45543, Workers: 4
[1398.897s][debug][gc,phases      ] GC(39)   ResolvedMethodTable Weak       Min:  0.0, Avg:  0.0, Max:  0.0, Diff:  0.0, Sum:  0.1, Workers: 4
[1398.897s][debug][gc,phases      ] GC(39)     Dead                           Min: 0, Avg:  5.2, Max: 12, Diff: 12, Sum: 21, Workers: 4
[1398.897s][debug][gc,phases      ] GC(39)     Total                          Min: 0, Avg: 3775.0, Max: 6155, Diff: 6155, Sum: 15100, Workers: 4
[1398.897s][debug][gc,phases      ] GC(39)   JNI Weak                       Min:  0.0, Avg:  0.0, Max:  0.0, Diff:  0.0, Sum:  0.0, Workers: 4
[1398.897s][debug][gc,phases      ] GC(39)     Dead                           Min: 0, Avg:  0.0, Max: 0, Diff: 0, Sum: 0, Workers: 4
[1398.898s][debug][gc,phases      ] GC(39)     Total                          Min: 0, Avg: 13.0, Max: 52, Diff: 52, Sum: 52, Workers: 4
[1398.898s][debug][gc,phases      ] GC(39)   StringDedup Table Weak         Min:  0.0, Avg:  0.0, Max:  0.0, Diff:  0.0, Sum:  0.0, Workers: 4
[1398.898s][debug][gc,phases      ] GC(39)     Dead                           Min: 0, Avg:  0.0, Max: 0, Diff: 0, Sum: 0, Workers: 4
[1398.898s][debug][gc,phases      ] GC(39)     Total                          Min: 0, Avg:  0.0, Max: 0, Diff: 0, Sum: 0, Workers: 4
[1398.898s][debug][gc,phases      ] GC(39)   StringDedup Requests0 Weak     Min:  0.0, Avg:  0.0, Max:  0.0, Diff:  0.0, Sum:  0.0, Workers: 4
[1398.898s][debug][gc,phases      ] GC(39)     Dead                           Min: 0, Avg:  0.0, Max: 0, Diff: 0, Sum: 0, Workers: 4
[1398.898s][debug][gc,phases      ] GC(39)     Total                          Min: 0, Avg:  0.0, Max: 0, Diff: 0, Sum: 0, Workers: 4
[1398.898s][debug][gc,phases      ] GC(39)   StringDedup Requests1 Weak     Min:  0.0, Avg:  0.0, Max:  0.0, Diff:  0.0, Sum:  0.0, Workers: 4
[1398.898s][debug][gc,phases      ] GC(39)     Dead                           Min: 0, Avg:  0.0, Max: 0, Diff: 0, Sum: 0, Workers: 4
[1398.898s][debug][gc,phases      ] GC(39)     Total                          Min: 0, Avg:  0.0, Max: 0, Diff: 0, Sum: 0, Workers: 4
[1398.898s][debug][gc,phases      ] GC(39)   Weak JFR Old Object Samples    Min:  0.0, Avg:  0.0, Max:  0.0, Diff:  0.0, Sum:  0.0, Workers: 4
[1398.898s][debug][gc,phases      ] GC(39)     Dead                           Min: 0, Avg:  0.0, Max: 0, Diff: 0, Sum: 0, Workers: 4
[1398.898s][debug][gc,phases      ] GC(39)     Total                          Min: 0, Avg:  0.0, Max: 0, Diff: 0, Sum: 0, Workers: 4
[1398.898s][debug][gc,phases      ] GC(39) Weak Processing 0.378ms
[1398.898s][debug][gc,age         ] GC(39) Desired survivor size 98041856 bytes, new threshold 1 (max threshold 15)
[1398.898s][info ][gc,heap        ] GC(39) PSYoungGen: 1925912K(1999872K)->9088K(1994752K) Eden: 1897472K(1897472K)->0K(1897472K) From: 28440K(102400K)->9088K(97280K)
[1398.898s][info ][gc,heap        ] GC(39) ParOldGen: 790781K(791040K)->817242K(817664K)
[1398.898s][info ][gc,metaspace   ] GC(39) Metaspace: 105007K(106304K)->105007K(106304K) NonClass: 89297K(90048K)->89297K(90048K) Class: 15709K(16256K)->15709K(16256K)
[1398.898s][info ][gc             ] GC(39) Pause Young (Allocation Failure) 2653M->806M(2746M) 16.334ms
[1398.898s][info ][gc,cpu         ] GC(39) User=0.06s Sys=0.01s Real=0.02s
[1398.898s][info ][safepoint      ] Safepoint "ParallelGCFailedAllocation", Time since last: 435229936 ns, Reaching safepoint: 78999 ns, Cleanup: 3500 ns, At safepoint: 16409391 ns, Total: 16491890 ns
[1401.898s][info ][safepoint      ] Safepoint "Cleanup", Time since last: 3000269039 ns, Reaching safepoint: 7200 ns, Cleanup: 11600 ns, At safepoint: 2900 ns, Total: 21700 ns
[1405.898s][info ][safepoint      ] Safepoint "Cleanup", Time since last: 4000402548 ns, Reaching safepoint: 6800 ns, Cleanup: 7900 ns, At safepoint: 2000 ns, Total: 16700 ns
[1410.899s][info ][safepoint      ] Safepoint "Cleanup", Time since last: 5000397336 ns, Reaching safepoint: 5800 ns, Cleanup: 10900 ns, At safepoint: 2600 ns, Total: 19300 ns
[1412.899s][info ][safepoint      ] Safepoint "Cleanup", Time since last: 2000175547 ns, Reaching safepoint: 5500 ns, Cleanup: 17300 ns, At safepoint: 2100 ns, Total: 24900 ns
[1414.899s][info ][safepoint      ] Safepoint "Cleanup", Time since last: 2000166040 ns, Reaching safepoint: 5700 ns, Cleanup: 12900 ns, At safepoint: 1800 ns, Total: 20400 ns
[1415.899s][info ][safepoint      ] Safepoint "Cleanup", Time since last: 1000102521 ns, Reaching safepoint: 6500 ns, Cleanup: 11300 ns, At safepoint: 2100 ns, Total: 19900 ns
[1416.899s][info ][safepoint      ] Safepoint "Cleanup", Time since last: 1000110620 ns, Reaching safepoint: 6300 ns, Cleanup: 13500 ns, At safepoint: 2200 ns, Total: 22000 ns
[1418.900s][info ][safepoint      ] Safepoint "Cleanup", Time since last: 2000178930 ns, Reaching safepoint: 5500 ns, Cleanup: 9500 ns, At safepoint: 2300 ns, Total: 17300 ns
[1419.900s][info ][safepoint      ] Safepoint "Cleanup", Time since last: 1000102128 ns, Reaching safepoint: 7200 ns, Cleanup: 16900 ns, At safepoint: 2500 ns, Total: 26600 ns
[1420.900s][info ][safepoint      ] Safepoint "Cleanup", Time since last: 1000105228 ns, Reaching safepoint: 5900 ns, Cleanup: 7000 ns, At safepoint: 2200 ns, Total: 15100 ns
[1422.900s][info ][safepoint      ] Safepoint "Cleanup", Time since last: 2000167757 ns, Reaching safepoint: 5700 ns, Cleanup: 8700 ns, At safepoint: 1900 ns, Total: 16300 ns
[1423.900s][info ][safepoint      ] Safepoint "Cleanup", Time since last: 1000120728 ns, Reaching safepoint: 6100 ns, Cleanup: 7900 ns, At safepoint: 1700 ns, Total: 15700 ns
[1427.901s][info ][safepoint      ] Safepoint "Cleanup", Time since last: 4000354480 ns, Reaching safepoint: 6600 ns, Cleanup: 10400 ns, At safepoint: 2200 ns, Total: 19200 ns
[1428.901s][info ][safepoint      ] Safepoint "Cleanup", Time since last: 1000106896 ns, Reaching safepoint: 6100 ns, Cleanup: 11500 ns, At safepoint: 2600 ns, Total: 20200 ns
[1431.901s][info ][safepoint      ] Safepoint "Cleanup", Time since last: 3000266789 ns, Reaching safepoint: 6000 ns, Cleanup: 6300 ns, At safepoint: 2000 ns, Total: 14300 ns
[1437.902s][info ][safepoint      ] Safepoint "Cleanup", Time since last: 6000582280 ns, Reaching safepoint: 7700 ns, Cleanup: 10100 ns, At safepoint: 2700 ns, Total: 20500 ns
[1439.902s][info ][safepoint      ] Safepoint "Cleanup", Time since last: 2000186839 ns, Reaching safepoint: 6400 ns, Cleanup: 8700 ns, At safepoint: 2100 ns, Total: 17200 ns
[1441.461s][info ][safepoint      ] Safepoint "Cleanup", Time since last: 1559686458 ns, Reaching safepoint: 7000 ns, Cleanup: 9700 ns, At safepoint: 2900 ns, Total: 19600 ns
[1444.462s][info ][safepoint      ] Safepoint "Cleanup", Time since last: 3000301288 ns, Reaching safepoint: 6900 ns, Cleanup: 27600 ns, At safepoint: 2700 ns, Total: 37200 ns
[1445.462s][info ][safepoint      ] Safepoint "Cleanup", Time since last: 1000115640 ns, Reaching safepoint: 6500 ns, Cleanup: 21900 ns, At safepoint: 2100 ns, Total: 30500 ns
[1446.462s][info ][safepoint      ] Safepoint "Cleanup", Time since last: 1000105430 ns, Reaching safepoint: 6000 ns, Cleanup: 7500 ns, At safepoint: 1900 ns, Total: 15400 ns
[1450.462s][info ][safepoint      ] Safepoint "Cleanup", Time since last: 4000317985 ns, Reaching safepoint: 6300 ns, Cleanup: 9100 ns, At safepoint: 2800 ns, Total: 18200 ns
[1451.463s][info ][safepoint      ] Safepoint "Cleanup", Time since last: 1000114881 ns, Reaching safepoint: 7100 ns, Cleanup: 11800 ns, At safepoint: 2500 ns, Total: 21400 ns
[1453.463s][info ][safepoint      ] Safepoint "Cleanup", Time since last: 2000187460 ns, Reaching safepoint: 6600 ns, Cleanup: 14800 ns, At safepoint: 2500 ns, Total: 23900 ns
[1455.463s][info ][safepoint      ] Safepoint "Cleanup", Time since last: 2000188561 ns, Reaching safepoint: 6000 ns, Cleanup: 9000 ns, At safepoint: 21400 ns, Total: 36400 ns
[1456.463s][info ][safepoint      ] Safepoint "Cleanup", Time since last: 1000112080 ns, Reaching safepoint: 6500 ns, Cleanup: 9700 ns, At safepoint: 2000 ns, Total: 18200 ns
[1457.463s][info ][safepoint      ] Safepoint "Cleanup", Time since last: 1000117759 ns, Reaching safepoint: 6500 ns, Cleanup: 11300 ns, At safepoint: 2600 ns, Total: 20400 ns
[1459.463s][info ][safepoint      ] Safepoint "Cleanup", Time since last: 2000179444 ns, Reaching safepoint: 6000 ns, Cleanup: 11700 ns, At safepoint: 2400 ns, Total: 20100 ns
[1462.464s][info ][safepoint      ] Safepoint "Cleanup", Time since last: 3000244768 ns, Reaching safepoint: 6100 ns, Cleanup: 9900 ns, At safepoint: 2000 ns, Total: 18000 ns
[1465.464s][info ][safepoint      ] Safepoint "Cleanup", Time since last: 3000252647 ns, Reaching safepoint: 6000 ns, Cleanup: 7600 ns, At safepoint: 2700 ns, Total: 16300 ns
[1467.464s][info ][safepoint      ] Safepoint "Cleanup", Time since last: 2000185481 ns, Reaching safepoint: 5500 ns, Cleanup: 6900 ns, At safepoint: 2200 ns, Total: 14600 ns
[1471.465s][info ][safepoint      ] Safepoint "Cleanup", Time since last: 4000346962 ns, Reaching safepoint: 5500 ns, Cleanup: 12100 ns, At safepoint: 2200 ns, Total: 19800 ns
[1472.937s][info ][gc,start       ] GC(40) Pause Young (Allocation Failure)
[1472.945s][debug][gc,phases      ] GC(40) Scavenge 7.774ms
[1472.945s][debug][gc,ref         ] GC(40) ReferenceProcessor::execute queues: 1, RefProcThreadModel::Single, marks_oops_alive: false
[1472.945s][debug][gc,ref         ] GC(40) Skipped KeepAliveFinalRefsPhase of Reference Processing: no references
[1472.945s][debug][gc,ref         ] GC(40) ReferenceProcessor::execute queues: 1, RefProcThreadModel::Single, marks_oops_alive: false
[1472.945s][debug][gc,phases      ] GC(40) Reference Processing 0.096ms
[1472.945s][debug][gc,phases      ] GC(40)   VM Weak                        Min:  0.0, Avg:  0.0, Max:  0.0, Diff:  0.0, Sum:  0.0, Workers: 4
[1472.945s][debug][gc,phases      ] GC(40)     Dead                           Min: 0, Avg:  0.0, Max: 0, Diff: 0, Sum: 0, Workers: 4
[1472.945s][debug][gc,phases      ] GC(40)     Total                          Min: 0, Avg: 260.8, Max: 659, Diff: 659, Sum: 1043, Workers: 4
[1472.945s][debug][gc,phases      ] GC(40)   ObjectSynchronizer Weak        Min:  0.0, Avg:  0.0, Max:  0.0, Diff:  0.0, Sum:  0.0, Workers: 4
[1472.945s][debug][gc,phases      ] GC(40)     Dead                           Min: 0, Avg:  0.0, Max: 0, Diff: 0, Sum: 0, Workers: 4
[1472.945s][debug][gc,phases      ] GC(40)     Total                          Min: 0, Avg:  1.0, Max: 4, Diff: 4, Sum: 4, Workers: 4
[1472.945s][debug][gc,phases      ] GC(40)   JVMTI Tag Weak OopStorage      Min:  0.0, Avg:  0.0, Max:  0.0, Diff:  0.0, Sum:  0.0, Workers: 4
[1472.945s][debug][gc,phases      ] GC(40)     Dead                           Min: 0, Avg:  0.0, Max: 0, Diff: 0, Sum: 0, Workers: 4
[1472.945s][debug][gc,phases      ] GC(40)     Total                          Min: 0, Avg:  0.0, Max: 0, Diff: 0, Sum: 0, Workers: 4
[1472.945s][debug][gc,phases      ] GC(40)   StringTable Weak               Min:  0.0, Avg:  0.1, Max:  0.2, Diff:  0.2, Sum:  0.3, Workers: 4
[1472.945s][debug][gc,phases      ] GC(40)     Dead                           Min: 0, Avg:  0.2, Max: 1, Diff: 1, Sum: 1, Workers: 4
[1472.945s][debug][gc,phases      ] GC(40)     Total                          Min: 0, Avg: 11387.2, Max: 28782, Diff: 28782, Sum: 45549, Workers: 4
[1472.945s][debug][gc,phases      ] GC(40)   ResolvedMethodTable Weak       Min:  0.0, Avg:  0.0, Max:  0.1, Diff:  0.1, Sum:  0.1, Workers: 4
[1472.945s][debug][gc,phases      ] GC(40)     Dead                           Min: 0, Avg:  4.5, Max: 17, Diff: 17, Sum: 18, Workers: 4
[1472.945s][debug][gc,phases      ] GC(40)     Total                          Min: 0, Avg: 3776.0, Max: 9376, Diff: 9376, Sum: 15104, Workers: 4
[1472.945s][debug][gc,phases      ] GC(40)   JNI Weak                       Min:  0.0, Avg:  0.0, Max:  0.0, Diff:  0.0, Sum:  0.0, Workers: 4
[1472.945s][debug][gc,phases      ] GC(40)     Dead                           Min: 0, Avg:  0.0, Max: 0, Diff: 0, Sum: 0, Workers: 4
[1472.945s][debug][gc,phases      ] GC(40)     Total                          Min: 0, Avg: 13.0, Max: 52, Diff: 52, Sum: 52, Workers: 4
[1472.945s][debug][gc,phases      ] GC(40)   StringDedup Table Weak         Min:  0.0, Avg:  0.0, Max:  0.0, Diff:  0.0, Sum:  0.0, Workers: 4
[1472.945s][debug][gc,phases      ] GC(40)     Dead                           Min: 0, Avg:  0.0, Max: 0, Diff: 0, Sum: 0, Workers: 4
[1472.945s][debug][gc,phases      ] GC(40)     Total                          Min: 0, Avg:  0.0, Max: 0, Diff: 0, Sum: 0, Workers: 4
[1472.945s][debug][gc,phases      ] GC(40)   StringDedup Requests0 Weak     Min:  0.0, Avg:  0.0, Max:  0.0, Diff:  0.0, Sum:  0.0, Workers: 4
[1472.945s][debug][gc,phases      ] GC(40)     Dead                           Min: 0, Avg:  0.0, Max: 0, Diff: 0, Sum: 0, Workers: 4
[1472.945s][debug][gc,phases      ] GC(40)     Total                          Min: 0, Avg:  0.0, Max: 0, Diff: 0, Sum: 0, Workers: 4
[1472.945s][debug][gc,phases      ] GC(40)   StringDedup Requests1 Weak     Min:  0.0, Avg:  0.0, Max:  0.0, Diff:  0.0, Sum:  0.0, Workers: 4
[1472.945s][debug][gc,phases      ] GC(40)     Dead                           Min: 0, Avg:  0.0, Max: 0, Diff: 0, Sum: 0, Workers: 4
[1472.945s][debug][gc,phases      ] GC(40)     Total                          Min: 0, Avg:  0.0, Max: 0, Diff: 0, Sum: 0, Workers: 4
[1472.945s][debug][gc,phases      ] GC(40)   Weak JFR Old Object Samples    Min:  0.0, Avg:  0.0, Max:  0.0, Diff:  0.0, Sum:  0.0, Workers: 4
[1472.945s][debug][gc,phases      ] GC(40)     Dead                           Min: 0, Avg:  0.0, Max: 0, Diff: 0, Sum: 0, Workers: 4
[1472.945s][debug][gc,phases      ] GC(40)     Total                          Min: 0, Avg:  0.0, Max: 0, Diff: 0, Sum: 0, Workers: 4
[1472.945s][debug][gc,phases      ] GC(40) Weak Processing 0.451ms
[1472.945s][debug][gc,age         ] GC(40) Desired survivor size 95944704 bytes, new threshold 1 (max threshold 15)
[1472.945s][info ][gc,heap        ] GC(40) PSYoungGen: 1906560K(1994752K)->7368K(2003456K) Eden: 1897472K(1897472K)->0K(1907712K) From: 9088K(97280K)->7368K(95744K)
[1472.945s][info ][gc,heap        ] GC(40) ParOldGen: 817242K(817664K)->822914K(823296K)
[1472.945s][info ][gc,metaspace   ] GC(40) Metaspace: 105051K(106368K)->105051K(106368K) NonClass: 89340K(90112K)->89340K(90112K) Class: 15710K(16256K)->15710K(16256K)
[1472.945s][info ][gc             ] GC(40) Pause Young (Allocation Failure) 2659M->810M(2760M) 8.431ms
[1472.945s][info ][gc,cpu         ] GC(40) User=0.03s Sys=0.00s Real=0.00s
[1472.946s][info ][safepoint      ] Safepoint "ParallelGCFailedAllocation", Time since last: 1472441182 ns, Reaching safepoint: 5100 ns, Cleanup: 8000 ns, At safepoint: 8496493 ns, Total: 8509593 ns
[1473.946s][info ][safepoint      ] Safepoint "Cleanup", Time since last: 1000111308 ns, Reaching safepoint: 6000 ns, Cleanup: 9300 ns, At safepoint: 2500 ns, Total: 17800 ns
[1475.946s][info ][safepoint      ] Safepoint "Cleanup", Time since last: 2000203801 ns, Reaching safepoint: 81700 ns, Cleanup: 13900 ns, At safepoint: 6399 ns, Total: 101999 ns
[1476.946s][info ][safepoint      ] Safepoint "Cleanup", Time since last: 1000144301 ns, Reaching safepoint: 6200 ns, Cleanup: 13500 ns, At safepoint: 2400 ns, Total: 22100 ns
[1477.946s][info ][safepoint      ] Safepoint "Cleanup", Time since last: 1000125000 ns, Reaching safepoint: 6500 ns, Cleanup: 10400 ns, At safepoint: 2000 ns, Total: 18900 ns
[1487.947s][info ][safepoint      ] Safepoint "Cleanup", Time since last: 10000788150 ns, Reaching safepoint: 5599 ns, Cleanup: 9100 ns, At safepoint: 1800 ns, Total: 16499 ns
[1490.947s][info ][safepoint      ] Safepoint "Cleanup", Time since last: 3000290812 ns, Reaching safepoint: 6200 ns, Cleanup: 10199 ns, At safepoint: 2100 ns, Total: 18499 ns
[1491.948s][info ][safepoint      ] Safepoint "Cleanup", Time since last: 1000109666 ns, Reaching safepoint: 5400 ns, Cleanup: 8400 ns, At safepoint: 2100 ns, Total: 15900 ns
[1492.948s][info ][safepoint      ] Safepoint "Cleanup", Time since last: 1000108753 ns, Reaching safepoint: 5400 ns, Cleanup: 12900 ns, At safepoint: 2400 ns, Total: 20700 ns
[1493.948s][info ][safepoint      ] Safepoint "Cleanup", Time since last: 1000111052 ns, Reaching safepoint: 5100 ns, Cleanup: 7600 ns, At safepoint: 2500 ns, Total: 15200 ns
[1497.948s][info ][safepoint      ] Safepoint "Cleanup", Time since last: 4000387332 ns, Reaching safepoint: 5600 ns, Cleanup: 9699 ns, At safepoint: 2100 ns, Total: 17399 ns
[1498.948s][info ][safepoint      ] Safepoint "Cleanup", Time since last: 1000110646 ns, Reaching safepoint: 4899 ns, Cleanup: 7400 ns, At safepoint: 1500 ns, Total: 13799 ns
[1499.948s][info ][safepoint      ] Safepoint "Cleanup", Time since last: 1000106222 ns, Reaching safepoint: 5800 ns, Cleanup: 9200 ns, At safepoint: 4100 ns, Total: 19100 ns
[1501.480s][info ][safepoint      ] Safepoint "Cleanup", Time since last: 1531613539 ns, Reaching safepoint: 76500 ns, Cleanup: 9500 ns, At safepoint: 5800 ns, Total: 91800 ns
[1504.481s][info ][safepoint      ] Safepoint "Cleanup", Time since last: 3000288864 ns, Reaching safepoint: 75100 ns, Cleanup: 7400 ns, At safepoint: 7000 ns, Total: 89500 ns
[1508.481s][info ][safepoint      ] Safepoint "Cleanup", Time since last: 4000328393 ns, Reaching safepoint: 74499 ns, Cleanup: 10500 ns, At safepoint: 5100 ns, Total: 90099 ns
[1509.481s][info ][safepoint      ] Safepoint "Cleanup", Time since last: 1000093598 ns, Reaching safepoint: 74099 ns, Cleanup: 8800 ns, At safepoint: 5500 ns, Total: 88399 ns
[1510.481s][info ][safepoint      ] Safepoint "Cleanup", Time since last: 1000117697 ns, Reaching safepoint: 81200 ns, Cleanup: 9100 ns, At safepoint: 8100 ns, Total: 98400 ns
[1511.482s][info ][safepoint      ] Safepoint "Cleanup", Time since last: 1000143697 ns, Reaching safepoint: 80899 ns, Cleanup: 17400 ns, At safepoint: 9900 ns, Total: 108199 ns
[1512.482s][info ][safepoint      ] Safepoint "Cleanup", Time since last: 1000123097 ns, Reaching safepoint: 80499 ns, Cleanup: 33100 ns, At safepoint: 41400 ns, Total: 154999 ns
[1513.482s][info ][safepoint      ] Safepoint "Cleanup", Time since last: 1000122605 ns, Reaching safepoint: 79400 ns, Cleanup: 9800 ns, At safepoint: 6600 ns, Total: 95800 ns
[1514.482s][info ][safepoint      ] Safepoint "Cleanup", Time since last: 1000119883 ns, Reaching safepoint: 79199 ns, Cleanup: 11400 ns, At safepoint: 8700 ns, Total: 99299 ns
[1515.482s][info ][safepoint      ] Safepoint "Cleanup", Time since last: 1000107983 ns, Reaching safepoint: 78900 ns, Cleanup: 9500 ns, At safepoint: 6500 ns, Total: 94900 ns
[1521.738s][info ][gc,start       ] GC(41) Pause Young (Allocation Failure)
[1521.750s][debug][gc,phases      ] GC(41) Scavenge 12.542ms
[1521.751s][debug][gc,ref         ] GC(41) ReferenceProcessor::execute queues: 1, RefProcThreadModel::Single, marks_oops_alive: false
[1521.751s][debug][gc,ref         ] GC(41) Skipped KeepAliveFinalRefsPhase of Reference Processing: no references
[1521.751s][debug][gc,ref         ] GC(41) ReferenceProcessor::execute queues: 1, RefProcThreadModel::Single, marks_oops_alive: false
[1521.751s][debug][gc,phases      ] GC(41) Reference Processing 0.105ms
[1521.751s][debug][gc,phases      ] GC(41)   VM Weak                        Min:  0.0, Avg:  0.0, Max:  0.0, Diff:  0.0, Sum:  0.0, Workers: 4
[1521.751s][debug][gc,phases      ] GC(41)     Dead                           Min: 0, Avg:  0.0, Max: 0, Diff: 0, Sum: 0, Workers: 4
[1521.751s][debug][gc,phases      ] GC(41)     Total                          Min: 0, Avg: 261.8, Max: 983, Diff: 983, Sum: 1047, Workers: 4
[1521.751s][debug][gc,phases      ] GC(41)   ObjectSynchronizer Weak        Min:  0.0, Avg:  0.0, Max:  0.0, Diff:  0.0, Sum:  0.0, Workers: 4
[1521.751s][debug][gc,phases      ] GC(41)     Dead                           Min: 0, Avg:  0.0, Max: 0, Diff: 0, Sum: 0, Workers: 4
[1521.751s][debug][gc,phases      ] GC(41)     Total                          Min: 0, Avg:  1.8, Max: 7, Diff: 7, Sum: 7, Workers: 4
[1521.751s][debug][gc,phases      ] GC(41)   JVMTI Tag Weak OopStorage      Min:  0.0, Avg:  0.0, Max:  0.0, Diff:  0.0, Sum:  0.0, Workers: 4
[1521.751s][debug][gc,phases      ] GC(41)     Dead                           Min: 0, Avg:  0.0, Max: 0, Diff: 0, Sum: 0, Workers: 4
[1521.751s][debug][gc,phases      ] GC(41)     Total                          Min: 0, Avg:  0.0, Max: 0, Diff: 0, Sum: 0, Workers: 4
[1521.751s][debug][gc,phases      ] GC(41)   StringTable Weak               Min:  0.0, Avg:  0.1, Max:  0.1, Diff:  0.1, Sum:  0.4, Workers: 4
[1521.751s][debug][gc,phases      ] GC(41)     Dead                           Min: 0, Avg:  0.5, Max: 2, Diff: 2, Sum: 2, Workers: 4
[1521.751s][debug][gc,phases      ] GC(41)     Total                          Min: 0, Avg: 11389.0, Max: 19254, Diff: 19254, Sum: 45556, Workers: 4
[1521.751s][debug][gc,phases      ] GC(41)   ResolvedMethodTable Weak       Min:  0.0, Avg:  0.0, Max:  0.0, Diff:  0.0, Sum:  0.1, Workers: 4
[1521.751s][debug][gc,phases      ] GC(41)     Dead                           Min: 0, Avg:  4.5, Max: 14, Diff: 14, Sum: 18, Workers: 4
[1521.751s][debug][gc,phases      ] GC(41)     Total                          Min: 0, Avg: 3781.5, Max: 6485, Diff: 6485, Sum: 15126, Workers: 4
[1521.751s][debug][gc,phases      ] GC(41)   JNI Weak                       Min:  0.0, Avg:  0.0, Max:  0.0, Diff:  0.0, Sum:  0.0, Workers: 4
[1521.751s][debug][gc,phases      ] GC(41)     Dead                           Min: 0, Avg:  0.0, Max: 0, Diff: 0, Sum: 0, Workers: 4
[1521.751s][debug][gc,phases      ] GC(41)     Total                          Min: 0, Avg: 13.8, Max: 55, Diff: 55, Sum: 55, Workers: 4
[1521.751s][debug][gc,phases      ] GC(41)   StringDedup Table Weak         Min:  0.0, Avg:  0.0, Max:  0.0, Diff:  0.0, Sum:  0.0, Workers: 4
[1521.751s][debug][gc,phases      ] GC(41)     Dead                           Min: 0, Avg:  0.0, Max: 0, Diff: 0, Sum: 0, Workers: 4
[1521.751s][debug][gc,phases      ] GC(41)     Total                          Min: 0, Avg:  0.0, Max: 0, Diff: 0, Sum: 0, Workers: 4
[1521.751s][debug][gc,phases      ] GC(41)   StringDedup Requests0 Weak     Min:  0.0, Avg:  0.0, Max:  0.0, Diff:  0.0, Sum:  0.0, Workers: 4
[1521.751s][debug][gc,phases      ] GC(41)     Dead                           Min: 0, Avg:  0.0, Max: 0, Diff: 0, Sum: 0, Workers: 4
[1521.751s][debug][gc,phases      ] GC(41)     Total                          Min: 0, Avg:  0.0, Max: 0, Diff: 0, Sum: 0, Workers: 4
[1521.751s][debug][gc,phases      ] GC(41)   StringDedup Requests1 Weak     Min:  0.0, Avg:  0.0, Max:  0.0, Diff:  0.0, Sum:  0.0, Workers: 4
[1521.751s][debug][gc,phases      ] GC(41)     Dead                           Min: 0, Avg:  0.0, Max: 0, Diff: 0, Sum: 0, Workers: 4
[1521.751s][debug][gc,phases      ] GC(41)     Total                          Min: 0, Avg:  0.0, Max: 0, Diff: 0, Sum: 0, Workers: 4
[1521.751s][debug][gc,phases      ] GC(41)   Weak JFR Old Object Samples    Min:  0.0, Avg:  0.0, Max:  0.0, Diff:  0.0, Sum:  0.0, Workers: 4
[1521.751s][debug][gc,phases      ] GC(41)     Dead                           Min: 0, Avg:  0.0, Max: 0, Diff: 0, Sum: 0, Workers: 4
[1521.751s][debug][gc,phases      ] GC(41)     Total                          Min: 0, Avg:  0.0, Max: 0, Diff: 0, Sum: 0, Workers: 4
[1521.751s][debug][gc,phases      ] GC(41) Weak Processing 0.388ms
[1521.751s][debug][gc,age         ] GC(41) Desired survivor size 90177536 bytes, new threshold 1 (max threshold 15)
[1521.751s][info ][gc,heap        ] GC(41) PSYoungGen: 1915080K(2003456K)->26960K(2001408K) Eden: 1907712K(1907712K)->0K(1907712K) From: 7368K(95744K)->26960K(93696K)
[1521.751s][info ][gc,heap        ] GC(41) ParOldGen: 822914K(823296K)->826043K(826368K)
[1521.751s][info ][gc,metaspace   ] GC(41) Metaspace: 105115K(106496K)->105115K(106496K) NonClass: 89398K(90176K)->89398K(90176K) Class: 15717K(16320K)->15717K(16320K)
[1521.751s][info ][gc             ] GC(41) Pause Young (Allocation Failure) 2673M->833M(2761M) 13.157ms
[1521.751s][info ][gc,cpu         ] GC(41) User=0.05s Sys=0.00s Real=0.01s
[1521.751s][info ][safepoint      ] Safepoint "ParallelGCFailedAllocation", Time since last: 6255088627 ns, Reaching safepoint: 249998 ns, Cleanup: 9700 ns, At safepoint: 13240526 ns, Total: 13500224 ns
[1522.751s][info ][safepoint      ] Safepoint "Cleanup", Time since last: 1000086089 ns, Reaching safepoint: 6200 ns, Cleanup: 9800 ns, At safepoint: 2100 ns, Total: 18100 ns
[1523.751s][info ][safepoint      ] Safepoint "Cleanup", Time since last: 1000110389 ns, Reaching safepoint: 88099 ns, Cleanup: 20600 ns, At safepoint: 7000 ns, Total: 115699 ns
[1526.752s][info ][safepoint      ] Safepoint "Cleanup", Time since last: 3000257977 ns, Reaching safepoint: 7200 ns, Cleanup: 9300 ns, At safepoint: 2600 ns, Total: 19100 ns
[1528.752s][info ][safepoint      ] Safepoint "Cleanup", Time since last: 2000184343 ns, Reaching safepoint: 4600 ns, Cleanup: 12900 ns, At safepoint: 5100 ns, Total: 22600 ns
[1530.752s][info ][safepoint      ] Safepoint "Cleanup", Time since last: 2000174740 ns, Reaching safepoint: 6500 ns, Cleanup: 9200 ns, At safepoint: 2100 ns, Total: 17800 ns
[1531.752s][info ][safepoint      ] Safepoint "Cleanup", Time since last: 1000076585 ns, Reaching safepoint: 6700 ns, Cleanup: 17500 ns, At safepoint: 2500 ns, Total: 26700 ns
[1533.752s][info ][safepoint      ] Safepoint "Cleanup", Time since last: 2000171069 ns, Reaching safepoint: 5000 ns, Cleanup: 18800 ns, At safepoint: 2300 ns, Total: 26100 ns
[1534.753s][info ][safepoint      ] Safepoint "Cleanup", Time since last: 1000098584 ns, Reaching safepoint: 6200 ns, Cleanup: 12400 ns, At safepoint: 2000 ns, Total: 20600 ns
[1535.753s][info ][safepoint      ] Safepoint "Cleanup", Time since last: 1000115285 ns, Reaching safepoint: 7600 ns, Cleanup: 18299 ns, At safepoint: 2700 ns, Total: 28599 ns
[1536.753s][info ][safepoint      ] Safepoint "Cleanup", Time since last: 1000143785 ns, Reaching safepoint: 6600 ns, Cleanup: 25499 ns, At safepoint: 2600 ns, Total: 34699 ns
[1537.753s][info ][safepoint      ] Safepoint "Cleanup", Time since last: 1000119029 ns, Reaching safepoint: 7100 ns, Cleanup: 13000 ns, At safepoint: 2500 ns, Total: 22600 ns
[1538.753s][info ][safepoint      ] Safepoint "Cleanup", Time since last: 1000133689 ns, Reaching safepoint: 6800 ns, Cleanup: 14200 ns, At safepoint: 2500 ns, Total: 23500 ns
[1539.753s][info ][safepoint      ] Safepoint "Cleanup", Time since last: 1000114689 ns, Reaching safepoint: 6200 ns, Cleanup: 24900 ns, At safepoint: 2000 ns, Total: 33100 ns
[1542.754s][info ][safepoint      ] Safepoint "Cleanup", Time since last: 3000264168 ns, Reaching safepoint: 6900 ns, Cleanup: 13899 ns, At safepoint: 2800 ns, Total: 23599 ns
[1546.754s][info ][safepoint      ] Safepoint "Cleanup", Time since last: 4000355369 ns, Reaching safepoint: 6600 ns, Cleanup: 22699 ns, At safepoint: 2500 ns, Total: 31799 ns
[1547.754s][info ][safepoint      ] Safepoint "Cleanup", Time since last: 1000119065 ns, Reaching safepoint: 8000 ns, Cleanup: 15600 ns, At safepoint: 31199 ns, Total: 54799 ns
[1548.290s][info ][gc,start       ] GC(42) Pause Young (Allocation Failure)
[1548.314s][debug][gc,phases      ] GC(42) Scavenge 24.749ms
[1548.314s][debug][gc,ref         ] GC(42) ReferenceProcessor::execute queues: 1, RefProcThreadModel::Single, marks_oops_alive: false
[1548.314s][debug][gc,ref         ] GC(42) Skipped KeepAliveFinalRefsPhase of Reference Processing: no references
[1548.314s][debug][gc,ref         ] GC(42) ReferenceProcessor::execute queues: 1, RefProcThreadModel::Single, marks_oops_alive: false
[1548.314s][debug][gc,phases      ] GC(42) Reference Processing 0.116ms
[1548.315s][debug][gc,phases      ] GC(42)   VM Weak                        Min:  0.0, Avg:  0.0, Max:  0.0, Diff:  0.0, Sum:  0.0, Workers: 4
[1548.315s][debug][gc,phases      ] GC(42)     Dead                           Min: 0, Avg:  0.0, Max: 0, Diff: 0, Sum: 0, Workers: 4
[1548.315s][debug][gc,phases      ] GC(42)     Total                          Min: 0, Avg: 261.8, Max: 1024, Diff: 1024, Sum: 1047, Workers: 4
[1548.315s][debug][gc,phases      ] GC(42)   ObjectSynchronizer Weak        Min:  0.0, Avg:  0.0, Max:  0.0, Diff:  0.0, Sum:  0.0, Workers: 4
[1548.315s][debug][gc,phases      ] GC(42)     Dead                           Min: 0, Avg:  0.0, Max: 0, Diff: 0, Sum: 0, Workers: 4
[1548.315s][debug][gc,phases      ] GC(42)     Total                          Min: 0, Avg:  1.8, Max: 7, Diff: 7, Sum: 7, Workers: 4
[1548.315s][debug][gc,phases      ] GC(42)   JVMTI Tag Weak OopStorage      Min:  0.0, Avg:  0.0, Max:  0.0, Diff:  0.0, Sum:  0.0, Workers: 4
[1548.315s][debug][gc,phases      ] GC(42)     Dead                           Min: 0, Avg:  0.0, Max: 0, Diff: 0, Sum: 0, Workers: 4
[1548.315s][debug][gc,phases      ] GC(42)     Total                          Min: 0, Avg:  0.0, Max: 0, Diff: 0, Sum: 0, Workers: 4
[1548.315s][debug][gc,phases      ] GC(42)   StringTable Weak               Min:  0.0, Avg:  0.1, Max:  0.1, Diff:  0.1, Sum:  0.4, Workers: 4
[1548.315s][debug][gc,phases      ] GC(42)     Dead                           Min: 0, Avg:  0.5, Max: 1, Diff: 1, Sum: 2, Workers: 4
[1548.315s][debug][gc,phases      ] GC(42)     Total                          Min: 0, Avg: 11392.8, Max: 20032, Diff: 20032, Sum: 45571, Workers: 4
[1548.315s][debug][gc,phases      ] GC(42)   ResolvedMethodTable Weak       Min:  0.0, Avg:  0.0, Max:  0.0, Diff:  0.0, Sum:  0.1, Workers: 4
[1548.315s][debug][gc,phases      ] GC(42)     Dead                           Min: 0, Avg:  8.0, Max: 24, Diff: 24, Sum: 32, Workers: 4
[1548.315s][debug][gc,phases      ] GC(42)     Total                          Min: 0, Avg: 3787.5, Max: 6637, Diff: 6637, Sum: 15150, Workers: 4
[1548.315s][debug][gc,phases      ] GC(42)   JNI Weak                       Min:  0.0, Avg:  0.0, Max:  0.0, Diff:  0.0, Sum:  0.0, Workers: 4
[1548.315s][debug][gc,phases      ] GC(42)     Dead                           Min: 0, Avg:  0.0, Max: 0, Diff: 0, Sum: 0, Workers: 4
[1548.315s][debug][gc,phases      ] GC(42)     Total                          Min: 0, Avg: 13.0, Max: 52, Diff: 52, Sum: 52, Workers: 4
[1548.315s][debug][gc,phases      ] GC(42)   StringDedup Table Weak         Min:  0.0, Avg:  0.0, Max:  0.0, Diff:  0.0, Sum:  0.0, Workers: 4
[1548.315s][debug][gc,phases      ] GC(42)     Dead                           Min: 0, Avg:  0.0, Max: 0, Diff: 0, Sum: 0, Workers: 4
[1548.315s][debug][gc,phases      ] GC(42)     Total                          Min: 0, Avg:  0.0, Max: 0, Diff: 0, Sum: 0, Workers: 4
[1548.315s][debug][gc,phases      ] GC(42)   StringDedup Requests0 Weak     Min:  0.0, Avg:  0.0, Max:  0.0, Diff:  0.0, Sum:  0.0, Workers: 4
[1548.315s][debug][gc,phases      ] GC(42)     Dead                           Min: 0, Avg:  0.0, Max: 0, Diff: 0, Sum: 0, Workers: 4
[1548.315s][debug][gc,phases      ] GC(42)     Total                          Min: 0, Avg:  0.0, Max: 0, Diff: 0, Sum: 0, Workers: 4
[1548.315s][debug][gc,phases      ] GC(42)   StringDedup Requests1 Weak     Min:  0.0, Avg:  0.0, Max:  0.0, Diff:  0.0, Sum:  0.0, Workers: 4
[1548.315s][debug][gc,phases      ] GC(42)     Dead                           Min: 0, Avg:  0.0, Max: 0, Diff: 0, Sum: 0, Workers: 4
[1548.315s][debug][gc,phases      ] GC(42)     Total                          Min: 0, Avg:  0.0, Max: 0, Diff: 0, Sum: 0, Workers: 4
[1548.315s][debug][gc,phases      ] GC(42)   Weak JFR Old Object Samples    Min:  0.0, Avg:  0.0, Max:  0.0, Diff:  0.0, Sum:  0.0, Workers: 4
[1548.315s][debug][gc,phases      ] GC(42)     Dead                           Min: 0, Avg:  0.0, Max: 0, Diff: 0, Sum: 0, Workers: 4
[1548.315s][debug][gc,phases      ] GC(42)     Total                          Min: 0, Avg:  0.0, Max: 0, Diff: 0, Sum: 0, Workers: 4
[1548.315s][debug][gc,phases      ] GC(42) Weak Processing 0.398ms
[1548.315s][debug][gc,age         ] GC(42) Desired survivor size 89128960 bytes, new threshold 1 (max threshold 15)
[1548.315s][info ][gc,heap        ] GC(42) PSYoungGen: 1934672K(2001408K)->42616K(2010112K) Eden: 1907712K(1907712K)->0K(1922048K) From: 26960K(93696K)->42616K(88064K)
[1548.315s][info ][gc,heap        ] GC(42) ParOldGen: 826043K(826368K)->847641K(847872K)
[1548.315s][info ][gc,metaspace   ] GC(42) Metaspace: 105179K(106560K)->105179K(106560K) NonClass: 89455K(90240K)->89455K(90240K) Class: 15723K(16320K)->15723K(16320K)
[1548.315s][info ][gc             ] GC(42) Pause Young (Allocation Failure) 2696M->869M(2791M) 25.385ms
[1548.315s][info ][gc,cpu         ] GC(42) User=0.08s Sys=0.02s Real=0.03s
[1548.315s][info ][safepoint      ] Safepoint "ParallelGCFailedAllocation", Time since last: 535363167 ns, Reaching safepoint: 5900 ns, Cleanup: 3400 ns, At safepoint: 25459308 ns, Total: 25468608 ns
[1550.315s][info ][safepoint      ] Safepoint "Cleanup", Time since last: 2000190029 ns, Reaching safepoint: 6300 ns, Cleanup: 8500 ns, At safepoint: 2100 ns, Total: 16900 ns
[1551.315s][info ][safepoint      ] Safepoint "Cleanup", Time since last: 1000100865 ns, Reaching safepoint: 6400 ns, Cleanup: 11300 ns, At safepoint: 2300 ns, Total: 20000 ns
[1557.316s][info ][safepoint      ] Safepoint "Cleanup", Time since last: 6000409614 ns, Reaching safepoint: 7200 ns, Cleanup: 11700 ns, At safepoint: 3300 ns, Total: 22200 ns
[1561.498s][info ][safepoint      ] Safepoint "Cleanup", Time since last: 4182493651 ns, Reaching safepoint: 5899 ns, Cleanup: 12300 ns, At safepoint: 2100 ns, Total: 20299 ns
[1562.498s][info ][safepoint      ] Safepoint "Cleanup", Time since last: 1000114470 ns, Reaching safepoint: 6300 ns, Cleanup: 12000 ns, At safepoint: 2400 ns, Total: 20700 ns
[1563.498s][info ][safepoint      ] Safepoint "Cleanup", Time since last: 1000106058 ns, Reaching safepoint: 5400 ns, Cleanup: 11000 ns, At safepoint: 1900 ns, Total: 18300 ns
[1564.499s][info ][safepoint      ] Safepoint "Cleanup", Time since last: 1000099359 ns, Reaching safepoint: 6000 ns, Cleanup: 9399 ns, At safepoint: 2300 ns, Total: 17699 ns
[1570.499s][info ][safepoint      ] Safepoint "Cleanup", Time since last: 6000476670 ns, Reaching safepoint: 5900 ns, Cleanup: 11600 ns, At safepoint: 2100 ns, Total: 19600 ns
[1575.500s][info ][safepoint      ] Safepoint "Cleanup", Time since last: 5000450449 ns, Reaching safepoint: 6500 ns, Cleanup: 8000 ns, At safepoint: 2500 ns, Total: 17000 ns
[1589.501s][info ][safepoint      ] Safepoint "Cleanup", Time since last: 14001102973 ns, Reaching safepoint: 6800 ns, Cleanup: 9599 ns, At safepoint: 2500 ns, Total: 18899 ns
[1596.501s][info ][safepoint      ] Safepoint "Cleanup", Time since last: 7000594377 ns, Reaching safepoint: 6400 ns, Cleanup: 9000 ns, At safepoint: 1700 ns, Total: 17100 ns
[1598.501s][info ][safepoint      ] Safepoint "Cleanup", Time since last: 2000171248 ns, Reaching safepoint: 6900 ns, Cleanup: 11800 ns, At safepoint: 2900 ns, Total: 21600 ns
[1602.502s][info ][safepoint      ] Safepoint "Cleanup", Time since last: 4000342673 ns, Reaching safepoint: 7400 ns, Cleanup: 18300 ns, At safepoint: 2300 ns, Total: 28000 ns
[1603.502s][info ][safepoint      ] Safepoint "Cleanup", Time since last: 1000116568 ns, Reaching safepoint: 7600 ns, Cleanup: 14000 ns, At safepoint: 3400 ns, Total: 25000 ns
[1606.502s][info ][safepoint      ] Safepoint "Cleanup", Time since last: 3000260805 ns, Reaching safepoint: 5200 ns, Cleanup: 11100 ns, At safepoint: 2200 ns, Total: 18500 ns
[1608.503s][info ][safepoint      ] Safepoint "Cleanup", Time since last: 2000213212 ns, Reaching safepoint: 7100 ns, Cleanup: 15300 ns, At safepoint: 3400 ns, Total: 25800 ns
[1609.503s][info ][safepoint      ] Safepoint "Cleanup", Time since last: 1000124165 ns, Reaching safepoint: 6900 ns, Cleanup: 12000 ns, At safepoint: 2300 ns, Total: 21200 ns
[1611.303s][info ][gc,start       ] GC(43) Pause Young (Allocation Failure)
[1611.325s][debug][gc,phases      ] GC(43) Scavenge 22.341ms
[1611.326s][debug][gc,ref         ] GC(43) ReferenceProcessor::execute queues: 1, RefProcThreadModel::Single, marks_oops_alive: false
[1611.326s][debug][gc,ref         ] GC(43) Skipped KeepAliveFinalRefsPhase of Reference Processing: no references
[1611.326s][debug][gc,ref         ] GC(43) Skipped PhantomRefsPhase of Reference Processing: no references
[1611.326s][debug][gc,phases      ] GC(43) Reference Processing 0.105ms
[1611.326s][debug][gc,phases      ] GC(43)   VM Weak                        Min:  0.0, Avg:  0.0, Max:  0.0, Diff:  0.0, Sum:  0.0, Workers: 4
[1611.326s][debug][gc,phases      ] GC(43)     Dead                           Min: 0, Avg:  0.0, Max: 0, Diff: 0, Sum: 0, Workers: 4
[1611.326s][debug][gc,phases      ] GC(43)     Total                          Min: 0, Avg: 261.8, Max: 727, Diff: 727, Sum: 1047, Workers: 4
[1611.326s][debug][gc,phases      ] GC(43)   ObjectSynchronizer Weak        Min:  0.0, Avg:  0.0, Max:  0.0, Diff:  0.0, Sum:  0.0, Workers: 4
[1611.326s][debug][gc,phases      ] GC(43)     Dead                           Min: 0, Avg:  0.0, Max: 0, Diff: 0, Sum: 0, Workers: 4
[1611.326s][debug][gc,phases      ] GC(43)     Total                          Min: 0, Avg:  1.5, Max: 6, Diff: 6, Sum: 6, Workers: 4
[1611.326s][debug][gc,phases      ] GC(43)   JVMTI Tag Weak OopStorage      Min:  0.0, Avg:  0.0, Max:  0.0, Diff:  0.0, Sum:  0.0, Workers: 4
[1611.326s][debug][gc,phases      ] GC(43)     Dead                           Min: 0, Avg:  0.0, Max: 0, Diff: 0, Sum: 0, Workers: 4
[1611.326s][debug][gc,phases      ] GC(43)     Total                          Min: 0, Avg:  0.0, Max: 0, Diff: 0, Sum: 0, Workers: 4
[1611.326s][debug][gc,phases      ] GC(43)   StringTable Weak               Min:  0.0, Avg:  0.1, Max:  0.1, Diff:  0.1, Sum:  0.4, Workers: 4
[1611.326s][debug][gc,phases      ] GC(43)     Dead                           Min: 0, Avg:  0.0, Max: 0, Diff: 0, Sum: 0, Workers: 4
[1611.326s][debug][gc,phases      ] GC(43)     Total                          Min: 0, Avg: 11393.0, Max: 20031, Diff: 20031, Sum: 45572, Workers: 4
[1611.326s][debug][gc,phases      ] GC(43)   ResolvedMethodTable Weak       Min:  0.0, Avg:  0.0, Max:  0.0, Diff:  0.0, Sum:  0.1, Workers: 4
[1611.326s][debug][gc,phases      ] GC(43)     Dead                           Min: 0, Avg:  4.0, Max: 12, Diff: 12, Sum: 16, Workers: 4
[1611.326s][debug][gc,phases      ] GC(43)     Total                          Min: 0, Avg: 3787.5, Max: 6641, Diff: 6641, Sum: 15150, Workers: 4
[1611.326s][debug][gc,phases      ] GC(43)   JNI Weak                       Min:  0.0, Avg:  0.0, Max:  0.0, Diff:  0.0, Sum:  0.0, Workers: 4
[1611.326s][debug][gc,phases      ] GC(43)     Dead                           Min: 0, Avg:  0.0, Max: 0, Diff: 0, Sum: 0, Workers: 4
[1611.326s][debug][gc,phases      ] GC(43)     Total                          Min: 0, Avg: 13.0, Max: 52, Diff: 52, Sum: 52, Workers: 4
[1611.326s][debug][gc,phases      ] GC(43)   StringDedup Table Weak         Min:  0.0, Avg:  0.0, Max:  0.0, Diff:  0.0, Sum:  0.0, Workers: 4
[1611.326s][debug][gc,phases      ] GC(43)     Dead                           Min: 0, Avg:  0.0, Max: 0, Diff: 0, Sum: 0, Workers: 4
[1611.326s][debug][gc,phases      ] GC(43)     Total                          Min: 0, Avg:  0.0, Max: 0, Diff: 0, Sum: 0, Workers: 4
[1611.326s][debug][gc,phases      ] GC(43)   StringDedup Requests0 Weak     Min:  0.0, Avg:  0.0, Max:  0.0, Diff:  0.0, Sum:  0.0, Workers: 4
[1611.326s][debug][gc,phases      ] GC(43)     Dead                           Min: 0, Avg:  0.0, Max: 0, Diff: 0, Sum: 0, Workers: 4
[1611.326s][debug][gc,phases      ] GC(43)     Total                          Min: 0, Avg:  0.0, Max: 0, Diff: 0, Sum: 0, Workers: 4
[1611.326s][debug][gc,phases      ] GC(43)   StringDedup Requests1 Weak     Min:  0.0, Avg:  0.0, Max:  0.0, Diff:  0.0, Sum:  0.0, Workers: 4
[1611.326s][debug][gc,phases      ] GC(43)     Dead                           Min: 0, Avg:  0.0, Max: 0, Diff: 0, Sum: 0, Workers: 4
[1611.326s][debug][gc,phases      ] GC(43)     Total                          Min: 0, Avg:  0.0, Max: 0, Diff: 0, Sum: 0, Workers: 4
[1611.326s][debug][gc,phases      ] GC(43)   Weak JFR Old Object Samples    Min:  0.0, Avg:  0.0, Max:  0.0, Diff:  0.0, Sum:  0.0, Workers: 4
[1611.326s][debug][gc,phases      ] GC(43)     Dead                           Min: 0, Avg:  0.0, Max: 0, Diff: 0, Sum: 0, Workers: 4
[1611.326s][debug][gc,phases      ] GC(43)     Total                          Min: 0, Avg:  0.0, Max: 0, Diff: 0, Sum: 0, Workers: 4
[1611.326s][debug][gc,phases      ] GC(43) Weak Processing 0.434ms
[1611.326s][debug][gc,age         ] GC(43) Desired survivor size 85458944 bytes, new threshold 1 (max threshold 15)
[1611.326s][info ][gc,heap        ] GC(43) PSYoungGen: 1964664K(2010112K)->18256K(2009088K) Eden: 1922048K(1922048K)->0K(1922048K) From: 42616K(88064K)->18256K(87040K)
[1611.326s][info ][gc,heap        ] GC(43) ParOldGen: 847641K(847872K)->882415K(882688K)
[1611.326s][info ][gc,metaspace   ] GC(43) Metaspace: 105198K(106624K)->105198K(106624K) NonClass: 89475K(90304K)->89475K(90304K) Class: 15723K(16320K)->15723K(16320K)
[1611.326s][info ][gc             ] GC(43) Pause Young (Allocation Failure) 2746M->879M(2824M) 23.012ms
[1611.326s][info ][gc,cpu         ] GC(43) User=0.06s Sys=0.03s Real=0.03s
[1611.326s][info ][safepoint      ] Safepoint "ParallelGCFailedAllocation", Time since last: 1800328118 ns, Reaching safepoint: 5800 ns, Cleanup: 4600 ns, At safepoint: 23085469 ns, Total: 23095869 ns
[1615.326s][info ][safepoint      ] Safepoint "Cleanup", Time since last: 4000292675 ns, Reaching safepoint: 8700 ns, Cleanup: 13100 ns, At safepoint: 2800 ns, Total: 24600 ns
[1616.327s][info ][safepoint      ] Safepoint "Cleanup", Time since last: 1000132575 ns, Reaching safepoint: 5200 ns, Cleanup: 14800 ns, At safepoint: 2100 ns, Total: 22100 ns
[1617.327s][info ][safepoint      ] Safepoint "Cleanup", Time since last: 1000106232 ns, Reaching safepoint: 5700 ns, Cleanup: 21500 ns, At safepoint: 2200 ns, Total: 29400 ns
[1618.327s][info ][safepoint      ] Safepoint "Cleanup", Time since last: 1000125314 ns, Reaching safepoint: 8900 ns, Cleanup: 14100 ns, At safepoint: 2500 ns, Total: 25500 ns
[1619.327s][info ][safepoint      ] Safepoint "Cleanup", Time since last: 1000143313 ns, Reaching safepoint: 5300 ns, Cleanup: 16300 ns, At safepoint: 2200 ns, Total: 23800 ns
[1620.517s][info ][safepoint      ] Safepoint "Cleanup", Time since last: 1189472067 ns, Reaching safepoint: 4900 ns, Cleanup: 12100 ns, At safepoint: 6000 ns, Total: 23000 ns
[1620.621s][info ][gc,start       ] GC(44) Pause Young (CodeCache GC Threshold)
[1620.633s][debug][gc,phases      ] GC(44) Scavenge 11.803ms
[1620.633s][debug][gc,ref         ] GC(44) ReferenceProcessor::execute queues: 1, RefProcThreadModel::Single, marks_oops_alive: false
[1620.633s][debug][gc,ref         ] GC(44) Skipped KeepAliveFinalRefsPhase of Reference Processing: no references
[1620.633s][debug][gc,ref         ] GC(44) ReferenceProcessor::execute queues: 1, RefProcThreadModel::Single, marks_oops_alive: false
[1620.633s][debug][gc,phases      ] GC(44) Reference Processing 0.103ms
[1620.633s][debug][gc,phases      ] GC(44)   VM Weak                        Min:  0.0, Avg:  0.0, Max:  0.0, Diff:  0.0, Sum:  0.0, Workers: 4
[1620.633s][debug][gc,phases      ] GC(44)     Dead                           Min: 0, Avg:  0.0, Max: 0, Diff: 0, Sum: 0, Workers: 4
[1620.633s][debug][gc,phases      ] GC(44)     Total                          Min: 0, Avg: 261.8, Max: 768, Diff: 768, Sum: 1047, Workers: 4
[1620.633s][debug][gc,phases      ] GC(44)   ObjectSynchronizer Weak        Min:  0.0, Avg:  0.0, Max:  0.0, Diff:  0.0, Sum:  0.0, Workers: 4
[1620.633s][debug][gc,phases      ] GC(44)     Dead                           Min: 0, Avg:  0.0, Max: 0, Diff: 0, Sum: 0, Workers: 4
[1620.633s][debug][gc,phases      ] GC(44)     Total                          Min: 0, Avg:  0.8, Max: 3, Diff: 3, Sum: 3, Workers: 4
[1620.633s][debug][gc,phases      ] GC(44)   JVMTI Tag Weak OopStorage      Min:  0.0, Avg:  0.0, Max:  0.0, Diff:  0.0, Sum:  0.0, Workers: 4
[1620.633s][debug][gc,phases      ] GC(44)     Dead                           Min: 0, Avg:  0.0, Max: 0, Diff: 0, Sum: 0, Workers: 4
[1620.633s][debug][gc,phases      ] GC(44)     Total                          Min: 0, Avg:  0.0, Max: 0, Diff: 0, Sum: 0, Workers: 4
[1620.633s][debug][gc,phases      ] GC(44)   StringTable Weak               Min:  0.0, Avg:  0.1, Max:  0.1, Diff:  0.1, Sum:  0.4, Workers: 4
[1620.633s][debug][gc,phases      ] GC(44)     Dead                           Min: 0, Avg:  0.0, Max: 0, Diff: 0, Sum: 0, Workers: 4
[1620.633s][debug][gc,phases      ] GC(44)     Total                          Min: 0, Avg: 11393.5, Max: 20038, Diff: 20038, Sum: 45574, Workers: 4
[1620.633s][debug][gc,phases      ] GC(44)   ResolvedMethodTable Weak       Min:  0.0, Avg:  0.0, Max:  0.0, Diff:  0.0, Sum:  0.1, Workers: 4
[1620.633s][debug][gc,phases      ] GC(44)     Dead                           Min: 0, Avg:  0.0, Max: 0, Diff: 0, Sum: 0, Workers: 4
[1620.634s][debug][gc,phases      ] GC(44)     Total                          Min: 0, Avg: 3788.5, Max: 6420, Diff: 6420, Sum: 15154, Workers: 4
[1620.634s][debug][gc,phases      ] GC(44)   JNI Weak                       Min:  0.0, Avg:  0.0, Max:  0.0, Diff:  0.0, Sum:  0.0, Workers: 4
[1620.634s][debug][gc,phases      ] GC(44)     Dead                           Min: 0, Avg:  0.0, Max: 0, Diff: 0, Sum: 0, Workers: 4
[1620.634s][debug][gc,phases      ] GC(44)     Total                          Min: 0, Avg: 13.2, Max: 53, Diff: 53, Sum: 53, Workers: 4
[1620.634s][debug][gc,phases      ] GC(44)   StringDedup Table Weak         Min:  0.0, Avg:  0.0, Max:  0.0, Diff:  0.0, Sum:  0.0, Workers: 4
[1620.634s][debug][gc,phases      ] GC(44)     Dead                           Min: 0, Avg:  0.0, Max: 0, Diff: 0, Sum: 0, Workers: 4
[1620.634s][debug][gc,phases      ] GC(44)     Total                          Min: 0, Avg:  0.0, Max: 0, Diff: 0, Sum: 0, Workers: 4
[1620.634s][debug][gc,phases      ] GC(44)   StringDedup Requests0 Weak     Min:  0.0, Avg:  0.0, Max:  0.0, Diff:  0.0, Sum:  0.0, Workers: 4
[1620.634s][debug][gc,phases      ] GC(44)     Dead                           Min: 0, Avg:  0.0, Max: 0, Diff: 0, Sum: 0, Workers: 4
[1620.634s][debug][gc,phases      ] GC(44)     Total                          Min: 0, Avg:  0.0, Max: 0, Diff: 0, Sum: 0, Workers: 4
[1620.634s][debug][gc,phases      ] GC(44)   StringDedup Requests1 Weak     Min:  0.0, Avg:  0.0, Max:  0.0, Diff:  0.0, Sum:  0.0, Workers: 4
[1620.634s][debug][gc,phases      ] GC(44)     Dead                           Min: 0, Avg:  0.0, Max: 0, Diff: 0, Sum: 0, Workers: 4
[1620.634s][debug][gc,phases      ] GC(44)     Total                          Min: 0, Avg:  0.0, Max: 0, Diff: 0, Sum: 0, Workers: 4
[1620.634s][debug][gc,phases      ] GC(44)   Weak JFR Old Object Samples    Min:  0.0, Avg:  0.0, Max:  0.0, Diff:  0.0, Sum:  0.0, Workers: 4
[1620.634s][debug][gc,phases      ] GC(44)     Dead                           Min: 0, Avg:  0.0, Max: 0, Diff: 0, Sum: 0, Workers: 4
[1620.634s][debug][gc,phases      ] GC(44)     Total                          Min: 0, Avg:  0.0, Max: 0, Diff: 0, Sum: 0, Workers: 4
[1620.634s][debug][gc,phases      ] GC(44) Weak Processing 0.380ms
[1620.634s][debug][gc,age         ] GC(44) Desired survivor size 83886080 bytes, new threshold 1 (max threshold 15)
[1620.634s][info ][gc,heap        ] GC(44) PSYoungGen: 532496K(2009088K)->10480K(2015232K) Eden: 514239K(1922048K)->0K(1931776K) From: 18256K(87040K)->10480K(83456K)
[1620.634s][info ][gc,heap        ] GC(44) ParOldGen: 882415K(882688K)->898948K(899072K)
[1620.634s][info ][gc,metaspace   ] GC(44) Metaspace: 105217K(106624K)->105217K(106624K) NonClass: 89493K(90304K)->89493K(90304K) Class: 15724K(16320K)->15724K(16320K)
[1620.634s][info ][gc             ] GC(44) Pause Young (CodeCache GC Threshold) 1381M->888M(2846M) 12.406ms
[1620.634s][info ][gc,cpu         ] GC(44) User=0.04s Sys=0.00s Real=0.01s
[1620.634s][debug][gc,phases      ] GC(45) Pre Compact 0.008ms
[1620.634s][info ][gc,start       ] GC(45) Pause Full (CodeCache GC Threshold)
[1620.634s][info ][gc,phases,start] GC(45) Marking Phase
[1620.724s][debug][gc,phases      ] GC(45) Par Mark 90.079ms
[1620.725s][debug][gc,ref         ] GC(45) ReferenceProcessor::execute queues: 4, RefProcThreadModel::Multi, marks_oops_alive: false
[1620.725s][debug][gc,ref         ] GC(45) Skipped KeepAliveFinalRefsPhase of Reference Processing: no references
[1620.725s][debug][gc,ref         ] GC(45) ReferenceProcessor::execute queues: 1, RefProcThreadModel::Single, marks_oops_alive: false
[1620.725s][debug][gc,phases      ] GC(45) Reference Processing 1.280ms
[1620.725s][debug][gc,phases      ] GC(45)   VM Weak                        Min:  0.0, Avg:  0.0, Max:  0.0, Diff:  0.0, Sum:  0.0, Workers: 4
[1620.725s][debug][gc,phases      ] GC(45)     Dead                           Min: 0, Avg:  0.0, Max: 0, Diff: 0, Sum: 0, Workers: 4
[1620.725s][debug][gc,phases      ] GC(45)     Total                          Min: 23, Avg: 261.8, Max: 448, Diff: 425, Sum: 1047, Workers: 4
[1620.725s][debug][gc,phases      ] GC(45)   ObjectSynchronizer Weak        Min:  0.0, Avg:  0.0, Max:  0.0, Diff:  0.0, Sum:  0.0, Workers: 4
[1620.725s][debug][gc,phases      ] GC(45)     Dead                           Min: 0, Avg:  0.0, Max: 0, Diff: 0, Sum: 0, Workers: 4
[1620.725s][debug][gc,phases      ] GC(45)     Total                          Min: 0, Avg:  0.8, Max: 3, Diff: 3, Sum: 3, Workers: 4
[1620.725s][debug][gc,phases      ] GC(45)   JVMTI Tag Weak OopStorage      Min:  0.0, Avg:  0.0, Max:  0.0, Diff:  0.0, Sum:  0.0, Workers: 4
[1620.725s][debug][gc,phases      ] GC(45)     Dead                           Min: 0, Avg:  0.0, Max: 0, Diff: 0, Sum: 0, Workers: 4
[1620.725s][debug][gc,phases      ] GC(45)     Total                          Min: 0, Avg:  0.0, Max: 0, Diff: 0, Sum: 0, Workers: 4
[1620.725s][debug][gc,phases      ] GC(45)   StringTable Weak               Min:  0.2, Avg:  0.2, Max:  0.2, Diff:  0.0, Sum:  0.6, Workers: 4
[1620.725s][debug][gc,phases      ] GC(45)     Dead                           Min: 0, Avg:  0.0, Max: 0, Diff: 0, Sum: 0, Workers: 4
[1620.725s][debug][gc,phases      ] GC(45)     Total                          Min: 11071, Avg: 11393.5, Max: 11840, Diff: 769, Sum: 45574, Workers: 4
[1620.725s][debug][gc,phases      ] GC(45)   ResolvedMethodTable Weak       Min:  0.0, Avg:  0.1, Max:  0.1, Diff:  0.0, Sum:  0.2, Workers: 4
[1620.725s][debug][gc,phases      ] GC(45)     Dead                           Min: 0, Avg:  0.0, Max: 0, Diff: 0, Sum: 0, Workers: 4
[1620.725s][debug][gc,phases      ] GC(45)     Total                          Min: 3603, Avg: 3788.5, Max: 4055, Diff: 452, Sum: 15154, Workers: 4
[1620.725s][debug][gc,phases      ] GC(45)   JNI Weak                       Min:  0.0, Avg:  0.0, Max:  0.0, Diff:  0.0, Sum:  0.0, Workers: 4
[1620.725s][debug][gc,phases      ] GC(45)     Dead                           Min: 0, Avg:  0.0, Max: 0, Diff: 0, Sum: 0, Workers: 4
[1620.725s][debug][gc,phases      ] GC(45)     Total                          Min: 0, Avg: 13.2, Max: 53, Diff: 53, Sum: 53, Workers: 4
[1620.725s][debug][gc,phases      ] GC(45)   StringDedup Table Weak         Min:  0.0, Avg:  0.0, Max:  0.0, Diff:  0.0, Sum:  0.0, Workers: 4
[1620.725s][debug][gc,phases      ] GC(45)     Dead                           Min: 0, Avg:  0.0, Max: 0, Diff: 0, Sum: 0, Workers: 4
[1620.725s][debug][gc,phases      ] GC(45)     Total                          Min: 0, Avg:  0.0, Max: 0, Diff: 0, Sum: 0, Workers: 4
[1620.725s][debug][gc,phases      ] GC(45)   StringDedup Requests0 Weak     Min:  0.0, Avg:  0.0, Max:  0.0, Diff:  0.0, Sum:  0.0, Workers: 4
[1620.725s][debug][gc,phases      ] GC(45)     Dead                           Min: 0, Avg:  0.0, Max: 0, Diff: 0, Sum: 0, Workers: 4
[1620.725s][debug][gc,phases      ] GC(45)     Total                          Min: 0, Avg:  0.0, Max: 0, Diff: 0, Sum: 0, Workers: 4
[1620.725s][debug][gc,phases      ] GC(45)   StringDedup Requests1 Weak     Min:  0.0, Avg:  0.0, Max:  0.0, Diff:  0.0, Sum:  0.0, Workers: 4
[1620.725s][debug][gc,phases      ] GC(45)     Dead                           Min: 0, Avg:  0.0, Max: 0, Diff: 0, Sum: 0, Workers: 4
[1620.725s][debug][gc,phases      ] GC(45)     Total                          Min: 0, Avg:  0.0, Max: 0, Diff: 0, Sum: 0, Workers: 4
[1620.726s][debug][gc,phases      ] GC(45)   Weak JFR Old Object Samples    Min:  0.0, Avg:  0.0, Max:  0.0, Diff:  0.0, Sum:  0.0, Workers: 4
[1620.726s][debug][gc,phases      ] GC(45)     Dead                           Min: 0, Avg:  0.0, Max: 0, Diff: 0, Sum: 0, Workers: 4
[1620.726s][debug][gc,phases      ] GC(45)     Total                          Min: 0, Avg:  0.0, Max: 0, Diff: 0, Sum: 0, Workers: 4
[1620.726s][debug][gc,phases      ] GC(45) Weak Processing 0.420ms
[1620.726s][debug][gc,phases      ] GC(45) ClassLoaderData 0.134ms
[1620.726s][debug][gc,phases      ] GC(45) Trigger cleanups 0.000ms
[1620.783s][debug][gc,phases      ] GC(45) Purge Unlinked NMethods 1.641ms
[1620.784s][debug][gc,phases      ] GC(45) Unregister NMethods 0.001ms
[1620.784s][debug][gc,phases      ] GC(45) Free Code Blobs 0.247ms
[1620.784s][debug][gc,phases      ] GC(45) Class Unloading 58.258ms
[1620.784s][debug][gc,phases      ] GC(45) Report Object Count 0.001ms
[1620.784s][info ][gc,phases      ] GC(45) Marking Phase 150.104ms
[1620.784s][info ][gc,phases,start] GC(45) Summary Phase
[1620.784s][info ][gc,phases      ] GC(45) Summary Phase 0.024ms
[1620.784s][info ][gc,phases,start] GC(45) Adjust Roots
[1620.803s][info ][gc,phases      ] GC(45) Adjust Roots 19.484ms
[1620.803s][info ][gc,phases,start] GC(45) Compaction Phase
[1620.900s][info ][gc,phases      ] GC(45) Compaction Phase 96.343ms
[1620.900s][info ][gc,phases,start] GC(45) Post Compact
[1620.907s][debug][gc,phases      ] GC(45) Purge Class Loader Data 0.773ms
[1620.907s][info ][gc,phases      ] GC(45) Post Compact 7.453ms
[1620.907s][info ][gc,heap        ] GC(45) PSYoungGen: 10480K(2015232K)->0K(2015232K) Eden: 0K(1931776K)->0K(1931776K) From: 10480K(83456K)->0K(83456K)
[1620.907s][info ][gc,heap        ] GC(45) ParOldGen: 898948K(899072K)->273173K(899072K)
[1620.907s][info ][gc,metaspace   ] GC(45) Metaspace: 105217K(106624K)->105217K(106624K) NonClass: 89493K(90304K)->89493K(90304K) Class: 15724K(16320K)->15724K(16320K)
[1620.907s][info ][gc             ] GC(45) Pause Full (CodeCache GC Threshold) 888M->266M(2846M) 273.527ms
[1620.907s][info ][gc,cpu         ] GC(45) User=0.79s Sys=0.03s Real=0.28s
[1620.909s][info ][safepoint      ] Safepoint "ParallelGCSystemGC", Time since last: 104660811 ns, Reaching safepoint: 5600 ns, Cleanup: 13800 ns, At safepoint: 287806305 ns, Total: 287825705 ns
[1621.909s][info ][safepoint      ] Safepoint "Cleanup", Time since last: 1000108814 ns, Reaching safepoint: 5300 ns, Cleanup: 86299 ns, At safepoint: 2600 ns, Total: 94199 ns
[1622.909s][info ][safepoint      ] Safepoint "Cleanup", Time since last: 1000105814 ns, Reaching safepoint: 4900 ns, Cleanup: 25500 ns, At safepoint: 1800 ns, Total: 32200 ns
[1623.909s][info ][safepoint      ] Safepoint "Cleanup", Time since last: 1000102614 ns, Reaching safepoint: 5300 ns, Cleanup: 8000 ns, At safepoint: 2300 ns, Total: 15600 ns
[1624.910s][info ][safepoint      ] Safepoint "Cleanup", Time since last: 1000101914 ns, Reaching safepoint: 5100 ns, Cleanup: 11000 ns, At safepoint: 2400 ns, Total: 18500 ns
[1626.910s][info ][safepoint      ] Safepoint "Cleanup", Time since last: 2000170534 ns, Reaching safepoint: 5100 ns, Cleanup: 11900 ns, At safepoint: 2000 ns, Total: 19000 ns
[1627.910s][info ][safepoint      ] Safepoint "Cleanup", Time since last: 1000100855 ns, Reaching safepoint: 5000 ns, Cleanup: 8800 ns, At safepoint: 2100 ns, Total: 15900 ns
[1629.910s][info ][safepoint      ] Safepoint "Cleanup", Time since last: 2000172494 ns, Reaching safepoint: 5299 ns, Cleanup: 7400 ns, At safepoint: 2400 ns, Total: 15099 ns
[1632.910s][info ][safepoint      ] Safepoint "Cleanup", Time since last: 3000237166 ns, Reaching safepoint: 4900 ns, Cleanup: 10500 ns, At safepoint: 2100 ns, Total: 17500 ns
[1633.910s][info ][safepoint      ] Safepoint "Cleanup", Time since last: 1000099626 ns, Reaching safepoint: 5300 ns, Cleanup: 14200 ns, At safepoint: 1900 ns, Total: 21400 ns
[1634.911s][info ][safepoint      ] Safepoint "Cleanup", Time since last: 1000098255 ns, Reaching safepoint: 5300 ns, Cleanup: 10400 ns, At safepoint: 2000 ns, Total: 17700 ns
[1635.911s][info ][safepoint      ] Safepoint "Cleanup", Time since last: 1000103255 ns, Reaching safepoint: 10299 ns, Cleanup: 14300 ns, At safepoint: 2200 ns, Total: 26799 ns
[1636.911s][info ][safepoint      ] Safepoint "Cleanup", Time since last: 1000115055 ns, Reaching safepoint: 6100 ns, Cleanup: 9500 ns, At safepoint: 2300 ns, Total: 17900 ns
[1639.911s][info ][safepoint      ] Safepoint "Cleanup", Time since last: 3000247264 ns, Reaching safepoint: 6000 ns, Cleanup: 17900 ns, At safepoint: 20400 ns, Total: 44300 ns
[1641.911s][info ][safepoint      ] Safepoint "Cleanup", Time since last: 2000167038 ns, Reaching safepoint: 5600 ns, Cleanup: 21800 ns, At safepoint: 2100 ns, Total: 29500 ns
[1642.911s][info ][safepoint      ] Safepoint "Cleanup", Time since last: 1000105636 ns, Reaching safepoint: 5400 ns, Cleanup: 14200 ns, At safepoint: 2200 ns, Total: 21800 ns
[1643.912s][info ][safepoint      ] Safepoint "Cleanup", Time since last: 1000105936 ns, Reaching safepoint: 5900 ns, Cleanup: 12300 ns, At safepoint: 2100 ns, Total: 20300 ns
[1644.912s][info ][safepoint      ] Safepoint "Cleanup", Time since last: 1000105936 ns, Reaching safepoint: 5600 ns, Cleanup: 14000 ns, At safepoint: 2200 ns, Total: 21800 ns
[1645.912s][info ][safepoint      ] Safepoint "Cleanup", Time since last: 1000108436 ns, Reaching safepoint: 6000 ns, Cleanup: 10500 ns, At safepoint: 2400 ns, Total: 18900 ns
[1646.912s][info ][safepoint      ] Safepoint "Cleanup", Time since last: 1000105637 ns, Reaching safepoint: 4999 ns, Cleanup: 11900 ns, At safepoint: 2700 ns, Total: 19599 ns
[1647.912s][info ][safepoint      ] Safepoint "Cleanup", Time since last: 1000097137 ns, Reaching safepoint: 5100 ns, Cleanup: 13500 ns, At safepoint: 1900 ns, Total: 20500 ns
[1648.912s][info ][safepoint      ] Safepoint "Cleanup", Time since last: 1000106336 ns, Reaching safepoint: 11200 ns, Cleanup: 23199 ns, At safepoint: 3300 ns, Total: 37699 ns
[1649.912s][info ][safepoint      ] Safepoint "Cleanup", Time since last: 1000137155 ns, Reaching safepoint: 6400 ns, Cleanup: 17400 ns, At safepoint: 2100 ns, Total: 25900 ns
[1651.913s][info ][safepoint      ] Safepoint "Cleanup", Time since last: 2000181033 ns, Reaching safepoint: 10400 ns, Cleanup: 21100 ns, At safepoint: 3699 ns, Total: 35199 ns
[1652.132s][info ][gc,start       ] GC(46) Pause Young (Allocation Failure)
[1652.144s][debug][gc,phases      ] GC(46) Scavenge 11.694ms
[1652.144s][debug][gc,ref         ] GC(46) ReferenceProcessor::execute queues: 1, RefProcThreadModel::Single, marks_oops_alive: false
[1652.144s][debug][gc,ref         ] GC(46) Skipped KeepAliveFinalRefsPhase of Reference Processing: no references
[1652.144s][debug][gc,ref         ] GC(46) Skipped PhantomRefsPhase of Reference Processing: no references
[1652.144s][debug][gc,phases      ] GC(46) Reference Processing 0.110ms
[1652.144s][debug][gc,phases      ] GC(46)   VM Weak                        Min:  0.0, Avg:  0.0, Max:  0.0, Diff:  0.0, Sum:  0.0, Workers: 4
[1652.144s][debug][gc,phases      ] GC(46)     Dead                           Min: 0, Avg:  0.0, Max: 0, Diff: 0, Sum: 0, Workers: 4
[1652.144s][debug][gc,phases      ] GC(46)     Total                          Min: 0, Avg: 261.8, Max: 576, Diff: 576, Sum: 1047, Workers: 4
[1652.144s][debug][gc,phases      ] GC(46)   ObjectSynchronizer Weak        Min:  0.0, Avg:  0.0, Max:  0.0, Diff:  0.0, Sum:  0.0, Workers: 4
[1652.144s][debug][gc,phases      ] GC(46)     Dead                           Min: 0, Avg:  0.0, Max: 0, Diff: 0, Sum: 0, Workers: 4
[1652.144s][debug][gc,phases      ] GC(46)     Total                          Min: 0, Avg:  1.2, Max: 5, Diff: 5, Sum: 5, Workers: 4
[1652.144s][debug][gc,phases      ] GC(46)   JVMTI Tag Weak OopStorage      Min:  0.0, Avg:  0.0, Max:  0.0, Diff:  0.0, Sum:  0.0, Workers: 4
[1652.144s][debug][gc,phases      ] GC(46)     Dead                           Min: 0, Avg:  0.0, Max: 0, Diff: 0, Sum: 0, Workers: 4
[1652.144s][debug][gc,phases      ] GC(46)     Total                          Min: 0, Avg:  0.0, Max: 0, Diff: 0, Sum: 0, Workers: 4
[1652.144s][debug][gc,phases      ] GC(46)   StringTable Weak               Min:  0.0, Avg:  0.1, Max:  0.1, Diff:  0.1, Sum:  0.4, Workers: 4
[1652.144s][debug][gc,phases      ] GC(46)     Dead                           Min: 0, Avg:  0.0, Max: 0, Diff: 0, Sum: 0, Workers: 4
[1652.144s][debug][gc,phases      ] GC(46)     Total                          Min: 0, Avg: 11402.8, Max: 18111, Diff: 18111, Sum: 45611, Workers: 4
[1652.144s][debug][gc,phases      ] GC(46)   ResolvedMethodTable Weak       Min:  0.0, Avg:  0.0, Max:  0.0, Diff:  0.0, Sum:  0.1, Workers: 4
[1652.144s][debug][gc,phases      ] GC(46)     Dead                           Min: 0, Avg:  4.0, Max: 13, Diff: 13, Sum: 16, Workers: 4
[1652.144s][debug][gc,phases      ] GC(46)     Total                          Min: 0, Avg: 3788.5, Max: 6458, Diff: 6458, Sum: 15154, Workers: 4
[1652.144s][debug][gc,phases      ] GC(46)   JNI Weak                       Min:  0.0, Avg:  0.0, Max:  0.0, Diff:  0.0, Sum:  0.0, Workers: 4
[1652.144s][debug][gc,phases      ] GC(46)     Dead                           Min: 0, Avg:  0.0, Max: 0, Diff: 0, Sum: 0, Workers: 4
[1652.144s][debug][gc,phases      ] GC(46)     Total                          Min: 0, Avg: 13.0, Max: 52, Diff: 52, Sum: 52, Workers: 4
[1652.144s][debug][gc,phases      ] GC(46)   StringDedup Table Weak         Min:  0.0, Avg:  0.0, Max:  0.0, Diff:  0.0, Sum:  0.0, Workers: 4
[1652.144s][debug][gc,phases      ] GC(46)     Dead                           Min: 0, Avg:  0.0, Max: 0, Diff: 0, Sum: 0, Workers: 4
[1652.144s][debug][gc,phases      ] GC(46)     Total                          Min: 0, Avg:  0.0, Max: 0, Diff: 0, Sum: 0, Workers: 4
[1652.144s][debug][gc,phases      ] GC(46)   StringDedup Requests0 Weak     Min:  0.0, Avg:  0.0, Max:  0.0, Diff:  0.0, Sum:  0.0, Workers: 4
[1652.144s][debug][gc,phases      ] GC(46)     Dead                           Min: 0, Avg:  0.0, Max: 0, Diff: 0, Sum: 0, Workers: 4
[1652.144s][debug][gc,phases      ] GC(46)     Total                          Min: 0, Avg:  0.0, Max: 0, Diff: 0, Sum: 0, Workers: 4
[1652.144s][debug][gc,phases      ] GC(46)   StringDedup Requests1 Weak     Min:  0.0, Avg:  0.0, Max:  0.0, Diff:  0.0, Sum:  0.0, Workers: 4
[1652.144s][debug][gc,phases      ] GC(46)     Dead                           Min: 0, Avg:  0.0, Max: 0, Diff: 0, Sum: 0, Workers: 4
[1652.144s][debug][gc,phases      ] GC(46)     Total                          Min: 0, Avg:  0.0, Max: 0, Diff: 0, Sum: 0, Workers: 4
[1652.144s][debug][gc,phases      ] GC(46)   Weak JFR Old Object Samples    Min:  0.0, Avg:  0.0, Max:  0.0, Diff:  0.0, Sum:  0.0, Workers: 4
[1652.144s][debug][gc,phases      ] GC(46)     Dead                           Min: 0, Avg:  0.0, Max: 0, Diff: 0, Sum: 0, Workers: 4
[1652.144s][debug][gc,phases      ] GC(46)     Total                          Min: 0, Avg:  0.0, Max: 0, Diff: 0, Sum: 0, Workers: 4
[1652.144s][debug][gc,phases      ] GC(46) Weak Processing 0.407ms
[1652.144s][debug][gc,age         ] GC(46) Desired survivor size 80740352 bytes, new threshold 1 (max threshold 15)
[1652.144s][info ][gc,heap        ] GC(46) PSYoungGen: 1931776K(2015232K)->34336K(2013696K) Eden: 1931776K(1931776K)->0K(1931776K) From: 0K(83456K)->34336K(81920K)
[1652.144s][info ][gc,heap        ] GC(46) ParOldGen: 273173K(899072K)->273173K(899072K)
[1652.144s][info ][gc,metaspace   ] GC(46) Metaspace: 105261K(106688K)->105261K(106688K) NonClass: 89536K(90368K)->89536K(90368K) Class: 15724K(16320K)->15724K(16320K)
[1652.144s][info ][gc             ] GC(46) Pause Young (Allocation Failure) 2153M->300M(2844M) 12.333ms
[1652.144s][info ][gc,cpu         ] GC(46) User=0.05s Sys=0.00s Real=0.01s
[1652.145s][info ][safepoint      ] Safepoint "ParallelGCFailedAllocation", Time since last: 219510462 ns, Reaching safepoint: 5300 ns, Cleanup: 3499 ns, At safepoint: 12405442 ns, Total: 12414241 ns
[1654.145s][info ][safepoint      ] Safepoint "Cleanup", Time since last: 2000159633 ns, Reaching safepoint: 5900 ns, Cleanup: 12100 ns, At safepoint: 2400 ns, Total: 20400 ns
[1658.145s][info ][safepoint      ] Safepoint "Cleanup", Time since last: 4000340559 ns, Reaching safepoint: 6000 ns, Cleanup: 9600 ns, At safepoint: 2100 ns, Total: 17700 ns
[1659.145s][info ][safepoint      ] Safepoint "Cleanup", Time since last: 1000110988 ns, Reaching safepoint: 5400 ns, Cleanup: 14100 ns, At safepoint: 2000 ns, Total: 21500 ns
[1661.145s][info ][safepoint      ] Safepoint "Cleanup", Time since last: 2000179776 ns, Reaching safepoint: 5500 ns, Cleanup: 9700 ns, At safepoint: 2100 ns, Total: 17300 ns
[1663.146s][info ][safepoint      ] Safepoint "Cleanup", Time since last: 2000171577 ns, Reaching safepoint: 5000 ns, Cleanup: 5400 ns, At safepoint: 5000 ns, Total: 15400 ns
[1664.146s][info ][safepoint      ] Safepoint "Cleanup", Time since last: 1000097588 ns, Reaching safepoint: 6000 ns, Cleanup: 18300 ns, At safepoint: 2500 ns, Total: 26800 ns
[1724.539s][info ][safepoint      ] Safepoint "Cleanup", Time since last: 60393701567 ns, Reaching safepoint: 8100 ns, Cleanup: 18500 ns, At safepoint: 4300 ns, Total: 30900 ns
[1741.541s][info ][safepoint      ] Safepoint "Cleanup", Time since last: 17001625699 ns, Reaching safepoint: 6600 ns, Cleanup: 9199 ns, At safepoint: 2900 ns, Total: 18699 ns
[1783.915s][info ][safepoint      ] Safepoint "JFRCheckpoint", Time since last: 42374017621 ns, Reaching safepoint: 3400 ns, Cleanup: 20300 ns, At safepoint: 15000 ns, Total: 38700 ns
[1783.918s][info ][gc,heap,exit   ] Heap
[1783.918s][info ][gc,heap,exit   ]  PSYoungGen      total 2013696K, used 955159K [0x0000000780000000, 0x0000000800000000, 0x0000000800000000)
[1783.918s][info ][gc,heap,exit   ]   eden space 1931776K, 47% used [0x0000000780000000,0x00000007b833ddb8,0x00000007f5e80000)
[1783.918s][info ][gc,heap,exit   ]   from space 81920K, 41% used [0x00000007f5e80000,0x00000007f80080f0,0x00000007fae80000)
[1783.918s][info ][gc,heap,exit   ]   to   space 78848K, 0% used [0x00000007fb300000,0x00000007fb300000,0x0000000800000000)
[1783.918s][info ][gc,heap,exit   ]  ParOldGen       total 899072K, used 273173K [0x00000006c0000000, 0x00000006f6e00000, 0x0000000780000000)
[1783.918s][info ][gc,heap,exit   ]   object space 899072K, 30% used [0x00000006c0000000,0x00000006d0ac5580,0x00000006f6e00000)
[1783.918s][info ][gc,heap,exit   ]  Metaspace       used 105417K, committed 106816K, reserved 1179648K
[1783.918s][info ][gc,heap,exit   ]   class space    used 15750K, committed 16384K, reserved 1048576K
