[0.005s][info][gc,init] CardTable entry size: 512
[0.005s][info][gc     ] Using Parallel
[0.007s][info][gc,init] Version: 21.0.6+7-LTS (release)
[0.007s][info][gc,init] CPUs: 4 total, 4 available
[0.007s][info][gc,init] Memory: 15991M
[0.007s][info][gc,init] Large Page Support: Disabled
[0.007s][info][gc,init] NUMA Support: Disabled
[0.007s][info][gc,init] Compressed Oops: Enabled (Zero based)
[0.007s][info][gc,init] Alignments: Space 512K, Generation 512K, Heap 2M
[0.007s][info][gc,init] Heap Min Capacity: 2054M
[0.007s][info][gc,init] Heap Initial Capacity: 2054M
[0.007s][info][gc,init] Heap Max Capacity: 5G
[0.007s][info][gc,init] Pre-touch: Disabled
[0.007s][info][gc,init] Parallel Workers: 4
[0.017s][info][gc,metaspace] CDS archive(s) mapped at: [0x00007f0535000000-0x00007f0535c97000-0x00007f0535c97000), size 13201408, SharedBaseAddress: 0x00007f0535000000, ArchiveRelocationMode: 1.
[0.017s][info][gc,metaspace] Compressed class space mapped at: 0x00007f0536000000-0x00007f0576000000, reserved size: 1073741824
[0.017s][info][gc,metaspace] Narrow klass base: 0x00007f0535000000, Narrow klass shift: 0, Narrow klass range: 0x100000000
[0.303s][info][safepoint   ] Safepoint "ICBufferFull", Time since last: 277044836 ns, Reaching safepoint: 3801 ns, Cleanup: 102403 ns, At safepoint: 12701 ns, Total: 118905 ns
[0.463s][info][safepoint   ] Safepoint "RedefineClasses", Time since last: 152851726 ns, Reaching safepoint: 3501 ns, Cleanup: 111504 ns, At safepoint: 7758175 ns, Total: 7873180 ns
[0.600s][info][safepoint   ] Safepoint "JFRCheckpoint", Time since last: 136340841 ns, Reaching safepoint: 81303 ns, Cleanup: 55502 ns, At safepoint: 8700 ns, Total: 145505 ns
[1.329s][info][safepoint   ] Safepoint "ICBufferFull", Time since last: 729293393 ns, Reaching safepoint: 81903 ns, Cleanup: 116404 ns, At safepoint: 9600 ns, Total: 207907 ns
[1.752s][info][safepoint   ] Safepoint "ICBufferFull", Time since last: 422228391 ns, Reaching safepoint: 3100 ns, Cleanup: 113904 ns, At safepoint: 2200 ns, Total: 119204 ns
[1.990s][info][gc,start    ] GC(0) Pause Young (Metadata GC Threshold)
[2.009s][debug][gc,phases   ] GC(0) Scavenge 18.587ms
[2.009s][debug][gc,ref      ] GC(0) ReferenceProcessor::execute queues: 2, RefProcThreadModel::Multi, marks_oops_alive: false
[2.010s][debug][gc,ref      ] GC(0) ReferenceProcessor::execute queues: 4, RefProcThreadModel::Multi, marks_oops_alive: true
[2.010s][debug][gc,ref      ] GC(0) ReferenceProcessor::execute queues: 1, RefProcThreadModel::Single, marks_oops_alive: false
[2.010s][debug][gc,phases   ] GC(0) Reference Processing 0.369ms
[2.010s][debug][gc,phases   ] GC(0)   VM Weak                        Min:  0.0, Avg:  0.0, Max:  0.0, Diff:  0.0, Sum:  0.0, Workers: 4
[2.010s][debug][gc,phases   ] GC(0)     Dead                           Min: 0, Avg:  0.0, Max: 0, Diff: 0, Sum: 0, Workers: 4
[2.010s][debug][gc,phases   ] GC(0)     Total                          Min: 0, Avg: 59.8, Max: 175, Diff: 175, Sum: 239, Workers: 4
[2.010s][debug][gc,phases   ] GC(0)   ObjectSynchronizer Weak        Min:  0.0, Avg:  0.0, Max:  0.0, Diff:  0.0, Sum:  0.0, Workers: 4
[2.010s][debug][gc,phases   ] GC(0)     Dead                           Min: 0, Avg:  0.5, Max: 2, Diff: 2, Sum: 2, Workers: 4
[2.010s][debug][gc,phases   ] GC(0)     Total                          Min: 0, Avg:  2.8, Max: 11, Diff: 11, Sum: 11, Workers: 4
[2.010s][debug][gc,phases   ] GC(0)   JVMTI Tag Weak OopStorage      Min:  0.0, Avg:  0.0, Max:  0.0, Diff:  0.0, Sum:  0.0, Workers: 4
[2.010s][debug][gc,phases   ] GC(0)     Dead                           Min: 0, Avg:  0.0, Max: 0, Diff: 0, Sum: 0, Workers: 4
[2.010s][debug][gc,phases   ] GC(0)     Total                          Min: 0, Avg:  0.0, Max: 0, Diff: 0, Sum: 0, Workers: 4
[2.010s][debug][gc,phases   ] GC(0)   StringTable Weak               Min:  0.0, Avg:  0.1, Max:  0.1, Diff:  0.1, Sum:  0.3, Workers: 4
[2.010s][debug][gc,phases   ] GC(0)     Dead                           Min: 0, Avg:  7.8, Max: 20, Diff: 20, Sum: 31, Workers: 4
[2.010s][debug][gc,phases   ] GC(0)     Total                          Min: 0, Avg: 1974.2, Max: 3417, Diff: 3417, Sum: 7897, Workers: 4
[2.010s][debug][gc,phases   ] GC(0)   ResolvedMethodTable Weak       Min:  0.0, Avg:  0.0, Max:  0.0, Diff:  0.0, Sum:  0.1, Workers: 4
[2.010s][debug][gc,phases   ] GC(0)     Dead                           Min: 0, Avg: 89.0, Max: 140, Diff: 140, Sum: 356, Workers: 4
[2.010s][debug][gc,phases   ] GC(0)     Total                          Min: 0, Avg: 453.5, Max: 832, Diff: 832, Sum: 1814, Workers: 4
[2.010s][debug][gc,phases   ] GC(0)   JNI Weak                       Min:  0.0, Avg:  0.0, Max:  0.0, Diff:  0.0, Sum:  0.0, Workers: 4
[2.010s][debug][gc,phases   ] GC(0)     Dead                           Min: 0, Avg:  0.0, Max: 0, Diff: 0, Sum: 0, Workers: 4
[2.010s][debug][gc,phases   ] GC(0)     Total                          Min: 0, Avg: 12.0, Max: 48, Diff: 48, Sum: 48, Workers: 4
[2.010s][debug][gc,phases   ] GC(0)   StringDedup Table Weak         Min:  0.0, Avg:  0.0, Max:  0.0, Diff:  0.0, Sum:  0.0, Workers: 4
[2.010s][debug][gc,phases   ] GC(0)     Dead                           Min: 0, Avg:  0.0, Max: 0, Diff: 0, Sum: 0, Workers: 4
[2.010s][debug][gc,phases   ] GC(0)     Total                          Min: 0, Avg:  0.0, Max: 0, Diff: 0, Sum: 0, Workers: 4
[2.010s][debug][gc,phases   ] GC(0)   StringDedup Requests0 Weak     Min:  0.0, Avg:  0.0, Max:  0.0, Diff:  0.0, Sum:  0.0, Workers: 4
[2.010s][debug][gc,phases   ] GC(0)     Dead                           Min: 0, Avg:  0.0, Max: 0, Diff: 0, Sum: 0, Workers: 4
[2.010s][debug][gc,phases   ] GC(0)     Total                          Min: 0, Avg:  0.0, Max: 0, Diff: 0, Sum: 0, Workers: 4
[2.010s][debug][gc,phases   ] GC(0)   StringDedup Requests1 Weak     Min:  0.0, Avg:  0.0, Max:  0.0, Diff:  0.0, Sum:  0.0, Workers: 4
[2.010s][debug][gc,phases   ] GC(0)     Dead                           Min: 0, Avg:  0.0, Max: 0, Diff: 0, Sum: 0, Workers: 4
[2.010s][debug][gc,phases   ] GC(0)     Total                          Min: 0, Avg:  0.0, Max: 0, Diff: 0, Sum: 0, Workers: 4
[2.010s][debug][gc,phases   ] GC(0)   Weak JFR Old Object Samples    Min:  0.0, Avg:  0.0, Max:  0.0, Diff:  0.0, Sum:  0.0, Workers: 4
[2.010s][debug][gc,phases   ] GC(0)     Dead                           Min: 0, Avg:  0.0, Max: 0, Diff: 0, Sum: 0, Workers: 4
[2.010s][debug][gc,phases   ] GC(0)     Total                          Min: 0, Avg:  0.0, Max: 0, Diff: 0, Sum: 0, Workers: 4
[2.010s][debug][gc,phases   ] GC(0) Weak Processing 0.357ms
[2.010s][debug][gc,age      ] GC(0) Desired survivor size 536870912 bytes, new threshold 7 (max threshold 15)
[2.010s][info ][gc,heap     ] GC(0) PSYoungGen: 370232K(1572864K)->37353K(1572864K) Eden: 370232K(1048576K)->0K(1048576K) From: 0K(524288K)->37353K(524288K)
[2.010s][info ][gc,heap     ] GC(0) ParOldGen: 1073K(6144K)->1145K(6144K)
[2.010s][info ][gc,metaspace] GC(0) Metaspace: 21092K(21504K)->21092K(21504K) NonClass: 18803K(19008K)->18803K(19008K) Class: 2289K(2496K)->2289K(2496K)
[2.010s][info ][gc          ] GC(0) Pause Young (Metadata GC Threshold) 362M->37M(1542M) 19.769ms
[2.010s][info ][gc,cpu      ] GC(0) User=0.04s Sys=0.02s Real=0.02s
[2.010s][debug][gc,phases   ] GC(1) Pre Compact 0.009ms
[2.010s][info ][gc,start    ] GC(1) Pause Full (Metadata GC Threshold)
[2.010s][info ][gc,phases,start] GC(1) Marking Phase
[2.024s][debug][gc,phases      ] GC(1) Par Mark 14.072ms
[2.024s][debug][gc,ref         ] GC(1) ReferenceProcessor::execute queues: 2, RefProcThreadModel::Multi, marks_oops_alive: false
[2.024s][debug][gc,ref         ] GC(1) ReferenceProcessor::execute queues: 4, RefProcThreadModel::Multi, marks_oops_alive: true
[2.025s][debug][gc,ref         ] GC(1) ReferenceProcessor::execute queues: 1, RefProcThreadModel::Single, marks_oops_alive: false
[2.025s][debug][gc,phases      ] GC(1) Reference Processing 0.507ms
[2.025s][debug][gc,phases      ] GC(1)   VM Weak                        Min:  0.0, Avg:  0.0, Max:  0.0, Diff:  0.0, Sum:  0.0, Workers: 4
[2.025s][debug][gc,phases      ] GC(1)     Dead                           Min: 0, Avg:  0.0, Max: 0, Diff: 0, Sum: 0, Workers: 4
[2.025s][debug][gc,phases      ] GC(1)     Total                          Min: 0, Avg: 59.8, Max: 128, Diff: 128, Sum: 239, Workers: 4
[2.025s][debug][gc,phases      ] GC(1)   ObjectSynchronizer Weak        Min:  0.0, Avg:  0.0, Max:  0.0, Diff:  0.0, Sum:  0.0, Workers: 4
[2.025s][debug][gc,phases      ] GC(1)     Dead                           Min: 0, Avg:  0.0, Max: 0, Diff: 0, Sum: 0, Workers: 4
[2.025s][debug][gc,phases      ] GC(1)     Total                          Min: 0, Avg:  2.8, Max: 11, Diff: 11, Sum: 11, Workers: 4
[2.025s][debug][gc,phases      ] GC(1)   JVMTI Tag Weak OopStorage      Min:  0.0, Avg:  0.0, Max:  0.0, Diff:  0.0, Sum:  0.0, Workers: 4
[2.025s][debug][gc,phases      ] GC(1)     Dead                           Min: 0, Avg:  0.0, Max: 0, Diff: 0, Sum: 0, Workers: 4
[2.025s][debug][gc,phases      ] GC(1)     Total                          Min: 0, Avg:  0.0, Max: 0, Diff: 0, Sum: 0, Workers: 4
[2.025s][debug][gc,phases      ] GC(1)   StringTable Weak               Min:  0.0, Avg:  0.0, Max:  0.0, Diff:  0.0, Sum:  0.1, Workers: 4
[2.025s][debug][gc,phases      ] GC(1)     Dead                           Min: 0, Avg:  0.0, Max: 0, Diff: 0, Sum: 0, Workers: 4
[2.025s][debug][gc,phases      ] GC(1)     Total                          Min: 0, Avg: 1974.2, Max: 2880, Diff: 2880, Sum: 7897, Workers: 4
[2.025s][debug][gc,phases      ] GC(1)   ResolvedMethodTable Weak       Min:  0.0, Avg:  0.0, Max:  0.0, Diff:  0.0, Sum:  0.0, Workers: 4
[2.025s][debug][gc,phases      ] GC(1)     Dead                           Min: 0, Avg:  0.0, Max: 0, Diff: 0, Sum: 0, Workers: 4
[2.025s][debug][gc,phases      ] GC(1)     Total                          Min: 0, Avg: 453.5, Max: 662, Diff: 662, Sum: 1814, Workers: 4
[2.025s][debug][gc,phases      ] GC(1)   JNI Weak                       Min:  0.0, Avg:  0.0, Max:  0.0, Diff:  0.0, Sum:  0.0, Workers: 4
[2.025s][debug][gc,phases      ] GC(1)     Dead                           Min: 0, Avg:  0.0, Max: 0, Diff: 0, Sum: 0, Workers: 4
[2.025s][debug][gc,phases      ] GC(1)     Total                          Min: 0, Avg: 12.0, Max: 48, Diff: 48, Sum: 48, Workers: 4
[2.025s][debug][gc,phases      ] GC(1)   StringDedup Table Weak         Min:  0.0, Avg:  0.0, Max:  0.0, Diff:  0.0, Sum:  0.0, Workers: 4
[2.025s][debug][gc,phases      ] GC(1)     Dead                           Min: 0, Avg:  0.0, Max: 0, Diff: 0, Sum: 0, Workers: 4
[2.025s][debug][gc,phases      ] GC(1)     Total                          Min: 0, Avg:  0.0, Max: 0, Diff: 0, Sum: 0, Workers: 4
[2.025s][debug][gc,phases      ] GC(1)   StringDedup Requests0 Weak     Min:  0.0, Avg:  0.0, Max:  0.0, Diff:  0.0, Sum:  0.0, Workers: 4
[2.025s][debug][gc,phases      ] GC(1)     Dead                           Min: 0, Avg:  0.0, Max: 0, Diff: 0, Sum: 0, Workers: 4
[2.025s][debug][gc,phases      ] GC(1)     Total                          Min: 0, Avg:  0.0, Max: 0, Diff: 0, Sum: 0, Workers: 4
[2.025s][debug][gc,phases      ] GC(1)   StringDedup Requests1 Weak     Min:  0.0, Avg:  0.0, Max:  0.0, Diff:  0.0, Sum:  0.0, Workers: 4
[2.025s][debug][gc,phases      ] GC(1)     Dead                           Min: 0, Avg:  0.0, Max: 0, Diff: 0, Sum: 0, Workers: 4
[2.025s][debug][gc,phases      ] GC(1)     Total                          Min: 0, Avg:  0.0, Max: 0, Diff: 0, Sum: 0, Workers: 4
[2.025s][debug][gc,phases      ] GC(1)   Weak JFR Old Object Samples    Min:  0.0, Avg:  0.0, Max:  0.0, Diff:  0.0, Sum:  0.0, Workers: 4
[2.025s][debug][gc,phases      ] GC(1)     Dead                           Min: 0, Avg:  0.0, Max: 0, Diff: 0, Sum: 0, Workers: 4
[2.025s][debug][gc,phases      ] GC(1)     Total                          Min: 0, Avg:  0.0, Max: 0, Diff: 0, Sum: 0, Workers: 4
[2.025s][debug][gc,phases      ] GC(1) Weak Processing 0.289ms
[2.025s][debug][gc,phases      ] GC(1) ClassLoaderData 0.037ms
[2.025s][debug][gc,phases      ] GC(1) Trigger cleanups 0.000ms
[2.031s][debug][gc,phases      ] GC(1) Purge Unlinked NMethods 0.002ms
[2.031s][debug][gc,phases      ] GC(1) Unregister NMethods 0.018ms
[2.031s][debug][gc,phases      ] GC(1) Free Code Blobs 0.004ms
[2.031s][debug][gc,phases      ] GC(1) Class Unloading 6.332ms
[2.031s][debug][gc,phases      ] GC(1) Report Object Count 0.001ms
[2.031s][info ][gc,phases      ] GC(1) Marking Phase 21.282ms
[2.031s][info ][gc,phases,start] GC(1) Summary Phase
[2.031s][info ][gc,phases      ] GC(1) Summary Phase 0.008ms
[2.031s][info ][gc,phases,start] GC(1) Adjust Roots
[2.036s][info ][gc,phases      ] GC(1) Adjust Roots 4.460ms
[2.036s][info ][gc,phases,start] GC(1) Compaction Phase
[2.056s][info ][gc,phases      ] GC(1) Compaction Phase 20.555ms
[2.056s][info ][gc,phases,start] GC(1) Post Compact
[2.058s][debug][gc,phases      ] GC(1) Purge Class Loader Data 0.951ms
[2.058s][info ][gc,phases      ] GC(1) Post Compact 1.801ms
[2.058s][info ][gc,heap        ] GC(1) PSYoungGen: 37353K(1572864K)->32078K(1572864K) Eden: 0K(1048576K)->0K(1048576K) From: 37353K(524288K)->32078K(524288K)
[2.058s][info ][gc,heap        ] GC(1) ParOldGen: 1145K(6144K)->6104K(6144K)
[2.058s][info ][gc,metaspace   ] GC(1) Metaspace: 21092K(21504K)->21092K(21504K) NonClass: 18803K(19008K)->18803K(19008K) Class: 2289K(2496K)->2289K(2496K)
[2.058s][info ][gc             ] GC(1) Pause Full (Metadata GC Threshold) 37M->37M(1542M) 48.235ms
[2.058s][info ][gc,cpu         ] GC(1) User=0.13s Sys=0.01s Real=0.05s
[2.058s][info ][safepoint      ] Safepoint "CollectForMetadataAllocation", Time since last: 238536169 ns, Reaching safepoint: 4400 ns, Cleanup: 68303 ns, At safepoint: 68135019 ns, Total: 68207722 ns
[2.424s][info ][safepoint      ] Safepoint "ICBufferFull", Time since last: 365454575 ns, Reaching safepoint: 4400 ns, Cleanup: 149305 ns, At safepoint: 3501 ns, Total: 157206 ns
[2.604s][info ][safepoint      ] Safepoint "ICBufferFull", Time since last: 179787583 ns, Reaching safepoint: 79503 ns, Cleanup: 117004 ns, At safepoint: 8900 ns, Total: 205407 ns
[2.707s][info ][safepoint      ] Safepoint "ICBufferFull", Time since last: 102433737 ns, Reaching safepoint: 3000 ns, Cleanup: 124604 ns, At safepoint: 5101 ns, Total: 132705 ns
[3.239s][info ][safepoint      ] Safepoint "ICBufferFull", Time since last: 532254597 ns, Reaching safepoint: 3000 ns, Cleanup: 162706 ns, At safepoint: 2700 ns, Total: 168406 ns
[3.345s][info ][gc,start       ] GC(2) Pause Young (Metadata GC Threshold)
[3.381s][debug][gc,phases      ] GC(2) Scavenge 36.287ms
[3.382s][debug][gc,ref         ] GC(2) ReferenceProcessor::execute queues: 4, RefProcThreadModel::Multi, marks_oops_alive: false
[3.382s][debug][gc,ref         ] GC(2) ReferenceProcessor::execute queues: 4, RefProcThreadModel::Multi, marks_oops_alive: true
[3.382s][debug][gc,ref         ] GC(2) ReferenceProcessor::execute queues: 2, RefProcThreadModel::Multi, marks_oops_alive: false
[3.382s][debug][gc,phases      ] GC(2) Reference Processing 1.007ms
[3.383s][debug][gc,phases      ] GC(2)   VM Weak                        Min:  0.0, Avg:  0.0, Max:  0.0, Diff:  0.0, Sum:  0.0, Workers: 4
[3.383s][debug][gc,phases      ] GC(2)     Dead                           Min: 0, Avg:  0.0, Max: 0, Diff: 0, Sum: 0, Workers: 4
[3.383s][debug][gc,phases      ] GC(2)     Total                          Min: 0, Avg: 72.5, Max: 256, Diff: 256, Sum: 290, Workers: 4
[3.383s][debug][gc,phases      ] GC(2)   ObjectSynchronizer Weak        Min:  0.0, Avg:  0.0, Max:  0.0, Diff:  0.0, Sum:  0.0, Workers: 4
[3.383s][debug][gc,phases      ] GC(2)     Dead                           Min: 0, Avg:  0.0, Max: 0, Diff: 0, Sum: 0, Workers: 4
[3.383s][debug][gc,phases      ] GC(2)     Total                          Min: 0, Avg:  2.8, Max: 11, Diff: 11, Sum: 11, Workers: 4
[3.383s][debug][gc,phases      ] GC(2)   JVMTI Tag Weak OopStorage      Min:  0.0, Avg:  0.0, Max:  0.0, Diff:  0.0, Sum:  0.0, Workers: 4
[3.383s][debug][gc,phases      ] GC(2)     Dead                           Min: 0, Avg:  0.0, Max: 0, Diff: 0, Sum: 0, Workers: 4
[3.383s][debug][gc,phases      ] GC(2)     Total                          Min: 0, Avg:  0.0, Max: 0, Diff: 0, Sum: 0, Workers: 4
[3.383s][debug][gc,phases      ] GC(2)   StringTable Weak               Min:  0.0, Avg:  0.1, Max:  0.2, Diff:  0.2, Sum:  0.5, Workers: 4
[3.383s][debug][gc,phases      ] GC(2)     Dead                           Min: 0, Avg:  2.8, Max: 7, Diff: 7, Sum: 11, Workers: 4
[3.383s][debug][gc,phases      ] GC(2)     Total                          Min: 0, Avg: 3660.2, Max: 6193, Diff: 6193, Sum: 14641, Workers: 4
[3.383s][debug][gc,phases      ] GC(2)   ResolvedMethodTable Weak       Min:  0.0, Avg:  0.0, Max:  0.1, Diff:  0.1, Sum:  0.2, Workers: 4
[3.383s][debug][gc,phases      ] GC(2)     Dead                           Min: 0, Avg: 433.5, Max: 776, Diff: 776, Sum: 1734, Workers: 4
[3.383s][debug][gc,phases      ] GC(2)     Total                          Min: 0, Avg: 1176.8, Max: 1984, Diff: 1984, Sum: 4707, Workers: 4
[3.383s][debug][gc,phases      ] GC(2)   JNI Weak                       Min:  0.0, Avg:  0.0, Max:  0.0, Diff:  0.0, Sum:  0.0, Workers: 4
[3.383s][debug][gc,phases      ] GC(2)     Dead                           Min: 0, Avg:  0.0, Max: 0, Diff: 0, Sum: 0, Workers: 4
[3.383s][debug][gc,phases      ] GC(2)     Total                          Min: 0, Avg: 12.0, Max: 48, Diff: 48, Sum: 48, Workers: 4
[3.383s][debug][gc,phases      ] GC(2)   StringDedup Table Weak         Min:  0.0, Avg:  0.0, Max:  0.0, Diff:  0.0, Sum:  0.0, Workers: 4
[3.383s][debug][gc,phases      ] GC(2)     Dead                           Min: 0, Avg:  0.0, Max: 0, Diff: 0, Sum: 0, Workers: 4
[3.383s][debug][gc,phases      ] GC(2)     Total                          Min: 0, Avg:  0.0, Max: 0, Diff: 0, Sum: 0, Workers: 4
[3.383s][debug][gc,phases      ] GC(2)   StringDedup Requests0 Weak     Min:  0.0, Avg:  0.0, Max:  0.0, Diff:  0.0, Sum:  0.0, Workers: 4
[3.383s][debug][gc,phases      ] GC(2)     Dead                           Min: 0, Avg:  0.0, Max: 0, Diff: 0, Sum: 0, Workers: 4
[3.383s][debug][gc,phases      ] GC(2)     Total                          Min: 0, Avg:  0.0, Max: 0, Diff: 0, Sum: 0, Workers: 4
[3.383s][debug][gc,phases      ] GC(2)   StringDedup Requests1 Weak     Min:  0.0, Avg:  0.0, Max:  0.0, Diff:  0.0, Sum:  0.0, Workers: 4
[3.383s][debug][gc,phases      ] GC(2)     Dead                           Min: 0, Avg:  0.0, Max: 0, Diff: 0, Sum: 0, Workers: 4
[3.383s][debug][gc,phases      ] GC(2)     Total                          Min: 0, Avg:  0.0, Max: 0, Diff: 0, Sum: 0, Workers: 4
[3.383s][debug][gc,phases      ] GC(2)   Weak JFR Old Object Samples    Min:  0.0, Avg:  0.0, Max:  0.0, Diff:  0.0, Sum:  0.0, Workers: 4
[3.383s][debug][gc,phases      ] GC(2)     Dead                           Min: 0, Avg:  0.0, Max: 0, Diff: 0, Sum: 0, Workers: 4
[3.383s][debug][gc,phases      ] GC(2)     Total                          Min: 0, Avg:  0.0, Max: 0, Diff: 0, Sum: 0, Workers: 4
[3.383s][debug][gc,phases      ] GC(2) Weak Processing 0.540ms
[3.383s][debug][gc,age         ] GC(2) Desired survivor size 536870912 bytes, new threshold 7 (max threshold 15)
[3.383s][info ][gc,heap        ] GC(2) PSYoungGen: 514434K(1572864K)->55399K(1572864K) Eden: 482355K(1048576K)->0K(1048576K) From: 32078K(524288K)->55399K(524288K)
[3.383s][info ][gc,heap        ] GC(2) ParOldGen: 6104K(6144K)->6120K(6144K)
[3.383s][info ][gc,metaspace   ] GC(2) Metaspace: 35402K(35840K)->35402K(35840K) NonClass: 30888K(31104K)->30888K(31104K) Class: 4514K(4736K)->4514K(4736K)
[3.383s][info ][gc             ] GC(2) Pause Young (Metadata GC Threshold) 508M->60M(1542M) 37.978ms
[3.383s][info ][gc,cpu         ] GC(2) User=0.12s Sys=0.01s Real=0.03s
[3.383s][debug][gc,phases      ] GC(3) Pre Compact 0.009ms
[3.383s][info ][gc,start       ] GC(3) Pause Full (Metadata GC Threshold)
[3.383s][info ][gc,phases,start] GC(3) Marking Phase
[3.405s][debug][gc,phases      ] GC(3) Par Mark 22.305ms
[3.405s][debug][gc,ref         ] GC(3) ReferenceProcessor::execute queues: 4, RefProcThreadModel::Multi, marks_oops_alive: false
[3.406s][debug][gc,ref         ] GC(3) ReferenceProcessor::execute queues: 4, RefProcThreadModel::Multi, marks_oops_alive: true
[3.406s][debug][gc,ref         ] GC(3) ReferenceProcessor::execute queues: 1, RefProcThreadModel::Single, marks_oops_alive: false
[3.406s][debug][gc,phases      ] GC(3) Reference Processing 0.522ms
[3.406s][debug][gc,phases      ] GC(3)   VM Weak                        Min:  0.0, Avg:  0.0, Max:  0.0, Diff:  0.0, Sum:  0.0, Workers: 4
[3.406s][debug][gc,phases      ] GC(3)     Dead                           Min: 0, Avg:  0.0, Max: 0, Diff: 0, Sum: 0, Workers: 4
[3.406s][debug][gc,phases      ] GC(3)     Total                          Min: 0, Avg: 72.5, Max: 226, Diff: 226, Sum: 290, Workers: 4
[3.406s][debug][gc,phases      ] GC(3)   ObjectSynchronizer Weak        Min:  0.0, Avg:  0.0, Max:  0.0, Diff:  0.0, Sum:  0.0, Workers: 4
[3.406s][debug][gc,phases      ] GC(3)     Dead                           Min: 0, Avg:  0.0, Max: 0, Diff: 0, Sum: 0, Workers: 4
[3.406s][debug][gc,phases      ] GC(3)     Total                          Min: 0, Avg:  2.8, Max: 11, Diff: 11, Sum: 11, Workers: 4
[3.406s][debug][gc,phases      ] GC(3)   JVMTI Tag Weak OopStorage      Min:  0.0, Avg:  0.0, Max:  0.0, Diff:  0.0, Sum:  0.0, Workers: 4
[3.406s][debug][gc,phases      ] GC(3)     Dead                           Min: 0, Avg:  0.0, Max: 0, Diff: 0, Sum: 0, Workers: 4
[3.406s][debug][gc,phases      ] GC(3)     Total                          Min: 0, Avg:  0.0, Max: 0, Diff: 0, Sum: 0, Workers: 4
[3.406s][debug][gc,phases      ] GC(3)   StringTable Weak               Min:  0.0, Avg:  0.1, Max:  0.1, Diff:  0.0, Sum:  0.2, Workers: 4
[3.406s][debug][gc,phases      ] GC(3)     Dead                           Min: 0, Avg:  0.0, Max: 0, Diff: 0, Sum: 0, Workers: 4
[3.406s][debug][gc,phases      ] GC(3)     Total                          Min: 3584, Avg: 3660.2, Max: 3776, Diff: 192, Sum: 14641, Workers: 4
[3.406s][debug][gc,phases      ] GC(3)   ResolvedMethodTable Weak       Min:  0.0, Avg:  0.0, Max:  0.0, Diff:  0.0, Sum:  0.1, Workers: 4
[3.406s][debug][gc,phases      ] GC(3)     Dead                           Min: 0, Avg:  0.0, Max: 0, Diff: 0, Sum: 0, Workers: 4
[3.406s][debug][gc,phases      ] GC(3)     Total                          Min: 1088, Avg: 1176.8, Max: 1280, Diff: 192, Sum: 4707, Workers: 4
[3.406s][debug][gc,phases      ] GC(3)   JNI Weak                       Min:  0.0, Avg:  0.0, Max:  0.0, Diff:  0.0, Sum:  0.0, Workers: 4
[3.406s][debug][gc,phases      ] GC(3)     Dead                           Min: 0, Avg:  0.0, Max: 0, Diff: 0, Sum: 0, Workers: 4
[3.406s][debug][gc,phases      ] GC(3)     Total                          Min: 0, Avg: 12.0, Max: 48, Diff: 48, Sum: 48, Workers: 4
[3.406s][debug][gc,phases      ] GC(3)   StringDedup Table Weak         Min:  0.0, Avg:  0.0, Max:  0.0, Diff:  0.0, Sum:  0.0, Workers: 4
[3.406s][debug][gc,phases      ] GC(3)     Dead                           Min: 0, Avg:  0.0, Max: 0, Diff: 0, Sum: 0, Workers: 4
[3.406s][debug][gc,phases      ] GC(3)     Total                          Min: 0, Avg:  0.0, Max: 0, Diff: 0, Sum: 0, Workers: 4
[3.406s][debug][gc,phases      ] GC(3)   StringDedup Requests0 Weak     Min:  0.0, Avg:  0.0, Max:  0.0, Diff:  0.0, Sum:  0.0, Workers: 4
[3.406s][debug][gc,phases      ] GC(3)     Dead                           Min: 0, Avg:  0.0, Max: 0, Diff: 0, Sum: 0, Workers: 4
[3.406s][debug][gc,phases      ] GC(3)     Total                          Min: 0, Avg:  0.0, Max: 0, Diff: 0, Sum: 0, Workers: 4
[3.406s][debug][gc,phases      ] GC(3)   StringDedup Requests1 Weak     Min:  0.0, Avg:  0.0, Max:  0.0, Diff:  0.0, Sum:  0.0, Workers: 4
[3.406s][debug][gc,phases      ] GC(3)     Dead                           Min: 0, Avg:  0.0, Max: 0, Diff: 0, Sum: 0, Workers: 4
[3.406s][debug][gc,phases      ] GC(3)     Total                          Min: 0, Avg:  0.0, Max: 0, Diff: 0, Sum: 0, Workers: 4
[3.406s][debug][gc,phases      ] GC(3)   Weak JFR Old Object Samples    Min:  0.0, Avg:  0.0, Max:  0.0, Diff:  0.0, Sum:  0.0, Workers: 4
[3.406s][debug][gc,phases      ] GC(3)     Dead                           Min: 0, Avg:  0.0, Max: 0, Diff: 0, Sum: 0, Workers: 4
[3.406s][debug][gc,phases      ] GC(3)     Total                          Min: 0, Avg:  0.0, Max: 0, Diff: 0, Sum: 0, Workers: 4
[3.406s][debug][gc,phases      ] GC(3) Weak Processing 0.293ms
[3.406s][debug][gc,phases      ] GC(3) ClassLoaderData 0.040ms
[3.406s][debug][gc,phases      ] GC(3) Trigger cleanups 0.000ms
[3.414s][debug][gc,phases      ] GC(3) Purge Unlinked NMethods 0.591ms
[3.414s][debug][gc,phases      ] GC(3) Unregister NMethods 0.035ms
[3.414s][debug][gc,phases      ] GC(3) Free Code Blobs 0.133ms
[3.414s][debug][gc,phases      ] GC(3) Class Unloading 8.293ms
[3.414s][debug][gc,phases      ] GC(3) Report Object Count 0.001ms
[3.414s][info ][gc,phases      ] GC(3) Marking Phase 31.487ms
[3.414s][info ][gc,phases,start] GC(3) Summary Phase
[3.414s][info ][gc,phases      ] GC(3) Summary Phase 0.008ms
[3.414s][info ][gc,phases,start] GC(3) Adjust Roots
[3.419s][info ][gc,phases      ] GC(3) Adjust Roots 4.596ms
[3.419s][info ][gc,phases,start] GC(3) Compaction Phase
[3.606s][info ][gc,phases      ] GC(3) Compaction Phase 186.842ms
[3.606s][info ][gc,phases,start] GC(3) Post Compact
[3.608s][debug][gc,phases      ] GC(3) Purge Class Loader Data 1.296ms
[3.608s][info ][gc,phases      ] GC(3) Post Compact 2.262ms
[3.608s][info ][gc,heap        ] GC(3) PSYoungGen: 55399K(1572864K)->55194K(1572864K) Eden: 0K(1048576K)->0K(1048576K) From: 55399K(524288K)->55194K(524288K)
[3.608s][info ][gc,heap        ] GC(3) ParOldGen: 6120K(6144K)->6086K(6144K)
[3.608s][info ][gc,metaspace   ] GC(3) Metaspace: 35402K(35840K)->35402K(35840K) NonClass: 30888K(31104K)->30888K(31104K) Class: 4514K(4736K)->4514K(4736K)
[3.608s][info ][gc             ] GC(3) Pause Full (Metadata GC Threshold) 60M->59M(1542M) 225.313ms
[3.608s][info ][gc,cpu         ] GC(3) User=0.49s Sys=0.00s Real=0.23s
[3.608s][info ][safepoint      ] Safepoint "CollectForMetadataAllocation", Time since last: 105826457 ns, Reaching safepoint: 2300 ns, Cleanup: 42502 ns, At safepoint: 263434353 ns, Total: 263479155 ns
[3.731s][info ][safepoint      ] Safepoint "ICBufferFull", Time since last: 122545551 ns, Reaching safepoint: 3600 ns, Cleanup: 125504 ns, At safepoint: 2400 ns, Total: 131504 ns
[3.863s][info ][safepoint      ] Safepoint "ICBufferFull", Time since last: 132180793 ns, Reaching safepoint: 4400 ns, Cleanup: 142205 ns, At safepoint: 9901 ns, Total: 156506 ns
[4.009s][info ][safepoint      ] Safepoint "ICBufferFull", Time since last: 145270957 ns, Reaching safepoint: 85304 ns, Cleanup: 134004 ns, At safepoint: 9901 ns, Total: 229209 ns
[4.202s][info ][safepoint      ] Safepoint "ICBufferFull", Time since last: 192947750 ns, Reaching safepoint: 3000 ns, Cleanup: 123905 ns, At safepoint: 6400 ns, Total: 133305 ns
[4.457s][info ][safepoint      ] Safepoint "ICBufferFull", Time since last: 254551937 ns, Reaching safepoint: 78503 ns, Cleanup: 116904 ns, At safepoint: 5801 ns, Total: 201208 ns
[4.580s][info ][safepoint      ] Safepoint "ICBufferFull", Time since last: 123337379 ns, Reaching safepoint: 4700 ns, Cleanup: 132204 ns, At safepoint: 3001 ns, Total: 139905 ns
[4.864s][info ][safepoint      ] Safepoint "ICBufferFull", Time since last: 284083986 ns, Reaching safepoint: 4700 ns, Cleanup: 155905 ns, At safepoint: 2600 ns, Total: 163205 ns
[5.272s][info ][safepoint      ] Safepoint "ICBufferFull", Time since last: 407444466 ns, Reaching safepoint: 4501 ns, Cleanup: 170306 ns, At safepoint: 5200 ns, Total: 180007 ns
[5.859s][info ][gc,start       ] GC(4) Pause Young (Metadata GC Threshold)
[5.928s][debug][gc,phases      ] GC(4) Scavenge 69.146ms
[5.929s][debug][gc,ref         ] GC(4) ReferenceProcessor::execute queues: 4, RefProcThreadModel::Multi, marks_oops_alive: false
[5.930s][debug][gc,ref         ] GC(4) Skipped KeepAliveFinalRefsPhase of Reference Processing: no references
[5.930s][debug][gc,ref         ] GC(4) ReferenceProcessor::execute queues: 4, RefProcThreadModel::Multi, marks_oops_alive: false
[5.930s][debug][gc,phases      ] GC(4) Reference Processing 1.843ms
[5.931s][debug][gc,phases      ] GC(4)   VM Weak                        Min:  0.0, Avg:  0.0, Max:  0.0, Diff:  0.0, Sum:  0.0, Workers: 4
[5.931s][debug][gc,phases      ] GC(4)     Dead                           Min: 0, Avg:  0.0, Max: 0, Diff: 0, Sum: 0, Workers: 4
[5.931s][debug][gc,phases      ] GC(4)     Total                          Min: 0, Avg: 118.5, Max: 448, Diff: 448, Sum: 474, Workers: 4
[5.931s][debug][gc,phases      ] GC(4)   ObjectSynchronizer Weak        Min:  0.0, Avg:  0.0, Max:  0.0, Diff:  0.0, Sum:  0.0, Workers: 4
[5.931s][debug][gc,phases      ] GC(4)     Dead                           Min: 0, Avg:  0.0, Max: 0, Diff: 0, Sum: 0, Workers: 4
[5.931s][debug][gc,phases      ] GC(4)     Total                          Min: 0, Avg:  2.8, Max: 11, Diff: 11, Sum: 11, Workers: 4
[5.931s][debug][gc,phases      ] GC(4)   JVMTI Tag Weak OopStorage      Min:  0.0, Avg:  0.0, Max:  0.0, Diff:  0.0, Sum:  0.0, Workers: 4
[5.931s][debug][gc,phases      ] GC(4)     Dead                           Min: 0, Avg:  0.0, Max: 0, Diff: 0, Sum: 0, Workers: 4
[5.931s][debug][gc,phases      ] GC(4)     Total                          Min: 0, Avg:  0.0, Max: 0, Diff: 0, Sum: 0, Workers: 4
[5.931s][debug][gc,phases      ] GC(4)   StringTable Weak               Min:  0.0, Avg:  0.2, Max:  0.4, Diff:  0.4, Sum:  0.8, Workers: 4
[5.931s][debug][gc,phases      ] GC(4)     Dead                           Min: 0, Avg:  3.5, Max: 12, Diff: 12, Sum: 14, Workers: 4
[5.931s][debug][gc,phases      ] GC(4)     Total                          Min: 0, Avg: 6991.5, Max: 15616, Diff: 15616, Sum: 27966, Workers: 4
[5.931s][debug][gc,phases      ] GC(4)   ResolvedMethodTable Weak       Min:  0.0, Avg:  0.1, Max:  0.1, Diff:  0.1, Sum:  0.4, Workers: 4
[5.931s][debug][gc,phases      ] GC(4)     Dead                           Min: 0, Avg: 1031.5, Max: 1860, Diff: 1860, Sum: 4126, Workers: 4
[5.931s][debug][gc,phases      ] GC(4)     Total                          Min: 0, Avg: 2946.5, Max: 5248, Diff: 5248, Sum: 11786, Workers: 4
[5.931s][debug][gc,phases      ] GC(4)   JNI Weak                       Min:  0.0, Avg:  0.0, Max:  0.0, Diff:  0.0, Sum:  0.0, Workers: 4
[5.931s][debug][gc,phases      ] GC(4)     Dead                           Min: 0, Avg:  0.0, Max: 0, Diff: 0, Sum: 0, Workers: 4
[5.931s][debug][gc,phases      ] GC(4)     Total                          Min: 0, Avg: 12.2, Max: 49, Diff: 49, Sum: 49, Workers: 4
[5.931s][debug][gc,phases      ] GC(4)   StringDedup Table Weak         Min:  0.0, Avg:  0.0, Max:  0.0, Diff:  0.0, Sum:  0.0, Workers: 4
[5.931s][debug][gc,phases      ] GC(4)     Dead                           Min: 0, Avg:  0.0, Max: 0, Diff: 0, Sum: 0, Workers: 4
[5.931s][debug][gc,phases      ] GC(4)     Total                          Min: 0, Avg:  0.0, Max: 0, Diff: 0, Sum: 0, Workers: 4
[5.931s][debug][gc,phases      ] GC(4)   StringDedup Requests0 Weak     Min:  0.0, Avg:  0.0, Max:  0.0, Diff:  0.0, Sum:  0.0, Workers: 4
[5.931s][debug][gc,phases      ] GC(4)     Dead                           Min: 0, Avg:  0.0, Max: 0, Diff: 0, Sum: 0, Workers: 4
[5.931s][debug][gc,phases      ] GC(4)     Total                          Min: 0, Avg:  0.0, Max: 0, Diff: 0, Sum: 0, Workers: 4
[5.931s][debug][gc,phases      ] GC(4)   StringDedup Requests1 Weak     Min:  0.0, Avg:  0.0, Max:  0.0, Diff:  0.0, Sum:  0.0, Workers: 4
[5.931s][debug][gc,phases      ] GC(4)     Dead                           Min: 0, Avg:  0.0, Max: 0, Diff: 0, Sum: 0, Workers: 4
[5.931s][debug][gc,phases      ] GC(4)     Total                          Min: 0, Avg:  0.0, Max: 0, Diff: 0, Sum: 0, Workers: 4
[5.931s][debug][gc,phases      ] GC(4)   Weak JFR Old Object Samples    Min:  0.0, Avg:  0.0, Max:  0.0, Diff:  0.0, Sum:  0.0, Workers: 4
[5.931s][debug][gc,phases      ] GC(4)     Dead                           Min: 0, Avg:  0.0, Max: 0, Diff: 0, Sum: 0, Workers: 4
[5.931s][debug][gc,phases      ] GC(4)     Total                          Min: 0, Avg:  0.0, Max: 0, Diff: 0, Sum: 0, Workers: 4
[5.931s][debug][gc,phases      ] GC(4) Weak Processing 0.813ms
[5.931s][debug][gc,age         ] GC(4) Desired survivor size 536870912 bytes, new threshold 7 (max threshold 15)
[5.931s][info ][gc,heap        ] GC(4) PSYoungGen: 495616K(1572864K)->77947K(1572864K) Eden: 440422K(1048576K)->0K(1048576K) From: 55194K(524288K)->77947K(524288K)
[5.931s][info ][gc,heap        ] GC(4) ParOldGen: 6086K(6144K)->6118K(6144K)
[5.931s][info ][gc,metaspace   ] GC(4) Metaspace: 59071K(59776K)->59071K(59776K) NonClass: 49607K(49984K)->49607K(49984K) Class: 9463K(9792K)->9463K(9792K)
[5.931s][info ][gc             ] GC(4) Pause Young (Metadata GC Threshold) 489M->82M(1542M) 71.947ms
[5.931s][info ][gc,cpu         ] GC(4) User=0.25s Sys=0.01s Real=0.07s
[5.931s][debug][gc,phases      ] GC(5) Pre Compact 0.009ms
[5.931s][info ][gc,start       ] GC(5) Pause Full (Metadata GC Threshold)
[5.931s][info ][gc,phases,start] GC(5) Marking Phase
[5.968s][debug][gc,phases      ] GC(5) Par Mark 36.289ms
[5.968s][debug][gc,ref         ] GC(5) ReferenceProcessor::execute queues: 4, RefProcThreadModel::Multi, marks_oops_alive: false
[5.968s][debug][gc,ref         ] GC(5) ReferenceProcessor::execute queues: 4, RefProcThreadModel::Multi, marks_oops_alive: true
[5.968s][debug][gc,ref         ] GC(5) ReferenceProcessor::execute queues: 1, RefProcThreadModel::Single, marks_oops_alive: false
[5.968s][debug][gc,phases      ] GC(5) Reference Processing 0.699ms
[5.968s][debug][gc,phases      ] GC(5)   VM Weak                        Min:  0.0, Avg:  0.0, Max:  0.0, Diff:  0.0, Sum:  0.0, Workers: 4
[5.968s][debug][gc,phases      ] GC(5)     Dead                           Min: 0, Avg:  0.0, Max: 0, Diff: 0, Sum: 0, Workers: 4
[5.968s][debug][gc,phases      ] GC(5)     Total                          Min: 0, Avg: 118.5, Max: 410, Diff: 410, Sum: 474, Workers: 4
[5.968s][debug][gc,phases      ] GC(5)   ObjectSynchronizer Weak        Min:  0.0, Avg:  0.0, Max:  0.0, Diff:  0.0, Sum:  0.0, Workers: 4
[5.968s][debug][gc,phases      ] GC(5)     Dead                           Min: 0, Avg:  0.0, Max: 0, Diff: 0, Sum: 0, Workers: 4
[5.968s][debug][gc,phases      ] GC(5)     Total                          Min: 0, Avg:  2.8, Max: 11, Diff: 11, Sum: 11, Workers: 4
[5.969s][debug][gc,phases      ] GC(5)   JVMTI Tag Weak OopStorage      Min:  0.0, Avg:  0.0, Max:  0.0, Diff:  0.0, Sum:  0.0, Workers: 4
[5.969s][debug][gc,phases      ] GC(5)     Dead                           Min: 0, Avg:  0.0, Max: 0, Diff: 0, Sum: 0, Workers: 4
[5.969s][debug][gc,phases      ] GC(5)     Total                          Min: 0, Avg:  0.0, Max: 0, Diff: 0, Sum: 0, Workers: 4
[5.969s][debug][gc,phases      ] GC(5)   StringTable Weak               Min:  0.1, Avg:  0.1, Max:  0.1, Diff:  0.0, Sum:  0.4, Workers: 4
[5.969s][debug][gc,phases      ] GC(5)     Dead                           Min: 0, Avg:  0.0, Max: 0, Diff: 0, Sum: 0, Workers: 4
[5.969s][debug][gc,phases      ] GC(5)     Total                          Min: 6848, Avg: 6991.5, Max: 7166, Diff: 318, Sum: 27966, Workers: 4
[5.969s][debug][gc,phases      ] GC(5)   ResolvedMethodTable Weak       Min:  0.0, Avg:  0.0, Max:  0.0, Diff:  0.0, Sum:  0.2, Workers: 4
[5.969s][debug][gc,phases      ] GC(5)     Dead                           Min: 0, Avg:  0.0, Max: 0, Diff: 0, Sum: 0, Workers: 4
[5.969s][debug][gc,phases      ] GC(5)     Total                          Min: 2880, Avg: 2946.5, Max: 3008, Diff: 128, Sum: 11786, Workers: 4
[5.969s][debug][gc,phases      ] GC(5)   JNI Weak                       Min:  0.0, Avg:  0.0, Max:  0.0, Diff:  0.0, Sum:  0.0, Workers: 4
[5.969s][debug][gc,phases      ] GC(5)     Dead                           Min: 0, Avg:  0.0, Max: 0, Diff: 0, Sum: 0, Workers: 4
[5.969s][debug][gc,phases      ] GC(5)     Total                          Min: 0, Avg: 12.2, Max: 49, Diff: 49, Sum: 49, Workers: 4
[5.969s][debug][gc,phases      ] GC(5)   StringDedup Table Weak         Min:  0.0, Avg:  0.0, Max:  0.0, Diff:  0.0, Sum:  0.0, Workers: 4
[5.969s][debug][gc,phases      ] GC(5)     Dead                           Min: 0, Avg:  0.0, Max: 0, Diff: 0, Sum: 0, Workers: 4
[5.969s][debug][gc,phases      ] GC(5)     Total                          Min: 0, Avg:  0.0, Max: 0, Diff: 0, Sum: 0, Workers: 4
[5.969s][debug][gc,phases      ] GC(5)   StringDedup Requests0 Weak     Min:  0.0, Avg:  0.0, Max:  0.0, Diff:  0.0, Sum:  0.0, Workers: 4
[5.969s][debug][gc,phases      ] GC(5)     Dead                           Min: 0, Avg:  0.0, Max: 0, Diff: 0, Sum: 0, Workers: 4
[5.969s][debug][gc,phases      ] GC(5)     Total                          Min: 0, Avg:  0.0, Max: 0, Diff: 0, Sum: 0, Workers: 4
[5.969s][debug][gc,phases      ] GC(5)   StringDedup Requests1 Weak     Min:  0.0, Avg:  0.0, Max:  0.0, Diff:  0.0, Sum:  0.0, Workers: 4
[5.969s][debug][gc,phases      ] GC(5)     Dead                           Min: 0, Avg:  0.0, Max: 0, Diff: 0, Sum: 0, Workers: 4
[5.969s][debug][gc,phases      ] GC(5)     Total                          Min: 0, Avg:  0.0, Max: 0, Diff: 0, Sum: 0, Workers: 4
[5.969s][debug][gc,phases      ] GC(5)   Weak JFR Old Object Samples    Min:  0.0, Avg:  0.0, Max:  0.0, Diff:  0.0, Sum:  0.0, Workers: 4
[5.969s][debug][gc,phases      ] GC(5)     Dead                           Min: 0, Avg:  0.0, Max: 0, Diff: 0, Sum: 0, Workers: 4
[5.969s][debug][gc,phases      ] GC(5)     Total                          Min: 0, Avg:  0.0, Max: 0, Diff: 0, Sum: 0, Workers: 4
[5.969s][debug][gc,phases      ] GC(5) Weak Processing 0.380ms
[5.969s][debug][gc,phases      ] GC(5) ClassLoaderData 0.065ms
[5.969s][debug][gc,phases      ] GC(5) Trigger cleanups 0.000ms
[5.978s][debug][gc,phases      ] GC(5) Purge Unlinked NMethods 0.214ms
[5.978s][debug][gc,phases      ] GC(5) Unregister NMethods 0.160ms
[5.978s][debug][gc,phases      ] GC(5) Free Code Blobs 0.043ms
[5.978s][debug][gc,phases      ] GC(5) Class Unloading 9.764ms
[5.978s][debug][gc,phases      ] GC(5) Report Object Count 0.001ms
[5.978s][info ][gc,phases      ] GC(5) Marking Phase 47.209ms
[5.978s][info ][gc,phases,start] GC(5) Summary Phase
[5.978s][info ][gc,phases      ] GC(5) Summary Phase 0.008ms
[5.978s][info ][gc,phases,start] GC(5) Adjust Roots
[5.986s][info ][gc,phases      ] GC(5) Adjust Roots 7.687ms
[5.986s][info ][gc,phases,start] GC(5) Compaction Phase
[6.323s][info ][gc,phases      ] GC(5) Compaction Phase 337.319ms
[6.324s][info ][gc,phases,start] GC(5) Post Compact
[6.324s][debug][gc,phases      ] GC(5) Purge Class Loader Data 0.326ms
[6.326s][info ][gc,phases      ] GC(5) Post Compact 2.182ms
[6.326s][info ][gc,heap        ] GC(5) PSYoungGen: 77947K(1572864K)->77710K(1572864K) Eden: 0K(1048576K)->0K(1048576K) From: 77947K(524288K)->77710K(524288K)
[6.326s][info ][gc,heap        ] GC(5) ParOldGen: 6118K(6144K)->6087K(6144K)
[6.326s][info ][gc,metaspace   ] GC(5) Metaspace: 59071K(59776K)->59071K(59776K) NonClass: 49607K(49984K)->49607K(49984K) Class: 9463K(9792K)->9463K(9792K)
[6.326s][info ][gc             ] GC(5) Pause Full (Metadata GC Threshold) 82M->81M(1542M) 394.552ms
[6.326s][info ][gc,cpu         ] GC(5) User=0.84s Sys=0.01s Real=0.40s
[6.326s][info ][safepoint      ] Safepoint "CollectForMetadataAllocation", Time since last: 587059643 ns, Reaching safepoint: 4000 ns, Cleanup: 133605 ns, At safepoint: 466634067 ns, Total: 466771672 ns
[6.672s][info ][safepoint      ] Safepoint "ICBufferFull", Time since last: 345777277 ns, Reaching safepoint: 4700 ns, Cleanup: 162206 ns, At safepoint: 3100 ns, Total: 170006 ns
[6.803s][info ][safepoint      ] Safepoint "ICBufferFull", Time since last: 131133355 ns, Reaching safepoint: 78403 ns, Cleanup: 107104 ns, At safepoint: 6300 ns, Total: 191807 ns
[6.940s][info ][safepoint      ] Safepoint "ICBufferFull", Time since last: 136276539 ns, Reaching safepoint: 577120 ns, Cleanup: 136605 ns, At safepoint: 10900 ns, Total: 724625 ns
[7.014s][info ][safepoint      ] Safepoint "ICBufferFull", Time since last: 73581413 ns, Reaching safepoint: 5600 ns, Cleanup: 137405 ns, At safepoint: 2700 ns, Total: 145705 ns
[7.132s][info ][safepoint      ] Safepoint "ICBufferFull", Time since last: 118294300 ns, Reaching safepoint: 5500 ns, Cleanup: 129505 ns, At safepoint: 2900 ns, Total: 137905 ns
[7.347s][info ][safepoint      ] Safepoint "ICBufferFull", Time since last: 214661621 ns, Reaching safepoint: 5900 ns, Cleanup: 119005 ns, At safepoint: 8300 ns, Total: 133205 ns
[7.531s][info ][safepoint      ] Safepoint "ICBufferFull", Time since last: 183465703 ns, Reaching safepoint: 7100 ns, Cleanup: 164106 ns, At safepoint: 7000 ns, Total: 178206 ns
[7.797s][info ][safepoint      ] Safepoint "ICBufferFull", Time since last: 265693313 ns, Reaching safepoint: 76903 ns, Cleanup: 147105 ns, At safepoint: 10700 ns, Total: 234708 ns
[7.952s][info ][safepoint      ] Safepoint "ICBufferFull", Time since last: 155337704 ns, Reaching safepoint: 86103 ns, Cleanup: 121704 ns, At safepoint: 11301 ns, Total: 219108 ns
[8.143s][info ][safepoint      ] Safepoint "ICBufferFull", Time since last: 190429646 ns, Reaching safepoint: 81303 ns, Cleanup: 133905 ns, At safepoint: 5000 ns, Total: 220208 ns
[8.727s][info ][safepoint      ] Safepoint "ICBufferFull", Time since last: 583592976 ns, Reaching safepoint: 6000 ns, Cleanup: 146205 ns, At safepoint: 8200 ns, Total: 160405 ns
[9.418s][info ][safepoint      ] Safepoint "ICBufferFull", Time since last: 691367594 ns, Reaching safepoint: 5901 ns, Cleanup: 123604 ns, At safepoint: 5800 ns, Total: 135305 ns
[9.418s][info ][safepoint      ] Safepoint "ICBufferFull", Time since last: 72303 ns, Reaching safepoint: 74002 ns, Cleanup: 3400 ns, At safepoint: 8001 ns, Total: 85403 ns
[9.418s][info ][safepoint      ] Safepoint "ICBufferFull", Time since last: 39701 ns, Reaching safepoint: 74803 ns, Cleanup: 2500 ns, At safepoint: 9900 ns, Total: 87203 ns
[10.419s][info ][safepoint      ] Safepoint "Cleanup", Time since last: 1000090432 ns, Reaching safepoint: 84503 ns, Cleanup: 24901 ns, At safepoint: 12500 ns, Total: 121904 ns
[11.419s][info ][safepoint      ] Safepoint "Cleanup", Time since last: 1000118933 ns, Reaching safepoint: 85803 ns, Cleanup: 15200 ns, At safepoint: 11901 ns, Total: 112904 ns
[12.008s][info ][safepoint      ] Safepoint "ICBufferFull", Time since last: 589188074 ns, Reaching safepoint: 84303 ns, Cleanup: 113404 ns, At safepoint: 15200 ns, Total: 212907 ns
[12.008s][info ][safepoint      ] Safepoint "ICBufferFull", Time since last: 87703 ns, Reaching safepoint: 75403 ns, Cleanup: 1000 ns, At safepoint: 7200 ns, Total: 83603 ns
[12.032s][info ][safepoint      ] Safepoint "ICBufferFull", Time since last: 22612401 ns, Reaching safepoint: 484518 ns, Cleanup: 33501 ns, At safepoint: 13400 ns, Total: 531419 ns
[12.418s][info ][safepoint      ] Safepoint "ICBufferFull", Time since last: 386165281 ns, Reaching safepoint: 6901 ns, Cleanup: 132004 ns, At safepoint: 7901 ns, Total: 146806 ns
[12.616s][info ][safepoint      ] Safepoint "ICBufferFull", Time since last: 198365527 ns, Reaching safepoint: 6301 ns, Cleanup: 159805 ns, At safepoint: 14601 ns, Total: 180707 ns
[12.686s][info ][safepoint      ] Safepoint "ICBufferFull", Time since last: 69909577 ns, Reaching safepoint: 6900 ns, Cleanup: 124904 ns, At safepoint: 6901 ns, Total: 138705 ns
[12.939s][info ][safepoint      ] Safepoint "ICBufferFull", Time since last: 252595349 ns, Reaching safepoint: 7300 ns, Cleanup: 126304 ns, At safepoint: 11801 ns, Total: 145405 ns
[13.910s][info ][safepoint      ] Safepoint "ICBufferFull", Time since last: 970358178 ns, Reaching safepoint: 7600 ns, Cleanup: 132105 ns, At safepoint: 12700 ns, Total: 152405 ns
[14.292s][info ][safepoint      ] Safepoint "ICBufferFull", Time since last: 381995934 ns, Reaching safepoint: 84303 ns, Cleanup: 208407 ns, At safepoint: 13001 ns, Total: 305711 ns
[14.394s][info ][safepoint      ] Safepoint "ICBufferFull", Time since last: 101903110 ns, Reaching safepoint: 162406 ns, Cleanup: 140505 ns, At safepoint: 11400 ns, Total: 314311 ns
[14.484s][info ][safepoint      ] Safepoint "ICBufferFull", Time since last: 89299464 ns, Reaching safepoint: 581220 ns, Cleanup: 140205 ns, At safepoint: 15601 ns, Total: 737026 ns
[14.586s][info ][safepoint      ] Safepoint "ICBufferFull", Time since last: 101338390 ns, Reaching safepoint: 8100 ns, Cleanup: 134505 ns, At safepoint: 9401 ns, Total: 152006 ns
[14.787s][info ][safepoint      ] Safepoint "ICBufferFull", Time since last: 201267530 ns, Reaching safepoint: 93303 ns, Cleanup: 138605 ns, At safepoint: 9001 ns, Total: 240909 ns
[14.948s][info ][safepoint      ] Safepoint "ICBufferFull", Time since last: 160273478 ns, Reaching safepoint: 90603 ns, Cleanup: 137705 ns, At safepoint: 12100 ns, Total: 240408 ns
[15.088s][info ][safepoint      ] Safepoint "ICBufferFull", Time since last: 139577745 ns, Reaching safepoint: 83903 ns, Cleanup: 135605 ns, At safepoint: 13101 ns, Total: 232609 ns
[15.262s][info ][safepoint      ] Safepoint "ICBufferFull", Time since last: 173820858 ns, Reaching safepoint: 7700 ns, Cleanup: 161206 ns, At safepoint: 8500 ns, Total: 177406 ns
[15.291s][info ][gc,start       ] GC(6) Pause Young (Allocation Failure)
[15.373s][debug][gc,phases      ] GC(6) Scavenge 81.966ms
[15.373s][debug][gc,ref         ] GC(6) ReferenceProcessor::execute queues: 4, RefProcThreadModel::Multi, marks_oops_alive: false
[15.375s][debug][gc,ref         ] GC(6) Skipped KeepAliveFinalRefsPhase of Reference Processing: no references
[15.375s][debug][gc,ref         ] GC(6) ReferenceProcessor::execute queues: 4, RefProcThreadModel::Multi, marks_oops_alive: false
[15.375s][debug][gc,phases      ] GC(6) Reference Processing 2.159ms
[15.376s][debug][gc,phases      ] GC(6)   VM Weak                        Min:  0.0, Avg:  0.0, Max:  0.0, Diff:  0.0, Sum:  0.0, Workers: 4
[15.376s][debug][gc,phases      ] GC(6)     Dead                           Min: 0, Avg:  0.0, Max: 0, Diff: 0, Sum: 0, Workers: 4
[15.376s][debug][gc,phases      ] GC(6)     Total                          Min: 0, Avg: 193.5, Max: 384, Diff: 384, Sum: 774, Workers: 4
[15.376s][debug][gc,phases      ] GC(6)   ObjectSynchronizer Weak        Min:  0.0, Avg:  0.0, Max:  0.0, Diff:  0.0, Sum:  0.0, Workers: 4
[15.376s][debug][gc,phases      ] GC(6)     Dead                           Min: 0, Avg:  6.2, Max: 25, Diff: 25, Sum: 25, Workers: 4
[15.376s][debug][gc,phases      ] GC(6)     Total                          Min: 0, Avg: 13.5, Max: 54, Diff: 54, Sum: 54, Workers: 4
[15.376s][debug][gc,phases      ] GC(6)   JVMTI Tag Weak OopStorage      Min:  0.0, Avg:  0.0, Max:  0.0, Diff:  0.0, Sum:  0.0, Workers: 4
[15.376s][debug][gc,phases      ] GC(6)     Dead                           Min: 0, Avg:  0.0, Max: 0, Diff: 0, Sum: 0, Workers: 4
[15.376s][debug][gc,phases      ] GC(6)     Total                          Min: 0, Avg:  0.0, Max: 0, Diff: 0, Sum: 0, Workers: 4
[15.376s][debug][gc,phases      ] GC(6)   StringTable Weak               Min:  0.0, Avg:  0.4, Max:  0.5, Diff:  0.5, Sum:  1.6, Workers: 4
[15.376s][debug][gc,phases      ] GC(6)     Dead                           Min: 0, Avg:  9.2, Max: 14, Diff: 14, Sum: 37, Workers: 4
[15.376s][debug][gc,phases      ] GC(6)     Total                          Min: 0, Avg: 10599.8, Max: 14528, Diff: 14528, Sum: 42399, Workers: 4
[15.376s][debug][gc,phases      ] GC(6)   ResolvedMethodTable Weak       Min:  0.0, Avg:  0.2, Max:  0.2, Diff:  0.2, Sum:  0.7, Workers: 4
[15.376s][debug][gc,phases      ] GC(6)     Dead                           Min: 0, Avg: 866.5, Max: 1246, Diff: 1246, Sum: 3466, Workers: 4
[15.376s][debug][gc,phases      ] GC(6)     Total                          Min: 0, Avg: 4054.2, Max: 5593, Diff: 5593, Sum: 16217, Workers: 4
[15.376s][debug][gc,phases      ] GC(6)   JNI Weak                       Min:  0.0, Avg:  0.0, Max:  0.0, Diff:  0.0, Sum:  0.0, Workers: 4
[15.376s][debug][gc,phases      ] GC(6)     Dead                           Min: 0, Avg:  0.0, Max: 0, Diff: 0, Sum: 0, Workers: 4
[15.376s][debug][gc,phases      ] GC(6)     Total                          Min: 0, Avg: 21.0, Max: 60, Diff: 60, Sum: 84, Workers: 4
[15.376s][debug][gc,phases      ] GC(6)   StringDedup Table Weak         Min:  0.0, Avg:  0.0, Max:  0.0, Diff:  0.0, Sum:  0.0, Workers: 4
[15.376s][debug][gc,phases      ] GC(6)     Dead                           Min: 0, Avg:  0.0, Max: 0, Diff: 0, Sum: 0, Workers: 4
[15.376s][debug][gc,phases      ] GC(6)     Total                          Min: 0, Avg:  0.0, Max: 0, Diff: 0, Sum: 0, Workers: 4
[15.376s][debug][gc,phases      ] GC(6)   StringDedup Requests0 Weak     Min:  0.0, Avg:  0.0, Max:  0.0, Diff:  0.0, Sum:  0.0, Workers: 4
[15.376s][debug][gc,phases      ] GC(6)     Dead                           Min: 0, Avg:  0.0, Max: 0, Diff: 0, Sum: 0, Workers: 4
[15.376s][debug][gc,phases      ] GC(6)     Total                          Min: 0, Avg:  0.0, Max: 0, Diff: 0, Sum: 0, Workers: 4
[15.376s][debug][gc,phases      ] GC(6)   StringDedup Requests1 Weak     Min:  0.0, Avg:  0.0, Max:  0.0, Diff:  0.0, Sum:  0.0, Workers: 4
[15.376s][debug][gc,phases      ] GC(6)     Dead                           Min: 0, Avg:  0.0, Max: 0, Diff: 0, Sum: 0, Workers: 4
[15.376s][debug][gc,phases      ] GC(6)     Total                          Min: 0, Avg:  0.0, Max: 0, Diff: 0, Sum: 0, Workers: 4
[15.376s][debug][gc,phases      ] GC(6)   Weak JFR Old Object Samples    Min:  0.0, Avg:  0.0, Max:  0.0, Diff:  0.0, Sum:  0.0, Workers: 4
[15.376s][debug][gc,phases      ] GC(6)     Dead                           Min: 0, Avg:  0.0, Max: 0, Diff: 0, Sum: 0, Workers: 4
[15.376s][debug][gc,phases      ] GC(6)     Total                          Min: 0, Avg:  0.0, Max: 0, Diff: 0, Sum: 0, Workers: 4
[15.376s][debug][gc,phases      ] GC(6) Weak Processing 1.065ms
[15.376s][debug][gc,age         ] GC(6) Desired survivor size 536870912 bytes, new threshold 7 (max threshold 15)
[15.376s][info ][gc,heap        ] GC(6) PSYoungGen: 1126286K(1572864K)->141716K(1572864K) Eden: 1048576K(1048576K)->0K(1048576K) From: 77710K(524288K)->141716K(524288K)
[15.376s][info ][gc,heap        ] GC(6) ParOldGen: 6087K(6144K)->6412K(6656K)
[15.376s][info ][gc,metaspace   ] GC(6) Metaspace: 95441K(96512K)->95441K(96512K) NonClass: 80735K(81344K)->80735K(81344K) Class: 14705K(15168K)->14705K(15168K)
[15.376s][info ][gc             ] GC(6) Pause Young (Allocation Failure) 1105M->144M(1542M) 85.361ms
[15.376s][info ][gc,cpu         ] GC(6) User=0.25s Sys=0.05s Real=0.09s
[15.376s][info ][safepoint      ] Safepoint "ParallelGCFailedAllocation", Time since last: 29011628 ns, Reaching safepoint: 90403 ns, Cleanup: 49902 ns, At safepoint: 85457528 ns, Total: 85597833 ns
[15.553s][info ][safepoint      ] Safepoint "ICBufferFull", Time since last: 176842567 ns, Reaching safepoint: 84603 ns, Cleanup: 139604 ns, At safepoint: 9801 ns, Total: 234008 ns
[15.701s][info ][safepoint      ] Safepoint "ICBufferFull", Time since last: 147449125 ns, Reaching safepoint: 82103 ns, Cleanup: 150005 ns, At safepoint: 12901 ns, Total: 245009 ns
[15.932s][info ][safepoint      ] Safepoint "ICBufferFull", Time since last: 231265296 ns, Reaching safepoint: 8800 ns, Cleanup: 155506 ns, At safepoint: 9300 ns, Total: 173606 ns
[16.091s][info ][safepoint      ] Safepoint "ICBufferFull", Time since last: 157916496 ns, Reaching safepoint: 86803 ns, Cleanup: 142805 ns, At safepoint: 22701 ns, Total: 252309 ns
[16.286s][info ][safepoint      ] Safepoint "ICBufferFull", Time since last: 194867806 ns, Reaching safepoint: 7900 ns, Cleanup: 173007 ns, At safepoint: 2600 ns, Total: 183507 ns
[16.660s][info ][safepoint      ] Safepoint "ICBufferFull", Time since last: 374459170 ns, Reaching safepoint: 85803 ns, Cleanup: 146305 ns, At safepoint: 19501 ns, Total: 251609 ns
[17.073s][info ][safepoint      ] Safepoint "ICBufferFull", Time since last: 412057003 ns, Reaching safepoint: 88803 ns, Cleanup: 144205 ns, At safepoint: 7501 ns, Total: 240509 ns
[17.645s][info ][safepoint      ] Safepoint "ICBufferFull", Time since last: 572279381 ns, Reaching safepoint: 86703 ns, Cleanup: 152505 ns, At safepoint: 7400 ns, Total: 246608 ns
[17.645s][info ][safepoint      ] Safepoint "ICBufferFull", Time since last: 196907 ns, Reaching safepoint: 77903 ns, Cleanup: 1300 ns, At safepoint: 8900 ns, Total: 88103 ns
[17.830s][info ][gc,start       ] GC(7) Pause Young (Allocation Failure)
[17.945s][debug][gc,phases      ] GC(7) Scavenge 114.277ms
[17.945s][debug][gc,ref         ] GC(7) ReferenceProcessor::execute queues: 4, RefProcThreadModel::Multi, marks_oops_alive: false
[17.946s][debug][gc,ref         ] GC(7) ReferenceProcessor::execute queues: 4, RefProcThreadModel::Multi, marks_oops_alive: true
[17.946s][debug][gc,ref         ] GC(7) ReferenceProcessor::execute queues: 1, RefProcThreadModel::Single, marks_oops_alive: false
[17.946s][debug][gc,phases      ] GC(7) Reference Processing 1.213ms
[17.947s][debug][gc,phases      ] GC(7)   VM Weak                        Min:  0.0, Avg:  0.0, Max:  0.0, Diff:  0.0, Sum:  0.0, Workers: 4
[17.947s][debug][gc,phases      ] GC(7)     Dead                           Min: 0, Avg:  0.0, Max: 0, Diff: 0, Sum: 0, Workers: 4
[17.947s][debug][gc,phases      ] GC(7)     Total                          Min: 128, Avg: 205.5, Max: 310, Diff: 182, Sum: 822, Workers: 4
[17.947s][debug][gc,phases      ] GC(7)   ObjectSynchronizer Weak        Min:  0.0, Avg:  0.0, Max:  0.0, Diff:  0.0, Sum:  0.0, Workers: 4
[17.947s][debug][gc,phases      ] GC(7)     Dead                           Min: 0, Avg:  0.0, Max: 0, Diff: 0, Sum: 0, Workers: 4
[17.947s][debug][gc,phases      ] GC(7)     Total                          Min: 0, Avg: 13.8, Max: 55, Diff: 55, Sum: 55, Workers: 4
[17.947s][debug][gc,phases      ] GC(7)   JVMTI Tag Weak OopStorage      Min:  0.0, Avg:  0.0, Max:  0.0, Diff:  0.0, Sum:  0.0, Workers: 4
[17.947s][debug][gc,phases      ] GC(7)     Dead                           Min: 0, Avg:  0.0, Max: 0, Diff: 0, Sum: 0, Workers: 4
[17.947s][debug][gc,phases      ] GC(7)     Total                          Min: 0, Avg:  0.0, Max: 0, Diff: 0, Sum: 0, Workers: 4
[17.947s][debug][gc,phases      ] GC(7)   StringTable Weak               Min:  0.5, Avg:  0.5, Max:  0.5, Diff:  0.0, Sum:  2.1, Workers: 4
[17.947s][debug][gc,phases      ] GC(7)     Dead                           Min: 0, Avg:  1.0, Max: 2, Diff: 2, Sum: 4, Workers: 4
[17.947s][debug][gc,phases      ] GC(7)     Total                          Min: 10560, Avg: 10724.0, Max: 10943, Diff: 383, Sum: 42896, Workers: 4
[17.947s][debug][gc,phases      ] GC(7)   ResolvedMethodTable Weak       Min:  0.2, Avg:  0.2, Max:  0.2, Diff:  0.0, Sum:  0.7, Workers: 4
[17.947s][debug][gc,phases      ] GC(7)     Dead                           Min: 11, Avg: 20.5, Max: 34, Diff: 23, Sum: 82, Workers: 4
[17.947s][debug][gc,phases      ] GC(7)     Total                          Min: 3234, Avg: 3280.8, Max: 3332, Diff: 98, Sum: 13123, Workers: 4
[17.947s][debug][gc,phases      ] GC(7)   JNI Weak                       Min:  0.0, Avg:  0.0, Max:  0.0, Diff:  0.0, Sum:  0.0, Workers: 4
[17.947s][debug][gc,phases      ] GC(7)     Dead                           Min: 0, Avg:  0.0, Max: 0, Diff: 0, Sum: 0, Workers: 4
[17.947s][debug][gc,phases      ] GC(7)     Total                          Min: 0, Avg: 18.0, Max: 52, Diff: 52, Sum: 72, Workers: 4
[17.947s][debug][gc,phases      ] GC(7)   StringDedup Table Weak         Min:  0.0, Avg:  0.0, Max:  0.0, Diff:  0.0, Sum:  0.0, Workers: 4
[17.947s][debug][gc,phases      ] GC(7)     Dead                           Min: 0, Avg:  0.0, Max: 0, Diff: 0, Sum: 0, Workers: 4
[17.947s][debug][gc,phases      ] GC(7)     Total                          Min: 0, Avg:  0.0, Max: 0, Diff: 0, Sum: 0, Workers: 4
[17.947s][debug][gc,phases      ] GC(7)   StringDedup Requests0 Weak     Min:  0.0, Avg:  0.0, Max:  0.0, Diff:  0.0, Sum:  0.0, Workers: 4
[17.947s][debug][gc,phases      ] GC(7)     Dead                           Min: 0, Avg:  0.0, Max: 0, Diff: 0, Sum: 0, Workers: 4
[17.947s][debug][gc,phases      ] GC(7)     Total                          Min: 0, Avg:  0.0, Max: 0, Diff: 0, Sum: 0, Workers: 4
[17.947s][debug][gc,phases      ] GC(7)   StringDedup Requests1 Weak     Min:  0.0, Avg:  0.0, Max:  0.0, Diff:  0.0, Sum:  0.0, Workers: 4
[17.947s][debug][gc,phases      ] GC(7)     Dead                           Min: 0, Avg:  0.0, Max: 0, Diff: 0, Sum: 0, Workers: 4
[17.947s][debug][gc,phases      ] GC(7)     Total                          Min: 0, Avg:  0.0, Max: 0, Diff: 0, Sum: 0, Workers: 4
[17.947s][debug][gc,phases      ] GC(7)   Weak JFR Old Object Samples    Min:  0.0, Avg:  0.0, Max:  0.0, Diff:  0.0, Sum:  0.0, Workers: 4
[17.947s][debug][gc,phases      ] GC(7)     Dead                           Min: 0, Avg:  0.0, Max: 0, Diff: 0, Sum: 0, Workers: 4
[17.947s][debug][gc,phases      ] GC(7)     Total                          Min: 0, Avg:  0.0, Max: 0, Diff: 0, Sum: 0, Workers: 4
[17.947s][debug][gc,phases      ] GC(7) Weak Processing 0.927ms
[17.947s][debug][gc,age         ] GC(7) Desired survivor size 224395264 bytes, new threshold 6 (max threshold 15)
[17.947s][info ][gc,heap        ] GC(7) PSYoungGen: 1190292K(1572864K)->202527K(1572864K) Eden: 1048576K(1048576K)->0K(1048576K) From: 141716K(524288K)->202527K(524288K)
[17.947s][info ][gc,heap        ] GC(7) ParOldGen: 6412K(6656K)->6428K(6656K)
[17.947s][info ][gc,metaspace   ] GC(7) Metaspace: 97247K(98432K)->97247K(98432K) NonClass: 82386K(83072K)->82386K(83072K) Class: 14861K(15360K)->14861K(15360K)
[17.947s][info ][gc             ] GC(7) Pause Young (Allocation Failure) 1168M->204M(1542M) 116.584ms
[17.947s][info ][gc,cpu         ] GC(7) User=0.31s Sys=0.06s Real=0.12s
[17.947s][info ][safepoint      ] Safepoint "ParallelGCFailedAllocation", Time since last: 184869552 ns, Reaching safepoint: 90603 ns, Cleanup: 61902 ns, At safepoint: 116693036 ns, Total: 116845541 ns
[18.421s][info ][safepoint      ] Safepoint "ICBufferFull", Time since last: 473987898 ns, Reaching safepoint: 8800 ns, Cleanup: 161306 ns, At safepoint: 6000 ns, Total: 176106 ns
[18.960s][info ][safepoint      ] Safepoint "ICBufferFull", Time since last: 538664290 ns, Reaching safepoint: 8100 ns, Cleanup: 130904 ns, At safepoint: 7201 ns, Total: 146205 ns
[19.420s][info ][safepoint      ] Safepoint "ICBufferFull", Time since last: 459724992 ns, Reaching safepoint: 8200 ns, Cleanup: 157506 ns, At safepoint: 6800 ns, Total: 172506 ns
[20.210s][info ][safepoint      ] Safepoint "ICBufferFull", Time since last: 789454878 ns, Reaching safepoint: 82902 ns, Cleanup: 140405 ns, At safepoint: 5701 ns, Total: 229008 ns
[20.959s][info ][safepoint      ] Safepoint "ICBufferFull", Time since last: 749037645 ns, Reaching safepoint: 84603 ns, Cleanup: 141805 ns, At safepoint: 7200 ns, Total: 233608 ns
[21.714s][info ][safepoint      ] Safepoint "ICBufferFull", Time since last: 755285967 ns, Reaching safepoint: 10000 ns, Cleanup: 168306 ns, At safepoint: 2800 ns, Total: 181106 ns
[22.715s][info ][safepoint      ] Safepoint "Cleanup", Time since last: 1000136944 ns, Reaching safepoint: 89703 ns, Cleanup: 139605 ns, At safepoint: 13201 ns, Total: 242509 ns
[23.715s][info ][safepoint      ] Safepoint "Cleanup", Time since last: 1000127412 ns, Reaching safepoint: 83803 ns, Cleanup: 162606 ns, At safepoint: 15300 ns, Total: 261709 ns
[24.715s][info ][safepoint      ] Safepoint "Cleanup", Time since last: 1000130944 ns, Reaching safepoint: 7500 ns, Cleanup: 82803 ns, At safepoint: 3000 ns, Total: 93303 ns
[25.318s][info ][gc,start       ] GC(8) Pause Young (CodeCache GC Threshold)
[25.425s][debug][gc,phases      ] GC(8) Scavenge 107.360ms
[25.426s][debug][gc,ref         ] GC(8) ReferenceProcessor::execute queues: 4, RefProcThreadModel::Multi, marks_oops_alive: false
[25.427s][debug][gc,ref         ] GC(8) ReferenceProcessor::execute queues: 4, RefProcThreadModel::Multi, marks_oops_alive: true
[25.427s][debug][gc,ref         ] GC(8) ReferenceProcessor::execute queues: 1, RefProcThreadModel::Single, marks_oops_alive: false
[25.427s][debug][gc,phases      ] GC(8) Reference Processing 1.628ms
[25.428s][debug][gc,phases      ] GC(8)   VM Weak                        Min:  0.0, Avg:  0.0, Max:  0.0, Diff:  0.0, Sum:  0.0, Workers: 4
[25.428s][debug][gc,phases      ] GC(8)     Dead                           Min: 0, Avg:  0.0, Max: 0, Diff: 0, Sum: 0, Workers: 4
[25.428s][debug][gc,phases      ] GC(8)     Total                          Min: 0, Avg: 206.0, Max: 384, Diff: 384, Sum: 824, Workers: 4
[25.428s][debug][gc,phases      ] GC(8)   ObjectSynchronizer Weak        Min:  0.0, Avg:  0.0, Max:  0.0, Diff:  0.0, Sum:  0.0, Workers: 4
[25.428s][debug][gc,phases      ] GC(8)     Dead                           Min: 0, Avg:  0.0, Max: 0, Diff: 0, Sum: 0, Workers: 4
[25.428s][debug][gc,phases      ] GC(8)     Total                          Min: 0, Avg: 13.8, Max: 55, Diff: 55, Sum: 55, Workers: 4
[25.428s][debug][gc,phases      ] GC(8)   JVMTI Tag Weak OopStorage      Min:  0.0, Avg:  0.0, Max:  0.0, Diff:  0.0, Sum:  0.0, Workers: 4
[25.428s][debug][gc,phases      ] GC(8)     Dead                           Min: 0, Avg:  0.0, Max: 0, Diff: 0, Sum: 0, Workers: 4
[25.428s][debug][gc,phases      ] GC(8)     Total                          Min: 0, Avg:  0.0, Max: 0, Diff: 0, Sum: 0, Workers: 4
[25.428s][debug][gc,phases      ] GC(8)   StringTable Weak               Min:  0.0, Avg:  0.5, Max:  0.7, Diff:  0.7, Sum:  2.0, Workers: 4
[25.428s][debug][gc,phases      ] GC(8)     Dead                           Min: 0, Avg:  0.5, Max: 2, Diff: 2, Sum: 2, Workers: 4
[25.428s][debug][gc,phases      ] GC(8)     Total                          Min: 0, Avg: 10828.8, Max: 14835, Diff: 14835, Sum: 43315, Workers: 4
[25.428s][debug][gc,phases      ] GC(8)   ResolvedMethodTable Weak       Min:  0.0, Avg:  0.2, Max:  0.2, Diff:  0.2, Sum:  0.7, Workers: 4
[25.428s][debug][gc,phases      ] GC(8)     Dead                           Min: 0, Avg: 14.2, Max: 30, Diff: 30, Sum: 57, Workers: 4
[25.428s][debug][gc,phases      ] GC(8)     Total                          Min: 0, Avg: 3302.8, Max: 4582, Diff: 4582, Sum: 13211, Workers: 4
[25.428s][debug][gc,phases      ] GC(8)   JNI Weak                       Min:  0.0, Avg:  0.0, Max:  0.0, Diff:  0.0, Sum:  0.0, Workers: 4
[25.428s][debug][gc,phases      ] GC(8)     Dead                           Min: 0, Avg:  0.0, Max: 0, Diff: 0, Sum: 0, Workers: 4
[25.428s][debug][gc,phases      ] GC(8)     Total                          Min: 0, Avg: 13.0, Max: 52, Diff: 52, Sum: 52, Workers: 4
[25.428s][debug][gc,phases      ] GC(8)   StringDedup Table Weak         Min:  0.0, Avg:  0.0, Max:  0.0, Diff:  0.0, Sum:  0.0, Workers: 4
[25.428s][debug][gc,phases      ] GC(8)     Dead                           Min: 0, Avg:  0.0, Max: 0, Diff: 0, Sum: 0, Workers: 4
[25.428s][debug][gc,phases      ] GC(8)     Total                          Min: 0, Avg:  0.0, Max: 0, Diff: 0, Sum: 0, Workers: 4
[25.428s][debug][gc,phases      ] GC(8)   StringDedup Requests0 Weak     Min:  0.0, Avg:  0.0, Max:  0.0, Diff:  0.0, Sum:  0.0, Workers: 4
[25.428s][debug][gc,phases      ] GC(8)     Dead                           Min: 0, Avg:  0.0, Max: 0, Diff: 0, Sum: 0, Workers: 4
[25.428s][debug][gc,phases      ] GC(8)     Total                          Min: 0, Avg:  0.0, Max: 0, Diff: 0, Sum: 0, Workers: 4
[25.428s][debug][gc,phases      ] GC(8)   StringDedup Requests1 Weak     Min:  0.0, Avg:  0.0, Max:  0.0, Diff:  0.0, Sum:  0.0, Workers: 4
[25.428s][debug][gc,phases      ] GC(8)     Dead                           Min: 0, Avg:  0.0, Max: 0, Diff: 0, Sum: 0, Workers: 4
[25.428s][debug][gc,phases      ] GC(8)     Total                          Min: 0, Avg:  0.0, Max: 0, Diff: 0, Sum: 0, Workers: 4
[25.428s][debug][gc,phases      ] GC(8)   Weak JFR Old Object Samples    Min:  0.0, Avg:  0.0, Max:  0.0, Diff:  0.0, Sum:  0.0, Workers: 4
[25.428s][debug][gc,phases      ] GC(8)     Dead                           Min: 0, Avg:  0.0, Max: 0, Diff: 0, Sum: 0, Workers: 4
[25.428s][debug][gc,phases      ] GC(8)     Total                          Min: 0, Avg:  0.0, Max: 0, Diff: 0, Sum: 0, Workers: 4
[25.428s][debug][gc,phases      ] GC(8) Weak Processing 1.197ms
[25.428s][debug][gc,age         ] GC(8) Desired survivor size 260571136 bytes, new threshold 5 (max threshold 15)
[25.428s][info ][gc,heap        ] GC(8) PSYoungGen: 756612K(1572864K)->198723K(1807360K) Eden: 554085K(1048576K)->0K(1588224K) From: 202527K(524288K)->198723K(219136K)
[25.428s][info ][gc,heap        ] GC(8) ParOldGen: 6428K(6656K)->6436K(6656K)
[25.428s][info ][gc,metaspace   ] GC(8) Metaspace: 97800K(98944K)->97800K(98944K) NonClass: 82904K(83520K)->82904K(83520K) Class: 14895K(15424K)->14895K(15424K)
[25.428s][info ][gc             ] GC(8) Pause Young (CodeCache GC Threshold) 745M->200M(1771M) 110.382ms
[25.428s][info ][gc,cpu         ] GC(8) User=0.24s Sys=0.12s Real=0.11s
[25.428s][debug][gc,phases      ] GC(9) Pre Compact 0.016ms
[25.428s][info ][gc,start       ] GC(9) Pause Full (CodeCache GC Threshold)
[25.428s][info ][gc,phases,start] GC(9) Marking Phase
[25.503s][debug][gc,phases      ] GC(9) Par Mark 74.529ms
[25.503s][debug][gc,ref         ] GC(9) ReferenceProcessor::execute queues: 4, RefProcThreadModel::Multi, marks_oops_alive: false
[25.503s][debug][gc,ref         ] GC(9) Skipped KeepAliveFinalRefsPhase of Reference Processing: no references
[25.503s][debug][gc,ref         ] GC(9) ReferenceProcessor::execute queues: 1, RefProcThreadModel::Single, marks_oops_alive: false
[25.504s][debug][gc,phases      ] GC(9) Reference Processing 1.163ms
[25.504s][debug][gc,phases      ] GC(9)   VM Weak                        Min:  0.0, Avg:  0.0, Max:  0.0, Diff:  0.0, Sum:  0.0, Workers: 4
[25.504s][debug][gc,phases      ] GC(9)     Dead                           Min: 0, Avg:  0.2, Max: 1, Diff: 1, Sum: 1, Workers: 4
[25.504s][debug][gc,phases      ] GC(9)     Total                          Min: 0, Avg: 206.0, Max: 384, Diff: 384, Sum: 824, Workers: 4
[25.504s][debug][gc,phases      ] GC(9)   ObjectSynchronizer Weak        Min:  0.0, Avg:  0.0, Max:  0.0, Diff:  0.0, Sum:  0.0, Workers: 4
[25.504s][debug][gc,phases      ] GC(9)     Dead                           Min: 0, Avg:  0.0, Max: 0, Diff: 0, Sum: 0, Workers: 4
[25.504s][debug][gc,phases      ] GC(9)     Total                          Min: 0, Avg: 13.8, Max: 55, Diff: 55, Sum: 55, Workers: 4
[25.504s][debug][gc,phases      ] GC(9)   JVMTI Tag Weak OopStorage      Min:  0.0, Avg:  0.0, Max:  0.0, Diff:  0.0, Sum:  0.0, Workers: 4
[25.504s][debug][gc,phases      ] GC(9)     Dead                           Min: 0, Avg:  0.0, Max: 0, Diff: 0, Sum: 0, Workers: 4
[25.504s][debug][gc,phases      ] GC(9)     Total                          Min: 0, Avg:  0.0, Max: 0, Diff: 0, Sum: 0, Workers: 4
[25.504s][debug][gc,phases      ] GC(9)   StringTable Weak               Min:  0.0, Avg:  0.2, Max:  0.2, Diff:  0.2, Sum:  0.7, Workers: 4
[25.504s][debug][gc,phases      ] GC(9)     Dead                           Min: 0, Avg:  0.0, Max: 0, Diff: 0, Sum: 0, Workers: 4
[25.504s][debug][gc,phases      ] GC(9)     Total                          Min: 0, Avg: 10828.8, Max: 16179, Diff: 16179, Sum: 43315, Workers: 4
[25.504s][debug][gc,phases      ] GC(9)   ResolvedMethodTable Weak       Min:  0.0, Avg:  0.0, Max:  0.1, Diff:  0.1, Sum:  0.2, Workers: 4
[25.504s][debug][gc,phases      ] GC(9)     Dead                           Min: 0, Avg:  0.2, Max: 1, Diff: 1, Sum: 1, Workers: 4
[25.504s][debug][gc,phases      ] GC(9)     Total                          Min: 0, Avg: 3302.8, Max: 4839, Diff: 4839, Sum: 13211, Workers: 4
[25.504s][debug][gc,phases      ] GC(9)   JNI Weak                       Min:  0.0, Avg:  0.0, Max:  0.0, Diff:  0.0, Sum:  0.0, Workers: 4
[25.504s][debug][gc,phases      ] GC(9)     Dead                           Min: 0, Avg:  0.0, Max: 0, Diff: 0, Sum: 0, Workers: 4
[25.504s][debug][gc,phases      ] GC(9)     Total                          Min: 0, Avg: 13.0, Max: 52, Diff: 52, Sum: 52, Workers: 4
[25.504s][debug][gc,phases      ] GC(9)   StringDedup Table Weak         Min:  0.0, Avg:  0.0, Max:  0.0, Diff:  0.0, Sum:  0.0, Workers: 4
[25.504s][debug][gc,phases      ] GC(9)     Dead                           Min: 0, Avg:  0.0, Max: 0, Diff: 0, Sum: 0, Workers: 4
[25.504s][debug][gc,phases      ] GC(9)     Total                          Min: 0, Avg:  0.0, Max: 0, Diff: 0, Sum: 0, Workers: 4
[25.504s][debug][gc,phases      ] GC(9)   StringDedup Requests0 Weak     Min:  0.0, Avg:  0.0, Max:  0.0, Diff:  0.0, Sum:  0.0, Workers: 4
[25.504s][debug][gc,phases      ] GC(9)     Dead                           Min: 0, Avg:  0.0, Max: 0, Diff: 0, Sum: 0, Workers: 4
[25.504s][debug][gc,phases      ] GC(9)     Total                          Min: 0, Avg:  0.0, Max: 0, Diff: 0, Sum: 0, Workers: 4
[25.504s][debug][gc,phases      ] GC(9)   StringDedup Requests1 Weak     Min:  0.0, Avg:  0.0, Max:  0.0, Diff:  0.0, Sum:  0.0, Workers: 4
[25.504s][debug][gc,phases      ] GC(9)     Dead                           Min: 0, Avg:  0.0, Max: 0, Diff: 0, Sum: 0, Workers: 4
[25.504s][debug][gc,phases      ] GC(9)     Total                          Min: 0, Avg:  0.0, Max: 0, Diff: 0, Sum: 0, Workers: 4
[25.504s][debug][gc,phases      ] GC(9)   Weak JFR Old Object Samples    Min:  0.0, Avg:  0.0, Max:  0.0, Diff:  0.0, Sum:  0.0, Workers: 4
[25.504s][debug][gc,phases      ] GC(9)     Dead                           Min: 0, Avg:  0.0, Max: 0, Diff: 0, Sum: 0, Workers: 4
[25.504s][debug][gc,phases      ] GC(9)     Total                          Min: 0, Avg:  0.0, Max: 0, Diff: 0, Sum: 0, Workers: 4
[25.504s][debug][gc,phases      ] GC(9) Weak Processing 0.561ms
[25.505s][debug][gc,phases      ] GC(9) ClassLoaderData 0.206ms
[25.505s][debug][gc,phases      ] GC(9) Trigger cleanups 0.007ms
[25.541s][debug][gc,phases      ] GC(9) Purge Unlinked NMethods 0.429ms
[25.542s][debug][gc,phases      ] GC(9) Unregister NMethods 1.053ms
[25.542s][debug][gc,phases      ] GC(9) Free Code Blobs 0.080ms
[25.552s][debug][gc,phases      ] GC(9) Class Unloading 47.796ms
[25.552s][debug][gc,phases      ] GC(9) Report Object Count 0.002ms
[25.552s][info ][gc,phases      ] GC(9) Marking Phase 124.186ms
[25.552s][info ][gc,phases,start] GC(9) Summary Phase
[25.552s][info ][gc,phases      ] GC(9) Summary Phase 0.011ms
[25.552s][info ][gc,phases,start] GC(9) Adjust Roots
[25.577s][info ][gc,phases      ] GC(9) Adjust Roots 24.880ms
[25.577s][info ][gc,phases,start] GC(9) Compaction Phase
[26.197s][info ][gc,phases      ] GC(9) Compaction Phase 619.788ms
[26.197s][info ][gc,phases,start] GC(9) Post Compact
[26.200s][debug][gc,phases      ] GC(9) Purge Class Loader Data 1.480ms
[26.206s][info ][gc,phases      ] GC(9) Post Compact 9.227ms
[26.206s][info ][gc,heap        ] GC(9) PSYoungGen: 198723K(1807360K)->197252K(1807360K) Eden: 0K(1588224K)->0K(1588224K) From: 198723K(219136K)->197252K(219136K)
[26.206s][info ][gc,heap        ] GC(9) ParOldGen: 6436K(6656K)->6150K(6656K)
[26.206s][info ][gc,metaspace   ] GC(9) Metaspace: 97800K(98944K)->97798K(98944K) NonClass: 82904K(83520K)->82903K(83520K) Class: 14895K(15424K)->14894K(15424K)
[26.206s][info ][gc             ] GC(9) Pause Full (CodeCache GC Threshold) 200M->198M(1771M) 778.280ms
[26.206s][info ][gc,cpu         ] GC(9) User=1.68s Sys=0.02s Real=0.78s
[26.211s][info ][safepoint      ] Safepoint "ParallelGCSystemGC", Time since last: 602116979 ns, Reaching safepoint: 7900 ns, Cleanup: 32901 ns, At safepoint: 893175264 ns, Total: 893216065 ns
[27.211s][info ][safepoint      ] Safepoint "Cleanup", Time since last: 1000124444 ns, Reaching safepoint: 106804 ns, Cleanup: 98003 ns, At safepoint: 12301 ns, Total: 217108 ns
[28.211s][info ][safepoint      ] Safepoint "Cleanup", Time since last: 1000130444 ns, Reaching safepoint: 85503 ns, Cleanup: 21400 ns, At safepoint: 9201 ns, Total: 116104 ns
[29.212s][info ][safepoint      ] Safepoint "Cleanup", Time since last: 1000130143 ns, Reaching safepoint: 89104 ns, Cleanup: 28401 ns, At safepoint: 8500 ns, Total: 126005 ns
[30.212s][info ][safepoint      ] Safepoint "Cleanup", Time since last: 1000117343 ns, Reaching safepoint: 79603 ns, Cleanup: 47402 ns, At safepoint: 6400 ns, Total: 133405 ns
[31.212s][info ][safepoint      ] Safepoint "Cleanup", Time since last: 1000116943 ns, Reaching safepoint: 79403 ns, Cleanup: 27601 ns, At safepoint: 6100 ns, Total: 113104 ns
[32.212s][info ][safepoint      ] Safepoint "Cleanup", Time since last: 1000100205 ns, Reaching safepoint: 77802 ns, Cleanup: 41502 ns, At safepoint: 9200 ns, Total: 128504 ns
[33.213s][info ][safepoint      ] Safepoint "Cleanup", Time since last: 1000099320 ns, Reaching safepoint: 79703 ns, Cleanup: 50801 ns, At safepoint: 6501 ns, Total: 137005 ns
[34.213s][info ][safepoint      ] Safepoint "Cleanup", Time since last: 1000110320 ns, Reaching safepoint: 78502 ns, Cleanup: 8101 ns, At safepoint: 8800 ns, Total: 95403 ns
[35.213s][info ][safepoint      ] Safepoint "Cleanup", Time since last: 1000107920 ns, Reaching safepoint: 5900 ns, Cleanup: 11900 ns, At safepoint: 2801 ns, Total: 20601 ns
[36.213s][info ][safepoint      ] Safepoint "Cleanup", Time since last: 1000101819 ns, Reaching safepoint: 6600 ns, Cleanup: 32602 ns, At safepoint: 3100 ns, Total: 42302 ns
[37.213s][info ][safepoint      ] Safepoint "Cleanup", Time since last: 1000132921 ns, Reaching safepoint: 8700 ns, Cleanup: 26101 ns, At safepoint: 2900 ns, Total: 37701 ns
[38.213s][info ][safepoint      ] Safepoint "Cleanup", Time since last: 1000125920 ns, Reaching safepoint: 8801 ns, Cleanup: 10600 ns, At safepoint: 3400 ns, Total: 22801 ns
[39.213s][info ][safepoint      ] Safepoint "Cleanup", Time since last: 1000126021 ns, Reaching safepoint: 6700 ns, Cleanup: 11400 ns, At safepoint: 2200 ns, Total: 20300 ns
[40.214s][info ][safepoint      ] Safepoint "Cleanup", Time since last: 1000106650 ns, Reaching safepoint: 6400 ns, Cleanup: 22401 ns, At safepoint: 2500 ns, Total: 31301 ns
[41.214s][info ][safepoint      ] Safepoint "Cleanup", Time since last: 1000107506 ns, Reaching safepoint: 6800 ns, Cleanup: 21401 ns, At safepoint: 6400 ns, Total: 34601 ns
[42.214s][info ][safepoint      ] Safepoint "Cleanup", Time since last: 1000102006 ns, Reaching safepoint: 7700 ns, Cleanup: 8801 ns, At safepoint: 2700 ns, Total: 19201 ns
[43.214s][info ][safepoint      ] Safepoint "Cleanup", Time since last: 1000109106 ns, Reaching safepoint: 82303 ns, Cleanup: 56202 ns, At safepoint: 7300 ns, Total: 145805 ns
[44.214s][info ][safepoint      ] Safepoint "Cleanup", Time since last: 1000109479 ns, Reaching safepoint: 5701 ns, Cleanup: 24900 ns, At safepoint: 6301 ns, Total: 36902 ns
[45.215s][info ][safepoint      ] Safepoint "Cleanup", Time since last: 1000105915 ns, Reaching safepoint: 82002 ns, Cleanup: 105004 ns, At safepoint: 8601 ns, Total: 195607 ns
[46.215s][info ][safepoint      ] Safepoint "Cleanup", Time since last: 1000110615 ns, Reaching safepoint: 8400 ns, Cleanup: 109804 ns, At safepoint: 5100 ns, Total: 123304 ns
[47.215s][info ][safepoint      ] Safepoint "Cleanup", Time since last: 1000097615 ns, Reaching safepoint: 6200 ns, Cleanup: 116304 ns, At safepoint: 2300 ns, Total: 124804 ns
[48.216s][info ][safepoint      ] Safepoint "Cleanup", Time since last: 1000100468 ns, Reaching safepoint: 226308 ns, Cleanup: 117304 ns, At safepoint: 18101 ns, Total: 361713 ns
[49.216s][info ][safepoint      ] Safepoint "Cleanup", Time since last: 1000103728 ns, Reaching safepoint: 7500 ns, Cleanup: 37301 ns, At safepoint: 3000 ns, Total: 47801 ns
[50.216s][info ][safepoint      ] Safepoint "Cleanup", Time since last: 1000117229 ns, Reaching safepoint: 6800 ns, Cleanup: 49802 ns, At safepoint: 2800 ns, Total: 59402 ns
[51.216s][info ][safepoint      ] Safepoint "Cleanup", Time since last: 1000119528 ns, Reaching safepoint: 8101 ns, Cleanup: 51901 ns, At safepoint: 3101 ns, Total: 63103 ns
[52.216s][info ][safepoint      ] Safepoint "Cleanup", Time since last: 1000118028 ns, Reaching safepoint: 7400 ns, Cleanup: 45602 ns, At safepoint: 14800 ns, Total: 67802 ns
[53.216s][info ][safepoint      ] Safepoint "Cleanup", Time since last: 1000100528 ns, Reaching safepoint: 6000 ns, Cleanup: 39502 ns, At safepoint: 2600 ns, Total: 48102 ns
[54.216s][info ][safepoint      ] Safepoint "Cleanup", Time since last: 1000097728 ns, Reaching safepoint: 5100 ns, Cleanup: 14300 ns, At safepoint: 2600 ns, Total: 22000 ns
[55.217s][info ][safepoint      ] Safepoint "Cleanup", Time since last: 1000099128 ns, Reaching safepoint: 7500 ns, Cleanup: 13501 ns, At safepoint: 3000 ns, Total: 24001 ns
[56.217s][info ][safepoint      ] Safepoint "Cleanup", Time since last: 1000117069 ns, Reaching safepoint: 7800 ns, Cleanup: 23201 ns, At safepoint: 2900 ns, Total: 33901 ns
[57.217s][info ][safepoint      ] Safepoint "Cleanup", Time since last: 1000130209 ns, Reaching safepoint: 84303 ns, Cleanup: 15101 ns, At safepoint: 9800 ns, Total: 109204 ns
[58.217s][info ][safepoint      ] Safepoint "Cleanup", Time since last: 1000113009 ns, Reaching safepoint: 81403 ns, Cleanup: 24601 ns, At safepoint: 10500 ns, Total: 116504 ns
[59.217s][info ][safepoint      ] Safepoint "Cleanup", Time since last: 1000106309 ns, Reaching safepoint: 76903 ns, Cleanup: 25501 ns, At safepoint: 8500 ns, Total: 110904 ns
[61.054s][info ][safepoint      ] Safepoint "Cleanup", Time since last: 1836293497 ns, Reaching safepoint: 6801 ns, Cleanup: 15600 ns, At safepoint: 3100 ns, Total: 25501 ns
[62.054s][info ][safepoint      ] Safepoint "Cleanup", Time since last: 1000128910 ns, Reaching safepoint: 6800 ns, Cleanup: 32401 ns, At safepoint: 2900 ns, Total: 42101 ns
[63.054s][info ][safepoint      ] Safepoint "Cleanup", Time since last: 1000115409 ns, Reaching safepoint: 6301 ns, Cleanup: 33001 ns, At safepoint: 2700 ns, Total: 42002 ns
[64.054s][info ][safepoint      ] Safepoint "Cleanup", Time since last: 1000103395 ns, Reaching safepoint: 7201 ns, Cleanup: 16600 ns, At safepoint: 2900 ns, Total: 26701 ns
[65.054s][info ][safepoint      ] Safepoint "Cleanup", Time since last: 1000115388 ns, Reaching safepoint: 7400 ns, Cleanup: 17501 ns, At safepoint: 3400 ns, Total: 28301 ns
[66.055s][info ][safepoint      ] Safepoint "Cleanup", Time since last: 1000114987 ns, Reaching safepoint: 7000 ns, Cleanup: 13901 ns, At safepoint: 2700 ns, Total: 23601 ns
[67.055s][info ][safepoint      ] Safepoint "Cleanup", Time since last: 1000116087 ns, Reaching safepoint: 6401 ns, Cleanup: 73202 ns, At safepoint: 3100 ns, Total: 82703 ns
[68.055s][info ][safepoint      ] Safepoint "Cleanup", Time since last: 1000114988 ns, Reaching safepoint: 6500 ns, Cleanup: 95803 ns, At safepoint: 2800 ns, Total: 105103 ns
[69.055s][info ][safepoint      ] Safepoint "Cleanup", Time since last: 1000119088 ns, Reaching safepoint: 6900 ns, Cleanup: 13801 ns, At safepoint: 2700 ns, Total: 23401 ns
[70.055s][info ][safepoint      ] Safepoint "Cleanup", Time since last: 1000120287 ns, Reaching safepoint: 7701 ns, Cleanup: 51501 ns, At safepoint: 3001 ns, Total: 62203 ns
[71.055s][info ][safepoint      ] Safepoint "Cleanup", Time since last: 1000115687 ns, Reaching safepoint: 7300 ns, Cleanup: 15701 ns, At safepoint: 2800 ns, Total: 25801 ns
[72.056s][info ][safepoint      ] Safepoint "Cleanup", Time since last: 1000115786 ns, Reaching safepoint: 6900 ns, Cleanup: 12501 ns, At safepoint: 2600 ns, Total: 22001 ns
[73.056s][info ][safepoint      ] Safepoint "Cleanup", Time since last: 1000114585 ns, Reaching safepoint: 6900 ns, Cleanup: 41102 ns, At safepoint: 3400 ns, Total: 51402 ns
[74.056s][info ][safepoint      ] Safepoint "Cleanup", Time since last: 1000112085 ns, Reaching safepoint: 6700 ns, Cleanup: 12001 ns, At safepoint: 2600 ns, Total: 21301 ns
[75.056s][info ][safepoint      ] Safepoint "Cleanup", Time since last: 1000126285 ns, Reaching safepoint: 8401 ns, Cleanup: 23100 ns, At safepoint: 2800 ns, Total: 34301 ns
[76.056s][info ][safepoint      ] Safepoint "Cleanup", Time since last: 1000111385 ns, Reaching safepoint: 6601 ns, Cleanup: 37701 ns, At safepoint: 3200 ns, Total: 47502 ns
[77.056s][info ][safepoint      ] Safepoint "Cleanup", Time since last: 1000121286 ns, Reaching safepoint: 6800 ns, Cleanup: 13500 ns, At safepoint: 2600 ns, Total: 22900 ns
[78.056s][info ][safepoint      ] Safepoint "Cleanup", Time since last: 1000114086 ns, Reaching safepoint: 8200 ns, Cleanup: 12100 ns, At safepoint: 2900 ns, Total: 23200 ns
[79.057s][info ][safepoint      ] Safepoint "Cleanup", Time since last: 1000115986 ns, Reaching safepoint: 6900 ns, Cleanup: 24401 ns, At safepoint: 2900 ns, Total: 34201 ns
[80.057s][info ][safepoint      ] Safepoint "Cleanup", Time since last: 1000115082 ns, Reaching safepoint: 7100 ns, Cleanup: 122405 ns, At safepoint: 3000 ns, Total: 132505 ns
[80.964s][info ][gc,start       ] GC(10) Pause Young (Allocation Failure)
[81.064s][debug][gc,phases      ] GC(10) Scavenge 99.813ms
[81.064s][debug][gc,ref         ] GC(10) ReferenceProcessor::execute queues: 4, RefProcThreadModel::Multi, marks_oops_alive: false
[81.064s][debug][gc,ref         ] GC(10) Skipped KeepAliveFinalRefsPhase of Reference Processing: no references
[81.064s][debug][gc,ref         ] GC(10) ReferenceProcessor::execute queues: 1, RefProcThreadModel::Single, marks_oops_alive: false
[81.064s][debug][gc,phases      ] GC(10) Reference Processing 0.676ms
[81.065s][debug][gc,phases      ] GC(10)   VM Weak                        Min:  0.0, Avg:  0.0, Max:  0.0, Diff:  0.0, Sum:  0.0, Workers: 4
[81.065s][debug][gc,phases      ] GC(10)     Dead                           Min: 0, Avg:  0.0, Max: 0, Diff: 0, Sum: 0, Workers: 4
[81.065s][debug][gc,phases      ] GC(10)     Total                          Min: 128, Avg: 213.8, Max: 320, Diff: 192, Sum: 855, Workers: 4
[81.065s][debug][gc,phases      ] GC(10)   ObjectSynchronizer Weak        Min:  0.0, Avg:  0.0, Max:  0.0, Diff:  0.0, Sum:  0.0, Workers: 4
[81.065s][debug][gc,phases      ] GC(10)     Dead                           Min: 0, Avg:  0.0, Max: 0, Diff: 0, Sum: 0, Workers: 4
[81.065s][debug][gc,phases      ] GC(10)     Total                          Min: 0, Avg:  1.2, Max: 5, Diff: 5, Sum: 5, Workers: 4
[81.065s][debug][gc,phases      ] GC(10)   JVMTI Tag Weak OopStorage      Min:  0.0, Avg:  0.0, Max:  0.0, Diff:  0.0, Sum:  0.0, Workers: 4
[81.065s][debug][gc,phases      ] GC(10)     Dead                           Min: 0, Avg:  0.0, Max: 0, Diff: 0, Sum: 0, Workers: 4
[81.065s][debug][gc,phases      ] GC(10)     Total                          Min: 0, Avg:  0.0, Max: 0, Diff: 0, Sum: 0, Workers: 4
[81.065s][debug][gc,phases      ] GC(10)   StringTable Weak               Min:  0.5, Avg:  0.5, Max:  0.5, Diff:  0.0, Sum:  2.0, Workers: 4
[81.065s][debug][gc,phases      ] GC(10)     Dead                           Min: 0, Avg:  0.2, Max: 1, Diff: 1, Sum: 1, Workers: 4
[81.065s][debug][gc,phases      ] GC(10)     Total                          Min: 10560, Avg: 10923.8, Max: 11264, Diff: 704, Sum: 43695, Workers: 4
[81.065s][debug][gc,phases      ] GC(10)   ResolvedMethodTable Weak       Min:  0.1, Avg:  0.1, Max:  0.1, Diff:  0.0, Sum:  0.6, Workers: 4
[81.065s][debug][gc,phases      ] GC(10)     Dead                           Min: 4, Avg: 14.8, Max: 41, Diff: 37, Sum: 59, Workers: 4
[81.065s][debug][gc,phases      ] GC(10)     Total                          Min: 3348, Avg: 3367.8, Max: 3412, Diff: 64, Sum: 13471, Workers: 4
[81.065s][debug][gc,phases      ] GC(10)   JNI Weak                       Min:  0.0, Avg:  0.0, Max:  0.0, Diff:  0.0, Sum:  0.0, Workers: 4
[81.065s][debug][gc,phases      ] GC(10)     Dead                           Min: 0, Avg:  0.0, Max: 0, Diff: 0, Sum: 0, Workers: 4
[81.065s][debug][gc,phases      ] GC(10)     Total                          Min: 0, Avg: 13.2, Max: 53, Diff: 53, Sum: 53, Workers: 4
[81.065s][debug][gc,phases      ] GC(10)   StringDedup Table Weak         Min:  0.0, Avg:  0.0, Max:  0.0, Diff:  0.0, Sum:  0.0, Workers: 4
[81.065s][debug][gc,phases      ] GC(10)     Dead                           Min: 0, Avg:  0.0, Max: 0, Diff: 0, Sum: 0, Workers: 4
[81.065s][debug][gc,phases      ] GC(10)     Total                          Min: 0, Avg:  0.0, Max: 0, Diff: 0, Sum: 0, Workers: 4
[81.065s][debug][gc,phases      ] GC(10)   StringDedup Requests0 Weak     Min:  0.0, Avg:  0.0, Max:  0.0, Diff:  0.0, Sum:  0.0, Workers: 4
[81.065s][debug][gc,phases      ] GC(10)     Dead                           Min: 0, Avg:  0.0, Max: 0, Diff: 0, Sum: 0, Workers: 4
[81.065s][debug][gc,phases      ] GC(10)     Total                          Min: 0, Avg:  0.0, Max: 0, Diff: 0, Sum: 0, Workers: 4
[81.065s][debug][gc,phases      ] GC(10)   StringDedup Requests1 Weak     Min:  0.0, Avg:  0.0, Max:  0.0, Diff:  0.0, Sum:  0.0, Workers: 4
[81.065s][debug][gc,phases      ] GC(10)     Dead                           Min: 0, Avg:  0.0, Max: 0, Diff: 0, Sum: 0, Workers: 4
[81.065s][debug][gc,phases      ] GC(10)     Total                          Min: 0, Avg:  0.0, Max: 0, Diff: 0, Sum: 0, Workers: 4
[81.065s][debug][gc,phases      ] GC(10)   Weak JFR Old Object Samples    Min:  0.0, Avg:  0.0, Max:  0.0, Diff:  0.0, Sum:  0.0, Workers: 4
[81.065s][debug][gc,phases      ] GC(10)     Dead                           Min: 0, Avg:  0.0, Max: 0, Diff: 0, Sum: 0, Workers: 4
[81.065s][debug][gc,phases      ] GC(10)     Total                          Min: 0, Avg:  0.0, Max: 0, Diff: 0, Sum: 0, Workers: 4
[81.065s][debug][gc,phases      ] GC(10) Weak Processing 0.886ms
[81.065s][debug][gc,age         ] GC(10) Desired survivor size 258473984 bytes, new threshold 4 (max threshold 15)
[81.065s][info ][gc,heap        ] GC(10) PSYoungGen: 1785476K(1807360K)->151657K(1842688K) Eden: 1588224K(1588224K)->0K(1588224K) From: 197252K(219136K)->151657K(254464K)
[81.065s][info ][gc,heap        ] GC(10) ParOldGen: 6150K(6656K)->60474K(60928K)
[81.065s][info ][gc,metaspace   ] GC(10) Metaspace: 98727K(99904K)->98727K(99904K) NonClass: 83746K(84416K)->83746K(84416K) Class: 14981K(15488K)->14981K(15488K)
[81.065s][info ][gc             ] GC(10) Pause Young (Allocation Failure) 1749M->207M(1859M) 101.542ms
[81.065s][info ][gc,cpu         ] GC(10) User=0.30s Sys=0.04s Real=0.11s
[81.065s][info ][safepoint      ] Safepoint "ParallelGCFailedAllocation", Time since last: 906936475 ns, Reaching safepoint: 6900 ns, Cleanup: 16600 ns, At safepoint: 101635906 ns, Total: 101659406 ns
[82.066s][info ][safepoint      ] Safepoint "Cleanup", Time since last: 1000092580 ns, Reaching safepoint: 6900 ns, Cleanup: 39101 ns, At safepoint: 3100 ns, Total: 49101 ns
[83.066s][info ][safepoint      ] Safepoint "Cleanup", Time since last: 1000114181 ns, Reaching safepoint: 5800 ns, Cleanup: 44902 ns, At safepoint: 2900 ns, Total: 53602 ns
[84.066s][info ][safepoint      ] Safepoint "Cleanup", Time since last: 1000116880 ns, Reaching safepoint: 79803 ns, Cleanup: 28501 ns, At safepoint: 6900 ns, Total: 115204 ns
[85.066s][info ][safepoint      ] Safepoint "Cleanup", Time since last: 1000120481 ns, Reaching safepoint: 95503 ns, Cleanup: 47402 ns, At safepoint: 14700 ns, Total: 157605 ns
[86.657s][info ][safepoint      ] Safepoint "Cleanup", Time since last: 1590623630 ns, Reaching safepoint: 6700 ns, Cleanup: 88003 ns, At safepoint: 2600 ns, Total: 97303 ns
[87.657s][info ][safepoint      ] Safepoint "Cleanup", Time since last: 1000119175 ns, Reaching safepoint: 6500 ns, Cleanup: 16201 ns, At safepoint: 2600 ns, Total: 25301 ns
[88.657s][info ][safepoint      ] Safepoint "Cleanup", Time since last: 1000125848 ns, Reaching safepoint: 88403 ns, Cleanup: 18801 ns, At safepoint: 8100 ns, Total: 115304 ns
[89.658s][info ][safepoint      ] Safepoint "Cleanup", Time since last: 1000120548 ns, Reaching safepoint: 83803 ns, Cleanup: 80703 ns, At safepoint: 7600 ns, Total: 172106 ns
[90.658s][info ][safepoint      ] Safepoint "Cleanup", Time since last: 1000116248 ns, Reaching safepoint: 78603 ns, Cleanup: 21300 ns, At safepoint: 5701 ns, Total: 105604 ns
[91.658s][info ][safepoint      ] Safepoint "Cleanup", Time since last: 1000134448 ns, Reaching safepoint: 100104 ns, Cleanup: 30701 ns, At safepoint: 8500 ns, Total: 139305 ns
[92.658s][info ][safepoint      ] Safepoint "Cleanup", Time since last: 1000123948 ns, Reaching safepoint: 85703 ns, Cleanup: 26601 ns, At safepoint: 11300 ns, Total: 123604 ns
[93.659s][info ][safepoint      ] Safepoint "Cleanup", Time since last: 1000131049 ns, Reaching safepoint: 82303 ns, Cleanup: 40601 ns, At safepoint: 6500 ns, Total: 129404 ns
[94.659s][info ][safepoint      ] Safepoint "Cleanup", Time since last: 1000120748 ns, Reaching safepoint: 79603 ns, Cleanup: 37901 ns, At safepoint: 6300 ns, Total: 123804 ns
[95.659s][info ][safepoint      ] Safepoint "Cleanup", Time since last: 1000122555 ns, Reaching safepoint: 82003 ns, Cleanup: 30001 ns, At safepoint: 6600 ns, Total: 118604 ns
[96.659s][info ][safepoint      ] Safepoint "Cleanup", Time since last: 1000136385 ns, Reaching safepoint: 86403 ns, Cleanup: 20600 ns, At safepoint: 7701 ns, Total: 114704 ns
[98.660s][info ][safepoint      ] Safepoint "Cleanup", Time since last: 2000215867 ns, Reaching safepoint: 83903 ns, Cleanup: 21601 ns, At safepoint: 6900 ns, Total: 112404 ns
[99.660s][info ][safepoint      ] Safepoint "Cleanup", Time since last: 1000129985 ns, Reaching safepoint: 82603 ns, Cleanup: 23300 ns, At safepoint: 5701 ns, Total: 111604 ns
[100.660s][info ][safepoint      ] Safepoint "Cleanup", Time since last: 1000124784 ns, Reaching safepoint: 82403 ns, Cleanup: 18801 ns, At safepoint: 7500 ns, Total: 108704 ns
[101.660s][info ][safepoint      ] Safepoint "Cleanup", Time since last: 1000130884 ns, Reaching safepoint: 81703 ns, Cleanup: 14301 ns, At safepoint: 7300 ns, Total: 103304 ns
[102.661s][info ][safepoint      ] Safepoint "Cleanup", Time since last: 1000175586 ns, Reaching safepoint: 81303 ns, Cleanup: 30801 ns, At safepoint: 9501 ns, Total: 121605 ns
[103.661s][info ][safepoint      ] Safepoint "Cleanup", Time since last: 1000139982 ns, Reaching safepoint: 84303 ns, Cleanup: 18601 ns, At safepoint: 10400 ns, Total: 113304 ns
[104.661s][info ][safepoint      ] Safepoint "Cleanup", Time since last: 1000114869 ns, Reaching safepoint: 76503 ns, Cleanup: 61702 ns, At safepoint: 6200 ns, Total: 144405 ns
[105.661s][info ][safepoint      ] Safepoint "Cleanup", Time since last: 1000118970 ns, Reaching safepoint: 83103 ns, Cleanup: 33601 ns, At safepoint: 6600 ns, Total: 123304 ns
[106.662s][info ][safepoint      ] Safepoint "Cleanup", Time since last: 1000135170 ns, Reaching safepoint: 79503 ns, Cleanup: 86903 ns, At safepoint: 6600 ns, Total: 173006 ns
[107.662s][info ][safepoint      ] Safepoint "Cleanup", Time since last: 1000139470 ns, Reaching safepoint: 84603 ns, Cleanup: 41502 ns, At safepoint: 9200 ns, Total: 135305 ns
[108.662s][info ][safepoint      ] Safepoint "Cleanup", Time since last: 1000158871 ns, Reaching safepoint: 7300 ns, Cleanup: 68502 ns, At safepoint: 3500 ns, Total: 79302 ns
[109.662s][info ][safepoint      ] Safepoint "Cleanup", Time since last: 1000117370 ns, Reaching safepoint: 6400 ns, Cleanup: 16700 ns, At safepoint: 3101 ns, Total: 26201 ns
[110.663s][info ][safepoint      ] Safepoint "Cleanup", Time since last: 1000114969 ns, Reaching safepoint: 6500 ns, Cleanup: 33001 ns, At safepoint: 2500 ns, Total: 42001 ns
[111.663s][info ][safepoint      ] Safepoint "Cleanup", Time since last: 1000107668 ns, Reaching safepoint: 6100 ns, Cleanup: 11101 ns, At safepoint: 2700 ns, Total: 19901 ns
[112.663s][info ][safepoint      ] Safepoint "Cleanup", Time since last: 1000120162 ns, Reaching safepoint: 84103 ns, Cleanup: 9501 ns, At safepoint: 7000 ns, Total: 100604 ns
[113.663s][info ][safepoint      ] Safepoint "Cleanup", Time since last: 1000123963 ns, Reaching safepoint: 6400 ns, Cleanup: 12200 ns, At safepoint: 2400 ns, Total: 21000 ns
[114.663s][info ][safepoint      ] Safepoint "Cleanup", Time since last: 1000117563 ns, Reaching safepoint: 7700 ns, Cleanup: 13200 ns, At safepoint: 3601 ns, Total: 24501 ns
[115.663s][info ][safepoint      ] Safepoint "Cleanup", Time since last: 1000116362 ns, Reaching safepoint: 6000 ns, Cleanup: 13101 ns, At safepoint: 2800 ns, Total: 21901 ns
[116.664s][info ][safepoint      ] Safepoint "Cleanup", Time since last: 1000115062 ns, Reaching safepoint: 7100 ns, Cleanup: 14801 ns, At safepoint: 3100 ns, Total: 25001 ns
[117.664s][info ][safepoint      ] Safepoint "Cleanup", Time since last: 1000120362 ns, Reaching safepoint: 7501 ns, Cleanup: 15200 ns, At safepoint: 3200 ns, Total: 25901 ns
[118.664s][info ][safepoint      ] Safepoint "Cleanup", Time since last: 1000119963 ns, Reaching safepoint: 5700 ns, Cleanup: 30001 ns, At safepoint: 2600 ns, Total: 38301 ns
[119.664s][info ][safepoint      ] Safepoint "Cleanup", Time since last: 1000128063 ns, Reaching safepoint: 6300 ns, Cleanup: 13801 ns, At safepoint: 3100 ns, Total: 23201 ns
[121.072s][info ][safepoint      ] Safepoint "Cleanup", Time since last: 1407932622 ns, Reaching safepoint: 7800 ns, Cleanup: 23501 ns, At safepoint: 15300 ns, Total: 46601 ns
[122.072s][info ][safepoint      ] Safepoint "Cleanup", Time since last: 1000114462 ns, Reaching safepoint: 7300 ns, Cleanup: 46802 ns, At safepoint: 2700 ns, Total: 56802 ns
[123.072s][info ][safepoint      ] Safepoint "Cleanup", Time since last: 1000121061 ns, Reaching safepoint: 7401 ns, Cleanup: 26801 ns, At safepoint: 3300 ns, Total: 37502 ns
[124.072s][info ][safepoint      ] Safepoint "Cleanup", Time since last: 1000145962 ns, Reaching safepoint: 7601 ns, Cleanup: 26301 ns, At safepoint: 3000 ns, Total: 36902 ns
[125.073s][info ][safepoint      ] Safepoint "Cleanup", Time since last: 1000119661 ns, Reaching safepoint: 6601 ns, Cleanup: 10200 ns, At safepoint: 3400 ns, Total: 20201 ns
[125.861s][info ][gc,start       ] GC(11) Pause Young (Allocation Failure)
[125.945s][debug][gc,phases      ] GC(11) Scavenge 83.835ms
[125.945s][debug][gc,ref         ] GC(11) ReferenceProcessor::execute queues: 1, RefProcThreadModel::Single, marks_oops_alive: false
[125.945s][debug][gc,ref         ] GC(11) Skipped KeepAliveFinalRefsPhase of Reference Processing: no references
[125.945s][debug][gc,ref         ] GC(11) ReferenceProcessor::execute queues: 1, RefProcThreadModel::Single, marks_oops_alive: false
[125.945s][debug][gc,phases      ] GC(11) Reference Processing 0.171ms
[125.946s][debug][gc,phases      ] GC(11)   VM Weak                        Min:  0.0, Avg:  0.0, Max:  0.0, Diff:  0.0, Sum:  0.0, Workers: 4
[125.946s][debug][gc,phases      ] GC(11)     Dead                           Min: 0, Avg:  0.0, Max: 0, Diff: 0, Sum: 0, Workers: 4
[125.946s][debug][gc,phases      ] GC(11)     Total                          Min: 0, Avg: 215.0, Max: 512, Diff: 512, Sum: 860, Workers: 4
[125.946s][debug][gc,phases      ] GC(11)   ObjectSynchronizer Weak        Min:  0.0, Avg:  0.0, Max:  0.0, Diff:  0.0, Sum:  0.0, Workers: 4
[125.946s][debug][gc,phases      ] GC(11)     Dead                           Min: 0, Avg:  0.0, Max: 0, Diff: 0, Sum: 0, Workers: 4
[125.946s][debug][gc,phases      ] GC(11)     Total                          Min: 0, Avg:  1.0, Max: 4, Diff: 4, Sum: 4, Workers: 4
[125.946s][debug][gc,phases      ] GC(11)   JVMTI Tag Weak OopStorage      Min:  0.0, Avg:  0.0, Max:  0.0, Diff:  0.0, Sum:  0.0, Workers: 4
[125.946s][debug][gc,phases      ] GC(11)     Dead                           Min: 0, Avg:  0.0, Max: 0, Diff: 0, Sum: 0, Workers: 4
[125.946s][debug][gc,phases      ] GC(11)     Total                          Min: 0, Avg:  0.0, Max: 0, Diff: 0, Sum: 0, Workers: 4
[125.946s][debug][gc,phases      ] GC(11)   StringTable Weak               Min:  0.0, Avg:  0.3, Max:  0.4, Diff:  0.4, Sum:  1.2, Workers: 4
[125.946s][debug][gc,phases      ] GC(11)     Dead                           Min: 0, Avg:  0.2, Max: 1, Diff: 1, Sum: 1, Workers: 4
[125.946s][debug][gc,phases      ] GC(11)     Total                          Min: 0, Avg: 10968.0, Max: 16736, Diff: 16736, Sum: 43872, Workers: 4
[125.946s][debug][gc,phases      ] GC(11)   ResolvedMethodTable Weak       Min:  0.0, Avg:  0.1, Max:  0.2, Diff:  0.2, Sum:  0.5, Workers: 4
[125.946s][debug][gc,phases      ] GC(11)     Dead                           Min: 0, Avg:  7.0, Max: 14, Diff: 14, Sum: 28, Workers: 4
[125.946s][debug][gc,phases      ] GC(11)     Total                          Min: 0, Avg: 3382.0, Max: 5776, Diff: 5776, Sum: 13528, Workers: 4
[125.946s][debug][gc,phases      ] GC(11)   JNI Weak                       Min:  0.0, Avg:  0.0, Max:  0.0, Diff:  0.0, Sum:  0.0, Workers: 4
[125.946s][debug][gc,phases      ] GC(11)     Dead                           Min: 0, Avg:  0.0, Max: 0, Diff: 0, Sum: 0, Workers: 4
[125.946s][debug][gc,phases      ] GC(11)     Total                          Min: 0, Avg: 13.0, Max: 52, Diff: 52, Sum: 52, Workers: 4
[125.946s][debug][gc,phases      ] GC(11)   StringDedup Table Weak         Min:  0.0, Avg:  0.0, Max:  0.0, Diff:  0.0, Sum:  0.0, Workers: 4
[125.946s][debug][gc,phases      ] GC(11)     Dead                           Min: 0, Avg:  0.0, Max: 0, Diff: 0, Sum: 0, Workers: 4
[125.946s][debug][gc,phases      ] GC(11)     Total                          Min: 0, Avg:  0.0, Max: 0, Diff: 0, Sum: 0, Workers: 4
[125.946s][debug][gc,phases      ] GC(11)   StringDedup Requests0 Weak     Min:  0.0, Avg:  0.0, Max:  0.0, Diff:  0.0, Sum:  0.0, Workers: 4
[125.946s][debug][gc,phases      ] GC(11)     Dead                           Min: 0, Avg:  0.0, Max: 0, Diff: 0, Sum: 0, Workers: 4
[125.946s][debug][gc,phases      ] GC(11)     Total                          Min: 0, Avg:  0.0, Max: 0, Diff: 0, Sum: 0, Workers: 4
[125.946s][debug][gc,phases      ] GC(11)   StringDedup Requests1 Weak     Min:  0.0, Avg:  0.0, Max:  0.0, Diff:  0.0, Sum:  0.0, Workers: 4
[125.946s][debug][gc,phases      ] GC(11)     Dead                           Min: 0, Avg:  0.0, Max: 0, Diff: 0, Sum: 0, Workers: 4
[125.946s][debug][gc,phases      ] GC(11)     Total                          Min: 0, Avg:  0.0, Max: 0, Diff: 0, Sum: 0, Workers: 4
[125.946s][debug][gc,phases      ] GC(11)   Weak JFR Old Object Samples    Min:  0.0, Avg:  0.0, Max:  0.0, Diff:  0.0, Sum:  0.0, Workers: 4
[125.946s][debug][gc,phases      ] GC(11)     Dead                           Min: 0, Avg:  0.0, Max: 0, Diff: 0, Sum: 0, Workers: 4
[125.946s][debug][gc,phases      ] GC(11)     Total                          Min: 0, Avg:  0.0, Max: 0, Diff: 0, Sum: 0, Workers: 4
[125.946s][debug][gc,phases      ] GC(11) Weak Processing 0.819ms
[125.946s][debug][gc,age         ] GC(11) Desired survivor size 250609664 bytes, new threshold 3 (max threshold 15)
[125.946s][info ][gc,heap        ] GC(11) PSYoungGen: 1739881K(1842688K)->83328K(1852416K) Eden: 1588224K(1588224K)->0K(1600000K) From: 151657K(254464K)->83328K(252416K)
[125.946s][info ][gc,heap        ] GC(11) ParOldGen: 60474K(60928K)->144476K(144896K)
[125.946s][info ][gc,metaspace   ] GC(11) Metaspace: 99205K(100416K)->99205K(100416K) NonClass: 84197K(84864K)->84197K(84864K) Class: 15007K(15552K)->15007K(15552K)
[125.946s][info ][gc             ] GC(11) Pause Young (Allocation Failure) 1758M->222M(1950M) 84.974ms
[125.946s][info ][gc,cpu         ] GC(11) User=0.25s Sys=0.04s Real=0.09s
[125.946s][info ][safepoint      ] Safepoint "ParallelGCFailedAllocation", Time since last: 788566561 ns, Reaching safepoint: 6400 ns, Cleanup: 23101 ns, At safepoint: 85056516 ns, Total: 85086017 ns
[126.946s][info ][safepoint      ] Safepoint "Cleanup", Time since last: 1000101661 ns, Reaching safepoint: 85403 ns, Cleanup: 40101 ns, At safepoint: 7400 ns, Total: 132904 ns
[127.947s][info ][safepoint      ] Safepoint "Cleanup", Time since last: 1000137913 ns, Reaching safepoint: 6701 ns, Cleanup: 16000 ns, At safepoint: 3600 ns, Total: 26301 ns
[129.799s][info ][safepoint      ] Safepoint "Cleanup", Time since last: 1852634074 ns, Reaching safepoint: 8500 ns, Cleanup: 19001 ns, At safepoint: 3100 ns, Total: 30601 ns
[130.799s][info ][safepoint      ] Safepoint "Cleanup", Time since last: 1000114244 ns, Reaching safepoint: 7401 ns, Cleanup: 14400 ns, At safepoint: 2900 ns, Total: 24701 ns
[131.800s][info ][safepoint      ] Safepoint "Cleanup", Time since last: 1000116945 ns, Reaching safepoint: 9000 ns, Cleanup: 33702 ns, At safepoint: 2800 ns, Total: 45502 ns
[132.800s][info ][safepoint      ] Safepoint "Cleanup", Time since last: 1000122645 ns, Reaching safepoint: 7800 ns, Cleanup: 35901 ns, At safepoint: 3100 ns, Total: 46801 ns
[133.800s][info ][safepoint      ] Safepoint "Cleanup", Time since last: 1000115845 ns, Reaching safepoint: 5700 ns, Cleanup: 12701 ns, At safepoint: 2900 ns, Total: 21301 ns
[134.800s][info ][safepoint      ] Safepoint "Cleanup", Time since last: 1000135645 ns, Reaching safepoint: 6201 ns, Cleanup: 15400 ns, At safepoint: 3400 ns, Total: 25001 ns
[135.800s][info ][safepoint      ] Safepoint "Cleanup", Time since last: 1000118078 ns, Reaching safepoint: 7201 ns, Cleanup: 22700 ns, At safepoint: 2800 ns, Total: 32701 ns
[136.800s][info ][safepoint      ] Safepoint "Cleanup", Time since last: 1000121469 ns, Reaching safepoint: 6401 ns, Cleanup: 14000 ns, At safepoint: 2900 ns, Total: 23301 ns
[137.801s][info ][safepoint      ] Safepoint "Cleanup", Time since last: 1000117169 ns, Reaching safepoint: 6100 ns, Cleanup: 14201 ns, At safepoint: 2600 ns, Total: 22901 ns
[138.801s][info ][safepoint      ] Safepoint "Cleanup", Time since last: 1000116768 ns, Reaching safepoint: 6500 ns, Cleanup: 25001 ns, At safepoint: 2800 ns, Total: 34301 ns
[139.801s][info ][safepoint      ] Safepoint "Cleanup", Time since last: 1000126770 ns, Reaching safepoint: 78202 ns, Cleanup: 22801 ns, At safepoint: 4900 ns, Total: 105903 ns
[140.801s][info ][safepoint      ] Safepoint "Cleanup", Time since last: 1000123469 ns, Reaching safepoint: 7300 ns, Cleanup: 17701 ns, At safepoint: 3200 ns, Total: 28201 ns
[141.801s][info ][safepoint      ] Safepoint "Cleanup", Time since last: 1000131869 ns, Reaching safepoint: 6101 ns, Cleanup: 14900 ns, At safepoint: 2400 ns, Total: 23401 ns
[142.801s][info ][safepoint      ] Safepoint "Cleanup", Time since last: 1000115169 ns, Reaching safepoint: 6300 ns, Cleanup: 17801 ns, At safepoint: 3100 ns, Total: 27201 ns
[143.801s][info ][safepoint      ] Safepoint "Cleanup", Time since last: 1000114460 ns, Reaching safepoint: 5700 ns, Cleanup: 13901 ns, At safepoint: 2600 ns, Total: 22201 ns
[144.802s][info ][safepoint      ] Safepoint "Cleanup", Time since last: 1000115336 ns, Reaching safepoint: 6301 ns, Cleanup: 10800 ns, At safepoint: 2900 ns, Total: 20001 ns
[145.802s][info ][safepoint      ] Safepoint "Cleanup", Time since last: 1000118437 ns, Reaching safepoint: 6500 ns, Cleanup: 18200 ns, At safepoint: 2801 ns, Total: 27501 ns
[146.802s][info ][safepoint      ] Safepoint "Cleanup", Time since last: 1000112136 ns, Reaching safepoint: 6300 ns, Cleanup: 10200 ns, At safepoint: 2901 ns, Total: 19401 ns
[147.802s][info ][safepoint      ] Safepoint "Cleanup", Time since last: 1000109436 ns, Reaching safepoint: 6600 ns, Cleanup: 10200 ns, At safepoint: 2700 ns, Total: 19500 ns
[148.802s][info ][safepoint      ] Safepoint "Cleanup", Time since last: 1000106737 ns, Reaching safepoint: 5500 ns, Cleanup: 9200 ns, At safepoint: 2800 ns, Total: 17500 ns
[149.802s][info ][safepoint      ] Safepoint "Cleanup", Time since last: 1000108936 ns, Reaching safepoint: 6601 ns, Cleanup: 28001 ns, At safepoint: 3100 ns, Total: 37702 ns
[150.802s][info ][safepoint      ] Safepoint "Cleanup", Time since last: 1000118536 ns, Reaching safepoint: 6501 ns, Cleanup: 15700 ns, At safepoint: 2700 ns, Total: 24901 ns
[151.803s][info ][safepoint      ] Safepoint "Cleanup", Time since last: 1000116843 ns, Reaching safepoint: 7300 ns, Cleanup: 20101 ns, At safepoint: 3300 ns, Total: 30701 ns
[152.803s][info ][safepoint      ] Safepoint "Cleanup", Time since last: 1000117462 ns, Reaching safepoint: 6400 ns, Cleanup: 23101 ns, At safepoint: 2600 ns, Total: 32101 ns
[153.803s][info ][safepoint      ] Safepoint "Cleanup", Time since last: 1000119262 ns, Reaching safepoint: 6400 ns, Cleanup: 13400 ns, At safepoint: 2801 ns, Total: 22601 ns
[154.803s][info ][safepoint      ] Safepoint "Cleanup", Time since last: 1000117761 ns, Reaching safepoint: 6401 ns, Cleanup: 18900 ns, At safepoint: 2900 ns, Total: 28201 ns
[155.803s][info ][safepoint      ] Safepoint "Cleanup", Time since last: 1000119662 ns, Reaching safepoint: 6700 ns, Cleanup: 10801 ns, At safepoint: 2900 ns, Total: 20401 ns
[156.803s][info ][safepoint      ] Safepoint "Cleanup", Time since last: 1000108661 ns, Reaching safepoint: 6400 ns, Cleanup: 14201 ns, At safepoint: 2700 ns, Total: 23301 ns
[157.803s][info ][safepoint      ] Safepoint "Cleanup", Time since last: 1000114262 ns, Reaching safepoint: 6700 ns, Cleanup: 10500 ns, At safepoint: 2800 ns, Total: 20000 ns
[158.804s][info ][safepoint      ] Safepoint "Cleanup", Time since last: 1000117362 ns, Reaching safepoint: 7700 ns, Cleanup: 8501 ns, At safepoint: 3800 ns, Total: 20001 ns
[159.804s][info ][safepoint      ] Safepoint "Cleanup", Time since last: 1000118561 ns, Reaching safepoint: 6601 ns, Cleanup: 27001 ns, At safepoint: 3000 ns, Total: 36602 ns
[161.804s][info ][safepoint      ] Safepoint "Cleanup", Time since last: 2000193021 ns, Reaching safepoint: 8901 ns, Cleanup: 37101 ns, At safepoint: 3500 ns, Total: 49502 ns
[162.804s][info ][safepoint      ] Safepoint "Cleanup", Time since last: 1000119862 ns, Reaching safepoint: 6300 ns, Cleanup: 14301 ns, At safepoint: 2600 ns, Total: 23201 ns
[163.804s][info ][safepoint      ] Safepoint "Cleanup", Time since last: 1000105661 ns, Reaching safepoint: 6200 ns, Cleanup: 11001 ns, At safepoint: 2600 ns, Total: 19801 ns
[164.804s][info ][safepoint      ] Safepoint "Cleanup", Time since last: 1000117061 ns, Reaching safepoint: 6900 ns, Cleanup: 22401 ns, At safepoint: 3000 ns, Total: 32301 ns
[165.805s][info ][safepoint      ] Safepoint "Cleanup", Time since last: 1000111562 ns, Reaching safepoint: 6200 ns, Cleanup: 21001 ns, At safepoint: 2800 ns, Total: 30001 ns
[166.805s][info ][safepoint      ] Safepoint "Cleanup", Time since last: 1000138062 ns, Reaching safepoint: 6800 ns, Cleanup: 18201 ns, At safepoint: 3700 ns, Total: 28701 ns
[168.805s][info ][safepoint      ] Safepoint "Cleanup", Time since last: 2000186873 ns, Reaching safepoint: 8101 ns, Cleanup: 18400 ns, At safepoint: 3300 ns, Total: 29801 ns
[169.805s][info ][safepoint      ] Safepoint "Cleanup", Time since last: 1000110123 ns, Reaching safepoint: 3900 ns, Cleanup: 9400 ns, At safepoint: 2500 ns, Total: 15800 ns
[170.805s][info ][safepoint      ] Safepoint "Cleanup", Time since last: 1000105422 ns, Reaching safepoint: 5701 ns, Cleanup: 20800 ns, At safepoint: 2800 ns, Total: 29301 ns
[171.805s][info ][safepoint      ] Safepoint "Cleanup", Time since last: 1000117623 ns, Reaching safepoint: 5800 ns, Cleanup: 9400 ns, At safepoint: 2601 ns, Total: 17801 ns
[172.805s][info ][safepoint      ] Safepoint "Cleanup", Time since last: 1000112122 ns, Reaching safepoint: 4100 ns, Cleanup: 16901 ns, At safepoint: 2400 ns, Total: 23401 ns
[173.806s][info ][safepoint      ] Safepoint "Cleanup", Time since last: 1000109722 ns, Reaching safepoint: 5600 ns, Cleanup: 11201 ns, At safepoint: 2900 ns, Total: 19701 ns
[174.806s][info ][safepoint      ] Safepoint "Cleanup", Time since last: 1000129723 ns, Reaching safepoint: 9900 ns, Cleanup: 26601 ns, At safepoint: 3800 ns, Total: 40301 ns
[175.806s][info ][safepoint      ] Safepoint "Cleanup", Time since last: 1000123533 ns, Reaching safepoint: 5901 ns, Cleanup: 7400 ns, At safepoint: 2500 ns, Total: 15801 ns
[176.806s][info ][safepoint      ] Safepoint "Cleanup", Time since last: 1000112669 ns, Reaching safepoint: 6100 ns, Cleanup: 12300 ns, At safepoint: 2300 ns, Total: 20700 ns
[177.806s][info ][safepoint      ] Safepoint "Cleanup", Time since last: 1000116869 ns, Reaching safepoint: 5800 ns, Cleanup: 18301 ns, At safepoint: 2600 ns, Total: 26701 ns
[178.806s][info ][safepoint      ] Safepoint "Cleanup", Time since last: 1000113869 ns, Reaching safepoint: 6300 ns, Cleanup: 15601 ns, At safepoint: 2500 ns, Total: 24401 ns
[179.806s][info ][safepoint      ] Safepoint "Cleanup", Time since last: 1000114569 ns, Reaching safepoint: 6500 ns, Cleanup: 15900 ns, At safepoint: 2600 ns, Total: 25000 ns
[181.090s][info ][safepoint      ] Safepoint "Cleanup", Time since last: 1283472918 ns, Reaching safepoint: 7701 ns, Cleanup: 19300 ns, At safepoint: 3200 ns, Total: 30201 ns
[182.090s][info ][safepoint      ] Safepoint "Cleanup", Time since last: 1000116369 ns, Reaching safepoint: 7001 ns, Cleanup: 13000 ns, At safepoint: 3200 ns, Total: 23201 ns
[183.090s][info ][safepoint      ] Safepoint "Cleanup", Time since last: 1000119469 ns, Reaching safepoint: 7200 ns, Cleanup: 20601 ns, At safepoint: 2700 ns, Total: 30501 ns
[184.090s][info ][safepoint      ] Safepoint "Cleanup", Time since last: 1000152861 ns, Reaching safepoint: 7800 ns, Cleanup: 16000 ns, At safepoint: 3701 ns, Total: 27501 ns
[188.091s][info ][safepoint      ] Safepoint "Cleanup", Time since last: 4000336493 ns, Reaching safepoint: 7400 ns, Cleanup: 12401 ns, At safepoint: 3400 ns, Total: 23201 ns
[190.091s][info ][safepoint      ] Safepoint "Cleanup", Time since last: 2000199898 ns, Reaching safepoint: 7500 ns, Cleanup: 14001 ns, At safepoint: 2700 ns, Total: 24201 ns
[192.160s][info ][gc,start       ] GC(12) Pause Young (Allocation Failure)
[192.197s][debug][gc,phases      ] GC(12) Scavenge 36.853ms
[192.197s][debug][gc,ref         ] GC(12) ReferenceProcessor::execute queues: 1, RefProcThreadModel::Single, marks_oops_alive: false
[192.197s][debug][gc,ref         ] GC(12) Skipped KeepAliveFinalRefsPhase of Reference Processing: no references
[192.197s][debug][gc,ref         ] GC(12) ReferenceProcessor::execute queues: 1, RefProcThreadModel::Single, marks_oops_alive: false
[192.197s][debug][gc,phases      ] GC(12) Reference Processing 0.144ms
[192.197s][debug][gc,phases      ] GC(12)   VM Weak                        Min:  0.0, Avg:  0.0, Max:  0.0, Diff:  0.0, Sum:  0.0, Workers: 4
[192.197s][debug][gc,phases      ] GC(12)     Dead                           Min: 0, Avg:  0.0, Max: 0, Diff: 0, Sum: 0, Workers: 4
[192.197s][debug][gc,phases      ] GC(12)     Total                          Min: 0, Avg: 215.2, Max: 512, Diff: 512, Sum: 861, Workers: 4
[192.197s][debug][gc,phases      ] GC(12)   ObjectSynchronizer Weak        Min:  0.0, Avg:  0.0, Max:  0.0, Diff:  0.0, Sum:  0.0, Workers: 4
[192.197s][debug][gc,phases      ] GC(12)     Dead                           Min: 0, Avg:  0.0, Max: 0, Diff: 0, Sum: 0, Workers: 4
[192.197s][debug][gc,phases      ] GC(12)     Total                          Min: 0, Avg:  1.0, Max: 4, Diff: 4, Sum: 4, Workers: 4
[192.197s][debug][gc,phases      ] GC(12)   JVMTI Tag Weak OopStorage      Min:  0.0, Avg:  0.0, Max:  0.0, Diff:  0.0, Sum:  0.0, Workers: 4
[192.197s][debug][gc,phases      ] GC(12)     Dead                           Min: 0, Avg:  0.0, Max: 0, Diff: 0, Sum: 0, Workers: 4
[192.197s][debug][gc,phases      ] GC(12)     Total                          Min: 0, Avg:  0.0, Max: 0, Diff: 0, Sum: 0, Workers: 4
[192.197s][debug][gc,phases      ] GC(12)   StringTable Weak               Min:  0.0, Avg:  0.1, Max:  0.2, Diff:  0.2, Sum:  0.5, Workers: 4
[192.197s][debug][gc,phases      ] GC(12)     Dead                           Min: 0, Avg:  0.0, Max: 0, Diff: 0, Sum: 0, Workers: 4
[192.197s][debug][gc,phases      ] GC(12)     Total                          Min: 0, Avg: 10983.2, Max: 15965, Diff: 15965, Sum: 43933, Workers: 4
[192.197s][debug][gc,phases      ] GC(12)   ResolvedMethodTable Weak       Min:  0.0, Avg:  0.0, Max:  0.1, Diff:  0.1, Sum:  0.2, Workers: 4
[192.197s][debug][gc,phases      ] GC(12)     Dead                           Min: 0, Avg:  4.0, Max: 10, Diff: 10, Sum: 16, Workers: 4
[192.197s][debug][gc,phases      ] GC(12)     Total                          Min: 0, Avg: 3383.0, Max: 5076, Diff: 5076, Sum: 13532, Workers: 4
[192.197s][debug][gc,phases      ] GC(12)   JNI Weak                       Min:  0.0, Avg:  0.0, Max:  0.0, Diff:  0.0, Sum:  0.0, Workers: 4
[192.197s][debug][gc,phases      ] GC(12)     Dead                           Min: 0, Avg:  0.0, Max: 0, Diff: 0, Sum: 0, Workers: 4
[192.197s][debug][gc,phases      ] GC(12)     Total                          Min: 0, Avg: 13.0, Max: 52, Diff: 52, Sum: 52, Workers: 4
[192.197s][debug][gc,phases      ] GC(12)   StringDedup Table Weak         Min:  0.0, Avg:  0.0, Max:  0.0, Diff:  0.0, Sum:  0.0, Workers: 4
[192.197s][debug][gc,phases      ] GC(12)     Dead                           Min: 0, Avg:  0.0, Max: 0, Diff: 0, Sum: 0, Workers: 4
[192.197s][debug][gc,phases      ] GC(12)     Total                          Min: 0, Avg:  0.0, Max: 0, Diff: 0, Sum: 0, Workers: 4
[192.197s][debug][gc,phases      ] GC(12)   StringDedup Requests0 Weak     Min:  0.0, Avg:  0.0, Max:  0.0, Diff:  0.0, Sum:  0.0, Workers: 4
[192.197s][debug][gc,phases      ] GC(12)     Dead                           Min: 0, Avg:  0.0, Max: 0, Diff: 0, Sum: 0, Workers: 4
[192.197s][debug][gc,phases      ] GC(12)     Total                          Min: 0, Avg:  0.0, Max: 0, Diff: 0, Sum: 0, Workers: 4
[192.197s][debug][gc,phases      ] GC(12)   StringDedup Requests1 Weak     Min:  0.0, Avg:  0.0, Max:  0.0, Diff:  0.0, Sum:  0.0, Workers: 4
[192.197s][debug][gc,phases      ] GC(12)     Dead                           Min: 0, Avg:  0.0, Max: 0, Diff: 0, Sum: 0, Workers: 4
[192.197s][debug][gc,phases      ] GC(12)     Total                          Min: 0, Avg:  0.0, Max: 0, Diff: 0, Sum: 0, Workers: 4
[192.197s][debug][gc,phases      ] GC(12)   Weak JFR Old Object Samples    Min:  0.0, Avg:  0.0, Max:  0.0, Diff:  0.0, Sum:  0.0, Workers: 4
[192.197s][debug][gc,phases      ] GC(12)     Dead                           Min: 0, Avg:  0.0, Max: 0, Diff: 0, Sum: 0, Workers: 4
[192.197s][debug][gc,phases      ] GC(12)     Total                          Min: 0, Avg:  0.0, Max: 0, Diff: 0, Sum: 0, Workers: 4
[192.197s][debug][gc,phases      ] GC(12) Weak Processing 0.457ms
[192.197s][debug][gc,age         ] GC(12) Desired survivor size 253231104 bytes, new threshold 2 (max threshold 15)
[192.197s][info ][gc,heap        ] GC(12) PSYoungGen: 1683328K(1852416K)->26864K(1844736K) Eden: 1600000K(1600000K)->0K(1600000K) From: 83328K(252416K)->26864K(244736K)
[192.197s][info ][gc,heap        ] GC(12) ParOldGen: 144476K(144896K)->205525K(205824K)
[192.197s][info ][gc,metaspace   ] GC(12) Metaspace: 99500K(100672K)->99500K(100672K) NonClass: 84476K(85120K)->84476K(85120K) Class: 15024K(15552K)->15024K(15552K)
[192.198s][info ][gc             ] GC(12) Pause Young (Allocation Failure) 1784M->226M(2002M) 37.618ms
[192.198s][info ][gc,cpu         ] GC(12) User=0.08s Sys=0.03s Real=0.04s
[192.198s][info ][safepoint      ] Safepoint "ParallelGCFailedAllocation", Time since last: 2068854834 ns, Reaching safepoint: 6000 ns, Cleanup: 4500 ns, At safepoint: 37698336 ns, Total: 37708836 ns
[193.198s][info ][safepoint      ] Safepoint "Cleanup", Time since last: 1000092054 ns, Reaching safepoint: 6000 ns, Cleanup: 11900 ns, At safepoint: 2600 ns, Total: 20500 ns
[194.198s][info ][safepoint      ] Safepoint "Cleanup", Time since last: 1000301561 ns, Reaching safepoint: 5500 ns, Cleanup: 14901 ns, At safepoint: 2900 ns, Total: 23301 ns
[196.198s][info ][safepoint      ] Safepoint "Cleanup", Time since last: 2000187107 ns, Reaching safepoint: 6700 ns, Cleanup: 14001 ns, At safepoint: 3200 ns, Total: 23901 ns
[197.198s][info ][safepoint      ] Safepoint "Cleanup", Time since last: 1000111954 ns, Reaching safepoint: 5900 ns, Cleanup: 20901 ns, At safepoint: 2700 ns, Total: 29501 ns
[203.199s][info ][safepoint      ] Safepoint "Cleanup", Time since last: 6000449420 ns, Reaching safepoint: 5500 ns, Cleanup: 12701 ns, At safepoint: 2600 ns, Total: 20801 ns
[205.199s][info ][safepoint      ] Safepoint "Cleanup", Time since last: 2000186109 ns, Reaching safepoint: 5400 ns, Cleanup: 13301 ns, At safepoint: 2800 ns, Total: 21501 ns
[206.199s][info ][safepoint      ] Safepoint "Cleanup", Time since last: 1000113655 ns, Reaching safepoint: 6300 ns, Cleanup: 10700 ns, At safepoint: 2801 ns, Total: 19801 ns
[207.199s][info ][safepoint      ] Safepoint "Cleanup", Time since last: 1000151256 ns, Reaching safepoint: 6600 ns, Cleanup: 11601 ns, At safepoint: 3000 ns, Total: 21201 ns
[208.199s][info ][safepoint      ] Safepoint "Cleanup", Time since last: 1000122143 ns, Reaching safepoint: 6700 ns, Cleanup: 10901 ns, At safepoint: 2800 ns, Total: 20401 ns
[215.200s][info ][safepoint      ] Safepoint "Cleanup", Time since last: 7000533330 ns, Reaching safepoint: 6600 ns, Cleanup: 10801 ns, At safepoint: 3200 ns, Total: 20601 ns
[216.200s][info ][safepoint      ] Safepoint "Cleanup", Time since last: 1000120153 ns, Reaching safepoint: 6101 ns, Cleanup: 11600 ns, At safepoint: 2100 ns, Total: 19801 ns
[217.200s][info ][safepoint      ] Safepoint "Cleanup", Time since last: 1000100667 ns, Reaching safepoint: 6301 ns, Cleanup: 26701 ns, At safepoint: 2900 ns, Total: 35902 ns
[218.200s][info ][safepoint      ] Safepoint "Cleanup", Time since last: 1000112367 ns, Reaching safepoint: 6000 ns, Cleanup: 12601 ns, At safepoint: 2700 ns, Total: 21301 ns
[223.201s][info ][safepoint      ] Safepoint "Cleanup", Time since last: 5000467535 ns, Reaching safepoint: 6100 ns, Cleanup: 19701 ns, At safepoint: 3000 ns, Total: 28801 ns
[224.201s][info ][safepoint      ] Safepoint "Cleanup", Time since last: 1000107563 ns, Reaching safepoint: 7100 ns, Cleanup: 11401 ns, At safepoint: 3000 ns, Total: 21501 ns
[225.201s][info ][safepoint      ] Safepoint "Cleanup", Time since last: 1000117660 ns, Reaching safepoint: 6000 ns, Cleanup: 10601 ns, At safepoint: 2800 ns, Total: 19401 ns
[226.201s][info ][safepoint      ] Safepoint "Cleanup", Time since last: 1000114860 ns, Reaching safepoint: 6000 ns, Cleanup: 6301 ns, At safepoint: 1900 ns, Total: 14201 ns
[228.202s][info ][safepoint      ] Safepoint "Cleanup", Time since last: 2000167618 ns, Reaching safepoint: 5800 ns, Cleanup: 11601 ns, At safepoint: 2500 ns, Total: 19901 ns
[230.202s][info ][safepoint      ] Safepoint "Cleanup", Time since last: 2000255921 ns, Reaching safepoint: 6200 ns, Cleanup: 14201 ns, At safepoint: 3000 ns, Total: 23401 ns
[234.202s][info ][safepoint      ] Safepoint "Cleanup", Time since last: 4000363618 ns, Reaching safepoint: 5800 ns, Cleanup: 11500 ns, At safepoint: 2700 ns, Total: 20000 ns
[241.108s][info ][safepoint      ] Safepoint "Cleanup", Time since last: 6905566722 ns, Reaching safepoint: 83603 ns, Cleanup: 20801 ns, At safepoint: 7100 ns, Total: 111504 ns
[242.108s][info ][safepoint      ] Safepoint "Cleanup", Time since last: 1000139816 ns, Reaching safepoint: 80403 ns, Cleanup: 14700 ns, At safepoint: 6701 ns, Total: 101804 ns
[243.108s][info ][safepoint      ] Safepoint "Cleanup", Time since last: 1000127615 ns, Reaching safepoint: 80903 ns, Cleanup: 24101 ns, At safepoint: 7000 ns, Total: 112004 ns
[244.109s][info ][safepoint      ] Safepoint "Cleanup", Time since last: 1000115616 ns, Reaching safepoint: 91903 ns, Cleanup: 18101 ns, At safepoint: 8300 ns, Total: 118304 ns
[245.109s][info ][safepoint      ] Safepoint "Cleanup", Time since last: 1000127316 ns, Reaching safepoint: 83303 ns, Cleanup: 11000 ns, At safepoint: 9301 ns, Total: 103604 ns
[246.109s][info ][safepoint      ] Safepoint "Cleanup", Time since last: 1000117215 ns, Reaching safepoint: 79103 ns, Cleanup: 11900 ns, At safepoint: 6100 ns, Total: 97103 ns
[247.109s][info ][safepoint      ] Safepoint "Cleanup", Time since last: 1000114216 ns, Reaching safepoint: 84903 ns, Cleanup: 9600 ns, At safepoint: 7100 ns, Total: 101603 ns
[248.109s][info ][safepoint      ] Safepoint "Cleanup", Time since last: 1000135503 ns, Reaching safepoint: 82703 ns, Cleanup: 14100 ns, At safepoint: 7001 ns, Total: 103804 ns
[249.110s][info ][safepoint      ] Safepoint "Cleanup", Time since last: 1000133685 ns, Reaching safepoint: 83703 ns, Cleanup: 13001 ns, At safepoint: 7600 ns, Total: 104304 ns
[250.110s][info ][safepoint      ] Safepoint "Cleanup", Time since last: 1000124085 ns, Reaching safepoint: 7301 ns, Cleanup: 21100 ns, At safepoint: 10201 ns, Total: 38602 ns
[252.110s][info ][safepoint      ] Safepoint "Cleanup", Time since last: 2000204969 ns, Reaching safepoint: 81303 ns, Cleanup: 15200 ns, At safepoint: 7101 ns, Total: 103604 ns
[253.110s][info ][safepoint      ] Safepoint "Cleanup", Time since last: 1000132985 ns, Reaching safepoint: 82803 ns, Cleanup: 18701 ns, At safepoint: 7700 ns, Total: 109204 ns
[254.111s][info ][safepoint      ] Safepoint "Cleanup", Time since last: 1000133886 ns, Reaching safepoint: 79003 ns, Cleanup: 10500 ns, At safepoint: 6300 ns, Total: 95803 ns
[255.111s][info ][safepoint      ] Safepoint "Cleanup", Time since last: 1000127686 ns, Reaching safepoint: 83603 ns, Cleanup: 7300 ns, At safepoint: 6600 ns, Total: 97503 ns
[256.111s][info ][safepoint      ] Safepoint "Cleanup", Time since last: 1000115448 ns, Reaching safepoint: 77003 ns, Cleanup: 11300 ns, At safepoint: 6801 ns, Total: 95104 ns
[257.111s][info ][safepoint      ] Safepoint "Cleanup", Time since last: 1000104328 ns, Reaching safepoint: 79803 ns, Cleanup: 14700 ns, At safepoint: 34801 ns, Total: 129304 ns
[258.112s][info ][safepoint      ] Safepoint "Cleanup", Time since last: 1000121529 ns, Reaching safepoint: 83503 ns, Cleanup: 11000 ns, At safepoint: 7401 ns, Total: 101904 ns
[259.112s][info ][safepoint      ] Safepoint "Cleanup", Time since last: 1000126128 ns, Reaching safepoint: 5901 ns, Cleanup: 10900 ns, At safepoint: 2900 ns, Total: 19701 ns
[261.112s][info ][safepoint      ] Safepoint "Cleanup", Time since last: 2000192556 ns, Reaching safepoint: 6600 ns, Cleanup: 10700 ns, At safepoint: 2900 ns, Total: 20200 ns
[262.112s][info ][safepoint      ] Safepoint "Cleanup", Time since last: 1000128429 ns, Reaching safepoint: 77303 ns, Cleanup: 24301 ns, At safepoint: 6300 ns, Total: 107904 ns
[263.112s][info ][safepoint      ] Safepoint "Cleanup", Time since last: 1000113729 ns, Reaching safepoint: 78002 ns, Cleanup: 16701 ns, At safepoint: 6400 ns, Total: 101103 ns
[266.113s][info ][safepoint      ] Safepoint "Cleanup", Time since last: 3000249811 ns, Reaching safepoint: 78903 ns, Cleanup: 7800 ns, At safepoint: 8700 ns, Total: 95403 ns
[267.113s][info ][safepoint      ] Safepoint "Cleanup", Time since last: 1000139777 ns, Reaching safepoint: 6500 ns, Cleanup: 10901 ns, At safepoint: 2600 ns, Total: 20001 ns
[269.113s][info ][safepoint      ] Safepoint "Cleanup", Time since last: 2000179649 ns, Reaching safepoint: 5400 ns, Cleanup: 7301 ns, At safepoint: 2400 ns, Total: 15101 ns
[270.113s][info ][safepoint      ] Safepoint "Cleanup", Time since last: 1000106075 ns, Reaching safepoint: 5600 ns, Cleanup: 8401 ns, At safepoint: 2600 ns, Total: 16601 ns
[270.409s][info ][gc,start       ] GC(13) Pause Young (Allocation Failure)
[270.423s][debug][gc,phases      ] GC(13) Scavenge 13.763ms
[270.423s][debug][gc,ref         ] GC(13) ReferenceProcessor::execute queues: 1, RefProcThreadModel::Single, marks_oops_alive: false
[270.423s][debug][gc,ref         ] GC(13) Skipped KeepAliveFinalRefsPhase of Reference Processing: no references
[270.423s][debug][gc,ref         ] GC(13) ReferenceProcessor::execute queues: 1, RefProcThreadModel::Single, marks_oops_alive: false
[270.423s][debug][gc,phases      ] GC(13) Reference Processing 0.145ms
[270.424s][debug][gc,phases      ] GC(13)   VM Weak                        Min:  0.0, Avg:  0.0, Max:  0.0, Diff:  0.0, Sum:  0.0, Workers: 4
[270.424s][debug][gc,phases      ] GC(13)     Dead                           Min: 0, Avg:  0.0, Max: 0, Diff: 0, Sum: 0, Workers: 4
[270.424s][debug][gc,phases      ] GC(13)     Total                          Min: 0, Avg: 215.2, Max: 477, Diff: 477, Sum: 861, Workers: 4
[270.424s][debug][gc,phases      ] GC(13)   ObjectSynchronizer Weak        Min:  0.0, Avg:  0.0, Max:  0.0, Diff:  0.0, Sum:  0.0, Workers: 4
[270.424s][debug][gc,phases      ] GC(13)     Dead                           Min: 0, Avg:  0.0, Max: 0, Diff: 0, Sum: 0, Workers: 4
[270.424s][debug][gc,phases      ] GC(13)     Total                          Min: 0, Avg:  1.0, Max: 4, Diff: 4, Sum: 4, Workers: 4
[270.424s][debug][gc,phases      ] GC(13)   JVMTI Tag Weak OopStorage      Min:  0.0, Avg:  0.0, Max:  0.0, Diff:  0.0, Sum:  0.0, Workers: 4
[270.424s][debug][gc,phases      ] GC(13)     Dead                           Min: 0, Avg:  0.0, Max: 0, Diff: 0, Sum: 0, Workers: 4
[270.424s][debug][gc,phases      ] GC(13)     Total                          Min: 0, Avg:  0.0, Max: 0, Diff: 0, Sum: 0, Workers: 4
[270.424s][debug][gc,phases      ] GC(13)   StringTable Weak               Min:  0.0, Avg:  0.1, Max:  0.2, Diff:  0.2, Sum:  0.4, Workers: 4
[270.424s][debug][gc,phases      ] GC(13)     Dead                           Min: 0, Avg:  0.2, Max: 1, Diff: 1, Sum: 1, Workers: 4
[270.424s][debug][gc,phases      ] GC(13)     Total                          Min: 0, Avg: 10994.0, Max: 22336, Diff: 22336, Sum: 43976, Workers: 4
[270.424s][debug][gc,phases      ] GC(13)   ResolvedMethodTable Weak       Min:  0.0, Avg:  0.0, Max:  0.1, Diff:  0.1, Sum:  0.2, Workers: 4
[270.424s][debug][gc,phases      ] GC(13)     Dead                           Min: 0, Avg:  5.0, Max: 20, Diff: 20, Sum: 20, Workers: 4
[270.424s][debug][gc,phases      ] GC(13)     Total                          Min: 0, Avg: 3386.0, Max: 7025, Diff: 7025, Sum: 13544, Workers: 4
[270.424s][debug][gc,phases      ] GC(13)   JNI Weak                       Min:  0.0, Avg:  0.0, Max:  0.0, Diff:  0.0, Sum:  0.0, Workers: 4
[270.424s][debug][gc,phases      ] GC(13)     Dead                           Min: 0, Avg:  0.0, Max: 0, Diff: 0, Sum: 0, Workers: 4
[270.424s][debug][gc,phases      ] GC(13)     Total                          Min: 0, Avg: 13.0, Max: 52, Diff: 52, Sum: 52, Workers: 4
[270.424s][debug][gc,phases      ] GC(13)   StringDedup Table Weak         Min:  0.0, Avg:  0.0, Max:  0.0, Diff:  0.0, Sum:  0.0, Workers: 4
[270.424s][debug][gc,phases      ] GC(13)     Dead                           Min: 0, Avg:  0.0, Max: 0, Diff: 0, Sum: 0, Workers: 4
[270.424s][debug][gc,phases      ] GC(13)     Total                          Min: 0, Avg:  0.0, Max: 0, Diff: 0, Sum: 0, Workers: 4
[270.424s][debug][gc,phases      ] GC(13)   StringDedup Requests0 Weak     Min:  0.0, Avg:  0.0, Max:  0.0, Diff:  0.0, Sum:  0.0, Workers: 4
[270.424s][debug][gc,phases      ] GC(13)     Dead                           Min: 0, Avg:  0.0, Max: 0, Diff: 0, Sum: 0, Workers: 4
[270.424s][debug][gc,phases      ] GC(13)     Total                          Min: 0, Avg:  0.0, Max: 0, Diff: 0, Sum: 0, Workers: 4
[270.424s][debug][gc,phases      ] GC(13)   StringDedup Requests1 Weak     Min:  0.0, Avg:  0.0, Max:  0.0, Diff:  0.0, Sum:  0.0, Workers: 4
[270.424s][debug][gc,phases      ] GC(13)     Dead                           Min: 0, Avg:  0.0, Max: 0, Diff: 0, Sum: 0, Workers: 4
[270.424s][debug][gc,phases      ] GC(13)     Total                          Min: 0, Avg:  0.0, Max: 0, Diff: 0, Sum: 0, Workers: 4
[270.424s][debug][gc,phases      ] GC(13)   Weak JFR Old Object Samples    Min:  0.0, Avg:  0.0, Max:  0.0, Diff:  0.0, Sum:  0.0, Workers: 4
[270.424s][debug][gc,phases      ] GC(13)     Dead                           Min: 0, Avg:  0.0, Max: 0, Diff: 0, Sum: 0, Workers: 4
[270.424s][debug][gc,phases      ] GC(13)     Total                          Min: 0, Avg:  0.0, Max: 0, Diff: 0, Sum: 0, Workers: 4
[270.424s][debug][gc,phases      ] GC(13) Weak Processing 0.655ms
[270.424s][debug][gc,age         ] GC(13) Desired survivor size 257425408 bytes, new threshold 1 (max threshold 15)
[270.424s][info ][gc,heap        ] GC(13) PSYoungGen: 1626864K(1844736K)->3984K(1841664K) Eden: 1600000K(1600000K)->0K(1594368K) From: 26864K(244736K)->3984K(247296K)
[270.424s][info ][gc,heap        ] GC(13) ParOldGen: 205525K(205824K)->230225K(230400K)
[270.424s][info ][gc,metaspace   ] GC(13) Metaspace: 99617K(100800K)->99617K(100800K) NonClass: 84589K(85248K)->84589K(85248K) Class: 15027K(15552K)->15027K(15552K)
[270.424s][info ][gc             ] GC(13) Pause Young (Allocation Failure) 1789M->228M(2023M) 14.728ms
[270.424s][info ][gc,cpu         ] GC(13) User=0.04s Sys=0.01s Real=0.02s
[270.424s][info ][safepoint      ] Safepoint "ParallelGCFailedAllocation", Time since last: 296075102 ns, Reaching safepoint: 6300 ns, Cleanup: 11901 ns, At safepoint: 14811525 ns, Total: 14829726 ns
[272.424s][info ][safepoint      ] Safepoint "Cleanup", Time since last: 2000180771 ns, Reaching safepoint: 6600 ns, Cleanup: 10500 ns, At safepoint: 3100 ns, Total: 20200 ns
[273.424s][info ][safepoint      ] Safepoint "Cleanup", Time since last: 1000145141 ns, Reaching safepoint: 10001 ns, Cleanup: 13700 ns, At safepoint: 3700 ns, Total: 27401 ns
[274.425s][info ][safepoint      ] Safepoint "Cleanup", Time since last: 1000131041 ns, Reaching safepoint: 9800 ns, Cleanup: 12801 ns, At safepoint: 3600 ns, Total: 26201 ns
[275.425s][info ][safepoint      ] Safepoint "Cleanup", Time since last: 1000131840 ns, Reaching safepoint: 7901 ns, Cleanup: 14100 ns, At safepoint: 3500 ns, Total: 25501 ns
[277.425s][info ][safepoint      ] Safepoint "Cleanup", Time since last: 2000201179 ns, Reaching safepoint: 7801 ns, Cleanup: 17200 ns, At safepoint: 3000 ns, Total: 28001 ns
[279.425s][info ][safepoint      ] Safepoint "Cleanup", Time since last: 2000238281 ns, Reaching safepoint: 7700 ns, Cleanup: 13001 ns, At safepoint: 3300 ns, Total: 24001 ns
[281.425s][info ][safepoint      ] Safepoint "Cleanup", Time since last: 2000210548 ns, Reaching safepoint: 10700 ns, Cleanup: 13601 ns, At safepoint: 3500 ns, Total: 27801 ns
[283.426s][info ][safepoint      ] Safepoint "Cleanup", Time since last: 2000220912 ns, Reaching safepoint: 7200 ns, Cleanup: 23001 ns, At safepoint: 3300 ns, Total: 33501 ns
[284.426s][info ][safepoint      ] Safepoint "Cleanup", Time since last: 1000130307 ns, Reaching safepoint: 8800 ns, Cleanup: 43702 ns, At safepoint: 3700 ns, Total: 56202 ns
[285.426s][info ][safepoint      ] Safepoint "Cleanup", Time since last: 1000131807 ns, Reaching safepoint: 8900 ns, Cleanup: 35201 ns, At safepoint: 3700 ns, Total: 47801 ns
[291.427s][info ][safepoint      ] Safepoint "Cleanup", Time since last: 6000489574 ns, Reaching safepoint: 7501 ns, Cleanup: 13500 ns, At safepoint: 3100 ns, Total: 24101 ns
[293.427s][info ][safepoint      ] Safepoint "Cleanup", Time since last: 2000226282 ns, Reaching safepoint: 7601 ns, Cleanup: 23300 ns, At safepoint: 2900 ns, Total: 33801 ns
[294.427s][info ][safepoint      ] Safepoint "Cleanup", Time since last: 1000131192 ns, Reaching safepoint: 9000 ns, Cleanup: 12401 ns, At safepoint: 3700 ns, Total: 25101 ns
[295.427s][info ][safepoint      ] Safepoint "Cleanup", Time since last: 1000125892 ns, Reaching safepoint: 7800 ns, Cleanup: 14200 ns, At safepoint: 3300 ns, Total: 25300 ns
[302.127s][info ][safepoint      ] Safepoint "Cleanup", Time since last: 6700186505 ns, Reaching safepoint: 7101 ns, Cleanup: 14000 ns, At safepoint: 3100 ns, Total: 24201 ns
[303.128s][info ][safepoint      ] Safepoint "Cleanup", Time since last: 1000141263 ns, Reaching safepoint: 7800 ns, Cleanup: 13301 ns, At safepoint: 2800 ns, Total: 23901 ns
[305.128s][info ][safepoint      ] Safepoint "Cleanup", Time since last: 2000218463 ns, Reaching safepoint: 7600 ns, Cleanup: 12601 ns, At safepoint: 2800 ns, Total: 23001 ns
[307.128s][info ][safepoint      ] Safepoint "Cleanup", Time since last: 2000214309 ns, Reaching safepoint: 7400 ns, Cleanup: 11501 ns, At safepoint: 3400 ns, Total: 22301 ns
[309.128s][info ][safepoint      ] Safepoint "Cleanup", Time since last: 2000200908 ns, Reaching safepoint: 7401 ns, Cleanup: 13200 ns, At safepoint: 3100 ns, Total: 23701 ns
[312.527s][info ][safepoint      ] Safepoint "Cleanup", Time since last: 3399023872 ns, Reaching safepoint: 4001 ns, Cleanup: 31301 ns, At safepoint: 2700 ns, Total: 38002 ns
[313.566s][info ][safepoint      ] Safepoint "Cleanup", Time since last: 1038560738 ns, Reaching safepoint: 6400 ns, Cleanup: 228708 ns, At safepoint: 3700 ns, Total: 238808 ns
[314.566s][info ][safepoint      ] Safepoint "Cleanup", Time since last: 1000120663 ns, Reaching safepoint: 6400 ns, Cleanup: 25801 ns, At safepoint: 3200 ns, Total: 35401 ns
[315.566s][info ][safepoint      ] Safepoint "Cleanup", Time since last: 1000112563 ns, Reaching safepoint: 6801 ns, Cleanup: 10600 ns, At safepoint: 3000 ns, Total: 20401 ns
[316.567s][info ][safepoint      ] Safepoint "Cleanup", Time since last: 1000114063 ns, Reaching safepoint: 6000 ns, Cleanup: 34901 ns, At safepoint: 2801 ns, Total: 43702 ns
[318.567s][info ][safepoint      ] Safepoint "Cleanup", Time since last: 2000183124 ns, Reaching safepoint: 6700 ns, Cleanup: 27801 ns, At safepoint: 29101 ns, Total: 63602 ns
[319.567s][info ][safepoint      ] Safepoint "Cleanup", Time since last: 1000104463 ns, Reaching safepoint: 6200 ns, Cleanup: 12800 ns, At safepoint: 2800 ns, Total: 21800 ns
[320.567s][info ][safepoint      ] Safepoint "Cleanup", Time since last: 1000117158 ns, Reaching safepoint: 6900 ns, Cleanup: 16501 ns, At safepoint: 3100 ns, Total: 26501 ns
[321.567s][info ][safepoint      ] Safepoint "Cleanup", Time since last: 1000120013 ns, Reaching safepoint: 6800 ns, Cleanup: 17901 ns, At safepoint: 3100 ns, Total: 27801 ns
[322.567s][info ][safepoint      ] Safepoint "Cleanup", Time since last: 1000127314 ns, Reaching safepoint: 79202 ns, Cleanup: 30102 ns, At safepoint: 14000 ns, Total: 123304 ns
[323.568s][info ][safepoint      ] Safepoint "Cleanup", Time since last: 1000187016 ns, Reaching safepoint: 6800 ns, Cleanup: 23301 ns, At safepoint: 2700 ns, Total: 32801 ns
[324.568s][info ][safepoint      ] Safepoint "Cleanup", Time since last: 1000104712 ns, Reaching safepoint: 6301 ns, Cleanup: 10000 ns, At safepoint: 2500 ns, Total: 18801 ns
[325.568s][info ][safepoint      ] Safepoint "Cleanup", Time since last: 1000101013 ns, Reaching safepoint: 5600 ns, Cleanup: 10600 ns, At safepoint: 2700 ns, Total: 18900 ns
[326.568s][info ][safepoint      ] Safepoint "Cleanup", Time since last: 1000105713 ns, Reaching safepoint: 5900 ns, Cleanup: 9900 ns, At safepoint: 2701 ns, Total: 18501 ns
[327.568s][info ][safepoint      ] Safepoint "Cleanup", Time since last: 1000111012 ns, Reaching safepoint: 6801 ns, Cleanup: 10600 ns, At safepoint: 3000 ns, Total: 20401 ns
[328.568s][info ][safepoint      ] Safepoint "Cleanup", Time since last: 1000116726 ns, Reaching safepoint: 7200 ns, Cleanup: 14000 ns, At safepoint: 2900 ns, Total: 24100 ns
[329.569s][info ][safepoint      ] Safepoint "Cleanup", Time since last: 1000132129 ns, Reaching safepoint: 6201 ns, Cleanup: 16300 ns, At safepoint: 2700 ns, Total: 25201 ns
[330.569s][info ][safepoint      ] Safepoint "Cleanup", Time since last: 1000111428 ns, Reaching safepoint: 6301 ns, Cleanup: 12900 ns, At safepoint: 2900 ns, Total: 22101 ns
[331.569s][info ][safepoint      ] Safepoint "Cleanup", Time since last: 1000110728 ns, Reaching safepoint: 7400 ns, Cleanup: 15901 ns, At safepoint: 2700 ns, Total: 26001 ns
[332.569s][info ][safepoint      ] Safepoint "Cleanup", Time since last: 1000116728 ns, Reaching safepoint: 4701 ns, Cleanup: 13400 ns, At safepoint: 2800 ns, Total: 20901 ns
[333.569s][info ][safepoint      ] Safepoint "Cleanup", Time since last: 1000120229 ns, Reaching safepoint: 6100 ns, Cleanup: 21601 ns, At safepoint: 2700 ns, Total: 30401 ns
[335.569s][info ][safepoint      ] Safepoint "Cleanup", Time since last: 2000193355 ns, Reaching safepoint: 7300 ns, Cleanup: 15301 ns, At safepoint: 3200 ns, Total: 25801 ns
[335.917s][info ][safepoint      ] Safepoint "ParallelGCFailedAllocation", Time since last: 347750670 ns, Reaching safepoint: 84203 ns, Cleanup: 11300 ns, At safepoint: 18401 ns, Total: 113904 ns
[335.918s][info ][gc,start       ] GC(14) Pause Young (GCLocker Initiated GC)
[335.928s][debug][gc,phases      ] GC(14) Scavenge 10.220ms
[335.928s][debug][gc,ref         ] GC(14) ReferenceProcessor::execute queues: 1, RefProcThreadModel::Single, marks_oops_alive: false
[335.928s][debug][gc,ref         ] GC(14) Skipped KeepAliveFinalRefsPhase of Reference Processing: no references
[335.928s][debug][gc,ref         ] GC(14) ReferenceProcessor::execute queues: 1, RefProcThreadModel::Single, marks_oops_alive: false
[335.928s][debug][gc,phases      ] GC(14) Reference Processing 0.126ms
[335.928s][debug][gc,phases      ] GC(14)   VM Weak                        Min:  0.0, Avg:  0.0, Max:  0.0, Diff:  0.0, Sum:  0.0, Workers: 4
[335.928s][debug][gc,phases      ] GC(14)     Dead                           Min: 0, Avg:  0.0, Max: 0, Diff: 0, Sum: 0, Workers: 4
[335.929s][debug][gc,phases      ] GC(14)     Total                          Min: 0, Avg: 216.5, Max: 576, Diff: 576, Sum: 866, Workers: 4
[335.929s][debug][gc,phases      ] GC(14)   ObjectSynchronizer Weak        Min:  0.0, Avg:  0.0, Max:  0.0, Diff:  0.0, Sum:  0.0, Workers: 4
[335.929s][debug][gc,phases      ] GC(14)     Dead                           Min: 0, Avg:  0.0, Max: 0, Diff: 0, Sum: 0, Workers: 4
[335.929s][debug][gc,phases      ] GC(14)     Total                          Min: 0, Avg:  1.0, Max: 4, Diff: 4, Sum: 4, Workers: 4
[335.929s][debug][gc,phases      ] GC(14)   JVMTI Tag Weak OopStorage      Min:  0.0, Avg:  0.0, Max:  0.0, Diff:  0.0, Sum:  0.0, Workers: 4
[335.929s][debug][gc,phases      ] GC(14)     Dead                           Min: 0, Avg:  0.0, Max: 0, Diff: 0, Sum: 0, Workers: 4
[335.929s][debug][gc,phases      ] GC(14)     Total                          Min: 0, Avg:  0.0, Max: 0, Diff: 0, Sum: 0, Workers: 4
[335.929s][debug][gc,phases      ] GC(14)   StringTable Weak               Min:  0.0, Avg:  0.1, Max:  0.1, Diff:  0.1, Sum:  0.4, Workers: 4
[335.929s][debug][gc,phases      ] GC(14)     Dead                           Min: 0, Avg:  0.5, Max: 2, Diff: 2, Sum: 2, Workers: 4
[335.929s][debug][gc,phases      ] GC(14)     Total                          Min: 0, Avg: 11017.8, Max: 15335, Diff: 15335, Sum: 44071, Workers: 4
[335.929s][debug][gc,phases      ] GC(14)   ResolvedMethodTable Weak       Min:  0.0, Avg:  0.0, Max:  0.1, Diff:  0.1, Sum:  0.1, Workers: 4
[335.929s][debug][gc,phases      ] GC(14)     Dead                           Min: 0, Avg:  6.8, Max: 17, Diff: 17, Sum: 27, Workers: 4
[335.929s][debug][gc,phases      ] GC(14)     Total                          Min: 0, Avg: 3404.5, Max: 4681, Diff: 4681, Sum: 13618, Workers: 4
[335.929s][debug][gc,phases      ] GC(14)   JNI Weak                       Min:  0.0, Avg:  0.0, Max:  0.0, Diff:  0.0, Sum:  0.0, Workers: 4
[335.929s][debug][gc,phases      ] GC(14)     Dead                           Min: 0, Avg:  0.0, Max: 0, Diff: 0, Sum: 0, Workers: 4
[335.929s][debug][gc,phases      ] GC(14)     Total                          Min: 0, Avg: 13.0, Max: 52, Diff: 52, Sum: 52, Workers: 4
[335.929s][debug][gc,phases      ] GC(14)   StringDedup Table Weak         Min:  0.0, Avg:  0.0, Max:  0.0, Diff:  0.0, Sum:  0.0, Workers: 4
[335.929s][debug][gc,phases      ] GC(14)     Dead                           Min: 0, Avg:  0.0, Max: 0, Diff: 0, Sum: 0, Workers: 4
[335.929s][debug][gc,phases      ] GC(14)     Total                          Min: 0, Avg:  0.0, Max: 0, Diff: 0, Sum: 0, Workers: 4
[335.929s][debug][gc,phases      ] GC(14)   StringDedup Requests0 Weak     Min:  0.0, Avg:  0.0, Max:  0.0, Diff:  0.0, Sum:  0.0, Workers: 4
[335.929s][debug][gc,phases      ] GC(14)     Dead                           Min: 0, Avg:  0.0, Max: 0, Diff: 0, Sum: 0, Workers: 4
[335.929s][debug][gc,phases      ] GC(14)     Total                          Min: 0, Avg:  0.0, Max: 0, Diff: 0, Sum: 0, Workers: 4
[335.929s][debug][gc,phases      ] GC(14)   StringDedup Requests1 Weak     Min:  0.0, Avg:  0.0, Max:  0.0, Diff:  0.0, Sum:  0.0, Workers: 4
[335.929s][debug][gc,phases      ] GC(14)     Dead                           Min: 0, Avg:  0.0, Max: 0, Diff: 0, Sum: 0, Workers: 4
[335.929s][debug][gc,phases      ] GC(14)     Total                          Min: 0, Avg:  0.0, Max: 0, Diff: 0, Sum: 0, Workers: 4
[335.929s][debug][gc,phases      ] GC(14)   Weak JFR Old Object Samples    Min:  0.0, Avg:  0.0, Max:  0.0, Diff:  0.0, Sum:  0.0, Workers: 4
[335.929s][debug][gc,phases      ] GC(14)     Dead                           Min: 0, Avg:  0.0, Max: 0, Diff: 0, Sum: 0, Workers: 4
[335.929s][debug][gc,phases      ] GC(14)     Total                          Min: 0, Avg:  0.0, Max: 0, Diff: 0, Sum: 0, Workers: 4
[335.929s][debug][gc,phases      ] GC(14) Weak Processing 0.450ms
[335.929s][debug][gc,age         ] GC(14) Desired survivor size 257425408 bytes, new threshold 1 (max threshold 15)
[335.929s][info ][gc,heap        ] GC(14) PSYoungGen: 1598352K(1841664K)->7601K(1845760K) Eden: 1594368K(1594368K)->0K(1594368K) From: 3984K(247296K)->7601K(251392K)
[335.929s][info ][gc,heap        ] GC(14) ParOldGen: 230285K(230400K)->231261K(231424K)
[335.929s][info ][gc,metaspace   ] GC(14) Metaspace: 99974K(101120K)->99974K(101120K) NonClass: 84909K(85504K)->84909K(85504K) Class: 15065K(15616K)->15065K(15616K)
[335.929s][info ][gc             ] GC(14) Pause Young (GCLocker Initiated GC) 1785M->233M(2028M) 10.917ms
[335.929s][info ][gc,cpu         ] GC(14) User=0.02s Sys=0.00s Real=0.01s
[335.929s][info ][safepoint      ] Safepoint "ParallelGCSystemGC", Time since last: 550619 ns, Reaching safepoint: 77403 ns, Cleanup: 1600 ns, At safepoint: 10998292 ns, Total: 11077295 ns
[336.929s][info ][safepoint      ] Safepoint "Cleanup", Time since last: 1000094234 ns, Reaching safepoint: 90303 ns, Cleanup: 27701 ns, At safepoint: 6501 ns, Total: 124505 ns
[337.929s][info ][safepoint      ] Safepoint "Cleanup", Time since last: 1000116435 ns, Reaching safepoint: 8800 ns, Cleanup: 16100 ns, At safepoint: 3201 ns, Total: 28101 ns
[338.929s][info ][safepoint      ] Safepoint "Cleanup", Time since last: 1000126035 ns, Reaching safepoint: 8500 ns, Cleanup: 16901 ns, At safepoint: 3300 ns, Total: 28701 ns
[340.930s][info ][safepoint      ] Safepoint "Cleanup", Time since last: 2000185268 ns, Reaching safepoint: 8301 ns, Cleanup: 28901 ns, At safepoint: 3700 ns, Total: 40902 ns
[341.930s][info ][safepoint      ] Safepoint "Cleanup", Time since last: 1000118035 ns, Reaching safepoint: 8500 ns, Cleanup: 29201 ns, At safepoint: 4300 ns, Total: 42001 ns
[342.930s][info ][safepoint      ] Safepoint "Cleanup", Time since last: 1000125636 ns, Reaching safepoint: 8300 ns, Cleanup: 17800 ns, At safepoint: 3301 ns, Total: 29401 ns
[344.123s][info ][safepoint      ] Safepoint "Cleanup", Time since last: 1192899977 ns, Reaching safepoint: 7200 ns, Cleanup: 43502 ns, At safepoint: 3200 ns, Total: 53902 ns
[345.123s][info ][safepoint      ] Safepoint "Cleanup", Time since last: 1000169062 ns, Reaching safepoint: 10200 ns, Cleanup: 13500 ns, At safepoint: 3201 ns, Total: 26901 ns
[346.123s][info ][safepoint      ] Safepoint "Cleanup", Time since last: 1000128160 ns, Reaching safepoint: 7500 ns, Cleanup: 48702 ns, At safepoint: 3100 ns, Total: 59302 ns
[347.123s][info ][safepoint      ] Safepoint "Cleanup", Time since last: 1000117659 ns, Reaching safepoint: 7801 ns, Cleanup: 12600 ns, At safepoint: 3100 ns, Total: 23501 ns
[348.123s][info ][safepoint      ] Safepoint "Cleanup", Time since last: 1000122960 ns, Reaching safepoint: 9200 ns, Cleanup: 23801 ns, At safepoint: 3500 ns, Total: 36501 ns
[349.124s][info ][safepoint      ] Safepoint "Cleanup", Time since last: 1000131961 ns, Reaching safepoint: 9200 ns, Cleanup: 17900 ns, At safepoint: 3201 ns, Total: 30301 ns
[350.124s][info ][safepoint      ] Safepoint "Cleanup", Time since last: 1000121659 ns, Reaching safepoint: 6601 ns, Cleanup: 14500 ns, At safepoint: 2800 ns, Total: 23901 ns
[351.124s][info ][safepoint      ] Safepoint "Cleanup", Time since last: 1000163362 ns, Reaching safepoint: 11200 ns, Cleanup: 17201 ns, At safepoint: 3900 ns, Total: 32301 ns
[353.124s][info ][safepoint      ] Safepoint "Cleanup", Time since last: 2000204272 ns, Reaching safepoint: 9500 ns, Cleanup: 27001 ns, At safepoint: 3800 ns, Total: 40301 ns
[354.124s][info ][safepoint      ] Safepoint "Cleanup", Time since last: 1000122624 ns, Reaching safepoint: 9200 ns, Cleanup: 16301 ns, At safepoint: 3300 ns, Total: 28801 ns
[355.125s][info ][safepoint      ] Safepoint "Cleanup", Time since last: 1000121323 ns, Reaching safepoint: 7901 ns, Cleanup: 16200 ns, At safepoint: 3200 ns, Total: 27301 ns
[356.125s][info ][safepoint      ] Safepoint "Cleanup", Time since last: 1000115324 ns, Reaching safepoint: 8500 ns, Cleanup: 20201 ns, At safepoint: 3800 ns, Total: 32501 ns
[357.125s][info ][safepoint      ] Safepoint "Cleanup", Time since last: 1000127824 ns, Reaching safepoint: 8500 ns, Cleanup: 51202 ns, At safepoint: 3200 ns, Total: 62902 ns
[358.125s][info ][safepoint      ] Safepoint "Cleanup", Time since last: 1000125024 ns, Reaching safepoint: 7900 ns, Cleanup: 17800 ns, At safepoint: 3501 ns, Total: 29201 ns
[359.125s][info ][safepoint      ] Safepoint "Cleanup", Time since last: 1000125223 ns, Reaching safepoint: 6900 ns, Cleanup: 17501 ns, At safepoint: 2700 ns, Total: 27101 ns
[360.125s][info ][safepoint      ] Safepoint "Cleanup", Time since last: 1000120126 ns, Reaching safepoint: 8100 ns, Cleanup: 22101 ns, At safepoint: 2800 ns, Total: 33001 ns
[362.145s][info ][safepoint      ] Safepoint "Cleanup", Time since last: 2019893261 ns, Reaching safepoint: 5400 ns, Cleanup: 8800 ns, At safepoint: 2400 ns, Total: 16600 ns
[363.145s][info ][safepoint      ] Safepoint "Cleanup", Time since last: 1000112831 ns, Reaching safepoint: 7800 ns, Cleanup: 21701 ns, At safepoint: 3200 ns, Total: 32701 ns
[364.146s][info ][safepoint      ] Safepoint "Cleanup", Time since last: 1000118731 ns, Reaching safepoint: 6900 ns, Cleanup: 9701 ns, At safepoint: 3600 ns, Total: 20201 ns
[365.146s][info ][safepoint      ] Safepoint "Cleanup", Time since last: 1000143232 ns, Reaching safepoint: 7300 ns, Cleanup: 13201 ns, At safepoint: 2700 ns, Total: 23201 ns
[366.146s][info ][safepoint      ] Safepoint "Cleanup", Time since last: 1000116231 ns, Reaching safepoint: 8700 ns, Cleanup: 14000 ns, At safepoint: 3401 ns, Total: 26101 ns
[369.146s][info ][safepoint      ] Safepoint "Cleanup", Time since last: 3000267581 ns, Reaching safepoint: 7301 ns, Cleanup: 13200 ns, At safepoint: 3300 ns, Total: 23801 ns
[370.146s][info ][safepoint      ] Safepoint "Cleanup", Time since last: 1000130100 ns, Reaching safepoint: 8100 ns, Cleanup: 12001 ns, At safepoint: 3300 ns, Total: 23401 ns
[371.146s][info ][safepoint      ] Safepoint "Cleanup", Time since last: 1000115999 ns, Reaching safepoint: 8301 ns, Cleanup: 10400 ns, At safepoint: 2900 ns, Total: 21601 ns
[372.147s][info ][safepoint      ] Safepoint "Cleanup", Time since last: 1000127000 ns, Reaching safepoint: 195907 ns, Cleanup: 22201 ns, At safepoint: 6900 ns, Total: 225008 ns
[373.147s][info ][safepoint      ] Safepoint "Cleanup", Time since last: 1000157501 ns, Reaching safepoint: 10000 ns, Cleanup: 20701 ns, At safepoint: 3000 ns, Total: 33701 ns
[374.147s][info ][safepoint      ] Safepoint "Cleanup", Time since last: 1000124600 ns, Reaching safepoint: 8700 ns, Cleanup: 34201 ns, At safepoint: 3200 ns, Total: 46101 ns
[375.147s][info ][safepoint      ] Safepoint "Cleanup", Time since last: 1000123000 ns, Reaching safepoint: 8900 ns, Cleanup: 17601 ns, At safepoint: 3100 ns, Total: 29601 ns
[376.147s][info ][safepoint      ] Safepoint "Cleanup", Time since last: 1000116426 ns, Reaching safepoint: 6801 ns, Cleanup: 21700 ns, At safepoint: 2600 ns, Total: 31101 ns
[377.148s][info ][safepoint      ] Safepoint "Cleanup", Time since last: 1000117280 ns, Reaching safepoint: 8500 ns, Cleanup: 13201 ns, At safepoint: 3300 ns, Total: 25001 ns
[379.148s][info ][safepoint      ] Safepoint "Cleanup", Time since last: 2000190058 ns, Reaching safepoint: 7400 ns, Cleanup: 14101 ns, At safepoint: 2900 ns, Total: 24401 ns
[382.148s][info ][safepoint      ] Safepoint "Cleanup", Time since last: 3000254936 ns, Reaching safepoint: 10400 ns, Cleanup: 14101 ns, At safepoint: 3400 ns, Total: 27901 ns
[383.148s][info ][safepoint      ] Safepoint "Cleanup", Time since last: 1000106879 ns, Reaching safepoint: 10900 ns, Cleanup: 21601 ns, At safepoint: 3600 ns, Total: 36101 ns
[385.148s][info ][safepoint      ] Safepoint "Cleanup", Time since last: 2000177015 ns, Reaching safepoint: 10901 ns, Cleanup: 14200 ns, At safepoint: 3300 ns, Total: 28401 ns
[386.149s][info ][safepoint      ] Safepoint "Cleanup", Time since last: 1000106847 ns, Reaching safepoint: 10201 ns, Cleanup: 12400 ns, At safepoint: 3100 ns, Total: 25701 ns
[387.010s][info ][gc,start       ] GC(15) Pause Young (Allocation Failure)
[387.040s][debug][gc,phases      ] GC(15) Scavenge 30.202ms
[387.040s][debug][gc,ref         ] GC(15) ReferenceProcessor::execute queues: 1, RefProcThreadModel::Single, marks_oops_alive: false
[387.040s][debug][gc,ref         ] GC(15) Skipped KeepAliveFinalRefsPhase of Reference Processing: no references
[387.040s][debug][gc,ref         ] GC(15) ReferenceProcessor::execute queues: 1, RefProcThreadModel::Single, marks_oops_alive: false
[387.040s][debug][gc,phases      ] GC(15) Reference Processing 0.136ms
[387.040s][debug][gc,phases      ] GC(15)   VM Weak                        Min:  0.0, Avg:  0.0, Max:  0.0, Diff:  0.0, Sum:  0.0, Workers: 4
[387.040s][debug][gc,phases      ] GC(15)     Dead                           Min: 0, Avg:  0.0, Max: 0, Diff: 0, Sum: 0, Workers: 4
[387.040s][debug][gc,phases      ] GC(15)     Total                          Min: 0, Avg: 218.2, Max: 832, Diff: 832, Sum: 873, Workers: 4
[387.040s][debug][gc,phases      ] GC(15)   ObjectSynchronizer Weak        Min:  0.0, Avg:  0.0, Max:  0.0, Diff:  0.0, Sum:  0.0, Workers: 4
[387.040s][debug][gc,phases      ] GC(15)     Dead                           Min: 0, Avg:  0.0, Max: 0, Diff: 0, Sum: 0, Workers: 4
[387.040s][debug][gc,phases      ] GC(15)     Total                          Min: 0, Avg:  1.0, Max: 4, Diff: 4, Sum: 4, Workers: 4
[387.040s][debug][gc,phases      ] GC(15)   JVMTI Tag Weak OopStorage      Min:  0.0, Avg:  0.0, Max:  0.0, Diff:  0.0, Sum:  0.0, Workers: 4
[387.040s][debug][gc,phases      ] GC(15)     Dead                           Min: 0, Avg:  0.0, Max: 0, Diff: 0, Sum: 0, Workers: 4
[387.040s][debug][gc,phases      ] GC(15)     Total                          Min: 0, Avg:  0.0, Max: 0, Diff: 0, Sum: 0, Workers: 4
[387.040s][debug][gc,phases      ] GC(15)   StringTable Weak               Min:  0.0, Avg:  0.1, Max:  0.1, Diff:  0.1, Sum:  0.4, Workers: 4
[387.040s][debug][gc,phases      ] GC(15)     Dead                           Min: 0, Avg:  0.2, Max: 1, Diff: 1, Sum: 1, Workers: 4
[387.040s][debug][gc,phases      ] GC(15)     Total                          Min: 0, Avg: 11038.2, Max: 15866, Diff: 15866, Sum: 44153, Workers: 4
[387.041s][debug][gc,phases      ] GC(15)   ResolvedMethodTable Weak       Min:  0.0, Avg:  0.0, Max:  0.1, Diff:  0.1, Sum:  0.2, Workers: 4
[387.041s][debug][gc,phases      ] GC(15)     Dead                           Min: 0, Avg:  5.5, Max: 19, Diff: 19, Sum: 22, Workers: 4
[387.041s][debug][gc,phases      ] GC(15)     Total                          Min: 0, Avg: 3415.8, Max: 4708, Diff: 4708, Sum: 13663, Workers: 4
[387.041s][debug][gc,phases      ] GC(15)   JNI Weak                       Min:  0.0, Avg:  0.0, Max:  0.0, Diff:  0.0, Sum:  0.0, Workers: 4
[387.041s][debug][gc,phases      ] GC(15)     Dead                           Min: 0, Avg:  0.0, Max: 0, Diff: 0, Sum: 0, Workers: 4
[387.041s][debug][gc,phases      ] GC(15)     Total                          Min: 0, Avg: 13.0, Max: 52, Diff: 52, Sum: 52, Workers: 4
[387.041s][debug][gc,phases      ] GC(15)   StringDedup Table Weak         Min:  0.0, Avg:  0.0, Max:  0.0, Diff:  0.0, Sum:  0.0, Workers: 4
[387.041s][debug][gc,phases      ] GC(15)     Dead                           Min: 0, Avg:  0.0, Max: 0, Diff: 0, Sum: 0, Workers: 4
[387.041s][debug][gc,phases      ] GC(15)     Total                          Min: 0, Avg:  0.0, Max: 0, Diff: 0, Sum: 0, Workers: 4
[387.041s][debug][gc,phases      ] GC(15)   StringDedup Requests0 Weak     Min:  0.0, Avg:  0.0, Max:  0.0, Diff:  0.0, Sum:  0.0, Workers: 4
[387.041s][debug][gc,phases      ] GC(15)     Dead                           Min: 0, Avg:  0.0, Max: 0, Diff: 0, Sum: 0, Workers: 4
[387.041s][debug][gc,phases      ] GC(15)     Total                          Min: 0, Avg:  0.0, Max: 0, Diff: 0, Sum: 0, Workers: 4
[387.041s][debug][gc,phases      ] GC(15)   StringDedup Requests1 Weak     Min:  0.0, Avg:  0.0, Max:  0.0, Diff:  0.0, Sum:  0.0, Workers: 4
[387.041s][debug][gc,phases      ] GC(15)     Dead                           Min: 0, Avg:  0.0, Max: 0, Diff: 0, Sum: 0, Workers: 4
[387.041s][debug][gc,phases      ] GC(15)     Total                          Min: 0, Avg:  0.0, Max: 0, Diff: 0, Sum: 0, Workers: 4
[387.041s][debug][gc,phases      ] GC(15)   Weak JFR Old Object Samples    Min:  0.0, Avg:  0.0, Max:  0.0, Diff:  0.0, Sum:  0.0, Workers: 4
[387.041s][debug][gc,phases      ] GC(15)     Dead                           Min: 0, Avg:  0.0, Max: 0, Diff: 0, Sum: 0, Workers: 4
[387.041s][debug][gc,phases      ] GC(15)     Total                          Min: 0, Avg:  0.0, Max: 0, Diff: 0, Sum: 0, Workers: 4
[387.041s][debug][gc,phases      ] GC(15) Weak Processing 0.481ms
[387.041s][debug][gc,age         ] GC(15) Desired survivor size 253231104 bytes, new threshold 1 (max threshold 15)
[387.041s][info ][gc,heap        ] GC(15) PSYoungGen: 1601969K(1845760K)->15655K(1849856K) Eden: 1594368K(1594368K)->0K(1598464K) From: 7601K(251392K)->15655K(251392K)
[387.041s][info ][gc,heap        ] GC(15) ParOldGen: 231263K(231424K)->236003K(236032K)
[387.041s][info ][gc,metaspace   ] GC(15) Metaspace: 100143K(101376K)->100143K(101376K) NonClass: 85061K(85760K)->85061K(85760K) Class: 15082K(15616K)->15082K(15616K)
[387.041s][info ][gc             ] GC(15) Pause Young (Allocation Failure) 1790M->245M(2037M) 30.961ms
[387.041s][info ][gc,cpu         ] GC(15) User=0.03s Sys=0.00s Real=0.03s
[387.041s][info ][safepoint      ] Safepoint "ParallelGCFailedAllocation", Time since last: 861110593 ns, Reaching safepoint: 8601 ns, Cleanup: 16500 ns, At safepoint: 31053107 ns, Total: 31078208 ns
[390.041s][info ][safepoint      ] Safepoint "Cleanup", Time since last: 3000230439 ns, Reaching safepoint: 10100 ns, Cleanup: 14701 ns, At safepoint: 3400 ns, Total: 28201 ns
[391.041s][info ][safepoint      ] Safepoint "Cleanup", Time since last: 1000110647 ns, Reaching safepoint: 10801 ns, Cleanup: 15200 ns, At safepoint: 3500 ns, Total: 29501 ns
[393.041s][info ][safepoint      ] Safepoint "Cleanup", Time since last: 2000189310 ns, Reaching safepoint: 9000 ns, Cleanup: 13301 ns, At safepoint: 3100 ns, Total: 25401 ns
[395.042s][info ][safepoint      ] Safepoint "Cleanup", Time since last: 2000202550 ns, Reaching safepoint: 13501 ns, Cleanup: 17601 ns, At safepoint: 4800 ns, Total: 35902 ns
[398.042s][info ][safepoint      ] Safepoint "Cleanup", Time since last: 3000336677 ns, Reaching safepoint: 9100 ns, Cleanup: 13901 ns, At safepoint: 3300 ns, Total: 26301 ns
[402.042s][info ][safepoint      ] Safepoint "Cleanup", Time since last: 4000325032 ns, Reaching safepoint: 7300 ns, Cleanup: 11200 ns, At safepoint: 3200 ns, Total: 21700 ns
[406.043s][info ][safepoint      ] Safepoint "Cleanup", Time since last: 4000331171 ns, Reaching safepoint: 9100 ns, Cleanup: 12600 ns, At safepoint: 3701 ns, Total: 25401 ns
[408.043s][info ][safepoint      ] Safepoint "Cleanup", Time since last: 2000210068 ns, Reaching safepoint: 7100 ns, Cleanup: 11200 ns, At safepoint: 2800 ns, Total: 21100 ns
[411.043s][info ][safepoint      ] Safepoint "Cleanup", Time since last: 3000260483 ns, Reaching safepoint: 7801 ns, Cleanup: 12200 ns, At safepoint: 2900 ns, Total: 22901 ns
[412.043s][info ][safepoint      ] Safepoint "Cleanup", Time since last: 1000114129 ns, Reaching safepoint: 7300 ns, Cleanup: 9900 ns, At safepoint: 2900 ns, Total: 20100 ns
[413.043s][info ][safepoint      ] Safepoint "Cleanup", Time since last: 1000115029 ns, Reaching safepoint: 7000 ns, Cleanup: 15401 ns, At safepoint: 3100 ns, Total: 25501 ns
[414.044s][info ][safepoint      ] Safepoint "Cleanup", Time since last: 1000117129 ns, Reaching safepoint: 7300 ns, Cleanup: 13701 ns, At safepoint: 2800 ns, Total: 23801 ns
[416.044s][info ][safepoint      ] Safepoint "Cleanup", Time since last: 2000192555 ns, Reaching safepoint: 7800 ns, Cleanup: 12001 ns, At safepoint: 3100 ns, Total: 22901 ns
[417.044s][info ][safepoint      ] Safepoint "Cleanup", Time since last: 1000116224 ns, Reaching safepoint: 17101 ns, Cleanup: 20901 ns, At safepoint: 3500 ns, Total: 41502 ns
[418.044s][info ][safepoint      ] Safepoint "Cleanup", Time since last: 1000115024 ns, Reaching safepoint: 8801 ns, Cleanup: 19300 ns, At safepoint: 3301 ns, Total: 31402 ns
[419.044s][info ][safepoint      ] Safepoint "Cleanup", Time since last: 1000117924 ns, Reaching safepoint: 8601 ns, Cleanup: 11700 ns, At safepoint: 2800 ns, Total: 23101 ns
[422.163s][info ][safepoint      ] Safepoint "Cleanup", Time since last: 3119114417 ns, Reaching safepoint: 6900 ns, Cleanup: 11100 ns, At safepoint: 33401 ns, Total: 51401 ns
[423.164s][info ][safepoint      ] Safepoint "Cleanup", Time since last: 1000115425 ns, Reaching safepoint: 7400 ns, Cleanup: 18601 ns, At safepoint: 3200 ns, Total: 29201 ns
[424.164s][info ][safepoint      ] Safepoint "Cleanup", Time since last: 1000128713 ns, Reaching safepoint: 7200 ns, Cleanup: 9000 ns, At safepoint: 2800 ns, Total: 19000 ns
[426.164s][info ][safepoint      ] Safepoint "Cleanup", Time since last: 2000193365 ns, Reaching safepoint: 9200 ns, Cleanup: 13200 ns, At safepoint: 16501 ns, Total: 38901 ns
[427.164s][info ][safepoint      ] Safepoint "Cleanup", Time since last: 1000118683 ns, Reaching safepoint: 6800 ns, Cleanup: 8600 ns, At safepoint: 3001 ns, Total: 18401 ns
[432.164s][info ][safepoint      ] Safepoint "Cleanup", Time since last: 5000378453 ns, Reaching safepoint: 7000 ns, Cleanup: 11501 ns, At safepoint: 2900 ns, Total: 21401 ns
[433.165s][info ][safepoint      ] Safepoint "Cleanup", Time since last: 1000116313 ns, Reaching safepoint: 6801 ns, Cleanup: 9700 ns, At safepoint: 2500 ns, Total: 19001 ns
[434.165s][info ][safepoint      ] Safepoint "Cleanup", Time since last: 1000112313 ns, Reaching safepoint: 6400 ns, Cleanup: 12101 ns, At safepoint: 2400 ns, Total: 20901 ns
[435.165s][info ][safepoint      ] Safepoint "Cleanup", Time since last: 1000121856 ns, Reaching safepoint: 6400 ns, Cleanup: 12301 ns, At safepoint: 3000 ns, Total: 21701 ns
[436.165s][info ][safepoint      ] Safepoint "Cleanup", Time since last: 1000117207 ns, Reaching safepoint: 6900 ns, Cleanup: 15500 ns, At safepoint: 2700 ns, Total: 25100 ns
[441.165s][info ][safepoint      ] Safepoint "Cleanup", Time since last: 5000420012 ns, Reaching safepoint: 6100 ns, Cleanup: 9900 ns, At safepoint: 2801 ns, Total: 18801 ns
[442.166s][info ][safepoint      ] Safepoint "Cleanup", Time since last: 1000142073 ns, Reaching safepoint: 6900 ns, Cleanup: 10100 ns, At safepoint: 2901 ns, Total: 19901 ns
[443.166s][info ][safepoint      ] Safepoint "Cleanup", Time since last: 1000113572 ns, Reaching safepoint: 6100 ns, Cleanup: 9901 ns, At safepoint: 2800 ns, Total: 18801 ns
[444.166s][info ][safepoint      ] Safepoint "Cleanup", Time since last: 1000121772 ns, Reaching safepoint: 6600 ns, Cleanup: 9601 ns, At safepoint: 3100 ns, Total: 19301 ns
[445.166s][info ][safepoint      ] Safepoint "Cleanup", Time since last: 1000154274 ns, Reaching safepoint: 7700 ns, Cleanup: 16101 ns, At safepoint: 3200 ns, Total: 27001 ns
[446.166s][info ][safepoint      ] Safepoint "Cleanup", Time since last: 1000116972 ns, Reaching safepoint: 6500 ns, Cleanup: 8401 ns, At safepoint: 3000 ns, Total: 17901 ns
[449.167s][info ][safepoint      ] Safepoint "Cleanup", Time since last: 3000265904 ns, Reaching safepoint: 4900 ns, Cleanup: 20501 ns, At safepoint: 3200 ns, Total: 28601 ns
[450.167s][info ][safepoint      ] Safepoint "Cleanup", Time since last: 1000116464 ns, Reaching safepoint: 7500 ns, Cleanup: 18701 ns, At safepoint: 2900 ns, Total: 29101 ns
[451.167s][info ][safepoint      ] Safepoint "Cleanup", Time since last: 1000115164 ns, Reaching safepoint: 6900 ns, Cleanup: 13801 ns, At safepoint: 2700 ns, Total: 23401 ns
[452.659s][info ][gc,start       ] GC(16) Pause Young (Allocation Failure)
[452.670s][debug][gc,phases      ] GC(16) Scavenge 10.539ms
[452.670s][debug][gc,ref         ] GC(16) ReferenceProcessor::execute queues: 1, RefProcThreadModel::Single, marks_oops_alive: false
[452.670s][debug][gc,ref         ] GC(16) Skipped KeepAliveFinalRefsPhase of Reference Processing: no references
[452.670s][debug][gc,ref         ] GC(16) ReferenceProcessor::execute queues: 1, RefProcThreadModel::Single, marks_oops_alive: false
[452.670s][debug][gc,phases      ] GC(16) Reference Processing 0.114ms
[452.670s][debug][gc,phases      ] GC(16)   VM Weak                        Min:  0.0, Avg:  0.0, Max:  0.0, Diff:  0.0, Sum:  0.0, Workers: 4
[452.670s][debug][gc,phases      ] GC(16)     Dead                           Min: 0, Avg:  0.0, Max: 0, Diff: 0, Sum: 0, Workers: 4
[452.670s][debug][gc,phases      ] GC(16)     Total                          Min: 0, Avg: 218.2, Max: 553, Diff: 553, Sum: 873, Workers: 4
[452.670s][debug][gc,phases      ] GC(16)   ObjectSynchronizer Weak        Min:  0.0, Avg:  0.0, Max:  0.0, Diff:  0.0, Sum:  0.0, Workers: 4
[452.670s][debug][gc,phases      ] GC(16)     Dead                           Min: 0, Avg:  0.0, Max: 0, Diff: 0, Sum: 0, Workers: 4
[452.670s][debug][gc,phases      ] GC(16)     Total                          Min: 0, Avg:  1.0, Max: 4, Diff: 4, Sum: 4, Workers: 4
[452.670s][debug][gc,phases      ] GC(16)   JVMTI Tag Weak OopStorage      Min:  0.0, Avg:  0.0, Max:  0.0, Diff:  0.0, Sum:  0.0, Workers: 4
[452.670s][debug][gc,phases      ] GC(16)     Dead                           Min: 0, Avg:  0.0, Max: 0, Diff: 0, Sum: 0, Workers: 4
[452.670s][debug][gc,phases      ] GC(16)     Total                          Min: 0, Avg:  0.0, Max: 0, Diff: 0, Sum: 0, Workers: 4
[452.670s][debug][gc,phases      ] GC(16)   StringTable Weak               Min:  0.0, Avg:  0.1, Max:  0.2, Diff:  0.2, Sum:  0.4, Workers: 4
[452.670s][debug][gc,phases      ] GC(16)     Dead                           Min: 0, Avg:  0.0, Max: 0, Diff: 0, Sum: 0, Workers: 4
[452.670s][debug][gc,phases      ] GC(16)     Total                          Min: 0, Avg: 11041.2, Max: 22912, Diff: 22912, Sum: 44165, Workers: 4
[452.670s][debug][gc,phases      ] GC(16)   ResolvedMethodTable Weak       Min:  0.0, Avg:  0.0, Max:  0.1, Diff:  0.1, Sum:  0.1, Workers: 4
[452.670s][debug][gc,phases      ] GC(16)     Dead                           Min: 0, Avg:  8.5, Max: 27, Diff: 27, Sum: 34, Workers: 4
[452.670s][debug][gc,phases      ] GC(16)     Total                          Min: 0, Avg: 3417.2, Max: 7415, Diff: 7415, Sum: 13669, Workers: 4
[452.670s][debug][gc,phases      ] GC(16)   JNI Weak                       Min:  0.0, Avg:  0.0, Max:  0.0, Diff:  0.0, Sum:  0.0, Workers: 4
[452.670s][debug][gc,phases      ] GC(16)     Dead                           Min: 0, Avg:  0.0, Max: 0, Diff: 0, Sum: 0, Workers: 4
[452.670s][debug][gc,phases      ] GC(16)     Total                          Min: 0, Avg: 13.2, Max: 53, Diff: 53, Sum: 53, Workers: 4
[452.670s][debug][gc,phases      ] GC(16)   StringDedup Table Weak         Min:  0.0, Avg:  0.0, Max:  0.0, Diff:  0.0, Sum:  0.0, Workers: 4
[452.670s][debug][gc,phases      ] GC(16)     Dead                           Min: 0, Avg:  0.0, Max: 0, Diff: 0, Sum: 0, Workers: 4
[452.670s][debug][gc,phases      ] GC(16)     Total                          Min: 0, Avg:  0.0, Max: 0, Diff: 0, Sum: 0, Workers: 4
[452.670s][debug][gc,phases      ] GC(16)   StringDedup Requests0 Weak     Min:  0.0, Avg:  0.0, Max:  0.0, Diff:  0.0, Sum:  0.0, Workers: 4
[452.670s][debug][gc,phases      ] GC(16)     Dead                           Min: 0, Avg:  0.0, Max: 0, Diff: 0, Sum: 0, Workers: 4
[452.670s][debug][gc,phases      ] GC(16)     Total                          Min: 0, Avg:  0.0, Max: 0, Diff: 0, Sum: 0, Workers: 4
[452.670s][debug][gc,phases      ] GC(16)   StringDedup Requests1 Weak     Min:  0.0, Avg:  0.0, Max:  0.0, Diff:  0.0, Sum:  0.0, Workers: 4
[452.670s][debug][gc,phases      ] GC(16)     Dead                           Min: 0, Avg:  0.0, Max: 0, Diff: 0, Sum: 0, Workers: 4
[452.670s][debug][gc,phases      ] GC(16)     Total                          Min: 0, Avg:  0.0, Max: 0, Diff: 0, Sum: 0, Workers: 4
[452.670s][debug][gc,phases      ] GC(16)   Weak JFR Old Object Samples    Min:  0.0, Avg:  0.0, Max:  0.0, Diff:  0.0, Sum:  0.0, Workers: 4
[452.671s][debug][gc,phases      ] GC(16)     Dead                           Min: 0, Avg:  0.0, Max: 0, Diff: 0, Sum: 0, Workers: 4
[452.671s][debug][gc,phases      ] GC(16)     Total                          Min: 0, Avg:  0.0, Max: 0, Diff: 0, Sum: 0, Workers: 4
[452.671s][debug][gc,phases      ] GC(16) Weak Processing 0.542ms
[452.671s][debug][gc,age         ] GC(16) Desired survivor size 250085376 bytes, new threshold 1 (max threshold 15)
[452.671s][info ][gc,heap        ] GC(16) PSYoungGen: 1614119K(1849856K)->3008K(1845760K) Eden: 1598464K(1598464K)->0K(1598464K) From: 15655K(251392K)->3008K(247296K)
[452.671s][info ][gc,heap        ] GC(16) ParOldGen: 236003K(236032K)->250694K(250880K)
[452.671s][info ][gc,metaspace   ] GC(16) Metaspace: 100181K(101376K)->100181K(101376K) NonClass: 85098K(85760K)->85098K(85760K) Class: 15083K(15616K)->15083K(15616K)
[452.671s][info ][gc             ] GC(16) Pause Young (Allocation Failure) 1806M->247M(2047M) 11.343ms
[452.671s][info ][gc,cpu         ] GC(16) User=0.03s Sys=0.01s Real=0.01s
[452.671s][info ][safepoint      ] Safepoint "ParallelGCFailedAllocation", Time since last: 1492300515 ns, Reaching safepoint: 83503 ns, Cleanup: 4000 ns, At safepoint: 11436108 ns, Total: 11523611 ns
[453.671s][info ][safepoint      ] Safepoint "Cleanup", Time since last: 1000094464 ns, Reaching safepoint: 8600 ns, Cleanup: 18501 ns, At safepoint: 3200 ns, Total: 30301 ns
[454.671s][info ][safepoint      ] Safepoint "Cleanup", Time since last: 1000118564 ns, Reaching safepoint: 8300 ns, Cleanup: 9301 ns, At safepoint: 3300 ns, Total: 20901 ns
[458.671s][info ][safepoint      ] Safepoint "Cleanup", Time since last: 4000386103 ns, Reaching safepoint: 7401 ns, Cleanup: 11900 ns, At safepoint: 3000 ns, Total: 22301 ns
[459.672s][info ][safepoint      ] Safepoint "Cleanup", Time since last: 1000123619 ns, Reaching safepoint: 158405 ns, Cleanup: 12801 ns, At safepoint: 8800 ns, Total: 180006 ns
[461.672s][info ][safepoint      ] Safepoint "Cleanup", Time since last: 2000194535 ns, Reaching safepoint: 6700 ns, Cleanup: 15901 ns, At safepoint: 2900 ns, Total: 25501 ns
[462.672s][info ][safepoint      ] Safepoint "Cleanup", Time since last: 1000130219 ns, Reaching safepoint: 6900 ns, Cleanup: 13001 ns, At safepoint: 3300 ns, Total: 23201 ns
[463.672s][info ][safepoint      ] Safepoint "Cleanup", Time since last: 1000114818 ns, Reaching safepoint: 8400 ns, Cleanup: 11501 ns, At safepoint: 3200 ns, Total: 23101 ns
[464.672s][info ][safepoint      ] Safepoint "Cleanup", Time since last: 1000152279 ns, Reaching safepoint: 7000 ns, Cleanup: 13000 ns, At safepoint: 3000 ns, Total: 23000 ns
[466.672s][info ][safepoint      ] Safepoint "Cleanup", Time since last: 2000183429 ns, Reaching safepoint: 7500 ns, Cleanup: 10600 ns, At safepoint: 2900 ns, Total: 21000 ns
[467.673s][info ][safepoint      ] Safepoint "Cleanup", Time since last: 1000116265 ns, Reaching safepoint: 7500 ns, Cleanup: 11601 ns, At safepoint: 3000 ns, Total: 22101 ns
[469.673s][info ][safepoint      ] Safepoint "Cleanup", Time since last: 2000240030 ns, Reaching safepoint: 6900 ns, Cleanup: 11101 ns, At safepoint: 2700 ns, Total: 20701 ns
[475.673s][info ][safepoint      ] Safepoint "Cleanup", Time since last: 6000542560 ns, Reaching safepoint: 7900 ns, Cleanup: 15201 ns, At safepoint: 3200 ns, Total: 26301 ns
[478.674s][info ][safepoint      ] Safepoint "Cleanup", Time since last: 3000259072 ns, Reaching safepoint: 7301 ns, Cleanup: 11800 ns, At safepoint: 34901 ns, Total: 54002 ns
[482.182s][info ][safepoint      ] Safepoint "Cleanup", Time since last: 3507968979 ns, Reaching safepoint: 8900 ns, Cleanup: 14100 ns, At safepoint: 2901 ns, Total: 25901 ns
[486.182s][info ][safepoint      ] Safepoint "Cleanup", Time since last: 4000436040 ns, Reaching safepoint: 6700 ns, Cleanup: 11800 ns, At safepoint: 3100 ns, Total: 21600 ns
[489.183s][info ][safepoint      ] Safepoint "Cleanup", Time since last: 3000305930 ns, Reaching safepoint: 7601 ns, Cleanup: 14200 ns, At safepoint: 3100 ns, Total: 24901 ns
[491.183s][info ][safepoint      ] Safepoint "Cleanup", Time since last: 2000152939 ns, Reaching safepoint: 7600 ns, Cleanup: 9901 ns, At safepoint: 2600 ns, Total: 20101 ns
[492.183s][info ][safepoint      ] Safepoint "Cleanup", Time since last: 1000122021 ns, Reaching safepoint: 7700 ns, Cleanup: 28901 ns, At safepoint: 2800 ns, Total: 39401 ns
[497.183s][info ][safepoint      ] Safepoint "Cleanup", Time since last: 5000410356 ns, Reaching safepoint: 7700 ns, Cleanup: 17801 ns, At safepoint: 3000 ns, Total: 28501 ns
[498.183s][info ][safepoint      ] Safepoint "Cleanup", Time since last: 1000127168 ns, Reaching safepoint: 7601 ns, Cleanup: 14400 ns, At safepoint: 3400 ns, Total: 25401 ns
[499.184s][info ][safepoint      ] Safepoint "Cleanup", Time since last: 1000125469 ns, Reaching safepoint: 7300 ns, Cleanup: 14200 ns, At safepoint: 3200 ns, Total: 24700 ns
[503.184s][info ][safepoint      ] Safepoint "Cleanup", Time since last: 4000362868 ns, Reaching safepoint: 7101 ns, Cleanup: 25201 ns, At safepoint: 29001 ns, Total: 61303 ns
[504.184s][info ][safepoint      ] Safepoint "Cleanup", Time since last: 1000108042 ns, Reaching safepoint: 7100 ns, Cleanup: 50502 ns, At safepoint: 3000 ns, Total: 60602 ns
[506.184s][info ][safepoint      ] Safepoint "Cleanup", Time since last: 2000180111 ns, Reaching safepoint: 7000 ns, Cleanup: 15601 ns, At safepoint: 2600 ns, Total: 25201 ns
[507.758s][info ][gc,start       ] GC(17) Pause Young (Allocation Failure)
[507.767s][debug][gc,phases      ] GC(17) Scavenge 8.369ms
[507.767s][debug][gc,ref         ] GC(17) ReferenceProcessor::execute queues: 1, RefProcThreadModel::Single, marks_oops_alive: false
[507.767s][debug][gc,ref         ] GC(17) Skipped KeepAliveFinalRefsPhase of Reference Processing: no references
[507.767s][debug][gc,ref         ] GC(17) ReferenceProcessor::execute queues: 1, RefProcThreadModel::Single, marks_oops_alive: false
[507.767s][debug][gc,phases      ] GC(17) Reference Processing 0.119ms
[507.767s][debug][gc,phases      ] GC(17)   VM Weak                        Min:  0.0, Avg:  0.0, Max:  0.0, Diff:  0.0, Sum:  0.0, Workers: 4
[507.767s][debug][gc,phases      ] GC(17)     Dead                           Min: 0, Avg:  0.0, Max: 0, Diff: 0, Sum: 0, Workers: 4
[507.767s][debug][gc,phases      ] GC(17)     Total                          Min: 0, Avg: 219.2, Max: 749, Diff: 749, Sum: 877, Workers: 4
[507.767s][debug][gc,phases      ] GC(17)   ObjectSynchronizer Weak        Min:  0.0, Avg:  0.0, Max:  0.0, Diff:  0.0, Sum:  0.0, Workers: 4
[507.767s][debug][gc,phases      ] GC(17)     Dead                           Min: 0, Avg:  0.0, Max: 0, Diff: 0, Sum: 0, Workers: 4
[507.767s][debug][gc,phases      ] GC(17)     Total                          Min: 0, Avg:  1.2, Max: 5, Diff: 5, Sum: 5, Workers: 4
[507.767s][debug][gc,phases      ] GC(17)   JVMTI Tag Weak OopStorage      Min:  0.0, Avg:  0.0, Max:  0.0, Diff:  0.0, Sum:  0.0, Workers: 4
[507.767s][debug][gc,phases      ] GC(17)     Dead                           Min: 0, Avg:  0.0, Max: 0, Diff: 0, Sum: 0, Workers: 4
[507.767s][debug][gc,phases      ] GC(17)     Total                          Min: 0, Avg:  0.0, Max: 0, Diff: 0, Sum: 0, Workers: 4
[507.767s][debug][gc,phases      ] GC(17)   StringTable Weak               Min:  0.0, Avg:  0.1, Max:  0.1, Diff:  0.1, Sum:  0.4, Workers: 4
[507.767s][debug][gc,phases      ] GC(17)     Dead                           Min: 0, Avg:  0.0, Max: 0, Diff: 0, Sum: 0, Workers: 4
[507.767s][debug][gc,phases      ] GC(17)     Total                          Min: 0, Avg: 11045.2, Max: 16021, Diff: 16021, Sum: 44181, Workers: 4
[507.767s][debug][gc,phases      ] GC(17)   ResolvedMethodTable Weak       Min:  0.0, Avg:  0.0, Max:  0.0, Diff:  0.0, Sum:  0.1, Workers: 4
[507.767s][debug][gc,phases      ] GC(17)     Dead                           Min: 0, Avg:  4.0, Max: 16, Diff: 16, Sum: 16, Workers: 4
[507.767s][debug][gc,phases      ] GC(17)     Total                          Min: 0, Avg: 3421.0, Max: 5414, Diff: 5414, Sum: 13684, Workers: 4
[507.767s][debug][gc,phases      ] GC(17)   JNI Weak                       Min:  0.0, Avg:  0.0, Max:  0.0, Diff:  0.0, Sum:  0.0, Workers: 4
[507.767s][debug][gc,phases      ] GC(17)     Dead                           Min: 0, Avg:  0.0, Max: 0, Diff: 0, Sum: 0, Workers: 4
[507.767s][debug][gc,phases      ] GC(17)     Total                          Min: 0, Avg: 13.0, Max: 52, Diff: 52, Sum: 52, Workers: 4
[507.767s][debug][gc,phases      ] GC(17)   StringDedup Table Weak         Min:  0.0, Avg:  0.0, Max:  0.0, Diff:  0.0, Sum:  0.0, Workers: 4
[507.767s][debug][gc,phases      ] GC(17)     Dead                           Min: 0, Avg:  0.0, Max: 0, Diff: 0, Sum: 0, Workers: 4
[507.767s][debug][gc,phases      ] GC(17)     Total                          Min: 0, Avg:  0.0, Max: 0, Diff: 0, Sum: 0, Workers: 4
[507.767s][debug][gc,phases      ] GC(17)   StringDedup Requests0 Weak     Min:  0.0, Avg:  0.0, Max:  0.0, Diff:  0.0, Sum:  0.0, Workers: 4
[507.767s][debug][gc,phases      ] GC(17)     Dead                           Min: 0, Avg:  0.0, Max: 0, Diff: 0, Sum: 0, Workers: 4
[507.767s][debug][gc,phases      ] GC(17)     Total                          Min: 0, Avg:  0.0, Max: 0, Diff: 0, Sum: 0, Workers: 4
[507.767s][debug][gc,phases      ] GC(17)   StringDedup Requests1 Weak     Min:  0.0, Avg:  0.0, Max:  0.0, Diff:  0.0, Sum:  0.0, Workers: 4
[507.767s][debug][gc,phases      ] GC(17)     Dead                           Min: 0, Avg:  0.0, Max: 0, Diff: 0, Sum: 0, Workers: 4
[507.767s][debug][gc,phases      ] GC(17)     Total                          Min: 0, Avg:  0.0, Max: 0, Diff: 0, Sum: 0, Workers: 4
[507.767s][debug][gc,phases      ] GC(17)   Weak JFR Old Object Samples    Min:  0.0, Avg:  0.0, Max:  0.0, Diff:  0.0, Sum:  0.0, Workers: 4
[507.767s][debug][gc,phases      ] GC(17)     Dead                           Min: 0, Avg:  0.0, Max: 0, Diff: 0, Sum: 0, Workers: 4
[507.767s][debug][gc,phases      ] GC(17)     Total                          Min: 0, Avg:  0.0, Max: 0, Diff: 0, Sum: 0, Workers: 4
[507.767s][debug][gc,phases      ] GC(17) Weak Processing 0.423ms
[507.767s][debug][gc,age         ] GC(17) Desired survivor size 242221056 bytes, new threshold 1 (max threshold 15)
[507.767s][info ][gc,heap        ] GC(17) PSYoungGen: 1601472K(1845760K)->17344K(1860608K) Eden: 1598464K(1598464K)->0K(1616384K) From: 3008K(247296K)->17344K(244224K)
[507.767s][info ][gc,heap        ] GC(17) ParOldGen: 250694K(250880K)->251326K(251392K)
[507.768s][info ][gc,metaspace   ] GC(17) Metaspace: 100343K(101504K)->100343K(101504K) NonClass: 85246K(85888K)->85246K(85888K) Class: 15097K(15616K)->15097K(15616K)
[507.768s][info ][gc             ] GC(17) Pause Young (Allocation Failure) 1808M->262M(2062M) 9.066ms
[507.768s][info ][gc,cpu         ] GC(17) User=0.03s Sys=0.00s Real=0.01s
[507.768s][info ][safepoint      ] Safepoint "ParallelGCFailedAllocation", Time since last: 1573975358 ns, Reaching safepoint: 6201 ns, Cleanup: 5800 ns, At safepoint: 9141025 ns, Total: 9153026 ns
[509.768s][info ][safepoint      ] Safepoint "Cleanup", Time since last: 2000179211 ns, Reaching safepoint: 6800 ns, Cleanup: 20601 ns, At safepoint: 2800 ns, Total: 30201 ns
[510.768s][info ][safepoint      ] Safepoint "Cleanup", Time since last: 1000108456 ns, Reaching safepoint: 6900 ns, Cleanup: 16601 ns, At safepoint: 2600 ns, Total: 26101 ns
[511.768s][info ][safepoint      ] Safepoint "Cleanup", Time since last: 1000128957 ns, Reaching safepoint: 7500 ns, Cleanup: 18800 ns, At safepoint: 2901 ns, Total: 29201 ns
[512.768s][info ][safepoint      ] Safepoint "Cleanup", Time since last: 1000117204 ns, Reaching safepoint: 78503 ns, Cleanup: 23400 ns, At safepoint: 6501 ns, Total: 108404 ns
[513.768s][info ][safepoint      ] Safepoint "Cleanup", Time since last: 1000094915 ns, Reaching safepoint: 6500 ns, Cleanup: 90003 ns, At safepoint: 2500 ns, Total: 99003 ns
[514.769s][info ][safepoint      ] Safepoint "Cleanup", Time since last: 1000107416 ns, Reaching safepoint: 6800 ns, Cleanup: 39702 ns, At safepoint: 6400 ns, Total: 52902 ns
[515.769s][info ][safepoint      ] Safepoint "Cleanup", Time since last: 1000110716 ns, Reaching safepoint: 6700 ns, Cleanup: 76403 ns, At safepoint: 2900 ns, Total: 86003 ns
[516.769s][info ][safepoint      ] Safepoint "Cleanup", Time since last: 1000113216 ns, Reaching safepoint: 6900 ns, Cleanup: 21601 ns, At safepoint: 2600 ns, Total: 31101 ns
[517.769s][info ][safepoint      ] Safepoint "Cleanup", Time since last: 1000113116 ns, Reaching safepoint: 7200 ns, Cleanup: 13001 ns, At safepoint: 3100 ns, Total: 23301 ns
[518.769s][info ][safepoint      ] Safepoint "Cleanup", Time since last: 1000129716 ns, Reaching safepoint: 9401 ns, Cleanup: 23601 ns, At safepoint: 3300 ns, Total: 36302 ns
[519.769s][info ][safepoint      ] Safepoint "Cleanup", Time since last: 1000116816 ns, Reaching safepoint: 8000 ns, Cleanup: 14401 ns, At safepoint: 3000 ns, Total: 25401 ns
[520.770s][info ][safepoint      ] Safepoint "Cleanup", Time since last: 1000109731 ns, Reaching safepoint: 8600 ns, Cleanup: 19001 ns, At safepoint: 3000 ns, Total: 30601 ns
[521.770s][info ][safepoint      ] Safepoint "Cleanup", Time since last: 1000139737 ns, Reaching safepoint: 7200 ns, Cleanup: 8600 ns, At safepoint: 2500 ns, Total: 18300 ns
[522.770s][info ][safepoint      ] Safepoint "Cleanup", Time since last: 1000123036 ns, Reaching safepoint: 10000 ns, Cleanup: 23801 ns, At safepoint: 4200 ns, Total: 38001 ns
[523.770s][info ][safepoint      ] Safepoint "Cleanup", Time since last: 1000118536 ns, Reaching safepoint: 6700 ns, Cleanup: 11201 ns, At safepoint: 2700 ns, Total: 20601 ns
[524.770s][info ][safepoint      ] Safepoint "Cleanup", Time since last: 1000126336 ns, Reaching safepoint: 6500 ns, Cleanup: 29501 ns, At safepoint: 2700 ns, Total: 38701 ns
[525.770s][info ][safepoint      ] Safepoint "Cleanup", Time since last: 1000141337 ns, Reaching safepoint: 9000 ns, Cleanup: 15401 ns, At safepoint: 3400 ns, Total: 27801 ns
[526.771s][info ][safepoint      ] Safepoint "Cleanup", Time since last: 1000124836 ns, Reaching safepoint: 9600 ns, Cleanup: 58902 ns, At safepoint: 3100 ns, Total: 71602 ns
[527.771s][info ][safepoint      ] Safepoint "Cleanup", Time since last: 1000122636 ns, Reaching safepoint: 8401 ns, Cleanup: 36501 ns, At safepoint: 2800 ns, Total: 47702 ns
[528.771s][info ][safepoint      ] Safepoint "Cleanup", Time since last: 1000135708 ns, Reaching safepoint: 10400 ns, Cleanup: 37602 ns, At safepoint: 4100 ns, Total: 52102 ns
[530.771s][info ][safepoint      ] Safepoint "Cleanup", Time since last: 2000215398 ns, Reaching safepoint: 8801 ns, Cleanup: 25201 ns, At safepoint: 3700 ns, Total: 37702 ns
[531.771s][info ][safepoint      ] Safepoint "Cleanup", Time since last: 1000140900 ns, Reaching safepoint: 7200 ns, Cleanup: 9101 ns, At safepoint: 2600 ns, Total: 18901 ns
[532.771s][info ][safepoint      ] Safepoint "Cleanup", Time since last: 1000118700 ns, Reaching safepoint: 8100 ns, Cleanup: 19701 ns, At safepoint: 3600 ns, Total: 31401 ns
[533.772s][info ][safepoint      ] Safepoint "Cleanup", Time since last: 1000152601 ns, Reaching safepoint: 8500 ns, Cleanup: 15400 ns, At safepoint: 3201 ns, Total: 27101 ns
[534.772s][info ][safepoint      ] Safepoint "Cleanup", Time since last: 1000135700 ns, Reaching safepoint: 8900 ns, Cleanup: 29501 ns, At safepoint: 3400 ns, Total: 41801 ns
[536.772s][info ][safepoint      ] Safepoint "Cleanup", Time since last: 2000197443 ns, Reaching safepoint: 13900 ns, Cleanup: 42402 ns, At safepoint: 3400 ns, Total: 59702 ns
[537.772s][info ][safepoint      ] Safepoint "Cleanup", Time since last: 1000138658 ns, Reaching safepoint: 8600 ns, Cleanup: 10700 ns, At safepoint: 3001 ns, Total: 22301 ns
[538.772s][info ][safepoint      ] Safepoint "Cleanup", Time since last: 1000121257 ns, Reaching safepoint: 7800 ns, Cleanup: 27101 ns, At safepoint: 2900 ns, Total: 37801 ns
[539.773s][info ][safepoint      ] Safepoint "Cleanup", Time since last: 1000142158 ns, Reaching safepoint: 7700 ns, Cleanup: 18001 ns, At safepoint: 2400 ns, Total: 28101 ns
[541.200s][info ][safepoint      ] Safepoint "Cleanup", Time since last: 1426949275 ns, Reaching safepoint: 6500 ns, Cleanup: 13401 ns, At safepoint: 2500 ns, Total: 22401 ns
[543.200s][info ][safepoint      ] Safepoint "Cleanup", Time since last: 2000189912 ns, Reaching safepoint: 6801 ns, Cleanup: 9900 ns, At safepoint: 2500 ns, Total: 19201 ns
[544.200s][info ][safepoint      ] Safepoint "Cleanup", Time since last: 1000115455 ns, Reaching safepoint: 6800 ns, Cleanup: 11800 ns, At safepoint: 2901 ns, Total: 21501 ns
[546.200s][info ][safepoint      ] Safepoint "Cleanup", Time since last: 2000221390 ns, Reaching safepoint: 7600 ns, Cleanup: 18301 ns, At safepoint: 3000 ns, Total: 28901 ns
[547.200s][info ][safepoint      ] Safepoint "Cleanup", Time since last: 1000112945 ns, Reaching safepoint: 7400 ns, Cleanup: 9601 ns, At safepoint: 2700 ns, Total: 19701 ns
[548.200s][info ][safepoint      ] Safepoint "Cleanup", Time since last: 1000113145 ns, Reaching safepoint: 6500 ns, Cleanup: 9801 ns, At safepoint: 2800 ns, Total: 19101 ns
[554.104s][info ][gc,start       ] GC(18) Pause Young (Allocation Failure)
[554.125s][debug][gc,phases      ] GC(18) Scavenge 21.559ms
[554.126s][debug][gc,ref         ] GC(18) ReferenceProcessor::execute queues: 1, RefProcThreadModel::Single, marks_oops_alive: false
[554.126s][debug][gc,ref         ] GC(18) Skipped KeepAliveFinalRefsPhase of Reference Processing: no references
[554.126s][debug][gc,ref         ] GC(18) ReferenceProcessor::execute queues: 1, RefProcThreadModel::Single, marks_oops_alive: false
[554.126s][debug][gc,phases      ] GC(18) Reference Processing 0.125ms
[554.126s][debug][gc,phases      ] GC(18)   VM Weak                        Min:  0.0, Avg:  0.0, Max:  0.0, Diff:  0.0, Sum:  0.0, Workers: 4
[554.126s][debug][gc,phases      ] GC(18)     Dead                           Min: 0, Avg:  0.0, Max: 0, Diff: 0, Sum: 0, Workers: 4
[554.126s][debug][gc,phases      ] GC(18)     Total                          Min: 0, Avg: 219.5, Max: 640, Diff: 640, Sum: 878, Workers: 4
[554.126s][debug][gc,phases      ] GC(18)   ObjectSynchronizer Weak        Min:  0.0, Avg:  0.0, Max:  0.0, Diff:  0.0, Sum:  0.0, Workers: 4
[554.126s][debug][gc,phases      ] GC(18)     Dead                           Min: 0, Avg:  0.0, Max: 0, Diff: 0, Sum: 0, Workers: 4
[554.126s][debug][gc,phases      ] GC(18)     Total                          Min: 0, Avg:  1.0, Max: 4, Diff: 4, Sum: 4, Workers: 4
[554.126s][debug][gc,phases      ] GC(18)   JVMTI Tag Weak OopStorage      Min:  0.0, Avg:  0.0, Max:  0.0, Diff:  0.0, Sum:  0.0, Workers: 4
[554.126s][debug][gc,phases      ] GC(18)     Dead                           Min: 0, Avg:  0.0, Max: 0, Diff: 0, Sum: 0, Workers: 4
[554.126s][debug][gc,phases      ] GC(18)     Total                          Min: 0, Avg:  0.0, Max: 0, Diff: 0, Sum: 0, Workers: 4
[554.126s][debug][gc,phases      ] GC(18)   StringTable Weak               Min:  0.0, Avg:  0.1, Max:  0.1, Diff:  0.1, Sum:  0.4, Workers: 4
[554.126s][debug][gc,phases      ] GC(18)     Dead                           Min: 0, Avg:  0.2, Max: 1, Diff: 1, Sum: 1, Workers: 4
[554.126s][debug][gc,phases      ] GC(18)     Total                          Min: 0, Avg: 11051.5, Max: 16047, Diff: 16047, Sum: 44206, Workers: 4
[554.126s][debug][gc,phases      ] GC(18)   ResolvedMethodTable Weak       Min:  0.0, Avg:  0.0, Max:  0.1, Diff:  0.1, Sum:  0.1, Workers: 4
[554.126s][debug][gc,phases      ] GC(18)     Dead                           Min: 0, Avg:  5.8, Max: 17, Diff: 17, Sum: 23, Workers: 4
[554.126s][debug][gc,phases      ] GC(18)     Total                          Min: 0, Avg: 3427.5, Max: 4697, Diff: 4697, Sum: 13710, Workers: 4
[554.126s][debug][gc,phases      ] GC(18)   JNI Weak                       Min:  0.0, Avg:  0.0, Max:  0.0, Diff:  0.0, Sum:  0.0, Workers: 4
[554.126s][debug][gc,phases      ] GC(18)     Dead                           Min: 0, Avg:  0.0, Max: 0, Diff: 0, Sum: 0, Workers: 4
[554.126s][debug][gc,phases      ] GC(18)     Total                          Min: 0, Avg: 13.0, Max: 52, Diff: 52, Sum: 52, Workers: 4
[554.126s][debug][gc,phases      ] GC(18)   StringDedup Table Weak         Min:  0.0, Avg:  0.0, Max:  0.0, Diff:  0.0, Sum:  0.0, Workers: 4
[554.126s][debug][gc,phases      ] GC(18)     Dead                           Min: 0, Avg:  0.0, Max: 0, Diff: 0, Sum: 0, Workers: 4
[554.126s][debug][gc,phases      ] GC(18)     Total                          Min: 0, Avg:  0.0, Max: 0, Diff: 0, Sum: 0, Workers: 4
[554.126s][debug][gc,phases      ] GC(18)   StringDedup Requests0 Weak     Min:  0.0, Avg:  0.0, Max:  0.0, Diff:  0.0, Sum:  0.0, Workers: 4
[554.126s][debug][gc,phases      ] GC(18)     Dead                           Min: 0, Avg:  0.0, Max: 0, Diff: 0, Sum: 0, Workers: 4
[554.126s][debug][gc,phases      ] GC(18)     Total                          Min: 0, Avg:  0.0, Max: 0, Diff: 0, Sum: 0, Workers: 4
[554.126s][debug][gc,phases      ] GC(18)   StringDedup Requests1 Weak     Min:  0.0, Avg:  0.0, Max:  0.0, Diff:  0.0, Sum:  0.0, Workers: 4
[554.126s][debug][gc,phases      ] GC(18)     Dead                           Min: 0, Avg:  0.0, Max: 0, Diff: 0, Sum: 0, Workers: 4
[554.126s][debug][gc,phases      ] GC(18)     Total                          Min: 0, Avg:  0.0, Max: 0, Diff: 0, Sum: 0, Workers: 4
[554.126s][debug][gc,phases      ] GC(18)   Weak JFR Old Object Samples    Min:  0.0, Avg:  0.0, Max:  0.0, Diff:  0.0, Sum:  0.0, Workers: 4
[554.126s][debug][gc,phases      ] GC(18)     Dead                           Min: 0, Avg:  0.0, Max: 0, Diff: 0, Sum: 0, Workers: 4
[554.126s][debug][gc,phases      ] GC(18)     Total                          Min: 0, Avg:  0.0, Max: 0, Diff: 0, Sum: 0, Workers: 4
[554.126s][debug][gc,phases      ] GC(18) Weak Processing 0.467ms
[554.126s][debug][gc,age         ] GC(18) Desired survivor size 231735296 bytes, new threshold 1 (max threshold 15)
[554.126s][info ][gc,heap        ] GC(18) PSYoungGen: 1633728K(1860608K)->30933K(1852928K) Eden: 1616384K(1616384K)->0K(1616384K) From: 17344K(244224K)->30933K(236544K)
[554.126s][info ][gc,heap        ] GC(18) ParOldGen: 251326K(251392K)->266606K(266752K)
[554.126s][info ][gc,metaspace   ] GC(18) Metaspace: 100485K(101632K)->100485K(101632K) NonClass: 85380K(86016K)->85380K(86016K) Class: 15104K(15616K)->15104K(15616K)
[554.126s][info ][gc             ] GC(18) Pause Young (Allocation Failure) 1840M->290M(2070M) 22.303ms
[554.126s][info ][gc,cpu         ] GC(18) User=0.07s Sys=0.01s Real=0.03s
[554.126s][info ][safepoint      ] Safepoint "ParallelGCFailedAllocation", Time since last: 5903373435 ns, Reaching safepoint: 45502 ns, Cleanup: 4800 ns, At safepoint: 22390898 ns, Total: 22441200 ns
[556.126s][info ][safepoint      ] Safepoint "Cleanup", Time since last: 2000171420 ns, Reaching safepoint: 7900 ns, Cleanup: 12300 ns, At safepoint: 2601 ns, Total: 22801 ns
[557.127s][info ][safepoint      ] Safepoint "Cleanup", Time since last: 1000131661 ns, Reaching safepoint: 10400 ns, Cleanup: 14301 ns, At safepoint: 4300 ns, Total: 29001 ns
[558.127s][info ][safepoint      ] Safepoint "Cleanup", Time since last: 1000124761 ns, Reaching safepoint: 7700 ns, Cleanup: 11901 ns, At safepoint: 3700 ns, Total: 23301 ns
[559.127s][info ][safepoint      ] Safepoint "Cleanup", Time since last: 1000163962 ns, Reaching safepoint: 8801 ns, Cleanup: 14200 ns, At safepoint: 3700 ns, Total: 26701 ns
[560.127s][info ][safepoint      ] Safepoint "Cleanup", Time since last: 1000124261 ns, Reaching safepoint: 8100 ns, Cleanup: 22801 ns, At safepoint: 2900 ns, Total: 33801 ns
[561.127s][info ][safepoint      ] Safepoint "Cleanup", Time since last: 1000114260 ns, Reaching safepoint: 7901 ns, Cleanup: 12000 ns, At safepoint: 2700 ns, Total: 22601 ns
[562.127s][info ][safepoint      ] Safepoint "Cleanup", Time since last: 1000103860 ns, Reaching safepoint: 8900 ns, Cleanup: 17801 ns, At safepoint: 2800 ns, Total: 29501 ns
[564.128s][info ][safepoint      ] Safepoint "Cleanup", Time since last: 2000188219 ns, Reaching safepoint: 7700 ns, Cleanup: 13500 ns, At safepoint: 2901 ns, Total: 24101 ns
[567.128s][info ][safepoint      ] Safepoint "Cleanup", Time since last: 3000271277 ns, Reaching safepoint: 8601 ns, Cleanup: 24100 ns, At safepoint: 3201 ns, Total: 35902 ns
[570.128s][info ][safepoint      ] Safepoint "Cleanup", Time since last: 3000265957 ns, Reaching safepoint: 9000 ns, Cleanup: 13601 ns, At safepoint: 3100 ns, Total: 25701 ns
[572.128s][info ][safepoint      ] Safepoint "Cleanup", Time since last: 2000208709 ns, Reaching safepoint: 9801 ns, Cleanup: 13400 ns, At safepoint: 3500 ns, Total: 26701 ns
[578.129s][info ][safepoint      ] Safepoint "Cleanup", Time since last: 6000520144 ns, Reaching safepoint: 7601 ns, Cleanup: 14800 ns, At safepoint: 3000 ns, Total: 25401 ns
[583.129s][info ][safepoint      ] Safepoint "Cleanup", Time since last: 5000410997 ns, Reaching safepoint: 7100 ns, Cleanup: 13701 ns, At safepoint: 3300 ns, Total: 24101 ns
[585.130s][info ][safepoint      ] Safepoint "Cleanup", Time since last: 2000191336 ns, Reaching safepoint: 7401 ns, Cleanup: 13900 ns, At safepoint: 3200 ns, Total: 24501 ns
[586.130s][info ][safepoint      ] Safepoint "Cleanup", Time since last: 1000139684 ns, Reaching safepoint: 8301 ns, Cleanup: 16700 ns, At safepoint: 2800 ns, Total: 27801 ns
[589.130s][info ][safepoint      ] Safepoint "Cleanup", Time since last: 3000297749 ns, Reaching safepoint: 7500 ns, Cleanup: 18801 ns, At safepoint: 2400 ns, Total: 28701 ns
[590.130s][info ][safepoint      ] Safepoint "Cleanup", Time since last: 1000121084 ns, Reaching safepoint: 10700 ns, Cleanup: 14300 ns, At safepoint: 3001 ns, Total: 28001 ns
[593.131s][info ][safepoint      ] Safepoint "Cleanup", Time since last: 3000277242 ns, Reaching safepoint: 7700 ns, Cleanup: 19901 ns, At safepoint: 3300 ns, Total: 30901 ns
[594.131s][info ][safepoint      ] Safepoint "Cleanup", Time since last: 1000110978 ns, Reaching safepoint: 8401 ns, Cleanup: 11800 ns, At safepoint: 3000 ns, Total: 23201 ns
[595.131s][info ][safepoint      ] Safepoint "Cleanup", Time since last: 1000122079 ns, Reaching safepoint: 7900 ns, Cleanup: 14100 ns, At safepoint: 2901 ns, Total: 24901 ns
[596.131s][info ][safepoint      ] Safepoint "Cleanup", Time since last: 1000127478 ns, Reaching safepoint: 10701 ns, Cleanup: 34801 ns, At safepoint: 3400 ns, Total: 48902 ns
[597.131s][info ][safepoint      ] Safepoint "Cleanup", Time since last: 1000125379 ns, Reaching safepoint: 8600 ns, Cleanup: 14601 ns, At safepoint: 3200 ns, Total: 26401 ns
[598.131s][info ][safepoint      ] Safepoint "Cleanup", Time since last: 1000121778 ns, Reaching safepoint: 8101 ns, Cleanup: 14700 ns, At safepoint: 3400 ns, Total: 26201 ns
[599.131s][info ][safepoint      ] Safepoint "Cleanup", Time since last: 1000151080 ns, Reaching safepoint: 7300 ns, Cleanup: 14101 ns, At safepoint: 3800 ns, Total: 25201 ns
[600.132s][info ][safepoint      ] Safepoint "Cleanup", Time since last: 1000119980 ns, Reaching safepoint: 7301 ns, Cleanup: 13100 ns, At safepoint: 3400 ns, Total: 23801 ns
[612.218s][info ][safepoint      ] Safepoint "Cleanup", Time since last: 12086543638 ns, Reaching safepoint: 6700 ns, Cleanup: 10401 ns, At safepoint: 2900 ns, Total: 20001 ns
[613.218s][info ][safepoint      ] Safepoint "Cleanup", Time since last: 1000118381 ns, Reaching safepoint: 7400 ns, Cleanup: 67503 ns, At safepoint: 3200 ns, Total: 78103 ns
[617.219s][info ][safepoint      ] Safepoint "Cleanup", Time since last: 4000331609 ns, Reaching safepoint: 6700 ns, Cleanup: 18301 ns, At safepoint: 2600 ns, Total: 27601 ns
[619.219s][info ][safepoint      ] Safepoint "Cleanup", Time since last: 2000181873 ns, Reaching safepoint: 7500 ns, Cleanup: 13501 ns, At safepoint: 2800 ns, Total: 23801 ns
[620.219s][info ][safepoint      ] Safepoint "Cleanup", Time since last: 1000101237 ns, Reaching safepoint: 6600 ns, Cleanup: 10700 ns, At safepoint: 2601 ns, Total: 19901 ns
[622.219s][info ][safepoint      ] Safepoint "Cleanup", Time since last: 2000188273 ns, Reaching safepoint: 7600 ns, Cleanup: 11901 ns, At safepoint: 3000 ns, Total: 22501 ns
[622.408s][info ][gc,start       ] GC(19) Pause Young (Allocation Failure)
[622.430s][debug][gc,phases      ] GC(19) Scavenge 21.939ms
[622.430s][debug][gc,ref         ] GC(19) ReferenceProcessor::execute queues: 1, RefProcThreadModel::Single, marks_oops_alive: false
[622.430s][debug][gc,ref         ] GC(19) Skipped KeepAliveFinalRefsPhase of Reference Processing: no references
[622.430s][debug][gc,ref         ] GC(19) ReferenceProcessor::execute queues: 1, RefProcThreadModel::Single, marks_oops_alive: false
[622.430s][debug][gc,phases      ] GC(19) Reference Processing 0.119ms
[622.431s][debug][gc,phases      ] GC(19)   VM Weak                        Min:  0.0, Avg:  0.0, Max:  0.0, Diff:  0.0, Sum:  0.0, Workers: 4
[622.431s][debug][gc,phases      ] GC(19)     Dead                           Min: 0, Avg:  0.0, Max: 0, Diff: 0, Sum: 0, Workers: 4
[622.431s][debug][gc,phases      ] GC(19)     Total                          Min: 0, Avg: 219.5, Max: 878, Diff: 878, Sum: 878, Workers: 4
[622.431s][debug][gc,phases      ] GC(19)   ObjectSynchronizer Weak        Min:  0.0, Avg:  0.0, Max:  0.0, Diff:  0.0, Sum:  0.0, Workers: 4
[622.431s][debug][gc,phases      ] GC(19)     Dead                           Min: 0, Avg:  0.0, Max: 0, Diff: 0, Sum: 0, Workers: 4
[622.431s][debug][gc,phases      ] GC(19)     Total                          Min: 0, Avg:  1.0, Max: 4, Diff: 4, Sum: 4, Workers: 4
[622.431s][debug][gc,phases      ] GC(19)   JVMTI Tag Weak OopStorage      Min:  0.0, Avg:  0.0, Max:  0.0, Diff:  0.0, Sum:  0.0, Workers: 4
[622.431s][debug][gc,phases      ] GC(19)     Dead                           Min: 0, Avg:  0.0, Max: 0, Diff: 0, Sum: 0, Workers: 4
[622.431s][debug][gc,phases      ] GC(19)     Total                          Min: 0, Avg:  0.0, Max: 0, Diff: 0, Sum: 0, Workers: 4
[622.431s][debug][gc,phases      ] GC(19)   StringTable Weak               Min:  0.0, Avg:  0.1, Max:  0.2, Diff:  0.2, Sum:  0.4, Workers: 4
[622.431s][debug][gc,phases      ] GC(19)     Dead                           Min: 0, Avg:  0.0, Max: 0, Diff: 0, Sum: 0, Workers: 4
[622.431s][debug][gc,phases      ] GC(19)     Total                          Min: 0, Avg: 11057.0, Max: 15488, Diff: 15488, Sum: 44228, Workers: 4
[622.431s][debug][gc,phases      ] GC(19)   ResolvedMethodTable Weak       Min:  0.0, Avg:  0.0, Max:  0.0, Diff:  0.0, Sum:  0.1, Workers: 4
[622.431s][debug][gc,phases      ] GC(19)     Dead                           Min: 0, Avg:  4.0, Max: 16, Diff: 16, Sum: 16, Workers: 4
[622.431s][debug][gc,phases      ] GC(19)     Total                          Min: 0, Avg: 3428.2, Max: 4867, Diff: 4867, Sum: 13713, Workers: 4
[622.431s][debug][gc,phases      ] GC(19)   JNI Weak                       Min:  0.0, Avg:  0.0, Max:  0.0, Diff:  0.0, Sum:  0.0, Workers: 4
[622.431s][debug][gc,phases      ] GC(19)     Dead                           Min: 0, Avg:  0.0, Max: 0, Diff: 0, Sum: 0, Workers: 4
[622.431s][debug][gc,phases      ] GC(19)     Total                          Min: 0, Avg: 13.0, Max: 52, Diff: 52, Sum: 52, Workers: 4
[622.431s][debug][gc,phases      ] GC(19)   StringDedup Table Weak         Min:  0.0, Avg:  0.0, Max:  0.0, Diff:  0.0, Sum:  0.0, Workers: 4
[622.431s][debug][gc,phases      ] GC(19)     Dead                           Min: 0, Avg:  0.0, Max: 0, Diff: 0, Sum: 0, Workers: 4
[622.431s][debug][gc,phases      ] GC(19)     Total                          Min: 0, Avg:  0.0, Max: 0, Diff: 0, Sum: 0, Workers: 4
[622.431s][debug][gc,phases      ] GC(19)   StringDedup Requests0 Weak     Min:  0.0, Avg:  0.0, Max:  0.0, Diff:  0.0, Sum:  0.0, Workers: 4
[622.431s][debug][gc,phases      ] GC(19)     Dead                           Min: 0, Avg:  0.0, Max: 0, Diff: 0, Sum: 0, Workers: 4
[622.431s][debug][gc,phases      ] GC(19)     Total                          Min: 0, Avg:  0.0, Max: 0, Diff: 0, Sum: 0, Workers: 4
[622.431s][debug][gc,phases      ] GC(19)   StringDedup Requests1 Weak     Min:  0.0, Avg:  0.0, Max:  0.0, Diff:  0.0, Sum:  0.0, Workers: 4
[622.431s][debug][gc,phases      ] GC(19)     Dead                           Min: 0, Avg:  0.0, Max: 0, Diff: 0, Sum: 0, Workers: 4
[622.431s][debug][gc,phases      ] GC(19)     Total                          Min: 0, Avg:  0.0, Max: 0, Diff: 0, Sum: 0, Workers: 4
[622.431s][debug][gc,phases      ] GC(19)   Weak JFR Old Object Samples    Min:  0.0, Avg:  0.0, Max:  0.0, Diff:  0.0, Sum:  0.0, Workers: 4
[622.431s][debug][gc,phases      ] GC(19)     Dead                           Min: 0, Avg:  0.0, Max: 0, Diff: 0, Sum: 0, Workers: 4
[622.431s][debug][gc,phases      ] GC(19)     Total                          Min: 0, Avg:  0.0, Max: 0, Diff: 0, Sum: 0, Workers: 4
[622.431s][debug][gc,phases      ] GC(19) Weak Processing 0.446ms
[622.431s][debug][gc,age         ] GC(19) Desired survivor size 224919552 bytes, new threshold 1 (max threshold 15)
[622.431s][info ][gc,heap        ] GC(19) PSYoungGen: 1647317K(1852928K)->7616K(1877504K) Eden: 1616384K(1616384K)->0K(1651200K) From: 30933K(236544K)->7616K(226304K)
[622.431s][info ][gc,heap        ] GC(19) ParOldGen: 266606K(266752K)->294690K(294912K)
[622.431s][info ][gc,metaspace   ] GC(19) Metaspace: 100560K(101696K)->100560K(101696K) NonClass: 85455K(86080K)->85455K(86080K) Class: 15105K(15616K)->15105K(15616K)
[622.431s][info ][gc             ] GC(19) Pause Young (Allocation Failure) 1869M->295M(2121M) 22.648ms
[622.431s][info ][gc,cpu         ] GC(19) User=0.05s Sys=0.02s Real=0.02s
[622.431s][info ][safepoint      ] Safepoint "ParallelGCFailedAllocation", Time since last: 188848529 ns, Reaching safepoint: 7300 ns, Cleanup: 4900 ns, At safepoint: 22731710 ns, Total: 22743910 ns
[623.431s][info ][safepoint      ] Safepoint "Cleanup", Time since last: 1000090837 ns, Reaching safepoint: 7500 ns, Cleanup: 10501 ns, At safepoint: 2800 ns, Total: 20801 ns
[625.431s][info ][safepoint      ] Safepoint "Cleanup", Time since last: 2000185488 ns, Reaching safepoint: 9300 ns, Cleanup: 18601 ns, At safepoint: 3500 ns, Total: 31401 ns
[629.432s][info ][safepoint      ] Safepoint "Cleanup", Time since last: 4000321690 ns, Reaching safepoint: 7500 ns, Cleanup: 10801 ns, At safepoint: 3400 ns, Total: 21701 ns
[631.432s][info ][safepoint      ] Safepoint "Cleanup", Time since last: 2000199146 ns, Reaching safepoint: 7901 ns, Cleanup: 13000 ns, At safepoint: 3700 ns, Total: 24601 ns
[632.432s][info ][safepoint      ] Safepoint "Cleanup", Time since last: 1000122091 ns, Reaching safepoint: 7901 ns, Cleanup: 11100 ns, At safepoint: 2800 ns, Total: 21801 ns
[633.432s][info ][safepoint      ] Safepoint "Cleanup", Time since last: 1000127127 ns, Reaching safepoint: 7400 ns, Cleanup: 13100 ns, At safepoint: 2700 ns, Total: 23200 ns
[634.432s][info ][safepoint      ] Safepoint "Cleanup", Time since last: 1000121127 ns, Reaching safepoint: 7300 ns, Cleanup: 12801 ns, At safepoint: 3100 ns, Total: 23201 ns
[636.432s][info ][safepoint      ] Safepoint "Cleanup", Time since last: 2000236552 ns, Reaching safepoint: 7800 ns, Cleanup: 11901 ns, At safepoint: 3100 ns, Total: 22801 ns
[637.433s][info ][safepoint      ] Safepoint "Cleanup", Time since last: 1000117926 ns, Reaching safepoint: 8801 ns, Cleanup: 20000 ns, At safepoint: 3400 ns, Total: 32201 ns
[638.433s][info ][safepoint      ] Safepoint "Cleanup", Time since last: 1000121227 ns, Reaching safepoint: 8100 ns, Cleanup: 15201 ns, At safepoint: 2600 ns, Total: 25901 ns
[639.433s][info ][safepoint      ] Safepoint "Cleanup", Time since last: 1000122126 ns, Reaching safepoint: 8400 ns, Cleanup: 13001 ns, At safepoint: 3400 ns, Total: 24801 ns
[640.433s][info ][safepoint      ] Safepoint "Cleanup", Time since last: 1000122028 ns, Reaching safepoint: 8600 ns, Cleanup: 14600 ns, At safepoint: 3201 ns, Total: 26401 ns
[641.433s][info ][safepoint      ] Safepoint "Cleanup", Time since last: 1000131630 ns, Reaching safepoint: 8600 ns, Cleanup: 14901 ns, At safepoint: 3800 ns, Total: 27301 ns
[642.433s][info ][safepoint      ] Safepoint "Cleanup", Time since last: 1000127030 ns, Reaching safepoint: 9701 ns, Cleanup: 16300 ns, At safepoint: 3100 ns, Total: 29101 ns
[643.434s][info ][safepoint      ] Safepoint "Cleanup", Time since last: 1000132231 ns, Reaching safepoint: 8000 ns, Cleanup: 12100 ns, At safepoint: 3101 ns, Total: 23201 ns
[652.434s][info ][safepoint      ] Safepoint "Cleanup", Time since last: 9000775308 ns, Reaching safepoint: 8600 ns, Cleanup: 13301 ns, At safepoint: 3400 ns, Total: 25301 ns
[653.434s][info ][safepoint      ] Safepoint "Cleanup", Time since last: 1000130195 ns, Reaching safepoint: 8700 ns, Cleanup: 13501 ns, At safepoint: 3200 ns, Total: 25401 ns
[654.435s][info ][safepoint      ] Safepoint "Cleanup", Time since last: 1000118695 ns, Reaching safepoint: 7400 ns, Cleanup: 11401 ns, At safepoint: 2700 ns, Total: 21501 ns
[668.237s][info ][safepoint      ] Safepoint "Cleanup", Time since last: 13802099463 ns, Reaching safepoint: 8601 ns, Cleanup: 11300 ns, At safepoint: 2900 ns, Total: 22801 ns
[674.237s][info ][safepoint      ] Safepoint "Cleanup", Time since last: 6000466870 ns, Reaching safepoint: 8100 ns, Cleanup: 12300 ns, At safepoint: 3201 ns, Total: 23601 ns
[675.237s][info ][safepoint      ] Safepoint "Cleanup", Time since last: 1000133405 ns, Reaching safepoint: 8200 ns, Cleanup: 13301 ns, At safepoint: 4200 ns, Total: 25701 ns
[676.238s][info ][safepoint      ] Safepoint "Cleanup", Time since last: 1000124105 ns, Reaching safepoint: 7901 ns, Cleanup: 16700 ns, At safepoint: 3300 ns, Total: 27901 ns
[678.238s][info ][safepoint      ] Safepoint "Cleanup", Time since last: 2000193809 ns, Reaching safepoint: 7900 ns, Cleanup: 11701 ns, At safepoint: 30501 ns, Total: 50102 ns
[680.238s][info ][safepoint      ] Safepoint "Cleanup", Time since last: 2000189708 ns, Reaching safepoint: 7400 ns, Cleanup: 12901 ns, At safepoint: 3200 ns, Total: 23501 ns
[689.239s][info ][safepoint      ] Safepoint "Cleanup", Time since last: 9000881805 ns, Reaching safepoint: 7201 ns, Cleanup: 12900 ns, At safepoint: 3100 ns, Total: 23201 ns
[693.239s][info ][safepoint      ] Safepoint "Cleanup", Time since last: 4000361089 ns, Reaching safepoint: 8301 ns, Cleanup: 14500 ns, At safepoint: 2900 ns, Total: 25701 ns
[694.239s][info ][safepoint      ] Safepoint "Cleanup", Time since last: 1000116799 ns, Reaching safepoint: 7300 ns, Cleanup: 14600 ns, At safepoint: 2801 ns, Total: 24701 ns
[700.240s][info ][safepoint      ] Safepoint "Cleanup", Time since last: 6000513055 ns, Reaching safepoint: 7200 ns, Cleanup: 12700 ns, At safepoint: 3801 ns, Total: 23701 ns
[701.240s][info ][safepoint      ] Safepoint "Cleanup", Time since last: 1000122491 ns, Reaching safepoint: 7200 ns, Cleanup: 12601 ns, At safepoint: 3700 ns, Total: 23501 ns
[703.240s][info ][safepoint      ] Safepoint "Cleanup", Time since last: 2000263084 ns, Reaching safepoint: 8600 ns, Cleanup: 15001 ns, At safepoint: 3600 ns, Total: 27201 ns
[704.241s][info ][safepoint      ] Safepoint "Cleanup", Time since last: 1000152383 ns, Reaching safepoint: 8500 ns, Cleanup: 12000 ns, At safepoint: 3201 ns, Total: 23701 ns
[705.241s][info ][safepoint      ] Safepoint "Cleanup", Time since last: 1000116087 ns, Reaching safepoint: 6900 ns, Cleanup: 10401 ns, At safepoint: 3300 ns, Total: 20601 ns
[706.660s][info ][gc,start       ] GC(20) Pause Young (Allocation Failure)
[706.666s][debug][gc,phases      ] GC(20) Scavenge 5.618ms
[706.666s][debug][gc,ref         ] GC(20) ReferenceProcessor::execute queues: 1, RefProcThreadModel::Single, marks_oops_alive: false
[706.666s][debug][gc,ref         ] GC(20) Skipped KeepAliveFinalRefsPhase of Reference Processing: no references
[706.666s][debug][gc,ref         ] GC(20) ReferenceProcessor::execute queues: 1, RefProcThreadModel::Single, marks_oops_alive: false
[706.666s][debug][gc,phases      ] GC(20) Reference Processing 0.119ms
[706.667s][debug][gc,phases      ] GC(20)   VM Weak                        Min:  0.0, Avg:  0.0, Max:  0.0, Diff:  0.0, Sum:  0.0, Workers: 4
[706.667s][debug][gc,phases      ] GC(20)     Dead                           Min: 0, Avg:  0.0, Max: 0, Diff: 0, Sum: 0, Workers: 4
[706.667s][debug][gc,phases      ] GC(20)     Total                          Min: 0, Avg: 219.5, Max: 750, Diff: 750, Sum: 878, Workers: 4
[706.667s][debug][gc,phases      ] GC(20)   ObjectSynchronizer Weak        Min:  0.0, Avg:  0.0, Max:  0.0, Diff:  0.0, Sum:  0.0, Workers: 4
[706.667s][debug][gc,phases      ] GC(20)     Dead                           Min: 0, Avg:  0.0, Max: 0, Diff: 0, Sum: 0, Workers: 4
[706.667s][debug][gc,phases      ] GC(20)     Total                          Min: 0, Avg:  0.8, Max: 3, Diff: 3, Sum: 3, Workers: 4
[706.667s][debug][gc,phases      ] GC(20)   JVMTI Tag Weak OopStorage      Min:  0.0, Avg:  0.0, Max:  0.0, Diff:  0.0, Sum:  0.0, Workers: 4
[706.667s][debug][gc,phases      ] GC(20)     Dead                           Min: 0, Avg:  0.0, Max: 0, Diff: 0, Sum: 0, Workers: 4
[706.667s][debug][gc,phases      ] GC(20)     Total                          Min: 0, Avg:  0.0, Max: 0, Diff: 0, Sum: 0, Workers: 4
[706.667s][debug][gc,phases      ] GC(20)   StringTable Weak               Min:  0.0, Avg:  0.1, Max:  0.1, Diff:  0.1, Sum:  0.4, Workers: 4
[706.667s][debug][gc,phases      ] GC(20)     Dead                           Min: 0, Avg:  0.0, Max: 0, Diff: 0, Sum: 0, Workers: 4
[706.667s][debug][gc,phases      ] GC(20)     Total                          Min: 0, Avg: 11058.0, Max: 15104, Diff: 15104, Sum: 44232, Workers: 4
[706.667s][debug][gc,phases      ] GC(20)   ResolvedMethodTable Weak       Min:  0.0, Avg:  0.0, Max:  0.1, Diff:  0.1, Sum:  0.2, Workers: 4
[706.667s][debug][gc,phases      ] GC(20)     Dead                           Min: 0, Avg:  4.0, Max: 16, Diff: 16, Sum: 16, Workers: 4
[706.667s][debug][gc,phases      ] GC(20)     Total                          Min: 0, Avg: 3428.5, Max: 4699, Diff: 4699, Sum: 13714, Workers: 4
[706.667s][debug][gc,phases      ] GC(20)   JNI Weak                       Min:  0.0, Avg:  0.0, Max:  0.0, Diff:  0.0, Sum:  0.0, Workers: 4
[706.667s][debug][gc,phases      ] GC(20)     Dead                           Min: 0, Avg:  0.0, Max: 0, Diff: 0, Sum: 0, Workers: 4
[706.667s][debug][gc,phases      ] GC(20)     Total                          Min: 0, Avg: 13.0, Max: 52, Diff: 52, Sum: 52, Workers: 4
[706.667s][debug][gc,phases      ] GC(20)   StringDedup Table Weak         Min:  0.0, Avg:  0.0, Max:  0.0, Diff:  0.0, Sum:  0.0, Workers: 4
[706.667s][debug][gc,phases      ] GC(20)     Dead                           Min: 0, Avg:  0.0, Max: 0, Diff: 0, Sum: 0, Workers: 4
[706.667s][debug][gc,phases      ] GC(20)     Total                          Min: 0, Avg:  0.0, Max: 0, Diff: 0, Sum: 0, Workers: 4
[706.667s][debug][gc,phases      ] GC(20)   StringDedup Requests0 Weak     Min:  0.0, Avg:  0.0, Max:  0.0, Diff:  0.0, Sum:  0.0, Workers: 4
[706.667s][debug][gc,phases      ] GC(20)     Dead                           Min: 0, Avg:  0.0, Max: 0, Diff: 0, Sum: 0, Workers: 4
[706.667s][debug][gc,phases      ] GC(20)     Total                          Min: 0, Avg:  0.0, Max: 0, Diff: 0, Sum: 0, Workers: 4
[706.667s][debug][gc,phases      ] GC(20)   StringDedup Requests1 Weak     Min:  0.0, Avg:  0.0, Max:  0.0, Diff:  0.0, Sum:  0.0, Workers: 4
[706.667s][debug][gc,phases      ] GC(20)     Dead                           Min: 0, Avg:  0.0, Max: 0, Diff: 0, Sum: 0, Workers: 4
[706.667s][debug][gc,phases      ] GC(20)     Total                          Min: 0, Avg:  0.0, Max: 0, Diff: 0, Sum: 0, Workers: 4
[706.667s][debug][gc,phases      ] GC(20)   Weak JFR Old Object Samples    Min:  0.0, Avg:  0.0, Max:  0.0, Diff:  0.0, Sum:  0.0, Workers: 4
[706.667s][debug][gc,phases      ] GC(20)     Dead                           Min: 0, Avg:  0.0, Max: 0, Diff: 0, Sum: 0, Workers: 4
[706.667s][debug][gc,phases      ] GC(20)     Total                          Min: 0, Avg:  0.0, Max: 0, Diff: 0, Sum: 0, Workers: 4
[706.667s][debug][gc,phases      ] GC(20) Weak Processing 0.461ms
[706.667s][debug][gc,age         ] GC(20) Desired survivor size 218103808 bytes, new threshold 1 (max threshold 15)
[706.667s][info ][gc,heap        ] GC(20) PSYoungGen: 1658816K(1877504K)->3376K(1870848K) Eden: 1651200K(1651200K)->0K(1651200K) From: 7616K(226304K)->3376K(219648K)
[706.667s][info ][gc,heap        ] GC(20) ParOldGen: 294690K(294912K)->299818K(300032K)
[706.667s][info ][gc,metaspace   ] GC(20) Metaspace: 100595K(101824K)->100595K(101824K) NonClass: 85488K(86208K)->85488K(86208K) Class: 15106K(15616K)->15106K(15616K)
[706.667s][info ][gc             ] GC(20) Pause Young (Allocation Failure) 1907M->296M(2120M) 6.361ms
[706.667s][info ][gc,cpu         ] GC(20) User=0.02s Sys=0.00s Real=0.01s
[706.667s][info ][safepoint      ] Safepoint "ParallelGCFailedAllocation", Time since last: 1419569229 ns, Reaching safepoint: 77802 ns, Cleanup: 3900 ns, At safepoint: 6447429 ns, Total: 6529131 ns
[718.668s][info ][safepoint      ] Safepoint "Cleanup", Time since last: 12000868647 ns, Reaching safepoint: 5700 ns, Cleanup: 9300 ns, At safepoint: 2500 ns, Total: 17500 ns
[759.671s][info ][safepoint      ] Safepoint "Cleanup", Time since last: 41003059660 ns, Reaching safepoint: 9601 ns, Cleanup: 13200 ns, At safepoint: 3400 ns, Total: 26201 ns
[760.671s][info ][safepoint      ] Safepoint "Cleanup", Time since last: 1000142407 ns, Reaching safepoint: 8100 ns, Cleanup: 12701 ns, At safepoint: 3400 ns, Total: 24201 ns
[768.037s][info ][gc,start       ] GC(21) Pause Young (CodeCache GC Threshold)
[768.040s][debug][gc,phases      ] GC(21) Scavenge 2.823ms
[768.040s][debug][gc,ref         ] GC(21) ReferenceProcessor::execute queues: 1, RefProcThreadModel::Single, marks_oops_alive: false
[768.040s][debug][gc,ref         ] GC(21) Skipped KeepAliveFinalRefsPhase of Reference Processing: no references
[768.040s][debug][gc,ref         ] GC(21) Skipped PhantomRefsPhase of Reference Processing: no references
[768.040s][debug][gc,phases      ] GC(21) Reference Processing 0.128ms
[768.040s][debug][gc,phases      ] GC(21)   VM Weak                        Min:  0.0, Avg:  0.0, Max:  0.0, Diff:  0.0, Sum:  0.0, Workers: 4
[768.040s][debug][gc,phases      ] GC(21)     Dead                           Min: 0, Avg:  0.0, Max: 0, Diff: 0, Sum: 0, Workers: 4
[768.040s][debug][gc,phases      ] GC(21)     Total                          Min: 0, Avg: 219.5, Max: 832, Diff: 832, Sum: 878, Workers: 4
[768.040s][debug][gc,phases      ] GC(21)   ObjectSynchronizer Weak        Min:  0.0, Avg:  0.0, Max:  0.0, Diff:  0.0, Sum:  0.0, Workers: 4
[768.040s][debug][gc,phases      ] GC(21)     Dead                           Min: 0, Avg:  0.0, Max: 0, Diff: 0, Sum: 0, Workers: 4
[768.040s][debug][gc,phases      ] GC(21)     Total                          Min: 0, Avg:  0.8, Max: 3, Diff: 3, Sum: 3, Workers: 4
[768.040s][debug][gc,phases      ] GC(21)   JVMTI Tag Weak OopStorage      Min:  0.0, Avg:  0.0, Max:  0.0, Diff:  0.0, Sum:  0.0, Workers: 4
[768.040s][debug][gc,phases      ] GC(21)     Dead                           Min: 0, Avg:  0.0, Max: 0, Diff: 0, Sum: 0, Workers: 4
[768.040s][debug][gc,phases      ] GC(21)     Total                          Min: 0, Avg:  0.0, Max: 0, Diff: 0, Sum: 0, Workers: 4
[768.040s][debug][gc,phases      ] GC(21)   StringTable Weak               Min:  0.1, Avg:  0.1, Max:  0.1, Diff:  0.1, Sum:  0.5, Workers: 4
[768.040s][debug][gc,phases      ] GC(21)     Dead                           Min: 0, Avg:  0.0, Max: 0, Diff: 0, Sum: 0, Workers: 4
[768.040s][debug][gc,phases      ] GC(21)     Total                          Min: 8192, Avg: 11058.0, Max: 12360, Diff: 4168, Sum: 44232, Workers: 4
[768.040s][debug][gc,phases      ] GC(21)   ResolvedMethodTable Weak       Min:  0.2, Avg:  0.2, Max:  0.2, Diff:  0.0, Sum:  0.8, Workers: 4
[768.040s][debug][gc,phases      ] GC(21)     Dead                           Min: 0, Avg:  4.0, Max: 16, Diff: 16, Sum: 16, Workers: 4
[768.040s][debug][gc,phases      ] GC(21)     Total                          Min: 2992, Avg: 3428.5, Max: 3875, Diff: 883, Sum: 13714, Workers: 4
[768.040s][debug][gc,phases      ] GC(21)   JNI Weak                       Min:  0.0, Avg:  0.0, Max:  0.0, Diff:  0.0, Sum:  0.0, Workers: 4
[768.040s][debug][gc,phases      ] GC(21)     Dead                           Min: 0, Avg:  0.0, Max: 0, Diff: 0, Sum: 0, Workers: 4
[768.040s][debug][gc,phases      ] GC(21)     Total                          Min: 0, Avg: 13.2, Max: 53, Diff: 53, Sum: 53, Workers: 4
[768.040s][debug][gc,phases      ] GC(21)   StringDedup Table Weak         Min:  0.0, Avg:  0.0, Max:  0.0, Diff:  0.0, Sum:  0.0, Workers: 4
[768.040s][debug][gc,phases      ] GC(21)     Dead                           Min: 0, Avg:  0.0, Max: 0, Diff: 0, Sum: 0, Workers: 4
[768.040s][debug][gc,phases      ] GC(21)     Total                          Min: 0, Avg:  0.0, Max: 0, Diff: 0, Sum: 0, Workers: 4
[768.040s][debug][gc,phases      ] GC(21)   StringDedup Requests0 Weak     Min:  0.0, Avg:  0.0, Max:  0.0, Diff:  0.0, Sum:  0.0, Workers: 4
[768.040s][debug][gc,phases      ] GC(21)     Dead                           Min: 0, Avg:  0.0, Max: 0, Diff: 0, Sum: 0, Workers: 4
[768.040s][debug][gc,phases      ] GC(21)     Total                          Min: 0, Avg:  0.0, Max: 0, Diff: 0, Sum: 0, Workers: 4
[768.040s][debug][gc,phases      ] GC(21)   StringDedup Requests1 Weak     Min:  0.0, Avg:  0.0, Max:  0.0, Diff:  0.0, Sum:  0.0, Workers: 4
[768.040s][debug][gc,phases      ] GC(21)     Dead                           Min: 0, Avg:  0.0, Max: 0, Diff: 0, Sum: 0, Workers: 4
[768.040s][debug][gc,phases      ] GC(21)     Total                          Min: 0, Avg:  0.0, Max: 0, Diff: 0, Sum: 0, Workers: 4
[768.040s][debug][gc,phases      ] GC(21)   Weak JFR Old Object Samples    Min:  0.0, Avg:  0.0, Max:  0.0, Diff:  0.0, Sum:  0.0, Workers: 4
[768.040s][debug][gc,phases      ] GC(21)     Dead                           Min: 0, Avg:  0.0, Max: 0, Diff: 0, Sum: 0, Workers: 4
[768.040s][debug][gc,phases      ] GC(21)     Total                          Min: 0, Avg:  0.0, Max: 0, Diff: 0, Sum: 0, Workers: 4
[768.040s][debug][gc,phases      ] GC(21) Weak Processing 0.590ms
[768.040s][debug][gc,age         ] GC(21) Desired survivor size 210763776 bytes, new threshold 1 (max threshold 15)
[768.040s][info ][gc,heap        ] GC(21) PSYoungGen: 1128378K(1870848K)->1568K(1891328K) Eden: 1125002K(1651200K)->0K(1678336K) From: 3376K(219648K)->1568K(212992K)
[768.040s][info ][gc,heap        ] GC(21) ParOldGen: 299818K(300032K)->301634K(302080K)
[768.040s][info ][gc,metaspace   ] GC(21) Metaspace: 100606K(101824K)->100606K(101824K) NonClass: 85499K(86208K)->85499K(86208K) Class: 15106K(15616K)->15106K(15616K)
[768.041s][info ][gc             ] GC(21) Pause Young (CodeCache GC Threshold) 1394M->296M(2142M) 3.674ms
[768.041s][info ][gc,cpu         ] GC(21) User=0.01s Sys=0.00s Real=0.00s
[768.041s][debug][gc,phases      ] GC(22) Pre Compact 0.008ms
[768.041s][info ][gc,start       ] GC(22) Pause Full (CodeCache GC Threshold)
[768.041s][info ][gc,phases,start] GC(22) Marking Phase
[768.136s][debug][gc,phases      ] GC(22) Par Mark 94.996ms
[768.136s][debug][gc,ref         ] GC(22) ReferenceProcessor::execute queues: 4, RefProcThreadModel::Multi, marks_oops_alive: false
[768.137s][debug][gc,ref         ] GC(22) ReferenceProcessor::execute queues: 4, RefProcThreadModel::Multi, marks_oops_alive: true
[768.137s][debug][gc,ref         ] GC(22) ReferenceProcessor::execute queues: 1, RefProcThreadModel::Single, marks_oops_alive: false
[768.137s][debug][gc,phases      ] GC(22) Reference Processing 1.031ms
[768.137s][debug][gc,phases      ] GC(22)   VM Weak                        Min:  0.0, Avg:  0.0, Max:  0.0, Diff:  0.0, Sum:  0.0, Workers: 4
[768.137s][debug][gc,phases      ] GC(22)     Dead                           Min: 0, Avg:  0.0, Max: 0, Diff: 0, Sum: 0, Workers: 4
[768.137s][debug][gc,phases      ] GC(22)     Total                          Min: 0, Avg: 219.5, Max: 384, Diff: 384, Sum: 878, Workers: 4
[768.137s][debug][gc,phases      ] GC(22)   ObjectSynchronizer Weak        Min:  0.0, Avg:  0.0, Max:  0.0, Diff:  0.0, Sum:  0.0, Workers: 4
[768.137s][debug][gc,phases      ] GC(22)     Dead                           Min: 0, Avg:  0.0, Max: 0, Diff: 0, Sum: 0, Workers: 4
[768.137s][debug][gc,phases      ] GC(22)     Total                          Min: 0, Avg:  0.8, Max: 3, Diff: 3, Sum: 3, Workers: 4
[768.137s][debug][gc,phases      ] GC(22)   JVMTI Tag Weak OopStorage      Min:  0.0, Avg:  0.0, Max:  0.0, Diff:  0.0, Sum:  0.0, Workers: 4
[768.137s][debug][gc,phases      ] GC(22)     Dead                           Min: 0, Avg:  0.0, Max: 0, Diff: 0, Sum: 0, Workers: 4
[768.137s][debug][gc,phases      ] GC(22)     Total                          Min: 0, Avg:  0.0, Max: 0, Diff: 0, Sum: 0, Workers: 4
[768.137s][debug][gc,phases      ] GC(22)   StringTable Weak               Min:  0.2, Avg:  0.2, Max:  0.2, Diff:  0.0, Sum:  0.8, Workers: 4
[768.137s][debug][gc,phases      ] GC(22)     Dead                           Min: 0, Avg:  0.0, Max: 0, Diff: 0, Sum: 0, Workers: 4
[768.137s][debug][gc,phases      ] GC(22)     Total                          Min: 8256, Avg: 11058.0, Max: 12096, Diff: 3840, Sum: 44232, Workers: 4
[768.137s][debug][gc,phases      ] GC(22)   ResolvedMethodTable Weak       Min:  0.1, Avg:  0.1, Max:  0.1, Diff:  0.0, Sum:  0.2, Workers: 4
[768.137s][debug][gc,phases      ] GC(22)     Dead                           Min: 0, Avg:  0.0, Max: 0, Diff: 0, Sum: 0, Workers: 4
[768.137s][debug][gc,phases      ] GC(22)     Total                          Min: 3333, Avg: 3428.5, Max: 3541, Diff: 208, Sum: 13714, Workers: 4
[768.137s][debug][gc,phases      ] GC(22)   JNI Weak                       Min:  0.0, Avg:  0.0, Max:  0.0, Diff:  0.0, Sum:  0.0, Workers: 4
[768.137s][debug][gc,phases      ] GC(22)     Dead                           Min: 0, Avg:  0.0, Max: 0, Diff: 0, Sum: 0, Workers: 4
[768.137s][debug][gc,phases      ] GC(22)     Total                          Min: 0, Avg: 13.2, Max: 53, Diff: 53, Sum: 53, Workers: 4
[768.137s][debug][gc,phases      ] GC(22)   StringDedup Table Weak         Min:  0.0, Avg:  0.0, Max:  0.0, Diff:  0.0, Sum:  0.0, Workers: 4
[768.137s][debug][gc,phases      ] GC(22)     Dead                           Min: 0, Avg:  0.0, Max: 0, Diff: 0, Sum: 0, Workers: 4
[768.137s][debug][gc,phases      ] GC(22)     Total                          Min: 0, Avg:  0.0, Max: 0, Diff: 0, Sum: 0, Workers: 4
[768.137s][debug][gc,phases      ] GC(22)   StringDedup Requests0 Weak     Min:  0.0, Avg:  0.0, Max:  0.0, Diff:  0.0, Sum:  0.0, Workers: 4
[768.137s][debug][gc,phases      ] GC(22)     Dead                           Min: 0, Avg:  0.0, Max: 0, Diff: 0, Sum: 0, Workers: 4
[768.137s][debug][gc,phases      ] GC(22)     Total                          Min: 0, Avg:  0.0, Max: 0, Diff: 0, Sum: 0, Workers: 4
[768.137s][debug][gc,phases      ] GC(22)   StringDedup Requests1 Weak     Min:  0.0, Avg:  0.0, Max:  0.0, Diff:  0.0, Sum:  0.0, Workers: 4
[768.137s][debug][gc,phases      ] GC(22)     Dead                           Min: 0, Avg:  0.0, Max: 0, Diff: 0, Sum: 0, Workers: 4
[768.137s][debug][gc,phases      ] GC(22)     Total                          Min: 0, Avg:  0.0, Max: 0, Diff: 0, Sum: 0, Workers: 4
[768.137s][debug][gc,phases      ] GC(22)   Weak JFR Old Object Samples    Min:  0.0, Avg:  0.0, Max:  0.0, Diff:  0.0, Sum:  0.0, Workers: 4
[768.137s][debug][gc,phases      ] GC(22)     Dead                           Min: 0, Avg:  0.0, Max: 0, Diff: 0, Sum: 0, Workers: 4
[768.137s][debug][gc,phases      ] GC(22)     Total                          Min: 0, Avg:  0.0, Max: 0, Diff: 0, Sum: 0, Workers: 4
[768.137s][debug][gc,phases      ] GC(22) Weak Processing 0.497ms
[768.137s][debug][gc,phases      ] GC(22) ClassLoaderData 0.124ms
[768.137s][debug][gc,phases      ] GC(22) Trigger cleanups 0.000ms
[768.192s][debug][gc,phases      ] GC(22) Purge Unlinked NMethods 2.515ms
[768.192s][debug][gc,phases      ] GC(22) Unregister NMethods 0.001ms
[768.193s][debug][gc,phases      ] GC(22) Free Code Blobs 0.296ms
[768.193s][debug][gc,phases      ] GC(22) Class Unloading 55.531ms
[768.193s][debug][gc,phases      ] GC(22) Report Object Count 0.001ms
[768.193s][info ][gc,phases      ] GC(22) Marking Phase 152.150ms
[768.193s][info ][gc,phases,start] GC(22) Summary Phase
[768.193s][info ][gc,phases      ] GC(22) Summary Phase 0.015ms
[768.193s][info ][gc,phases,start] GC(22) Adjust Roots
[768.215s][info ][gc,phases      ] GC(22) Adjust Roots 21.894ms
[768.215s][info ][gc,phases,start] GC(22) Compaction Phase
[768.323s][info ][gc,phases      ] GC(22) Compaction Phase 108.133ms
[768.323s][info ][gc,phases,start] GC(22) Post Compact
[768.325s][debug][gc,phases      ] GC(22) Purge Class Loader Data 0.667ms
[768.325s][info ][gc,phases      ] GC(22) Post Compact 2.033ms
[768.325s][info ][gc,heap        ] GC(22) PSYoungGen: 1568K(1891328K)->0K(1891328K) Eden: 0K(1678336K)->0K(1678336K) From: 1568K(212992K)->0K(212992K)
[768.325s][info ][gc,heap        ] GC(22) ParOldGen: 301634K(302080K)->266608K(302080K)
[768.325s][info ][gc,metaspace   ] GC(22) Metaspace: 100606K(101824K)->100606K(101824K) NonClass: 85499K(86208K)->85499K(86208K) Class: 15106K(15616K)->15106K(15616K)
[768.325s][info ][gc             ] GC(22) Pause Full (CodeCache GC Threshold) 296M->260M(2142M) 284.384ms
[768.325s][info ][gc,cpu         ] GC(22) User=0.84s Sys=0.00s Real=0.29s
[768.325s][info ][safepoint      ] Safepoint "ParallelGCSystemGC", Time since last: 7365771050 ns, Reaching safepoint: 8000 ns, Cleanup: 53702 ns, At safepoint: 288201625 ns, Total: 288263327 ns
[769.325s][info ][safepoint      ] Safepoint "Cleanup", Time since last: 1000118072 ns, Reaching safepoint: 10200 ns, Cleanup: 150305 ns, At safepoint: 4000 ns, Total: 164505 ns
[770.325s][info ][safepoint      ] Safepoint "Cleanup", Time since last: 1000142273 ns, Reaching safepoint: 9400 ns, Cleanup: 17501 ns, At safepoint: 3200 ns, Total: 30101 ns
[771.326s][info ][safepoint      ] Safepoint "Cleanup", Time since last: 1000120972 ns, Reaching safepoint: 8600 ns, Cleanup: 17400 ns, At safepoint: 3001 ns, Total: 29001 ns
[772.326s][info ][safepoint      ] Safepoint "Cleanup", Time since last: 1000122071 ns, Reaching safepoint: 7100 ns, Cleanup: 15001 ns, At safepoint: 3300 ns, Total: 25401 ns
[774.326s][info ][safepoint      ] Safepoint "Cleanup", Time since last: 2000219243 ns, Reaching safepoint: 9400 ns, Cleanup: 14700 ns, At safepoint: 31802 ns, Total: 55902 ns
[775.326s][info ][safepoint      ] Safepoint "Cleanup", Time since last: 1000113071 ns, Reaching safepoint: 7700 ns, Cleanup: 14901 ns, At safepoint: 3200 ns, Total: 25801 ns
[781.327s][info ][safepoint      ] Safepoint "Cleanup", Time since last: 6000471654 ns, Reaching safepoint: 6900 ns, Cleanup: 10600 ns, At safepoint: 2600 ns, Total: 20100 ns
[785.327s][info ][safepoint      ] Safepoint "Cleanup", Time since last: 4000349768 ns, Reaching safepoint: 7800 ns, Cleanup: 17801 ns, At safepoint: 3600 ns, Total: 29201 ns
[793.328s][info ][safepoint      ] Safepoint "Cleanup", Time since last: 8000681721 ns, Reaching safepoint: 7400 ns, Cleanup: 12100 ns, At safepoint: 3100 ns, Total: 22600 ns
[795.328s][info ][safepoint      ] Safepoint "Cleanup", Time since last: 2000212969 ns, Reaching safepoint: 7101 ns, Cleanup: 17700 ns, At safepoint: 2900 ns, Total: 27701 ns
[797.328s][info ][safepoint      ] Safepoint "Cleanup", Time since last: 2000224270 ns, Reaching safepoint: 7100 ns, Cleanup: 10400 ns, At safepoint: 3000 ns, Total: 20500 ns
[798.328s][info ][safepoint      ] Safepoint "Cleanup", Time since last: 1000119535 ns, Reaching safepoint: 6901 ns, Cleanup: 12000 ns, At safepoint: 3300 ns, Total: 22201 ns
[800.329s][info ][safepoint      ] Safepoint "Cleanup", Time since last: 2000227366 ns, Reaching safepoint: 7500 ns, Cleanup: 32601 ns, At safepoint: 3901 ns, Total: 44002 ns
[801.329s][info ][safepoint      ] Safepoint "Cleanup", Time since last: 1000133478 ns, Reaching safepoint: 7700 ns, Cleanup: 40401 ns, At safepoint: 3000 ns, Total: 51101 ns
[802.329s][info ][safepoint      ] Safepoint "Cleanup", Time since last: 1000121478 ns, Reaching safepoint: 6900 ns, Cleanup: 16901 ns, At safepoint: 3300 ns, Total: 27101 ns
[803.329s][info ][safepoint      ] Safepoint "Cleanup", Time since last: 1000119378 ns, Reaching safepoint: 8200 ns, Cleanup: 32801 ns, At safepoint: 3500 ns, Total: 44501 ns
[804.329s][info ][safepoint      ] Safepoint "Cleanup", Time since last: 1000118078 ns, Reaching safepoint: 7400 ns, Cleanup: 15501 ns, At safepoint: 3600 ns, Total: 26501 ns
[805.329s][info ][safepoint      ] Safepoint "Cleanup", Time since last: 1000123977 ns, Reaching safepoint: 7201 ns, Cleanup: 18300 ns, At safepoint: 3001 ns, Total: 28502 ns
[806.330s][info ][safepoint      ] Safepoint "Cleanup", Time since last: 1000122777 ns, Reaching safepoint: 7200 ns, Cleanup: 13001 ns, At safepoint: 3700 ns, Total: 23901 ns
[807.330s][info ][safepoint      ] Safepoint "Cleanup", Time since last: 1000127378 ns, Reaching safepoint: 7700 ns, Cleanup: 14001 ns, At safepoint: 3100 ns, Total: 24801 ns
[808.330s][info ][safepoint      ] Safepoint "Cleanup", Time since last: 1000118477 ns, Reaching safepoint: 7800 ns, Cleanup: 12801 ns, At safepoint: 2900 ns, Total: 23501 ns
[810.330s][info ][safepoint      ] Safepoint "Cleanup", Time since last: 2000205126 ns, Reaching safepoint: 6900 ns, Cleanup: 15101 ns, At safepoint: 2900 ns, Total: 24901 ns
[811.330s][info ][safepoint      ] Safepoint "Cleanup", Time since last: 1000117863 ns, Reaching safepoint: 7400 ns, Cleanup: 12701 ns, At safepoint: 3400 ns, Total: 23501 ns
[813.330s][info ][safepoint      ] Safepoint "Cleanup", Time since last: 2000178525 ns, Reaching safepoint: 6300 ns, Cleanup: 8900 ns, At safepoint: 2600 ns, Total: 17800 ns
[814.331s][info ][safepoint      ] Safepoint "Cleanup", Time since last: 1000115664 ns, Reaching safepoint: 7900 ns, Cleanup: 16301 ns, At safepoint: 3100 ns, Total: 27301 ns
[815.331s][info ][safepoint      ] Safepoint "Cleanup", Time since last: 1000119363 ns, Reaching safepoint: 8500 ns, Cleanup: 13801 ns, At safepoint: 3200 ns, Total: 25501 ns
[816.331s][info ][safepoint      ] Safepoint "Cleanup", Time since last: 1000171766 ns, Reaching safepoint: 7900 ns, Cleanup: 15401 ns, At safepoint: 3200 ns, Total: 26501 ns
[817.331s][info ][safepoint      ] Safepoint "Cleanup", Time since last: 1000117048 ns, Reaching safepoint: 7100 ns, Cleanup: 16801 ns, At safepoint: 3300 ns, Total: 27201 ns
[818.331s][info ][safepoint      ] Safepoint "Cleanup", Time since last: 1000117748 ns, Reaching safepoint: 7600 ns, Cleanup: 24601 ns, At safepoint: 2900 ns, Total: 35101 ns
[819.331s][info ][safepoint      ] Safepoint "Cleanup", Time since last: 1000122348 ns, Reaching safepoint: 7201 ns, Cleanup: 12600 ns, At safepoint: 2800 ns, Total: 22601 ns
[821.332s][info ][safepoint      ] Safepoint "Cleanup", Time since last: 2000194895 ns, Reaching safepoint: 7700 ns, Cleanup: 23201 ns, At safepoint: 3300 ns, Total: 34201 ns
[823.332s][info ][safepoint      ] Safepoint "Cleanup", Time since last: 2000192795 ns, Reaching safepoint: 92503 ns, Cleanup: 21301 ns, At safepoint: 12800 ns, Total: 126604 ns
[825.332s][info ][safepoint      ] Safepoint "Cleanup", Time since last: 2000214363 ns, Reaching safepoint: 7801 ns, Cleanup: 17300 ns, At safepoint: 3500 ns, Total: 28601 ns
[826.332s][info ][safepoint      ] Safepoint "Cleanup", Time since last: 1000129217 ns, Reaching safepoint: 6400 ns, Cleanup: 8400 ns, At safepoint: 3100 ns, Total: 17900 ns
[827.332s][info ][safepoint      ] Safepoint "Cleanup", Time since last: 1000113216 ns, Reaching safepoint: 8000 ns, Cleanup: 12601 ns, At safepoint: 3200 ns, Total: 23801 ns
[829.211s][info ][gc,start       ] GC(23) Pause Young (Allocation Failure)
[829.218s][debug][gc,phases      ] GC(23) Scavenge 7.466ms
[829.218s][debug][gc,ref         ] GC(23) ReferenceProcessor::execute queues: 1, RefProcThreadModel::Single, marks_oops_alive: false
[829.218s][debug][gc,ref         ] GC(23) Skipped KeepAliveFinalRefsPhase of Reference Processing: no references
[829.218s][debug][gc,ref         ] GC(23) ReferenceProcessor::execute queues: 1, RefProcThreadModel::Single, marks_oops_alive: false
[829.218s][debug][gc,phases      ] GC(23) Reference Processing 0.129ms
[829.219s][debug][gc,phases      ] GC(23)   VM Weak                        Min:  0.0, Avg:  0.0, Max:  0.0, Diff:  0.0, Sum:  0.0, Workers: 4
[829.219s][debug][gc,phases      ] GC(23)     Dead                           Min: 0, Avg:  0.0, Max: 0, Diff: 0, Sum: 0, Workers: 4
[829.219s][debug][gc,phases      ] GC(23)     Total                          Min: 0, Avg: 221.0, Max: 884, Diff: 884, Sum: 884, Workers: 4
[829.219s][debug][gc,phases      ] GC(23)   ObjectSynchronizer Weak        Min:  0.0, Avg:  0.0, Max:  0.0, Diff:  0.0, Sum:  0.0, Workers: 4
[829.219s][debug][gc,phases      ] GC(23)     Dead                           Min: 0, Avg:  0.0, Max: 0, Diff: 0, Sum: 0, Workers: 4
[829.219s][debug][gc,phases      ] GC(23)     Total                          Min: 0, Avg:  1.2, Max: 5, Diff: 5, Sum: 5, Workers: 4
[829.219s][debug][gc,phases      ] GC(23)   JVMTI Tag Weak OopStorage      Min:  0.0, Avg:  0.0, Max:  0.0, Diff:  0.0, Sum:  0.0, Workers: 4
[829.219s][debug][gc,phases      ] GC(23)     Dead                           Min: 0, Avg:  0.0, Max: 0, Diff: 0, Sum: 0, Workers: 4
[829.219s][debug][gc,phases      ] GC(23)     Total                          Min: 0, Avg:  0.0, Max: 0, Diff: 0, Sum: 0, Workers: 4
[829.219s][debug][gc,phases      ] GC(23)   StringTable Weak               Min:  0.0, Avg:  0.1, Max:  0.2, Diff:  0.2, Sum:  0.5, Workers: 4
[829.219s][debug][gc,phases      ] GC(23)     Dead                           Min: 0, Avg:  0.5, Max: 2, Diff: 2, Sum: 2, Workers: 4
[829.219s][debug][gc,phases      ] GC(23)     Total                          Min: 0, Avg: 11060.5, Max: 15508, Diff: 15508, Sum: 44242, Workers: 4
[829.219s][debug][gc,phases      ] GC(23)   ResolvedMethodTable Weak       Min:  0.0, Avg:  0.0, Max:  0.0, Diff:  0.0, Sum:  0.1, Workers: 4
[829.219s][debug][gc,phases      ] GC(23)     Dead                           Min: 0, Avg:  4.8, Max: 17, Diff: 17, Sum: 19, Workers: 4
[829.219s][debug][gc,phases      ] GC(23)     Total                          Min: 0, Avg: 3434.5, Max: 5097, Diff: 5097, Sum: 13738, Workers: 4
[829.219s][debug][gc,phases      ] GC(23)   JNI Weak                       Min:  0.0, Avg:  0.0, Max:  0.0, Diff:  0.0, Sum:  0.0, Workers: 4
[829.219s][debug][gc,phases      ] GC(23)     Dead                           Min: 0, Avg:  0.0, Max: 0, Diff: 0, Sum: 0, Workers: 4
[829.219s][debug][gc,phases      ] GC(23)     Total                          Min: 0, Avg: 13.0, Max: 52, Diff: 52, Sum: 52, Workers: 4
[829.219s][debug][gc,phases      ] GC(23)   StringDedup Table Weak         Min:  0.0, Avg:  0.0, Max:  0.0, Diff:  0.0, Sum:  0.0, Workers: 4
[829.219s][debug][gc,phases      ] GC(23)     Dead                           Min: 0, Avg:  0.0, Max: 0, Diff: 0, Sum: 0, Workers: 4
[829.219s][debug][gc,phases      ] GC(23)     Total                          Min: 0, Avg:  0.0, Max: 0, Diff: 0, Sum: 0, Workers: 4
[829.219s][debug][gc,phases      ] GC(23)   StringDedup Requests0 Weak     Min:  0.0, Avg:  0.0, Max:  0.0, Diff:  0.0, Sum:  0.0, Workers: 4
[829.219s][debug][gc,phases      ] GC(23)     Dead                           Min: 0, Avg:  0.0, Max: 0, Diff: 0, Sum: 0, Workers: 4
[829.219s][debug][gc,phases      ] GC(23)     Total                          Min: 0, Avg:  0.0, Max: 0, Diff: 0, Sum: 0, Workers: 4
[829.219s][debug][gc,phases      ] GC(23)   StringDedup Requests1 Weak     Min:  0.0, Avg:  0.0, Max:  0.0, Diff:  0.0, Sum:  0.0, Workers: 4
[829.219s][debug][gc,phases      ] GC(23)     Dead                           Min: 0, Avg:  0.0, Max: 0, Diff: 0, Sum: 0, Workers: 4
[829.219s][debug][gc,phases      ] GC(23)     Total                          Min: 0, Avg:  0.0, Max: 0, Diff: 0, Sum: 0, Workers: 4
[829.219s][debug][gc,phases      ] GC(23)   Weak JFR Old Object Samples    Min:  0.0, Avg:  0.0, Max:  0.0, Diff:  0.0, Sum:  0.0, Workers: 4
[829.219s][debug][gc,phases      ] GC(23)     Dead                           Min: 0, Avg:  0.0, Max: 0, Diff: 0, Sum: 0, Workers: 4
[829.219s][debug][gc,phases      ] GC(23)     Total                          Min: 0, Avg:  0.0, Max: 0, Diff: 0, Sum: 0, Workers: 4
[829.219s][debug][gc,phases      ] GC(23) Weak Processing 0.453ms
[829.219s][debug][gc,age         ] GC(23) Desired survivor size 199753728 bytes, new threshold 1 (max threshold 15)
[829.219s][info ][gc,heap        ] GC(23) PSYoungGen: 1678336K(1891328K)->16720K(1884160K) Eden: 1678336K(1678336K)->0K(1678336K) From: 0K(212992K)->16720K(205824K)
[829.219s][info ][gc,heap        ] GC(23) ParOldGen: 266608K(302080K)->266608K(302080K)
[829.219s][info ][gc,metaspace   ] GC(23) Metaspace: 100679K(101952K)->100679K(101952K) NonClass: 85566K(86272K)->85566K(86272K) Class: 15113K(15680K)->15113K(15680K)
[829.219s][info ][gc             ] GC(23) Pause Young (Allocation Failure) 1899M->276M(2135M) 8.197ms
[829.219s][info ][gc,cpu         ] GC(23) User=0.03s Sys=0.00s Real=0.01s
[829.219s][info ][safepoint      ] Safepoint "ParallelGCFailedAllocation", Time since last: 1878121032 ns, Reaching safepoint: 6500 ns, Cleanup: 4400 ns, At safepoint: 8272392 ns, Total: 8283292 ns
[830.219s][info ][safepoint      ] Safepoint "Cleanup", Time since last: 1000096615 ns, Reaching safepoint: 6700 ns, Cleanup: 10201 ns, At safepoint: 3200 ns, Total: 20101 ns
[831.219s][info ][safepoint      ] Safepoint "Cleanup", Time since last: 1000125116 ns, Reaching safepoint: 61702 ns, Cleanup: 12101 ns, At safepoint: 9000 ns, Total: 82803 ns
[832.219s][info ][safepoint      ] Safepoint "Cleanup", Time since last: 1000114716 ns, Reaching safepoint: 9700 ns, Cleanup: 16801 ns, At safepoint: 3000 ns, Total: 29501 ns
[833.220s][info ][safepoint      ] Safepoint "Cleanup", Time since last: 1000156006 ns, Reaching safepoint: 8500 ns, Cleanup: 23001 ns, At safepoint: 3600 ns, Total: 35101 ns
[834.220s][info ][safepoint      ] Safepoint "Cleanup", Time since last: 1000123946 ns, Reaching safepoint: 6400 ns, Cleanup: 13201 ns, At safepoint: 2500 ns, Total: 22101 ns
[835.220s][info ][safepoint      ] Safepoint "Cleanup", Time since last: 1000122345 ns, Reaching safepoint: 7600 ns, Cleanup: 12001 ns, At safepoint: 2900 ns, Total: 22501 ns
[837.220s][info ][safepoint      ] Safepoint "Cleanup", Time since last: 2000199789 ns, Reaching safepoint: 8400 ns, Cleanup: 31502 ns, At safepoint: 3800 ns, Total: 43702 ns
[838.220s][info ][safepoint      ] Safepoint "Cleanup", Time since last: 1000125245 ns, Reaching safepoint: 10301 ns, Cleanup: 19600 ns, At safepoint: 4100 ns, Total: 34001 ns
[840.220s][info ][safepoint      ] Safepoint "Cleanup", Time since last: 2000193090 ns, Reaching safepoint: 7800 ns, Cleanup: 15900 ns, At safepoint: 3000 ns, Total: 26700 ns
[842.291s][info ][safepoint      ] Safepoint "Cleanup", Time since last: 2070231105 ns, Reaching safepoint: 7501 ns, Cleanup: 27400 ns, At safepoint: 2801 ns, Total: 37702 ns
[843.291s][info ][safepoint      ] Safepoint "Cleanup", Time since last: 1000112455 ns, Reaching safepoint: 6800 ns, Cleanup: 11901 ns, At safepoint: 2900 ns, Total: 21601 ns
[845.705s][info ][safepoint      ] Safepoint "Cleanup", Time since last: 2413770072 ns, Reaching safepoint: 6600 ns, Cleanup: 17901 ns, At safepoint: 2900 ns, Total: 27401 ns
[846.705s][info ][safepoint      ] Safepoint "Cleanup", Time since last: 1000114756 ns, Reaching safepoint: 7200 ns, Cleanup: 11100 ns, At safepoint: 3001 ns, Total: 21301 ns
[847.705s][info ][safepoint      ] Safepoint "Cleanup", Time since last: 1000129656 ns, Reaching safepoint: 84303 ns, Cleanup: 33301 ns, At safepoint: 16601 ns, Total: 134205 ns
[848.705s][info ][safepoint      ] Safepoint "Cleanup", Time since last: 1000112746 ns, Reaching safepoint: 7900 ns, Cleanup: 15901 ns, At safepoint: 2800 ns, Total: 26601 ns
[849.705s][info ][safepoint      ] Safepoint "Cleanup", Time since last: 1000111629 ns, Reaching safepoint: 7500 ns, Cleanup: 33601 ns, At safepoint: 2800 ns, Total: 43901 ns
[850.705s][info ][safepoint      ] Safepoint "Cleanup", Time since last: 1000114429 ns, Reaching safepoint: 6801 ns, Cleanup: 10100 ns, At safepoint: 2600 ns, Total: 19501 ns
[851.706s][info ][safepoint      ] Safepoint "Cleanup", Time since last: 1000103229 ns, Reaching safepoint: 7200 ns, Cleanup: 11600 ns, At safepoint: 2601 ns, Total: 21401 ns
[852.706s][info ][safepoint      ] Safepoint "Cleanup", Time since last: 1000119029 ns, Reaching safepoint: 7700 ns, Cleanup: 11000 ns, At safepoint: 2701 ns, Total: 21401 ns
[855.706s][info ][safepoint      ] Safepoint "Cleanup", Time since last: 3000256284 ns, Reaching safepoint: 7600 ns, Cleanup: 12100 ns, At safepoint: 2800 ns, Total: 22500 ns
[856.706s][info ][safepoint      ] Safepoint "Cleanup", Time since last: 1000112238 ns, Reaching safepoint: 6700 ns, Cleanup: 10301 ns, At safepoint: 2700 ns, Total: 19701 ns
[856.761s][info ][gc,start       ] GC(24) Pause Young (Allocation Failure)
[856.782s][debug][gc,phases      ] GC(24) Scavenge 21.253ms
[856.782s][debug][gc,ref         ] GC(24) ReferenceProcessor::execute queues: 1, RefProcThreadModel::Single, marks_oops_alive: false
[856.783s][debug][gc,ref         ] GC(24) Skipped KeepAliveFinalRefsPhase of Reference Processing: no references
[856.783s][debug][gc,ref         ] GC(24) ReferenceProcessor::execute queues: 1, RefProcThreadModel::Single, marks_oops_alive: false
[856.783s][debug][gc,phases      ] GC(24) Reference Processing 0.142ms
[856.783s][debug][gc,phases      ] GC(24)   VM Weak                        Min:  0.0, Avg:  0.0, Max:  0.0, Diff:  0.0, Sum:  0.0, Workers: 4
[856.783s][debug][gc,phases      ] GC(24)     Dead                           Min: 0, Avg:  0.0, Max: 0, Diff: 0, Sum: 0, Workers: 4
[856.783s][debug][gc,phases      ] GC(24)     Total                          Min: 0, Avg: 221.0, Max: 448, Diff: 448, Sum: 884, Workers: 4
[856.783s][debug][gc,phases      ] GC(24)   ObjectSynchronizer Weak        Min:  0.0, Avg:  0.0, Max:  0.0, Diff:  0.0, Sum:  0.0, Workers: 4
[856.783s][debug][gc,phases      ] GC(24)     Dead                           Min: 0, Avg:  0.0, Max: 0, Diff: 0, Sum: 0, Workers: 4
[856.783s][debug][gc,phases      ] GC(24)     Total                          Min: 0, Avg:  1.2, Max: 5, Diff: 5, Sum: 5, Workers: 4
[856.783s][debug][gc,phases      ] GC(24)   JVMTI Tag Weak OopStorage      Min:  0.0, Avg:  0.0, Max:  0.0, Diff:  0.0, Sum:  0.0, Workers: 4
[856.783s][debug][gc,phases      ] GC(24)     Dead                           Min: 0, Avg:  0.0, Max: 0, Diff: 0, Sum: 0, Workers: 4
[856.783s][debug][gc,phases      ] GC(24)     Total                          Min: 0, Avg:  0.0, Max: 0, Diff: 0, Sum: 0, Workers: 4
[856.783s][debug][gc,phases      ] GC(24)   StringTable Weak               Min:  0.0, Avg:  0.1, Max:  0.2, Diff:  0.2, Sum:  0.5, Workers: 4
[856.783s][debug][gc,phases      ] GC(24)     Dead                           Min: 0, Avg:  0.8, Max: 3, Diff: 3, Sum: 3, Workers: 4
[856.783s][debug][gc,phases      ] GC(24)     Total                          Min: 0, Avg: 11069.8, Max: 15615, Diff: 15615, Sum: 44279, Workers: 4
[856.783s][debug][gc,phases      ] GC(24)   ResolvedMethodTable Weak       Min:  0.0, Avg:  0.0, Max:  0.1, Diff:  0.1, Sum:  0.2, Workers: 4
[856.783s][debug][gc,phases      ] GC(24)     Dead                           Min: 0, Avg:  8.0, Max: 18, Diff: 18, Sum: 32, Workers: 4
[856.783s][debug][gc,phases      ] GC(24)     Total                          Min: 0, Avg: 3443.2, Max: 4773, Diff: 4773, Sum: 13773, Workers: 4
[856.783s][debug][gc,phases      ] GC(24)   JNI Weak                       Min:  0.0, Avg:  0.0, Max:  0.0, Diff:  0.0, Sum:  0.0, Workers: 4
[856.783s][debug][gc,phases      ] GC(24)     Dead                           Min: 0, Avg:  0.0, Max: 0, Diff: 0, Sum: 0, Workers: 4
[856.783s][debug][gc,phases      ] GC(24)     Total                          Min: 0, Avg: 13.0, Max: 52, Diff: 52, Sum: 52, Workers: 4
[856.783s][debug][gc,phases      ] GC(24)   StringDedup Table Weak         Min:  0.0, Avg:  0.0, Max:  0.0, Diff:  0.0, Sum:  0.0, Workers: 4
[856.783s][debug][gc,phases      ] GC(24)     Dead                           Min: 0, Avg:  0.0, Max: 0, Diff: 0, Sum: 0, Workers: 4
[856.783s][debug][gc,phases      ] GC(24)     Total                          Min: 0, Avg:  0.0, Max: 0, Diff: 0, Sum: 0, Workers: 4
[856.783s][debug][gc,phases      ] GC(24)   StringDedup Requests0 Weak     Min:  0.0, Avg:  0.0, Max:  0.0, Diff:  0.0, Sum:  0.0, Workers: 4
[856.783s][debug][gc,phases      ] GC(24)     Dead                           Min: 0, Avg:  0.0, Max: 0, Diff: 0, Sum: 0, Workers: 4
[856.783s][debug][gc,phases      ] GC(24)     Total                          Min: 0, Avg:  0.0, Max: 0, Diff: 0, Sum: 0, Workers: 4
[856.783s][debug][gc,phases      ] GC(24)   StringDedup Requests1 Weak     Min:  0.0, Avg:  0.0, Max:  0.0, Diff:  0.0, Sum:  0.0, Workers: 4
[856.783s][debug][gc,phases      ] GC(24)     Dead                           Min: 0, Avg:  0.0, Max: 0, Diff: 0, Sum: 0, Workers: 4
[856.783s][debug][gc,phases      ] GC(24)     Total                          Min: 0, Avg:  0.0, Max: 0, Diff: 0, Sum: 0, Workers: 4
[856.783s][debug][gc,phases      ] GC(24)   Weak JFR Old Object Samples    Min:  0.0, Avg:  0.0, Max:  0.0, Diff:  0.0, Sum:  0.0, Workers: 4
[856.783s][debug][gc,phases      ] GC(24)     Dead                           Min: 0, Avg:  0.0, Max: 0, Diff: 0, Sum: 0, Workers: 4
[856.783s][debug][gc,phases      ] GC(24)     Total                          Min: 0, Avg:  0.0, Max: 0, Diff: 0, Sum: 0, Workers: 4
[856.783s][debug][gc,phases      ] GC(24) Weak Processing 0.450ms
[856.783s][debug][gc,age         ] GC(24) Desired survivor size 186122240 bytes, new threshold 1 (max threshold 15)
[856.783s][info ][gc,heap        ] GC(24) PSYoungGen: 1695056K(1884160K)->35658K(1915392K) Eden: 1678336K(1678336K)->0K(1720320K) From: 16720K(205824K)->35658K(195072K)
[856.783s][info ][gc,heap        ] GC(24) ParOldGen: 266608K(302080K)->280660K(302080K)
[856.783s][info ][gc,metaspace   ] GC(24) Metaspace: 100804K(102016K)->100804K(102016K) NonClass: 85676K(86336K)->85676K(86336K) Class: 15127K(15680K)->15127K(15680K)
[856.783s][info ][gc             ] GC(24) Pause Young (Allocation Failure) 1915M->308M(2165M) 22.017ms
[856.783s][info ][gc,cpu         ] GC(24) User=0.07s Sys=0.00s Real=0.02s
[856.783s][info ][safepoint      ] Safepoint "ParallelGCFailedAllocation", Time since last: 54764841 ns, Reaching safepoint: 80903 ns, Cleanup: 4500 ns, At safepoint: 22107784 ns, Total: 22193187 ns
[858.783s][info ][safepoint      ] Safepoint "Cleanup", Time since last: 2000173807 ns, Reaching safepoint: 9801 ns, Cleanup: 10900 ns, At safepoint: 3400 ns, Total: 24101 ns
[859.783s][info ][safepoint      ] Safepoint "Cleanup", Time since last: 1000123255 ns, Reaching safepoint: 9300 ns, Cleanup: 36602 ns, At safepoint: 3200 ns, Total: 49102 ns
[860.784s][info ][safepoint      ] Safepoint "Cleanup", Time since last: 1000121455 ns, Reaching safepoint: 8700 ns, Cleanup: 13801 ns, At safepoint: 3300 ns, Total: 25801 ns
[861.784s][info ][safepoint      ] Safepoint "Cleanup", Time since last: 1000122155 ns, Reaching safepoint: 8400 ns, Cleanup: 14300 ns, At safepoint: 3201 ns, Total: 25901 ns
[862.784s][info ][safepoint      ] Safepoint "Cleanup", Time since last: 1000118054 ns, Reaching safepoint: 8801 ns, Cleanup: 12600 ns, At safepoint: 3400 ns, Total: 24801 ns
[863.784s][info ][safepoint      ] Safepoint "Cleanup", Time since last: 1000130856 ns, Reaching safepoint: 7800 ns, Cleanup: 14900 ns, At safepoint: 3700 ns, Total: 26400 ns
[864.784s][info ][safepoint      ] Safepoint "Cleanup", Time since last: 1000148560 ns, Reaching safepoint: 9701 ns, Cleanup: 18800 ns, At safepoint: 3400 ns, Total: 31901 ns
[867.785s][info ][safepoint      ] Safepoint "Cleanup", Time since last: 3000292968 ns, Reaching safepoint: 9200 ns, Cleanup: 14001 ns, At safepoint: 3400 ns, Total: 26601 ns
[873.785s][info ][safepoint      ] Safepoint "Cleanup", Time since last: 6000506687 ns, Reaching safepoint: 8800 ns, Cleanup: 67402 ns, At safepoint: 3400 ns, Total: 79602 ns
[874.785s][info ][safepoint      ] Safepoint "Cleanup", Time since last: 1000122429 ns, Reaching safepoint: 9400 ns, Cleanup: 16201 ns, At safepoint: 3100 ns, Total: 28701 ns
[875.785s][info ][safepoint      ] Safepoint "Cleanup", Time since last: 1000118129 ns, Reaching safepoint: 7500 ns, Cleanup: 28101 ns, At safepoint: 2900 ns, Total: 38501 ns
[876.786s][info ][safepoint      ] Safepoint "Cleanup", Time since last: 1000125629 ns, Reaching safepoint: 8500 ns, Cleanup: 15501 ns, At safepoint: 4100 ns, Total: 28101 ns
[877.786s][info ][safepoint      ] Safepoint "Cleanup", Time since last: 1000127329 ns, Reaching safepoint: 8500 ns, Cleanup: 13701 ns, At safepoint: 3500 ns, Total: 25701 ns
[878.786s][info ][safepoint      ] Safepoint "Cleanup", Time since last: 1000118128 ns, Reaching safepoint: 7300 ns, Cleanup: 18701 ns, At safepoint: 3600 ns, Total: 29601 ns
[881.786s][info ][safepoint      ] Safepoint "Cleanup", Time since last: 3000269462 ns, Reaching safepoint: 8100 ns, Cleanup: 23601 ns, At safepoint: 2900 ns, Total: 34601 ns
[883.786s][info ][safepoint      ] Safepoint "Cleanup", Time since last: 2000202726 ns, Reaching safepoint: 10900 ns, Cleanup: 19201 ns, At safepoint: 3500 ns, Total: 33601 ns
[884.787s][info ][safepoint      ] Safepoint "Cleanup", Time since last: 1000136914 ns, Reaching safepoint: 8200 ns, Cleanup: 19801 ns, At safepoint: 3800 ns, Total: 31801 ns
[885.787s][info ][safepoint      ] Safepoint "Cleanup", Time since last: 1000132514 ns, Reaching safepoint: 8700 ns, Cleanup: 13101 ns, At safepoint: 3300 ns, Total: 25101 ns
[886.787s][info ][safepoint      ] Safepoint "Cleanup", Time since last: 1000130514 ns, Reaching safepoint: 7200 ns, Cleanup: 11901 ns, At safepoint: 2800 ns, Total: 21901 ns
[888.787s][info ][safepoint      ] Safepoint "Cleanup", Time since last: 2000199406 ns, Reaching safepoint: 9600 ns, Cleanup: 18301 ns, At safepoint: 3600 ns, Total: 31501 ns
[889.787s][info ][safepoint      ] Safepoint "Cleanup", Time since last: 1000115362 ns, Reaching safepoint: 8700 ns, Cleanup: 10400 ns, At safepoint: 3600 ns, Total: 22700 ns
[890.787s][info ][safepoint      ] Safepoint "Cleanup", Time since last: 1000115862 ns, Reaching safepoint: 8100 ns, Cleanup: 15701 ns, At safepoint: 3400 ns, Total: 27201 ns
[894.788s][info ][safepoint      ] Safepoint "Cleanup", Time since last: 4000364944 ns, Reaching safepoint: 88803 ns, Cleanup: 15901 ns, At safepoint: 8800 ns, Total: 113504 ns
[895.788s][info ][safepoint      ] Safepoint "Cleanup", Time since last: 1000135863 ns, Reaching safepoint: 7800 ns, Cleanup: 14700 ns, At safepoint: 3500 ns, Total: 26000 ns
[896.788s][info ][safepoint      ] Safepoint "Cleanup", Time since last: 1000128370 ns, Reaching safepoint: 12301 ns, Cleanup: 19001 ns, At safepoint: 4100 ns, Total: 35402 ns
[896.908s][info ][gc,start       ] GC(25) Pause Young (Allocation Failure)
[896.931s][debug][gc,phases      ] GC(25) Scavenge 23.488ms
[896.931s][debug][gc,ref         ] GC(25) ReferenceProcessor::execute queues: 1, RefProcThreadModel::Single, marks_oops_alive: false
[896.932s][debug][gc,ref         ] GC(25) Skipped KeepAliveFinalRefsPhase of Reference Processing: no references
[896.932s][debug][gc,ref         ] GC(25) ReferenceProcessor::execute queues: 1, RefProcThreadModel::Single, marks_oops_alive: false
[896.932s][debug][gc,phases      ] GC(25) Reference Processing 0.164ms
[896.932s][debug][gc,phases      ] GC(25)   VM Weak                        Min:  0.0, Avg:  0.0, Max:  0.0, Diff:  0.0, Sum:  0.0, Workers: 4
[896.932s][debug][gc,phases      ] GC(25)     Dead                           Min: 0, Avg:  0.0, Max: 0, Diff: 0, Sum: 0, Workers: 4
[896.932s][debug][gc,phases      ] GC(25)     Total                          Min: 0, Avg: 221.0, Max: 576, Diff: 576, Sum: 884, Workers: 4
[896.932s][debug][gc,phases      ] GC(25)   ObjectSynchronizer Weak        Min:  0.0, Avg:  0.0, Max:  0.0, Diff:  0.0, Sum:  0.0, Workers: 4
[896.932s][debug][gc,phases      ] GC(25)     Dead                           Min: 0, Avg:  0.0, Max: 0, Diff: 0, Sum: 0, Workers: 4
[896.932s][debug][gc,phases      ] GC(25)     Total                          Min: 0, Avg:  1.5, Max: 6, Diff: 6, Sum: 6, Workers: 4
[896.932s][debug][gc,phases      ] GC(25)   JVMTI Tag Weak OopStorage      Min:  0.0, Avg:  0.0, Max:  0.0, Diff:  0.0, Sum:  0.0, Workers: 4
[896.932s][debug][gc,phases      ] GC(25)     Dead                           Min: 0, Avg:  0.0, Max: 0, Diff: 0, Sum: 0, Workers: 4
[896.932s][debug][gc,phases      ] GC(25)     Total                          Min: 0, Avg:  0.0, Max: 0, Diff: 0, Sum: 0, Workers: 4
[896.932s][debug][gc,phases      ] GC(25)   StringTable Weak               Min:  0.0, Avg:  0.1, Max:  0.2, Diff:  0.2, Sum:  0.5, Workers: 4
[896.932s][debug][gc,phases      ] GC(25)     Dead                           Min: 0, Avg:  0.5, Max: 1, Diff: 1, Sum: 2, Workers: 4
[896.932s][debug][gc,phases      ] GC(25)     Total                          Min: 0, Avg: 11078.0, Max: 15385, Diff: 15385, Sum: 44312, Workers: 4
[896.932s][debug][gc,phases      ] GC(25)   ResolvedMethodTable Weak       Min:  0.0, Avg:  0.0, Max:  0.1, Diff:  0.1, Sum:  0.2, Workers: 4
[896.932s][debug][gc,phases      ] GC(25)     Dead                           Min: 0, Avg:  4.8, Max: 10, Diff: 10, Sum: 19, Workers: 4
[896.932s][debug][gc,phases      ] GC(25)     Total                          Min: 0, Avg: 3450.0, Max: 4759, Diff: 4759, Sum: 13800, Workers: 4
[896.932s][debug][gc,phases      ] GC(25)   JNI Weak                       Min:  0.0, Avg:  0.0, Max:  0.0, Diff:  0.0, Sum:  0.0, Workers: 4
[896.932s][debug][gc,phases      ] GC(25)     Dead                           Min: 0, Avg:  0.0, Max: 0, Diff: 0, Sum: 0, Workers: 4
[896.932s][debug][gc,phases      ] GC(25)     Total                          Min: 0, Avg: 13.0, Max: 52, Diff: 52, Sum: 52, Workers: 4
[896.932s][debug][gc,phases      ] GC(25)   StringDedup Table Weak         Min:  0.0, Avg:  0.0, Max:  0.0, Diff:  0.0, Sum:  0.0, Workers: 4
[896.932s][debug][gc,phases      ] GC(25)     Dead                           Min: 0, Avg:  0.0, Max: 0, Diff: 0, Sum: 0, Workers: 4
[896.932s][debug][gc,phases      ] GC(25)     Total                          Min: 0, Avg:  0.0, Max: 0, Diff: 0, Sum: 0, Workers: 4
[896.932s][debug][gc,phases      ] GC(25)   StringDedup Requests0 Weak     Min:  0.0, Avg:  0.0, Max:  0.0, Diff:  0.0, Sum:  0.0, Workers: 4
[896.932s][debug][gc,phases      ] GC(25)     Dead                           Min: 0, Avg:  0.0, Max: 0, Diff: 0, Sum: 0, Workers: 4
[896.932s][debug][gc,phases      ] GC(25)     Total                          Min: 0, Avg:  0.0, Max: 0, Diff: 0, Sum: 0, Workers: 4
[896.932s][debug][gc,phases      ] GC(25)   StringDedup Requests1 Weak     Min:  0.0, Avg:  0.0, Max:  0.0, Diff:  0.0, Sum:  0.0, Workers: 4
[896.932s][debug][gc,phases      ] GC(25)     Dead                           Min: 0, Avg:  0.0, Max: 0, Diff: 0, Sum: 0, Workers: 4
[896.932s][debug][gc,phases      ] GC(25)     Total                          Min: 0, Avg:  0.0, Max: 0, Diff: 0, Sum: 0, Workers: 4
[896.932s][debug][gc,phases      ] GC(25)   Weak JFR Old Object Samples    Min:  0.0, Avg:  0.0, Max:  0.0, Diff:  0.0, Sum:  0.0, Workers: 4
[896.932s][debug][gc,phases      ] GC(25)     Dead                           Min: 0, Avg:  0.0, Max: 0, Diff: 0, Sum: 0, Workers: 4
[896.932s][debug][gc,phases      ] GC(25)     Total                          Min: 0, Avg:  0.0, Max: 0, Diff: 0, Sum: 0, Workers: 4
[896.932s][debug][gc,phases      ] GC(25) Weak Processing 0.496ms
[896.932s][debug][gc,age         ] GC(25) Desired survivor size 175112192 bytes, new threshold 1 (max threshold 15)
[896.932s][info ][gc,heap        ] GC(25) PSYoungGen: 1755978K(1915392K)->25600K(1902080K) Eden: 1720320K(1720320K)->0K(1720320K) From: 35658K(195072K)->25600K(181760K)
[896.932s][info ][gc,heap        ] GC(25) ParOldGen: 280660K(302080K)->314829K(314880K)
[896.932s][info ][gc,metaspace   ] GC(25) Metaspace: 100890K(102080K)->100890K(102080K) NonClass: 85751K(86400K)->85751K(86400K) Class: 15138K(15680K)->15138K(15680K)
[896.932s][info ][gc             ] GC(25) Pause Young (Allocation Failure) 1988M->332M(2165M) 24.314ms
[896.932s][info ][gc,cpu         ] GC(25) User=0.06s Sys=0.03s Real=0.02s
[896.932s][info ][safepoint      ] Safepoint "ParallelGCFailedAllocation", Time since last: 119494639 ns, Reaching safepoint: 7300 ns, Cleanup: 4701 ns, At safepoint: 24392965 ns, Total: 24404966 ns
[897.932s][info ][safepoint      ] Safepoint "Cleanup", Time since last: 1000091582 ns, Reaching safepoint: 9500 ns, Cleanup: 14100 ns, At safepoint: 3401 ns, Total: 27001 ns
[898.932s][info ][safepoint      ] Safepoint "Cleanup", Time since last: 1000123582 ns, Reaching safepoint: 8401 ns, Cleanup: 12400 ns, At safepoint: 3400 ns, Total: 24201 ns
[901.308s][info ][safepoint      ] Safepoint "Cleanup", Time since last: 2375256370 ns, Reaching safepoint: 85203 ns, Cleanup: 10301 ns, At safepoint: 7000 ns, Total: 102504 ns
[903.308s][info ][safepoint      ] Safepoint "Cleanup", Time since last: 2000214064 ns, Reaching safepoint: 80303 ns, Cleanup: 12101 ns, At safepoint: 7200 ns, Total: 99604 ns
[906.308s][info ][safepoint      ] Safepoint "Cleanup", Time since last: 3000271337 ns, Reaching safepoint: 82402 ns, Cleanup: 19801 ns, At safepoint: 6600 ns, Total: 108803 ns
[907.309s][info ][safepoint      ] Safepoint "Cleanup", Time since last: 1000156467 ns, Reaching safepoint: 92504 ns, Cleanup: 78903 ns, At safepoint: 9500 ns, Total: 180907 ns
[908.309s][info ][safepoint      ] Safepoint "Cleanup", Time since last: 1000130266 ns, Reaching safepoint: 83403 ns, Cleanup: 28201 ns, At safepoint: 7600 ns, Total: 119204 ns
[909.309s][info ][safepoint      ] Safepoint "Cleanup", Time since last: 1000139467 ns, Reaching safepoint: 86403 ns, Cleanup: 20601 ns, At safepoint: 6900 ns, Total: 113904 ns
[910.310s][info ][safepoint      ] Safepoint "Cleanup", Time since last: 1000131566 ns, Reaching safepoint: 85103 ns, Cleanup: 13200 ns, At safepoint: 7301 ns, Total: 105604 ns
[911.310s][info ][safepoint      ] Safepoint "Cleanup", Time since last: 1000120166 ns, Reaching safepoint: 80202 ns, Cleanup: 10501 ns, At safepoint: 6100 ns, Total: 96803 ns
[912.310s][info ][safepoint      ] Safepoint "Cleanup", Time since last: 1000119266 ns, Reaching safepoint: 81303 ns, Cleanup: 17300 ns, At safepoint: 5900 ns, Total: 104503 ns
[913.310s][info ][safepoint      ] Safepoint "Cleanup", Time since last: 1000127453 ns, Reaching safepoint: 83603 ns, Cleanup: 23301 ns, At safepoint: 9800 ns, Total: 116704 ns
[914.310s][info ][safepoint      ] Safepoint "Cleanup", Time since last: 1000132680 ns, Reaching safepoint: 83303 ns, Cleanup: 13200 ns, At safepoint: 7301 ns, Total: 103804 ns
[915.311s][info ][safepoint      ] Safepoint "Cleanup", Time since last: 1000130179 ns, Reaching safepoint: 84203 ns, Cleanup: 11301 ns, At safepoint: 8200 ns, Total: 103704 ns
[916.311s][info ][safepoint      ] Safepoint "Cleanup", Time since last: 1000143380 ns, Reaching safepoint: 84603 ns, Cleanup: 11400 ns, At safepoint: 8101 ns, Total: 104104 ns
[917.311s][info ][safepoint      ] Safepoint "Cleanup", Time since last: 1000125179 ns, Reaching safepoint: 78203 ns, Cleanup: 16000 ns, At safepoint: 6901 ns, Total: 101104 ns
[918.311s][info ][safepoint      ] Safepoint "Cleanup", Time since last: 1000120879 ns, Reaching safepoint: 80703 ns, Cleanup: 13300 ns, At safepoint: 6400 ns, Total: 100403 ns
[920.312s][info ][safepoint      ] Safepoint "Cleanup", Time since last: 2000183557 ns, Reaching safepoint: 80103 ns, Cleanup: 18000 ns, At safepoint: 8201 ns, Total: 106304 ns
[924.312s][info ][safepoint      ] Safepoint "Cleanup", Time since last: 4000371009 ns, Reaching safepoint: 83503 ns, Cleanup: 10400 ns, At safepoint: 8501 ns, Total: 102404 ns
[926.312s][info ][safepoint      ] Safepoint "Cleanup", Time since last: 2000250557 ns, Reaching safepoint: 86303 ns, Cleanup: 10600 ns, At safepoint: 7300 ns, Total: 104203 ns
[927.313s][info ][safepoint      ] Safepoint "Cleanup", Time since last: 1000138579 ns, Reaching safepoint: 84503 ns, Cleanup: 11701 ns, At safepoint: 6400 ns, Total: 102604 ns
[928.313s][info ][safepoint      ] Safepoint "Cleanup", Time since last: 1000143179 ns, Reaching safepoint: 7700 ns, Cleanup: 15201 ns, At safepoint: 2600 ns, Total: 25501 ns
[930.313s][info ][safepoint      ] Safepoint "Cleanup", Time since last: 2000204246 ns, Reaching safepoint: 7601 ns, Cleanup: 15300 ns, At safepoint: 3200 ns, Total: 26101 ns
[931.313s][info ][safepoint      ] Safepoint "Cleanup", Time since last: 1000117220 ns, Reaching safepoint: 7400 ns, Cleanup: 26601 ns, At safepoint: 2700 ns, Total: 36701 ns
[942.314s][info ][safepoint      ] Safepoint "Cleanup", Time since last: 11000840295 ns, Reaching safepoint: 7200 ns, Cleanup: 10401 ns, At safepoint: 3000 ns, Total: 20601 ns
[943.314s][info ][safepoint      ] Safepoint "Cleanup", Time since last: 1000120936 ns, Reaching safepoint: 7300 ns, Cleanup: 9500 ns, At safepoint: 2901 ns, Total: 19701 ns
[945.315s][info ][safepoint      ] Safepoint "Cleanup", Time since last: 2000186837 ns, Reaching safepoint: 82603 ns, Cleanup: 9300 ns, At safepoint: 7000 ns, Total: 98903 ns
[946.315s][info ][safepoint      ] Safepoint "Cleanup", Time since last: 1000124966 ns, Reaching safepoint: 7500 ns, Cleanup: 12300 ns, At safepoint: 2600 ns, Total: 22400 ns
[947.315s][info ][safepoint      ] Safepoint "Cleanup", Time since last: 1000134666 ns, Reaching safepoint: 6900 ns, Cleanup: 13701 ns, At safepoint: 2700 ns, Total: 23301 ns
[948.315s][info ][safepoint      ] Safepoint "Cleanup", Time since last: 1000149166 ns, Reaching safepoint: 8000 ns, Cleanup: 10001 ns, At safepoint: 3100 ns, Total: 21101 ns
[949.315s][info ][safepoint      ] Safepoint "Cleanup", Time since last: 1000120565 ns, Reaching safepoint: 7600 ns, Cleanup: 10700 ns, At safepoint: 3300 ns, Total: 21600 ns
[956.316s][info ][safepoint      ] Safepoint "Cleanup", Time since last: 7000550598 ns, Reaching safepoint: 9300 ns, Cleanup: 16101 ns, At safepoint: 3700 ns, Total: 29101 ns
[960.316s][info ][safepoint      ] Safepoint "Cleanup", Time since last: 4000338061 ns, Reaching safepoint: 8700 ns, Cleanup: 8601 ns, At safepoint: 2800 ns, Total: 20101 ns
[965.910s][info ][gc,start       ] GC(26) Pause Young (Allocation Failure)
[965.926s][debug][gc,phases      ] GC(26) Scavenge 16.373ms
[965.926s][debug][gc,ref         ] GC(26) ReferenceProcessor::execute queues: 1, RefProcThreadModel::Single, marks_oops_alive: false
[965.926s][debug][gc,ref         ] GC(26) Skipped KeepAliveFinalRefsPhase of Reference Processing: no references
[965.926s][debug][gc,ref         ] GC(26) ReferenceProcessor::execute queues: 1, RefProcThreadModel::Single, marks_oops_alive: false
[965.926s][debug][gc,phases      ] GC(26) Reference Processing 0.134ms
[965.927s][debug][gc,phases      ] GC(26)   VM Weak                        Min:  0.0, Avg:  0.0, Max:  0.0, Diff:  0.0, Sum:  0.0, Workers: 4
[965.927s][debug][gc,phases      ] GC(26)     Dead                           Min: 0, Avg:  0.0, Max: 0, Diff: 0, Sum: 0, Workers: 4
[965.927s][debug][gc,phases      ] GC(26)     Total                          Min: 0, Avg: 224.2, Max: 768, Diff: 768, Sum: 897, Workers: 4
[965.927s][debug][gc,phases      ] GC(26)   ObjectSynchronizer Weak        Min:  0.0, Avg:  0.0, Max:  0.0, Diff:  0.0, Sum:  0.0, Workers: 4
[965.927s][debug][gc,phases      ] GC(26)     Dead                           Min: 0, Avg:  0.0, Max: 0, Diff: 0, Sum: 0, Workers: 4
[965.927s][debug][gc,phases      ] GC(26)     Total                          Min: 0, Avg:  1.0, Max: 4, Diff: 4, Sum: 4, Workers: 4
[965.927s][debug][gc,phases      ] GC(26)   JVMTI Tag Weak OopStorage      Min:  0.0, Avg:  0.0, Max:  0.0, Diff:  0.0, Sum:  0.0, Workers: 4
[965.927s][debug][gc,phases      ] GC(26)     Dead                           Min: 0, Avg:  0.0, Max: 0, Diff: 0, Sum: 0, Workers: 4
[965.927s][debug][gc,phases      ] GC(26)     Total                          Min: 0, Avg:  0.0, Max: 0, Diff: 0, Sum: 0, Workers: 4
[965.927s][debug][gc,phases      ] GC(26)   StringTable Weak               Min:  0.0, Avg:  0.1, Max:  0.3, Diff:  0.3, Sum:  0.5, Workers: 4
[965.927s][debug][gc,phases      ] GC(26)     Dead                           Min: 0, Avg:  1.0, Max: 4, Diff: 4, Sum: 4, Workers: 4
[965.927s][debug][gc,phases      ] GC(26)     Total                          Min: 0, Avg: 11106.8, Max: 24587, Diff: 24587, Sum: 44427, Workers: 4
[965.927s][debug][gc,phases      ] GC(26)   ResolvedMethodTable Weak       Min:  0.0, Avg:  0.0, Max:  0.1, Diff:  0.1, Sum:  0.2, Workers: 4
[965.927s][debug][gc,phases      ] GC(26)     Dead                           Min: 0, Avg:  6.5, Max: 20, Diff: 20, Sum: 26, Workers: 4
[965.927s][debug][gc,phases      ] GC(26)     Total                          Min: 0, Avg: 3479.2, Max: 7463, Diff: 7463, Sum: 13917, Workers: 4
[965.927s][debug][gc,phases      ] GC(26)   JNI Weak                       Min:  0.0, Avg:  0.0, Max:  0.0, Diff:  0.0, Sum:  0.0, Workers: 4
[965.927s][debug][gc,phases      ] GC(26)     Dead                           Min: 0, Avg:  0.0, Max: 0, Diff: 0, Sum: 0, Workers: 4
[965.927s][debug][gc,phases      ] GC(26)     Total                          Min: 0, Avg: 13.0, Max: 52, Diff: 52, Sum: 52, Workers: 4
[965.927s][debug][gc,phases      ] GC(26)   StringDedup Table Weak         Min:  0.0, Avg:  0.0, Max:  0.0, Diff:  0.0, Sum:  0.0, Workers: 4
[965.927s][debug][gc,phases      ] GC(26)     Dead                           Min: 0, Avg:  0.0, Max: 0, Diff: 0, Sum: 0, Workers: 4
[965.927s][debug][gc,phases      ] GC(26)     Total                          Min: 0, Avg:  0.0, Max: 0, Diff: 0, Sum: 0, Workers: 4
[965.927s][debug][gc,phases      ] GC(26)   StringDedup Requests0 Weak     Min:  0.0, Avg:  0.0, Max:  0.0, Diff:  0.0, Sum:  0.0, Workers: 4
[965.927s][debug][gc,phases      ] GC(26)     Dead                           Min: 0, Avg:  0.0, Max: 0, Diff: 0, Sum: 0, Workers: 4
[965.927s][debug][gc,phases      ] GC(26)     Total                          Min: 0, Avg:  0.0, Max: 0, Diff: 0, Sum: 0, Workers: 4
[965.927s][debug][gc,phases      ] GC(26)   StringDedup Requests1 Weak     Min:  0.0, Avg:  0.0, Max:  0.0, Diff:  0.0, Sum:  0.0, Workers: 4
[965.927s][debug][gc,phases      ] GC(26)     Dead                           Min: 0, Avg:  0.0, Max: 0, Diff: 0, Sum: 0, Workers: 4
[965.927s][debug][gc,phases      ] GC(26)     Total                          Min: 0, Avg:  0.0, Max: 0, Diff: 0, Sum: 0, Workers: 4
[965.927s][debug][gc,phases      ] GC(26)   Weak JFR Old Object Samples    Min:  0.0, Avg:  0.0, Max:  0.0, Diff:  0.0, Sum:  0.0, Workers: 4
[965.927s][debug][gc,phases      ] GC(26)     Dead                           Min: 0, Avg:  0.0, Max: 0, Diff: 0, Sum: 0, Workers: 4
[965.927s][debug][gc,phases      ] GC(26)     Total                          Min: 0, Avg:  0.0, Max: 0, Diff: 0, Sum: 0, Workers: 4
[965.927s][debug][gc,phases      ] GC(26) Weak Processing 0.666ms
[965.927s][debug][gc,age         ] GC(26) Desired survivor size 168296448 bytes, new threshold 1 (max threshold 15)
[965.927s][info ][gc,heap        ] GC(26) PSYoungGen: 1745920K(1902080K)->4720K(1932800K) Eden: 1720320K(1720320K)->0K(1761792K) From: 25600K(181760K)->4720K(171008K)
[965.927s][info ][gc,heap        ] GC(26) ParOldGen: 314829K(314880K)->338562K(338944K)
[965.927s][info ][gc,metaspace   ] GC(26) Metaspace: 101103K(102336K)->101103K(102336K) NonClass: 85925K(86592K)->85925K(86592K) Class: 15178K(15744K)->15178K(15744K)
[965.927s][info ][gc             ] GC(26) Pause Young (Allocation Failure) 2012M->335M(2218M) 17.337ms
[965.927s][info ][gc,cpu         ] GC(26) User=0.04s Sys=0.02s Real=0.02s
[965.927s][info ][safepoint      ] Safepoint "ParallelGCFailedAllocation", Time since last: 5593239796 ns, Reaching safepoint: 114804 ns, Cleanup: 6000 ns, At safepoint: 17432119 ns, Total: 17552923 ns
[966.927s][info ][safepoint      ] Safepoint "Cleanup", Time since last: 1000106374 ns, Reaching safepoint: 8500 ns, Cleanup: 11800 ns, At safepoint: 3400 ns, Total: 23700 ns
[972.928s][info ][safepoint      ] Safepoint "Cleanup", Time since last: 6000530713 ns, Reaching safepoint: 8000 ns, Cleanup: 11501 ns, At safepoint: 3200 ns, Total: 22701 ns
[980.928s][info ][safepoint      ] Safepoint "Cleanup", Time since last: 8000739865 ns, Reaching safepoint: 7600 ns, Cleanup: 15801 ns, At safepoint: 3100 ns, Total: 26501 ns
[982.929s][info ][safepoint      ] Safepoint "Cleanup", Time since last: 2000187993 ns, Reaching safepoint: 7700 ns, Cleanup: 12700 ns, At safepoint: 3100 ns, Total: 23500 ns
[983.929s][info ][safepoint      ] Safepoint "Cleanup", Time since last: 1000120948 ns, Reaching safepoint: 7700 ns, Cleanup: 11401 ns, At safepoint: 3100 ns, Total: 22201 ns
[989.929s][info ][safepoint      ] Safepoint "Cleanup", Time since last: 6000505762 ns, Reaching safepoint: 9700 ns, Cleanup: 18901 ns, At safepoint: 3300 ns, Total: 31901 ns
[990.929s][info ][safepoint      ] Safepoint "Cleanup", Time since last: 1000131471 ns, Reaching safepoint: 8500 ns, Cleanup: 13301 ns, At safepoint: 3200 ns, Total: 25001 ns
[993.930s][info ][safepoint      ] Safepoint "Cleanup", Time since last: 3000280848 ns, Reaching safepoint: 8600 ns, Cleanup: 10200 ns, At safepoint: 3301 ns, Total: 22101 ns
[995.930s][info ][safepoint      ] Safepoint "Cleanup", Time since last: 2000201937 ns, Reaching safepoint: 7801 ns, Cleanup: 18700 ns, At safepoint: 3101 ns, Total: 29602 ns
[996.930s][info ][safepoint      ] Safepoint "Cleanup", Time since last: 1000120769 ns, Reaching safepoint: 6500 ns, Cleanup: 15101 ns, At safepoint: 4000 ns, Total: 25601 ns
[1003.931s][info ][safepoint      ] Safepoint "Cleanup", Time since last: 7000566424 ns, Reaching safepoint: 80402 ns, Cleanup: 13501 ns, At safepoint: 6200 ns, Total: 100103 ns
[1005.931s][info ][safepoint      ] Safepoint "Cleanup", Time since last: 2000195306 ns, Reaching safepoint: 6800 ns, Cleanup: 12300 ns, At safepoint: 3301 ns, Total: 22401 ns
[1007.931s][info ][safepoint      ] Safepoint "Cleanup", Time since last: 2000206806 ns, Reaching safepoint: 7100 ns, Cleanup: 11900 ns, At safepoint: 2900 ns, Total: 21900 ns
[1008.931s][info ][safepoint      ] Safepoint "Cleanup", Time since last: 1000136991 ns, Reaching safepoint: 7700 ns, Cleanup: 12000 ns, At safepoint: 3000 ns, Total: 22700 ns
[1009.932s][info ][safepoint      ] Safepoint "Cleanup", Time since last: 1000121587 ns, Reaching safepoint: 8000 ns, Cleanup: 12500 ns, At safepoint: 3300 ns, Total: 23800 ns
[1015.932s][info ][safepoint      ] Safepoint "Cleanup", Time since last: 6000546712 ns, Reaching safepoint: 7700 ns, Cleanup: 40002 ns, At safepoint: 3300 ns, Total: 51002 ns
[1016.932s][info ][safepoint      ] Safepoint "Cleanup", Time since last: 1000163039 ns, Reaching safepoint: 8700 ns, Cleanup: 38302 ns, At safepoint: 3500 ns, Total: 50502 ns
[1018.933s][info ][safepoint      ] Safepoint "Cleanup", Time since last: 2000196645 ns, Reaching safepoint: 8800 ns, Cleanup: 14301 ns, At safepoint: 3300 ns, Total: 26401 ns
[1021.345s][info ][safepoint      ] Safepoint "Cleanup", Time since last: 2412038132 ns, Reaching safepoint: 6200 ns, Cleanup: 12401 ns, At safepoint: 3000 ns, Total: 21601 ns
[1022.345s][info ][safepoint      ] Safepoint "Cleanup", Time since last: 1000118123 ns, Reaching safepoint: 7300 ns, Cleanup: 31402 ns, At safepoint: 3300 ns, Total: 42002 ns
[1026.345s][info ][safepoint      ] Safepoint "Cleanup", Time since last: 4000365285 ns, Reaching safepoint: 10200 ns, Cleanup: 14101 ns, At safepoint: 3300 ns, Total: 27601 ns
[1027.345s][info ][safepoint      ] Safepoint "Cleanup", Time since last: 1000169854 ns, Reaching safepoint: 6800 ns, Cleanup: 9801 ns, At safepoint: 2600 ns, Total: 19201 ns
[1033.346s][info ][safepoint      ] Safepoint "Cleanup", Time since last: 6000485451 ns, Reaching safepoint: 6800 ns, Cleanup: 10201 ns, At safepoint: 3400 ns, Total: 20401 ns
[1034.346s][info ][safepoint      ] Safepoint "Cleanup", Time since last: 1000120941 ns, Reaching safepoint: 8200 ns, Cleanup: 12901 ns, At safepoint: 3200 ns, Total: 24301 ns
[1037.346s][info ][safepoint      ] Safepoint "Cleanup", Time since last: 3000407425 ns, Reaching safepoint: 6700 ns, Cleanup: 10800 ns, At safepoint: 2901 ns, Total: 20401 ns
[1041.347s][info ][safepoint      ] Safepoint "Cleanup", Time since last: 4000387347 ns, Reaching safepoint: 7500 ns, Cleanup: 12900 ns, At safepoint: 3301 ns, Total: 23701 ns
[1042.347s][info ][safepoint      ] Safepoint "Cleanup", Time since last: 1000114722 ns, Reaching safepoint: 6500 ns, Cleanup: 9501 ns, At safepoint: 2700 ns, Total: 18701 ns
[1042.861s][info ][gc,start       ] GC(27) Pause Young (Allocation Failure)
[1042.866s][debug][gc,phases      ] GC(27) Scavenge 4.960ms
[1042.866s][debug][gc,ref         ] GC(27) ReferenceProcessor::execute queues: 1, RefProcThreadModel::Single, marks_oops_alive: false
[1042.866s][debug][gc,ref         ] GC(27) Skipped KeepAliveFinalRefsPhase of Reference Processing: no references
[1042.866s][debug][gc,ref         ] GC(27) ReferenceProcessor::execute queues: 1, RefProcThreadModel::Single, marks_oops_alive: false
[1042.866s][debug][gc,phases      ] GC(27) Reference Processing 0.120ms
[1042.867s][debug][gc,phases      ] GC(27)   VM Weak                        Min:  0.0, Avg:  0.0, Max:  0.0, Diff:  0.0, Sum:  0.0, Workers: 4
[1042.867s][debug][gc,phases      ] GC(27)     Dead                           Min: 0, Avg:  0.0, Max: 0, Diff: 0, Sum: 0, Workers: 4
[1042.867s][debug][gc,phases      ] GC(27)     Total                          Min: 0, Avg: 224.2, Max: 576, Diff: 576, Sum: 897, Workers: 4
[1042.867s][debug][gc,phases      ] GC(27)   ObjectSynchronizer Weak        Min:  0.0, Avg:  0.0, Max:  0.0, Diff:  0.0, Sum:  0.0, Workers: 4
[1042.867s][debug][gc,phases      ] GC(27)     Dead                           Min: 0, Avg:  0.0, Max: 0, Diff: 0, Sum: 0, Workers: 4
[1042.867s][debug][gc,phases      ] GC(27)     Total                          Min: 0, Avg:  0.8, Max: 3, Diff: 3, Sum: 3, Workers: 4
[1042.867s][debug][gc,phases      ] GC(27)   JVMTI Tag Weak OopStorage      Min:  0.0, Avg:  0.0, Max:  0.0, Diff:  0.0, Sum:  0.0, Workers: 4
[1042.867s][debug][gc,phases      ] GC(27)     Dead                           Min: 0, Avg:  0.0, Max: 0, Diff: 0, Sum: 0, Workers: 4
[1042.867s][debug][gc,phases      ] GC(27)     Total                          Min: 0, Avg:  0.0, Max: 0, Diff: 0, Sum: 0, Workers: 4
[1042.867s][debug][gc,phases      ] GC(27)   StringTable Weak               Min:  0.0, Avg:  0.1, Max:  0.1, Diff:  0.1, Sum:  0.4, Workers: 4
[1042.867s][debug][gc,phases      ] GC(27)     Dead                           Min: 0, Avg:  0.2, Max: 1, Diff: 1, Sum: 1, Workers: 4
[1042.867s][debug][gc,phases      ] GC(27)     Total                          Min: 0, Avg: 11112.5, Max: 15074, Diff: 15074, Sum: 44450, Workers: 4
[1042.867s][debug][gc,phases      ] GC(27)   ResolvedMethodTable Weak       Min:  0.0, Avg:  0.0, Max:  0.0, Diff:  0.0, Sum:  0.1, Workers: 4
[1042.867s][debug][gc,phases      ] GC(27)     Dead                           Min: 0, Avg:  8.2, Max: 31, Diff: 31, Sum: 33, Workers: 4
[1042.867s][debug][gc,phases      ] GC(27)     Total                          Min: 0, Avg: 3488.2, Max: 5284, Diff: 5284, Sum: 13953, Workers: 4
[1042.867s][debug][gc,phases      ] GC(27)   JNI Weak                       Min:  0.0, Avg:  0.0, Max:  0.0, Diff:  0.0, Sum:  0.0, Workers: 4
[1042.867s][debug][gc,phases      ] GC(27)     Dead                           Min: 0, Avg:  0.0, Max: 0, Diff: 0, Sum: 0, Workers: 4
[1042.867s][debug][gc,phases      ] GC(27)     Total                          Min: 0, Avg: 13.0, Max: 52, Diff: 52, Sum: 52, Workers: 4
[1042.867s][debug][gc,phases      ] GC(27)   StringDedup Table Weak         Min:  0.0, Avg:  0.0, Max:  0.0, Diff:  0.0, Sum:  0.0, Workers: 4
[1042.867s][debug][gc,phases      ] GC(27)     Dead                           Min: 0, Avg:  0.0, Max: 0, Diff: 0, Sum: 0, Workers: 4
[1042.867s][debug][gc,phases      ] GC(27)     Total                          Min: 0, Avg:  0.0, Max: 0, Diff: 0, Sum: 0, Workers: 4
[1042.867s][debug][gc,phases      ] GC(27)   StringDedup Requests0 Weak     Min:  0.0, Avg:  0.0, Max:  0.0, Diff:  0.0, Sum:  0.0, Workers: 4
[1042.867s][debug][gc,phases      ] GC(27)     Dead                           Min: 0, Avg:  0.0, Max: 0, Diff: 0, Sum: 0, Workers: 4
[1042.867s][debug][gc,phases      ] GC(27)     Total                          Min: 0, Avg:  0.0, Max: 0, Diff: 0, Sum: 0, Workers: 4
[1042.867s][debug][gc,phases      ] GC(27)   StringDedup Requests1 Weak     Min:  0.0, Avg:  0.0, Max:  0.0, Diff:  0.0, Sum:  0.0, Workers: 4
[1042.867s][debug][gc,phases      ] GC(27)     Dead                           Min: 0, Avg:  0.0, Max: 0, Diff: 0, Sum: 0, Workers: 4
[1042.867s][debug][gc,phases      ] GC(27)     Total                          Min: 0, Avg:  0.0, Max: 0, Diff: 0, Sum: 0, Workers: 4
[1042.867s][debug][gc,phases      ] GC(27)   Weak JFR Old Object Samples    Min:  0.0, Avg:  0.0, Max:  0.0, Diff:  0.0, Sum:  0.0, Workers: 4
[1042.867s][debug][gc,phases      ] GC(27)     Dead                           Min: 0, Avg:  0.0, Max: 0, Diff: 0, Sum: 0, Workers: 4
[1042.867s][debug][gc,phases      ] GC(27)     Total                          Min: 0, Avg:  0.0, Max: 0, Diff: 0, Sum: 0, Workers: 4
[1042.867s][debug][gc,phases      ] GC(27) Weak Processing 0.429ms
[1042.867s][debug][gc,age         ] GC(27) Desired survivor size 161480704 bytes, new threshold 1 (max threshold 15)
[1042.867s][info ][gc,heap        ] GC(27) PSYoungGen: 1766512K(1932800K)->4720K(1926144K) Eden: 1761792K(1761792K)->0K(1761792K) From: 4720K(171008K)->4720K(164352K)
[1042.867s][info ][gc,heap        ] GC(27) ParOldGen: 338562K(338944K)->340078K(340480K)
[1042.867s][info ][gc,metaspace   ] GC(27) Metaspace: 101191K(102400K)->101191K(102400K) NonClass: 85999K(86656K)->85999K(86656K) Class: 15191K(15744K)->15191K(15744K)
[1042.867s][info ][gc             ] GC(27) Pause Young (Allocation Failure) 2055M->336M(2213M) 5.654ms
[1042.867s][info ][gc,cpu         ] GC(27) User=0.00s Sys=0.01s Real=0.01s
[1042.867s][info ][safepoint      ] Safepoint "ParallelGCFailedAllocation", Time since last: 513969804 ns, Reaching safepoint: 115504 ns, Cleanup: 4700 ns, At safepoint: 5737303 ns, Total: 5857507 ns
[1048.867s][info ][safepoint      ] Safepoint "Cleanup", Time since last: 6000473268 ns, Reaching safepoint: 6901 ns, Cleanup: 12600 ns, At safepoint: 3000 ns, Total: 22501 ns
[1057.868s][info ][safepoint      ] Safepoint "Cleanup", Time since last: 9000769223 ns, Reaching safepoint: 6800 ns, Cleanup: 12401 ns, At safepoint: 2800 ns, Total: 22001 ns
[1068.869s][info ][safepoint      ] Safepoint "Cleanup", Time since last: 11000843724 ns, Reaching safepoint: 6700 ns, Cleanup: 11300 ns, At safepoint: 3000 ns, Total: 21000 ns
[1077.870s][info ][safepoint      ] Safepoint "Cleanup", Time since last: 9000709634 ns, Reaching safepoint: 7400 ns, Cleanup: 11301 ns, At safepoint: 3100 ns, Total: 21801 ns
[1079.870s][info ][safepoint      ] Safepoint "Cleanup", Time since last: 2000196457 ns, Reaching safepoint: 7101 ns, Cleanup: 11800 ns, At safepoint: 3500 ns, Total: 22401 ns
[1090.871s][info ][safepoint      ] Safepoint "Cleanup", Time since last: 11000842863 ns, Reaching safepoint: 9400 ns, Cleanup: 20201 ns, At safepoint: 3100 ns, Total: 32701 ns
[1091.871s][info ][safepoint      ] Safepoint "Cleanup", Time since last: 1000130810 ns, Reaching safepoint: 7201 ns, Cleanup: 12600 ns, At safepoint: 3500 ns, Total: 23301 ns
[1095.871s][info ][safepoint      ] Safepoint "Cleanup", Time since last: 4000349235 ns, Reaching safepoint: 6701 ns, Cleanup: 15500 ns, At safepoint: 3300 ns, Total: 25501 ns
[1097.872s][info ][safepoint      ] Safepoint "Cleanup", Time since last: 2000189035 ns, Reaching safepoint: 8900 ns, Cleanup: 15101 ns, At safepoint: 3500 ns, Total: 27501 ns
[1098.872s][info ][safepoint      ] Safepoint "Cleanup", Time since last: 1000132624 ns, Reaching safepoint: 9500 ns, Cleanup: 14401 ns, At safepoint: 4200 ns, Total: 28101 ns
[1099.872s][info ][safepoint      ] Safepoint "Cleanup", Time since last: 1000131624 ns, Reaching safepoint: 8700 ns, Cleanup: 9401 ns, At safepoint: 3300 ns, Total: 21401 ns
[1101.872s][info ][safepoint      ] Safepoint "Cleanup", Time since last: 2000211646 ns, Reaching safepoint: 7200 ns, Cleanup: 10700 ns, At safepoint: 2700 ns, Total: 20600 ns
[1102.872s][info ][safepoint      ] Safepoint "Cleanup", Time since last: 1000119824 ns, Reaching safepoint: 9000 ns, Cleanup: 10301 ns, At safepoint: 3200 ns, Total: 22501 ns
[1103.872s][info ][safepoint      ] Safepoint "Cleanup", Time since last: 1000107123 ns, Reaching safepoint: 9000 ns, Cleanup: 12100 ns, At safepoint: 3201 ns, Total: 24301 ns
[1105.873s][info ][safepoint      ] Safepoint "Cleanup", Time since last: 2000226565 ns, Reaching safepoint: 9100 ns, Cleanup: 12400 ns, At safepoint: 4201 ns, Total: 25701 ns
[1122.960s][info ][gc,start       ] GC(28) Pause Young (Allocation Failure)
[1122.963s][debug][gc,phases      ] GC(28) Scavenge 2.488ms
[1122.963s][debug][gc,ref         ] GC(28) ReferenceProcessor::execute queues: 1, RefProcThreadModel::Single, marks_oops_alive: false
[1122.963s][debug][gc,ref         ] GC(28) Skipped KeepAliveFinalRefsPhase of Reference Processing: no references
[1122.963s][debug][gc,ref         ] GC(28) Skipped PhantomRefsPhase of Reference Processing: no references
[1122.963s][debug][gc,phases      ] GC(28) Reference Processing 0.123ms
[1122.963s][debug][gc,phases      ] GC(28)   VM Weak                        Min:  0.0, Avg:  0.0, Max:  0.0, Diff:  0.0, Sum:  0.0, Workers: 4
[1122.963s][debug][gc,phases      ] GC(28)     Dead                           Min: 0, Avg:  0.0, Max: 0, Diff: 0, Sum: 0, Workers: 4
[1122.963s][debug][gc,phases      ] GC(28)     Total                          Min: 0, Avg: 224.2, Max: 897, Diff: 897, Sum: 897, Workers: 4
[1122.963s][debug][gc,phases      ] GC(28)   ObjectSynchronizer Weak        Min:  0.0, Avg:  0.0, Max:  0.0, Diff:  0.0, Sum:  0.0, Workers: 4
[1122.963s][debug][gc,phases      ] GC(28)     Dead                           Min: 0, Avg:  0.0, Max: 0, Diff: 0, Sum: 0, Workers: 4
[1122.963s][debug][gc,phases      ] GC(28)     Total                          Min: 0, Avg:  0.8, Max: 3, Diff: 3, Sum: 3, Workers: 4
[1122.963s][debug][gc,phases      ] GC(28)   JVMTI Tag Weak OopStorage      Min:  0.0, Avg:  0.0, Max:  0.0, Diff:  0.0, Sum:  0.0, Workers: 4
[1122.963s][debug][gc,phases      ] GC(28)     Dead                           Min: 0, Avg:  0.0, Max: 0, Diff: 0, Sum: 0, Workers: 4
[1122.963s][debug][gc,phases      ] GC(28)     Total                          Min: 0, Avg:  0.0, Max: 0, Diff: 0, Sum: 0, Workers: 4
[1122.963s][debug][gc,phases      ] GC(28)   StringTable Weak               Min:  0.0, Avg:  0.1, Max:  0.1, Diff:  0.1, Sum:  0.4, Workers: 4
[1122.963s][debug][gc,phases      ] GC(28)     Dead                           Min: 0, Avg:  0.0, Max: 0, Diff: 0, Sum: 0, Workers: 4
[1122.963s][debug][gc,phases      ] GC(28)     Total                          Min: 0, Avg: 11113.5, Max: 15591, Diff: 15591, Sum: 44454, Workers: 4
[1122.963s][debug][gc,phases      ] GC(28)   ResolvedMethodTable Weak       Min:  0.0, Avg:  0.0, Max:  0.0, Diff:  0.0, Sum:  0.1, Workers: 4
[1122.963s][debug][gc,phases      ] GC(28)     Dead                           Min: 0, Avg:  4.0, Max: 16, Diff: 16, Sum: 16, Workers: 4
[1122.963s][debug][gc,phases      ] GC(28)     Total                          Min: 0, Avg: 3488.2, Max: 4992, Diff: 4992, Sum: 13953, Workers: 4
[1122.963s][debug][gc,phases      ] GC(28)   JNI Weak                       Min:  0.0, Avg:  0.0, Max:  0.0, Diff:  0.0, Sum:  0.0, Workers: 4
[1122.963s][debug][gc,phases      ] GC(28)     Dead                           Min: 0, Avg:  0.0, Max: 0, Diff: 0, Sum: 0, Workers: 4
[1122.963s][debug][gc,phases      ] GC(28)     Total                          Min: 0, Avg: 13.0, Max: 52, Diff: 52, Sum: 52, Workers: 4
[1122.963s][debug][gc,phases      ] GC(28)   StringDedup Table Weak         Min:  0.0, Avg:  0.0, Max:  0.0, Diff:  0.0, Sum:  0.0, Workers: 4
[1122.963s][debug][gc,phases      ] GC(28)     Dead                           Min: 0, Avg:  0.0, Max: 0, Diff: 0, Sum: 0, Workers: 4
[1122.963s][debug][gc,phases      ] GC(28)     Total                          Min: 0, Avg:  0.0, Max: 0, Diff: 0, Sum: 0, Workers: 4
[1122.963s][debug][gc,phases      ] GC(28)   StringDedup Requests0 Weak     Min:  0.0, Avg:  0.0, Max:  0.0, Diff:  0.0, Sum:  0.0, Workers: 4
[1122.963s][debug][gc,phases      ] GC(28)     Dead                           Min: 0, Avg:  0.0, Max: 0, Diff: 0, Sum: 0, Workers: 4
[1122.963s][debug][gc,phases      ] GC(28)     Total                          Min: 0, Avg:  0.0, Max: 0, Diff: 0, Sum: 0, Workers: 4
[1122.963s][debug][gc,phases      ] GC(28)   StringDedup Requests1 Weak     Min:  0.0, Avg:  0.0, Max:  0.0, Diff:  0.0, Sum:  0.0, Workers: 4
[1122.963s][debug][gc,phases      ] GC(28)     Dead                           Min: 0, Avg:  0.0, Max: 0, Diff: 0, Sum: 0, Workers: 4
[1122.963s][debug][gc,phases      ] GC(28)     Total                          Min: 0, Avg:  0.0, Max: 0, Diff: 0, Sum: 0, Workers: 4
[1122.963s][debug][gc,phases      ] GC(28)   Weak JFR Old Object Samples    Min:  0.0, Avg:  0.0, Max:  0.0, Diff:  0.0, Sum:  0.0, Workers: 4
[1122.963s][debug][gc,phases      ] GC(28)     Dead                           Min: 0, Avg:  0.0, Max: 0, Diff: 0, Sum: 0, Workers: 4
[1122.963s][debug][gc,phases      ] GC(28)     Total                          Min: 0, Avg:  0.0, Max: 0, Diff: 0, Sum: 0, Workers: 4
[1122.963s][debug][gc,phases      ] GC(28) Weak Processing 0.439ms
[1122.963s][debug][gc,age         ] GC(28) Desired survivor size 154140672 bytes, new threshold 1 (max threshold 15)
[1122.963s][info ][gc,heap        ] GC(28) PSYoungGen: 1766512K(1926144K)->3888K(1946624K) Eden: 1761792K(1761792K)->0K(1788928K) From: 4720K(164352K)->3888K(157696K)
[1122.963s][info ][gc,heap        ] GC(28) ParOldGen: 340078K(340480K)->340774K(340992K)
[1122.963s][info ][gc,metaspace   ] GC(28) Metaspace: 101214K(102400K)->101214K(102400K) NonClass: 86019K(86656K)->86019K(86656K) Class: 15194K(15744K)->15194K(15744K)
[1122.963s][info ][gc             ] GC(28) Pause Young (Allocation Failure) 2057M->336M(2234M) 3.200ms
[1122.963s][info ][gc,cpu         ] GC(28) User=0.01s Sys=0.00s Real=0.00s
[1122.963s][info ][safepoint      ] Safepoint "ParallelGCFailedAllocation", Time since last: 17087301193 ns, Reaching safepoint: 85203 ns, Cleanup: 4000 ns, At safepoint: 3285716 ns, Total: 3374919 ns
[1124.963s][info ][safepoint      ] Safepoint "Cleanup", Time since last: 2000186841 ns, Reaching safepoint: 6801 ns, Cleanup: 11700 ns, At safepoint: 3000 ns, Total: 21501 ns
[1127.964s][info ][safepoint      ] Safepoint "Cleanup", Time since last: 3000268411 ns, Reaching safepoint: 6600 ns, Cleanup: 15801 ns, At safepoint: 2800 ns, Total: 25201 ns
[1131.964s][info ][safepoint      ] Safepoint "Cleanup", Time since last: 4000352957 ns, Reaching safepoint: 7000 ns, Cleanup: 16201 ns, At safepoint: 2800 ns, Total: 26001 ns
[1137.965s][info ][safepoint      ] Safepoint "Cleanup", Time since last: 6000468877 ns, Reaching safepoint: 7100 ns, Cleanup: 11501 ns, At safepoint: 3300 ns, Total: 21901 ns
[1139.965s][info ][safepoint      ] Safepoint "Cleanup", Time since last: 2000196512 ns, Reaching safepoint: 7401 ns, Cleanup: 11200 ns, At safepoint: 3300 ns, Total: 21901 ns
[1141.965s][info ][safepoint      ] Safepoint "Cleanup", Time since last: 2000208213 ns, Reaching safepoint: 6800 ns, Cleanup: 6700 ns, At safepoint: 2401 ns, Total: 15901 ns
[1142.965s][info ][safepoint      ] Safepoint "Cleanup", Time since last: 1000128557 ns, Reaching safepoint: 78803 ns, Cleanup: 9200 ns, At safepoint: 7100 ns, Total: 95103 ns
[1150.966s][info ][safepoint      ] Safepoint "Cleanup", Time since last: 8000634904 ns, Reaching safepoint: 6600 ns, Cleanup: 6700 ns, At safepoint: 2901 ns, Total: 16201 ns
[1166.967s][info ][safepoint      ] Safepoint "Cleanup", Time since last: 16001272541 ns, Reaching safepoint: 7201 ns, Cleanup: 16000 ns, At safepoint: 3000 ns, Total: 26201 ns
[1186.969s][info ][safepoint      ] Safepoint "Cleanup", Time since last: 20001617210 ns, Reaching safepoint: 7101 ns, Cleanup: 33601 ns, At safepoint: 2600 ns, Total: 43302 ns
[1187.969s][info ][safepoint      ] Safepoint "Cleanup", Time since last: 1000141491 ns, Reaching safepoint: 6400 ns, Cleanup: 26901 ns, At safepoint: 2600 ns, Total: 35901 ns
[1205.911s][info ][gc,start       ] GC(29) Pause Young (Allocation Failure)
[1205.914s][debug][gc,phases      ] GC(29) Scavenge 3.158ms
[1205.914s][debug][gc,ref         ] GC(29) ReferenceProcessor::execute queues: 1, RefProcThreadModel::Single, marks_oops_alive: false
[1205.914s][debug][gc,ref         ] GC(29) Skipped KeepAliveFinalRefsPhase of Reference Processing: no references
[1205.914s][debug][gc,ref         ] GC(29) Skipped PhantomRefsPhase of Reference Processing: no references
[1205.914s][debug][gc,phases      ] GC(29) Reference Processing 0.113ms
[1205.915s][debug][gc,phases      ] GC(29)   VM Weak                        Min:  0.0, Avg:  0.0, Max:  0.0, Diff:  0.0, Sum:  0.0, Workers: 4
[1205.915s][debug][gc,phases      ] GC(29)     Dead                           Min: 0, Avg:  0.0, Max: 0, Diff: 0, Sum: 0, Workers: 4
[1205.915s][debug][gc,phases      ] GC(29)     Total                          Min: 0, Avg: 224.2, Max: 769, Diff: 769, Sum: 897, Workers: 4
[1205.915s][debug][gc,phases      ] GC(29)   ObjectSynchronizer Weak        Min:  0.0, Avg:  0.0, Max:  0.0, Diff:  0.0, Sum:  0.0, Workers: 4
[1205.915s][debug][gc,phases      ] GC(29)     Dead                           Min: 0, Avg:  0.0, Max: 0, Diff: 0, Sum: 0, Workers: 4
[1205.915s][debug][gc,phases      ] GC(29)     Total                          Min: 0, Avg:  0.8, Max: 3, Diff: 3, Sum: 3, Workers: 4
[1205.915s][debug][gc,phases      ] GC(29)   JVMTI Tag Weak OopStorage      Min:  0.0, Avg:  0.0, Max:  0.0, Diff:  0.0, Sum:  0.0, Workers: 4
[1205.915s][debug][gc,phases      ] GC(29)     Dead                           Min: 0, Avg:  0.0, Max: 0, Diff: 0, Sum: 0, Workers: 4
[1205.915s][debug][gc,phases      ] GC(29)     Total                          Min: 0, Avg:  0.0, Max: 0, Diff: 0, Sum: 0, Workers: 4
[1205.915s][debug][gc,phases      ] GC(29)   StringTable Weak               Min:  0.0, Avg:  0.1, Max:  0.1, Diff:  0.1, Sum:  0.4, Workers: 4
[1205.915s][debug][gc,phases      ] GC(29)     Dead                           Min: 0, Avg:  0.0, Max: 0, Diff: 0, Sum: 0, Workers: 4
[1205.915s][debug][gc,phases      ] GC(29)     Total                          Min: 0, Avg: 11113.5, Max: 15488, Diff: 15488, Sum: 44454, Workers: 4
[1205.915s][debug][gc,phases      ] GC(29)   ResolvedMethodTable Weak       Min:  0.0, Avg:  0.0, Max:  0.0, Diff:  0.0, Sum:  0.1, Workers: 4
[1205.915s][debug][gc,phases      ] GC(29)     Dead                           Min: 0, Avg:  4.0, Max: 16, Diff: 16, Sum: 16, Workers: 4
[1205.915s][debug][gc,phases      ] GC(29)     Total                          Min: 176, Avg: 3488.2, Max: 5196, Diff: 5020, Sum: 13953, Workers: 4
[1205.915s][debug][gc,phases      ] GC(29)   JNI Weak                       Min:  0.0, Avg:  0.0, Max:  0.0, Diff:  0.0, Sum:  0.0, Workers: 4
[1205.915s][debug][gc,phases      ] GC(29)     Dead                           Min: 0, Avg:  0.0, Max: 0, Diff: 0, Sum: 0, Workers: 4
[1205.915s][debug][gc,phases      ] GC(29)     Total                          Min: 0, Avg: 13.0, Max: 52, Diff: 52, Sum: 52, Workers: 4
[1205.915s][debug][gc,phases      ] GC(29)   StringDedup Table Weak         Min:  0.0, Avg:  0.0, Max:  0.0, Diff:  0.0, Sum:  0.0, Workers: 4
[1205.915s][debug][gc,phases      ] GC(29)     Dead                           Min: 0, Avg:  0.0, Max: 0, Diff: 0, Sum: 0, Workers: 4
[1205.915s][debug][gc,phases      ] GC(29)     Total                          Min: 0, Avg:  0.0, Max: 0, Diff: 0, Sum: 0, Workers: 4
[1205.915s][debug][gc,phases      ] GC(29)   StringDedup Requests0 Weak     Min:  0.0, Avg:  0.0, Max:  0.0, Diff:  0.0, Sum:  0.0, Workers: 4
[1205.915s][debug][gc,phases      ] GC(29)     Dead                           Min: 0, Avg:  0.0, Max: 0, Diff: 0, Sum: 0, Workers: 4
[1205.915s][debug][gc,phases      ] GC(29)     Total                          Min: 0, Avg:  0.0, Max: 0, Diff: 0, Sum: 0, Workers: 4
[1205.915s][debug][gc,phases      ] GC(29)   StringDedup Requests1 Weak     Min:  0.0, Avg:  0.0, Max:  0.0, Diff:  0.0, Sum:  0.0, Workers: 4
[1205.915s][debug][gc,phases      ] GC(29)     Dead                           Min: 0, Avg:  0.0, Max: 0, Diff: 0, Sum: 0, Workers: 4
[1205.915s][debug][gc,phases      ] GC(29)     Total                          Min: 0, Avg:  0.0, Max: 0, Diff: 0, Sum: 0, Workers: 4
[1205.915s][debug][gc,phases      ] GC(29)   Weak JFR Old Object Samples    Min:  0.0, Avg:  0.0, Max:  0.0, Diff:  0.0, Sum:  0.0, Workers: 4
[1205.915s][debug][gc,phases      ] GC(29)     Dead                           Min: 0, Avg:  0.0, Max: 0, Diff: 0, Sum: 0, Workers: 4
[1205.915s][debug][gc,phases      ] GC(29)     Total                          Min: 0, Avg:  0.0, Max: 0, Diff: 0, Sum: 0, Workers: 4
[1205.915s][debug][gc,phases      ] GC(29) Weak Processing 0.425ms
[1205.915s][debug][gc,age         ] GC(29) Desired survivor size 147324928 bytes, new threshold 1 (max threshold 15)
[1205.915s][info ][gc,heap        ] GC(29) PSYoungGen: 1792816K(1946624K)->3552K(1939456K) Eden: 1788928K(1788928K)->0K(1788928K) From: 3888K(157696K)->3552K(150528K)
[1205.915s][info ][gc,heap        ] GC(29) ParOldGen: 340774K(340992K)->341170K(341504K)
[1205.915s][info ][gc,metaspace   ] GC(29) Metaspace: 101230K(102464K)->101230K(102464K) NonClass: 86036K(86720K)->86036K(86720K) Class: 15194K(15744K)->15194K(15744K)
[1205.915s][info ][gc             ] GC(29) Pause Young (Allocation Failure) 2083M->336M(2227M) 3.846ms
[1205.915s][info ][gc,cpu         ] GC(29) User=0.02s Sys=0.00s Real=0.00s
[1205.915s][info ][safepoint      ] Safepoint "ParallelGCFailedAllocation", Time since last: 17941776261 ns, Reaching safepoint: 6700 ns, Cleanup: 3600 ns, At safepoint: 3916039 ns, Total: 3926339 ns
[1208.915s][info ][safepoint      ] Safepoint "Cleanup", Time since last: 3000231156 ns, Reaching safepoint: 6100 ns, Cleanup: 10000 ns, At safepoint: 2801 ns, Total: 18901 ns
[1212.915s][info ][safepoint      ] Safepoint "Cleanup", Time since last: 4000340868 ns, Reaching safepoint: 6600 ns, Cleanup: 17901 ns, At safepoint: 3000 ns, Total: 27501 ns
[1222.916s][info ][safepoint      ] Safepoint "Cleanup", Time since last: 10000838107 ns, Reaching safepoint: 7100 ns, Cleanup: 11300 ns, At safepoint: 3200 ns, Total: 21600 ns
[1223.916s][info ][safepoint      ] Safepoint "Cleanup", Time since last: 1000109008 ns, Reaching safepoint: 5200 ns, Cleanup: 7600 ns, At safepoint: 2400 ns, Total: 15200 ns
[1224.917s][info ][safepoint      ] Safepoint "Cleanup", Time since last: 1000114908 ns, Reaching safepoint: 6200 ns, Cleanup: 32202 ns, At safepoint: 3000 ns, Total: 41402 ns
[1225.917s][info ][safepoint      ] Safepoint "Cleanup", Time since last: 1000116209 ns, Reaching safepoint: 6900 ns, Cleanup: 17501 ns, At safepoint: 3200 ns, Total: 27601 ns
[1226.917s][info ][safepoint      ] Safepoint "Cleanup", Time since last: 1000111509 ns, Reaching safepoint: 7700 ns, Cleanup: 13501 ns, At safepoint: 3500 ns, Total: 24701 ns
[1228.917s][info ][safepoint      ] Safepoint "Cleanup", Time since last: 2000186217 ns, Reaching safepoint: 7100 ns, Cleanup: 13200 ns, At safepoint: 2801 ns, Total: 23101 ns
[1231.917s][info ][safepoint      ] Safepoint "Cleanup", Time since last: 3000260124 ns, Reaching safepoint: 7100 ns, Cleanup: 10401 ns, At safepoint: 3000 ns, Total: 20501 ns
[1235.918s][info ][safepoint      ] Safepoint "Cleanup", Time since last: 4000340970 ns, Reaching safepoint: 8001 ns, Cleanup: 11600 ns, At safepoint: 2800 ns, Total: 22401 ns
[1237.918s][info ][safepoint      ] Safepoint "Cleanup", Time since last: 2000188306 ns, Reaching safepoint: 6800 ns, Cleanup: 11200 ns, At safepoint: 3501 ns, Total: 21501 ns
[1239.918s][info ][safepoint      ] Safepoint "Cleanup", Time since last: 2000184205 ns, Reaching safepoint: 7000 ns, Cleanup: 10801 ns, At safepoint: 3000 ns, Total: 20801 ns
[1242.918s][info ][safepoint      ] Safepoint "Cleanup", Time since last: 3000251577 ns, Reaching safepoint: 7700 ns, Cleanup: 12500 ns, At safepoint: 2800 ns, Total: 23000 ns
[1245.919s][info ][safepoint      ] Safepoint "Cleanup", Time since last: 3000270843 ns, Reaching safepoint: 7100 ns, Cleanup: 10401 ns, At safepoint: 3200 ns, Total: 20701 ns
[1253.920s][info ][safepoint      ] Safepoint "Cleanup", Time since last: 8000701897 ns, Reaching safepoint: 8200 ns, Cleanup: 11501 ns, At safepoint: 155905 ns, Total: 175606 ns
[1261.920s][info ][safepoint      ] Safepoint "Cleanup", Time since last: 8000787786 ns, Reaching safepoint: 7000 ns, Cleanup: 10501 ns, At safepoint: 2900 ns, Total: 20401 ns
[1264.921s][info ][safepoint      ] Safepoint "Cleanup", Time since last: 3000276430 ns, Reaching safepoint: 8801 ns, Cleanup: 11300 ns, At safepoint: 3900 ns, Total: 24001 ns
[1265.921s][info ][safepoint      ] Safepoint "Cleanup", Time since last: 1000120510 ns, Reaching safepoint: 11000 ns, Cleanup: 13301 ns, At safepoint: 3600 ns, Total: 27901 ns
[1268.921s][info ][safepoint      ] Safepoint "Cleanup", Time since last: 3000268526 ns, Reaching safepoint: 9900 ns, Cleanup: 13501 ns, At safepoint: 3300 ns, Total: 26701 ns
[1272.921s][info ][safepoint      ] Safepoint "Cleanup", Time since last: 4000332142 ns, Reaching safepoint: 8000 ns, Cleanup: 12301 ns, At safepoint: 3400 ns, Total: 23701 ns
[1274.922s][info ][safepoint      ] Safepoint "Cleanup", Time since last: 2000194188 ns, Reaching safepoint: 7001 ns, Cleanup: 12800 ns, At safepoint: 3000 ns, Total: 22801 ns
[1278.922s][info ][safepoint      ] Safepoint "Cleanup", Time since last: 4000343875 ns, Reaching safepoint: 9001 ns, Cleanup: 14600 ns, At safepoint: 4200 ns, Total: 27801 ns
[1279.922s][info ][safepoint      ] Safepoint "Cleanup", Time since last: 1000140746 ns, Reaching safepoint: 8500 ns, Cleanup: 17601 ns, At safepoint: 3200 ns, Total: 29301 ns
[1280.923s][info ][safepoint      ] Safepoint "Cleanup", Time since last: 1000476351 ns, Reaching safepoint: 9201 ns, Cleanup: 12400 ns, At safepoint: 39002 ns, Total: 60603 ns
[1281.923s][info ][safepoint      ] Safepoint "Cleanup", Time since last: 1000130339 ns, Reaching safepoint: 8000 ns, Cleanup: 14300 ns, At safepoint: 3701 ns, Total: 26001 ns
[1282.923s][info ][safepoint      ] Safepoint "Cleanup", Time since last: 1000120538 ns, Reaching safepoint: 8401 ns, Cleanup: 17700 ns, At safepoint: 3300 ns, Total: 29401 ns
[1287.541s][info ][gc,start       ] GC(30) Pause Young (Allocation Failure)
[1287.544s][debug][gc,phases      ] GC(30) Scavenge 2.703ms
[1287.544s][debug][gc,ref         ] GC(30) ReferenceProcessor::execute queues: 1, RefProcThreadModel::Single, marks_oops_alive: false
[1287.544s][debug][gc,ref         ] GC(30) Skipped KeepAliveFinalRefsPhase of Reference Processing: no references
[1287.544s][debug][gc,ref         ] GC(30) ReferenceProcessor::execute queues: 1, RefProcThreadModel::Single, marks_oops_alive: false
[1287.544s][debug][gc,phases      ] GC(30) Reference Processing 0.104ms
[1287.545s][debug][gc,phases      ] GC(30)   VM Weak                        Min:  0.0, Avg:  0.0, Max:  0.0, Diff:  0.0, Sum:  0.0, Workers: 4
[1287.545s][debug][gc,phases      ] GC(30)     Dead                           Min: 0, Avg:  0.0, Max: 0, Diff: 0, Sum: 0, Workers: 4
[1287.545s][debug][gc,phases      ] GC(30)     Total                          Min: 0, Avg: 224.2, Max: 640, Diff: 640, Sum: 897, Workers: 4
[1287.545s][debug][gc,phases      ] GC(30)   ObjectSynchronizer Weak        Min:  0.0, Avg:  0.0, Max:  0.0, Diff:  0.0, Sum:  0.0, Workers: 4
[1287.545s][debug][gc,phases      ] GC(30)     Dead                           Min: 0, Avg:  0.0, Max: 0, Diff: 0, Sum: 0, Workers: 4
[1287.545s][debug][gc,phases      ] GC(30)     Total                          Min: 0, Avg:  0.8, Max: 3, Diff: 3, Sum: 3, Workers: 4
[1287.545s][debug][gc,phases      ] GC(30)   JVMTI Tag Weak OopStorage      Min:  0.0, Avg:  0.0, Max:  0.0, Diff:  0.0, Sum:  0.0, Workers: 4
[1287.545s][debug][gc,phases      ] GC(30)     Dead                           Min: 0, Avg:  0.0, Max: 0, Diff: 0, Sum: 0, Workers: 4
[1287.545s][debug][gc,phases      ] GC(30)     Total                          Min: 0, Avg:  0.0, Max: 0, Diff: 0, Sum: 0, Workers: 4
[1287.545s][debug][gc,phases      ] GC(30)   StringTable Weak               Min:  0.0, Avg:  0.1, Max:  0.1, Diff:  0.1, Sum:  0.4, Workers: 4
[1287.545s][debug][gc,phases      ] GC(30)     Dead                           Min: 0, Avg:  0.2, Max: 1, Diff: 1, Sum: 1, Workers: 4
[1287.545s][debug][gc,phases      ] GC(30)     Total                          Min: 0, Avg: 11116.8, Max: 16064, Diff: 16064, Sum: 44467, Workers: 4
[1287.545s][debug][gc,phases      ] GC(30)   ResolvedMethodTable Weak       Min:  0.0, Avg:  0.0, Max:  0.1, Diff:  0.1, Sum:  0.2, Workers: 4
[1287.545s][debug][gc,phases      ] GC(30)     Dead                           Min: 0, Avg:  5.0, Max: 20, Diff: 20, Sum: 20, Workers: 4
[1287.545s][debug][gc,phases      ] GC(30)     Total                          Min: 0, Avg: 3490.2, Max: 6241, Diff: 6241, Sum: 13961, Workers: 4
[1287.545s][debug][gc,phases      ] GC(30)   JNI Weak                       Min:  0.0, Avg:  0.0, Max:  0.0, Diff:  0.0, Sum:  0.0, Workers: 4
[1287.545s][debug][gc,phases      ] GC(30)     Dead                           Min: 0, Avg:  0.0, Max: 0, Diff: 0, Sum: 0, Workers: 4
[1287.545s][debug][gc,phases      ] GC(30)     Total                          Min: 0, Avg: 13.0, Max: 52, Diff: 52, Sum: 52, Workers: 4
[1287.545s][debug][gc,phases      ] GC(30)   StringDedup Table Weak         Min:  0.0, Avg:  0.0, Max:  0.0, Diff:  0.0, Sum:  0.0, Workers: 4
[1287.545s][debug][gc,phases      ] GC(30)     Dead                           Min: 0, Avg:  0.0, Max: 0, Diff: 0, Sum: 0, Workers: 4
[1287.545s][debug][gc,phases      ] GC(30)     Total                          Min: 0, Avg:  0.0, Max: 0, Diff: 0, Sum: 0, Workers: 4
[1287.545s][debug][gc,phases      ] GC(30)   StringDedup Requests0 Weak     Min:  0.0, Avg:  0.0, Max:  0.0, Diff:  0.0, Sum:  0.0, Workers: 4
[1287.545s][debug][gc,phases      ] GC(30)     Dead                           Min: 0, Avg:  0.0, Max: 0, Diff: 0, Sum: 0, Workers: 4
[1287.545s][debug][gc,phases      ] GC(30)     Total                          Min: 0, Avg:  0.0, Max: 0, Diff: 0, Sum: 0, Workers: 4
[1287.545s][debug][gc,phases      ] GC(30)   StringDedup Requests1 Weak     Min:  0.0, Avg:  0.0, Max:  0.0, Diff:  0.0, Sum:  0.0, Workers: 4
[1287.545s][debug][gc,phases      ] GC(30)     Dead                           Min: 0, Avg:  0.0, Max: 0, Diff: 0, Sum: 0, Workers: 4
[1287.545s][debug][gc,phases      ] GC(30)     Total                          Min: 0, Avg:  0.0, Max: 0, Diff: 0, Sum: 0, Workers: 4
[1287.545s][debug][gc,phases      ] GC(30)   Weak JFR Old Object Samples    Min:  0.0, Avg:  0.0, Max:  0.0, Diff:  0.0, Sum:  0.0, Workers: 4
[1287.545s][debug][gc,phases      ] GC(30)     Dead                           Min: 0, Avg:  0.0, Max: 0, Diff: 0, Sum: 0, Workers: 4
[1287.545s][debug][gc,phases      ] GC(30)     Total                          Min: 0, Avg:  0.0, Max: 0, Diff: 0, Sum: 0, Workers: 4
[1287.545s][debug][gc,phases      ] GC(30) Weak Processing 0.468ms
[1287.545s][debug][gc,age         ] GC(30) Desired survivor size 139984896 bytes, new threshold 1 (max threshold 15)
[1287.545s][info ][gc,heap        ] GC(30) PSYoungGen: 1792480K(1939456K)->3728K(1960448K) Eden: 1788928K(1788928K)->0K(1816576K) From: 3552K(150528K)->3728K(143872K)
[1287.545s][info ][gc,heap        ] GC(30) ParOldGen: 341170K(341504K)->341438K(341504K)
[1287.545s][info ][gc,metaspace   ] GC(30) Metaspace: 101294K(102464K)->101294K(102464K) NonClass: 86093K(86720K)->86093K(86720K) Class: 15200K(15744K)->15200K(15744K)
[1287.545s][info ][gc             ] GC(30) Pause Young (Allocation Failure) 2083M->337M(2248M) 3.414ms
[1287.545s][info ][gc,cpu         ] GC(30) User=0.01s Sys=0.01s Real=0.01s
[1287.545s][info ][safepoint      ] Safepoint "ParallelGCFailedAllocation", Time since last: 4618275347 ns, Reaching safepoint: 5800 ns, Cleanup: 4200 ns, At safepoint: 3492124 ns, Total: 3502124 ns
[1290.545s][info ][safepoint      ] Safepoint "Cleanup", Time since last: 3000240105 ns, Reaching safepoint: 6500 ns, Cleanup: 10100 ns, At safepoint: 3000 ns, Total: 19600 ns
[1291.545s][info ][safepoint      ] Safepoint "Cleanup", Time since last: 1000129635 ns, Reaching safepoint: 6501 ns, Cleanup: 10100 ns, At safepoint: 3100 ns, Total: 19701 ns
[1292.545s][info ][safepoint      ] Safepoint "Cleanup", Time since last: 1000114235 ns, Reaching safepoint: 6000 ns, Cleanup: 10600 ns, At safepoint: 2900 ns, Total: 19500 ns
[1293.546s][info ][safepoint      ] Safepoint "Cleanup", Time since last: 1000120035 ns, Reaching safepoint: 8900 ns, Cleanup: 15301 ns, At safepoint: 3600 ns, Total: 27801 ns
[1297.546s][info ][safepoint      ] Safepoint "Cleanup", Time since last: 4000328037 ns, Reaching safepoint: 5901 ns, Cleanup: 10100 ns, At safepoint: 2800 ns, Total: 18801 ns
[1299.546s][info ][safepoint      ] Safepoint "Cleanup", Time since last: 2000178681 ns, Reaching safepoint: 7200 ns, Cleanup: 9300 ns, At safepoint: 2700 ns, Total: 19200 ns
[1302.546s][info ][safepoint      ] Safepoint "Cleanup", Time since last: 3000240020 ns, Reaching safepoint: 6800 ns, Cleanup: 10601 ns, At safepoint: 3100 ns, Total: 20501 ns
[1303.546s][info ][safepoint      ] Safepoint "Cleanup", Time since last: 1000115041 ns, Reaching safepoint: 6400 ns, Cleanup: 13201 ns, At safepoint: 3800 ns, Total: 23401 ns
[1305.547s][info ][safepoint      ] Safepoint "Cleanup", Time since last: 2000185272 ns, Reaching safepoint: 6400 ns, Cleanup: 16901 ns, At safepoint: 2500 ns, Total: 25801 ns
[1312.547s][info ][safepoint      ] Safepoint "Cleanup", Time since last: 7000531184 ns, Reaching safepoint: 7200 ns, Cleanup: 13401 ns, At safepoint: 2600 ns, Total: 23201 ns
[1315.548s][info ][safepoint      ] Safepoint "Cleanup", Time since last: 3000285540 ns, Reaching safepoint: 6901 ns, Cleanup: 10600 ns, At safepoint: 2700 ns, Total: 20201 ns
[1316.548s][info ][safepoint      ] Safepoint "Cleanup", Time since last: 1000115739 ns, Reaching safepoint: 6401 ns, Cleanup: 13100 ns, At safepoint: 3200 ns, Total: 22701 ns
[1318.548s][info ][safepoint      ] Safepoint "Cleanup", Time since last: 2000216178 ns, Reaching safepoint: 6600 ns, Cleanup: 22201 ns, At safepoint: 3000 ns, Total: 31801 ns
[1319.548s][info ][safepoint      ] Safepoint "Cleanup", Time since last: 1000114439 ns, Reaching safepoint: 7401 ns, Cleanup: 21600 ns, At safepoint: 3001 ns, Total: 32002 ns
[1321.548s][info ][safepoint      ] Safepoint "Cleanup", Time since last: 2000188250 ns, Reaching safepoint: 6900 ns, Cleanup: 10701 ns, At safepoint: 3100 ns, Total: 20701 ns
[1324.549s][info ][safepoint      ] Safepoint "Cleanup", Time since last: 3000263820 ns, Reaching safepoint: 7300 ns, Cleanup: 11501 ns, At safepoint: 2900 ns, Total: 21701 ns
[1326.549s][info ][safepoint      ] Safepoint "Cleanup", Time since last: 2000191180 ns, Reaching safepoint: 7200 ns, Cleanup: 11201 ns, At safepoint: 3200 ns, Total: 21601 ns
[1331.549s][info ][safepoint      ] Safepoint "Cleanup", Time since last: 5000400672 ns, Reaching safepoint: 6701 ns, Cleanup: 12300 ns, At safepoint: 2800 ns, Total: 21801 ns
[1333.549s][info ][safepoint      ] Safepoint "Cleanup", Time since last: 2000136835 ns, Reaching safepoint: 7800 ns, Cleanup: 10601 ns, At safepoint: 2700 ns, Total: 21101 ns
[1334.550s][info ][safepoint      ] Safepoint "Cleanup", Time since last: 1000115569 ns, Reaching safepoint: 6800 ns, Cleanup: 12601 ns, At safepoint: 2800 ns, Total: 22201 ns
[1339.550s][info ][safepoint      ] Safepoint "Cleanup", Time since last: 5000398160 ns, Reaching safepoint: 7000 ns, Cleanup: 12801 ns, At safepoint: 3400 ns, Total: 23201 ns
[1346.551s][info ][safepoint      ] Safepoint "Cleanup", Time since last: 7000573496 ns, Reaching safepoint: 7700 ns, Cleanup: 12301 ns, At safepoint: 3300 ns, Total: 23301 ns
[1349.551s][info ][safepoint      ] Safepoint "Cleanup", Time since last: 3000263473 ns, Reaching safepoint: 8601 ns, Cleanup: 15900 ns, At safepoint: 4600 ns, Total: 29101 ns
[1350.551s][info ][safepoint      ] Safepoint "Cleanup", Time since last: 1000140660 ns, Reaching safepoint: 7300 ns, Cleanup: 10201 ns, At safepoint: 3100 ns, Total: 20601 ns
[1352.551s][info ][safepoint      ] Safepoint "Cleanup", Time since last: 2000183415 ns, Reaching safepoint: 6501 ns, Cleanup: 10800 ns, At safepoint: 3000 ns, Total: 20301 ns
[1354.551s][info ][safepoint      ] Safepoint "Cleanup", Time since last: 2000211883 ns, Reaching safepoint: 7100 ns, Cleanup: 14901 ns, At safepoint: 2900 ns, Total: 24901 ns
[1355.552s][info ][safepoint      ] Safepoint "Cleanup", Time since last: 1000116962 ns, Reaching safepoint: 6600 ns, Cleanup: 13601 ns, At safepoint: 3100 ns, Total: 23301 ns
[1367.552s][info ][safepoint      ] Safepoint "Cleanup", Time since last: 12000866491 ns, Reaching safepoint: 6800 ns, Cleanup: 11101 ns, At safepoint: 3100 ns, Total: 21001 ns
[1370.310s][info ][gc,start       ] GC(31) Pause Young (Allocation Failure)
[1370.313s][debug][gc,phases      ] GC(31) Scavenge 3.164ms
[1370.313s][debug][gc,ref         ] GC(31) ReferenceProcessor::execute queues: 1, RefProcThreadModel::Single, marks_oops_alive: false
[1370.313s][debug][gc,ref         ] GC(31) Skipped KeepAliveFinalRefsPhase of Reference Processing: no references
[1370.313s][debug][gc,ref         ] GC(31) ReferenceProcessor::execute queues: 1, RefProcThreadModel::Single, marks_oops_alive: false
[1370.313s][debug][gc,phases      ] GC(31) Reference Processing 0.115ms
[1370.313s][debug][gc,phases      ] GC(31)   VM Weak                        Min:  0.0, Avg:  0.0, Max:  0.0, Diff:  0.0, Sum:  0.0, Workers: 4
[1370.313s][debug][gc,phases      ] GC(31)     Dead                           Min: 0, Avg:  0.0, Max: 0, Diff: 0, Sum: 0, Workers: 4
[1370.313s][debug][gc,phases      ] GC(31)     Total                          Min: 64, Avg: 224.2, Max: 448, Diff: 384, Sum: 897, Workers: 4
[1370.313s][debug][gc,phases      ] GC(31)   ObjectSynchronizer Weak        Min:  0.0, Avg:  0.0, Max:  0.0, Diff:  0.0, Sum:  0.0, Workers: 4
[1370.313s][debug][gc,phases      ] GC(31)     Dead                           Min: 0, Avg:  0.0, Max: 0, Diff: 0, Sum: 0, Workers: 4
[1370.313s][debug][gc,phases      ] GC(31)     Total                          Min: 0, Avg:  0.8, Max: 3, Diff: 3, Sum: 3, Workers: 4
[1370.313s][debug][gc,phases      ] GC(31)   JVMTI Tag Weak OopStorage      Min:  0.0, Avg:  0.0, Max:  0.0, Diff:  0.0, Sum:  0.0, Workers: 4
[1370.313s][debug][gc,phases      ] GC(31)     Dead                           Min: 0, Avg:  0.0, Max: 0, Diff: 0, Sum: 0, Workers: 4
[1370.313s][debug][gc,phases      ] GC(31)     Total                          Min: 0, Avg:  0.0, Max: 0, Diff: 0, Sum: 0, Workers: 4
[1370.313s][debug][gc,phases      ] GC(31)   StringTable Weak               Min:  0.1, Avg:  0.1, Max:  0.1, Diff:  0.0, Sum:  0.4, Workers: 4
[1370.313s][debug][gc,phases      ] GC(31)     Dead                           Min: 0, Avg:  0.0, Max: 0, Diff: 0, Sum: 0, Workers: 4
[1370.314s][debug][gc,phases      ] GC(31)     Total                          Min: 10812, Avg: 11118.8, Max: 11520, Diff: 708, Sum: 44475, Workers: 4
[1370.314s][debug][gc,phases      ] GC(31)   ResolvedMethodTable Weak       Min:  0.0, Avg:  0.0, Max:  0.0, Diff:  0.0, Sum:  0.2, Workers: 4
[1370.314s][debug][gc,phases      ] GC(31)     Dead                           Min: 0, Avg:  4.0, Max: 16, Diff: 16, Sum: 16, Workers: 4
[1370.314s][debug][gc,phases      ] GC(31)     Total                          Min: 3267, Avg: 3490.2, Max: 3628, Diff: 361, Sum: 13961, Workers: 4
[1370.314s][debug][gc,phases      ] GC(31)   JNI Weak                       Min:  0.0, Avg:  0.0, Max:  0.0, Diff:  0.0, Sum:  0.0, Workers: 4
[1370.314s][debug][gc,phases      ] GC(31)     Dead                           Min: 0, Avg:  0.0, Max: 0, Diff: 0, Sum: 0, Workers: 4
[1370.314s][debug][gc,phases      ] GC(31)     Total                          Min: 0, Avg: 13.0, Max: 52, Diff: 52, Sum: 52, Workers: 4
[1370.314s][debug][gc,phases      ] GC(31)   StringDedup Table Weak         Min:  0.0, Avg:  0.0, Max:  0.0, Diff:  0.0, Sum:  0.0, Workers: 4
[1370.314s][debug][gc,phases      ] GC(31)     Dead                           Min: 0, Avg:  0.0, Max: 0, Diff: 0, Sum: 0, Workers: 4
[1370.314s][debug][gc,phases      ] GC(31)     Total                          Min: 0, Avg:  0.0, Max: 0, Diff: 0, Sum: 0, Workers: 4
[1370.314s][debug][gc,phases      ] GC(31)   StringDedup Requests0 Weak     Min:  0.0, Avg:  0.0, Max:  0.0, Diff:  0.0, Sum:  0.0, Workers: 4
[1370.314s][debug][gc,phases      ] GC(31)     Dead                           Min: 0, Avg:  0.0, Max: 0, Diff: 0, Sum: 0, Workers: 4
[1370.314s][debug][gc,phases      ] GC(31)     Total                          Min: 0, Avg:  0.0, Max: 0, Diff: 0, Sum: 0, Workers: 4
[1370.314s][debug][gc,phases      ] GC(31)   StringDedup Requests1 Weak     Min:  0.0, Avg:  0.0, Max:  0.0, Diff:  0.0, Sum:  0.0, Workers: 4
[1370.314s][debug][gc,phases      ] GC(31)     Dead                           Min: 0, Avg:  0.0, Max: 0, Diff: 0, Sum: 0, Workers: 4
[1370.314s][debug][gc,phases      ] GC(31)     Total                          Min: 0, Avg:  0.0, Max: 0, Diff: 0, Sum: 0, Workers: 4
[1370.314s][debug][gc,phases      ] GC(31)   Weak JFR Old Object Samples    Min:  0.0, Avg:  0.0, Max:  0.0, Diff:  0.0, Sum:  0.0, Workers: 4
[1370.314s][debug][gc,phases      ] GC(31)     Dead                           Min: 0, Avg:  0.0, Max: 0, Diff: 0, Sum: 0, Workers: 4
[1370.314s][debug][gc,phases      ] GC(31)     Total                          Min: 0, Avg:  0.0, Max: 0, Diff: 0, Sum: 0, Workers: 4
[1370.314s][debug][gc,phases      ] GC(31) Weak Processing 0.389ms
[1370.314s][debug][gc,age         ] GC(31) Desired survivor size 132644864 bytes, new threshold 1 (max threshold 15)
[1370.314s][info ][gc,heap        ] GC(31) PSYoungGen: 1820304K(1960448K)->2992K(1953280K) Eden: 1816576K(1816576K)->0K(1816576K) From: 3728K(143872K)->2992K(136704K)
[1370.314s][info ][gc,heap        ] GC(31) ParOldGen: 341438K(341504K)->342691K(343040K)
[1370.314s][info ][gc,metaspace   ] GC(31) Metaspace: 101321K(102528K)->101321K(102528K) NonClass: 86120K(86784K)->86120K(86784K) Class: 15201K(15744K)->15201K(15744K)
[1370.314s][info ][gc             ] GC(31) Pause Young (Allocation Failure) 2111M->337M(2242M) 3.825ms
[1370.314s][info ][gc,cpu         ] GC(31) User=0.02s Sys=0.00s Real=0.00s
[1370.314s][info ][safepoint      ] Safepoint "ParallelGCFailedAllocation", Time since last: 2757355094 ns, Reaching safepoint: 7100 ns, Cleanup: 4700 ns, At safepoint: 3902038 ns, Total: 3913838 ns
[1375.314s][info ][safepoint      ] Safepoint "Cleanup", Time since last: 5000403994 ns, Reaching safepoint: 6600 ns, Cleanup: 10500 ns, At safepoint: 2800 ns, Total: 19900 ns
[1378.314s][info ][safepoint      ] Safepoint "Cleanup", Time since last: 3000277661 ns, Reaching safepoint: 6600 ns, Cleanup: 21901 ns, At safepoint: 3400 ns, Total: 31901 ns
[1379.315s][info ][safepoint      ] Safepoint "Cleanup", Time since last: 1000115447 ns, Reaching safepoint: 7400 ns, Cleanup: 14201 ns, At safepoint: 2700 ns, Total: 24301 ns
[1380.315s][info ][safepoint      ] Safepoint "Cleanup", Time since last: 1000115647 ns, Reaching safepoint: 7501 ns, Cleanup: 11700 ns, At safepoint: 3200 ns, Total: 22401 ns
[1381.315s][info ][safepoint      ] Safepoint "Cleanup", Time since last: 1000117848 ns, Reaching safepoint: 7100 ns, Cleanup: 13700 ns, At safepoint: 3001 ns, Total: 23801 ns
[1383.315s][info ][safepoint      ] Safepoint "Cleanup", Time since last: 2000193393 ns, Reaching safepoint: 6900 ns, Cleanup: 10201 ns, At safepoint: 2900 ns, Total: 20001 ns
[1392.316s][info ][safepoint      ] Safepoint "Cleanup", Time since last: 9000679636 ns, Reaching safepoint: 6600 ns, Cleanup: 10100 ns, At safepoint: 3600 ns, Total: 20300 ns
[1393.316s][info ][safepoint      ] Safepoint "Cleanup", Time since last: 1000123050 ns, Reaching safepoint: 7601 ns, Cleanup: 24600 ns, At safepoint: 3001 ns, Total: 35202 ns
[1395.316s][info ][safepoint      ] Safepoint "Cleanup", Time since last: 2000187791 ns, Reaching safepoint: 8400 ns, Cleanup: 9500 ns, At safepoint: 2901 ns, Total: 20801 ns
[1401.317s][info ][safepoint      ] Safepoint "Cleanup", Time since last: 6000455538 ns, Reaching safepoint: 6400 ns, Cleanup: 12000 ns, At safepoint: 2801 ns, Total: 21201 ns
[1406.317s][info ][safepoint      ] Safepoint "Cleanup", Time since last: 5000412476 ns, Reaching safepoint: 7200 ns, Cleanup: 17501 ns, At safepoint: 2900 ns, Total: 27601 ns
[1408.317s][info ][safepoint      ] Safepoint "Cleanup", Time since last: 2000211552 ns, Reaching safepoint: 7200 ns, Cleanup: 15201 ns, At safepoint: 3300 ns, Total: 25701 ns
[1409.317s][info ][safepoint      ] Safepoint "Cleanup", Time since last: 1000115543 ns, Reaching safepoint: 8000 ns, Cleanup: 32601 ns, At safepoint: 3200 ns, Total: 43801 ns
[1411.318s][info ][safepoint      ] Safepoint "Cleanup", Time since last: 2000187285 ns, Reaching safepoint: 7701 ns, Cleanup: 11500 ns, At safepoint: 2700 ns, Total: 21901 ns
[1413.318s][info ][safepoint      ] Safepoint "Cleanup", Time since last: 2000185485 ns, Reaching safepoint: 8100 ns, Cleanup: 11601 ns, At safepoint: 3300 ns, Total: 23001 ns
[1416.318s][info ][safepoint      ] Safepoint "Cleanup", Time since last: 3000263577 ns, Reaching safepoint: 6800 ns, Cleanup: 11601 ns, At safepoint: 2600 ns, Total: 21001 ns
[1420.319s][info ][safepoint      ] Safepoint "Cleanup", Time since last: 4000331056 ns, Reaching safepoint: 7300 ns, Cleanup: 17301 ns, At safepoint: 2600 ns, Total: 27201 ns
[1421.319s][info ][safepoint      ] Safepoint "Cleanup", Time since last: 1000119950 ns, Reaching safepoint: 7600 ns, Cleanup: 12101 ns, At safepoint: 3100 ns, Total: 22801 ns
[1424.319s][info ][safepoint      ] Safepoint "Cleanup", Time since last: 3000273848 ns, Reaching safepoint: 82402 ns, Cleanup: 9101 ns, At safepoint: 8900 ns, Total: 100403 ns
[1426.319s][info ][safepoint      ] Safepoint "Cleanup", Time since last: 2000178184 ns, Reaching safepoint: 7000 ns, Cleanup: 11600 ns, At safepoint: 3500 ns, Total: 22100 ns
[1427.319s][info ][safepoint      ] Safepoint "Cleanup", Time since last: 1000123517 ns, Reaching safepoint: 9500 ns, Cleanup: 18001 ns, At safepoint: 3200 ns, Total: 30701 ns
[1430.320s][info ][safepoint      ] Safepoint "Cleanup", Time since last: 3000267746 ns, Reaching safepoint: 8600 ns, Cleanup: 14201 ns, At safepoint: 2900 ns, Total: 25701 ns
[1432.320s][info ][safepoint      ] Safepoint "Cleanup", Time since last: 2000207932 ns, Reaching safepoint: 10800 ns, Cleanup: 28901 ns, At safepoint: 3900 ns, Total: 43601 ns
[1435.320s][info ][safepoint      ] Safepoint "Cleanup", Time since last: 3000282322 ns, Reaching safepoint: 8300 ns, Cleanup: 13601 ns, At safepoint: 3400 ns, Total: 25301 ns
[1436.320s][info ][safepoint      ] Safepoint "Cleanup", Time since last: 1000135988 ns, Reaching safepoint: 9201 ns, Cleanup: 15600 ns, At safepoint: 3200 ns, Total: 28001 ns
[1438.321s][info ][safepoint      ] Safepoint "Cleanup", Time since last: 2000198275 ns, Reaching safepoint: 7000 ns, Cleanup: 14000 ns, At safepoint: 3501 ns, Total: 24501 ns
[1440.321s][info ][safepoint      ] Safepoint "Cleanup", Time since last: 2000206474 ns, Reaching safepoint: 9801 ns, Cleanup: 11500 ns, At safepoint: 3400 ns, Total: 24701 ns
[1441.222s][info ][gc,start       ] GC(32) Pause Young (Allocation Failure)
[1441.233s][debug][gc,phases      ] GC(32) Scavenge 10.540ms
[1441.233s][debug][gc,ref         ] GC(32) ReferenceProcessor::execute queues: 1, RefProcThreadModel::Single, marks_oops_alive: false
[1441.233s][debug][gc,ref         ] GC(32) Skipped KeepAliveFinalRefsPhase of Reference Processing: no references
[1441.233s][debug][gc,ref         ] GC(32) ReferenceProcessor::execute queues: 1, RefProcThreadModel::Single, marks_oops_alive: false
[1441.233s][debug][gc,phases      ] GC(32) Reference Processing 0.159ms
[1441.234s][debug][gc,phases      ] GC(32)   VM Weak                        Min:  0.0, Avg:  0.0, Max:  0.0, Diff:  0.0, Sum:  0.0, Workers: 4
[1441.234s][debug][gc,phases      ] GC(32)     Dead                           Min: 0, Avg:  0.0, Max: 0, Diff: 0, Sum: 0, Workers: 4
[1441.234s][debug][gc,phases      ] GC(32)     Total                          Min: 0, Avg: 224.2, Max: 513, Diff: 513, Sum: 897, Workers: 4
[1441.234s][debug][gc,phases      ] GC(32)   ObjectSynchronizer Weak        Min:  0.0, Avg:  0.0, Max:  0.0, Diff:  0.0, Sum:  0.0, Workers: 4
[1441.234s][debug][gc,phases      ] GC(32)     Dead                           Min: 0, Avg:  0.0, Max: 0, Diff: 0, Sum: 0, Workers: 4
[1441.234s][debug][gc,phases      ] GC(32)     Total                          Min: 0, Avg:  1.0, Max: 4, Diff: 4, Sum: 4, Workers: 4
[1441.234s][debug][gc,phases      ] GC(32)   JVMTI Tag Weak OopStorage      Min:  0.0, Avg:  0.0, Max:  0.0, Diff:  0.0, Sum:  0.0, Workers: 4
[1441.234s][debug][gc,phases      ] GC(32)     Dead                           Min: 0, Avg:  0.0, Max: 0, Diff: 0, Sum: 0, Workers: 4
[1441.234s][debug][gc,phases      ] GC(32)     Total                          Min: 0, Avg:  0.0, Max: 0, Diff: 0, Sum: 0, Workers: 4
[1441.234s][debug][gc,phases      ] GC(32)   StringTable Weak               Min:  0.0, Avg:  0.1, Max:  0.2, Diff:  0.2, Sum:  0.5, Workers: 4
[1441.234s][debug][gc,phases      ] GC(32)     Dead                           Min: 0, Avg:  0.2, Max: 1, Diff: 1, Sum: 1, Workers: 4
[1441.234s][debug][gc,phases      ] GC(32)     Total                          Min: 0, Avg: 11119.5, Max: 15616, Diff: 15616, Sum: 44478, Workers: 4
[1441.234s][debug][gc,phases      ] GC(32)   ResolvedMethodTable Weak       Min:  0.0, Avg:  0.0, Max:  0.1, Diff:  0.1, Sum:  0.2, Workers: 4
[1441.234s][debug][gc,phases      ] GC(32)     Dead                           Min: 0, Avg:  4.5, Max: 18, Diff: 18, Sum: 18, Workers: 4
[1441.234s][debug][gc,phases      ] GC(32)     Total                          Min: 0, Avg: 3491.2, Max: 4815, Diff: 4815, Sum: 13965, Workers: 4
[1441.234s][debug][gc,phases      ] GC(32)   JNI Weak                       Min:  0.0, Avg:  0.0, Max:  0.0, Diff:  0.0, Sum:  0.0, Workers: 4
[1441.234s][debug][gc,phases      ] GC(32)     Dead                           Min: 0, Avg:  0.0, Max: 0, Diff: 0, Sum: 0, Workers: 4
[1441.234s][debug][gc,phases      ] GC(32)     Total                          Min: 0, Avg: 13.0, Max: 52, Diff: 52, Sum: 52, Workers: 4
[1441.234s][debug][gc,phases      ] GC(32)   StringDedup Table Weak         Min:  0.0, Avg:  0.0, Max:  0.0, Diff:  0.0, Sum:  0.0, Workers: 4
[1441.234s][debug][gc,phases      ] GC(32)     Dead                           Min: 0, Avg:  0.0, Max: 0, Diff: 0, Sum: 0, Workers: 4
[1441.234s][debug][gc,phases      ] GC(32)     Total                          Min: 0, Avg:  0.0, Max: 0, Diff: 0, Sum: 0, Workers: 4
[1441.234s][debug][gc,phases      ] GC(32)   StringDedup Requests0 Weak     Min:  0.0, Avg:  0.0, Max:  0.0, Diff:  0.0, Sum:  0.0, Workers: 4
[1441.234s][debug][gc,phases      ] GC(32)     Dead                           Min: 0, Avg:  0.0, Max: 0, Diff: 0, Sum: 0, Workers: 4
[1441.234s][debug][gc,phases      ] GC(32)     Total                          Min: 0, Avg:  0.0, Max: 0, Diff: 0, Sum: 0, Workers: 4
[1441.234s][debug][gc,phases      ] GC(32)   StringDedup Requests1 Weak     Min:  0.0, Avg:  0.0, Max:  0.0, Diff:  0.0, Sum:  0.0, Workers: 4
[1441.234s][debug][gc,phases      ] GC(32)     Dead                           Min: 0, Avg:  0.0, Max: 0, Diff: 0, Sum: 0, Workers: 4
[1441.234s][debug][gc,phases      ] GC(32)     Total                          Min: 0, Avg:  0.0, Max: 0, Diff: 0, Sum: 0, Workers: 4
[1441.234s][debug][gc,phases      ] GC(32)   Weak JFR Old Object Samples    Min:  0.0, Avg:  0.0, Max:  0.0, Diff:  0.0, Sum:  0.0, Workers: 4
[1441.234s][debug][gc,phases      ] GC(32)     Dead                           Min: 0, Avg:  0.0, Max: 0, Diff: 0, Sum: 0, Workers: 4
[1441.234s][debug][gc,phases      ] GC(32)     Total                          Min: 0, Avg:  0.0, Max: 0, Diff: 0, Sum: 0, Workers: 4
[1441.234s][debug][gc,phases      ] GC(32) Weak Processing 0.529ms
[1441.234s][debug][gc,age         ] GC(32) Desired survivor size 124780544 bytes, new threshold 1 (max threshold 15)
[1441.234s][info ][gc,heap        ] GC(32) PSYoungGen: 1819568K(1953280K)->7296K(1975296K) Eden: 1816576K(1816576K)->0K(1845760K) From: 2992K(136704K)->7296K(129536K)
[1441.234s][info ][gc,heap        ] GC(32) ParOldGen: 342691K(343040K)->342987K(343040K)
[1441.234s][info ][gc,metaspace   ] GC(32) Metaspace: 101354K(102592K)->101354K(102592K) NonClass: 86151K(86848K)->86151K(86848K) Class: 15203K(15744K)->15203K(15744K)
[1441.234s][info ][gc             ] GC(32) Pause Young (Allocation Failure) 2111M->342M(2264M) 11.427ms
[1441.234s][info ][gc,cpu         ] GC(32) User=0.02s Sys=0.00s Real=0.01s
[1441.234s][info ][safepoint      ] Safepoint "ParallelGCFailedAllocation", Time since last: 901482635 ns, Reaching safepoint: 7600 ns, Cleanup: 5300 ns, At safepoint: 11518612 ns, Total: 11531512 ns
[1442.234s][info ][safepoint      ] Safepoint "Cleanup", Time since last: 1000097558 ns, Reaching safepoint: 85003 ns, Cleanup: 10001 ns, At safepoint: 5900 ns, Total: 100904 ns
[1446.234s][info ][safepoint      ] Safepoint "Cleanup", Time since last: 4000348832 ns, Reaching safepoint: 7600 ns, Cleanup: 10701 ns, At safepoint: 3400 ns, Total: 21701 ns
[1447.235s][info ][safepoint      ] Safepoint "Cleanup", Time since last: 1000132059 ns, Reaching safepoint: 10501 ns, Cleanup: 14100 ns, At safepoint: 4100 ns, Total: 28701 ns
[1448.235s][info ][safepoint      ] Safepoint "Cleanup", Time since last: 1000137360 ns, Reaching safepoint: 10801 ns, Cleanup: 15400 ns, At safepoint: 3800 ns, Total: 30001 ns
[1449.235s][info ][safepoint      ] Safepoint "Cleanup", Time since last: 1000124813 ns, Reaching safepoint: 7301 ns, Cleanup: 11900 ns, At safepoint: 3400 ns, Total: 22601 ns
[1450.235s][info ][safepoint      ] Safepoint "Cleanup", Time since last: 1000117164 ns, Reaching safepoint: 6801 ns, Cleanup: 12200 ns, At safepoint: 3400 ns, Total: 22401 ns
[1453.235s][info ][safepoint      ] Safepoint "Cleanup", Time since last: 3000281890 ns, Reaching safepoint: 6800 ns, Cleanup: 16201 ns, At safepoint: 3100 ns, Total: 26101 ns
[1454.236s][info ][safepoint      ] Safepoint "Cleanup", Time since last: 1000116664 ns, Reaching safepoint: 6500 ns, Cleanup: 16401 ns, At safepoint: 3300 ns, Total: 26201 ns
[1455.236s][info ][safepoint      ] Safepoint "Cleanup", Time since last: 1000119664 ns, Reaching safepoint: 9701 ns, Cleanup: 12700 ns, At safepoint: 35002 ns, Total: 57403 ns
[1456.236s][info ][safepoint      ] Safepoint "Cleanup", Time since last: 1000109063 ns, Reaching safepoint: 10301 ns, Cleanup: 13000 ns, At safepoint: 3900 ns, Total: 27201 ns
[1458.236s][info ][safepoint      ] Safepoint "Cleanup", Time since last: 2000188818 ns, Reaching safepoint: 6301 ns, Cleanup: 10300 ns, At safepoint: 2700 ns, Total: 19301 ns
[1460.236s][info ][safepoint      ] Safepoint "Cleanup", Time since last: 2000197426 ns, Reaching safepoint: 10701 ns, Cleanup: 16100 ns, At safepoint: 4101 ns, Total: 30902 ns
[1463.237s][info ][safepoint      ] Safepoint "Cleanup", Time since last: 3000279138 ns, Reaching safepoint: 10601 ns, Cleanup: 15200 ns, At safepoint: 4001 ns, Total: 29802 ns
[1466.237s][info ][safepoint      ] Safepoint "Cleanup", Time since last: 3000288203 ns, Reaching safepoint: 9800 ns, Cleanup: 15201 ns, At safepoint: 3900 ns, Total: 28901 ns
[1469.237s][info ][safepoint      ] Safepoint "Cleanup", Time since last: 3000287512 ns, Reaching safepoint: 8600 ns, Cleanup: 14701 ns, At safepoint: 3700 ns, Total: 27001 ns
[1473.238s][info ][safepoint      ] Safepoint "Cleanup", Time since last: 4000343734 ns, Reaching safepoint: 6701 ns, Cleanup: 12200 ns, At safepoint: 3100 ns, Total: 22001 ns
[1474.238s][info ][safepoint      ] Safepoint "Cleanup", Time since last: 1000133921 ns, Reaching safepoint: 10101 ns, Cleanup: 16700 ns, At safepoint: 3800 ns, Total: 30601 ns
[1483.238s][info ][safepoint      ] Safepoint "Cleanup", Time since last: 9000692772 ns, Reaching safepoint: 7900 ns, Cleanup: 15700 ns, At safepoint: 3301 ns, Total: 26901 ns
[1484.239s][info ][safepoint      ] Safepoint "Cleanup", Time since last: 1000126601 ns, Reaching safepoint: 7200 ns, Cleanup: 15200 ns, At safepoint: 3301 ns, Total: 25701 ns
[1490.239s][info ][safepoint      ] Safepoint "Cleanup", Time since last: 6000504780 ns, Reaching safepoint: 9001 ns, Cleanup: 13300 ns, At safepoint: 3600 ns, Total: 25901 ns
[1491.239s][info ][safepoint      ] Safepoint "Cleanup", Time since last: 1000132399 ns, Reaching safepoint: 8100 ns, Cleanup: 11400 ns, At safepoint: 3301 ns, Total: 22801 ns
[1508.486s][info ][safepoint      ] Safepoint "Cleanup", Time since last: 17246509335 ns, Reaching safepoint: 11100 ns, Cleanup: 18301 ns, At safepoint: 4600 ns, Total: 34001 ns
[1513.486s][info ][safepoint      ] Safepoint "Cleanup", Time since last: 5000423778 ns, Reaching safepoint: 8500 ns, Cleanup: 30201 ns, At safepoint: 3000 ns, Total: 41701 ns
[1514.486s][info ][safepoint      ] Safepoint "Cleanup", Time since last: 1000128961 ns, Reaching safepoint: 7700 ns, Cleanup: 13501 ns, At safepoint: 3600 ns, Total: 24801 ns
[1515.487s][info ][safepoint      ] Safepoint "Cleanup", Time since last: 1000132661 ns, Reaching safepoint: 9900 ns, Cleanup: 17401 ns, At safepoint: 3500 ns, Total: 30801 ns
[1519.487s][info ][safepoint      ] Safepoint "Cleanup", Time since last: 4000348536 ns, Reaching safepoint: 9001 ns, Cleanup: 12200 ns, At safepoint: 3600 ns, Total: 24801 ns
[1521.487s][info ][safepoint      ] Safepoint "Cleanup", Time since last: 2000204812 ns, Reaching safepoint: 9700 ns, Cleanup: 12700 ns, At safepoint: 3301 ns, Total: 25701 ns
[1521.604s][info ][gc,start       ] GC(33) Pause Young (Allocation Failure)
[1521.609s][debug][gc,phases      ] GC(33) Scavenge 5.294ms
[1521.609s][debug][gc,ref         ] GC(33) ReferenceProcessor::execute queues: 1, RefProcThreadModel::Single, marks_oops_alive: false
[1521.609s][debug][gc,ref         ] GC(33) Skipped KeepAliveFinalRefsPhase of Reference Processing: no references
[1521.609s][debug][gc,ref         ] GC(33) ReferenceProcessor::execute queues: 1, RefProcThreadModel::Single, marks_oops_alive: false
[1521.609s][debug][gc,phases      ] GC(33) Reference Processing 0.113ms
[1521.610s][debug][gc,phases      ] GC(33)   VM Weak                        Min:  0.0, Avg:  0.0, Max:  0.0, Diff:  0.0, Sum:  0.0, Workers: 4
[1521.610s][debug][gc,phases      ] GC(33)     Dead                           Min: 0, Avg:  0.0, Max: 0, Diff: 0, Sum: 0, Workers: 4
[1521.610s][debug][gc,phases      ] GC(33)     Total                          Min: 0, Avg: 224.2, Max: 512, Diff: 512, Sum: 897, Workers: 4
[1521.610s][debug][gc,phases      ] GC(33)   ObjectSynchronizer Weak        Min:  0.0, Avg:  0.0, Max:  0.0, Diff:  0.0, Sum:  0.0, Workers: 4
[1521.610s][debug][gc,phases      ] GC(33)     Dead                           Min: 0, Avg:  0.0, Max: 0, Diff: 0, Sum: 0, Workers: 4
[1521.610s][debug][gc,phases      ] GC(33)     Total                          Min: 0, Avg:  0.8, Max: 3, Diff: 3, Sum: 3, Workers: 4
[1521.610s][debug][gc,phases      ] GC(33)   JVMTI Tag Weak OopStorage      Min:  0.0, Avg:  0.0, Max:  0.0, Diff:  0.0, Sum:  0.0, Workers: 4
[1521.610s][debug][gc,phases      ] GC(33)     Dead                           Min: 0, Avg:  0.0, Max: 0, Diff: 0, Sum: 0, Workers: 4
[1521.610s][debug][gc,phases      ] GC(33)     Total                          Min: 0, Avg:  0.0, Max: 0, Diff: 0, Sum: 0, Workers: 4
[1521.610s][debug][gc,phases      ] GC(33)   StringTable Weak               Min:  0.0, Avg:  0.1, Max:  0.2, Diff:  0.2, Sum:  0.5, Workers: 4
[1521.610s][debug][gc,phases      ] GC(33)     Dead                           Min: 0, Avg:  0.2, Max: 1, Diff: 1, Sum: 1, Workers: 4
[1521.610s][debug][gc,phases      ] GC(33)     Total                          Min: 0, Avg: 11125.2, Max: 18838, Diff: 18838, Sum: 44501, Workers: 4
[1521.610s][debug][gc,phases      ] GC(33)   ResolvedMethodTable Weak       Min:  0.0, Avg:  0.0, Max:  0.1, Diff:  0.1, Sum:  0.1, Workers: 4
[1521.610s][debug][gc,phases      ] GC(33)     Dead                           Min: 0, Avg:  5.0, Max: 20, Diff: 20, Sum: 20, Workers: 4
[1521.610s][debug][gc,phases      ] GC(33)     Total                          Min: 0, Avg: 3494.8, Max: 5259, Diff: 5259, Sum: 13979, Workers: 4
[1521.610s][debug][gc,phases      ] GC(33)   JNI Weak                       Min:  0.0, Avg:  0.0, Max:  0.0, Diff:  0.0, Sum:  0.0, Workers: 4
[1521.610s][debug][gc,phases      ] GC(33)     Dead                           Min: 0, Avg:  0.0, Max: 0, Diff: 0, Sum: 0, Workers: 4
[1521.610s][debug][gc,phases      ] GC(33)     Total                          Min: 0, Avg: 13.0, Max: 52, Diff: 52, Sum: 52, Workers: 4
[1521.610s][debug][gc,phases      ] GC(33)   StringDedup Table Weak         Min:  0.0, Avg:  0.0, Max:  0.0, Diff:  0.0, Sum:  0.0, Workers: 4
[1521.610s][debug][gc,phases      ] GC(33)     Dead                           Min: 0, Avg:  0.0, Max: 0, Diff: 0, Sum: 0, Workers: 4
[1521.610s][debug][gc,phases      ] GC(33)     Total                          Min: 0, Avg:  0.0, Max: 0, Diff: 0, Sum: 0, Workers: 4
[1521.610s][debug][gc,phases      ] GC(33)   StringDedup Requests0 Weak     Min:  0.0, Avg:  0.0, Max:  0.0, Diff:  0.0, Sum:  0.0, Workers: 4
[1521.610s][debug][gc,phases      ] GC(33)     Dead                           Min: 0, Avg:  0.0, Max: 0, Diff: 0, Sum: 0, Workers: 4
[1521.610s][debug][gc,phases      ] GC(33)     Total                          Min: 0, Avg:  0.0, Max: 0, Diff: 0, Sum: 0, Workers: 4
[1521.610s][debug][gc,phases      ] GC(33)   StringDedup Requests1 Weak     Min:  0.0, Avg:  0.0, Max:  0.0, Diff:  0.0, Sum:  0.0, Workers: 4
[1521.610s][debug][gc,phases      ] GC(33)     Dead                           Min: 0, Avg:  0.0, Max: 0, Diff: 0, Sum: 0, Workers: 4
[1521.610s][debug][gc,phases      ] GC(33)     Total                          Min: 0, Avg:  0.0, Max: 0, Diff: 0, Sum: 0, Workers: 4
[1521.610s][debug][gc,phases      ] GC(33)   Weak JFR Old Object Samples    Min:  0.0, Avg:  0.0, Max:  0.0, Diff:  0.0, Sum:  0.0, Workers: 4
[1521.610s][debug][gc,phases      ] GC(33)     Dead                           Min: 0, Avg:  0.0, Max: 0, Diff: 0, Sum: 0, Workers: 4
[1521.610s][debug][gc,phases      ] GC(33)     Total                          Min: 0, Avg:  0.0, Max: 0, Diff: 0, Sum: 0, Workers: 4
[1521.610s][debug][gc,phases      ] GC(33) Weak Processing 0.465ms
[1521.610s][debug][gc,age         ] GC(33) Desired survivor size 117964800 bytes, new threshold 1 (max threshold 15)
[1521.610s][info ][gc,heap        ] GC(33) PSYoungGen: 1853056K(1975296K)->4256K(1967616K) Eden: 1845760K(1845760K)->0K(1845760K) From: 7296K(129536K)->4256K(121856K)
[1521.610s][info ][gc,heap        ] GC(33) ParOldGen: 342987K(343040K)->346965K(347136K)
[1521.610s][info ][gc,metaspace   ] GC(33) Metaspace: 101490K(102720K)->101490K(102720K) NonClass: 86277K(86976K)->86277K(86976K) Class: 15212K(15744K)->15212K(15744K)
[1521.610s][info ][gc             ] GC(33) Pause Young (Allocation Failure) 2144M->342M(2260M) 6.049ms
[1521.610s][info ][gc,cpu         ] GC(33) User=0.02s Sys=0.00s Real=0.01s
[1521.610s][info ][safepoint      ] Safepoint "ParallelGCFailedAllocation", Time since last: 116633702 ns, Reaching safepoint: 7801 ns, Cleanup: 4100 ns, At safepoint: 6134721 ns, Total: 6146622 ns
[1523.610s][info ][safepoint      ] Safepoint "Cleanup", Time since last: 2000156672 ns, Reaching safepoint: 80203 ns, Cleanup: 12100 ns, At safepoint: 6100 ns, Total: 98403 ns
[1525.611s][info ][safepoint      ] Safepoint "Cleanup", Time since last: 2000193974 ns, Reaching safepoint: 80703 ns, Cleanup: 8600 ns, At safepoint: 7200 ns, Total: 96503 ns
[1532.611s][info ][safepoint      ] Safepoint "Cleanup", Time since last: 7000557544 ns, Reaching safepoint: 85903 ns, Cleanup: 11400 ns, At safepoint: 8700 ns, Total: 106003 ns
[1535.612s][info ][safepoint      ] Safepoint "Cleanup", Time since last: 3000253441 ns, Reaching safepoint: 79103 ns, Cleanup: 14800 ns, At safepoint: 5801 ns, Total: 99704 ns
[1536.612s][info ][safepoint      ] Safepoint "Cleanup", Time since last: 1000109047 ns, Reaching safepoint: 80703 ns, Cleanup: 10001 ns, At safepoint: 6700 ns, Total: 97404 ns
[1539.612s][info ][safepoint      ] Safepoint "Cleanup", Time since last: 3000254057 ns, Reaching safepoint: 81003 ns, Cleanup: 12001 ns, At safepoint: 6300 ns, Total: 99304 ns
[1540.612s][info ][safepoint      ] Safepoint "Cleanup", Time since last: 1000107895 ns, Reaching safepoint: 79603 ns, Cleanup: 9700 ns, At safepoint: 7401 ns, Total: 96704 ns
[1542.613s][info ][safepoint      ] Safepoint "Cleanup", Time since last: 2000186189 ns, Reaching safepoint: 79203 ns, Cleanup: 11501 ns, At safepoint: 6700 ns, Total: 97404 ns
[1555.614s][info ][safepoint      ] Safepoint "Cleanup", Time since last: 13000979159 ns, Reaching safepoint: 7101 ns, Cleanup: 11600 ns, At safepoint: 3000 ns, Total: 21701 ns
[1561.504s][info ][safepoint      ] Safepoint "Cleanup", Time since last: 5890004152 ns, Reaching safepoint: 8300 ns, Cleanup: 12901 ns, At safepoint: 2900 ns, Total: 24101 ns
[1568.504s][info ][safepoint      ] Safepoint "Cleanup", Time since last: 7000543630 ns, Reaching safepoint: 8601 ns, Cleanup: 13300 ns, At safepoint: 3100 ns, Total: 25001 ns
[1572.505s][info ][safepoint      ] Safepoint "Cleanup", Time since last: 4000334834 ns, Reaching safepoint: 7901 ns, Cleanup: 12300 ns, At safepoint: 3300 ns, Total: 23501 ns
[1573.505s][info ][safepoint      ] Safepoint "Cleanup", Time since last: 1000118826 ns, Reaching safepoint: 7801 ns, Cleanup: 16700 ns, At safepoint: 3500 ns, Total: 28001 ns
[1581.505s][info ][safepoint      ] Safepoint "Cleanup", Time since last: 8000642188 ns, Reaching safepoint: 8000 ns, Cleanup: 12501 ns, At safepoint: 3400 ns, Total: 23901 ns
[1582.506s][info ][safepoint      ] Safepoint "Cleanup", Time since last: 1000147918 ns, Reaching safepoint: 7300 ns, Cleanup: 12900 ns, At safepoint: 2900 ns, Total: 23100 ns
[1583.506s][info ][safepoint      ] Safepoint "Cleanup", Time since last: 1000120617 ns, Reaching safepoint: 7901 ns, Cleanup: 13200 ns, At safepoint: 20901 ns, Total: 42002 ns
[1584.506s][info ][safepoint      ] Safepoint "Cleanup", Time since last: 1000102016 ns, Reaching safepoint: 7100 ns, Cleanup: 12201 ns, At safepoint: 3200 ns, Total: 22501 ns
[1587.506s][info ][safepoint      ] Safepoint "Cleanup", Time since last: 3000256866 ns, Reaching safepoint: 7700 ns, Cleanup: 14800 ns, At safepoint: 2800 ns, Total: 25300 ns
[1590.506s][info ][safepoint      ] Safepoint "Cleanup", Time since last: 3000285231 ns, Reaching safepoint: 7100 ns, Cleanup: 13100 ns, At safepoint: 3201 ns, Total: 23401 ns
[1594.507s][info ][safepoint      ] Safepoint "Cleanup", Time since last: 4000323580 ns, Reaching safepoint: 7301 ns, Cleanup: 12200 ns, At safepoint: 3200 ns, Total: 22701 ns
[1595.507s][info ][safepoint      ] Safepoint "Cleanup", Time since last: 1000117220 ns, Reaching safepoint: 6901 ns, Cleanup: 24601 ns, At safepoint: 3100 ns, Total: 34602 ns
[1598.507s][info ][safepoint      ] Safepoint "Cleanup", Time since last: 3000264657 ns, Reaching safepoint: 79103 ns, Cleanup: 11801 ns, At safepoint: 6600 ns, Total: 97504 ns
[1600.508s][info ][safepoint      ] Safepoint "Cleanup", Time since last: 2000171338 ns, Reaching safepoint: 78603 ns, Cleanup: 10601 ns, At safepoint: 5700 ns, Total: 94904 ns
[1602.871s][info ][gc,start       ] GC(34) Pause Young (Allocation Failure)
[1602.877s][debug][gc,phases      ] GC(34) Scavenge 5.577ms
[1602.877s][debug][gc,ref         ] GC(34) ReferenceProcessor::execute queues: 1, RefProcThreadModel::Single, marks_oops_alive: false
[1602.877s][debug][gc,ref         ] GC(34) Skipped KeepAliveFinalRefsPhase of Reference Processing: no references
[1602.877s][debug][gc,ref         ] GC(34) ReferenceProcessor::execute queues: 1, RefProcThreadModel::Single, marks_oops_alive: false
[1602.877s][debug][gc,phases      ] GC(34) Reference Processing 0.118ms
[1602.877s][debug][gc,phases      ] GC(34)   VM Weak                        Min:  0.0, Avg:  0.0, Max:  0.0, Diff:  0.0, Sum:  0.0, Workers: 4
[1602.877s][debug][gc,phases      ] GC(34)     Dead                           Min: 0, Avg:  0.0, Max: 0, Diff: 0, Sum: 0, Workers: 4
[1602.877s][debug][gc,phases      ] GC(34)     Total                          Min: 0, Avg: 224.2, Max: 513, Diff: 513, Sum: 897, Workers: 4
[1602.877s][debug][gc,phases      ] GC(34)   ObjectSynchronizer Weak        Min:  0.0, Avg:  0.0, Max:  0.0, Diff:  0.0, Sum:  0.0, Workers: 4
[1602.877s][debug][gc,phases      ] GC(34)     Dead                           Min: 0, Avg:  0.0, Max: 0, Diff: 0, Sum: 0, Workers: 4
[1602.877s][debug][gc,phases      ] GC(34)     Total                          Min: 0, Avg:  1.0, Max: 4, Diff: 4, Sum: 4, Workers: 4
[1602.877s][debug][gc,phases      ] GC(34)   JVMTI Tag Weak OopStorage      Min:  0.0, Avg:  0.0, Max:  0.0, Diff:  0.0, Sum:  0.0, Workers: 4
[1602.877s][debug][gc,phases      ] GC(34)     Dead                           Min: 0, Avg:  0.0, Max: 0, Diff: 0, Sum: 0, Workers: 4
[1602.877s][debug][gc,phases      ] GC(34)     Total                          Min: 0, Avg:  0.0, Max: 0, Diff: 0, Sum: 0, Workers: 4
[1602.877s][debug][gc,phases      ] GC(34)   StringTable Weak               Min:  0.0, Avg:  0.1, Max:  0.1, Diff:  0.1, Sum:  0.4, Workers: 4
[1602.877s][debug][gc,phases      ] GC(34)     Dead                           Min: 0, Avg:  0.0, Max: 0, Diff: 0, Sum: 0, Workers: 4
[1602.877s][debug][gc,phases      ] GC(34)     Total                          Min: 0, Avg: 11125.8, Max: 15487, Diff: 15487, Sum: 44503, Workers: 4
[1602.877s][debug][gc,phases      ] GC(34)   ResolvedMethodTable Weak       Min:  0.0, Avg:  0.0, Max:  0.1, Diff:  0.1, Sum:  0.2, Workers: 4
[1602.877s][debug][gc,phases      ] GC(34)     Dead                           Min: 0, Avg:  4.0, Max: 16, Diff: 16, Sum: 16, Workers: 4
[1602.877s][debug][gc,phases      ] GC(34)     Total                          Min: 0, Avg: 3494.8, Max: 4835, Diff: 4835, Sum: 13979, Workers: 4
[1602.877s][debug][gc,phases      ] GC(34)   JNI Weak                       Min:  0.0, Avg:  0.0, Max:  0.0, Diff:  0.0, Sum:  0.0, Workers: 4
[1602.877s][debug][gc,phases      ] GC(34)     Dead                           Min: 0, Avg:  0.0, Max: 0, Diff: 0, Sum: 0, Workers: 4
[1602.877s][debug][gc,phases      ] GC(34)     Total                          Min: 0, Avg: 13.0, Max: 52, Diff: 52, Sum: 52, Workers: 4
[1602.877s][debug][gc,phases      ] GC(34)   StringDedup Table Weak         Min:  0.0, Avg:  0.0, Max:  0.0, Diff:  0.0, Sum:  0.0, Workers: 4
[1602.877s][debug][gc,phases      ] GC(34)     Dead                           Min: 0, Avg:  0.0, Max: 0, Diff: 0, Sum: 0, Workers: 4
[1602.877s][debug][gc,phases      ] GC(34)     Total                          Min: 0, Avg:  0.0, Max: 0, Diff: 0, Sum: 0, Workers: 4
[1602.877s][debug][gc,phases      ] GC(34)   StringDedup Requests0 Weak     Min:  0.0, Avg:  0.0, Max:  0.0, Diff:  0.0, Sum:  0.0, Workers: 4
[1602.877s][debug][gc,phases      ] GC(34)     Dead                           Min: 0, Avg:  0.0, Max: 0, Diff: 0, Sum: 0, Workers: 4
[1602.877s][debug][gc,phases      ] GC(34)     Total                          Min: 0, Avg:  0.0, Max: 0, Diff: 0, Sum: 0, Workers: 4
[1602.877s][debug][gc,phases      ] GC(34)   StringDedup Requests1 Weak     Min:  0.0, Avg:  0.0, Max:  0.0, Diff:  0.0, Sum:  0.0, Workers: 4
[1602.877s][debug][gc,phases      ] GC(34)     Dead                           Min: 0, Avg:  0.0, Max: 0, Diff: 0, Sum: 0, Workers: 4
[1602.877s][debug][gc,phases      ] GC(34)     Total                          Min: 0, Avg:  0.0, Max: 0, Diff: 0, Sum: 0, Workers: 4
[1602.877s][debug][gc,phases      ] GC(34)   Weak JFR Old Object Samples    Min:  0.0, Avg:  0.0, Max:  0.0, Diff:  0.0, Sum:  0.0, Workers: 4
[1602.877s][debug][gc,phases      ] GC(34)     Dead                           Min: 0, Avg:  0.0, Max: 0, Diff: 0, Sum: 0, Workers: 4
[1602.877s][debug][gc,phases      ] GC(34)     Total                          Min: 0, Avg:  0.0, Max: 0, Diff: 0, Sum: 0, Workers: 4
[1602.877s][debug][gc,phases      ] GC(34) Weak Processing 0.441ms
[1602.877s][debug][gc,age         ] GC(34) Desired survivor size 111149056 bytes, new threshold 1 (max threshold 15)
[1602.877s][info ][gc,heap        ] GC(34) PSYoungGen: 1850016K(1967616K)->3054K(1988608K) Eden: 1845760K(1845760K)->0K(1873408K) From: 4256K(121856K)->3054K(115200K)
[1602.877s][info ][gc,heap        ] GC(34) ParOldGen: 346965K(347136K)->348813K(349184K)
[1602.877s][info ][gc,metaspace   ] GC(34) Metaspace: 101524K(102720K)->101524K(102720K) NonClass: 86311K(86976K)->86311K(86976K) Class: 15212K(15744K)->15212K(15744K)
[1602.877s][info ][gc             ] GC(34) Pause Young (Allocation Failure) 2145M->343M(2283M) 6.278ms
[1602.877s][info ][gc,cpu         ] GC(34) User=0.00s Sys=0.01s Real=0.01s
[1602.877s][info ][safepoint      ] Safepoint "ParallelGCFailedAllocation", Time since last: 2363539485 ns, Reaching safepoint: 9100 ns, Cleanup: 4800 ns, At safepoint: 6361129 ns, Total: 6375029 ns
[1603.878s][info ][safepoint      ] Safepoint "Cleanup", Time since last: 1000099817 ns, Reaching safepoint: 9500 ns, Cleanup: 13500 ns, At safepoint: 34402 ns, Total: 57402 ns
[1606.878s][info ][safepoint      ] Safepoint "Cleanup", Time since last: 3000272150 ns, Reaching safepoint: 7400 ns, Cleanup: 13101 ns, At safepoint: 3000 ns, Total: 23501 ns
[1614.879s][info ][safepoint      ] Safepoint "Cleanup", Time since last: 8000651681 ns, Reaching safepoint: 8700 ns, Cleanup: 13400 ns, At safepoint: 32402 ns, Total: 54502 ns
[1618.879s][info ][safepoint      ] Safepoint "Cleanup", Time since last: 4000357309 ns, Reaching safepoint: 7500 ns, Cleanup: 14601 ns, At safepoint: 3200 ns, Total: 25301 ns
[1629.522s][info ][safepoint      ] Safepoint "Cleanup", Time since last: 10642839495 ns, Reaching safepoint: 85003 ns, Cleanup: 25901 ns, At safepoint: 13201 ns, Total: 124105 ns
[1630.522s][info ][safepoint      ] Safepoint "Cleanup", Time since last: 1000148691 ns, Reaching safepoint: 7801 ns, Cleanup: 11600 ns, At safepoint: 2900 ns, Total: 22301 ns
[1631.522s][info ][safepoint      ] Safepoint "Cleanup", Time since last: 1000135492 ns, Reaching safepoint: 7600 ns, Cleanup: 12900 ns, At safepoint: 2500 ns, Total: 23000 ns
[1729.545s][info ][safepoint      ] Safepoint "Cleanup", Time since last: 98022790412 ns, Reaching safepoint: 8000 ns, Cleanup: 11400 ns, At safepoint: 2700 ns, Total: 22100 ns
[1731.545s][info ][safepoint      ] Safepoint "Cleanup", Time since last: 2000196314 ns, Reaching safepoint: 9300 ns, Cleanup: 12900 ns, At safepoint: 3200 ns, Total: 25400 ns
[1743.546s][info ][safepoint      ] Safepoint "Cleanup", Time since last: 12001092444 ns, Reaching safepoint: 7800 ns, Cleanup: 12801 ns, At safepoint: 3000 ns, Total: 23601 ns
[1744.547s][info ][safepoint      ] Safepoint "Cleanup", Time since last: 1000151397 ns, Reaching safepoint: 8400 ns, Cleanup: 13501 ns, At safepoint: 3400 ns, Total: 25301 ns
[1749.537s][info ][safepoint      ] Safepoint "Cleanup", Time since last: 4990358442 ns, Reaching safepoint: 3800 ns, Cleanup: 19700 ns, At safepoint: 6401 ns, Total: 29901 ns
[1749.561s][info ][safepoint      ] Safepoint "JFRCheckpoint", Time since last: 23934152 ns, Reaching safepoint: 82303 ns, Cleanup: 12300 ns, At safepoint: 18601 ns, Total: 113204 ns
[1749.564s][info ][gc,heap,exit   ] Heap
[1749.564s][info ][gc,heap,exit   ]  PSYoungGen      total 1988608K, used 779136K [0x0000000780000000, 0x0000000800000000, 0x0000000800000000)
[1749.564s][info ][gc,heap,exit   ]   eden space 1873408K, 41% used [0x0000000780000000,0x00000007af5e4518,0x00000007f2580000)
[1749.564s][info ][gc,heap,exit   ]   from space 115200K, 2% used [0x00000007f8f80000,0x00000007f927bb10,0x0000000800000000)
[1749.564s][info ][gc,heap,exit   ]   to   space 108544K, 0% used [0x00000007f2580000,0x00000007f2580000,0x00000007f8f80000)
[1749.564s][info ][gc,heap,exit   ]  ParOldGen       total 349184K, used 348813K [0x00000006c0000000, 0x00000006d5500000, 0x0000000780000000)
[1749.564s][info ][gc,heap,exit   ]   object space 349184K, 99% used [0x00000006c0000000,0x00000006d54a3720,0x00000006d5500000)
[1749.564s][info ][gc,heap,exit   ]  Metaspace       used 101689K, committed 102848K, reserved 1179648K
[1749.564s][info ][gc,heap,exit   ]   class space    used 15237K, committed 15744K, reserved 1048576K
