[0.003s][info][gc,init] CardTable entry size: 512
[0.003s][info][gc     ] Using Parallel
[0.005s][info][gc,init] Version: 21.0.7+6-LTS (release)
[0.005s][info][gc,init] CPUs: 4 total, 4 available
[0.005s][info][gc,init] Memory: 15989M
[0.005s][info][gc,init] Large Page Support: Disabled
[0.005s][info][gc,init] NUMA Support: Disabled
[0.005s][info][gc,init] Compressed Oops: Enabled (Zero based)
[0.005s][info][gc,init] Alignments: Space 512K, Generation 512K, Heap 2M
[0.005s][info][gc,init] Heap Min Capacity: 2054M
[0.005s][info][gc,init] Heap Initial Capacity: 2054M
[0.005s][info][gc,init] Heap Max Capacity: 5G
[0.005s][info][gc,init] Pre-touch: Disabled
[0.005s][info][gc,init] Parallel Workers: 4
[0.012s][info][gc,metaspace] CDS archive(s) mapped at: [0x00007c345d000000-0x00007c345dc97000-0x00007c345dc97000), size 13201408, SharedBaseAddress: 0x00007c345d000000, ArchiveRelocationMode: 1.
[0.012s][info][gc,metaspace] Compressed class space mapped at: 0x00007c345e000000-0x00007c349e000000, reserved size: 1073741824
[0.012s][info][gc,metaspace] Narrow klass base: 0x00007c345d000000, Narrow klass shift: 0, Narrow klass range: 0x100000000
[0.247s][info][safepoint   ] Safepoint "ICBufferFull", Time since last: 228752814 ns, Reaching safepoint: 2800 ns, Cleanup: 94500 ns, At safepoint: 10400 ns, Total: 107700 ns
[0.457s][info][safepoint   ] Safepoint "RedefineClasses", Time since last: 203832923 ns, Reaching safepoint: 2900 ns, Cleanup: 126300 ns, At safepoint: 5234198 ns, Total: 5363398 ns
[0.573s][info][safepoint   ] Safepoint "JFRCheckpoint", Time since last: 116437756 ns, Reaching safepoint: 84600 ns, Cleanup: 69800 ns, At safepoint: 15600 ns, Total: 170000 ns
[1.601s][info][safepoint   ] Safepoint "Cleanup", Time since last: 1027355112 ns, Reaching safepoint: 2100 ns, Cleanup: 65300 ns, At safepoint: 3400 ns, Total: 70800 ns
[1.918s][info][safepoint   ] Safepoint "ICBufferFull", Time since last: 317574280 ns, Reaching safepoint: 3000 ns, Cleanup: 113700 ns, At safepoint: 1300 ns, Total: 118000 ns
[2.370s][info][gc,start    ] GC(0) Pause Young (Metadata GC Threshold)
[2.391s][debug][gc,phases   ] GC(0) Scavenge 20.548ms
[2.391s][debug][gc,ref      ] GC(0) ReferenceProcessor::execute queues: 2, RefProcThreadModel::Multi, marks_oops_alive: false
[2.391s][debug][gc,ref      ] GC(0) ReferenceProcessor::execute queues: 4, RefProcThreadModel::Multi, marks_oops_alive: true
[2.391s][debug][gc,ref      ] GC(0) ReferenceProcessor::execute queues: 1, RefProcThreadModel::Single, marks_oops_alive: false
[2.391s][debug][gc,phases   ] GC(0) Reference Processing 0.336ms
[2.391s][debug][gc,phases   ] GC(0)   VM Weak                        Min:  0.0, Avg:  0.0, Max:  0.0, Diff:  0.0, Sum:  0.0, Workers: 4
[2.391s][debug][gc,phases   ] GC(0)     Dead                           Min: 0, Avg:  0.0, Max: 0, Diff: 0, Sum: 0, Workers: 4
[2.391s][debug][gc,phases   ] GC(0)     Total                          Min: 0, Avg: 59.8, Max: 175, Diff: 175, Sum: 239, Workers: 4
[2.391s][debug][gc,phases   ] GC(0)   ObjectSynchronizer Weak        Min:  0.0, Avg:  0.0, Max:  0.0, Diff:  0.0, Sum:  0.0, Workers: 4
[2.391s][debug][gc,phases   ] GC(0)     Dead                           Min: 0, Avg:  0.5, Max: 2, Diff: 2, Sum: 2, Workers: 4
[2.391s][debug][gc,phases   ] GC(0)     Total                          Min: 0, Avg:  2.0, Max: 8, Diff: 8, Sum: 8, Workers: 4
[2.391s][debug][gc,phases   ] GC(0)   JVMTI Tag Weak OopStorage      Min:  0.0, Avg:  0.0, Max:  0.0, Diff:  0.0, Sum:  0.0, Workers: 4
[2.391s][debug][gc,phases   ] GC(0)     Dead                           Min: 0, Avg:  0.0, Max: 0, Diff: 0, Sum: 0, Workers: 4
[2.391s][debug][gc,phases   ] GC(0)     Total                          Min: 0, Avg:  0.0, Max: 0, Diff: 0, Sum: 0, Workers: 4
[2.391s][debug][gc,phases   ] GC(0)   StringTable Weak               Min:  0.0, Avg:  0.0, Max:  0.1, Diff:  0.1, Sum:  0.2, Workers: 4
[2.391s][debug][gc,phases   ] GC(0)     Dead                           Min: 0, Avg:  7.8, Max: 17, Diff: 17, Sum: 31, Workers: 4
[2.391s][debug][gc,phases   ] GC(0)     Total                          Min: 0, Avg: 1991.8, Max: 2752, Diff: 2752, Sum: 7967, Workers: 4
[2.391s][debug][gc,phases   ] GC(0)   ResolvedMethodTable Weak       Min:  0.0, Avg:  0.0, Max:  0.0, Diff:  0.0, Sum:  0.1, Workers: 4
[2.391s][debug][gc,phases   ] GC(0)     Dead                           Min: 0, Avg: 95.8, Max: 160, Diff: 160, Sum: 383, Workers: 4
[2.391s][debug][gc,phases   ] GC(0)     Total                          Min: 0, Avg: 468.2, Max: 640, Diff: 640, Sum: 1873, Workers: 4
[2.391s][debug][gc,phases   ] GC(0)   JNI Weak                       Min:  0.0, Avg:  0.0, Max:  0.0, Diff:  0.0, Sum:  0.0, Workers: 4
[2.391s][debug][gc,phases   ] GC(0)     Dead                           Min: 0, Avg:  0.0, Max: 0, Diff: 0, Sum: 0, Workers: 4
[2.391s][debug][gc,phases   ] GC(0)     Total                          Min: 0, Avg: 12.0, Max: 48, Diff: 48, Sum: 48, Workers: 4
[2.391s][debug][gc,phases   ] GC(0)   StringDedup Table Weak         Min:  0.0, Avg:  0.0, Max:  0.0, Diff:  0.0, Sum:  0.0, Workers: 4
[2.391s][debug][gc,phases   ] GC(0)     Dead                           Min: 0, Avg:  0.0, Max: 0, Diff: 0, Sum: 0, Workers: 4
[2.391s][debug][gc,phases   ] GC(0)     Total                          Min: 0, Avg:  0.0, Max: 0, Diff: 0, Sum: 0, Workers: 4
[2.391s][debug][gc,phases   ] GC(0)   StringDedup Requests0 Weak     Min:  0.0, Avg:  0.0, Max:  0.0, Diff:  0.0, Sum:  0.0, Workers: 4
[2.391s][debug][gc,phases   ] GC(0)     Dead                           Min: 0, Avg:  0.0, Max: 0, Diff: 0, Sum: 0, Workers: 4
[2.391s][debug][gc,phases   ] GC(0)     Total                          Min: 0, Avg:  0.0, Max: 0, Diff: 0, Sum: 0, Workers: 4
[2.391s][debug][gc,phases   ] GC(0)   StringDedup Requests1 Weak     Min:  0.0, Avg:  0.0, Max:  0.0, Diff:  0.0, Sum:  0.0, Workers: 4
[2.391s][debug][gc,phases   ] GC(0)     Dead                           Min: 0, Avg:  0.0, Max: 0, Diff: 0, Sum: 0, Workers: 4
[2.391s][debug][gc,phases   ] GC(0)     Total                          Min: 0, Avg:  0.0, Max: 0, Diff: 0, Sum: 0, Workers: 4
[2.391s][debug][gc,phases   ] GC(0)   Weak JFR Old Object Samples    Min:  0.0, Avg:  0.0, Max:  0.0, Diff:  0.0, Sum:  0.0, Workers: 4
[2.391s][debug][gc,phases   ] GC(0)     Dead                           Min: 0, Avg:  0.0, Max: 0, Diff: 0, Sum: 0, Workers: 4
[2.391s][debug][gc,phases   ] GC(0)     Total                          Min: 0, Avg:  0.0, Max: 0, Diff: 0, Sum: 0, Workers: 4
[2.391s][debug][gc,phases   ] GC(0) Weak Processing 0.258ms
[2.391s][debug][gc,age      ] GC(0) Desired survivor size 536870912 bytes, new threshold 7 (max threshold 15)
[2.391s][info ][gc,heap     ] GC(0) PSYoungGen: 372093K(1572864K)->37809K(1572864K) Eden: 372093K(1048576K)->0K(1048576K) From: 0K(524288K)->37809K(524288K)
[2.391s][info ][gc,heap     ] GC(0) ParOldGen: 1073K(6144K)->1153K(6144K)
[2.391s][info ][gc,metaspace] GC(0) Metaspace: 21121K(21504K)->21121K(21504K) NonClass: 18800K(19008K)->18800K(19008K) Class: 2321K(2496K)->2321K(2496K)
[2.391s][info ][gc          ] GC(0) Pause Young (Metadata GC Threshold) 364M->38M(1542M) 21.544ms
[2.391s][info ][gc,cpu      ] GC(0) User=0.06s Sys=0.01s Real=0.03s
[2.391s][debug][gc,phases   ] GC(1) Pre Compact 0.007ms
[2.391s][info ][gc,start    ] GC(1) Pause Full (Metadata GC Threshold)
[2.391s][info ][gc,phases,start] GC(1) Marking Phase
[2.400s][debug][gc,phases      ] GC(1) Par Mark 9.214ms
[2.401s][debug][gc,ref         ] GC(1) ReferenceProcessor::execute queues: 2, RefProcThreadModel::Multi, marks_oops_alive: false
[2.401s][debug][gc,ref         ] GC(1) ReferenceProcessor::execute queues: 4, RefProcThreadModel::Multi, marks_oops_alive: true
[2.401s][debug][gc,ref         ] GC(1) ReferenceProcessor::execute queues: 1, RefProcThreadModel::Single, marks_oops_alive: false
[2.401s][debug][gc,phases      ] GC(1) Reference Processing 0.132ms
[2.401s][debug][gc,phases      ] GC(1)   VM Weak                        Min:  0.0, Avg:  0.0, Max:  0.0, Diff:  0.0, Sum:  0.0, Workers: 4
[2.401s][debug][gc,phases      ] GC(1)     Dead                           Min: 0, Avg:  0.0, Max: 0, Diff: 0, Sum: 0, Workers: 4
[2.401s][debug][gc,phases      ] GC(1)     Total                          Min: 0, Avg: 59.8, Max: 239, Diff: 239, Sum: 239, Workers: 4
[2.401s][debug][gc,phases      ] GC(1)   ObjectSynchronizer Weak        Min:  0.0, Avg:  0.0, Max:  0.0, Diff:  0.0, Sum:  0.0, Workers: 4
[2.401s][debug][gc,phases      ] GC(1)     Dead                           Min: 0, Avg:  0.0, Max: 0, Diff: 0, Sum: 0, Workers: 4
[2.401s][debug][gc,phases      ] GC(1)     Total                          Min: 0, Avg:  2.0, Max: 8, Diff: 8, Sum: 8, Workers: 4
[2.401s][debug][gc,phases      ] GC(1)   JVMTI Tag Weak OopStorage      Min:  0.0, Avg:  0.0, Max:  0.0, Diff:  0.0, Sum:  0.0, Workers: 4
[2.401s][debug][gc,phases      ] GC(1)     Dead                           Min: 0, Avg:  0.0, Max: 0, Diff: 0, Sum: 0, Workers: 4
[2.401s][debug][gc,phases      ] GC(1)     Total                          Min: 0, Avg:  0.0, Max: 0, Diff: 0, Sum: 0, Workers: 4
[2.401s][debug][gc,phases      ] GC(1)   StringTable Weak               Min:  0.0, Avg:  0.0, Max:  0.0, Diff:  0.0, Sum:  0.1, Workers: 4
[2.401s][debug][gc,phases      ] GC(1)     Dead                           Min: 0, Avg:  0.0, Max: 0, Diff: 0, Sum: 0, Workers: 4
[2.401s][debug][gc,phases      ] GC(1)     Total                          Min: 1600, Avg: 1991.8, Max: 2368, Diff: 768, Sum: 7967, Workers: 4
[2.401s][debug][gc,phases      ] GC(1)   ResolvedMethodTable Weak       Min:  0.0, Avg:  0.0, Max:  0.0, Diff:  0.0, Sum:  0.0, Workers: 4
[2.401s][debug][gc,phases      ] GC(1)     Dead                           Min: 0, Avg:  0.0, Max: 0, Diff: 0, Sum: 0, Workers: 4
[2.401s][debug][gc,phases      ] GC(1)     Total                          Min: 448, Avg: 468.2, Max: 512, Diff: 64, Sum: 1873, Workers: 4
[2.401s][debug][gc,phases      ] GC(1)   JNI Weak                       Min:  0.0, Avg:  0.0, Max:  0.0, Diff:  0.0, Sum:  0.0, Workers: 4
[2.401s][debug][gc,phases      ] GC(1)     Dead                           Min: 0, Avg:  0.0, Max: 0, Diff: 0, Sum: 0, Workers: 4
[2.401s][debug][gc,phases      ] GC(1)     Total                          Min: 0, Avg: 12.0, Max: 48, Diff: 48, Sum: 48, Workers: 4
[2.401s][debug][gc,phases      ] GC(1)   StringDedup Table Weak         Min:  0.0, Avg:  0.0, Max:  0.0, Diff:  0.0, Sum:  0.0, Workers: 4
[2.401s][debug][gc,phases      ] GC(1)     Dead                           Min: 0, Avg:  0.0, Max: 0, Diff: 0, Sum: 0, Workers: 4
[2.401s][debug][gc,phases      ] GC(1)     Total                          Min: 0, Avg:  0.0, Max: 0, Diff: 0, Sum: 0, Workers: 4
[2.401s][debug][gc,phases      ] GC(1)   StringDedup Requests0 Weak     Min:  0.0, Avg:  0.0, Max:  0.0, Diff:  0.0, Sum:  0.0, Workers: 4
[2.401s][debug][gc,phases      ] GC(1)     Dead                           Min: 0, Avg:  0.0, Max: 0, Diff: 0, Sum: 0, Workers: 4
[2.401s][debug][gc,phases      ] GC(1)     Total                          Min: 0, Avg:  0.0, Max: 0, Diff: 0, Sum: 0, Workers: 4
[2.401s][debug][gc,phases      ] GC(1)   StringDedup Requests1 Weak     Min:  0.0, Avg:  0.0, Max:  0.0, Diff:  0.0, Sum:  0.0, Workers: 4
[2.401s][debug][gc,phases      ] GC(1)     Dead                           Min: 0, Avg:  0.0, Max: 0, Diff: 0, Sum: 0, Workers: 4
[2.401s][debug][gc,phases      ] GC(1)     Total                          Min: 0, Avg:  0.0, Max: 0, Diff: 0, Sum: 0, Workers: 4
[2.401s][debug][gc,phases      ] GC(1)   Weak JFR Old Object Samples    Min:  0.0, Avg:  0.0, Max:  0.0, Diff:  0.0, Sum:  0.0, Workers: 4
[2.401s][debug][gc,phases      ] GC(1)     Dead                           Min: 0, Avg:  0.0, Max: 0, Diff: 0, Sum: 0, Workers: 4
[2.401s][debug][gc,phases      ] GC(1)     Total                          Min: 0, Avg:  0.0, Max: 0, Diff: 0, Sum: 0, Workers: 4
[2.401s][debug][gc,phases      ] GC(1) Weak Processing 0.183ms
[2.401s][debug][gc,phases      ] GC(1) ClassLoaderData 0.011ms
[2.401s][debug][gc,phases      ] GC(1) Trigger cleanups 0.000ms
[2.406s][debug][gc,phases      ] GC(1) Purge Unlinked NMethods 0.001ms
[2.406s][debug][gc,phases      ] GC(1) Unregister NMethods 0.012ms
[2.406s][debug][gc,phases      ] GC(1) Free Code Blobs 0.002ms
[2.406s][debug][gc,phases      ] GC(1) Class Unloading 5.533ms
[2.406s][debug][gc,phases      ] GC(1) Report Object Count 0.001ms
[2.406s][info ][gc,phases      ] GC(1) Marking Phase 15.106ms
[2.406s][info ][gc,phases,start] GC(1) Summary Phase
[2.406s][info ][gc,phases      ] GC(1) Summary Phase 0.005ms
[2.406s][info ][gc,phases,start] GC(1) Adjust Roots
[2.411s][info ][gc,phases      ] GC(1) Adjust Roots 4.411ms
[2.411s][info ][gc,phases,start] GC(1) Compaction Phase
[2.434s][info ][gc,phases      ] GC(1) Compaction Phase 22.960ms
[2.434s][info ][gc,phases,start] GC(1) Post Compact
[2.435s][debug][gc,phases      ] GC(1) Purge Class Loader Data 0.783ms
[2.435s][info ][gc,phases      ] GC(1) Post Compact 1.611ms
[2.435s][info ][gc,heap        ] GC(1) PSYoungGen: 37809K(1572864K)->32803K(1572864K) Eden: 0K(1048576K)->0K(1048576K) From: 37809K(524288K)->32803K(524288K)
[2.435s][info ][gc,heap        ] GC(1) ParOldGen: 1153K(6144K)->5819K(6144K)
[2.435s][info ][gc,metaspace   ] GC(1) Metaspace: 21121K(21504K)->21121K(21504K) NonClass: 18800K(19008K)->18800K(19008K) Class: 2321K(2496K)->2321K(2496K)
[2.435s][info ][gc             ] GC(1) Pause Full (Metadata GC Threshold) 38M->37M(1542M) 44.192ms
[2.435s][info ][gc,cpu         ] GC(1) User=0.13s Sys=0.01s Real=0.04s
[2.435s][info ][safepoint      ] Safepoint "CollectForMetadataAllocation", Time since last: 451143329 ns, Reaching safepoint: 3100 ns, Cleanup: 115800 ns, At safepoint: 65833675 ns, Total: 65952575 ns
[2.799s][info ][safepoint      ] Safepoint "ICBufferFull", Time since last: 363370463 ns, Reaching safepoint: 3300 ns, Cleanup: 110900 ns, At safepoint: 11500 ns, Total: 125700 ns
[3.011s][info ][safepoint      ] Safepoint "ICBufferFull", Time since last: 211680420 ns, Reaching safepoint: 3600 ns, Cleanup: 109500 ns, At safepoint: 7100 ns, Total: 120200 ns
[3.139s][info ][safepoint      ] Safepoint "ICBufferFull", Time since last: 127608252 ns, Reaching safepoint: 3800 ns, Cleanup: 118100 ns, At safepoint: 10100 ns, Total: 132000 ns
[3.277s][info ][safepoint      ] Safepoint "ICBufferFull", Time since last: 138280248 ns, Reaching safepoint: 3000 ns, Cleanup: 123899 ns, At safepoint: 1400 ns, Total: 128299 ns
[3.711s][info ][gc,start       ] GC(2) Pause Young (Metadata GC Threshold)
[3.749s][debug][gc,phases      ] GC(2) Scavenge 38.159ms
[3.749s][debug][gc,ref         ] GC(2) ReferenceProcessor::execute queues: 4, RefProcThreadModel::Multi, marks_oops_alive: false
[3.749s][debug][gc,ref         ] GC(2) Skipped KeepAliveFinalRefsPhase of Reference Processing: no references
[3.749s][debug][gc,ref         ] GC(2) ReferenceProcessor::execute queues: 2, RefProcThreadModel::Multi, marks_oops_alive: false
[3.750s][debug][gc,phases      ] GC(2) Reference Processing 0.644ms
[3.750s][debug][gc,phases      ] GC(2)   VM Weak                        Min:  0.0, Avg:  0.0, Max:  0.0, Diff:  0.0, Sum:  0.0, Workers: 4
[3.750s][debug][gc,phases      ] GC(2)     Dead                           Min: 0, Avg:  0.0, Max: 0, Diff: 0, Sum: 0, Workers: 4
[3.750s][debug][gc,phases      ] GC(2)     Total                          Min: 0, Avg: 72.2, Max: 256, Diff: 256, Sum: 289, Workers: 4
[3.750s][debug][gc,phases      ] GC(2)   ObjectSynchronizer Weak        Min:  0.0, Avg:  0.0, Max:  0.0, Diff:  0.0, Sum:  0.0, Workers: 4
[3.750s][debug][gc,phases      ] GC(2)     Dead                           Min: 0, Avg:  0.0, Max: 0, Diff: 0, Sum: 0, Workers: 4
[3.750s][debug][gc,phases      ] GC(2)     Total                          Min: 0, Avg:  2.0, Max: 8, Diff: 8, Sum: 8, Workers: 4
[3.750s][debug][gc,phases      ] GC(2)   JVMTI Tag Weak OopStorage      Min:  0.0, Avg:  0.0, Max:  0.0, Diff:  0.0, Sum:  0.0, Workers: 4
[3.750s][debug][gc,phases      ] GC(2)     Dead                           Min: 0, Avg:  0.0, Max: 0, Diff: 0, Sum: 0, Workers: 4
[3.750s][debug][gc,phases      ] GC(2)     Total                          Min: 0, Avg:  0.0, Max: 0, Diff: 0, Sum: 0, Workers: 4
[3.750s][debug][gc,phases      ] GC(2)   StringTable Weak               Min:  0.1, Avg:  0.1, Max:  0.1, Diff:  0.0, Sum:  0.4, Workers: 4
[3.750s][debug][gc,phases      ] GC(2)     Dead                           Min: 1, Avg:  2.8, Max: 5, Diff: 4, Sum: 11, Workers: 4
[3.750s][debug][gc,phases      ] GC(2)     Total                          Min: 3584, Avg: 3665.8, Max: 3719, Diff: 135, Sum: 14663, Workers: 4
[3.750s][debug][gc,phases      ] GC(2)   ResolvedMethodTable Weak       Min:  0.0, Avg:  0.0, Max:  0.0, Diff:  0.0, Sum:  0.1, Workers: 4
[3.750s][debug][gc,phases      ] GC(2)     Dead                           Min: 353, Avg: 436.8, Max: 572, Diff: 219, Sum: 1747, Workers: 4
[3.750s][debug][gc,phases      ] GC(2)     Total                          Min: 1088, Avg: 1192.5, Max: 1251, Diff: 163, Sum: 4770, Workers: 4
[3.750s][debug][gc,phases      ] GC(2)   JNI Weak                       Min:  0.0, Avg:  0.0, Max:  0.0, Diff:  0.0, Sum:  0.0, Workers: 4
[3.750s][debug][gc,phases      ] GC(2)     Dead                           Min: 0, Avg:  0.0, Max: 0, Diff: 0, Sum: 0, Workers: 4
[3.750s][debug][gc,phases      ] GC(2)     Total                          Min: 0, Avg: 13.8, Max: 55, Diff: 55, Sum: 55, Workers: 4
[3.750s][debug][gc,phases      ] GC(2)   StringDedup Table Weak         Min:  0.0, Avg:  0.0, Max:  0.0, Diff:  0.0, Sum:  0.0, Workers: 4
[3.750s][debug][gc,phases      ] GC(2)     Dead                           Min: 0, Avg:  0.0, Max: 0, Diff: 0, Sum: 0, Workers: 4
[3.750s][debug][gc,phases      ] GC(2)     Total                          Min: 0, Avg:  0.0, Max: 0, Diff: 0, Sum: 0, Workers: 4
[3.750s][debug][gc,phases      ] GC(2)   StringDedup Requests0 Weak     Min:  0.0, Avg:  0.0, Max:  0.0, Diff:  0.0, Sum:  0.0, Workers: 4
[3.750s][debug][gc,phases      ] GC(2)     Dead                           Min: 0, Avg:  0.0, Max: 0, Diff: 0, Sum: 0, Workers: 4
[3.750s][debug][gc,phases      ] GC(2)     Total                          Min: 0, Avg:  0.0, Max: 0, Diff: 0, Sum: 0, Workers: 4
[3.750s][debug][gc,phases      ] GC(2)   StringDedup Requests1 Weak     Min:  0.0, Avg:  0.0, Max:  0.0, Diff:  0.0, Sum:  0.0, Workers: 4
[3.750s][debug][gc,phases      ] GC(2)     Dead                           Min: 0, Avg:  0.0, Max: 0, Diff: 0, Sum: 0, Workers: 4
[3.750s][debug][gc,phases      ] GC(2)     Total                          Min: 0, Avg:  0.0, Max: 0, Diff: 0, Sum: 0, Workers: 4
[3.750s][debug][gc,phases      ] GC(2)   Weak JFR Old Object Samples    Min:  0.0, Avg:  0.0, Max:  0.0, Diff:  0.0, Sum:  0.0, Workers: 4
[3.750s][debug][gc,phases      ] GC(2)     Dead                           Min: 0, Avg:  0.0, Max: 0, Diff: 0, Sum: 0, Workers: 4
[3.750s][debug][gc,phases      ] GC(2)     Total                          Min: 0, Avg:  0.0, Max: 0, Diff: 0, Sum: 0, Workers: 4
[3.750s][debug][gc,phases      ] GC(2) Weak Processing 0.310ms
[3.750s][debug][gc,age         ] GC(2) Desired survivor size 536870912 bytes, new threshold 7 (max threshold 15)
[3.750s][info ][gc,heap        ] GC(2) PSYoungGen: 578198K(1572864K)->55612K(1572864K) Eden: 545395K(1048576K)->0K(1048576K) From: 32803K(524288K)->55612K(524288K)
[3.750s][info ][gc,heap        ] GC(2) ParOldGen: 5819K(6144K)->5835K(6144K)
[3.750s][info ][gc,metaspace   ] GC(2) Metaspace: 35361K(35840K)->35361K(35840K) NonClass: 30841K(31104K)->30841K(31104K) Class: 4520K(4736K)->4520K(4736K)
[3.750s][info ][gc             ] GC(2) Pause Young (Metadata GC Threshold) 570M->60M(1542M) 39.242ms
[3.750s][info ][gc,cpu         ] GC(2) User=0.09s Sys=0.02s Real=0.04s
[3.750s][debug][gc,phases      ] GC(3) Pre Compact 0.008ms
[3.750s][info ][gc,start       ] GC(3) Pause Full (Metadata GC Threshold)
[3.750s][info ][gc,phases,start] GC(3) Marking Phase
[3.772s][debug][gc,phases      ] GC(3) Par Mark 22.225ms
[3.772s][debug][gc,ref         ] GC(3) ReferenceProcessor::execute queues: 4, RefProcThreadModel::Multi, marks_oops_alive: false
[3.773s][debug][gc,ref         ] GC(3) ReferenceProcessor::execute queues: 4, RefProcThreadModel::Multi, marks_oops_alive: true
[3.773s][debug][gc,ref         ] GC(3) ReferenceProcessor::execute queues: 1, RefProcThreadModel::Single, marks_oops_alive: false
[3.773s][debug][gc,phases      ] GC(3) Reference Processing 0.452ms
[3.773s][debug][gc,phases      ] GC(3)   VM Weak                        Min:  0.0, Avg:  0.0, Max:  0.0, Diff:  0.0, Sum:  0.0, Workers: 4
[3.773s][debug][gc,phases      ] GC(3)     Dead                           Min: 0, Avg:  0.0, Max: 0, Diff: 0, Sum: 0, Workers: 4
[3.773s][debug][gc,phases      ] GC(3)     Total                          Min: 0, Avg: 72.2, Max: 256, Diff: 256, Sum: 289, Workers: 4
[3.773s][debug][gc,phases      ] GC(3)   ObjectSynchronizer Weak        Min:  0.0, Avg:  0.0, Max:  0.0, Diff:  0.0, Sum:  0.0, Workers: 4
[3.773s][debug][gc,phases      ] GC(3)     Dead                           Min: 0, Avg:  0.0, Max: 0, Diff: 0, Sum: 0, Workers: 4
[3.773s][debug][gc,phases      ] GC(3)     Total                          Min: 0, Avg:  2.0, Max: 8, Diff: 8, Sum: 8, Workers: 4
[3.773s][debug][gc,phases      ] GC(3)   JVMTI Tag Weak OopStorage      Min:  0.0, Avg:  0.0, Max:  0.0, Diff:  0.0, Sum:  0.0, Workers: 4
[3.773s][debug][gc,phases      ] GC(3)     Dead                           Min: 0, Avg:  0.0, Max: 0, Diff: 0, Sum: 0, Workers: 4
[3.773s][debug][gc,phases      ] GC(3)     Total                          Min: 0, Avg:  0.0, Max: 0, Diff: 0, Sum: 0, Workers: 4
[3.773s][debug][gc,phases      ] GC(3)   StringTable Weak               Min:  0.0, Avg:  0.0, Max:  0.1, Diff:  0.1, Sum:  0.2, Workers: 4
[3.773s][debug][gc,phases      ] GC(3)     Dead                           Min: 0, Avg:  0.0, Max: 0, Diff: 0, Sum: 0, Workers: 4
[3.773s][debug][gc,phases      ] GC(3)     Total                          Min: 0, Avg: 3665.8, Max: 7431, Diff: 7431, Sum: 14663, Workers: 4
[3.773s][debug][gc,phases      ] GC(3)   ResolvedMethodTable Weak       Min:  0.0, Avg:  0.0, Max:  0.0, Diff:  0.0, Sum:  0.1, Workers: 4
[3.773s][debug][gc,phases      ] GC(3)     Dead                           Min: 0, Avg:  0.0, Max: 0, Diff: 0, Sum: 0, Workers: 4
[3.773s][debug][gc,phases      ] GC(3)     Total                          Min: 0, Avg: 1192.5, Max: 2430, Diff: 2430, Sum: 4770, Workers: 4
[3.773s][debug][gc,phases      ] GC(3)   JNI Weak                       Min:  0.0, Avg:  0.0, Max:  0.0, Diff:  0.0, Sum:  0.0, Workers: 4
[3.773s][debug][gc,phases      ] GC(3)     Dead                           Min: 0, Avg:  0.0, Max: 0, Diff: 0, Sum: 0, Workers: 4
[3.773s][debug][gc,phases      ] GC(3)     Total                          Min: 0, Avg: 13.8, Max: 55, Diff: 55, Sum: 55, Workers: 4
[3.773s][debug][gc,phases      ] GC(3)   StringDedup Table Weak         Min:  0.0, Avg:  0.0, Max:  0.0, Diff:  0.0, Sum:  0.0, Workers: 4
[3.773s][debug][gc,phases      ] GC(3)     Dead                           Min: 0, Avg:  0.0, Max: 0, Diff: 0, Sum: 0, Workers: 4
[3.773s][debug][gc,phases      ] GC(3)     Total                          Min: 0, Avg:  0.0, Max: 0, Diff: 0, Sum: 0, Workers: 4
[3.773s][debug][gc,phases      ] GC(3)   StringDedup Requests0 Weak     Min:  0.0, Avg:  0.0, Max:  0.0, Diff:  0.0, Sum:  0.0, Workers: 4
[3.773s][debug][gc,phases      ] GC(3)     Dead                           Min: 0, Avg:  0.0, Max: 0, Diff: 0, Sum: 0, Workers: 4
[3.773s][debug][gc,phases      ] GC(3)     Total                          Min: 0, Avg:  0.0, Max: 0, Diff: 0, Sum: 0, Workers: 4
[3.773s][debug][gc,phases      ] GC(3)   StringDedup Requests1 Weak     Min:  0.0, Avg:  0.0, Max:  0.0, Diff:  0.0, Sum:  0.0, Workers: 4
[3.773s][debug][gc,phases      ] GC(3)     Dead                           Min: 0, Avg:  0.0, Max: 0, Diff: 0, Sum: 0, Workers: 4
[3.773s][debug][gc,phases      ] GC(3)     Total                          Min: 0, Avg:  0.0, Max: 0, Diff: 0, Sum: 0, Workers: 4
[3.773s][debug][gc,phases      ] GC(3)   Weak JFR Old Object Samples    Min:  0.0, Avg:  0.0, Max:  0.0, Diff:  0.0, Sum:  0.0, Workers: 4
[3.773s][debug][gc,phases      ] GC(3)     Dead                           Min: 0, Avg:  0.0, Max: 0, Diff: 0, Sum: 0, Workers: 4
[3.773s][debug][gc,phases      ] GC(3)     Total                          Min: 0, Avg:  0.0, Max: 0, Diff: 0, Sum: 0, Workers: 4
[3.773s][debug][gc,phases      ] GC(3) Weak Processing 0.270ms
[3.773s][debug][gc,phases      ] GC(3) ClassLoaderData 0.036ms
[3.773s][debug][gc,phases      ] GC(3) Trigger cleanups 0.000ms
[3.781s][debug][gc,phases      ] GC(3) Purge Unlinked NMethods 0.438ms
[3.781s][debug][gc,phases      ] GC(3) Unregister NMethods 0.028ms
[3.781s][debug][gc,phases      ] GC(3) Free Code Blobs 0.109ms
[3.781s][debug][gc,phases      ] GC(3) Class Unloading 7.858ms
[3.781s][debug][gc,phases      ] GC(3) Report Object Count 0.001ms
[3.781s][info ][gc,phases      ] GC(3) Marking Phase 30.872ms
[3.781s][info ][gc,phases,start] GC(3) Summary Phase
[3.781s][info ][gc,phases      ] GC(3) Summary Phase 0.005ms
[3.781s][info ][gc,phases,start] GC(3) Adjust Roots
[3.785s][info ][gc,phases      ] GC(3) Adjust Roots 4.412ms
[3.785s][info ][gc,phases,start] GC(3) Compaction Phase
[3.979s][info ][gc,phases      ] GC(3) Compaction Phase 193.384ms
[3.979s][info ][gc,phases,start] GC(3) Post Compact
[3.980s][debug][gc,phases      ] GC(3) Purge Class Loader Data 1.135ms
[3.981s][info ][gc,phases      ] GC(3) Post Compact 2.142ms
[3.981s][info ][gc,heap        ] GC(3) PSYoungGen: 55612K(1572864K)->55422K(1572864K) Eden: 0K(1048576K)->0K(1048576K) From: 55612K(524288K)->55422K(524288K)
[3.981s][info ][gc,heap        ] GC(3) ParOldGen: 5835K(6144K)->5800K(6144K)
[3.981s][info ][gc,metaspace   ] GC(3) Metaspace: 35361K(35840K)->35361K(35840K) NonClass: 30841K(31104K)->30841K(31104K) Class: 4520K(4736K)->4520K(4736K)
[3.981s][info ][gc             ] GC(3) Pause Full (Metadata GC Threshold) 60M->59M(1542M) 230.906ms
[3.981s][info ][gc,cpu         ] GC(3) User=0.47s Sys=0.01s Real=0.23s
[3.981s][info ][safepoint      ] Safepoint "CollectForMetadataAllocation", Time since last: 433561537 ns, Reaching safepoint: 3500 ns, Cleanup: 122700 ns, At safepoint: 270255598 ns, Total: 270381798 ns
[4.128s][info ][safepoint      ] Safepoint "ICBufferFull", Time since last: 146860744 ns, Reaching safepoint: 2800 ns, Cleanup: 148100 ns, At safepoint: 7000 ns, Total: 157900 ns
[4.299s][info ][safepoint      ] Safepoint "ICBufferFull", Time since last: 170491436 ns, Reaching safepoint: 4100 ns, Cleanup: 127400 ns, At safepoint: 6900 ns, Total: 138400 ns
[4.419s][info ][safepoint      ] Safepoint "ICBufferFull", Time since last: 120528054 ns, Reaching safepoint: 4200 ns, Cleanup: 144300 ns, At safepoint: 5500 ns, Total: 154000 ns
[4.909s][info ][safepoint      ] Safepoint "ICBufferFull", Time since last: 489651715 ns, Reaching safepoint: 3500 ns, Cleanup: 137700 ns, At safepoint: 2300 ns, Total: 143500 ns
[5.143s][info ][safepoint      ] Safepoint "ICBufferFull", Time since last: 233953012 ns, Reaching safepoint: 3300 ns, Cleanup: 129500 ns, At safepoint: 5200 ns, Total: 138000 ns
[5.446s][info ][safepoint      ] Safepoint "ICBufferFull", Time since last: 302638385 ns, Reaching safepoint: 78900 ns, Cleanup: 121700 ns, At safepoint: 5900 ns, Total: 206500 ns
[5.641s][info ][safepoint      ] Safepoint "ICBufferFull", Time since last: 195019027 ns, Reaching safepoint: 76700 ns, Cleanup: 133999 ns, At safepoint: 6600 ns, Total: 217299 ns
[5.871s][info ][safepoint      ] Safepoint "ICBufferFull", Time since last: 229176714 ns, Reaching safepoint: 3600 ns, Cleanup: 158000 ns, At safepoint: 5300 ns, Total: 166900 ns
[6.186s][info ][gc,start       ] GC(4) Pause Young (Metadata GC Threshold)
[6.228s][debug][gc,phases      ] GC(4) Scavenge 41.742ms
[6.228s][debug][gc,ref         ] GC(4) ReferenceProcessor::execute queues: 4, RefProcThreadModel::Multi, marks_oops_alive: false
[6.229s][debug][gc,ref         ] GC(4) Skipped KeepAliveFinalRefsPhase of Reference Processing: no references
[6.229s][debug][gc,ref         ] GC(4) ReferenceProcessor::execute queues: 4, RefProcThreadModel::Multi, marks_oops_alive: false
[6.229s][debug][gc,phases      ] GC(4) Reference Processing 0.873ms
[6.229s][debug][gc,phases      ] GC(4)   VM Weak                        Min:  0.0, Avg:  0.0, Max:  0.0, Diff:  0.0, Sum:  0.0, Workers: 4
[6.229s][debug][gc,phases      ] GC(4)     Dead                           Min: 0, Avg:  0.0, Max: 0, Diff: 0, Sum: 0, Workers: 4
[6.229s][debug][gc,phases      ] GC(4)     Total                          Min: 0, Avg: 115.8, Max: 271, Diff: 271, Sum: 463, Workers: 4
[6.229s][debug][gc,phases      ] GC(4)   ObjectSynchronizer Weak        Min:  0.0, Avg:  0.0, Max:  0.0, Diff:  0.0, Sum:  0.0, Workers: 4
[6.229s][debug][gc,phases      ] GC(4)     Dead                           Min: 0, Avg:  0.0, Max: 0, Diff: 0, Sum: 0, Workers: 4
[6.229s][debug][gc,phases      ] GC(4)     Total                          Min: 0, Avg:  2.2, Max: 9, Diff: 9, Sum: 9, Workers: 4
[6.229s][debug][gc,phases      ] GC(4)   JVMTI Tag Weak OopStorage      Min:  0.0, Avg:  0.0, Max:  0.0, Diff:  0.0, Sum:  0.0, Workers: 4
[6.229s][debug][gc,phases      ] GC(4)     Dead                           Min: 0, Avg:  0.0, Max: 0, Diff: 0, Sum: 0, Workers: 4
[6.229s][debug][gc,phases      ] GC(4)     Total                          Min: 0, Avg:  0.0, Max: 0, Diff: 0, Sum: 0, Workers: 4
[6.229s][debug][gc,phases      ] GC(4)   StringTable Weak               Min:  0.0, Avg:  0.2, Max:  0.2, Diff:  0.2, Sum:  0.6, Workers: 4
[6.229s][debug][gc,phases      ] GC(4)     Dead                           Min: 0, Avg:  3.8, Max: 10, Diff: 10, Sum: 15, Workers: 4
[6.229s][debug][gc,phases      ] GC(4)     Total                          Min: 0, Avg: 6948.5, Max: 12288, Diff: 12288, Sum: 27794, Workers: 4
[6.229s][debug][gc,phases      ] GC(4)   ResolvedMethodTable Weak       Min:  0.0, Avg:  0.1, Max:  0.1, Diff:  0.1, Sum:  0.3, Workers: 4
[6.229s][debug][gc,phases      ] GC(4)     Dead                           Min: 0, Avg: 982.8, Max: 1842, Diff: 1842, Sum: 3931, Workers: 4
[6.229s][debug][gc,phases      ] GC(4)     Total                          Min: 0, Avg: 2865.5, Max: 5184, Diff: 5184, Sum: 11462, Workers: 4
[6.229s][debug][gc,phases      ] GC(4)   JNI Weak                       Min:  0.0, Avg:  0.0, Max:  0.0, Diff:  0.0, Sum:  0.0, Workers: 4
[6.229s][debug][gc,phases      ] GC(4)     Dead                           Min: 0, Avg:  0.0, Max: 0, Diff: 0, Sum: 0, Workers: 4
[6.229s][debug][gc,phases      ] GC(4)     Total                          Min: 0, Avg: 12.5, Max: 50, Diff: 50, Sum: 50, Workers: 4
[6.229s][debug][gc,phases      ] GC(4)   StringDedup Table Weak         Min:  0.0, Avg:  0.0, Max:  0.0, Diff:  0.0, Sum:  0.0, Workers: 4
[6.229s][debug][gc,phases      ] GC(4)     Dead                           Min: 0, Avg:  0.0, Max: 0, Diff: 0, Sum: 0, Workers: 4
[6.229s][debug][gc,phases      ] GC(4)     Total                          Min: 0, Avg:  0.0, Max: 0, Diff: 0, Sum: 0, Workers: 4
[6.229s][debug][gc,phases      ] GC(4)   StringDedup Requests0 Weak     Min:  0.0, Avg:  0.0, Max:  0.0, Diff:  0.0, Sum:  0.0, Workers: 4
[6.229s][debug][gc,phases      ] GC(4)     Dead                           Min: 0, Avg:  0.0, Max: 0, Diff: 0, Sum: 0, Workers: 4
[6.229s][debug][gc,phases      ] GC(4)     Total                          Min: 0, Avg:  0.0, Max: 0, Diff: 0, Sum: 0, Workers: 4
[6.229s][debug][gc,phases      ] GC(4)   StringDedup Requests1 Weak     Min:  0.0, Avg:  0.0, Max:  0.0, Diff:  0.0, Sum:  0.0, Workers: 4
[6.229s][debug][gc,phases      ] GC(4)     Dead                           Min: 0, Avg:  0.0, Max: 0, Diff: 0, Sum: 0, Workers: 4
[6.229s][debug][gc,phases      ] GC(4)     Total                          Min: 0, Avg:  0.0, Max: 0, Diff: 0, Sum: 0, Workers: 4
[6.229s][debug][gc,phases      ] GC(4)   Weak JFR Old Object Samples    Min:  0.0, Avg:  0.0, Max:  0.0, Diff:  0.0, Sum:  0.0, Workers: 4
[6.229s][debug][gc,phases      ] GC(4)     Dead                           Min: 0, Avg:  0.0, Max: 0, Diff: 0, Sum: 0, Workers: 4
[6.229s][debug][gc,phases      ] GC(4)     Total                          Min: 0, Avg:  0.0, Max: 0, Diff: 0, Sum: 0, Workers: 4
[6.229s][debug][gc,phases      ] GC(4) Weak Processing 0.498ms
[6.229s][debug][gc,age         ] GC(4) Desired survivor size 536870912 bytes, new threshold 7 (max threshold 15)
[6.229s][info ][gc,heap        ] GC(4) PSYoungGen: 452244K(1572864K)->77500K(1572864K) Eden: 396821K(1048576K)->0K(1048576K) From: 55422K(524288K)->77500K(524288K)
[6.229s][info ][gc,heap        ] GC(4) ParOldGen: 5800K(6144K)->5816K(6144K)
[6.229s][info ][gc,metaspace   ] GC(4) Metaspace: 59154K(59776K)->59154K(59776K) NonClass: 49718K(50048K)->49718K(50048K) Class: 9435K(9728K)->9435K(9728K)
[6.229s][info ][gc             ] GC(4) Pause Young (Metadata GC Threshold) 447M->81M(1542M) 43.252ms
[6.229s][info ][gc,cpu         ] GC(4) User=0.13s Sys=0.01s Real=0.04s
[6.229s][debug][gc,phases      ] GC(5) Pre Compact 0.008ms
[6.229s][info ][gc,start       ] GC(5) Pause Full (Metadata GC Threshold)
[6.229s][info ][gc,phases,start] GC(5) Marking Phase
[6.259s][debug][gc,phases      ] GC(5) Par Mark 30.118ms
[6.260s][debug][gc,ref         ] GC(5) ReferenceProcessor::execute queues: 4, RefProcThreadModel::Multi, marks_oops_alive: false
[6.260s][debug][gc,ref         ] GC(5) ReferenceProcessor::execute queues: 4, RefProcThreadModel::Multi, marks_oops_alive: true
[6.260s][debug][gc,ref         ] GC(5) ReferenceProcessor::execute queues: 1, RefProcThreadModel::Single, marks_oops_alive: false
[6.260s][debug][gc,phases      ] GC(5) Reference Processing 0.489ms
[6.260s][debug][gc,phases      ] GC(5)   VM Weak                        Min:  0.0, Avg:  0.0, Max:  0.0, Diff:  0.0, Sum:  0.0, Workers: 4
[6.260s][debug][gc,phases      ] GC(5)     Dead                           Min: 0, Avg:  0.0, Max: 0, Diff: 0, Sum: 0, Workers: 4
[6.260s][debug][gc,phases      ] GC(5)     Total                          Min: 0, Avg: 115.8, Max: 207, Diff: 207, Sum: 463, Workers: 4
[6.260s][debug][gc,phases      ] GC(5)   ObjectSynchronizer Weak        Min:  0.0, Avg:  0.0, Max:  0.0, Diff:  0.0, Sum:  0.0, Workers: 4
[6.260s][debug][gc,phases      ] GC(5)     Dead                           Min: 0, Avg:  0.0, Max: 0, Diff: 0, Sum: 0, Workers: 4
[6.260s][debug][gc,phases      ] GC(5)     Total                          Min: 0, Avg:  2.2, Max: 9, Diff: 9, Sum: 9, Workers: 4
[6.260s][debug][gc,phases      ] GC(5)   JVMTI Tag Weak OopStorage      Min:  0.0, Avg:  0.0, Max:  0.0, Diff:  0.0, Sum:  0.0, Workers: 4
[6.260s][debug][gc,phases      ] GC(5)     Dead                           Min: 0, Avg:  0.0, Max: 0, Diff: 0, Sum: 0, Workers: 4
[6.260s][debug][gc,phases      ] GC(5)     Total                          Min: 0, Avg:  0.0, Max: 0, Diff: 0, Sum: 0, Workers: 4
[6.260s][debug][gc,phases      ] GC(5)   StringTable Weak               Min:  0.1, Avg:  0.1, Max:  0.1, Diff:  0.0, Sum:  0.4, Workers: 4
[6.260s][debug][gc,phases      ] GC(5)     Dead                           Min: 0, Avg:  0.0, Max: 0, Diff: 0, Sum: 0, Workers: 4
[6.260s][debug][gc,phases      ] GC(5)     Total                          Min: 6720, Avg: 6948.5, Max: 7122, Diff: 402, Sum: 27794, Workers: 4
[6.260s][debug][gc,phases      ] GC(5)   ResolvedMethodTable Weak       Min:  0.0, Avg:  0.0, Max:  0.0, Diff:  0.0, Sum:  0.1, Workers: 4
[6.260s][debug][gc,phases      ] GC(5)     Dead                           Min: 0, Avg:  0.0, Max: 0, Diff: 0, Sum: 0, Workers: 4
[6.260s][debug][gc,phases      ] GC(5)     Total                          Min: 2758, Avg: 2865.5, Max: 2944, Diff: 186, Sum: 11462, Workers: 4
[6.260s][debug][gc,phases      ] GC(5)   JNI Weak                       Min:  0.0, Avg:  0.0, Max:  0.0, Diff:  0.0, Sum:  0.0, Workers: 4
[6.260s][debug][gc,phases      ] GC(5)     Dead                           Min: 0, Avg:  0.0, Max: 0, Diff: 0, Sum: 0, Workers: 4
[6.260s][debug][gc,phases      ] GC(5)     Total                          Min: 0, Avg: 12.5, Max: 50, Diff: 50, Sum: 50, Workers: 4
[6.260s][debug][gc,phases      ] GC(5)   StringDedup Table Weak         Min:  0.0, Avg:  0.0, Max:  0.0, Diff:  0.0, Sum:  0.0, Workers: 4
[6.260s][debug][gc,phases      ] GC(5)     Dead                           Min: 0, Avg:  0.0, Max: 0, Diff: 0, Sum: 0, Workers: 4
[6.260s][debug][gc,phases      ] GC(5)     Total                          Min: 0, Avg:  0.0, Max: 0, Diff: 0, Sum: 0, Workers: 4
[6.260s][debug][gc,phases      ] GC(5)   StringDedup Requests0 Weak     Min:  0.0, Avg:  0.0, Max:  0.0, Diff:  0.0, Sum:  0.0, Workers: 4
[6.260s][debug][gc,phases      ] GC(5)     Dead                           Min: 0, Avg:  0.0, Max: 0, Diff: 0, Sum: 0, Workers: 4
[6.260s][debug][gc,phases      ] GC(5)     Total                          Min: 0, Avg:  0.0, Max: 0, Diff: 0, Sum: 0, Workers: 4
[6.260s][debug][gc,phases      ] GC(5)   StringDedup Requests1 Weak     Min:  0.0, Avg:  0.0, Max:  0.0, Diff:  0.0, Sum:  0.0, Workers: 4
[6.260s][debug][gc,phases      ] GC(5)     Dead                           Min: 0, Avg:  0.0, Max: 0, Diff: 0, Sum: 0, Workers: 4
[6.260s][debug][gc,phases      ] GC(5)     Total                          Min: 0, Avg:  0.0, Max: 0, Diff: 0, Sum: 0, Workers: 4
[6.260s][debug][gc,phases      ] GC(5)   Weak JFR Old Object Samples    Min:  0.0, Avg:  0.0, Max:  0.0, Diff:  0.0, Sum:  0.0, Workers: 4
[6.260s][debug][gc,phases      ] GC(5)     Dead                           Min: 0, Avg:  0.0, Max: 0, Diff: 0, Sum: 0, Workers: 4
[6.260s][debug][gc,phases      ] GC(5)     Total                          Min: 0, Avg:  0.0, Max: 0, Diff: 0, Sum: 0, Workers: 4
[6.260s][debug][gc,phases      ] GC(5) Weak Processing 0.294ms
[6.260s][debug][gc,phases      ] GC(5) ClassLoaderData 0.057ms
[6.260s][debug][gc,phases      ] GC(5) Trigger cleanups 0.000ms
[6.269s][debug][gc,phases      ] GC(5) Purge Unlinked NMethods 0.149ms
[6.269s][debug][gc,phases      ] GC(5) Unregister NMethods 0.111ms
[6.269s][debug][gc,phases      ] GC(5) Free Code Blobs 0.043ms
[6.269s][debug][gc,phases      ] GC(5) Class Unloading 8.704ms
[6.269s][debug][gc,phases      ] GC(5) Report Object Count 0.001ms
[6.269s][info ][gc,phases      ] GC(5) Marking Phase 39.660ms
[6.269s][info ][gc,phases,start] GC(5) Summary Phase
[6.269s][info ][gc,phases      ] GC(5) Summary Phase 0.006ms
[6.269s][info ][gc,phases,start] GC(5) Adjust Roots
[6.276s][info ][gc,phases      ] GC(5) Adjust Roots 7.132ms
[6.276s][info ][gc,phases,start] GC(5) Compaction Phase
[6.589s][info ][gc,phases      ] GC(5) Compaction Phase 312.980ms
[6.589s][info ][gc,phases,start] GC(5) Post Compact
[6.590s][debug][gc,phases      ] GC(5) Purge Class Loader Data 0.262ms
[6.591s][info ][gc,phases      ] GC(5) Post Compact 1.489ms
[6.591s][info ][gc,heap        ] GC(5) PSYoungGen: 77500K(1572864K)->77275K(1572864K) Eden: 0K(1048576K)->0K(1048576K) From: 77500K(524288K)->77275K(524288K)
[6.591s][info ][gc,heap        ] GC(5) ParOldGen: 5816K(6144K)->5787K(6144K)
[6.591s][info ][gc,metaspace   ] GC(5) Metaspace: 59154K(59776K)->59154K(59776K) NonClass: 49718K(50048K)->49718K(50048K) Class: 9435K(9728K)->9435K(9728K)
[6.591s][info ][gc             ] GC(5) Pause Full (Metadata GC Threshold) 81M->81M(1542M) 361.370ms
[6.591s][info ][gc,cpu         ] GC(5) User=0.77s Sys=0.01s Real=0.36s
[6.591s][info ][safepoint      ] Safepoint "CollectForMetadataAllocation", Time since last: 315442881 ns, Reaching safepoint: 3500 ns, Cleanup: 47300 ns, At safepoint: 404740147 ns, Total: 404790947 ns
[6.982s][info ][safepoint      ] Safepoint "ICBufferFull", Time since last: 391450052 ns, Reaching safepoint: 80500 ns, Cleanup: 158800 ns, At safepoint: 10700 ns, Total: 250000 ns
[7.148s][info ][safepoint      ] Safepoint "ICBufferFull", Time since last: 165406637 ns, Reaching safepoint: 79400 ns, Cleanup: 108800 ns, At safepoint: 10700 ns, Total: 198900 ns
[7.205s][info ][safepoint      ] Safepoint "ICBufferFull", Time since last: 56248279 ns, Reaching safepoint: 79200 ns, Cleanup: 120100 ns, At safepoint: 9400 ns, Total: 208700 ns
[7.278s][info ][safepoint      ] Safepoint "ICBufferFull", Time since last: 73491572 ns, Reaching safepoint: 85500 ns, Cleanup: 124300 ns, At safepoint: 9200 ns, Total: 219000 ns
[7.369s][info ][safepoint      ] Safepoint "ICBufferFull", Time since last: 90267266 ns, Reaching safepoint: 4400 ns, Cleanup: 115500 ns, At safepoint: 8300 ns, Total: 128200 ns
[7.556s][info ][safepoint      ] Safepoint "ICBufferFull", Time since last: 187477129 ns, Reaching safepoint: 3600 ns, Cleanup: 117500 ns, At safepoint: 6900 ns, Total: 128000 ns
[7.730s][info ][safepoint      ] Safepoint "ICBufferFull", Time since last: 173910032 ns, Reaching safepoint: 4100 ns, Cleanup: 142200 ns, At safepoint: 8900 ns, Total: 155200 ns
[8.022s][info ][safepoint      ] Safepoint "ICBufferFull", Time since last: 291530678 ns, Reaching safepoint: 85800 ns, Cleanup: 141300 ns, At safepoint: 7900 ns, Total: 235000 ns
[8.221s][info ][safepoint      ] Safepoint "ICBufferFull", Time since last: 198368117 ns, Reaching safepoint: 3800 ns, Cleanup: 114600 ns, At safepoint: 1400 ns, Total: 119800 ns
[8.345s][info ][safepoint      ] Safepoint "ICBufferFull", Time since last: 124293848 ns, Reaching safepoint: 3700 ns, Cleanup: 130800 ns, At safepoint: 6100 ns, Total: 140600 ns
[8.814s][info ][safepoint      ] Safepoint "ICBufferFull", Time since last: 468795804 ns, Reaching safepoint: 4200 ns, Cleanup: 140800 ns, At safepoint: 6900 ns, Total: 151900 ns
[9.050s][info ][safepoint      ] Safepoint "ICBufferFull", Time since last: 236165602 ns, Reaching safepoint: 81700 ns, Cleanup: 119500 ns, At safepoint: 11600 ns, Total: 212800 ns
[9.209s][info ][safepoint      ] Safepoint "ICBufferFull", Time since last: 157995334 ns, Reaching safepoint: 83100 ns, Cleanup: 104400 ns, At safepoint: 14200 ns, Total: 201700 ns
[9.505s][info ][safepoint      ] Safepoint "ICBufferFull", Time since last: 296164576 ns, Reaching safepoint: 82800 ns, Cleanup: 111900 ns, At safepoint: 12000 ns, Total: 206700 ns
[10.506s][info ][safepoint      ] Safepoint "Cleanup", Time since last: 1001220282 ns, Reaching safepoint: 82600 ns, Cleanup: 87100 ns, At safepoint: 13400 ns, Total: 183100 ns
[11.508s][info ][safepoint      ] Safepoint "Cleanup", Time since last: 1001224982 ns, Reaching safepoint: 15900 ns, Cleanup: 12300 ns, At safepoint: 12600 ns, Total: 40800 ns
[12.508s][info ][safepoint      ] Safepoint "Cleanup", Time since last: 1000159383 ns, Reaching safepoint: 352500 ns, Cleanup: 13600 ns, At safepoint: 29000 ns, Total: 395100 ns
[12.937s][info ][safepoint      ] Safepoint "ICBufferFull", Time since last: 428700421 ns, Reaching safepoint: 85100 ns, Cleanup: 122400 ns, At safepoint: 18500 ns, Total: 226000 ns
[13.153s][info ][safepoint      ] Safepoint "ICBufferFull", Time since last: 215663610 ns, Reaching safepoint: 5000 ns, Cleanup: 120300 ns, At safepoint: 5300 ns, Total: 130600 ns
[13.336s][info ][safepoint      ] Safepoint "ICBufferFull", Time since last: 182582424 ns, Reaching safepoint: 4900 ns, Cleanup: 139500 ns, At safepoint: 1500 ns, Total: 145900 ns
[13.474s][info ][safepoint      ] Safepoint "ICBufferFull", Time since last: 137977542 ns, Reaching safepoint: 81900 ns, Cleanup: 146600 ns, At safepoint: 8600 ns, Total: 237100 ns
[13.606s][info ][safepoint      ] Safepoint "ICBufferFull", Time since last: 131665445 ns, Reaching safepoint: 79300 ns, Cleanup: 117700 ns, At safepoint: 15200 ns, Total: 212200 ns
[13.722s][info ][safepoint      ] Safepoint "ICBufferFull", Time since last: 116488751 ns, Reaching safepoint: 5600 ns, Cleanup: 121300 ns, At safepoint: 4900 ns, Total: 131800 ns
[14.181s][info ][safepoint      ] Safepoint "ICBufferFull", Time since last: 458573109 ns, Reaching safepoint: 5700 ns, Cleanup: 126600 ns, At safepoint: 2900 ns, Total: 135200 ns
[14.780s][info ][safepoint      ] Safepoint "ICBufferFull", Time since last: 598729450 ns, Reaching safepoint: 81300 ns, Cleanup: 146400 ns, At safepoint: 5000 ns, Total: 232700 ns
[15.432s][info ][safepoint      ] Safepoint "ICBufferFull", Time since last: 651968328 ns, Reaching safepoint: 5300 ns, Cleanup: 147700 ns, At safepoint: 2300 ns, Total: 155300 ns
[16.432s][info ][safepoint      ] Safepoint "Cleanup", Time since last: 1000108520 ns, Reaching safepoint: 76400 ns, Cleanup: 123600 ns, At safepoint: 8300 ns, Total: 208300 ns
[17.301s][info ][safepoint      ] Safepoint "ICBufferFull", Time since last: 868286468 ns, Reaching safepoint: 5000 ns, Cleanup: 137999 ns, At safepoint: 6400 ns, Total: 149399 ns
[17.384s][info ][safepoint      ] Safepoint "ICBufferFull", Time since last: 83408359 ns, Reaching safepoint: 6000 ns, Cleanup: 125200 ns, At safepoint: 11200 ns, Total: 142400 ns
[17.443s][info ][safepoint      ] Safepoint "ICBufferFull", Time since last: 58616271 ns, Reaching safepoint: 83500 ns, Cleanup: 122900 ns, At safepoint: 11700 ns, Total: 218100 ns
[17.445s][info ][safepoint      ] Safepoint "ICBufferFull", Time since last: 1527899 ns, Reaching safepoint: 80600 ns, Cleanup: 8000 ns, At safepoint: 10200 ns, Total: 98800 ns
[17.470s][info ][gc,start       ] GC(6) Pause Young (Metadata GC Threshold)
[17.545s][debug][gc,phases      ] GC(6) Scavenge 75.299ms
[17.545s][debug][gc,ref         ] GC(6) ReferenceProcessor::execute queues: 4, RefProcThreadModel::Multi, marks_oops_alive: false
[17.545s][debug][gc,ref         ] GC(6) Skipped KeepAliveFinalRefsPhase of Reference Processing: no references
[17.545s][debug][gc,ref         ] GC(6) ReferenceProcessor::execute queues: 4, RefProcThreadModel::Multi, marks_oops_alive: false
[17.546s][debug][gc,phases      ] GC(6) Reference Processing 0.719ms
[17.546s][debug][gc,phases      ] GC(6)   VM Weak                        Min:  0.0, Avg:  0.0, Max:  0.0, Diff:  0.0, Sum:  0.0, Workers: 4
[17.546s][debug][gc,phases      ] GC(6)     Dead                           Min: 0, Avg:  0.0, Max: 0, Diff: 0, Sum: 0, Workers: 4
[17.546s][debug][gc,phases      ] GC(6)     Total                          Min: 64, Avg: 200.8, Max: 320, Diff: 256, Sum: 803, Workers: 4
[17.546s][debug][gc,phases      ] GC(6)   ObjectSynchronizer Weak        Min:  0.0, Avg:  0.0, Max:  0.0, Diff:  0.0, Sum:  0.0, Workers: 4
[17.546s][debug][gc,phases      ] GC(6)     Dead                           Min: 0, Avg:  6.0, Max: 24, Diff: 24, Sum: 24, Workers: 4
[17.546s][debug][gc,phases      ] GC(6)     Total                          Min: 0, Avg: 12.8, Max: 51, Diff: 51, Sum: 51, Workers: 4
[17.546s][debug][gc,phases      ] GC(6)   JVMTI Tag Weak OopStorage      Min:  0.0, Avg:  0.0, Max:  0.0, Diff:  0.0, Sum:  0.0, Workers: 4
[17.546s][debug][gc,phases      ] GC(6)     Dead                           Min: 0, Avg:  0.0, Max: 0, Diff: 0, Sum: 0, Workers: 4
[17.546s][debug][gc,phases      ] GC(6)     Total                          Min: 0, Avg:  0.0, Max: 0, Diff: 0, Sum: 0, Workers: 4
[17.546s][debug][gc,phases      ] GC(6)   StringTable Weak               Min:  0.3, Avg:  0.3, Max:  0.3, Diff:  0.0, Sum:  1.2, Workers: 4
[17.546s][debug][gc,phases      ] GC(6)     Dead                           Min: 6, Avg:  9.8, Max: 16, Diff: 10, Sum: 39, Workers: 4
[17.546s][debug][gc,phases      ] GC(6)     Total                          Min: 10708, Avg: 10965.0, Max: 11200, Diff: 492, Sum: 43860, Workers: 4
[17.546s][debug][gc,phases      ] GC(6)   ResolvedMethodTable Weak       Min:  0.1, Avg:  0.1, Max:  0.1, Diff:  0.0, Sum:  0.6, Workers: 4
[17.546s][debug][gc,phases      ] GC(6)     Dead                           Min: 810, Avg: 1034.8, Max: 1198, Diff: 388, Sum: 4139, Workers: 4
[17.546s][debug][gc,phases      ] GC(6)     Total                          Min: 4258, Avg: 4424.5, Max: 4544, Diff: 286, Sum: 17698, Workers: 4
[17.546s][debug][gc,phases      ] GC(6)   JNI Weak                       Min:  0.0, Avg:  0.0, Max:  0.0, Diff:  0.0, Sum:  0.0, Workers: 4
[17.546s][debug][gc,phases      ] GC(6)     Dead                           Min: 0, Avg:  0.0, Max: 0, Diff: 0, Sum: 0, Workers: 4
[17.546s][debug][gc,phases      ] GC(6)     Total                          Min: 0, Avg: 17.0, Max: 53, Diff: 53, Sum: 68, Workers: 4
[17.546s][debug][gc,phases      ] GC(6)   StringDedup Table Weak         Min:  0.0, Avg:  0.0, Max:  0.0, Diff:  0.0, Sum:  0.0, Workers: 4
[17.546s][debug][gc,phases      ] GC(6)     Dead                           Min: 0, Avg:  0.0, Max: 0, Diff: 0, Sum: 0, Workers: 4
[17.546s][debug][gc,phases      ] GC(6)     Total                          Min: 0, Avg:  0.0, Max: 0, Diff: 0, Sum: 0, Workers: 4
[17.546s][debug][gc,phases      ] GC(6)   StringDedup Requests0 Weak     Min:  0.0, Avg:  0.0, Max:  0.0, Diff:  0.0, Sum:  0.0, Workers: 4
[17.546s][debug][gc,phases      ] GC(6)     Dead                           Min: 0, Avg:  0.0, Max: 0, Diff: 0, Sum: 0, Workers: 4
[17.546s][debug][gc,phases      ] GC(6)     Total                          Min: 0, Avg:  0.0, Max: 0, Diff: 0, Sum: 0, Workers: 4
[17.546s][debug][gc,phases      ] GC(6)   StringDedup Requests1 Weak     Min:  0.0, Avg:  0.0, Max:  0.0, Diff:  0.0, Sum:  0.0, Workers: 4
[17.546s][debug][gc,phases      ] GC(6)     Dead                           Min: 0, Avg:  0.0, Max: 0, Diff: 0, Sum: 0, Workers: 4
[17.546s][debug][gc,phases      ] GC(6)     Total                          Min: 0, Avg:  0.0, Max: 0, Diff: 0, Sum: 0, Workers: 4
[17.546s][debug][gc,phases      ] GC(6)   Weak JFR Old Object Samples    Min:  0.0, Avg:  0.0, Max:  0.0, Diff:  0.0, Sum:  0.0, Workers: 4
[17.546s][debug][gc,phases      ] GC(6)     Dead                           Min: 0, Avg:  0.0, Max: 0, Diff: 0, Sum: 0, Workers: 4
[17.546s][debug][gc,phases      ] GC(6)     Total                          Min: 0, Avg:  0.0, Max: 0, Diff: 0, Sum: 0, Workers: 4
[17.546s][debug][gc,phases      ] GC(6) Weak Processing 0.627ms
[17.546s][debug][gc,age         ] GC(6) Desired survivor size 536870912 bytes, new threshold 7 (max threshold 15)
[17.546s][info ][gc,heap        ] GC(6) PSYoungGen: 1004888K(1572864K)->139585K(1572864K) Eden: 927612K(1048576K)->0K(1048576K) From: 77275K(524288K)->139585K(524288K)
[17.546s][info ][gc,heap        ] GC(6) ParOldGen: 5787K(6144K)->5852K(6144K)
[17.546s][info ][gc,metaspace   ] GC(6) Metaspace: 98585K(99648K)->98585K(99648K) NonClass: 83204K(83776K)->83204K(83776K) Class: 15381K(15872K)->15381K(15872K)
[17.546s][info ][gc             ] GC(6) Pause Young (Metadata GC Threshold) 986M->142M(1542M) 76.762ms
[17.546s][info ][gc,cpu         ] GC(6) User=0.26s Sys=0.04s Real=0.08s
[17.546s][debug][gc,phases      ] GC(7) Pre Compact 0.009ms
[17.546s][info ][gc,start       ] GC(7) Pause Full (Metadata GC Threshold)
[17.546s][info ][gc,phases,start] GC(7) Marking Phase
[17.604s][debug][gc,phases      ] GC(7) Par Mark 57.302ms
[17.604s][debug][gc,ref         ] GC(7) ReferenceProcessor::execute queues: 4, RefProcThreadModel::Multi, marks_oops_alive: false
[17.604s][debug][gc,ref         ] GC(7) Skipped KeepAliveFinalRefsPhase of Reference Processing: no references
[17.604s][debug][gc,ref         ] GC(7) ReferenceProcessor::execute queues: 1, RefProcThreadModel::Single, marks_oops_alive: false
[17.604s][debug][gc,phases      ] GC(7) Reference Processing 0.575ms
[17.605s][debug][gc,phases      ] GC(7)   VM Weak                        Min:  0.0, Avg:  0.0, Max:  0.0, Diff:  0.0, Sum:  0.0, Workers: 4
[17.605s][debug][gc,phases      ] GC(7)     Dead                           Min: 0, Avg:  0.8, Max: 3, Diff: 3, Sum: 3, Workers: 4
[17.605s][debug][gc,phases      ] GC(7)     Total                          Min: 0, Avg: 200.8, Max: 512, Diff: 512, Sum: 803, Workers: 4
[17.605s][debug][gc,phases      ] GC(7)   ObjectSynchronizer Weak        Min:  0.0, Avg:  0.0, Max:  0.0, Diff:  0.0, Sum:  0.0, Workers: 4
[17.605s][debug][gc,phases      ] GC(7)     Dead                           Min: 0, Avg:  0.0, Max: 0, Diff: 0, Sum: 0, Workers: 4
[17.605s][debug][gc,phases      ] GC(7)     Total                          Min: 0, Avg: 12.8, Max: 51, Diff: 51, Sum: 51, Workers: 4
[17.605s][debug][gc,phases      ] GC(7)   JVMTI Tag Weak OopStorage      Min:  0.0, Avg:  0.0, Max:  0.0, Diff:  0.0, Sum:  0.0, Workers: 4
[17.605s][debug][gc,phases      ] GC(7)     Dead                           Min: 0, Avg:  0.0, Max: 0, Diff: 0, Sum: 0, Workers: 4
[17.605s][debug][gc,phases      ] GC(7)     Total                          Min: 0, Avg:  0.0, Max: 0, Diff: 0, Sum: 0, Workers: 4
[17.605s][debug][gc,phases      ] GC(7)   StringTable Weak               Min:  0.1, Avg:  0.1, Max:  0.1, Diff:  0.0, Sum:  0.5, Workers: 4
[17.605s][debug][gc,phases      ] GC(7)     Dead                           Min: 0, Avg:  0.0, Max: 0, Diff: 0, Sum: 0, Workers: 4
[17.605s][debug][gc,phases      ] GC(7)     Total                          Min: 10752, Avg: 10965.0, Max: 11200, Diff: 448, Sum: 43860, Workers: 4
[17.605s][debug][gc,phases      ] GC(7)   ResolvedMethodTable Weak       Min:  0.0, Avg:  0.0, Max:  0.0, Diff:  0.0, Sum:  0.2, Workers: 4
[17.605s][debug][gc,phases      ] GC(7)     Dead                           Min: 0, Avg:  0.5, Max: 2, Diff: 2, Sum: 2, Workers: 4
[17.605s][debug][gc,phases      ] GC(7)     Total                          Min: 4386, Avg: 4424.5, Max: 4480, Diff: 94, Sum: 17698, Workers: 4
[17.605s][debug][gc,phases      ] GC(7)   JNI Weak                       Min:  0.0, Avg:  0.0, Max:  0.0, Diff:  0.0, Sum:  0.0, Workers: 4
[17.605s][debug][gc,phases      ] GC(7)     Dead                           Min: 0, Avg:  0.0, Max: 0, Diff: 0, Sum: 0, Workers: 4
[17.605s][debug][gc,phases      ] GC(7)     Total                          Min: 0, Avg: 17.0, Max: 53, Diff: 53, Sum: 68, Workers: 4
[17.605s][debug][gc,phases      ] GC(7)   StringDedup Table Weak         Min:  0.0, Avg:  0.0, Max:  0.0, Diff:  0.0, Sum:  0.0, Workers: 4
[17.605s][debug][gc,phases      ] GC(7)     Dead                           Min: 0, Avg:  0.0, Max: 0, Diff: 0, Sum: 0, Workers: 4
[17.605s][debug][gc,phases      ] GC(7)     Total                          Min: 0, Avg:  0.0, Max: 0, Diff: 0, Sum: 0, Workers: 4
[17.605s][debug][gc,phases      ] GC(7)   StringDedup Requests0 Weak     Min:  0.0, Avg:  0.0, Max:  0.0, Diff:  0.0, Sum:  0.0, Workers: 4
[17.605s][debug][gc,phases      ] GC(7)     Dead                           Min: 0, Avg:  0.0, Max: 0, Diff: 0, Sum: 0, Workers: 4
[17.605s][debug][gc,phases      ] GC(7)     Total                          Min: 0, Avg:  0.0, Max: 0, Diff: 0, Sum: 0, Workers: 4
[17.605s][debug][gc,phases      ] GC(7)   StringDedup Requests1 Weak     Min:  0.0, Avg:  0.0, Max:  0.0, Diff:  0.0, Sum:  0.0, Workers: 4
[17.605s][debug][gc,phases      ] GC(7)     Dead                           Min: 0, Avg:  0.0, Max: 0, Diff: 0, Sum: 0, Workers: 4
[17.605s][debug][gc,phases      ] GC(7)     Total                          Min: 0, Avg:  0.0, Max: 0, Diff: 0, Sum: 0, Workers: 4
[17.605s][debug][gc,phases      ] GC(7)   Weak JFR Old Object Samples    Min:  0.0, Avg:  0.0, Max:  0.0, Diff:  0.0, Sum:  0.0, Workers: 4
[17.605s][debug][gc,phases      ] GC(7)     Dead                           Min: 0, Avg:  0.0, Max: 0, Diff: 0, Sum: 0, Workers: 4
[17.605s][debug][gc,phases      ] GC(7)     Total                          Min: 0, Avg:  0.0, Max: 0, Diff: 0, Sum: 0, Workers: 4
[17.605s][debug][gc,phases      ] GC(7) Weak Processing 0.350ms
[17.605s][debug][gc,phases      ] GC(7) ClassLoaderData 0.183ms
[17.605s][debug][gc,phases      ] GC(7) Trigger cleanups 0.001ms
[17.630s][debug][gc,phases      ] GC(7) Purge Unlinked NMethods 0.292ms
[17.630s][debug][gc,phases      ] GC(7) Unregister NMethods 0.400ms
[17.630s][debug][gc,phases      ] GC(7) Free Code Blobs 0.046ms
[17.638s][debug][gc,phases      ] GC(7) Class Unloading 33.618ms
[17.638s][debug][gc,phases      ] GC(7) Report Object Count 0.001ms
[17.638s][info ][gc,phases      ] GC(7) Marking Phase 91.912ms
[17.638s][info ][gc,phases,start] GC(7) Summary Phase
[17.638s][info ][gc,phases      ] GC(7) Summary Phase 0.007ms
[17.638s][info ][gc,phases,start] GC(7) Adjust Roots
[17.655s][info ][gc,phases      ] GC(7) Adjust Roots 16.693ms
[17.655s][info ][gc,phases,start] GC(7) Compaction Phase
[18.214s][info ][gc,phases      ] GC(7) Compaction Phase 558.551ms
[18.214s][info ][gc,phases,start] GC(7) Post Compact
[18.216s][debug][gc,phases      ] GC(7) Purge Class Loader Data 1.706ms
[18.220s][info ][gc,phases      ] GC(7) Post Compact 6.781ms
[18.220s][info ][gc,heap        ] GC(7) PSYoungGen: 139585K(1572864K)->139116K(1572864K) Eden: 0K(1048576K)->0K(1048576K) From: 139585K(524288K)->139116K(524288K)
[18.220s][info ][gc,heap        ] GC(7) ParOldGen: 5852K(6144K)->5832K(6144K)
[18.220s][info ][gc,metaspace   ] GC(7) Metaspace: 98585K(99648K)->98580K(99648K) NonClass: 83204K(83776K)->83200K(83776K) Class: 15381K(15872K)->15380K(15872K)
[18.220s][info ][gc             ] GC(7) Pause Full (Metadata GC Threshold) 142M->141M(1542M) 674.076ms
[18.220s][info ][gc,cpu         ] GC(7) User=1.40s Sys=0.01s Real=0.67s
[18.221s][info ][safepoint      ] Safepoint "CollectForMetadataAllocation", Time since last: 24524087 ns, Reaching safepoint: 89000 ns, Cleanup: 76300 ns, At safepoint: 750997826 ns, Total: 751163126 ns
[18.319s][info ][safepoint      ] Safepoint "ICBufferFull", Time since last: 98706251 ns, Reaching safepoint: 83700 ns, Cleanup: 164500 ns, At safepoint: 16400 ns, Total: 264600 ns
[18.444s][info ][safepoint      ] Safepoint "ICBufferFull", Time since last: 123968638 ns, Reaching safepoint: 86800 ns, Cleanup: 170000 ns, At safepoint: 11400 ns, Total: 268200 ns
[18.615s][info ][safepoint      ] Safepoint "ICBufferFull", Time since last: 171387014 ns, Reaching safepoint: 83800 ns, Cleanup: 157200 ns, At safepoint: 14700 ns, Total: 255700 ns
[18.739s][info ][safepoint      ] Safepoint "ICBufferFull", Time since last: 122905339 ns, Reaching safepoint: 624500 ns, Cleanup: 153800 ns, At safepoint: 12800 ns, Total: 791100 ns
[18.945s][info ][safepoint      ] Safepoint "ICBufferFull", Time since last: 205341397 ns, Reaching safepoint: 5800 ns, Cleanup: 155900 ns, At safepoint: 11800 ns, Total: 173500 ns
[19.148s][info ][safepoint      ] Safepoint "ICBufferFull", Time since last: 203063199 ns, Reaching safepoint: 6200 ns, Cleanup: 148900 ns, At safepoint: 11300 ns, Total: 166400 ns
[19.369s][info ][safepoint      ] Safepoint "ICBufferFull", Time since last: 221102990 ns, Reaching safepoint: 6300 ns, Cleanup: 160400 ns, At safepoint: 2900 ns, Total: 169600 ns
[19.624s][info ][safepoint      ] Safepoint "ICBufferFull", Time since last: 254564773 ns, Reaching safepoint: 6700 ns, Cleanup: 140100 ns, At safepoint: 10000 ns, Total: 156800 ns
[19.974s][info ][safepoint      ] Safepoint "ICBufferFull", Time since last: 349642925 ns, Reaching safepoint: 79100 ns, Cleanup: 139300 ns, At safepoint: 11200 ns, Total: 229600 ns
[20.248s][info ][safepoint      ] Safepoint "ICBufferFull", Time since last: 274575263 ns, Reaching safepoint: 84100 ns, Cleanup: 133700 ns, At safepoint: 13200 ns, Total: 231000 ns
[20.687s][info ][safepoint      ] Safepoint "ICBufferFull", Time since last: 438308682 ns, Reaching safepoint: 5800 ns, Cleanup: 141500 ns, At safepoint: 9200 ns, Total: 156500 ns
[20.688s][info ][safepoint      ] Safepoint "ICBufferFull", Time since last: 74500 ns, Reaching safepoint: 81300 ns, Cleanup: 3200 ns, At safepoint: 849899 ns, Total: 934399 ns
[20.688s][info ][safepoint      ] Safepoint "ICBufferFull", Time since last: 48100 ns, Reaching safepoint: 75900 ns, Cleanup: 17700 ns, At safepoint: 11800 ns, Total: 105400 ns
[20.692s][info ][safepoint      ] Safepoint "ICBufferFull", Time since last: 4082998 ns, Reaching safepoint: 80900 ns, Cleanup: 4100 ns, At safepoint: 11900 ns, Total: 96900 ns
[21.009s][info ][safepoint      ] Safepoint "ICBufferFull", Time since last: 316713542 ns, Reaching safepoint: 5300 ns, Cleanup: 138100 ns, At safepoint: 1700 ns, Total: 145100 ns
[21.400s][info ][gc,start       ] GC(8) Pause Young (Allocation Failure)
[21.485s][debug][gc,phases      ] GC(8) Scavenge 84.989ms
[21.485s][debug][gc,ref         ] GC(8) ReferenceProcessor::execute queues: 4, RefProcThreadModel::Multi, marks_oops_alive: false
[21.485s][debug][gc,ref         ] GC(8) Skipped KeepAliveFinalRefsPhase of Reference Processing: no references
[21.485s][debug][gc,ref         ] GC(8) ReferenceProcessor::execute queues: 1, RefProcThreadModel::Single, marks_oops_alive: false
[21.485s][debug][gc,phases      ] GC(8) Reference Processing 0.612ms
[21.486s][debug][gc,phases      ] GC(8)   VM Weak                        Min:  0.0, Avg:  0.0, Max:  0.0, Diff:  0.0, Sum:  0.0, Workers: 4
[21.486s][debug][gc,phases      ] GC(8)     Dead                           Min: 0, Avg:  0.0, Max: 0, Diff: 0, Sum: 0, Workers: 4
[21.486s][debug][gc,phases      ] GC(8)     Total                          Min: 0, Avg: 209.0, Max: 512, Diff: 512, Sum: 836, Workers: 4
[21.486s][debug][gc,phases      ] GC(8)   ObjectSynchronizer Weak        Min:  0.0, Avg:  0.0, Max:  0.0, Diff:  0.0, Sum:  0.0, Workers: 4
[21.486s][debug][gc,phases      ] GC(8)     Dead                           Min: 0, Avg:  0.0, Max: 0, Diff: 0, Sum: 0, Workers: 4
[21.486s][debug][gc,phases      ] GC(8)     Total                          Min: 0, Avg: 13.0, Max: 52, Diff: 52, Sum: 52, Workers: 4
[21.486s][debug][gc,phases      ] GC(8)   JVMTI Tag Weak OopStorage      Min:  0.0, Avg:  0.0, Max:  0.0, Diff:  0.0, Sum:  0.0, Workers: 4
[21.486s][debug][gc,phases      ] GC(8)     Dead                           Min: 0, Avg:  0.0, Max: 0, Diff: 0, Sum: 0, Workers: 4
[21.486s][debug][gc,phases      ] GC(8)     Total                          Min: 0, Avg:  0.0, Max: 0, Diff: 0, Sum: 0, Workers: 4
[21.486s][debug][gc,phases      ] GC(8)   StringTable Weak               Min:  0.0, Avg:  0.2, Max:  0.3, Diff:  0.3, Sum:  1.0, Workers: 4
[21.486s][debug][gc,phases      ] GC(8)     Dead                           Min: 0, Avg:  1.8, Max: 6, Diff: 6, Sum: 7, Workers: 4
[21.486s][debug][gc,phases      ] GC(8)     Total                          Min: 0, Avg: 11152.0, Max: 18688, Diff: 18688, Sum: 44608, Workers: 4
[21.486s][debug][gc,phases      ] GC(8)   ResolvedMethodTable Weak       Min:  0.0, Avg:  0.1, Max:  0.1, Diff:  0.1, Sum:  0.3, Workers: 4
[21.486s][debug][gc,phases      ] GC(8)     Dead                           Min: 0, Avg: 34.5, Max: 80, Diff: 80, Sum: 138, Workers: 4
[21.486s][debug][gc,phases      ] GC(8)     Total                          Min: 0, Avg: 3515.0, Max: 6240, Diff: 6240, Sum: 14060, Workers: 4
[21.486s][debug][gc,phases      ] GC(8)   JNI Weak                       Min:  0.0, Avg:  0.0, Max:  0.0, Diff:  0.0, Sum:  0.0, Workers: 4
[21.486s][debug][gc,phases      ] GC(8)     Dead                           Min: 0, Avg:  0.0, Max: 0, Diff: 0, Sum: 0, Workers: 4
[21.486s][debug][gc,phases      ] GC(8)     Total                          Min: 0, Avg: 20.2, Max: 53, Diff: 53, Sum: 81, Workers: 4
[21.486s][debug][gc,phases      ] GC(8)   StringDedup Table Weak         Min:  0.0, Avg:  0.0, Max:  0.0, Diff:  0.0, Sum:  0.0, Workers: 4
[21.486s][debug][gc,phases      ] GC(8)     Dead                           Min: 0, Avg:  0.0, Max: 0, Diff: 0, Sum: 0, Workers: 4
[21.486s][debug][gc,phases      ] GC(8)     Total                          Min: 0, Avg:  0.0, Max: 0, Diff: 0, Sum: 0, Workers: 4
[21.486s][debug][gc,phases      ] GC(8)   StringDedup Requests0 Weak     Min:  0.0, Avg:  0.0, Max:  0.0, Diff:  0.0, Sum:  0.0, Workers: 4
[21.486s][debug][gc,phases      ] GC(8)     Dead                           Min: 0, Avg:  0.0, Max: 0, Diff: 0, Sum: 0, Workers: 4
[21.486s][debug][gc,phases      ] GC(8)     Total                          Min: 0, Avg:  0.0, Max: 0, Diff: 0, Sum: 0, Workers: 4
[21.486s][debug][gc,phases      ] GC(8)   StringDedup Requests1 Weak     Min:  0.0, Avg:  0.0, Max:  0.0, Diff:  0.0, Sum:  0.0, Workers: 4
[21.486s][debug][gc,phases      ] GC(8)     Dead                           Min: 0, Avg:  0.0, Max: 0, Diff: 0, Sum: 0, Workers: 4
[21.486s][debug][gc,phases      ] GC(8)     Total                          Min: 0, Avg:  0.0, Max: 0, Diff: 0, Sum: 0, Workers: 4
[21.486s][debug][gc,phases      ] GC(8)   Weak JFR Old Object Samples    Min:  0.0, Avg:  0.0, Max:  0.0, Diff:  0.0, Sum:  0.0, Workers: 4
[21.486s][debug][gc,phases      ] GC(8)     Dead                           Min: 0, Avg:  0.0, Max: 0, Diff: 0, Sum: 0, Workers: 4
[21.486s][debug][gc,phases      ] GC(8)     Total                          Min: 0, Avg:  0.0, Max: 0, Diff: 0, Sum: 0, Workers: 4
[21.486s][debug][gc,phases      ] GC(8) Weak Processing 0.617ms
[21.486s][debug][gc,age         ] GC(8) Desired survivor size 216530944 bytes, new threshold 6 (max threshold 15)
[21.486s][info ][gc,heap        ] GC(8) PSYoungGen: 1187692K(1572864K)->193385K(1572864K) Eden: 1048576K(1048576K)->0K(1048576K) From: 139116K(524288K)->193385K(524288K)
[21.486s][info ][gc,heap        ] GC(8) ParOldGen: 5832K(6144K)->5856K(6144K)
[21.486s][info ][gc,metaspace   ] GC(8) Metaspace: 101063K(102272K)->101063K(102272K) NonClass: 85472K(86144K)->85472K(86144K) Class: 15590K(16128K)->15590K(16128K)
[21.486s][info ][gc             ] GC(8) Pause Young (Allocation Failure) 1165M->194M(1542M) 86.348ms
[21.486s][info ][gc,cpu         ] GC(8) User=0.27s Sys=0.05s Real=0.09s
[21.487s][info ][safepoint      ] Safepoint "ParallelGCFailedAllocation", Time since last: 390434706 ns, Reaching safepoint: 81900 ns, Cleanup: 77199 ns, At safepoint: 86850257 ns, Total: 87009356 ns
[22.051s][info ][safepoint      ] Safepoint "ICBufferFull", Time since last: 564564819 ns, Reaching safepoint: 5400 ns, Cleanup: 127400 ns, At safepoint: 5300 ns, Total: 138100 ns
[22.782s][info ][safepoint      ] Safepoint "ICBufferFull", Time since last: 730420736 ns, Reaching safepoint: 82500 ns, Cleanup: 157600 ns, At safepoint: 12400 ns, Total: 252500 ns
[23.637s][info ][safepoint      ] Safepoint "ICBufferFull", Time since last: 854431874 ns, Reaching safepoint: 6200 ns, Cleanup: 133400 ns, At safepoint: 5500 ns, Total: 145100 ns
[23.981s][info ][safepoint      ] Safepoint "ICBufferFull", Time since last: 344602126 ns, Reaching safepoint: 84400 ns, Cleanup: 130800 ns, At safepoint: 8700 ns, Total: 223900 ns
[24.432s][info ][safepoint      ] Safepoint "ICBufferFull", Time since last: 450909272 ns, Reaching safepoint: 7300 ns, Cleanup: 134200 ns, At safepoint: 2600 ns, Total: 144100 ns
[25.088s][info ][safepoint      ] Safepoint "ICBufferFull", Time since last: 655094469 ns, Reaching safepoint: 5900 ns, Cleanup: 160100 ns, At safepoint: 1700 ns, Total: 167700 ns
[25.586s][info ][safepoint      ] Safepoint "ICBufferFull", Time since last: 497754149 ns, Reaching safepoint: 7600 ns, Cleanup: 135800 ns, At safepoint: 5800 ns, Total: 149200 ns
[26.581s][info ][safepoint      ] Safepoint "ICBufferFull", Time since last: 995246897 ns, Reaching safepoint: 7800 ns, Cleanup: 180900 ns, At safepoint: 2100 ns, Total: 190800 ns
[27.581s][info ][safepoint      ] Safepoint "Cleanup", Time since last: 1000126795 ns, Reaching safepoint: 81100 ns, Cleanup: 97900 ns, At safepoint: 8400 ns, Total: 187400 ns
[28.582s][info ][safepoint      ] Safepoint "Cleanup", Time since last: 1000123294 ns, Reaching safepoint: 80200 ns, Cleanup: 109700 ns, At safepoint: 7100 ns, Total: 197000 ns
[29.582s][info ][safepoint      ] Safepoint "Cleanup", Time since last: 1000124095 ns, Reaching safepoint: 77600 ns, Cleanup: 73000 ns, At safepoint: 4800 ns, Total: 155400 ns
[30.461s][info ][safepoint      ] Safepoint "ICBufferFull", Time since last: 879245656 ns, Reaching safepoint: 82000 ns, Cleanup: 185800 ns, At safepoint: 4300 ns, Total: 272100 ns
[30.540s][info ][gc,start       ] GC(9) Pause Young (Allocation Failure)
[30.643s][debug][gc,phases      ] GC(9) Scavenge 102.518ms
[30.643s][debug][gc,ref         ] GC(9) ReferenceProcessor::execute queues: 4, RefProcThreadModel::Multi, marks_oops_alive: false
[30.643s][debug][gc,ref         ] GC(9) ReferenceProcessor::execute queues: 4, RefProcThreadModel::Multi, marks_oops_alive: true
[30.643s][debug][gc,ref         ] GC(9) ReferenceProcessor::execute queues: 1, RefProcThreadModel::Single, marks_oops_alive: false
[30.643s][debug][gc,phases      ] GC(9) Reference Processing 0.577ms
[30.644s][debug][gc,phases      ] GC(9)   VM Weak                        Min:  0.0, Avg:  0.0, Max:  0.0, Diff:  0.0, Sum:  0.0, Workers: 4
[30.644s][debug][gc,phases      ] GC(9)     Dead                           Min: 0, Avg:  0.0, Max: 0, Diff: 0, Sum: 0, Workers: 4
[30.644s][debug][gc,phases      ] GC(9)     Total                          Min: 128, Avg: 214.0, Max: 408, Diff: 280, Sum: 856, Workers: 4
[30.644s][debug][gc,phases      ] GC(9)   ObjectSynchronizer Weak        Min:  0.0, Avg:  0.0, Max:  0.0, Diff:  0.0, Sum:  0.0, Workers: 4
[30.644s][debug][gc,phases      ] GC(9)     Dead                           Min: 0, Avg:  0.0, Max: 0, Diff: 0, Sum: 0, Workers: 4
[30.644s][debug][gc,phases      ] GC(9)     Total                          Min: 0, Avg: 13.0, Max: 52, Diff: 52, Sum: 52, Workers: 4
[30.644s][debug][gc,phases      ] GC(9)   JVMTI Tag Weak OopStorage      Min:  0.0, Avg:  0.0, Max:  0.0, Diff:  0.0, Sum:  0.0, Workers: 4
[30.644s][debug][gc,phases      ] GC(9)     Dead                           Min: 0, Avg:  0.0, Max: 0, Diff: 0, Sum: 0, Workers: 4
[30.644s][debug][gc,phases      ] GC(9)     Total                          Min: 0, Avg:  0.0, Max: 0, Diff: 0, Sum: 0, Workers: 4
[30.644s][debug][gc,phases      ] GC(9)   StringTable Weak               Min:  0.3, Avg:  0.3, Max:  0.3, Diff:  0.0, Sum:  1.2, Workers: 4
[30.644s][debug][gc,phases      ] GC(9)     Dead                           Min: 0, Avg:  0.2, Max: 1, Diff: 1, Sum: 1, Workers: 4
[30.644s][debug][gc,phases      ] GC(9)     Total                          Min: 10944, Avg: 11270.8, Max: 11584, Diff: 640, Sum: 45083, Workers: 4
[30.644s][debug][gc,phases      ] GC(9)   ResolvedMethodTable Weak       Min:  0.1, Avg:  0.1, Max:  0.1, Diff:  0.0, Sum:  0.4, Workers: 4
[30.644s][debug][gc,phases      ] GC(9)     Dead                           Min: 0, Avg:  2.2, Max: 5, Diff: 5, Sum: 9, Workers: 4
[30.644s][debug][gc,phases      ] GC(9)     Total                          Min: 2410, Avg: 3547.5, Max: 3998, Diff: 1588, Sum: 14190, Workers: 4
[30.644s][debug][gc,phases      ] GC(9)   JNI Weak                       Min:  0.0, Avg:  0.0, Max:  0.0, Diff:  0.0, Sum:  0.0, Workers: 4
[30.644s][debug][gc,phases      ] GC(9)     Dead                           Min: 0, Avg:  0.0, Max: 0, Diff: 0, Sum: 0, Workers: 4
[30.644s][debug][gc,phases      ] GC(9)     Total                          Min: 0, Avg: 16.5, Max: 52, Diff: 52, Sum: 66, Workers: 4
[30.644s][debug][gc,phases      ] GC(9)   StringDedup Table Weak         Min:  0.0, Avg:  0.0, Max:  0.0, Diff:  0.0, Sum:  0.0, Workers: 4
[30.644s][debug][gc,phases      ] GC(9)     Dead                           Min: 0, Avg:  0.0, Max: 0, Diff: 0, Sum: 0, Workers: 4
[30.644s][debug][gc,phases      ] GC(9)     Total                          Min: 0, Avg:  0.0, Max: 0, Diff: 0, Sum: 0, Workers: 4
[30.644s][debug][gc,phases      ] GC(9)   StringDedup Requests0 Weak     Min:  0.0, Avg:  0.0, Max:  0.0, Diff:  0.0, Sum:  0.0, Workers: 4
[30.644s][debug][gc,phases      ] GC(9)     Dead                           Min: 0, Avg:  0.0, Max: 0, Diff: 0, Sum: 0, Workers: 4
[30.644s][debug][gc,phases      ] GC(9)     Total                          Min: 0, Avg:  0.0, Max: 0, Diff: 0, Sum: 0, Workers: 4
[30.644s][debug][gc,phases      ] GC(9)   StringDedup Requests1 Weak     Min:  0.0, Avg:  0.0, Max:  0.0, Diff:  0.0, Sum:  0.0, Workers: 4
[30.644s][debug][gc,phases      ] GC(9)     Dead                           Min: 0, Avg:  0.0, Max: 0, Diff: 0, Sum: 0, Workers: 4
[30.644s][debug][gc,phases      ] GC(9)     Total                          Min: 0, Avg:  0.0, Max: 0, Diff: 0, Sum: 0, Workers: 4
[30.644s][debug][gc,phases      ] GC(9)   Weak JFR Old Object Samples    Min:  0.0, Avg:  0.0, Max:  0.0, Diff:  0.0, Sum:  0.0, Workers: 4
[30.644s][debug][gc,phases      ] GC(9)     Dead                           Min: 0, Avg:  0.0, Max: 0, Diff: 0, Sum: 0, Workers: 4
[30.644s][debug][gc,phases      ] GC(9)     Total                          Min: 0, Avg:  0.0, Max: 0, Diff: 0, Sum: 0, Workers: 4
[30.644s][debug][gc,phases      ] GC(9) Weak Processing 0.573ms
[30.644s][debug][gc,age         ] GC(9) Desired survivor size 268959744 bytes, new threshold 5 (max threshold 15)
[30.644s][info ][gc,heap        ] GC(9) PSYoungGen: 1241961K(1572864K)->211451K(1783296K) Eden: 1048576K(1048576K)->0K(1571840K) From: 193385K(524288K)->211451K(211456K)
[30.644s][info ][gc,heap        ] GC(9) ParOldGen: 5856K(6144K)->17741K(17920K)
[30.644s][info ][gc,metaspace   ] GC(9) Metaspace: 101878K(102976K)->101878K(102976K) NonClass: 86242K(86848K)->86242K(86848K) Class: 15636K(16128K)->15636K(16128K)
[30.644s][info ][gc             ] GC(9) Pause Young (Allocation Failure) 1218M->223M(1759M) 103.803ms
[30.644s][info ][gc,cpu         ] GC(9) User=0.27s Sys=0.10s Real=0.11s
[30.645s][info ][safepoint      ] Safepoint "ParallelGCFailedAllocation", Time since last: 78686860 ns, Reaching safepoint: 85100 ns, Cleanup: 64400 ns, At safepoint: 104372947 ns, Total: 104522447 ns
[31.645s][info ][safepoint      ] Safepoint "Cleanup", Time since last: 1000091695 ns, Reaching safepoint: 5400 ns, Cleanup: 67500 ns, At safepoint: 1800 ns, Total: 74700 ns
[32.645s][info ][safepoint      ] Safepoint "Cleanup", Time since last: 1000112502 ns, Reaching safepoint: 6000 ns, Cleanup: 90900 ns, At safepoint: 2400 ns, Total: 99300 ns
[33.645s][info ][safepoint      ] Safepoint "Cleanup", Time since last: 1000138002 ns, Reaching safepoint: 5600 ns, Cleanup: 61800 ns, At safepoint: 2100 ns, Total: 69500 ns
[34.645s][info ][safepoint      ] Safepoint "Cleanup", Time since last: 1000105703 ns, Reaching safepoint: 5400 ns, Cleanup: 43499 ns, At safepoint: 2600 ns, Total: 51499 ns
[35.646s][info ][safepoint      ] Safepoint "Cleanup", Time since last: 1000114703 ns, Reaching safepoint: 6800 ns, Cleanup: 27100 ns, At safepoint: 2400 ns, Total: 36300 ns
[36.646s][info ][safepoint      ] Safepoint "Cleanup", Time since last: 1000104502 ns, Reaching safepoint: 5400 ns, Cleanup: 17600 ns, At safepoint: 1700 ns, Total: 24700 ns
[37.646s][info ][safepoint      ] Safepoint "Cleanup", Time since last: 1000106402 ns, Reaching safepoint: 5600 ns, Cleanup: 23000 ns, At safepoint: 2200 ns, Total: 30800 ns
[38.646s][info ][safepoint      ] Safepoint "Cleanup", Time since last: 1000110702 ns, Reaching safepoint: 5600 ns, Cleanup: 28700 ns, At safepoint: 1900 ns, Total: 36200 ns
[39.646s][info ][safepoint      ] Safepoint "Cleanup", Time since last: 1000124103 ns, Reaching safepoint: 6200 ns, Cleanup: 56700 ns, At safepoint: 2100 ns, Total: 65000 ns
[40.646s][info ][safepoint      ] Safepoint "Cleanup", Time since last: 1000107408 ns, Reaching safepoint: 4800 ns, Cleanup: 23700 ns, At safepoint: 1800 ns, Total: 30300 ns
[41.646s][info ][safepoint      ] Safepoint "Cleanup", Time since last: 1000097210 ns, Reaching safepoint: 6000 ns, Cleanup: 56100 ns, At safepoint: 1500 ns, Total: 63600 ns
[42.647s][info ][safepoint      ] Safepoint "Cleanup", Time since last: 1000099909 ns, Reaching safepoint: 5100 ns, Cleanup: 25900 ns, At safepoint: 1700 ns, Total: 32700 ns
[43.647s][info ][safepoint      ] Safepoint "Cleanup", Time since last: 1000098909 ns, Reaching safepoint: 5200 ns, Cleanup: 37200 ns, At safepoint: 1700 ns, Total: 44100 ns
[44.647s][info ][safepoint      ] Safepoint "Cleanup", Time since last: 1000102109 ns, Reaching safepoint: 5500 ns, Cleanup: 61200 ns, At safepoint: 1900 ns, Total: 68600 ns
[45.647s][info ][safepoint      ] Safepoint "Cleanup", Time since last: 1000105009 ns, Reaching safepoint: 5600 ns, Cleanup: 45000 ns, At safepoint: 1800 ns, Total: 52400 ns
[46.647s][info ][safepoint      ] Safepoint "Cleanup", Time since last: 1000140509 ns, Reaching safepoint: 5900 ns, Cleanup: 17400 ns, At safepoint: 1600 ns, Total: 24900 ns
[47.647s][info ][safepoint      ] Safepoint "Cleanup", Time since last: 1000099609 ns, Reaching safepoint: 5400 ns, Cleanup: 56400 ns, At safepoint: 1800 ns, Total: 63600 ns
[48.648s][info ][safepoint      ] Safepoint "Cleanup", Time since last: 1000101600 ns, Reaching safepoint: 5500 ns, Cleanup: 57200 ns, At safepoint: 1900 ns, Total: 64600 ns
[49.648s][info ][safepoint      ] Safepoint "Cleanup", Time since last: 1000102299 ns, Reaching safepoint: 5200 ns, Cleanup: 29500 ns, At safepoint: 1800 ns, Total: 36500 ns
[50.648s][info ][safepoint      ] Safepoint "Cleanup", Time since last: 1000093499 ns, Reaching safepoint: 5100 ns, Cleanup: 50400 ns, At safepoint: 1500 ns, Total: 57000 ns
[51.648s][info ][safepoint      ] Safepoint "Cleanup", Time since last: 1000099498 ns, Reaching safepoint: 5100 ns, Cleanup: 57700 ns, At safepoint: 1600 ns, Total: 64400 ns
[52.648s][info ][safepoint      ] Safepoint "Cleanup", Time since last: 1000100099 ns, Reaching safepoint: 5500 ns, Cleanup: 27300 ns, At safepoint: 1500 ns, Total: 34300 ns
[53.648s][info ][safepoint      ] Safepoint "Cleanup", Time since last: 1000099399 ns, Reaching safepoint: 5100 ns, Cleanup: 18200 ns, At safepoint: 1700 ns, Total: 25000 ns
[54.648s][info ][safepoint      ] Safepoint "Cleanup", Time since last: 1000092999 ns, Reaching safepoint: 5000 ns, Cleanup: 22800 ns, At safepoint: 1600 ns, Total: 29400 ns
[55.648s][info ][safepoint      ] Safepoint "Cleanup", Time since last: 1000099399 ns, Reaching safepoint: 5700 ns, Cleanup: 9300 ns, At safepoint: 1500 ns, Total: 16500 ns
[56.649s][info ][safepoint      ] Safepoint "Cleanup", Time since last: 1000110281 ns, Reaching safepoint: 5700 ns, Cleanup: 16300 ns, At safepoint: 1500 ns, Total: 23500 ns
[57.649s][info ][safepoint      ] Safepoint "Cleanup", Time since last: 1000112679 ns, Reaching safepoint: 6200 ns, Cleanup: 12500 ns, At safepoint: 1500 ns, Total: 20200 ns
[58.649s][info ][safepoint      ] Safepoint "Cleanup", Time since last: 1000106580 ns, Reaching safepoint: 5600 ns, Cleanup: 19200 ns, At safepoint: 1900 ns, Total: 26700 ns
[59.649s][info ][safepoint      ] Safepoint "Cleanup", Time since last: 1000101279 ns, Reaching safepoint: 5000 ns, Cleanup: 21900 ns, At safepoint: 1600 ns, Total: 28500 ns
[61.064s][info ][safepoint      ] Safepoint "Cleanup", Time since last: 1415002763 ns, Reaching safepoint: 7400 ns, Cleanup: 17700 ns, At safepoint: 2400 ns, Total: 27500 ns
[62.064s][info ][safepoint      ] Safepoint "Cleanup", Time since last: 1000142980 ns, Reaching safepoint: 7300 ns, Cleanup: 10300 ns, At safepoint: 2700 ns, Total: 20300 ns
[63.064s][info ][safepoint      ] Safepoint "Cleanup", Time since last: 1000120879 ns, Reaching safepoint: 7100 ns, Cleanup: 10200 ns, At safepoint: 2200 ns, Total: 19500 ns
[64.065s][info ][safepoint      ] Safepoint "Cleanup", Time since last: 1000135878 ns, Reaching safepoint: 6100 ns, Cleanup: 20300 ns, At safepoint: 2000 ns, Total: 28400 ns
[64.883s][info ][gc,start       ] GC(10) Pause Young (Allocation Failure)
[64.967s][debug][gc,phases      ] GC(10) Scavenge 84.579ms
[64.967s][debug][gc,ref         ] GC(10) ReferenceProcessor::execute queues: 4, RefProcThreadModel::Multi, marks_oops_alive: false
[64.968s][debug][gc,ref         ] GC(10) ReferenceProcessor::execute queues: 4, RefProcThreadModel::Multi, marks_oops_alive: true
[64.968s][debug][gc,ref         ] GC(10) ReferenceProcessor::execute queues: 1, RefProcThreadModel::Single, marks_oops_alive: false
[64.968s][debug][gc,phases      ] GC(10) Reference Processing 0.710ms
[64.969s][debug][gc,phases      ] GC(10)   VM Weak                        Min:  0.0, Avg:  0.0, Max:  0.0, Diff:  0.0, Sum:  0.0, Workers: 4
[64.969s][debug][gc,phases      ] GC(10)     Dead                           Min: 0, Avg:  0.0, Max: 0, Diff: 0, Sum: 0, Workers: 4
[64.969s][debug][gc,phases      ] GC(10)     Total                          Min: 0, Avg: 215.2, Max: 384, Diff: 384, Sum: 861, Workers: 4
[64.969s][debug][gc,phases      ] GC(10)   ObjectSynchronizer Weak        Min:  0.0, Avg:  0.0, Max:  0.0, Diff:  0.0, Sum:  0.0, Workers: 4
[64.969s][debug][gc,phases      ] GC(10)     Dead                           Min: 0, Avg:  0.0, Max: 0, Diff: 0, Sum: 0, Workers: 4
[64.969s][debug][gc,phases      ] GC(10)     Total                          Min: 0, Avg:  1.0, Max: 4, Diff: 4, Sum: 4, Workers: 4
[64.969s][debug][gc,phases      ] GC(10)   JVMTI Tag Weak OopStorage      Min:  0.0, Avg:  0.0, Max:  0.0, Diff:  0.0, Sum:  0.0, Workers: 4
[64.969s][debug][gc,phases      ] GC(10)     Dead                           Min: 0, Avg:  0.0, Max: 0, Diff: 0, Sum: 0, Workers: 4
[64.969s][debug][gc,phases      ] GC(10)     Total                          Min: 0, Avg:  0.0, Max: 0, Diff: 0, Sum: 0, Workers: 4
[64.969s][debug][gc,phases      ] GC(10)   StringTable Weak               Min:  0.0, Avg:  0.3, Max:  0.4, Diff:  0.4, Sum:  1.2, Workers: 4
[64.969s][debug][gc,phases      ] GC(10)     Dead                           Min: 0, Avg:  0.5, Max: 2, Diff: 2, Sum: 2, Workers: 4
[64.969s][debug][gc,phases      ] GC(10)     Total                          Min: 0, Avg: 11325.8, Max: 15232, Diff: 15232, Sum: 45303, Workers: 4
[64.969s][debug][gc,phases      ] GC(10)   ResolvedMethodTable Weak       Min:  0.0, Avg:  0.1, Max:  0.1, Diff:  0.1, Sum:  0.4, Workers: 4
[64.969s][debug][gc,phases      ] GC(10)     Dead                           Min: 0, Avg:  9.2, Max: 21, Diff: 21, Sum: 37, Workers: 4
[64.969s][debug][gc,phases      ] GC(10)     Total                          Min: 0, Avg: 3567.2, Max: 4854, Diff: 4854, Sum: 14269, Workers: 4
[64.969s][debug][gc,phases      ] GC(10)   JNI Weak                       Min:  0.0, Avg:  0.0, Max:  0.0, Diff:  0.0, Sum:  0.0, Workers: 4
[64.969s][debug][gc,phases      ] GC(10)     Dead                           Min: 0, Avg:  0.0, Max: 0, Diff: 0, Sum: 0, Workers: 4
[64.969s][debug][gc,phases      ] GC(10)     Total                          Min: 0, Avg: 15.2, Max: 57, Diff: 57, Sum: 61, Workers: 4
[64.969s][debug][gc,phases      ] GC(10)   StringDedup Table Weak         Min:  0.0, Avg:  0.0, Max:  0.0, Diff:  0.0, Sum:  0.0, Workers: 4
[64.969s][debug][gc,phases      ] GC(10)     Dead                           Min: 0, Avg:  0.0, Max: 0, Diff: 0, Sum: 0, Workers: 4
[64.969s][debug][gc,phases      ] GC(10)     Total                          Min: 0, Avg:  0.0, Max: 0, Diff: 0, Sum: 0, Workers: 4
[64.969s][debug][gc,phases      ] GC(10)   StringDedup Requests0 Weak     Min:  0.0, Avg:  0.0, Max:  0.0, Diff:  0.0, Sum:  0.0, Workers: 4
[64.969s][debug][gc,phases      ] GC(10)     Dead                           Min: 0, Avg:  0.0, Max: 0, Diff: 0, Sum: 0, Workers: 4
[64.969s][debug][gc,phases      ] GC(10)     Total                          Min: 0, Avg:  0.0, Max: 0, Diff: 0, Sum: 0, Workers: 4
[64.969s][debug][gc,phases      ] GC(10)   StringDedup Requests1 Weak     Min:  0.0, Avg:  0.0, Max:  0.0, Diff:  0.0, Sum:  0.0, Workers: 4
[64.969s][debug][gc,phases      ] GC(10)     Dead                           Min: 0, Avg:  0.0, Max: 0, Diff: 0, Sum: 0, Workers: 4
[64.969s][debug][gc,phases      ] GC(10)     Total                          Min: 0, Avg:  0.0, Max: 0, Diff: 0, Sum: 0, Workers: 4
[64.969s][debug][gc,phases      ] GC(10)   Weak JFR Old Object Samples    Min:  0.0, Avg:  0.0, Max:  0.0, Diff:  0.0, Sum:  0.0, Workers: 4
[64.969s][debug][gc,phases      ] GC(10)     Dead                           Min: 0, Avg:  0.0, Max: 0, Diff: 0, Sum: 0, Workers: 4
[64.969s][debug][gc,phases      ] GC(10)     Total                          Min: 0, Avg:  0.0, Max: 0, Diff: 0, Sum: 0, Workers: 4
[64.969s][debug][gc,phases      ] GC(10) Weak Processing 0.742ms
[64.969s][debug][gc,age         ] GC(10) Desired survivor size 270532608 bytes, new threshold 4 (max threshold 15)
[64.969s][info ][gc,heap        ] GC(10) PSYoungGen: 1783291K(1783296K)->162400K(1734656K) Eden: 1571840K(1571840K)->0K(1571840K) From: 211451K(211456K)->162400K(162816K)
[64.969s][info ][gc,heap        ] GC(10) ParOldGen: 17741K(17920K)->72259K(72704K)
[64.969s][info ][gc,metaspace   ] GC(10) Metaspace: 102579K(103744K)->102579K(103744K) NonClass: 86909K(87552K)->86909K(87552K) Class: 15670K(16192K)->15670K(16192K)
[64.969s][info ][gc             ] GC(10) Pause Young (Allocation Failure) 1758M->229M(1765M) 86.153ms
[64.969s][info ][gc,cpu         ] GC(10) User=0.28s Sys=0.03s Real=0.08s
[64.969s][info ][safepoint      ] Safepoint "ParallelGCFailedAllocation", Time since last: 817872770 ns, Reaching safepoint: 88100 ns, Cleanup: 61799 ns, At safepoint: 86246155 ns, Total: 86396054 ns
[65.969s][info ][safepoint      ] Safepoint "Cleanup", Time since last: 1000082574 ns, Reaching safepoint: 6300 ns, Cleanup: 38200 ns, At safepoint: 3100 ns, Total: 47600 ns
[66.969s][info ][safepoint      ] Safepoint "Cleanup", Time since last: 1000113975 ns, Reaching safepoint: 6500 ns, Cleanup: 44800 ns, At safepoint: 2800 ns, Total: 54100 ns
[67.969s][info ][safepoint      ] Safepoint "Cleanup", Time since last: 1000107674 ns, Reaching safepoint: 6400 ns, Cleanup: 22400 ns, At safepoint: 2300 ns, Total: 31100 ns
[68.969s][info ][safepoint      ] Safepoint "Cleanup", Time since last: 1000117074 ns, Reaching safepoint: 8400 ns, Cleanup: 14100 ns, At safepoint: 2800 ns, Total: 25300 ns
[69.970s][info ][safepoint      ] Safepoint "Cleanup", Time since last: 1000110974 ns, Reaching safepoint: 5900 ns, Cleanup: 18900 ns, At safepoint: 1900 ns, Total: 26700 ns
[70.970s][info ][safepoint      ] Safepoint "Cleanup", Time since last: 1000130674 ns, Reaching safepoint: 5800 ns, Cleanup: 23900 ns, At safepoint: 6100 ns, Total: 35800 ns
[71.975s][info ][safepoint      ] Safepoint "Cleanup", Time since last: 1004939274 ns, Reaching safepoint: 7000 ns, Cleanup: 21600 ns, At safepoint: 26200 ns, Total: 54800 ns
[72.975s][info ][safepoint      ] Safepoint "Cleanup", Time since last: 1000111084 ns, Reaching safepoint: 6700 ns, Cleanup: 24500 ns, At safepoint: 2100 ns, Total: 33300 ns
[73.975s][info ][safepoint      ] Safepoint "Cleanup", Time since last: 1000106084 ns, Reaching safepoint: 7200 ns, Cleanup: 39300 ns, At safepoint: 2100 ns, Total: 48600 ns
[75.941s][info ][safepoint      ] Safepoint "Cleanup", Time since last: 1965887285 ns, Reaching safepoint: 6600 ns, Cleanup: 44500 ns, At safepoint: 2300 ns, Total: 53400 ns
[76.941s][info ][safepoint      ] Safepoint "Cleanup", Time since last: 1000107184 ns, Reaching safepoint: 6000 ns, Cleanup: 20100 ns, At safepoint: 2000 ns, Total: 28100 ns
[77.941s][info ][safepoint      ] Safepoint "Cleanup", Time since last: 1000129184 ns, Reaching safepoint: 5600 ns, Cleanup: 23300 ns, At safepoint: 2200 ns, Total: 31100 ns
[79.941s][info ][safepoint      ] Safepoint "Cleanup", Time since last: 2000174863 ns, Reaching safepoint: 5800 ns, Cleanup: 12700 ns, At safepoint: 1900 ns, Total: 20400 ns
[80.942s][info ][safepoint      ] Safepoint "Cleanup", Time since last: 1000109156 ns, Reaching safepoint: 5600 ns, Cleanup: 11300 ns, At safepoint: 1900 ns, Total: 18800 ns
[81.942s][info ][safepoint      ] Safepoint "Cleanup", Time since last: 1000103157 ns, Reaching safepoint: 6100 ns, Cleanup: 19600 ns, At safepoint: 1800 ns, Total: 27500 ns
[82.942s][info ][safepoint      ] Safepoint "Cleanup", Time since last: 1000097556 ns, Reaching safepoint: 5100 ns, Cleanup: 13400 ns, At safepoint: 1600 ns, Total: 20100 ns
[83.942s][info ][safepoint      ] Safepoint "Cleanup", Time since last: 1000104657 ns, Reaching safepoint: 5600 ns, Cleanup: 23700 ns, At safepoint: 2000 ns, Total: 31300 ns
[84.942s][info ][safepoint      ] Safepoint "Cleanup", Time since last: 1000107356 ns, Reaching safepoint: 5800 ns, Cleanup: 17500 ns, At safepoint: 1900 ns, Total: 25200 ns
[85.942s][info ][safepoint      ] Safepoint "Cleanup", Time since last: 1000122557 ns, Reaching safepoint: 5600 ns, Cleanup: 22100 ns, At safepoint: 1700 ns, Total: 29400 ns
[86.942s][info ][safepoint      ] Safepoint "Cleanup", Time since last: 1000108157 ns, Reaching safepoint: 5899 ns, Cleanup: 13200 ns, At safepoint: 2200 ns, Total: 21299 ns
[87.942s][info ][safepoint      ] Safepoint "Cleanup", Time since last: 1000117457 ns, Reaching safepoint: 6600 ns, Cleanup: 20800 ns, At safepoint: 2300 ns, Total: 29700 ns
[88.943s][info ][safepoint      ] Safepoint "Cleanup", Time since last: 1000110956 ns, Reaching safepoint: 6200 ns, Cleanup: 20000 ns, At safepoint: 2200 ns, Total: 28400 ns
[89.943s][info ][safepoint      ] Safepoint "Cleanup", Time since last: 1000114855 ns, Reaching safepoint: 5600 ns, Cleanup: 82300 ns, At safepoint: 1800 ns, Total: 89700 ns
[90.943s][info ][safepoint      ] Safepoint "Cleanup", Time since last: 1000106356 ns, Reaching safepoint: 5800 ns, Cleanup: 127700 ns, At safepoint: 6500 ns, Total: 140000 ns
[91.943s][info ][safepoint      ] Safepoint "Cleanup", Time since last: 1000122056 ns, Reaching safepoint: 6400 ns, Cleanup: 60400 ns, At safepoint: 2000 ns, Total: 68800 ns
[92.943s][info ][safepoint      ] Safepoint "Cleanup", Time since last: 1000110255 ns, Reaching safepoint: 6100 ns, Cleanup: 46500 ns, At safepoint: 1800 ns, Total: 54400 ns
[93.944s][info ][safepoint      ] Safepoint "Cleanup", Time since last: 1000107756 ns, Reaching safepoint: 5500 ns, Cleanup: 36800 ns, At safepoint: 1900 ns, Total: 44200 ns
[94.944s][info ][safepoint      ] Safepoint "Cleanup", Time since last: 1000106056 ns, Reaching safepoint: 6100 ns, Cleanup: 63100 ns, At safepoint: 2200 ns, Total: 71400 ns
[95.944s][info ][safepoint      ] Safepoint "Cleanup", Time since last: 1000108959 ns, Reaching safepoint: 5600 ns, Cleanup: 52100 ns, At safepoint: 2000 ns, Total: 59700 ns
[96.944s][info ][safepoint      ] Safepoint "Cleanup", Time since last: 1000104777 ns, Reaching safepoint: 5100 ns, Cleanup: 32000 ns, At safepoint: 1900 ns, Total: 39000 ns
[97.944s][info ][safepoint      ] Safepoint "Cleanup", Time since last: 1000126078 ns, Reaching safepoint: 5700 ns, Cleanup: 14300 ns, At safepoint: 2200 ns, Total: 22200 ns
[98.944s][info ][safepoint      ] Safepoint "Cleanup", Time since last: 1000129377 ns, Reaching safepoint: 5700 ns, Cleanup: 17300 ns, At safepoint: 2000 ns, Total: 25000 ns
[99.944s][info ][safepoint      ] Safepoint "Cleanup", Time since last: 1000113877 ns, Reaching safepoint: 6300 ns, Cleanup: 9500 ns, At safepoint: 2200 ns, Total: 18000 ns
[100.945s][info ][safepoint      ] Safepoint "Cleanup", Time since last: 1000109077 ns, Reaching safepoint: 5800 ns, Cleanup: 10100 ns, At safepoint: 2100 ns, Total: 18000 ns
[101.945s][info ][safepoint      ] Safepoint "Cleanup", Time since last: 1000102978 ns, Reaching safepoint: 6200 ns, Cleanup: 16500 ns, At safepoint: 1800 ns, Total: 24500 ns
[102.945s][info ][safepoint      ] Safepoint "Cleanup", Time since last: 1000111477 ns, Reaching safepoint: 5500 ns, Cleanup: 16500 ns, At safepoint: 1900 ns, Total: 23900 ns
[103.945s][info ][safepoint      ] Safepoint "Cleanup", Time since last: 1000105860 ns, Reaching safepoint: 5600 ns, Cleanup: 32700 ns, At safepoint: 1900 ns, Total: 40200 ns
[104.945s][info ][safepoint      ] Safepoint "Cleanup", Time since last: 1000123077 ns, Reaching safepoint: 6000 ns, Cleanup: 50700 ns, At safepoint: 1800 ns, Total: 58500 ns
[105.945s][info ][safepoint      ] Safepoint "Cleanup", Time since last: 1000109677 ns, Reaching safepoint: 5500 ns, Cleanup: 24500 ns, At safepoint: 1900 ns, Total: 31900 ns
[106.946s][info ][safepoint      ] Safepoint "Cleanup", Time since last: 1000107776 ns, Reaching safepoint: 6000 ns, Cleanup: 27600 ns, At safepoint: 2000 ns, Total: 35600 ns
[107.946s][info ][safepoint      ] Safepoint "Cleanup", Time since last: 1000111477 ns, Reaching safepoint: 5800 ns, Cleanup: 30900 ns, At safepoint: 1800 ns, Total: 38500 ns
[108.035s][info ][gc,start       ] GC(11) Pause Young (Allocation Failure)
[108.110s][debug][gc,phases      ] GC(11) Scavenge 74.774ms
[108.110s][debug][gc,ref         ] GC(11) ReferenceProcessor::execute queues: 1, RefProcThreadModel::Single, marks_oops_alive: false
[108.110s][debug][gc,ref         ] GC(11) Skipped KeepAliveFinalRefsPhase of Reference Processing: no references
[108.110s][debug][gc,ref         ] GC(11) ReferenceProcessor::execute queues: 1, RefProcThreadModel::Single, marks_oops_alive: false
[108.110s][debug][gc,phases      ] GC(11) Reference Processing 0.113ms
[108.110s][debug][gc,phases      ] GC(11)   VM Weak                        Min:  0.0, Avg:  0.0, Max:  0.0, Diff:  0.0, Sum:  0.0, Workers: 4
[108.110s][debug][gc,phases      ] GC(11)     Dead                           Min: 0, Avg:  0.0, Max: 0, Diff: 0, Sum: 0, Workers: 4
[108.110s][debug][gc,phases      ] GC(11)     Total                          Min: 0, Avg: 223.8, Max: 447, Diff: 447, Sum: 895, Workers: 4
[108.110s][debug][gc,phases      ] GC(11)   ObjectSynchronizer Weak        Min:  0.0, Avg:  0.0, Max:  0.0, Diff:  0.0, Sum:  0.0, Workers: 4
[108.110s][debug][gc,phases      ] GC(11)     Dead                           Min: 0, Avg:  0.0, Max: 0, Diff: 0, Sum: 0, Workers: 4
[108.110s][debug][gc,phases      ] GC(11)     Total                          Min: 0, Avg:  1.0, Max: 4, Diff: 4, Sum: 4, Workers: 4
[108.110s][debug][gc,phases      ] GC(11)   JVMTI Tag Weak OopStorage      Min:  0.0, Avg:  0.0, Max:  0.0, Diff:  0.0, Sum:  0.0, Workers: 4
[108.110s][debug][gc,phases      ] GC(11)     Dead                           Min: 0, Avg:  0.0, Max: 0, Diff: 0, Sum: 0, Workers: 4
[108.110s][debug][gc,phases      ] GC(11)     Total                          Min: 0, Avg:  0.0, Max: 0, Diff: 0, Sum: 0, Workers: 4
[108.110s][debug][gc,phases      ] GC(11)   StringTable Weak               Min:  0.2, Avg:  0.2, Max:  0.3, Diff:  0.1, Sum:  1.0, Workers: 4
[108.110s][debug][gc,phases      ] GC(11)     Dead                           Min: 0, Avg:  1.0, Max: 2, Diff: 2, Sum: 4, Workers: 4
[108.110s][debug][gc,phases      ] GC(11)     Total                          Min: 6400, Avg: 11380.8, Max: 14995, Diff: 8595, Sum: 45523, Workers: 4
[108.110s][debug][gc,phases      ] GC(11)   ResolvedMethodTable Weak       Min:  0.1, Avg:  0.1, Max:  0.1, Diff:  0.0, Sum:  0.4, Workers: 4
[108.110s][debug][gc,phases      ] GC(11)     Dead                           Min: 3, Avg:  8.5, Max: 17, Diff: 14, Sum: 34, Workers: 4
[108.110s][debug][gc,phases      ] GC(11)     Total                          Min: 3433, Avg: 3620.5, Max: 3772, Diff: 339, Sum: 14482, Workers: 4
[108.110s][debug][gc,phases      ] GC(11)   JNI Weak                       Min:  0.0, Avg:  0.0, Max:  0.0, Diff:  0.0, Sum:  0.0, Workers: 4
[108.110s][debug][gc,phases      ] GC(11)     Dead                           Min: 0, Avg:  0.0, Max: 0, Diff: 0, Sum: 0, Workers: 4
[108.110s][debug][gc,phases      ] GC(11)     Total                          Min: 0, Avg: 13.0, Max: 52, Diff: 52, Sum: 52, Workers: 4
[108.110s][debug][gc,phases      ] GC(11)   StringDedup Table Weak         Min:  0.0, Avg:  0.0, Max:  0.0, Diff:  0.0, Sum:  0.0, Workers: 4
[108.110s][debug][gc,phases      ] GC(11)     Dead                           Min: 0, Avg:  0.0, Max: 0, Diff: 0, Sum: 0, Workers: 4
[108.110s][debug][gc,phases      ] GC(11)     Total                          Min: 0, Avg:  0.0, Max: 0, Diff: 0, Sum: 0, Workers: 4
[108.110s][debug][gc,phases      ] GC(11)   StringDedup Requests0 Weak     Min:  0.0, Avg:  0.0, Max:  0.0, Diff:  0.0, Sum:  0.0, Workers: 4
[108.110s][debug][gc,phases      ] GC(11)     Dead                           Min: 0, Avg:  0.0, Max: 0, Diff: 0, Sum: 0, Workers: 4
[108.110s][debug][gc,phases      ] GC(11)     Total                          Min: 0, Avg:  0.0, Max: 0, Diff: 0, Sum: 0, Workers: 4
[108.110s][debug][gc,phases      ] GC(11)   StringDedup Requests1 Weak     Min:  0.0, Avg:  0.0, Max:  0.0, Diff:  0.0, Sum:  0.0, Workers: 4
[108.110s][debug][gc,phases      ] GC(11)     Dead                           Min: 0, Avg:  0.0, Max: 0, Diff: 0, Sum: 0, Workers: 4
[108.110s][debug][gc,phases      ] GC(11)     Total                          Min: 0, Avg:  0.0, Max: 0, Diff: 0, Sum: 0, Workers: 4
[108.110s][debug][gc,phases      ] GC(11)   Weak JFR Old Object Samples    Min:  0.0, Avg:  0.0, Max:  0.0, Diff:  0.0, Sum:  0.0, Workers: 4
[108.110s][debug][gc,phases      ] GC(11)     Dead                           Min: 0, Avg:  0.0, Max: 0, Diff: 0, Sum: 0, Workers: 4
[108.110s][debug][gc,phases      ] GC(11)     Total                          Min: 0, Avg:  0.0, Max: 0, Diff: 0, Sum: 0, Workers: 4
[108.111s][debug][gc,phases      ] GC(11) Weak Processing 0.551ms
[108.111s][debug][gc,age         ] GC(11) Desired survivor size 262668288 bytes, new threshold 3 (max threshold 15)
[108.111s][info ][gc,heap        ] GC(11) PSYoungGen: 1734240K(1734656K)->79600K(1840640K) Eden: 1571840K(1571840K)->0K(1576448K) From: 162400K(162816K)->79600K(264192K)
[108.111s][info ][gc,heap        ] GC(11) ParOldGen: 72259K(72704K)->155321K(155648K)
[108.111s][info ][gc,metaspace   ] GC(11) Metaspace: 103225K(104512K)->103225K(104512K) NonClass: 87471K(88192K)->87471K(88192K) Class: 15754K(16320K)->15754K(16320K)
[108.111s][info ][gc             ] GC(11) Pause Young (Allocation Failure) 1764M->229M(1949M) 75.558ms
[108.111s][info ][gc,cpu         ] GC(11) User=0.22s Sys=0.06s Real=0.07s
[108.111s][info ][safepoint      ] Safepoint "ParallelGCFailedAllocation", Time since last: 89297844 ns, Reaching safepoint: 5200 ns, Cleanup: 3200 ns, At safepoint: 75630053 ns, Total: 75638453 ns
[109.111s][info ][safepoint      ] Safepoint "Cleanup", Time since last: 1000091077 ns, Reaching safepoint: 6000 ns, Cleanup: 11100 ns, At safepoint: 2000 ns, Total: 19100 ns
[110.111s][info ][safepoint      ] Safepoint "Cleanup", Time since last: 1000120876 ns, Reaching safepoint: 5900 ns, Cleanup: 33600 ns, At safepoint: 2300 ns, Total: 41800 ns
[111.111s][info ][safepoint      ] Safepoint "Cleanup", Time since last: 1000103677 ns, Reaching safepoint: 5800 ns, Cleanup: 13800 ns, At safepoint: 2200 ns, Total: 21800 ns
[112.111s][info ][safepoint      ] Safepoint "Cleanup", Time since last: 1000102806 ns, Reaching safepoint: 5700 ns, Cleanup: 8200 ns, At safepoint: 1800 ns, Total: 15700 ns
[113.111s][info ][safepoint      ] Safepoint "Cleanup", Time since last: 1000111967 ns, Reaching safepoint: 6200 ns, Cleanup: 23200 ns, At safepoint: 1900 ns, Total: 31300 ns
[114.111s][info ][safepoint      ] Safepoint "Cleanup", Time since last: 1000107368 ns, Reaching safepoint: 5800 ns, Cleanup: 11300 ns, At safepoint: 1800 ns, Total: 18900 ns
[115.112s][info ][safepoint      ] Safepoint "Cleanup", Time since last: 1000110668 ns, Reaching safepoint: 7300 ns, Cleanup: 22500 ns, At safepoint: 2300 ns, Total: 32100 ns
[116.112s][info ][safepoint      ] Safepoint "Cleanup", Time since last: 1000117967 ns, Reaching safepoint: 6600 ns, Cleanup: 8700 ns, At safepoint: 2300 ns, Total: 17600 ns
[117.112s][info ][safepoint      ] Safepoint "Cleanup", Time since last: 1000117068 ns, Reaching safepoint: 6200 ns, Cleanup: 10200 ns, At safepoint: 2100 ns, Total: 18500 ns
[118.112s][info ][safepoint      ] Safepoint "Cleanup", Time since last: 1000122367 ns, Reaching safepoint: 7800 ns, Cleanup: 12700 ns, At safepoint: 2400 ns, Total: 22900 ns
[119.112s][info ][safepoint      ] Safepoint "Cleanup", Time since last: 1000113668 ns, Reaching safepoint: 6100 ns, Cleanup: 11700 ns, At safepoint: 2000 ns, Total: 19800 ns
[121.082s][info ][safepoint      ] Safepoint "Cleanup", Time since last: 1970274862 ns, Reaching safepoint: 81000 ns, Cleanup: 28000 ns, At safepoint: 22200 ns, Total: 131200 ns
[122.083s][info ][safepoint      ] Safepoint "Cleanup", Time since last: 1000128075 ns, Reaching safepoint: 79100 ns, Cleanup: 39300 ns, At safepoint: 6700 ns, Total: 125100 ns
[123.083s][info ][safepoint      ] Safepoint "Cleanup", Time since last: 1000121376 ns, Reaching safepoint: 80500 ns, Cleanup: 19900 ns, At safepoint: 6500 ns, Total: 106900 ns
[124.083s][info ][safepoint      ] Safepoint "Cleanup", Time since last: 1000144776 ns, Reaching safepoint: 79100 ns, Cleanup: 17800 ns, At safepoint: 6000 ns, Total: 102900 ns
[125.083s][info ][safepoint      ] Safepoint "Cleanup", Time since last: 1000122776 ns, Reaching safepoint: 79300 ns, Cleanup: 16000 ns, At safepoint: 6800 ns, Total: 102100 ns
[126.084s][info ][safepoint      ] Safepoint "Cleanup", Time since last: 1000125076 ns, Reaching safepoint: 80000 ns, Cleanup: 10100 ns, At safepoint: 5700 ns, Total: 95800 ns
[127.084s][info ][safepoint      ] Safepoint "Cleanup", Time since last: 1000123676 ns, Reaching safepoint: 80300 ns, Cleanup: 17900 ns, At safepoint: 6800 ns, Total: 105000 ns
[128.084s][info ][safepoint      ] Safepoint "Cleanup", Time since last: 1000127775 ns, Reaching safepoint: 79500 ns, Cleanup: 15100 ns, At safepoint: 6800 ns, Total: 101400 ns
[129.084s][info ][safepoint      ] Safepoint "Cleanup", Time since last: 1000121272 ns, Reaching safepoint: 79700 ns, Cleanup: 11600 ns, At safepoint: 6200 ns, Total: 97500 ns
[130.085s][info ][safepoint      ] Safepoint "Cleanup", Time since last: 1000114372 ns, Reaching safepoint: 74800 ns, Cleanup: 9000 ns, At safepoint: 5000 ns, Total: 88800 ns
[131.085s][info ][safepoint      ] Safepoint "Cleanup", Time since last: 1000119572 ns, Reaching safepoint: 79800 ns, Cleanup: 34100 ns, At safepoint: 6400 ns, Total: 120300 ns
[132.085s][info ][safepoint      ] Safepoint "Cleanup", Time since last: 1000118472 ns, Reaching safepoint: 81000 ns, Cleanup: 46800 ns, At safepoint: 6500 ns, Total: 134300 ns
[133.085s][info ][safepoint      ] Safepoint "Cleanup", Time since last: 1000093472 ns, Reaching safepoint: 79100 ns, Cleanup: 9400 ns, At safepoint: 7000 ns, Total: 95500 ns
[134.085s][info ][safepoint      ] Safepoint "Cleanup", Time since last: 1000121372 ns, Reaching safepoint: 80000 ns, Cleanup: 16200 ns, At safepoint: 6400 ns, Total: 102600 ns
[135.086s][info ][safepoint      ] Safepoint "Cleanup", Time since last: 1000118372 ns, Reaching safepoint: 5900 ns, Cleanup: 21600 ns, At safepoint: 2200 ns, Total: 29700 ns
[136.086s][info ][safepoint      ] Safepoint "Cleanup", Time since last: 1000120773 ns, Reaching safepoint: 81900 ns, Cleanup: 10800 ns, At safepoint: 7200 ns, Total: 99900 ns
[137.086s][info ][safepoint      ] Safepoint "Cleanup", Time since last: 1000116379 ns, Reaching safepoint: 5300 ns, Cleanup: 10600 ns, At safepoint: 1700 ns, Total: 17600 ns
[138.086s][info ][safepoint      ] Safepoint "Cleanup", Time since last: 1000150578 ns, Reaching safepoint: 83500 ns, Cleanup: 11500 ns, At safepoint: 8700 ns, Total: 103700 ns
[139.086s][info ][safepoint      ] Safepoint "Cleanup", Time since last: 1000124778 ns, Reaching safepoint: 5400 ns, Cleanup: 8000 ns, At safepoint: 1700 ns, Total: 15100 ns
[140.086s][info ][safepoint      ] Safepoint "Cleanup", Time since last: 1000105079 ns, Reaching safepoint: 5400 ns, Cleanup: 13900 ns, At safepoint: 1700 ns, Total: 21000 ns
[141.087s][info ][safepoint      ] Safepoint "Cleanup", Time since last: 1000102078 ns, Reaching safepoint: 5100 ns, Cleanup: 20700 ns, At safepoint: 1600 ns, Total: 27400 ns
[142.087s][info ][safepoint      ] Safepoint "Cleanup", Time since last: 1000108678 ns, Reaching safepoint: 5600 ns, Cleanup: 50400 ns, At safepoint: 1800 ns, Total: 57800 ns
[143.087s][info ][safepoint      ] Safepoint "Cleanup", Time since last: 1000108579 ns, Reaching safepoint: 5100 ns, Cleanup: 34700 ns, At safepoint: 1700 ns, Total: 41500 ns
[144.087s][info ][safepoint      ] Safepoint "Cleanup", Time since last: 1000130680 ns, Reaching safepoint: 5100 ns, Cleanup: 24700 ns, At safepoint: 1600 ns, Total: 31400 ns
[146.087s][info ][safepoint      ] Safepoint "Cleanup", Time since last: 2000183068 ns, Reaching safepoint: 4800 ns, Cleanup: 6400 ns, At safepoint: 1900 ns, Total: 13100 ns
[148.087s][info ][safepoint      ] Safepoint "Cleanup", Time since last: 2000170769 ns, Reaching safepoint: 5800 ns, Cleanup: 8100 ns, At safepoint: 1700 ns, Total: 15600 ns
[149.088s][info ][safepoint      ] Safepoint "Cleanup", Time since last: 1000124485 ns, Reaching safepoint: 89700 ns, Cleanup: 24000 ns, At safepoint: 12500 ns, Total: 126200 ns
[150.088s][info ][safepoint      ] Safepoint "Cleanup", Time since last: 1000109584 ns, Reaching safepoint: 5500 ns, Cleanup: 21600 ns, At safepoint: 2000 ns, Total: 29100 ns
[150.984s][info ][gc,start       ] GC(12) Pause Young (Allocation Failure)
[151.018s][debug][gc,phases      ] GC(12) Scavenge 34.539ms
[151.019s][debug][gc,ref         ] GC(12) ReferenceProcessor::execute queues: 1, RefProcThreadModel::Single, marks_oops_alive: false
[151.019s][debug][gc,ref         ] GC(12) Skipped KeepAliveFinalRefsPhase of Reference Processing: no references
[151.019s][debug][gc,ref         ] GC(12) ReferenceProcessor::execute queues: 1, RefProcThreadModel::Single, marks_oops_alive: false
[151.019s][debug][gc,phases      ] GC(12) Reference Processing 0.106ms
[151.019s][debug][gc,phases      ] GC(12)   VM Weak                        Min:  0.0, Avg:  0.0, Max:  0.0, Diff:  0.0, Sum:  0.0, Workers: 4
[151.019s][debug][gc,phases      ] GC(12)     Dead                           Min: 0, Avg:  0.0, Max: 0, Diff: 0, Sum: 0, Workers: 4
[151.019s][debug][gc,phases      ] GC(12)     Total                          Min: 0, Avg: 225.0, Max: 832, Diff: 832, Sum: 900, Workers: 4
[151.019s][debug][gc,phases      ] GC(12)   ObjectSynchronizer Weak        Min:  0.0, Avg:  0.0, Max:  0.0, Diff:  0.0, Sum:  0.0, Workers: 4
[151.019s][debug][gc,phases      ] GC(12)     Dead                           Min: 0, Avg:  0.0, Max: 0, Diff: 0, Sum: 0, Workers: 4
[151.019s][debug][gc,phases      ] GC(12)     Total                          Min: 0, Avg:  1.0, Max: 4, Diff: 4, Sum: 4, Workers: 4
[151.019s][debug][gc,phases      ] GC(12)   JVMTI Tag Weak OopStorage      Min:  0.0, Avg:  0.0, Max:  0.0, Diff:  0.0, Sum:  0.0, Workers: 4
[151.019s][debug][gc,phases      ] GC(12)     Dead                           Min: 0, Avg:  0.0, Max: 0, Diff: 0, Sum: 0, Workers: 4
[151.019s][debug][gc,phases      ] GC(12)     Total                          Min: 0, Avg:  0.0, Max: 0, Diff: 0, Sum: 0, Workers: 4
[151.019s][debug][gc,phases      ] GC(12)   StringTable Weak               Min:  0.0, Avg:  0.1, Max:  0.2, Diff:  0.2, Sum:  0.5, Workers: 4
[151.019s][debug][gc,phases      ] GC(12)     Dead                           Min: 0, Avg:  0.2, Max: 1, Diff: 1, Sum: 1, Workers: 4
[151.019s][debug][gc,phases      ] GC(12)     Total                          Min: 0, Avg: 11398.0, Max: 15320, Diff: 15320, Sum: 45592, Workers: 4
[151.019s][debug][gc,phases      ] GC(12)   ResolvedMethodTable Weak       Min:  0.0, Avg:  0.0, Max:  0.1, Diff:  0.1, Sum:  0.2, Workers: 4
[151.019s][debug][gc,phases      ] GC(12)     Dead                           Min: 0, Avg:  5.0, Max: 20, Diff: 20, Sum: 20, Workers: 4
[151.019s][debug][gc,phases      ] GC(12)     Total                          Min: 0, Avg: 3630.2, Max: 4924, Diff: 4924, Sum: 14521, Workers: 4
[151.019s][debug][gc,phases      ] GC(12)   JNI Weak                       Min:  0.0, Avg:  0.0, Max:  0.0, Diff:  0.0, Sum:  0.0, Workers: 4
[151.019s][debug][gc,phases      ] GC(12)     Dead                           Min: 0, Avg:  0.0, Max: 0, Diff: 0, Sum: 0, Workers: 4
[151.019s][debug][gc,phases      ] GC(12)     Total                          Min: 0, Avg: 13.0, Max: 52, Diff: 52, Sum: 52, Workers: 4
[151.019s][debug][gc,phases      ] GC(12)   StringDedup Table Weak         Min:  0.0, Avg:  0.0, Max:  0.0, Diff:  0.0, Sum:  0.0, Workers: 4
[151.019s][debug][gc,phases      ] GC(12)     Dead                           Min: 0, Avg:  0.0, Max: 0, Diff: 0, Sum: 0, Workers: 4
[151.019s][debug][gc,phases      ] GC(12)     Total                          Min: 0, Avg:  0.0, Max: 0, Diff: 0, Sum: 0, Workers: 4
[151.019s][debug][gc,phases      ] GC(12)   StringDedup Requests0 Weak     Min:  0.0, Avg:  0.0, Max:  0.0, Diff:  0.0, Sum:  0.0, Workers: 4
[151.019s][debug][gc,phases      ] GC(12)     Dead                           Min: 0, Avg:  0.0, Max: 0, Diff: 0, Sum: 0, Workers: 4
[151.019s][debug][gc,phases      ] GC(12)     Total                          Min: 0, Avg:  0.0, Max: 0, Diff: 0, Sum: 0, Workers: 4
[151.019s][debug][gc,phases      ] GC(12)   StringDedup Requests1 Weak     Min:  0.0, Avg:  0.0, Max:  0.0, Diff:  0.0, Sum:  0.0, Workers: 4
[151.019s][debug][gc,phases      ] GC(12)     Dead                           Min: 0, Avg:  0.0, Max: 0, Diff: 0, Sum: 0, Workers: 4
[151.019s][debug][gc,phases      ] GC(12)     Total                          Min: 0, Avg:  0.0, Max: 0, Diff: 0, Sum: 0, Workers: 4
[151.019s][debug][gc,phases      ] GC(12)   Weak JFR Old Object Samples    Min:  0.0, Avg:  0.0, Max:  0.0, Diff:  0.0, Sum:  0.0, Workers: 4
[151.019s][debug][gc,phases      ] GC(12)     Dead                           Min: 0, Avg:  0.0, Max: 0, Diff: 0, Sum: 0, Workers: 4
[151.019s][debug][gc,phases      ] GC(12)     Total                          Min: 0, Avg:  0.0, Max: 0, Diff: 0, Sum: 0, Workers: 4
[151.019s][debug][gc,phases      ] GC(12) Weak Processing 0.399ms
[151.019s][debug][gc,age         ] GC(12) Desired survivor size 267911168 bytes, new threshold 2 (max threshold 15)
[151.019s][info ][gc,heap        ] GC(12) PSYoungGen: 1656048K(1840640K)->10912K(1832960K) Eden: 1576448K(1576448K)->0K(1576448K) From: 79600K(264192K)->10912K(256512K)
[151.019s][info ][gc,heap        ] GC(12) ParOldGen: 155321K(155648K)->230318K(230400K)
[151.019s][info ][gc,metaspace   ] GC(12) Metaspace: 103434K(104704K)->103434K(104704K) NonClass: 87664K(88384K)->87664K(88384K) Class: 15769K(16320K)->15769K(16320K)
[151.019s][info ][gc             ] GC(12) Pause Young (Allocation Failure) 1768M->235M(2015M) 35.155ms
[151.019s][info ][gc,cpu         ] GC(12) User=0.09s Sys=0.04s Real=0.03s
[151.019s][info ][safepoint      ] Safepoint "ParallelGCFailedAllocation", Time since last: 896024638 ns, Reaching safepoint: 5300 ns, Cleanup: 13600 ns, At safepoint: 35246882 ns, Total: 35265782 ns
[152.019s][info ][safepoint      ] Safepoint "Cleanup", Time since last: 1000088885 ns, Reaching safepoint: 6400 ns, Cleanup: 11800 ns, At safepoint: 2200 ns, Total: 20400 ns
[153.019s][info ][safepoint      ] Safepoint "Cleanup", Time since last: 1000113086 ns, Reaching safepoint: 6700 ns, Cleanup: 13500 ns, At safepoint: 2000 ns, Total: 22200 ns
[154.020s][info ][safepoint      ] Safepoint "Cleanup", Time since last: 1000112387 ns, Reaching safepoint: 6200 ns, Cleanup: 9300 ns, At safepoint: 2000 ns, Total: 17500 ns
[155.020s][info ][safepoint      ] Safepoint "Cleanup", Time since last: 1000124486 ns, Reaching safepoint: 5600 ns, Cleanup: 7000 ns, At safepoint: 1700 ns, Total: 14300 ns
[157.020s][info ][safepoint      ] Safepoint "Cleanup", Time since last: 2000178574 ns, Reaching safepoint: 6600 ns, Cleanup: 12100 ns, At safepoint: 2200 ns, Total: 20900 ns
[158.020s][info ][safepoint      ] Safepoint "Cleanup", Time since last: 1000117886 ns, Reaching safepoint: 7800 ns, Cleanup: 14200 ns, At safepoint: 2200 ns, Total: 24200 ns
[159.020s][info ][safepoint      ] Safepoint "Cleanup", Time since last: 1000130187 ns, Reaching safepoint: 6100 ns, Cleanup: 23700 ns, At safepoint: 1800 ns, Total: 31600 ns
[161.020s][info ][safepoint      ] Safepoint "Cleanup", Time since last: 2000179968 ns, Reaching safepoint: 6400 ns, Cleanup: 11100 ns, At safepoint: 2300 ns, Total: 19800 ns
[161.088s][info ][gc,start       ] GC(13) Pause Young (CodeCache GC Threshold)
[161.093s][debug][gc,phases      ] GC(13) Scavenge 5.661ms
[161.093s][debug][gc,ref         ] GC(13) ReferenceProcessor::execute queues: 1, RefProcThreadModel::Single, marks_oops_alive: false
[161.093s][debug][gc,ref         ] GC(13) Skipped KeepAliveFinalRefsPhase of Reference Processing: no references
[161.093s][debug][gc,ref         ] GC(13) ReferenceProcessor::execute queues: 1, RefProcThreadModel::Single, marks_oops_alive: false
[161.093s][debug][gc,phases      ] GC(13) Reference Processing 0.100ms
[161.094s][debug][gc,phases      ] GC(13)   VM Weak                        Min:  0.0, Avg:  0.0, Max:  0.0, Diff:  0.0, Sum:  0.0, Workers: 4
[161.094s][debug][gc,phases      ] GC(13)     Dead                           Min: 0, Avg:  0.0, Max: 0, Diff: 0, Sum: 0, Workers: 4
[161.094s][debug][gc,phases      ] GC(13)     Total                          Min: 0, Avg: 225.0, Max: 512, Diff: 512, Sum: 900, Workers: 4
[161.094s][debug][gc,phases      ] GC(13)   ObjectSynchronizer Weak        Min:  0.0, Avg:  0.0, Max:  0.0, Diff:  0.0, Sum:  0.0, Workers: 4
[161.094s][debug][gc,phases      ] GC(13)     Dead                           Min: 0, Avg:  0.0, Max: 0, Diff: 0, Sum: 0, Workers: 4
[161.094s][debug][gc,phases      ] GC(13)     Total                          Min: 0, Avg:  1.0, Max: 4, Diff: 4, Sum: 4, Workers: 4
[161.094s][debug][gc,phases      ] GC(13)   JVMTI Tag Weak OopStorage      Min:  0.0, Avg:  0.0, Max:  0.0, Diff:  0.0, Sum:  0.0, Workers: 4
[161.094s][debug][gc,phases      ] GC(13)     Dead                           Min: 0, Avg:  0.0, Max: 0, Diff: 0, Sum: 0, Workers: 4
[161.094s][debug][gc,phases      ] GC(13)     Total                          Min: 0, Avg:  0.0, Max: 0, Diff: 0, Sum: 0, Workers: 4
[161.094s][debug][gc,phases      ] GC(13)   StringTable Weak               Min:  0.0, Avg:  0.1, Max:  0.1, Diff:  0.1, Sum:  0.4, Workers: 4
[161.094s][debug][gc,phases      ] GC(13)     Dead                           Min: 0, Avg:  0.0, Max: 0, Diff: 0, Sum: 0, Workers: 4
[161.094s][debug][gc,phases      ] GC(13)     Total                          Min: 0, Avg: 11400.5, Max: 19810, Diff: 19810, Sum: 45602, Workers: 4
[161.094s][debug][gc,phases      ] GC(13)   ResolvedMethodTable Weak       Min:  0.0, Avg:  0.0, Max:  0.0, Diff:  0.0, Sum:  0.1, Workers: 4
[161.094s][debug][gc,phases      ] GC(13)     Dead                           Min: 0, Avg:  0.0, Max: 0, Diff: 0, Sum: 0, Workers: 4
[161.094s][debug][gc,phases      ] GC(13)     Total                          Min: 0, Avg: 3630.2, Max: 6164, Diff: 6164, Sum: 14521, Workers: 4
[161.094s][debug][gc,phases      ] GC(13)   JNI Weak                       Min:  0.0, Avg:  0.0, Max:  0.0, Diff:  0.0, Sum:  0.0, Workers: 4
[161.094s][debug][gc,phases      ] GC(13)     Dead                           Min: 0, Avg:  0.0, Max: 0, Diff: 0, Sum: 0, Workers: 4
[161.094s][debug][gc,phases      ] GC(13)     Total                          Min: 0, Avg: 13.0, Max: 52, Diff: 52, Sum: 52, Workers: 4
[161.094s][debug][gc,phases      ] GC(13)   StringDedup Table Weak         Min:  0.0, Avg:  0.0, Max:  0.0, Diff:  0.0, Sum:  0.0, Workers: 4
[161.094s][debug][gc,phases      ] GC(13)     Dead                           Min: 0, Avg:  0.0, Max: 0, Diff: 0, Sum: 0, Workers: 4
[161.094s][debug][gc,phases      ] GC(13)     Total                          Min: 0, Avg:  0.0, Max: 0, Diff: 0, Sum: 0, Workers: 4
[161.094s][debug][gc,phases      ] GC(13)   StringDedup Requests0 Weak     Min:  0.0, Avg:  0.0, Max:  0.0, Diff:  0.0, Sum:  0.0, Workers: 4
[161.094s][debug][gc,phases      ] GC(13)     Dead                           Min: 0, Avg:  0.0, Max: 0, Diff: 0, Sum: 0, Workers: 4
[161.094s][debug][gc,phases      ] GC(13)     Total                          Min: 0, Avg:  0.0, Max: 0, Diff: 0, Sum: 0, Workers: 4
[161.094s][debug][gc,phases      ] GC(13)   StringDedup Requests1 Weak     Min:  0.0, Avg:  0.0, Max:  0.0, Diff:  0.0, Sum:  0.0, Workers: 4
[161.094s][debug][gc,phases      ] GC(13)     Dead                           Min: 0, Avg:  0.0, Max: 0, Diff: 0, Sum: 0, Workers: 4
[161.094s][debug][gc,phases      ] GC(13)     Total                          Min: 0, Avg:  0.0, Max: 0, Diff: 0, Sum: 0, Workers: 4
[161.094s][debug][gc,phases      ] GC(13)   Weak JFR Old Object Samples    Min:  0.0, Avg:  0.0, Max:  0.0, Diff:  0.0, Sum:  0.0, Workers: 4
[161.094s][debug][gc,phases      ] GC(13)     Dead                           Min: 0, Avg:  0.0, Max: 0, Diff: 0, Sum: 0, Workers: 4
[161.094s][debug][gc,phases      ] GC(13)     Total                          Min: 0, Avg:  0.0, Max: 0, Diff: 0, Sum: 0, Workers: 4
[161.094s][debug][gc,phases      ] GC(13) Weak Processing 0.371ms
[161.094s][debug][gc,age         ] GC(13) Desired survivor size 270532608 bytes, new threshold 1 (max threshold 15)
[161.094s][info ][gc,heap        ] GC(13) PSYoungGen: 410362K(1832960K)->3585K(1830400K) Eden: 399449K(1576448K)->0K(1568768K) From: 10912K(256512K)->3585K(261632K)
[161.094s][info ][gc,heap        ] GC(13) ParOldGen: 230318K(230400K)->238178K(238592K)
[161.094s][info ][gc,metaspace   ] GC(13) Metaspace: 103450K(104704K)->103450K(104704K) NonClass: 87680K(88384K)->87680K(88384K) Class: 15769K(16320K)->15769K(16320K)
[161.094s][info ][gc             ] GC(13) Pause Young (CodeCache GC Threshold) 625M->236M(2020M) 6.242ms
[161.094s][info ][gc,cpu         ] GC(13) User=0.01s Sys=0.00s Real=0.01s
[161.094s][debug][gc,phases      ] GC(14) Pre Compact 0.007ms
[161.094s][info ][gc,start       ] GC(14) Pause Full (CodeCache GC Threshold)
[161.094s][info ][gc,phases,start] GC(14) Marking Phase
[161.174s][debug][gc,phases      ] GC(14) Par Mark 80.090ms
[161.174s][debug][gc,ref         ] GC(14) ReferenceProcessor::execute queues: 4, RefProcThreadModel::Multi, marks_oops_alive: false
[161.175s][debug][gc,ref         ] GC(14) Skipped KeepAliveFinalRefsPhase of Reference Processing: no references
[161.175s][debug][gc,ref         ] GC(14) ReferenceProcessor::execute queues: 1, RefProcThreadModel::Single, marks_oops_alive: false
[161.175s][debug][gc,phases      ] GC(14) Reference Processing 0.541ms
[161.175s][debug][gc,phases      ] GC(14)   VM Weak                        Min:  0.0, Avg:  0.0, Max:  0.0, Diff:  0.0, Sum:  0.0, Workers: 4
[161.175s][debug][gc,phases      ] GC(14)     Dead                           Min: 0, Avg:  0.0, Max: 0, Diff: 0, Sum: 0, Workers: 4
[161.175s][debug][gc,phases      ] GC(14)     Total                          Min: 64, Avg: 225.0, Max: 384, Diff: 320, Sum: 900, Workers: 4
[161.175s][debug][gc,phases      ] GC(14)   ObjectSynchronizer Weak        Min:  0.0, Avg:  0.0, Max:  0.0, Diff:  0.0, Sum:  0.0, Workers: 4
[161.175s][debug][gc,phases      ] GC(14)     Dead                           Min: 0, Avg:  0.0, Max: 0, Diff: 0, Sum: 0, Workers: 4
[161.175s][debug][gc,phases      ] GC(14)     Total                          Min: 0, Avg:  1.0, Max: 4, Diff: 4, Sum: 4, Workers: 4
[161.175s][debug][gc,phases      ] GC(14)   JVMTI Tag Weak OopStorage      Min:  0.0, Avg:  0.0, Max:  0.0, Diff:  0.0, Sum:  0.0, Workers: 4
[161.175s][debug][gc,phases      ] GC(14)     Dead                           Min: 0, Avg:  0.0, Max: 0, Diff: 0, Sum: 0, Workers: 4
[161.175s][debug][gc,phases      ] GC(14)     Total                          Min: 0, Avg:  0.0, Max: 0, Diff: 0, Sum: 0, Workers: 4
[161.175s][debug][gc,phases      ] GC(14)   StringTable Weak               Min:  0.2, Avg:  0.2, Max:  0.2, Diff:  0.0, Sum:  0.7, Workers: 4
[161.175s][debug][gc,phases      ] GC(14)     Dead                           Min: 0, Avg:  0.0, Max: 0, Diff: 0, Sum: 0, Workers: 4
[161.175s][debug][gc,phases      ] GC(14)     Total                          Min: 11170, Avg: 11400.5, Max: 11712, Diff: 542, Sum: 45602, Workers: 4
[161.175s][debug][gc,phases      ] GC(14)   ResolvedMethodTable Weak       Min:  0.0, Avg:  0.0, Max:  0.0, Diff:  0.0, Sum:  0.2, Workers: 4
[161.175s][debug][gc,phases      ] GC(14)     Dead                           Min: 0, Avg:  0.0, Max: 0, Diff: 0, Sum: 0, Workers: 4
[161.175s][debug][gc,phases      ] GC(14)     Total                          Min: 3517, Avg: 3630.2, Max: 3811, Diff: 294, Sum: 14521, Workers: 4
[161.175s][debug][gc,phases      ] GC(14)   JNI Weak                       Min:  0.0, Avg:  0.0, Max:  0.0, Diff:  0.0, Sum:  0.0, Workers: 4
[161.175s][debug][gc,phases      ] GC(14)     Dead                           Min: 0, Avg:  0.0, Max: 0, Diff: 0, Sum: 0, Workers: 4
[161.175s][debug][gc,phases      ] GC(14)     Total                          Min: 0, Avg: 13.0, Max: 52, Diff: 52, Sum: 52, Workers: 4
[161.175s][debug][gc,phases      ] GC(14)   StringDedup Table Weak         Min:  0.0, Avg:  0.0, Max:  0.0, Diff:  0.0, Sum:  0.0, Workers: 4
[161.175s][debug][gc,phases      ] GC(14)     Dead                           Min: 0, Avg:  0.0, Max: 0, Diff: 0, Sum: 0, Workers: 4
[161.175s][debug][gc,phases      ] GC(14)     Total                          Min: 0, Avg:  0.0, Max: 0, Diff: 0, Sum: 0, Workers: 4
[161.175s][debug][gc,phases      ] GC(14)   StringDedup Requests0 Weak     Min:  0.0, Avg:  0.0, Max:  0.0, Diff:  0.0, Sum:  0.0, Workers: 4
[161.175s][debug][gc,phases      ] GC(14)     Dead                           Min: 0, Avg:  0.0, Max: 0, Diff: 0, Sum: 0, Workers: 4
[161.175s][debug][gc,phases      ] GC(14)     Total                          Min: 0, Avg:  0.0, Max: 0, Diff: 0, Sum: 0, Workers: 4
[161.175s][debug][gc,phases      ] GC(14)   StringDedup Requests1 Weak     Min:  0.0, Avg:  0.0, Max:  0.0, Diff:  0.0, Sum:  0.0, Workers: 4
[161.175s][debug][gc,phases      ] GC(14)     Dead                           Min: 0, Avg:  0.0, Max: 0, Diff: 0, Sum: 0, Workers: 4
[161.175s][debug][gc,phases      ] GC(14)     Total                          Min: 0, Avg:  0.0, Max: 0, Diff: 0, Sum: 0, Workers: 4
[161.175s][debug][gc,phases      ] GC(14)   Weak JFR Old Object Samples    Min:  0.0, Avg:  0.0, Max:  0.0, Diff:  0.0, Sum:  0.0, Workers: 4
[161.175s][debug][gc,phases      ] GC(14)     Dead                           Min: 0, Avg:  0.0, Max: 0, Diff: 0, Sum: 0, Workers: 4
[161.175s][debug][gc,phases      ] GC(14)     Total                          Min: 0, Avg:  0.0, Max: 0, Diff: 0, Sum: 0, Workers: 4
[161.175s][debug][gc,phases      ] GC(14) Weak Processing 0.383ms
[161.175s][debug][gc,phases      ] GC(14) ClassLoaderData 0.112ms
[161.175s][debug][gc,phases      ] GC(14) Trigger cleanups 0.000ms
[161.218s][debug][gc,phases      ] GC(14) Purge Unlinked NMethods 1.775ms
[161.218s][debug][gc,phases      ] GC(14) Unregister NMethods 0.002ms
[161.218s][debug][gc,phases      ] GC(14) Free Code Blobs 0.285ms
[161.218s][debug][gc,phases      ] GC(14) Class Unloading 43.174ms
[161.218s][debug][gc,phases      ] GC(14) Report Object Count 0.001ms
[161.218s][info ][gc,phases      ] GC(14) Marking Phase 124.248ms
[161.218s][info ][gc,phases,start] GC(14) Summary Phase
[161.218s][info ][gc,phases      ] GC(14) Summary Phase 0.014ms
[161.218s][info ][gc,phases,start] GC(14) Adjust Roots
[161.244s][info ][gc,phases      ] GC(14) Adjust Roots 26.106ms
[161.244s][info ][gc,phases,start] GC(14) Compaction Phase
[161.489s][info ][gc,phases      ] GC(14) Compaction Phase 245.098ms
[161.489s][info ][gc,phases,start] GC(14) Post Compact
[161.491s][debug][gc,phases      ] GC(14) Purge Class Loader Data 0.322ms
[161.491s][info ][gc,phases      ] GC(14) Post Compact 1.405ms
[161.491s][info ][gc,heap        ] GC(14) PSYoungGen: 3585K(1830400K)->0K(1830400K) Eden: 0K(1568768K)->0K(1568768K) From: 3585K(261632K)->0K(261632K)
[161.491s][info ][gc,heap        ] GC(14) ParOldGen: 238178K(238592K)->232112K(238592K)
[161.491s][info ][gc,metaspace   ] GC(14) Metaspace: 103450K(104704K)->103450K(104704K) NonClass: 87680K(88384K)->87680K(88384K) Class: 15769K(16320K)->15769K(16320K)
[161.491s][info ][gc             ] GC(14) Pause Full (CodeCache GC Threshold) 236M->226M(2020M) 396.985ms
[161.491s][info ][gc,cpu         ] GC(14) User=1.28s Sys=0.02s Real=0.39s
[161.491s][info ][safepoint      ] Safepoint "ParallelGCSystemGC", Time since last: 67129366 ns, Reaching safepoint: 80400 ns, Cleanup: 3900 ns, At safepoint: 403348691 ns, Total: 403432991 ns
[162.491s][info ][safepoint      ] Safepoint "Cleanup", Time since last: 1000091182 ns, Reaching safepoint: 6600 ns, Cleanup: 97300 ns, At safepoint: 2800 ns, Total: 106700 ns
[163.491s][info ][safepoint      ] Safepoint "Cleanup", Time since last: 1000115283 ns, Reaching safepoint: 5200 ns, Cleanup: 11200 ns, At safepoint: 2100 ns, Total: 18500 ns
[164.491s][info ][safepoint      ] Safepoint "Cleanup", Time since last: 1000118782 ns, Reaching safepoint: 5400 ns, Cleanup: 9500 ns, At safepoint: 2000 ns, Total: 16900 ns
[165.491s][info ][safepoint      ] Safepoint "Cleanup", Time since last: 1000109883 ns, Reaching safepoint: 6000 ns, Cleanup: 8700 ns, At safepoint: 1600 ns, Total: 16300 ns
[166.492s][info ][safepoint      ] Safepoint "Cleanup", Time since last: 1000111382 ns, Reaching safepoint: 5500 ns, Cleanup: 10100 ns, At safepoint: 2100 ns, Total: 17700 ns
[167.492s][info ][safepoint      ] Safepoint "Cleanup", Time since last: 1000105982 ns, Reaching safepoint: 5800 ns, Cleanup: 11800 ns, At safepoint: 1900 ns, Total: 19500 ns
[168.492s][info ][safepoint      ] Safepoint "Cleanup", Time since last: 1000099383 ns, Reaching safepoint: 76300 ns, Cleanup: 13100 ns, At safepoint: 4700 ns, Total: 94100 ns
[169.492s][info ][safepoint      ] Safepoint "Cleanup", Time since last: 1000105383 ns, Reaching safepoint: 4500 ns, Cleanup: 39400 ns, At safepoint: 2500 ns, Total: 46400 ns
[170.492s][info ][safepoint      ] Safepoint "Cleanup", Time since last: 1000109382 ns, Reaching safepoint: 5600 ns, Cleanup: 9400 ns, At safepoint: 1900 ns, Total: 16900 ns
[171.492s][info ][safepoint      ] Safepoint "Cleanup", Time since last: 1000103383 ns, Reaching safepoint: 4700 ns, Cleanup: 9100 ns, At safepoint: 1900 ns, Total: 15700 ns
[172.492s][info ][safepoint      ] Safepoint "Cleanup", Time since last: 1000110183 ns, Reaching safepoint: 5500 ns, Cleanup: 11300 ns, At safepoint: 1800 ns, Total: 18600 ns
[173.493s][info ][safepoint      ] Safepoint "Cleanup", Time since last: 1000102283 ns, Reaching safepoint: 5200 ns, Cleanup: 8000 ns, At safepoint: 1900 ns, Total: 15100 ns
[174.493s][info ][safepoint      ] Safepoint "Cleanup", Time since last: 1000103582 ns, Reaching safepoint: 5400 ns, Cleanup: 15500 ns, At safepoint: 1700 ns, Total: 22600 ns
[176.493s][info ][safepoint      ] Safepoint "Cleanup", Time since last: 2000177068 ns, Reaching safepoint: 5100 ns, Cleanup: 9000 ns, At safepoint: 1900 ns, Total: 16000 ns
[177.493s][info ][safepoint      ] Safepoint "Cleanup", Time since last: 1000110187 ns, Reaching safepoint: 5800 ns, Cleanup: 10000 ns, At safepoint: 2200 ns, Total: 18000 ns
[178.493s][info ][safepoint      ] Safepoint "Cleanup", Time since last: 1000124487 ns, Reaching safepoint: 5700 ns, Cleanup: 8800 ns, At safepoint: 2100 ns, Total: 16600 ns
[179.493s][info ][safepoint      ] Safepoint "Cleanup", Time since last: 1000118786 ns, Reaching safepoint: 5400 ns, Cleanup: 11600 ns, At safepoint: 2300 ns, Total: 19300 ns
[181.102s][info ][safepoint      ] Safepoint "Cleanup", Time since last: 1608163575 ns, Reaching safepoint: 5300 ns, Cleanup: 15000 ns, At safepoint: 1800 ns, Total: 22100 ns
[182.102s][info ][safepoint      ] Safepoint "Cleanup", Time since last: 1000103287 ns, Reaching safepoint: 5600 ns, Cleanup: 9700 ns, At safepoint: 2100 ns, Total: 17400 ns
[183.102s][info ][safepoint      ] Safepoint "Cleanup", Time since last: 1000121386 ns, Reaching safepoint: 5400 ns, Cleanup: 10900 ns, At safepoint: 2100 ns, Total: 18400 ns
[184.102s][info ][safepoint      ] Safepoint "Cleanup", Time since last: 1000107586 ns, Reaching safepoint: 5600 ns, Cleanup: 38400 ns, At safepoint: 1900 ns, Total: 45900 ns
[185.102s][info ][safepoint      ] Safepoint "Cleanup", Time since last: 1000105384 ns, Reaching safepoint: 5700 ns, Cleanup: 16500 ns, At safepoint: 2200 ns, Total: 24400 ns
[186.102s][info ][safepoint      ] Safepoint "Cleanup", Time since last: 1000136084 ns, Reaching safepoint: 5200 ns, Cleanup: 6500 ns, At safepoint: 2200 ns, Total: 13900 ns
[187.102s][info ][safepoint      ] Safepoint "Cleanup", Time since last: 1000105584 ns, Reaching safepoint: 5700 ns, Cleanup: 9300 ns, At safepoint: 1500 ns, Total: 16500 ns
[189.103s][info ][safepoint      ] Safepoint "Cleanup", Time since last: 2000172169 ns, Reaching safepoint: 5600 ns, Cleanup: 10299 ns, At safepoint: 1800 ns, Total: 17699 ns
[190.103s][info ][safepoint      ] Safepoint "Cleanup", Time since last: 1000105485 ns, Reaching safepoint: 5500 ns, Cleanup: 15800 ns, At safepoint: 1600 ns, Total: 22900 ns
[191.103s][info ][safepoint      ] Safepoint "Cleanup", Time since last: 1000107384 ns, Reaching safepoint: 5800 ns, Cleanup: 18800 ns, At safepoint: 1900 ns, Total: 26500 ns
[192.103s][info ][safepoint      ] Safepoint "Cleanup", Time since last: 1000110873 ns, Reaching safepoint: 6000 ns, Cleanup: 10100 ns, At safepoint: 2300 ns, Total: 18400 ns
[193.103s][info ][safepoint      ] Safepoint "Cleanup", Time since last: 1000111533 ns, Reaching safepoint: 5000 ns, Cleanup: 10400 ns, At safepoint: 2100 ns, Total: 17500 ns
[194.103s][info ][safepoint      ] Safepoint "Cleanup", Time since last: 1000105533 ns, Reaching safepoint: 5700 ns, Cleanup: 22900 ns, At safepoint: 1900 ns, Total: 30500 ns
[195.103s][info ][safepoint      ] Safepoint "Cleanup", Time since last: 1000111233 ns, Reaching safepoint: 5300 ns, Cleanup: 8100 ns, At safepoint: 1500 ns, Total: 14900 ns
[196.103s][info ][safepoint      ] Safepoint "Cleanup", Time since last: 1000113034 ns, Reaching safepoint: 6000 ns, Cleanup: 9800 ns, At safepoint: 2500 ns, Total: 18300 ns
[199.104s][info ][safepoint      ] Safepoint "Cleanup", Time since last: 3000255299 ns, Reaching safepoint: 5900 ns, Cleanup: 9100 ns, At safepoint: 1800 ns, Total: 16800 ns
[200.104s][info ][safepoint      ] Safepoint "Cleanup", Time since last: 1000120836 ns, Reaching safepoint: 5400 ns, Cleanup: 20200 ns, At safepoint: 1800 ns, Total: 27400 ns
[201.104s][info ][safepoint      ] Safepoint "Cleanup", Time since last: 1000114247 ns, Reaching safepoint: 5600 ns, Cleanup: 12400 ns, At safepoint: 1900 ns, Total: 19900 ns
[202.104s][info ][safepoint      ] Safepoint "Cleanup", Time since last: 1000113346 ns, Reaching safepoint: 6400 ns, Cleanup: 23400 ns, At safepoint: 2100 ns, Total: 31900 ns
[202.629s][info ][gc,start       ] GC(15) Pause Young (Allocation Failure)
[202.632s][debug][gc,phases      ] GC(15) Scavenge 2.939ms
[202.632s][debug][gc,ref         ] GC(15) ReferenceProcessor::execute queues: 1, RefProcThreadModel::Single, marks_oops_alive: false
[202.632s][debug][gc,ref         ] GC(15) Skipped KeepAliveFinalRefsPhase of Reference Processing: no references
[202.632s][debug][gc,ref         ] GC(15) ReferenceProcessor::execute queues: 1, RefProcThreadModel::Single, marks_oops_alive: false
[202.632s][debug][gc,phases      ] GC(15) Reference Processing 0.109ms
[202.633s][debug][gc,phases      ] GC(15)   VM Weak                        Min:  0.0, Avg:  0.0, Max:  0.0, Diff:  0.0, Sum:  0.0, Workers: 4
[202.633s][debug][gc,phases      ] GC(15)     Dead                           Min: 0, Avg:  0.0, Max: 0, Diff: 0, Sum: 0, Workers: 4
[202.633s][debug][gc,phases      ] GC(15)     Total                          Min: 0, Avg: 225.0, Max: 448, Diff: 448, Sum: 900, Workers: 4
[202.633s][debug][gc,phases      ] GC(15)   ObjectSynchronizer Weak        Min:  0.0, Avg:  0.0, Max:  0.0, Diff:  0.0, Sum:  0.0, Workers: 4
[202.633s][debug][gc,phases      ] GC(15)     Dead                           Min: 0, Avg:  0.0, Max: 0, Diff: 0, Sum: 0, Workers: 4
[202.633s][debug][gc,phases      ] GC(15)     Total                          Min: 0, Avg:  1.0, Max: 4, Diff: 4, Sum: 4, Workers: 4
[202.633s][debug][gc,phases      ] GC(15)   JVMTI Tag Weak OopStorage      Min:  0.0, Avg:  0.0, Max:  0.0, Diff:  0.0, Sum:  0.0, Workers: 4
[202.633s][debug][gc,phases      ] GC(15)     Dead                           Min: 0, Avg:  0.0, Max: 0, Diff: 0, Sum: 0, Workers: 4
[202.633s][debug][gc,phases      ] GC(15)     Total                          Min: 0, Avg:  0.0, Max: 0, Diff: 0, Sum: 0, Workers: 4
[202.633s][debug][gc,phases      ] GC(15)   StringTable Weak               Min:  0.0, Avg:  0.1, Max:  0.1, Diff:  0.1, Sum:  0.4, Workers: 4
[202.633s][debug][gc,phases      ] GC(15)     Dead                           Min: 0, Avg:  0.0, Max: 0, Diff: 0, Sum: 0, Workers: 4
[202.633s][debug][gc,phases      ] GC(15)     Total                          Min: 0, Avg: 11405.2, Max: 19776, Diff: 19776, Sum: 45621, Workers: 4
[202.633s][debug][gc,phases      ] GC(15)   ResolvedMethodTable Weak       Min:  0.0, Avg:  0.0, Max:  0.0, Diff:  0.0, Sum:  0.1, Workers: 4
[202.633s][debug][gc,phases      ] GC(15)     Dead                           Min: 0, Avg:  4.0, Max: 16, Diff: 16, Sum: 16, Workers: 4
[202.633s][debug][gc,phases      ] GC(15)     Total                          Min: 0, Avg: 3630.2, Max: 6225, Diff: 6225, Sum: 14521, Workers: 4
[202.633s][debug][gc,phases      ] GC(15)   JNI Weak                       Min:  0.0, Avg:  0.0, Max:  0.0, Diff:  0.0, Sum:  0.0, Workers: 4
[202.633s][debug][gc,phases      ] GC(15)     Dead                           Min: 0, Avg:  0.0, Max: 0, Diff: 0, Sum: 0, Workers: 4
[202.633s][debug][gc,phases      ] GC(15)     Total                          Min: 0, Avg: 13.0, Max: 52, Diff: 52, Sum: 52, Workers: 4
[202.633s][debug][gc,phases      ] GC(15)   StringDedup Table Weak         Min:  0.0, Avg:  0.0, Max:  0.0, Diff:  0.0, Sum:  0.0, Workers: 4
[202.633s][debug][gc,phases      ] GC(15)     Dead                           Min: 0, Avg:  0.0, Max: 0, Diff: 0, Sum: 0, Workers: 4
[202.633s][debug][gc,phases      ] GC(15)     Total                          Min: 0, Avg:  0.0, Max: 0, Diff: 0, Sum: 0, Workers: 4
[202.633s][debug][gc,phases      ] GC(15)   StringDedup Requests0 Weak     Min:  0.0, Avg:  0.0, Max:  0.0, Diff:  0.0, Sum:  0.0, Workers: 4
[202.633s][debug][gc,phases      ] GC(15)     Dead                           Min: 0, Avg:  0.0, Max: 0, Diff: 0, Sum: 0, Workers: 4
[202.633s][debug][gc,phases      ] GC(15)     Total                          Min: 0, Avg:  0.0, Max: 0, Diff: 0, Sum: 0, Workers: 4
[202.633s][debug][gc,phases      ] GC(15)   StringDedup Requests1 Weak     Min:  0.0, Avg:  0.0, Max:  0.0, Diff:  0.0, Sum:  0.0, Workers: 4
[202.633s][debug][gc,phases      ] GC(15)     Dead                           Min: 0, Avg:  0.0, Max: 0, Diff: 0, Sum: 0, Workers: 4
[202.633s][debug][gc,phases      ] GC(15)     Total                          Min: 0, Avg:  0.0, Max: 0, Diff: 0, Sum: 0, Workers: 4
[202.633s][debug][gc,phases      ] GC(15)   Weak JFR Old Object Samples    Min:  0.0, Avg:  0.0, Max:  0.0, Diff:  0.0, Sum:  0.0, Workers: 4
[202.633s][debug][gc,phases      ] GC(15)     Dead                           Min: 0, Avg:  0.0, Max: 0, Diff: 0, Sum: 0, Workers: 4
[202.633s][debug][gc,phases      ] GC(15)     Total                          Min: 0, Avg:  0.0, Max: 0, Diff: 0, Sum: 0, Workers: 4
[202.633s][debug][gc,phases      ] GC(15) Weak Processing 0.354ms
[202.633s][debug][gc,age         ] GC(15) Desired survivor size 270532608 bytes, new threshold 1 (max threshold 15)
[202.633s][info ][gc,heap        ] GC(15) PSYoungGen: 1568768K(1830400K)->2864K(1832960K) Eden: 1568768K(1568768K)->0K(1568768K) From: 0K(261632K)->2864K(264192K)
[202.633s][info ][gc,heap        ] GC(15) ParOldGen: 232112K(238592K)->232120K(238592K)
[202.633s][info ][gc,metaspace   ] GC(15) Metaspace: 103555K(104768K)->103555K(104768K) NonClass: 87785K(88448K)->87785K(88448K) Class: 15770K(16320K)->15770K(16320K)
[202.633s][info ][gc             ] GC(15) Pause Young (Allocation Failure) 1758M->229M(2023M) 3.505ms
[202.633s][info ][gc,cpu         ] GC(15) User=0.02s Sys=0.00s Real=0.01s
[202.633s][info ][safepoint      ] Safepoint "ParallelGCFailedAllocation", Time since last: 525178209 ns, Reaching safepoint: 5600 ns, Cleanup: 15100 ns, At safepoint: 3566898 ns, Total: 3587598 ns
[203.633s][info ][safepoint      ] Safepoint "Cleanup", Time since last: 1000085146 ns, Reaching safepoint: 78000 ns, Cleanup: 16200 ns, At safepoint: 18400 ns, Total: 112600 ns
[204.633s][info ][safepoint      ] Safepoint "Cleanup", Time since last: 1000108447 ns, Reaching safepoint: 78900 ns, Cleanup: 9300 ns, At safepoint: 6100 ns, Total: 94300 ns
[205.633s][info ][safepoint      ] Safepoint "Cleanup", Time since last: 1000109646 ns, Reaching safepoint: 75300 ns, Cleanup: 9000 ns, At safepoint: 5200 ns, Total: 89500 ns
[206.634s][info ][safepoint      ] Safepoint "Cleanup", Time since last: 1000115446 ns, Reaching safepoint: 79400 ns, Cleanup: 12000 ns, At safepoint: 9300 ns, Total: 100700 ns
[208.634s][info ][safepoint      ] Safepoint "Cleanup", Time since last: 2000192109 ns, Reaching safepoint: 76200 ns, Cleanup: 12700 ns, At safepoint: 5100 ns, Total: 94000 ns
[209.634s][info ][safepoint      ] Safepoint "Cleanup", Time since last: 1000118270 ns, Reaching safepoint: 82200 ns, Cleanup: 10500 ns, At safepoint: 6400 ns, Total: 99100 ns
[210.634s][info ][safepoint      ] Safepoint "Cleanup", Time since last: 1000136869 ns, Reaching safepoint: 81900 ns, Cleanup: 8900 ns, At safepoint: 6600 ns, Total: 97400 ns
[211.635s][info ][safepoint      ] Safepoint "Cleanup", Time since last: 1000125569 ns, Reaching safepoint: 81000 ns, Cleanup: 8200 ns, At safepoint: 6700 ns, Total: 95900 ns
[212.635s][info ][safepoint      ] Safepoint "Cleanup", Time since last: 1000117669 ns, Reaching safepoint: 81000 ns, Cleanup: 25300 ns, At safepoint: 6500 ns, Total: 112800 ns
[214.635s][info ][safepoint      ] Safepoint "Cleanup", Time since last: 2000206139 ns, Reaching safepoint: 79600 ns, Cleanup: 9000 ns, At safepoint: 6500 ns, Total: 95100 ns
[215.635s][info ][safepoint      ] Safepoint "Cleanup", Time since last: 1000124969 ns, Reaching safepoint: 80500 ns, Cleanup: 20700 ns, At safepoint: 6700 ns, Total: 107900 ns
[216.636s][info ][safepoint      ] Safepoint "Cleanup", Time since last: 1000110458 ns, Reaching safepoint: 76300 ns, Cleanup: 71599 ns, At safepoint: 5300 ns, Total: 153199 ns
[217.636s][info ][safepoint      ] Safepoint "Cleanup", Time since last: 1000109176 ns, Reaching safepoint: 79300 ns, Cleanup: 31700 ns, At safepoint: 6700 ns, Total: 117700 ns
[218.636s][info ][safepoint      ] Safepoint "Cleanup", Time since last: 1000106475 ns, Reaching safepoint: 5400 ns, Cleanup: 19000 ns, At safepoint: 2300 ns, Total: 26700 ns
[219.636s][info ][safepoint      ] Safepoint "Cleanup", Time since last: 1000129176 ns, Reaching safepoint: 5600 ns, Cleanup: 13300 ns, At safepoint: 1600 ns, Total: 20500 ns
[220.636s][info ][safepoint      ] Safepoint "Cleanup", Time since last: 1000116275 ns, Reaching safepoint: 5600 ns, Cleanup: 14700 ns, At safepoint: 1700 ns, Total: 22000 ns
[221.636s][info ][safepoint      ] Safepoint "Cleanup", Time since last: 1000104951 ns, Reaching safepoint: 5600 ns, Cleanup: 18900 ns, At safepoint: 1700 ns, Total: 26200 ns
[222.637s][info ][safepoint      ] Safepoint "Cleanup", Time since last: 1000102280 ns, Reaching safepoint: 5000 ns, Cleanup: 6700 ns, At safepoint: 1400 ns, Total: 13100 ns
[223.637s][info ][safepoint      ] Safepoint "Cleanup", Time since last: 1000105980 ns, Reaching safepoint: 77400 ns, Cleanup: 7300 ns, At safepoint: 6600 ns, Total: 91300 ns
[224.637s][info ][safepoint      ] Safepoint "Cleanup", Time since last: 1000104977 ns, Reaching safepoint: 5400 ns, Cleanup: 25600 ns, At safepoint: 1800 ns, Total: 32800 ns
[225.637s][info ][safepoint      ] Safepoint "Cleanup", Time since last: 1000117575 ns, Reaching safepoint: 77800 ns, Cleanup: 11400 ns, At safepoint: 5100 ns, Total: 94300 ns
[229.638s][info ][safepoint      ] Safepoint "Cleanup", Time since last: 4000475700 ns, Reaching safepoint: 4900 ns, Cleanup: 10300 ns, At safepoint: 1700 ns, Total: 16900 ns
[230.638s][info ][safepoint      ] Safepoint "Cleanup", Time since last: 1000106576 ns, Reaching safepoint: 5600 ns, Cleanup: 19899 ns, At safepoint: 1900 ns, Total: 27399 ns
[231.638s][info ][safepoint      ] Safepoint "Cleanup", Time since last: 1000111076 ns, Reaching safepoint: 5700 ns, Cleanup: 10700 ns, At safepoint: 2000 ns, Total: 18400 ns
[232.638s][info ][safepoint      ] Safepoint "Cleanup", Time since last: 1000107771 ns, Reaching safepoint: 5400 ns, Cleanup: 14000 ns, At safepoint: 1700 ns, Total: 21100 ns
[233.638s][info ][safepoint      ] Safepoint "Cleanup", Time since last: 1000108571 ns, Reaching safepoint: 5100 ns, Cleanup: 14900 ns, At safepoint: 2400 ns, Total: 22400 ns
[233.782s][info ][gc,start       ] GC(16) Pause Young (Allocation Failure)
[233.789s][debug][gc,phases      ] GC(16) Scavenge 7.278ms
[233.789s][debug][gc,ref         ] GC(16) ReferenceProcessor::execute queues: 1, RefProcThreadModel::Single, marks_oops_alive: false
[233.789s][debug][gc,ref         ] GC(16) Skipped KeepAliveFinalRefsPhase of Reference Processing: no references
[233.789s][debug][gc,ref         ] GC(16) ReferenceProcessor::execute queues: 1, RefProcThreadModel::Single, marks_oops_alive: false
[233.789s][debug][gc,phases      ] GC(16) Reference Processing 0.132ms
[233.789s][debug][gc,phases      ] GC(16)   VM Weak                        Min:  0.0, Avg:  0.0, Max:  0.0, Diff:  0.0, Sum:  0.0, Workers: 4
[233.789s][debug][gc,phases      ] GC(16)     Dead                           Min: 0, Avg:  0.0, Max: 0, Diff: 0, Sum: 0, Workers: 4
[233.789s][debug][gc,phases      ] GC(16)     Total                          Min: 0, Avg: 225.0, Max: 452, Diff: 452, Sum: 900, Workers: 4
[233.789s][debug][gc,phases      ] GC(16)   ObjectSynchronizer Weak        Min:  0.0, Avg:  0.0, Max:  0.0, Diff:  0.0, Sum:  0.0, Workers: 4
[233.789s][debug][gc,phases      ] GC(16)     Dead                           Min: 0, Avg:  0.0, Max: 0, Diff: 0, Sum: 0, Workers: 4
[233.789s][debug][gc,phases      ] GC(16)     Total                          Min: 0, Avg:  1.2, Max: 5, Diff: 5, Sum: 5, Workers: 4
[233.789s][debug][gc,phases      ] GC(16)   JVMTI Tag Weak OopStorage      Min:  0.0, Avg:  0.0, Max:  0.0, Diff:  0.0, Sum:  0.0, Workers: 4
[233.789s][debug][gc,phases      ] GC(16)     Dead                           Min: 0, Avg:  0.0, Max: 0, Diff: 0, Sum: 0, Workers: 4
[233.789s][debug][gc,phases      ] GC(16)     Total                          Min: 0, Avg:  0.0, Max: 0, Diff: 0, Sum: 0, Workers: 4
[233.789s][debug][gc,phases      ] GC(16)   StringTable Weak               Min:  0.0, Avg:  0.1, Max:  0.1, Diff:  0.1, Sum:  0.4, Workers: 4
[233.789s][debug][gc,phases      ] GC(16)     Dead                           Min: 0, Avg:  0.2, Max: 1, Diff: 1, Sum: 1, Workers: 4
[233.789s][debug][gc,phases      ] GC(16)     Total                          Min: 0, Avg: 11415.5, Max: 19392, Diff: 19392, Sum: 45662, Workers: 4
[233.789s][debug][gc,phases      ] GC(16)   ResolvedMethodTable Weak       Min:  0.0, Avg:  0.0, Max:  0.0, Diff:  0.0, Sum:  0.1, Workers: 4
[233.789s][debug][gc,phases      ] GC(16)     Dead                           Min: 0, Avg:  5.2, Max: 21, Diff: 21, Sum: 21, Workers: 4
[233.789s][debug][gc,phases      ] GC(16)     Total                          Min: 0, Avg: 3636.8, Max: 6317, Diff: 6317, Sum: 14547, Workers: 4
[233.789s][debug][gc,phases      ] GC(16)   JNI Weak                       Min:  0.0, Avg:  0.0, Max:  0.0, Diff:  0.0, Sum:  0.0, Workers: 4
[233.789s][debug][gc,phases      ] GC(16)     Dead                           Min: 0, Avg:  0.0, Max: 0, Diff: 0, Sum: 0, Workers: 4
[233.789s][debug][gc,phases      ] GC(16)     Total                          Min: 0, Avg: 13.5, Max: 54, Diff: 54, Sum: 54, Workers: 4
[233.789s][debug][gc,phases      ] GC(16)   StringDedup Table Weak         Min:  0.0, Avg:  0.0, Max:  0.0, Diff:  0.0, Sum:  0.0, Workers: 4
[233.789s][debug][gc,phases      ] GC(16)     Dead                           Min: 0, Avg:  0.0, Max: 0, Diff: 0, Sum: 0, Workers: 4
[233.789s][debug][gc,phases      ] GC(16)     Total                          Min: 0, Avg:  0.0, Max: 0, Diff: 0, Sum: 0, Workers: 4
[233.789s][debug][gc,phases      ] GC(16)   StringDedup Requests0 Weak     Min:  0.0, Avg:  0.0, Max:  0.0, Diff:  0.0, Sum:  0.0, Workers: 4
[233.790s][debug][gc,phases      ] GC(16)     Dead                           Min: 0, Avg:  0.0, Max: 0, Diff: 0, Sum: 0, Workers: 4
[233.790s][debug][gc,phases      ] GC(16)     Total                          Min: 0, Avg:  0.0, Max: 0, Diff: 0, Sum: 0, Workers: 4
[233.790s][debug][gc,phases      ] GC(16)   StringDedup Requests1 Weak     Min:  0.0, Avg:  0.0, Max:  0.0, Diff:  0.0, Sum:  0.0, Workers: 4
[233.790s][debug][gc,phases      ] GC(16)     Dead                           Min: 0, Avg:  0.0, Max: 0, Diff: 0, Sum: 0, Workers: 4
[233.790s][debug][gc,phases      ] GC(16)     Total                          Min: 0, Avg:  0.0, Max: 0, Diff: 0, Sum: 0, Workers: 4
[233.790s][debug][gc,phases      ] GC(16)   Weak JFR Old Object Samples    Min:  0.0, Avg:  0.0, Max:  0.0, Diff:  0.0, Sum:  0.0, Workers: 4
[233.790s][debug][gc,phases      ] GC(16)     Dead                           Min: 0, Avg:  0.0, Max: 0, Diff: 0, Sum: 0, Workers: 4
[233.790s][debug][gc,phases      ] GC(16)     Total                          Min: 0, Avg:  0.0, Max: 0, Diff: 0, Sum: 0, Workers: 4
[233.790s][debug][gc,phases      ] GC(16) Weak Processing 0.343ms
[233.790s][debug][gc,age         ] GC(16) Desired survivor size 264765440 bytes, new threshold 1 (max threshold 15)
[233.790s][info ][gc,heap        ] GC(16) PSYoungGen: 1571632K(1832960K)->17617K(1838592K) Eden: 1568768K(1568768K)->0K(1574400K) From: 2864K(264192K)->17617K(264192K)
[233.790s][info ][gc,heap        ] GC(16) ParOldGen: 232120K(238592K)->233132K(238592K)
[233.790s][info ][gc,metaspace   ] GC(16) Metaspace: 103641K(104832K)->103641K(104832K) NonClass: 87861K(88512K)->87861K(88512K) Class: 15779K(16320K)->15779K(16320K)
[233.790s][info ][gc             ] GC(16) Pause Young (Allocation Failure) 1761M->244M(2028M) 7.867ms
[233.790s][info ][gc,cpu         ] GC(16) User=0.03s Sys=0.00s Real=0.00s
[233.790s][info ][safepoint      ] Safepoint "ParallelGCFailedAllocation", Time since last: 143436024 ns, Reaching safepoint: 85100 ns, Cleanup: 6000 ns, At safepoint: 7945895 ns, Total: 8036995 ns
[234.790s][info ][safepoint      ] Safepoint "Cleanup", Time since last: 1000082471 ns, Reaching safepoint: 76600 ns, Cleanup: 19300 ns, At safepoint: 9900 ns, Total: 105800 ns
[235.790s][info ][safepoint      ] Safepoint "Cleanup", Time since last: 1000110570 ns, Reaching safepoint: 5000 ns, Cleanup: 26600 ns, At safepoint: 2000 ns, Total: 33600 ns
[237.790s][info ][safepoint      ] Safepoint "Cleanup", Time since last: 2000172441 ns, Reaching safepoint: 5700 ns, Cleanup: 13600 ns, At safepoint: 1800 ns, Total: 21100 ns
[238.790s][info ][safepoint      ] Safepoint "Cleanup", Time since last: 1000103170 ns, Reaching safepoint: 5800 ns, Cleanup: 20300 ns, At safepoint: 1700 ns, Total: 27800 ns
[239.790s][info ][safepoint      ] Safepoint "Cleanup", Time since last: 1000109470 ns, Reaching safepoint: 6500 ns, Cleanup: 12500 ns, At safepoint: 2300 ns, Total: 21300 ns
[241.119s][info ][safepoint      ] Safepoint "Cleanup", Time since last: 1328481454 ns, Reaching safepoint: 5900 ns, Cleanup: 45400 ns, At safepoint: 1900 ns, Total: 53200 ns
[242.119s][info ][safepoint      ] Safepoint "Cleanup", Time since last: 1000119905 ns, Reaching safepoint: 22800 ns, Cleanup: 11400 ns, At safepoint: 2800 ns, Total: 37000 ns
[243.119s][info ][safepoint      ] Safepoint "Cleanup", Time since last: 1000127604 ns, Reaching safepoint: 7500 ns, Cleanup: 17900 ns, At safepoint: 2400 ns, Total: 27800 ns
[244.119s][info ][safepoint      ] Safepoint "Cleanup", Time since last: 1000118505 ns, Reaching safepoint: 6200 ns, Cleanup: 20800 ns, At safepoint: 2300 ns, Total: 29300 ns
[245.120s][info ][safepoint      ] Safepoint "Cleanup", Time since last: 1000112304 ns, Reaching safepoint: 6300 ns, Cleanup: 10800 ns, At safepoint: 1800 ns, Total: 18900 ns
[246.120s][info ][safepoint      ] Safepoint "Cleanup", Time since last: 1000116505 ns, Reaching safepoint: 7400 ns, Cleanup: 16300 ns, At safepoint: 2700 ns, Total: 26400 ns
[247.120s][info ][safepoint      ] Safepoint "Cleanup", Time since last: 1000123704 ns, Reaching safepoint: 6000 ns, Cleanup: 13100 ns, At safepoint: 1800 ns, Total: 20900 ns
[248.120s][info ][safepoint      ] Safepoint "Cleanup", Time since last: 1000110184 ns, Reaching safepoint: 6300 ns, Cleanup: 23600 ns, At safepoint: 1800 ns, Total: 31700 ns
[249.120s][info ][safepoint      ] Safepoint "Cleanup", Time since last: 1000123281 ns, Reaching safepoint: 5900 ns, Cleanup: 9100 ns, At safepoint: 1600 ns, Total: 16600 ns
[250.120s][info ][safepoint      ] Safepoint "Cleanup", Time since last: 1000102880 ns, Reaching safepoint: 5800 ns, Cleanup: 8600 ns, At safepoint: 1800 ns, Total: 16200 ns
[253.120s][info ][safepoint      ] Safepoint "Cleanup", Time since last: 3000234541 ns, Reaching safepoint: 5700 ns, Cleanup: 29600 ns, At safepoint: 1600 ns, Total: 36900 ns
[254.121s][info ][safepoint      ] Safepoint "Cleanup", Time since last: 1000103981 ns, Reaching safepoint: 6400 ns, Cleanup: 11000 ns, At safepoint: 2300 ns, Total: 19700 ns
[255.121s][info ][safepoint      ] Safepoint "Cleanup", Time since last: 1000101380 ns, Reaching safepoint: 6200 ns, Cleanup: 11400 ns, At safepoint: 2100 ns, Total: 19700 ns
[256.121s][info ][safepoint      ] Safepoint "Cleanup", Time since last: 1000109284 ns, Reaching safepoint: 6600 ns, Cleanup: 13600 ns, At safepoint: 2000 ns, Total: 22200 ns
[257.121s][info ][safepoint      ] Safepoint "Cleanup", Time since last: 1000115600 ns, Reaching safepoint: 6800 ns, Cleanup: 12700 ns, At safepoint: 2000 ns, Total: 21500 ns
[258.121s][info ][safepoint      ] Safepoint "Cleanup", Time since last: 1000121101 ns, Reaching safepoint: 6400 ns, Cleanup: 10300 ns, At safepoint: 1900 ns, Total: 18600 ns
[261.121s][info ][safepoint      ] Safepoint "Cleanup", Time since last: 3000250002 ns, Reaching safepoint: 6400 ns, Cleanup: 17100 ns, At safepoint: 2200 ns, Total: 25700 ns
[264.122s][info ][safepoint      ] Safepoint "Cleanup", Time since last: 3000264722 ns, Reaching safepoint: 6300 ns, Cleanup: 9700 ns, At safepoint: 2000 ns, Total: 18000 ns
[269.122s][info ][safepoint      ] Safepoint "Cleanup", Time since last: 5000388479 ns, Reaching safepoint: 6400 ns, Cleanup: 15000 ns, At safepoint: 1900 ns, Total: 23300 ns
[270.122s][info ][safepoint      ] Safepoint "Cleanup", Time since last: 1000111635 ns, Reaching safepoint: 6700 ns, Cleanup: 10200 ns, At safepoint: 1900 ns, Total: 18800 ns
[271.122s][info ][safepoint      ] Safepoint "Cleanup", Time since last: 1000102636 ns, Reaching safepoint: 6200 ns, Cleanup: 11200 ns, At safepoint: 1800 ns, Total: 19200 ns
[273.381s][info ][gc,start       ] GC(17) Pause Young (Allocation Failure)
[273.392s][debug][gc,phases      ] GC(17) Scavenge 11.042ms
[273.392s][debug][gc,ref         ] GC(17) ReferenceProcessor::execute queues: 1, RefProcThreadModel::Single, marks_oops_alive: false
[273.392s][debug][gc,ref         ] GC(17) Skipped KeepAliveFinalRefsPhase of Reference Processing: no references
[273.392s][debug][gc,ref         ] GC(17) ReferenceProcessor::execute queues: 1, RefProcThreadModel::Single, marks_oops_alive: false
[273.392s][debug][gc,phases      ] GC(17) Reference Processing 0.105ms
[273.393s][debug][gc,phases      ] GC(17)   VM Weak                        Min:  0.0, Avg:  0.0, Max:  0.0, Diff:  0.0, Sum:  0.0, Workers: 4
[273.393s][debug][gc,phases      ] GC(17)     Dead                           Min: 0, Avg:  0.0, Max: 0, Diff: 0, Sum: 0, Workers: 4
[273.393s][debug][gc,phases      ] GC(17)     Total                          Min: 0, Avg: 225.2, Max: 640, Diff: 640, Sum: 901, Workers: 4
[273.393s][debug][gc,phases      ] GC(17)   ObjectSynchronizer Weak        Min:  0.0, Avg:  0.0, Max:  0.0, Diff:  0.0, Sum:  0.0, Workers: 4
[273.393s][debug][gc,phases      ] GC(17)     Dead                           Min: 0, Avg:  0.0, Max: 0, Diff: 0, Sum: 0, Workers: 4
[273.393s][debug][gc,phases      ] GC(17)     Total                          Min: 0, Avg:  1.2, Max: 5, Diff: 5, Sum: 5, Workers: 4
[273.393s][debug][gc,phases      ] GC(17)   JVMTI Tag Weak OopStorage      Min:  0.0, Avg:  0.0, Max:  0.0, Diff:  0.0, Sum:  0.0, Workers: 4
[273.393s][debug][gc,phases      ] GC(17)     Dead                           Min: 0, Avg:  0.0, Max: 0, Diff: 0, Sum: 0, Workers: 4
[273.393s][debug][gc,phases      ] GC(17)     Total                          Min: 0, Avg:  0.0, Max: 0, Diff: 0, Sum: 0, Workers: 4
[273.393s][debug][gc,phases      ] GC(17)   StringTable Weak               Min:  0.0, Avg:  0.1, Max:  0.1, Diff:  0.1, Sum:  0.4, Workers: 4
[273.393s][debug][gc,phases      ] GC(17)     Dead                           Min: 0, Avg:  0.5, Max: 2, Diff: 2, Sum: 2, Workers: 4
[273.393s][debug][gc,phases      ] GC(17)     Total                          Min: 0, Avg: 11427.8, Max: 19407, Diff: 19407, Sum: 45711, Workers: 4
[273.393s][debug][gc,phases      ] GC(17)   ResolvedMethodTable Weak       Min:  0.0, Avg:  0.0, Max:  0.0, Diff:  0.0, Sum:  0.1, Workers: 4
[273.393s][debug][gc,phases      ] GC(17)     Dead                           Min: 0, Avg:  5.5, Max: 21, Diff: 21, Sum: 22, Workers: 4
[273.393s][debug][gc,phases      ] GC(17)     Total                          Min: 0, Avg: 3645.0, Max: 6176, Diff: 6176, Sum: 14580, Workers: 4
[273.393s][debug][gc,phases      ] GC(17)   JNI Weak                       Min:  0.0, Avg:  0.0, Max:  0.0, Diff:  0.0, Sum:  0.0, Workers: 4
[273.393s][debug][gc,phases      ] GC(17)     Dead                           Min: 0, Avg:  0.0, Max: 0, Diff: 0, Sum: 0, Workers: 4
[273.393s][debug][gc,phases      ] GC(17)     Total                          Min: 0, Avg: 13.0, Max: 52, Diff: 52, Sum: 52, Workers: 4
[273.393s][debug][gc,phases      ] GC(17)   StringDedup Table Weak         Min:  0.0, Avg:  0.0, Max:  0.0, Diff:  0.0, Sum:  0.0, Workers: 4
[273.393s][debug][gc,phases      ] GC(17)     Dead                           Min: 0, Avg:  0.0, Max: 0, Diff: 0, Sum: 0, Workers: 4
[273.393s][debug][gc,phases      ] GC(17)     Total                          Min: 0, Avg:  0.0, Max: 0, Diff: 0, Sum: 0, Workers: 4
[273.393s][debug][gc,phases      ] GC(17)   StringDedup Requests0 Weak     Min:  0.0, Avg:  0.0, Max:  0.0, Diff:  0.0, Sum:  0.0, Workers: 4
[273.393s][debug][gc,phases      ] GC(17)     Dead                           Min: 0, Avg:  0.0, Max: 0, Diff: 0, Sum: 0, Workers: 4
[273.393s][debug][gc,phases      ] GC(17)     Total                          Min: 0, Avg:  0.0, Max: 0, Diff: 0, Sum: 0, Workers: 4
[273.393s][debug][gc,phases      ] GC(17)   StringDedup Requests1 Weak     Min:  0.0, Avg:  0.0, Max:  0.0, Diff:  0.0, Sum:  0.0, Workers: 4
[273.393s][debug][gc,phases      ] GC(17)     Dead                           Min: 0, Avg:  0.0, Max: 0, Diff: 0, Sum: 0, Workers: 4
[273.393s][debug][gc,phases      ] GC(17)     Total                          Min: 0, Avg:  0.0, Max: 0, Diff: 0, Sum: 0, Workers: 4
[273.393s][debug][gc,phases      ] GC(17)   Weak JFR Old Object Samples    Min:  0.0, Avg:  0.0, Max:  0.0, Diff:  0.0, Sum:  0.0, Workers: 4
[273.393s][debug][gc,phases      ] GC(17)     Dead                           Min: 0, Avg:  0.0, Max: 0, Diff: 0, Sum: 0, Workers: 4
[273.393s][debug][gc,phases      ] GC(17)     Total                          Min: 0, Avg:  0.0, Max: 0, Diff: 0, Sum: 0, Workers: 4
[273.393s][debug][gc,phases      ] GC(17) Weak Processing 0.341ms
[273.393s][debug][gc,age         ] GC(17) Desired survivor size 258473984 bytes, new threshold 1 (max threshold 15)
[273.393s][info ][gc,heap        ] GC(17) PSYoungGen: 1592017K(1838592K)->12864K(1832960K) Eden: 1574400K(1574400K)->0K(1574400K) From: 17617K(264192K)->12864K(258560K)
[273.393s][info ][gc,heap        ] GC(17) ParOldGen: 233132K(238592K)->249627K(249856K)
[273.393s][info ][gc,metaspace   ] GC(17) Metaspace: 103862K(105088K)->103862K(105088K) NonClass: 88064K(88768K)->88064K(88768K) Class: 15797K(16320K)->15797K(16320K)
[273.393s][info ][gc             ] GC(17) Pause Young (Allocation Failure) 1782M->256M(2034M) 11.631ms
[273.393s][info ][gc,cpu         ] GC(17) User=0.03s Sys=0.02s Real=0.02s
[273.393s][info ][safepoint      ] Safepoint "ParallelGCFailedAllocation", Time since last: 2258625561 ns, Reaching safepoint: 5500 ns, Cleanup: 2900 ns, At safepoint: 11692894 ns, Total: 11701294 ns
[274.393s][info ][safepoint      ] Safepoint "Cleanup", Time since last: 1000085981 ns, Reaching safepoint: 6200 ns, Cleanup: 14700 ns, At safepoint: 2200 ns, Total: 23100 ns
[275.393s][info ][safepoint      ] Safepoint "Cleanup", Time since last: 1000108081 ns, Reaching safepoint: 6200 ns, Cleanup: 12800 ns, At safepoint: 2000 ns, Total: 21000 ns
[276.393s][info ][safepoint      ] Safepoint "Cleanup", Time since last: 1000107282 ns, Reaching safepoint: 5700 ns, Cleanup: 13800 ns, At safepoint: 2000 ns, Total: 21500 ns
[278.393s][info ][safepoint      ] Safepoint "Cleanup", Time since last: 2000197362 ns, Reaching safepoint: 6100 ns, Cleanup: 17400 ns, At safepoint: 2000 ns, Total: 25500 ns
[279.393s][info ][safepoint      ] Safepoint "Cleanup", Time since last: 1000114081 ns, Reaching safepoint: 6100 ns, Cleanup: 15100 ns, At safepoint: 1700 ns, Total: 22900 ns
[280.394s][info ][safepoint      ] Safepoint "Cleanup", Time since last: 1000108178 ns, Reaching safepoint: 5100 ns, Cleanup: 8800 ns, At safepoint: 2200 ns, Total: 16100 ns
[282.394s][info ][safepoint      ] Safepoint "Cleanup", Time since last: 2000168649 ns, Reaching safepoint: 5900 ns, Cleanup: 13000 ns, At safepoint: 2200 ns, Total: 21100 ns
[286.394s][info ][safepoint      ] Safepoint "Cleanup", Time since last: 4000317898 ns, Reaching safepoint: 6100 ns, Cleanup: 8000 ns, At safepoint: 20300 ns, Total: 34400 ns
[287.394s][info ][safepoint      ] Safepoint "Cleanup", Time since last: 1000108774 ns, Reaching safepoint: 6200 ns, Cleanup: 13000 ns, At safepoint: 2000 ns, Total: 21200 ns
[289.394s][info ][safepoint      ] Safepoint "Cleanup", Time since last: 2000168751 ns, Reaching safepoint: 5500 ns, Cleanup: 9000 ns, At safepoint: 2200 ns, Total: 16700 ns
[290.395s][info ][safepoint      ] Safepoint "Cleanup", Time since last: 1000106377 ns, Reaching safepoint: 5900 ns, Cleanup: 8700 ns, At safepoint: 1700 ns, Total: 16300 ns
[292.395s][info ][safepoint      ] Safepoint "Cleanup", Time since last: 2000220752 ns, Reaching safepoint: 6100 ns, Cleanup: 13200 ns, At safepoint: 1900 ns, Total: 21200 ns
[293.395s][info ][safepoint      ] Safepoint "Cleanup", Time since last: 1000114276 ns, Reaching safepoint: 5200 ns, Cleanup: 8900 ns, At safepoint: 2200 ns, Total: 16300 ns
[294.395s][info ][safepoint      ] Safepoint "Cleanup", Time since last: 1000109177 ns, Reaching safepoint: 5500 ns, Cleanup: 10900 ns, At safepoint: 1900 ns, Total: 18300 ns
[296.395s][info ][safepoint      ] Safepoint "Cleanup", Time since last: 2000183857 ns, Reaching safepoint: 5700 ns, Cleanup: 9200 ns, At safepoint: 1900 ns, Total: 16800 ns
[306.137s][info ][safepoint      ] Safepoint "Cleanup", Time since last: 9741254166 ns, Reaching safepoint: 76300 ns, Cleanup: 9800 ns, At safepoint: 6200 ns, Total: 92300 ns
[311.137s][info ][safepoint      ] Safepoint "Cleanup", Time since last: 5000385518 ns, Reaching safepoint: 4600 ns, Cleanup: 6800 ns, At safepoint: 1800 ns, Total: 13200 ns
[313.346s][info ][safepoint      ] Safepoint "Cleanup", Time since last: 2208756404 ns, Reaching safepoint: 3100 ns, Cleanup: 13300 ns, At safepoint: 3700 ns, Total: 20100 ns
[314.455s][info ][safepoint      ] Safepoint "Cleanup", Time since last: 1109000396 ns, Reaching safepoint: 6200 ns, Cleanup: 118100 ns, At safepoint: 2400 ns, Total: 126700 ns
[315.455s][info ][safepoint      ] Safepoint "Cleanup", Time since last: 1000111755 ns, Reaching safepoint: 6100 ns, Cleanup: 13300 ns, At safepoint: 2000 ns, Total: 21400 ns
[316.455s][info ][safepoint      ] Safepoint "Cleanup", Time since last: 1000100556 ns, Reaching safepoint: 6700 ns, Cleanup: 18500 ns, At safepoint: 2000 ns, Total: 27200 ns
[317.455s][info ][safepoint      ] Safepoint "Cleanup", Time since last: 1000114155 ns, Reaching safepoint: 6000 ns, Cleanup: 12000 ns, At safepoint: 1700 ns, Total: 19700 ns
[320.456s][info ][safepoint      ] Safepoint "Cleanup", Time since last: 3000246779 ns, Reaching safepoint: 6700 ns, Cleanup: 11200 ns, At safepoint: 2500 ns, Total: 20400 ns
[321.456s][info ][safepoint      ] Safepoint "Cleanup", Time since last: 1000104986 ns, Reaching safepoint: 6200 ns, Cleanup: 8900 ns, At safepoint: 1900 ns, Total: 17000 ns
[322.386s][info ][gc,start       ] GC(18) Pause Young (Allocation Failure)
[322.394s][debug][gc,phases      ] GC(18) Scavenge 7.490ms
[322.394s][debug][gc,ref         ] GC(18) ReferenceProcessor::execute queues: 1, RefProcThreadModel::Single, marks_oops_alive: false
[322.394s][debug][gc,ref         ] GC(18) Skipped KeepAliveFinalRefsPhase of Reference Processing: no references
[322.394s][debug][gc,ref         ] GC(18) ReferenceProcessor::execute queues: 1, RefProcThreadModel::Single, marks_oops_alive: false
[322.394s][debug][gc,phases      ] GC(18) Reference Processing 0.101ms
[322.394s][debug][gc,phases      ] GC(18)   VM Weak                        Min:  0.0, Avg:  0.0, Max:  0.0, Diff:  0.0, Sum:  0.0, Workers: 4
[322.394s][debug][gc,phases      ] GC(18)     Dead                           Min: 0, Avg:  0.0, Max: 0, Diff: 0, Sum: 0, Workers: 4
[322.394s][debug][gc,phases      ] GC(18)     Total                          Min: 0, Avg: 225.5, Max: 454, Diff: 454, Sum: 902, Workers: 4
[322.394s][debug][gc,phases      ] GC(18)   ObjectSynchronizer Weak        Min:  0.0, Avg:  0.0, Max:  0.0, Diff:  0.0, Sum:  0.0, Workers: 4
[322.394s][debug][gc,phases      ] GC(18)     Dead                           Min: 0, Avg:  0.0, Max: 0, Diff: 0, Sum: 0, Workers: 4
[322.394s][debug][gc,phases      ] GC(18)     Total                          Min: 0, Avg:  1.0, Max: 4, Diff: 4, Sum: 4, Workers: 4
[322.394s][debug][gc,phases      ] GC(18)   JVMTI Tag Weak OopStorage      Min:  0.0, Avg:  0.0, Max:  0.0, Diff:  0.0, Sum:  0.0, Workers: 4
[322.394s][debug][gc,phases      ] GC(18)     Dead                           Min: 0, Avg:  0.0, Max: 0, Diff: 0, Sum: 0, Workers: 4
[322.394s][debug][gc,phases      ] GC(18)     Total                          Min: 0, Avg:  0.0, Max: 0, Diff: 0, Sum: 0, Workers: 4
[322.394s][debug][gc,phases      ] GC(18)   StringTable Weak               Min:  0.0, Avg:  0.1, Max:  0.1, Diff:  0.1, Sum:  0.4, Workers: 4
[322.394s][debug][gc,phases      ] GC(18)     Dead                           Min: 0, Avg:  0.5, Max: 2, Diff: 2, Sum: 2, Workers: 4
[322.394s][debug][gc,phases      ] GC(18)     Total                          Min: 0, Avg: 11448.2, Max: 19392, Diff: 19392, Sum: 45793, Workers: 4
[322.394s][debug][gc,phases      ] GC(18)   ResolvedMethodTable Weak       Min:  0.0, Avg:  0.0, Max:  0.0, Diff:  0.0, Sum:  0.1, Workers: 4
[322.394s][debug][gc,phases      ] GC(18)     Dead                           Min: 0, Avg:  7.0, Max: 21, Diff: 21, Sum: 28, Workers: 4
[322.394s][debug][gc,phases      ] GC(18)     Total                          Min: 0, Avg: 3658.0, Max: 6275, Diff: 6275, Sum: 14632, Workers: 4
[322.394s][debug][gc,phases      ] GC(18)   JNI Weak                       Min:  0.0, Avg:  0.0, Max:  0.0, Diff:  0.0, Sum:  0.0, Workers: 4
[322.394s][debug][gc,phases      ] GC(18)     Dead                           Min: 0, Avg:  0.0, Max: 0, Diff: 0, Sum: 0, Workers: 4
[322.394s][debug][gc,phases      ] GC(18)     Total                          Min: 0, Avg: 13.0, Max: 52, Diff: 52, Sum: 52, Workers: 4
[322.394s][debug][gc,phases      ] GC(18)   StringDedup Table Weak         Min:  0.0, Avg:  0.0, Max:  0.0, Diff:  0.0, Sum:  0.0, Workers: 4
[322.394s][debug][gc,phases      ] GC(18)     Dead                           Min: 0, Avg:  0.0, Max: 0, Diff: 0, Sum: 0, Workers: 4
[322.394s][debug][gc,phases      ] GC(18)     Total                          Min: 0, Avg:  0.0, Max: 0, Diff: 0, Sum: 0, Workers: 4
[322.394s][debug][gc,phases      ] GC(18)   StringDedup Requests0 Weak     Min:  0.0, Avg:  0.0, Max:  0.0, Diff:  0.0, Sum:  0.0, Workers: 4
[322.394s][debug][gc,phases      ] GC(18)     Dead                           Min: 0, Avg:  0.0, Max: 0, Diff: 0, Sum: 0, Workers: 4
[322.394s][debug][gc,phases      ] GC(18)     Total                          Min: 0, Avg:  0.0, Max: 0, Diff: 0, Sum: 0, Workers: 4
[322.394s][debug][gc,phases      ] GC(18)   StringDedup Requests1 Weak     Min:  0.0, Avg:  0.0, Max:  0.0, Diff:  0.0, Sum:  0.0, Workers: 4
[322.394s][debug][gc,phases      ] GC(18)     Dead                           Min: 0, Avg:  0.0, Max: 0, Diff: 0, Sum: 0, Workers: 4
[322.394s][debug][gc,phases      ] GC(18)     Total                          Min: 0, Avg:  0.0, Max: 0, Diff: 0, Sum: 0, Workers: 4
[322.394s][debug][gc,phases      ] GC(18)   Weak JFR Old Object Samples    Min:  0.0, Avg:  0.0, Max:  0.0, Diff:  0.0, Sum:  0.0, Workers: 4
[322.394s][debug][gc,phases      ] GC(18)     Dead                           Min: 0, Avg:  0.0, Max: 0, Diff: 0, Sum: 0, Workers: 4
[322.394s][debug][gc,phases      ] GC(18)     Total                          Min: 0, Avg:  0.0, Max: 0, Diff: 0, Sum: 0, Workers: 4
[322.394s][debug][gc,phases      ] GC(18) Weak Processing 0.353ms
[322.394s][debug][gc,age         ] GC(18) Desired survivor size 252706816 bytes, new threshold 1 (max threshold 15)
[322.394s][info ][gc,heap        ] GC(18) PSYoungGen: 1587264K(1832960K)->3040K(1850368K) Eden: 1574400K(1574400K)->0K(1597952K) From: 12864K(258560K)->3040K(252416K)
[322.394s][info ][gc,heap        ] GC(18) ParOldGen: 249627K(249856K)->261091K(261120K)
[322.394s][info ][gc,metaspace   ] GC(18) Metaspace: 104300K(105536K)->104300K(105536K) NonClass: 88462K(89152K)->88462K(89152K) Class: 15838K(16384K)->15838K(16384K)
[322.394s][info ][gc             ] GC(18) Pause Young (Allocation Failure) 1793M->257M(2062M) 8.059ms
[322.394s][info ][gc,cpu         ] GC(18) User=0.03s Sys=0.01s Real=0.01s
[322.394s][info ][safepoint      ] Safepoint "ParallelGCFailedAllocation", Time since last: 930436422 ns, Reaching safepoint: 6500 ns, Cleanup: 7500 ns, At safepoint: 8126195 ns, Total: 8140195 ns
[324.394s][info ][safepoint      ] Safepoint "Cleanup", Time since last: 2000150073 ns, Reaching safepoint: 6400 ns, Cleanup: 13600 ns, At safepoint: 1800 ns, Total: 21800 ns
[325.395s][info ][safepoint      ] Safepoint "Cleanup", Time since last: 1000110086 ns, Reaching safepoint: 6000 ns, Cleanup: 9200 ns, At safepoint: 1700 ns, Total: 16900 ns
[326.395s][info ][safepoint      ] Safepoint "Cleanup", Time since last: 1000108786 ns, Reaching safepoint: 6400 ns, Cleanup: 9400 ns, At safepoint: 2200 ns, Total: 18000 ns
[327.395s][info ][safepoint      ] Safepoint "Cleanup", Time since last: 1000108586 ns, Reaching safepoint: 7700 ns, Cleanup: 11900 ns, At safepoint: 2300 ns, Total: 21900 ns
[328.395s][info ][safepoint      ] Safepoint "Cleanup", Time since last: 1000117686 ns, Reaching safepoint: 6800 ns, Cleanup: 16400 ns, At safepoint: 1900 ns, Total: 25100 ns
[331.395s][info ][safepoint      ] Safepoint "Cleanup", Time since last: 3000239952 ns, Reaching safepoint: 6300 ns, Cleanup: 6500 ns, At safepoint: 2000 ns, Total: 14800 ns
[334.395s][info ][safepoint      ] Safepoint "Cleanup", Time since last: 3000253552 ns, Reaching safepoint: 6500 ns, Cleanup: 11300 ns, At safepoint: 1900 ns, Total: 19700 ns
[336.396s][info ][safepoint      ] Safepoint "Cleanup", Time since last: 2000179631 ns, Reaching safepoint: 6300 ns, Cleanup: 13800 ns, At safepoint: 1600 ns, Total: 21700 ns
[337.396s][info ][safepoint      ] Safepoint "Cleanup", Time since last: 1000110875 ns, Reaching safepoint: 6900 ns, Cleanup: 18800 ns, At safepoint: 2000 ns, Total: 27700 ns
[338.396s][info ][safepoint      ] Safepoint "Cleanup", Time since last: 1000112275 ns, Reaching safepoint: 6200 ns, Cleanup: 8800 ns, At safepoint: 2000 ns, Total: 17000 ns
[339.396s][info ][safepoint      ] Safepoint "Cleanup", Time since last: 1000102175 ns, Reaching safepoint: 6400 ns, Cleanup: 41600 ns, At safepoint: 2000 ns, Total: 50000 ns
[340.396s][info ][safepoint      ] Safepoint "Cleanup", Time since last: 1000116074 ns, Reaching safepoint: 6700 ns, Cleanup: 7900 ns, At safepoint: 1900 ns, Total: 16500 ns
[344.397s][info ][safepoint      ] Safepoint "Cleanup", Time since last: 4000324928 ns, Reaching safepoint: 5900 ns, Cleanup: 8300 ns, At safepoint: 1900 ns, Total: 16100 ns
[346.397s][info ][safepoint      ] Safepoint "Cleanup", Time since last: 2000177022 ns, Reaching safepoint: 6000 ns, Cleanup: 11700 ns, At safepoint: 2000 ns, Total: 19700 ns
[348.397s][info ][safepoint      ] Safepoint "Cleanup", Time since last: 2000173421 ns, Reaching safepoint: 5900 ns, Cleanup: 23700 ns, At safepoint: 1900 ns, Total: 31500 ns
[349.397s][info ][safepoint      ] Safepoint "Cleanup", Time since last: 1000104561 ns, Reaching safepoint: 22200 ns, Cleanup: 14000 ns, At safepoint: 2300 ns, Total: 38500 ns
[350.397s][info ][safepoint      ] Safepoint "Cleanup", Time since last: 1000110160 ns, Reaching safepoint: 6200 ns, Cleanup: 10900 ns, At safepoint: 2000 ns, Total: 19100 ns
[351.397s][info ][safepoint      ] Safepoint "Cleanup", Time since last: 1000104761 ns, Reaching safepoint: 5700 ns, Cleanup: 11900 ns, At safepoint: 1900 ns, Total: 19500 ns
[352.397s][info ][safepoint      ] Safepoint "Cleanup", Time since last: 1000096060 ns, Reaching safepoint: 5900 ns, Cleanup: 8200 ns, At safepoint: 2000 ns, Total: 16100 ns
[353.398s][info ][safepoint      ] Safepoint "Cleanup", Time since last: 1000108760 ns, Reaching safepoint: 6200 ns, Cleanup: 20800 ns, At safepoint: 2100 ns, Total: 29100 ns
[354.398s][info ][safepoint      ] Safepoint "Cleanup", Time since last: 1000107360 ns, Reaching safepoint: 6600 ns, Cleanup: 19500 ns, At safepoint: 2400 ns, Total: 28500 ns
[355.398s][info ][safepoint      ] Safepoint "Cleanup", Time since last: 1000109460 ns, Reaching safepoint: 5200 ns, Cleanup: 13200 ns, At safepoint: 1900 ns, Total: 20300 ns
[356.398s][info ][safepoint      ] Safepoint "Cleanup", Time since last: 1000097760 ns, Reaching safepoint: 6200 ns, Cleanup: 12400 ns, At safepoint: 2000 ns, Total: 20600 ns
[357.398s][info ][safepoint      ] Safepoint "Cleanup", Time since last: 1000112460 ns, Reaching safepoint: 6000 ns, Cleanup: 8500 ns, At safepoint: 2400 ns, Total: 16900 ns
[358.398s][info ][safepoint      ] Safepoint "Cleanup", Time since last: 1000104660 ns, Reaching safepoint: 6100 ns, Cleanup: 14400 ns, At safepoint: 2100 ns, Total: 22600 ns
[359.398s][info ][safepoint      ] Safepoint "Cleanup", Time since last: 1000095760 ns, Reaching safepoint: 6200 ns, Cleanup: 8200 ns, At safepoint: 1700 ns, Total: 16100 ns
[361.153s][info ][safepoint      ] Safepoint "Cleanup", Time since last: 1754808169 ns, Reaching safepoint: 5700 ns, Cleanup: 18800 ns, At safepoint: 1600 ns, Total: 26100 ns
[362.153s][info ][safepoint      ] Safepoint "Cleanup", Time since last: 1000127075 ns, Reaching safepoint: 9000 ns, Cleanup: 20400 ns, At safepoint: 3000 ns, Total: 32400 ns
[363.153s][info ][safepoint      ] Safepoint "Cleanup", Time since last: 1000115976 ns, Reaching safepoint: 5700 ns, Cleanup: 9000 ns, At safepoint: 2200 ns, Total: 16900 ns
[365.154s][info ][safepoint      ] Safepoint "Cleanup", Time since last: 2000181451 ns, Reaching safepoint: 6200 ns, Cleanup: 9800 ns, At safepoint: 1700 ns, Total: 17700 ns
[366.154s][info ][safepoint      ] Safepoint "Cleanup", Time since last: 1000108675 ns, Reaching safepoint: 6500 ns, Cleanup: 15400 ns, At safepoint: 1800 ns, Total: 23700 ns
[367.154s][info ][safepoint      ] Safepoint "Cleanup", Time since last: 1000105776 ns, Reaching safepoint: 6000 ns, Cleanup: 9000 ns, At safepoint: 1800 ns, Total: 16800 ns
[368.154s][info ][safepoint      ] Safepoint "Cleanup", Time since last: 1000111974 ns, Reaching safepoint: 5800 ns, Cleanup: 10000 ns, At safepoint: 16400 ns, Total: 32200 ns
[369.154s][info ][safepoint      ] Safepoint "Cleanup", Time since last: 1000106750 ns, Reaching safepoint: 5700 ns, Cleanup: 9800 ns, At safepoint: 1700 ns, Total: 17200 ns
[369.235s][info ][gc,start       ] GC(19) Pause Young (Allocation Failure)
[369.239s][debug][gc,phases      ] GC(19) Scavenge 3.920ms
[369.239s][debug][gc,ref         ] GC(19) ReferenceProcessor::execute queues: 1, RefProcThreadModel::Single, marks_oops_alive: false
[369.239s][debug][gc,ref         ] GC(19) Skipped KeepAliveFinalRefsPhase of Reference Processing: no references
[369.239s][debug][gc,ref         ] GC(19) ReferenceProcessor::execute queues: 1, RefProcThreadModel::Single, marks_oops_alive: false
[369.239s][debug][gc,phases      ] GC(19) Reference Processing 0.091ms
[369.240s][debug][gc,phases      ] GC(19)   VM Weak                        Min:  0.0, Avg:  0.0, Max:  0.0, Diff:  0.0, Sum:  0.0, Workers: 4
[369.240s][debug][gc,phases      ] GC(19)     Dead                           Min: 0, Avg:  0.0, Max: 0, Diff: 0, Sum: 0, Workers: 4
[369.240s][debug][gc,phases      ] GC(19)     Total                          Min: 0, Avg: 225.5, Max: 518, Diff: 518, Sum: 902, Workers: 4
[369.240s][debug][gc,phases      ] GC(19)   ObjectSynchronizer Weak        Min:  0.0, Avg:  0.0, Max:  0.0, Diff:  0.0, Sum:  0.0, Workers: 4
[369.240s][debug][gc,phases      ] GC(19)     Dead                           Min: 0, Avg:  0.0, Max: 0, Diff: 0, Sum: 0, Workers: 4
[369.240s][debug][gc,phases      ] GC(19)     Total                          Min: 0, Avg:  1.0, Max: 4, Diff: 4, Sum: 4, Workers: 4
[369.240s][debug][gc,phases      ] GC(19)   JVMTI Tag Weak OopStorage      Min:  0.0, Avg:  0.0, Max:  0.0, Diff:  0.0, Sum:  0.0, Workers: 4
[369.240s][debug][gc,phases      ] GC(19)     Dead                           Min: 0, Avg:  0.0, Max: 0, Diff: 0, Sum: 0, Workers: 4
[369.240s][debug][gc,phases      ] GC(19)     Total                          Min: 0, Avg:  0.0, Max: 0, Diff: 0, Sum: 0, Workers: 4
[369.240s][debug][gc,phases      ] GC(19)   StringTable Weak               Min:  0.1, Avg:  0.1, Max:  0.1, Diff:  0.0, Sum:  0.4, Workers: 4
[369.240s][debug][gc,phases      ] GC(19)     Dead                           Min: 0, Avg:  0.2, Max: 1, Diff: 1, Sum: 1, Workers: 4
[369.240s][debug][gc,phases      ] GC(19)     Total                          Min: 10900, Avg: 11460.8, Max: 11776, Diff: 876, Sum: 45843, Workers: 4
[369.240s][debug][gc,phases      ] GC(19)   ResolvedMethodTable Weak       Min:  0.0, Avg:  0.0, Max:  0.0, Diff:  0.0, Sum:  0.1, Workers: 4
[369.240s][debug][gc,phases      ] GC(19)     Dead                           Min: 0, Avg:  5.0, Max: 18, Diff: 18, Sum: 20, Workers: 4
[369.240s][debug][gc,phases      ] GC(19)     Total                          Min: 3554, Avg: 3664.2, Max: 3829, Diff: 275, Sum: 14657, Workers: 4
[369.240s][debug][gc,phases      ] GC(19)   JNI Weak                       Min:  0.0, Avg:  0.0, Max:  0.0, Diff:  0.0, Sum:  0.0, Workers: 4
[369.240s][debug][gc,phases      ] GC(19)     Dead                           Min: 0, Avg:  0.0, Max: 0, Diff: 0, Sum: 0, Workers: 4
[369.240s][debug][gc,phases      ] GC(19)     Total                          Min: 0, Avg: 13.0, Max: 52, Diff: 52, Sum: 52, Workers: 4
[369.240s][debug][gc,phases      ] GC(19)   StringDedup Table Weak         Min:  0.0, Avg:  0.0, Max:  0.0, Diff:  0.0, Sum:  0.0, Workers: 4
[369.240s][debug][gc,phases      ] GC(19)     Dead                           Min: 0, Avg:  0.0, Max: 0, Diff: 0, Sum: 0, Workers: 4
[369.240s][debug][gc,phases      ] GC(19)     Total                          Min: 0, Avg:  0.0, Max: 0, Diff: 0, Sum: 0, Workers: 4
[369.240s][debug][gc,phases      ] GC(19)   StringDedup Requests0 Weak     Min:  0.0, Avg:  0.0, Max:  0.0, Diff:  0.0, Sum:  0.0, Workers: 4
[369.240s][debug][gc,phases      ] GC(19)     Dead                           Min: 0, Avg:  0.0, Max: 0, Diff: 0, Sum: 0, Workers: 4
[369.240s][debug][gc,phases      ] GC(19)     Total                          Min: 0, Avg:  0.0, Max: 0, Diff: 0, Sum: 0, Workers: 4
[369.240s][debug][gc,phases      ] GC(19)   StringDedup Requests1 Weak     Min:  0.0, Avg:  0.0, Max:  0.0, Diff:  0.0, Sum:  0.0, Workers: 4
[369.240s][debug][gc,phases      ] GC(19)     Dead                           Min: 0, Avg:  0.0, Max: 0, Diff: 0, Sum: 0, Workers: 4
[369.240s][debug][gc,phases      ] GC(19)     Total                          Min: 0, Avg:  0.0, Max: 0, Diff: 0, Sum: 0, Workers: 4
[369.240s][debug][gc,phases      ] GC(19)   Weak JFR Old Object Samples    Min:  0.0, Avg:  0.0, Max:  0.0, Diff:  0.0, Sum:  0.0, Workers: 4
[369.240s][debug][gc,phases      ] GC(19)     Dead                           Min: 0, Avg:  0.0, Max: 0, Diff: 0, Sum: 0, Workers: 4
[369.240s][debug][gc,phases      ] GC(19)     Total                          Min: 0, Avg:  0.0, Max: 0, Diff: 0, Sum: 0, Workers: 4
[369.240s][debug][gc,phases      ] GC(19) Weak Processing 0.319ms
[369.240s][debug][gc,age         ] GC(19) Desired survivor size 245366784 bytes, new threshold 1 (max threshold 15)
[369.240s][info ][gc,heap        ] GC(19) PSYoungGen: 1600992K(1850368K)->3830K(1844736K) Eden: 1597952K(1597952K)->0K(1597952K) From: 3040K(252416K)->3830K(246784K)
[369.240s][info ][gc,heap        ] GC(19) ParOldGen: 261091K(261120K)->262031K(262144K)
[369.240s][info ][gc,metaspace   ] GC(19) Metaspace: 104403K(105600K)->104403K(105600K) NonClass: 88556K(89216K)->88556K(89216K) Class: 15847K(16384K)->15847K(16384K)
[369.240s][info ][gc             ] GC(19) Pause Young (Allocation Failure) 1818M->259M(2057M) 4.434ms
[369.240s][info ][gc,cpu         ] GC(19) User=0.01s Sys=0.00s Real=0.00s
[369.240s][info ][safepoint      ] Safepoint "ParallelGCFailedAllocation", Time since last: 80978356 ns, Reaching safepoint: 5100 ns, Cleanup: 3000 ns, At safepoint: 4493197 ns, Total: 4501297 ns
[370.240s][info ][safepoint      ] Safepoint "Cleanup", Time since last: 1000089851 ns, Reaching safepoint: 5600 ns, Cleanup: 9100 ns, At safepoint: 2200 ns, Total: 16900 ns
[372.240s][info ][safepoint      ] Safepoint "Cleanup", Time since last: 2000189801 ns, Reaching safepoint: 6000 ns, Cleanup: 14500 ns, At safepoint: 2300 ns, Total: 22800 ns
[373.240s][info ][safepoint      ] Safepoint "Cleanup", Time since last: 1000106750 ns, Reaching safepoint: 6100 ns, Cleanup: 8500 ns, At safepoint: 1800 ns, Total: 16400 ns
[374.240s][info ][safepoint      ] Safepoint "Cleanup", Time since last: 1000112450 ns, Reaching safepoint: 5800 ns, Cleanup: 10900 ns, At safepoint: 1900 ns, Total: 18600 ns
[376.240s][info ][safepoint      ] Safepoint "Cleanup", Time since last: 2000190204 ns, Reaching safepoint: 6300 ns, Cleanup: 12000 ns, At safepoint: 1800 ns, Total: 20100 ns
[378.241s][info ][safepoint      ] Safepoint "Cleanup", Time since last: 2000188247 ns, Reaching safepoint: 5500 ns, Cleanup: 10000 ns, At safepoint: 1900 ns, Total: 17400 ns
[379.241s][info ][safepoint      ] Safepoint "Cleanup", Time since last: 1000105773 ns, Reaching safepoint: 6000 ns, Cleanup: 45600 ns, At safepoint: 1800 ns, Total: 53400 ns
[380.241s][info ][safepoint      ] Safepoint "Cleanup", Time since last: 1000114374 ns, Reaching safepoint: 6200 ns, Cleanup: 26300 ns, At safepoint: 1900 ns, Total: 34400 ns
[381.241s][info ][safepoint      ] Safepoint "Cleanup", Time since last: 1000110373 ns, Reaching safepoint: 6300 ns, Cleanup: 43400 ns, At safepoint: 2000 ns, Total: 51700 ns
[382.241s][info ][safepoint      ] Safepoint "Cleanup", Time since last: 1000106873 ns, Reaching safepoint: 6400 ns, Cleanup: 9600 ns, At safepoint: 2100 ns, Total: 18100 ns
[383.241s][info ][safepoint      ] Safepoint "Cleanup", Time since last: 1000109174 ns, Reaching safepoint: 5600 ns, Cleanup: 12900 ns, At safepoint: 1800 ns, Total: 20300 ns
[384.242s][info ][safepoint      ] Safepoint "Cleanup", Time since last: 1000121970 ns, Reaching safepoint: 5300 ns, Cleanup: 9600 ns, At safepoint: 1900 ns, Total: 16800 ns
[385.242s][info ][safepoint      ] Safepoint "Cleanup", Time since last: 1000109253 ns, Reaching safepoint: 5400 ns, Cleanup: 6200 ns, At safepoint: 2200 ns, Total: 13800 ns
[386.242s][info ][safepoint      ] Safepoint "Cleanup", Time since last: 1000114152 ns, Reaching safepoint: 5300 ns, Cleanup: 8000 ns, At safepoint: 2200 ns, Total: 15500 ns
[387.242s][info ][safepoint      ] Safepoint "Cleanup", Time since last: 1000115453 ns, Reaching safepoint: 5700 ns, Cleanup: 12400 ns, At safepoint: 1700 ns, Total: 19800 ns
[390.242s][info ][safepoint      ] Safepoint "Cleanup", Time since last: 3000262957 ns, Reaching safepoint: 6100 ns, Cleanup: 15400 ns, At safepoint: 2400 ns, Total: 23900 ns
[392.242s][info ][safepoint      ] Safepoint "Cleanup", Time since last: 2000178905 ns, Reaching safepoint: 6000 ns, Cleanup: 10200 ns, At safepoint: 2100 ns, Total: 18300 ns
[394.243s][info ][safepoint      ] Safepoint "Cleanup", Time since last: 2000171910 ns, Reaching safepoint: 4600 ns, Cleanup: 9000 ns, At safepoint: 1600 ns, Total: 15200 ns
[395.243s][info ][safepoint      ] Safepoint "Cleanup", Time since last: 1000094355 ns, Reaching safepoint: 6000 ns, Cleanup: 16600 ns, At safepoint: 1900 ns, Total: 24500 ns
[396.243s][info ][safepoint      ] Safepoint "Cleanup", Time since last: 1000109555 ns, Reaching safepoint: 5800 ns, Cleanup: 9200 ns, At safepoint: 2100 ns, Total: 17100 ns
[397.243s][info ][safepoint      ] Safepoint "Cleanup", Time since last: 1000120355 ns, Reaching safepoint: 5600 ns, Cleanup: 11200 ns, At safepoint: 7000 ns, Total: 23800 ns
[398.243s][info ][safepoint      ] Safepoint "Cleanup", Time since last: 1000115855 ns, Reaching safepoint: 5400 ns, Cleanup: 9100 ns, At safepoint: 1900 ns, Total: 16400 ns
[400.243s][info ][safepoint      ] Safepoint "Cleanup", Time since last: 2000188410 ns, Reaching safepoint: 5400 ns, Cleanup: 29600 ns, At safepoint: 2200 ns, Total: 37200 ns
[401.243s][info ][safepoint      ] Safepoint "Cleanup", Time since last: 1000111662 ns, Reaching safepoint: 4600 ns, Cleanup: 10600 ns, At safepoint: 2000 ns, Total: 17200 ns
[401.581s][info ][gc,start       ] GC(20) Pause Young (Allocation Failure)
[401.589s][debug][gc,phases      ] GC(20) Scavenge 8.329ms
[401.589s][debug][gc,ref         ] GC(20) ReferenceProcessor::execute queues: 1, RefProcThreadModel::Single, marks_oops_alive: false
[401.589s][debug][gc,ref         ] GC(20) Skipped KeepAliveFinalRefsPhase of Reference Processing: no references
[401.589s][debug][gc,ref         ] GC(20) ReferenceProcessor::execute queues: 1, RefProcThreadModel::Single, marks_oops_alive: false
[401.589s][debug][gc,phases      ] GC(20) Reference Processing 0.097ms
[401.590s][debug][gc,phases      ] GC(20)   VM Weak                        Min:  0.0, Avg:  0.0, Max:  0.0, Diff:  0.0, Sum:  0.0, Workers: 4
[401.590s][debug][gc,phases      ] GC(20)     Dead                           Min: 0, Avg:  0.0, Max: 0, Diff: 0, Sum: 0, Workers: 4
[401.590s][debug][gc,phases      ] GC(20)     Total                          Min: 0, Avg: 225.5, Max: 832, Diff: 832, Sum: 902, Workers: 4
[401.590s][debug][gc,phases      ] GC(20)   ObjectSynchronizer Weak        Min:  0.0, Avg:  0.0, Max:  0.0, Diff:  0.0, Sum:  0.0, Workers: 4
[401.590s][debug][gc,phases      ] GC(20)     Dead                           Min: 0, Avg:  0.0, Max: 0, Diff: 0, Sum: 0, Workers: 4
[401.590s][debug][gc,phases      ] GC(20)     Total                          Min: 0, Avg:  1.2, Max: 5, Diff: 5, Sum: 5, Workers: 4
[401.590s][debug][gc,phases      ] GC(20)   JVMTI Tag Weak OopStorage      Min:  0.0, Avg:  0.0, Max:  0.0, Diff:  0.0, Sum:  0.0, Workers: 4
[401.590s][debug][gc,phases      ] GC(20)     Dead                           Min: 0, Avg:  0.0, Max: 0, Diff: 0, Sum: 0, Workers: 4
[401.590s][debug][gc,phases      ] GC(20)     Total                          Min: 0, Avg:  0.0, Max: 0, Diff: 0, Sum: 0, Workers: 4
[401.590s][debug][gc,phases      ] GC(20)   StringTable Weak               Min:  0.0, Avg:  0.1, Max:  0.1, Diff:  0.1, Sum:  0.4, Workers: 4
[401.590s][debug][gc,phases      ] GC(20)     Dead                           Min: 0, Avg:  0.2, Max: 1, Diff: 1, Sum: 1, Workers: 4
[401.590s][debug][gc,phases      ] GC(20)     Total                          Min: 0, Avg: 11470.8, Max: 20159, Diff: 20159, Sum: 45883, Workers: 4
[401.590s][debug][gc,phases      ] GC(20)   ResolvedMethodTable Weak       Min:  0.0, Avg:  0.0, Max:  0.0, Diff:  0.0, Sum:  0.1, Workers: 4
[401.590s][debug][gc,phases      ] GC(20)     Dead                           Min: 0, Avg:  1.0, Max: 3, Diff: 3, Sum: 4, Workers: 4
[401.590s][debug][gc,phases      ] GC(20)     Total                          Min: 0, Avg: 3668.5, Max: 6204, Diff: 6204, Sum: 14674, Workers: 4
[401.590s][debug][gc,phases      ] GC(20)   JNI Weak                       Min:  0.0, Avg:  0.0, Max:  0.0, Diff:  0.0, Sum:  0.0, Workers: 4
[401.590s][debug][gc,phases      ] GC(20)     Dead                           Min: 0, Avg:  0.0, Max: 0, Diff: 0, Sum: 0, Workers: 4
[401.590s][debug][gc,phases      ] GC(20)     Total                          Min: 0, Avg: 13.0, Max: 52, Diff: 52, Sum: 52, Workers: 4
[401.590s][debug][gc,phases      ] GC(20)   StringDedup Table Weak         Min:  0.0, Avg:  0.0, Max:  0.0, Diff:  0.0, Sum:  0.0, Workers: 4
[401.590s][debug][gc,phases      ] GC(20)     Dead                           Min: 0, Avg:  0.0, Max: 0, Diff: 0, Sum: 0, Workers: 4
[401.590s][debug][gc,phases      ] GC(20)     Total                          Min: 0, Avg:  0.0, Max: 0, Diff: 0, Sum: 0, Workers: 4
[401.590s][debug][gc,phases      ] GC(20)   StringDedup Requests0 Weak     Min:  0.0, Avg:  0.0, Max:  0.0, Diff:  0.0, Sum:  0.0, Workers: 4
[401.590s][debug][gc,phases      ] GC(20)     Dead                           Min: 0, Avg:  0.0, Max: 0, Diff: 0, Sum: 0, Workers: 4
[401.590s][debug][gc,phases      ] GC(20)     Total                          Min: 0, Avg:  0.0, Max: 0, Diff: 0, Sum: 0, Workers: 4
[401.590s][debug][gc,phases      ] GC(20)   StringDedup Requests1 Weak     Min:  0.0, Avg:  0.0, Max:  0.0, Diff:  0.0, Sum:  0.0, Workers: 4
[401.590s][debug][gc,phases      ] GC(20)     Dead                           Min: 0, Avg:  0.0, Max: 0, Diff: 0, Sum: 0, Workers: 4
[401.590s][debug][gc,phases      ] GC(20)     Total                          Min: 0, Avg:  0.0, Max: 0, Diff: 0, Sum: 0, Workers: 4
[401.590s][debug][gc,phases      ] GC(20)   Weak JFR Old Object Samples    Min:  0.0, Avg:  0.0, Max:  0.0, Diff:  0.0, Sum:  0.0, Workers: 4
[401.590s][debug][gc,phases      ] GC(20)     Dead                           Min: 0, Avg:  0.0, Max: 0, Diff: 0, Sum: 0, Workers: 4
[401.590s][debug][gc,phases      ] GC(20)     Total                          Min: 0, Avg:  0.0, Max: 0, Diff: 0, Sum: 0, Workers: 4
[401.590s][debug][gc,phases      ] GC(20) Weak Processing 0.341ms
[401.590s][debug][gc,age         ] GC(20) Desired survivor size 234881024 bytes, new threshold 1 (max threshold 15)
[401.590s][info ][gc,heap        ] GC(20) PSYoungGen: 1601782K(1844736K)->18158K(1867776K) Eden: 1597952K(1597952K)->0K(1628160K) From: 3830K(246784K)->18158K(239616K)
[401.590s][info ][gc,heap        ] GC(20) ParOldGen: 262031K(262144K)->263901K(264192K)
[401.590s][info ][gc,metaspace   ] GC(20) Metaspace: 104509K(105728K)->104509K(105728K) NonClass: 88651K(89344K)->88651K(89344K) Class: 15857K(16384K)->15857K(16384K)
[401.590s][info ][gc             ] GC(20) Pause Young (Allocation Failure) 1820M->275M(2082M) 8.875ms
[401.590s][info ][gc,cpu         ] GC(20) User=0.03s Sys=0.00s Real=0.01s
[401.590s][info ][safepoint      ] Safepoint "ParallelGCFailedAllocation", Time since last: 337195519 ns, Reaching safepoint: 75900 ns, Cleanup: 3700 ns, At safepoint: 8940095 ns, Total: 9019695 ns
[403.590s][info ][safepoint      ] Safepoint "Cleanup", Time since last: 2000157624 ns, Reaching safepoint: 6800 ns, Cleanup: 11400 ns, At safepoint: 2000 ns, Total: 20200 ns
[404.590s][info ][safepoint      ] Safepoint "Cleanup", Time since last: 1000119262 ns, Reaching safepoint: 6600 ns, Cleanup: 10700 ns, At safepoint: 1900 ns, Total: 19200 ns
[406.590s][info ][safepoint      ] Safepoint "Cleanup", Time since last: 2000172324 ns, Reaching safepoint: 5100 ns, Cleanup: 7800 ns, At safepoint: 1500 ns, Total: 14400 ns
[407.590s][info ][safepoint      ] Safepoint "Cleanup", Time since last: 1000107062 ns, Reaching safepoint: 5800 ns, Cleanup: 8800 ns, At safepoint: 1800 ns, Total: 16400 ns
[408.590s][info ][safepoint      ] Safepoint "Cleanup", Time since last: 1000108664 ns, Reaching safepoint: 6200 ns, Cleanup: 10200 ns, At safepoint: 2000 ns, Total: 18400 ns
[410.591s][info ][safepoint      ] Safepoint "Cleanup", Time since last: 2000174935 ns, Reaching safepoint: 5000 ns, Cleanup: 26900 ns, At safepoint: 1500 ns, Total: 33400 ns
[411.591s][info ][safepoint      ] Safepoint "Cleanup", Time since last: 1000120367 ns, Reaching safepoint: 79000 ns, Cleanup: 14100 ns, At safepoint: 6100 ns, Total: 99200 ns
[412.591s][info ][safepoint      ] Safepoint "Cleanup", Time since last: 1000109567 ns, Reaching safepoint: 6200 ns, Cleanup: 8700 ns, At safepoint: 1900 ns, Total: 16800 ns
[418.592s][info ][safepoint      ] Safepoint "Cleanup", Time since last: 6000462808 ns, Reaching safepoint: 79400 ns, Cleanup: 8800 ns, At safepoint: 6000 ns, Total: 94200 ns
[419.592s][info ][safepoint      ] Safepoint "Cleanup", Time since last: 1000114869 ns, Reaching safepoint: 5200 ns, Cleanup: 13100 ns, At safepoint: 2000 ns, Total: 20300 ns
[421.172s][info ][safepoint      ] Safepoint "Cleanup", Time since last: 1580188061 ns, Reaching safepoint: 5700 ns, Cleanup: 21300 ns, At safepoint: 2300 ns, Total: 29300 ns
[422.172s][info ][safepoint      ] Safepoint "Cleanup", Time since last: 1000106669 ns, Reaching safepoint: 6200 ns, Cleanup: 9800 ns, At safepoint: 1800 ns, Total: 17800 ns
[423.172s][info ][safepoint      ] Safepoint "Cleanup", Time since last: 1000124169 ns, Reaching safepoint: 6400 ns, Cleanup: 32200 ns, At safepoint: 1900 ns, Total: 40500 ns
[424.172s][info ][safepoint      ] Safepoint "Cleanup", Time since last: 1000108769 ns, Reaching safepoint: 6500 ns, Cleanup: 9900 ns, At safepoint: 1900 ns, Total: 18300 ns
[425.172s][info ][safepoint      ] Safepoint "Cleanup", Time since last: 1000100668 ns, Reaching safepoint: 5300 ns, Cleanup: 11000 ns, At safepoint: 1900 ns, Total: 18200 ns
[429.173s][info ][safepoint      ] Safepoint "Cleanup", Time since last: 4000298072 ns, Reaching safepoint: 6100 ns, Cleanup: 9400 ns, At safepoint: 2100 ns, Total: 17600 ns
[431.173s][info ][safepoint      ] Safepoint "Cleanup", Time since last: 2000173935 ns, Reaching safepoint: 6500 ns, Cleanup: 9800 ns, At safepoint: 2200 ns, Total: 18500 ns
[432.173s][info ][safepoint      ] Safepoint "Cleanup", Time since last: 1000112166 ns, Reaching safepoint: 22800 ns, Cleanup: 17500 ns, At safepoint: 2400 ns, Total: 42700 ns
[433.173s][info ][safepoint      ] Safepoint "Cleanup", Time since last: 1000110276 ns, Reaching safepoint: 7000 ns, Cleanup: 11100 ns, At safepoint: 1800 ns, Total: 19900 ns
[434.173s][info ][safepoint      ] Safepoint "Cleanup", Time since last: 1000111776 ns, Reaching safepoint: 7100 ns, Cleanup: 12500 ns, At safepoint: 2100 ns, Total: 21700 ns
[435.174s][info ][safepoint      ] Safepoint "Cleanup", Time since last: 1000104377 ns, Reaching safepoint: 5800 ns, Cleanup: 16500 ns, At safepoint: 1800 ns, Total: 24100 ns
[436.174s][info ][safepoint      ] Safepoint "Cleanup", Time since last: 1000102476 ns, Reaching safepoint: 5900 ns, Cleanup: 11500 ns, At safepoint: 1700 ns, Total: 19100 ns
[438.230s][info ][gc,start       ] GC(21) Pause Young (Allocation Failure)
[438.244s][debug][gc,phases      ] GC(21) Scavenge 13.113ms
[438.244s][debug][gc,ref         ] GC(21) ReferenceProcessor::execute queues: 1, RefProcThreadModel::Single, marks_oops_alive: false
[438.244s][debug][gc,ref         ] GC(21) Skipped KeepAliveFinalRefsPhase of Reference Processing: no references
[438.244s][debug][gc,ref         ] GC(21) ReferenceProcessor::execute queues: 1, RefProcThreadModel::Single, marks_oops_alive: false
[438.244s][debug][gc,phases      ] GC(21) Reference Processing 0.106ms
[438.244s][debug][gc,phases      ] GC(21)   VM Weak                        Min:  0.0, Avg:  0.0, Max:  0.0, Diff:  0.0, Sum:  0.0, Workers: 4
[438.244s][debug][gc,phases      ] GC(21)     Dead                           Min: 0, Avg:  0.0, Max: 0, Diff: 0, Sum: 0, Workers: 4
[438.244s][debug][gc,phases      ] GC(21)     Total                          Min: 0, Avg: 225.5, Max: 576, Diff: 576, Sum: 902, Workers: 4
[438.244s][debug][gc,phases      ] GC(21)   ObjectSynchronizer Weak        Min:  0.0, Avg:  0.0, Max:  0.0, Diff:  0.0, Sum:  0.0, Workers: 4
[438.244s][debug][gc,phases      ] GC(21)     Dead                           Min: 0, Avg:  0.0, Max: 0, Diff: 0, Sum: 0, Workers: 4
[438.244s][debug][gc,phases      ] GC(21)     Total                          Min: 0, Avg:  1.0, Max: 4, Diff: 4, Sum: 4, Workers: 4
[438.244s][debug][gc,phases      ] GC(21)   JVMTI Tag Weak OopStorage      Min:  0.0, Avg:  0.0, Max:  0.0, Diff:  0.0, Sum:  0.0, Workers: 4
[438.244s][debug][gc,phases      ] GC(21)     Dead                           Min: 0, Avg:  0.0, Max: 0, Diff: 0, Sum: 0, Workers: 4
[438.244s][debug][gc,phases      ] GC(21)     Total                          Min: 0, Avg:  0.0, Max: 0, Diff: 0, Sum: 0, Workers: 4
[438.244s][debug][gc,phases      ] GC(21)   StringTable Weak               Min:  0.0, Avg:  0.1, Max:  0.1, Diff:  0.1, Sum:  0.4, Workers: 4
[438.244s][debug][gc,phases      ] GC(21)     Dead                           Min: 0, Avg:  0.8, Max: 2, Diff: 2, Sum: 3, Workers: 4
[438.244s][debug][gc,phases      ] GC(21)     Total                          Min: 0, Avg: 11487.2, Max: 19583, Diff: 19583, Sum: 45949, Workers: 4
[438.244s][debug][gc,phases      ] GC(21)   ResolvedMethodTable Weak       Min:  0.0, Avg:  0.0, Max:  0.0, Diff:  0.0, Sum:  0.1, Workers: 4
[438.244s][debug][gc,phases      ] GC(21)     Dead                           Min: 0, Avg: 13.5, Max: 31, Diff: 31, Sum: 54, Workers: 4
[438.244s][debug][gc,phases      ] GC(21)     Total                          Min: 0, Avg: 3687.8, Max: 5966, Diff: 5966, Sum: 14751, Workers: 4
[438.244s][debug][gc,phases      ] GC(21)   JNI Weak                       Min:  0.0, Avg:  0.0, Max:  0.0, Diff:  0.0, Sum:  0.0, Workers: 4
[438.244s][debug][gc,phases      ] GC(21)     Dead                           Min: 0, Avg:  0.0, Max: 0, Diff: 0, Sum: 0, Workers: 4
[438.244s][debug][gc,phases      ] GC(21)     Total                          Min: 0, Avg: 13.0, Max: 52, Diff: 52, Sum: 52, Workers: 4
[438.244s][debug][gc,phases      ] GC(21)   StringDedup Table Weak         Min:  0.0, Avg:  0.0, Max:  0.0, Diff:  0.0, Sum:  0.0, Workers: 4
[438.244s][debug][gc,phases      ] GC(21)     Dead                           Min: 0, Avg:  0.0, Max: 0, Diff: 0, Sum: 0, Workers: 4
[438.244s][debug][gc,phases      ] GC(21)     Total                          Min: 0, Avg:  0.0, Max: 0, Diff: 0, Sum: 0, Workers: 4
[438.244s][debug][gc,phases      ] GC(21)   StringDedup Requests0 Weak     Min:  0.0, Avg:  0.0, Max:  0.0, Diff:  0.0, Sum:  0.0, Workers: 4
[438.244s][debug][gc,phases      ] GC(21)     Dead                           Min: 0, Avg:  0.0, Max: 0, Diff: 0, Sum: 0, Workers: 4
[438.244s][debug][gc,phases      ] GC(21)     Total                          Min: 0, Avg:  0.0, Max: 0, Diff: 0, Sum: 0, Workers: 4
[438.244s][debug][gc,phases      ] GC(21)   StringDedup Requests1 Weak     Min:  0.0, Avg:  0.0, Max:  0.0, Diff:  0.0, Sum:  0.0, Workers: 4
[438.244s][debug][gc,phases      ] GC(21)     Dead                           Min: 0, Avg:  0.0, Max: 0, Diff: 0, Sum: 0, Workers: 4
[438.244s][debug][gc,phases      ] GC(21)     Total                          Min: 0, Avg:  0.0, Max: 0, Diff: 0, Sum: 0, Workers: 4
[438.244s][debug][gc,phases      ] GC(21)   Weak JFR Old Object Samples    Min:  0.0, Avg:  0.0, Max:  0.0, Diff:  0.0, Sum:  0.0, Workers: 4
[438.244s][debug][gc,phases      ] GC(21)     Dead                           Min: 0, Avg:  0.0, Max: 0, Diff: 0, Sum: 0, Workers: 4
[438.244s][debug][gc,phases      ] GC(21)     Total                          Min: 0, Avg:  0.0, Max: 0, Diff: 0, Sum: 0, Workers: 4
[438.244s][debug][gc,phases      ] GC(21) Weak Processing 0.343ms
[438.244s][debug][gc,age         ] GC(21) Desired survivor size 224919552 bytes, new threshold 1 (max threshold 15)
[438.244s][info ][gc,heap        ] GC(21) PSYoungGen: 1646318K(1867776K)->13264K(1857536K) Eden: 1628160K(1628160K)->0K(1628160K) From: 18158K(239616K)->13264K(229376K)
[438.244s][info ][gc,heap        ] GC(21) ParOldGen: 263901K(264192K)->281112K(281600K)
[438.244s][info ][gc,metaspace   ] GC(21) Metaspace: 104741K(105984K)->104741K(105984K) NonClass: 88851K(89536K)->88851K(89536K) Class: 15889K(16448K)->15889K(16448K)
[438.244s][info ][gc             ] GC(21) Pause Young (Allocation Failure) 1865M->287M(2089M) 13.713ms
[438.244s][info ][gc,cpu         ] GC(21) User=0.04s Sys=0.01s Real=0.02s
[438.244s][info ][safepoint      ] Safepoint "ParallelGCFailedAllocation", Time since last: 2056666454 ns, Reaching safepoint: 77500 ns, Cleanup: 3700 ns, At safepoint: 13787392 ns, Total: 13868592 ns
[442.244s][info ][safepoint      ] Safepoint "Cleanup", Time since last: 4000298233 ns, Reaching safepoint: 5600 ns, Cleanup: 10000 ns, At safepoint: 2600 ns, Total: 18200 ns
[444.245s][info ][safepoint      ] Safepoint "Cleanup", Time since last: 2000173093 ns, Reaching safepoint: 5100 ns, Cleanup: 7400 ns, At safepoint: 1600 ns, Total: 14100 ns
[445.245s][info ][safepoint      ] Safepoint "Cleanup", Time since last: 1000107646 ns, Reaching safepoint: 6400 ns, Cleanup: 10000 ns, At safepoint: 2100 ns, Total: 18500 ns
[455.246s][info ][safepoint      ] Safepoint "Cleanup", Time since last: 10000770400 ns, Reaching safepoint: 5500 ns, Cleanup: 13100 ns, At safepoint: 2400 ns, Total: 21000 ns
[464.246s][info ][safepoint      ] Safepoint "Cleanup", Time since last: 9000671371 ns, Reaching safepoint: 5800 ns, Cleanup: 10900 ns, At safepoint: 2300 ns, Total: 19000 ns
[467.247s][info ][safepoint      ] Safepoint "Cleanup", Time since last: 3000247981 ns, Reaching safepoint: 5600 ns, Cleanup: 26100 ns, At safepoint: 1900 ns, Total: 33600 ns
[468.247s][info ][safepoint      ] Safepoint "Cleanup", Time since last: 1000110627 ns, Reaching safepoint: 5700 ns, Cleanup: 27300 ns, At safepoint: 1900 ns, Total: 34900 ns
[471.247s][info ][safepoint      ] Safepoint "Cleanup", Time since last: 3000246380 ns, Reaching safepoint: 6000 ns, Cleanup: 22200 ns, At safepoint: 1800 ns, Total: 30000 ns
[472.247s][info ][safepoint      ] Safepoint "Cleanup", Time since last: 1000116183 ns, Reaching safepoint: 5900 ns, Cleanup: 13300 ns, At safepoint: 2000 ns, Total: 21200 ns
[475.247s][info ][safepoint      ] Safepoint "Cleanup", Time since last: 3000254038 ns, Reaching safepoint: 5600 ns, Cleanup: 9500 ns, At safepoint: 2200 ns, Total: 17300 ns
[478.248s][info ][safepoint      ] Safepoint "Cleanup", Time since last: 3000249281 ns, Reaching safepoint: 6300 ns, Cleanup: 11700 ns, At safepoint: 2200 ns, Total: 20200 ns
[479.248s][info ][safepoint      ] Safepoint "Cleanup", Time since last: 1000103494 ns, Reaching safepoint: 6000 ns, Cleanup: 9200 ns, At safepoint: 1800 ns, Total: 17000 ns
[481.189s][info ][safepoint      ] Safepoint "Cleanup", Time since last: 1941518781 ns, Reaching safepoint: 5600 ns, Cleanup: 8700 ns, At safepoint: 1900 ns, Total: 16200 ns
[484.190s][info ][safepoint      ] Safepoint "Cleanup", Time since last: 3000260468 ns, Reaching safepoint: 5900 ns, Cleanup: 9300 ns, At safepoint: 2200 ns, Total: 17400 ns
[487.190s][info ][safepoint      ] Safepoint "Cleanup", Time since last: 3000256769 ns, Reaching safepoint: 5100 ns, Cleanup: 10600 ns, At safepoint: 1900 ns, Total: 17600 ns
[489.190s][info ][safepoint      ] Safepoint "Cleanup", Time since last: 2000186883 ns, Reaching safepoint: 6300 ns, Cleanup: 13700 ns, At safepoint: 2600 ns, Total: 22600 ns
[490.181s][info ][gc,start       ] GC(22) Pause Young (Allocation Failure)
[490.189s][debug][gc,phases      ] GC(22) Scavenge 7.373ms
[490.189s][debug][gc,ref         ] GC(22) ReferenceProcessor::execute queues: 1, RefProcThreadModel::Single, marks_oops_alive: false
[490.189s][debug][gc,ref         ] GC(22) Skipped KeepAliveFinalRefsPhase of Reference Processing: no references
[490.189s][debug][gc,ref         ] GC(22) ReferenceProcessor::execute queues: 1, RefProcThreadModel::Single, marks_oops_alive: false
[490.189s][debug][gc,phases      ] GC(22) Reference Processing 0.099ms
[490.189s][debug][gc,phases      ] GC(22)   VM Weak                        Min:  0.0, Avg:  0.0, Max:  0.0, Diff:  0.0, Sum:  0.0, Workers: 4
[490.189s][debug][gc,phases      ] GC(22)     Dead                           Min: 0, Avg:  0.0, Max: 0, Diff: 0, Sum: 0, Workers: 4
[490.189s][debug][gc,phases      ] GC(22)     Total                          Min: 0, Avg: 225.5, Max: 454, Diff: 454, Sum: 902, Workers: 4
[490.189s][debug][gc,phases      ] GC(22)   ObjectSynchronizer Weak        Min:  0.0, Avg:  0.0, Max:  0.0, Diff:  0.0, Sum:  0.0, Workers: 4
[490.189s][debug][gc,phases      ] GC(22)     Dead                           Min: 0, Avg:  0.0, Max: 0, Diff: 0, Sum: 0, Workers: 4
[490.189s][debug][gc,phases      ] GC(22)     Total                          Min: 0, Avg:  0.8, Max: 3, Diff: 3, Sum: 3, Workers: 4
[490.189s][debug][gc,phases      ] GC(22)   JVMTI Tag Weak OopStorage      Min:  0.0, Avg:  0.0, Max:  0.0, Diff:  0.0, Sum:  0.0, Workers: 4
[490.189s][debug][gc,phases      ] GC(22)     Dead                           Min: 0, Avg:  0.0, Max: 0, Diff: 0, Sum: 0, Workers: 4
[490.189s][debug][gc,phases      ] GC(22)     Total                          Min: 0, Avg:  0.0, Max: 0, Diff: 0, Sum: 0, Workers: 4
[490.189s][debug][gc,phases      ] GC(22)   StringTable Weak               Min:  0.0, Avg:  0.1, Max:  0.1, Diff:  0.1, Sum:  0.4, Workers: 4
[490.189s][debug][gc,phases      ] GC(22)     Dead                           Min: 0, Avg:  0.0, Max: 0, Diff: 0, Sum: 0, Workers: 4
[490.189s][debug][gc,phases      ] GC(22)     Total                          Min: 0, Avg: 11488.8, Max: 20032, Diff: 20032, Sum: 45955, Workers: 4
[490.189s][debug][gc,phases      ] GC(22)   ResolvedMethodTable Weak       Min:  0.0, Avg:  0.0, Max:  0.0, Diff:  0.0, Sum:  0.1, Workers: 4
[490.189s][debug][gc,phases      ] GC(22)     Dead                           Min: 0, Avg:  4.2, Max: 11, Diff: 11, Sum: 17, Workers: 4
[490.189s][debug][gc,phases      ] GC(22)     Total                          Min: 0, Avg: 3688.0, Max: 6354, Diff: 6354, Sum: 14752, Workers: 4
[490.189s][debug][gc,phases      ] GC(22)   JNI Weak                       Min:  0.0, Avg:  0.0, Max:  0.0, Diff:  0.0, Sum:  0.0, Workers: 4
[490.189s][debug][gc,phases      ] GC(22)     Dead                           Min: 0, Avg:  0.0, Max: 0, Diff: 0, Sum: 0, Workers: 4
[490.189s][debug][gc,phases      ] GC(22)     Total                          Min: 0, Avg: 13.0, Max: 52, Diff: 52, Sum: 52, Workers: 4
[490.189s][debug][gc,phases      ] GC(22)   StringDedup Table Weak         Min:  0.0, Avg:  0.0, Max:  0.0, Diff:  0.0, Sum:  0.0, Workers: 4
[490.189s][debug][gc,phases      ] GC(22)     Dead                           Min: 0, Avg:  0.0, Max: 0, Diff: 0, Sum: 0, Workers: 4
[490.189s][debug][gc,phases      ] GC(22)     Total                          Min: 0, Avg:  0.0, Max: 0, Diff: 0, Sum: 0, Workers: 4
[490.189s][debug][gc,phases      ] GC(22)   StringDedup Requests0 Weak     Min:  0.0, Avg:  0.0, Max:  0.0, Diff:  0.0, Sum:  0.0, Workers: 4
[490.189s][debug][gc,phases      ] GC(22)     Dead                           Min: 0, Avg:  0.0, Max: 0, Diff: 0, Sum: 0, Workers: 4
[490.189s][debug][gc,phases      ] GC(22)     Total                          Min: 0, Avg:  0.0, Max: 0, Diff: 0, Sum: 0, Workers: 4
[490.189s][debug][gc,phases      ] GC(22)   StringDedup Requests1 Weak     Min:  0.0, Avg:  0.0, Max:  0.0, Diff:  0.0, Sum:  0.0, Workers: 4
[490.189s][debug][gc,phases      ] GC(22)     Dead                           Min: 0, Avg:  0.0, Max: 0, Diff: 0, Sum: 0, Workers: 4
[490.189s][debug][gc,phases      ] GC(22)     Total                          Min: 0, Avg:  0.0, Max: 0, Diff: 0, Sum: 0, Workers: 4
[490.189s][debug][gc,phases      ] GC(22)   Weak JFR Old Object Samples    Min:  0.0, Avg:  0.0, Max:  0.0, Diff:  0.0, Sum:  0.0, Workers: 4
[490.189s][debug][gc,phases      ] GC(22)     Dead                           Min: 0, Avg:  0.0, Max: 0, Diff: 0, Sum: 0, Workers: 4
[490.189s][debug][gc,phases      ] GC(22)     Total                          Min: 0, Avg:  0.0, Max: 0, Diff: 0, Sum: 0, Workers: 4
[490.189s][debug][gc,phases      ] GC(22) Weak Processing 0.337ms
[490.189s][debug][gc,age         ] GC(22) Desired survivor size 216530944 bytes, new threshold 1 (max threshold 15)
[490.189s][info ][gc,heap        ] GC(22) PSYoungGen: 1641424K(1857536K)->2407K(1885696K) Eden: 1628160K(1628160K)->0K(1666048K) From: 13264K(229376K)->2407K(219648K)
[490.189s][info ][gc,heap        ] GC(22) ParOldGen: 281112K(281600K)->293621K(293888K)
[490.189s][info ][gc,metaspace   ] GC(22) Metaspace: 104762K(105984K)->104762K(105984K) NonClass: 88872K(89536K)->88872K(89536K) Class: 15889K(16448K)->15889K(16448K)
[490.189s][info ][gc             ] GC(22) Pause Young (Allocation Failure) 1877M->289M(2128M) 7.952ms
[490.189s][info ][gc,cpu         ] GC(22) User=0.02s Sys=0.01s Real=0.00s
[490.189s][info ][safepoint      ] Safepoint "ParallelGCFailedAllocation", Time since last: 991020138 ns, Reaching safepoint: 5000 ns, Cleanup: 11600 ns, At safepoint: 8024797 ns, Total: 8041397 ns
[491.189s][info ][safepoint      ] Safepoint "Cleanup", Time since last: 1000082936 ns, Reaching safepoint: 5000 ns, Cleanup: 11700 ns, At safepoint: 1900 ns, Total: 18600 ns
[494.190s][info ][safepoint      ] Safepoint "Cleanup", Time since last: 3000284505 ns, Reaching safepoint: 6400 ns, Cleanup: 8000 ns, At safepoint: 2000 ns, Total: 16400 ns
[499.190s][info ][safepoint      ] Safepoint "Cleanup", Time since last: 5000489234 ns, Reaching safepoint: 6300 ns, Cleanup: 10800 ns, At safepoint: 1900 ns, Total: 19000 ns
[501.190s][info ][safepoint      ] Safepoint "Cleanup", Time since last: 2000240141 ns, Reaching safepoint: 5600 ns, Cleanup: 8900 ns, At safepoint: 2300 ns, Total: 16800 ns
[504.191s][info ][safepoint      ] Safepoint "Cleanup", Time since last: 3000244563 ns, Reaching safepoint: 6300 ns, Cleanup: 8800 ns, At safepoint: 2100 ns, Total: 17200 ns
[506.191s][info ][safepoint      ] Safepoint "Cleanup", Time since last: 2000176985 ns, Reaching safepoint: 5800 ns, Cleanup: 10700 ns, At safepoint: 2100 ns, Total: 18600 ns
[507.191s][info ][safepoint      ] Safepoint "Cleanup", Time since last: 1000114278 ns, Reaching safepoint: 6200 ns, Cleanup: 6700 ns, At safepoint: 1900 ns, Total: 14800 ns
[510.191s][info ][safepoint      ] Safepoint "Cleanup", Time since last: 3000271535 ns, Reaching safepoint: 5500 ns, Cleanup: 7300 ns, At safepoint: 2100 ns, Total: 14900 ns
[511.191s][info ][safepoint      ] Safepoint "Cleanup", Time since last: 1000109378 ns, Reaching safepoint: 5700 ns, Cleanup: 8500 ns, At safepoint: 1800 ns, Total: 16000 ns
[512.191s][info ][safepoint      ] Safepoint "Cleanup", Time since last: 1000117728 ns, Reaching safepoint: 5300 ns, Cleanup: 19900 ns, At safepoint: 2000 ns, Total: 27200 ns
[515.192s][info ][safepoint      ] Safepoint "Cleanup", Time since last: 3000263545 ns, Reaching safepoint: 5500 ns, Cleanup: 9700 ns, At safepoint: 2000 ns, Total: 17200 ns
[516.192s][info ][safepoint      ] Safepoint "Cleanup", Time since last: 1000109685 ns, Reaching safepoint: 5600 ns, Cleanup: 18200 ns, At safepoint: 2100 ns, Total: 25900 ns
[518.192s][info ][safepoint      ] Safepoint "Cleanup", Time since last: 2000184370 ns, Reaching safepoint: 5700 ns, Cleanup: 10400 ns, At safepoint: 2000 ns, Total: 18100 ns
[522.192s][info ][safepoint      ] Safepoint "Cleanup", Time since last: 4000337745 ns, Reaching safepoint: 5300 ns, Cleanup: 9200 ns, At safepoint: 2000 ns, Total: 16500 ns
[524.193s][info ][safepoint      ] Safepoint "Cleanup", Time since last: 2000179358 ns, Reaching safepoint: 5700 ns, Cleanup: 9500 ns, At safepoint: 2200 ns, Total: 17400 ns
[526.193s][info ][safepoint      ] Safepoint "Cleanup", Time since last: 2000182757 ns, Reaching safepoint: 5200 ns, Cleanup: 15500 ns, At safepoint: 1800 ns, Total: 22500 ns
[527.193s][info ][safepoint      ] Safepoint "Cleanup", Time since last: 1000110879 ns, Reaching safepoint: 6400 ns, Cleanup: 13900 ns, At safepoint: 2000 ns, Total: 22300 ns
[528.193s][info ][safepoint      ] Safepoint "Cleanup", Time since last: 1000109279 ns, Reaching safepoint: 5900 ns, Cleanup: 27300 ns, At safepoint: 2200 ns, Total: 35400 ns
[530.193s][info ][safepoint      ] Safepoint "Cleanup", Time since last: 2000181081 ns, Reaching safepoint: 5200 ns, Cleanup: 9800 ns, At safepoint: 2100 ns, Total: 17100 ns
[531.193s][info ][safepoint      ] Safepoint "Cleanup", Time since last: 1000112143 ns, Reaching safepoint: 5700 ns, Cleanup: 13300 ns, At safepoint: 1800 ns, Total: 20800 ns
[532.194s][info ][safepoint      ] Safepoint "Cleanup", Time since last: 1000126243 ns, Reaching safepoint: 5800 ns, Cleanup: 9800 ns, At safepoint: 1900 ns, Total: 17500 ns
[537.194s][info ][safepoint      ] Safepoint "Cleanup", Time since last: 5000383592 ns, Reaching safepoint: 5200 ns, Cleanup: 13799 ns, At safepoint: 1800 ns, Total: 20799 ns
[538.194s][info ][safepoint      ] Safepoint "Cleanup", Time since last: 1000115198 ns, Reaching safepoint: 5400 ns, Cleanup: 8500 ns, At safepoint: 2000 ns, Total: 15900 ns
[539.194s][info ][safepoint      ] Safepoint "Cleanup", Time since last: 1000121098 ns, Reaching safepoint: 6200 ns, Cleanup: 15300 ns, At safepoint: 2300 ns, Total: 23800 ns
[540.783s][info ][gc,start       ] GC(23) Pause Young (Allocation Failure)
[540.787s][debug][gc,phases      ] GC(23) Scavenge 3.932ms
[540.787s][debug][gc,ref         ] GC(23) ReferenceProcessor::execute queues: 1, RefProcThreadModel::Single, marks_oops_alive: false
[540.787s][debug][gc,ref         ] GC(23) Skipped KeepAliveFinalRefsPhase of Reference Processing: no references
[540.787s][debug][gc,ref         ] GC(23) ReferenceProcessor::execute queues: 1, RefProcThreadModel::Single, marks_oops_alive: false
[540.787s][debug][gc,phases      ] GC(23) Reference Processing 0.100ms
[540.787s][debug][gc,phases      ] GC(23)   VM Weak                        Min:  0.0, Avg:  0.0, Max:  0.0, Diff:  0.0, Sum:  0.0, Workers: 4
[540.787s][debug][gc,phases      ] GC(23)     Dead                           Min: 0, Avg:  0.0, Max: 0, Diff: 0, Sum: 0, Workers: 4
[540.787s][debug][gc,phases      ] GC(23)     Total                          Min: 0, Avg: 225.5, Max: 454, Diff: 454, Sum: 902, Workers: 4
[540.787s][debug][gc,phases      ] GC(23)   ObjectSynchronizer Weak        Min:  0.0, Avg:  0.0, Max:  0.0, Diff:  0.0, Sum:  0.0, Workers: 4
[540.787s][debug][gc,phases      ] GC(23)     Dead                           Min: 0, Avg:  0.0, Max: 0, Diff: 0, Sum: 0, Workers: 4
[540.787s][debug][gc,phases      ] GC(23)     Total                          Min: 0, Avg:  0.8, Max: 3, Diff: 3, Sum: 3, Workers: 4
[540.787s][debug][gc,phases      ] GC(23)   JVMTI Tag Weak OopStorage      Min:  0.0, Avg:  0.0, Max:  0.0, Diff:  0.0, Sum:  0.0, Workers: 4
[540.787s][debug][gc,phases      ] GC(23)     Dead                           Min: 0, Avg:  0.0, Max: 0, Diff: 0, Sum: 0, Workers: 4
[540.787s][debug][gc,phases      ] GC(23)     Total                          Min: 0, Avg:  0.0, Max: 0, Diff: 0, Sum: 0, Workers: 4
[540.787s][debug][gc,phases      ] GC(23)   StringTable Weak               Min:  0.1, Avg:  0.1, Max:  0.1, Diff:  0.0, Sum:  0.5, Workers: 4
[540.787s][debug][gc,phases      ] GC(23)     Dead                           Min: 0, Avg:  0.2, Max: 1, Diff: 1, Sum: 1, Workers: 4
[540.787s][debug][gc,phases      ] GC(23)     Total                          Min: 10382, Avg: 11491.2, Max: 12096, Diff: 1714, Sum: 45965, Workers: 4
[540.787s][debug][gc,phases      ] GC(23)   ResolvedMethodTable Weak       Min:  0.0, Avg:  0.0, Max:  0.0, Diff:  0.0, Sum:  0.2, Workers: 4
[540.787s][debug][gc,phases      ] GC(23)     Dead                           Min: 0, Avg:  4.2, Max: 16, Diff: 16, Sum: 17, Workers: 4
[540.787s][debug][gc,phases      ] GC(23)     Total                          Min: 2993, Avg: 3690.5, Max: 4042, Diff: 1049, Sum: 14762, Workers: 4
[540.787s][debug][gc,phases      ] GC(23)   JNI Weak                       Min:  0.0, Avg:  0.0, Max:  0.0, Diff:  0.0, Sum:  0.0, Workers: 4
[540.787s][debug][gc,phases      ] GC(23)     Dead                           Min: 0, Avg:  0.0, Max: 0, Diff: 0, Sum: 0, Workers: 4
[540.787s][debug][gc,phases      ] GC(23)     Total                          Min: 0, Avg: 13.0, Max: 52, Diff: 52, Sum: 52, Workers: 4
[540.787s][debug][gc,phases      ] GC(23)   StringDedup Table Weak         Min:  0.0, Avg:  0.0, Max:  0.0, Diff:  0.0, Sum:  0.0, Workers: 4
[540.787s][debug][gc,phases      ] GC(23)     Dead                           Min: 0, Avg:  0.0, Max: 0, Diff: 0, Sum: 0, Workers: 4
[540.787s][debug][gc,phases      ] GC(23)     Total                          Min: 0, Avg:  0.0, Max: 0, Diff: 0, Sum: 0, Workers: 4
[540.787s][debug][gc,phases      ] GC(23)   StringDedup Requests0 Weak     Min:  0.0, Avg:  0.0, Max:  0.0, Diff:  0.0, Sum:  0.0, Workers: 4
[540.787s][debug][gc,phases      ] GC(23)     Dead                           Min: 0, Avg:  0.0, Max: 0, Diff: 0, Sum: 0, Workers: 4
[540.787s][debug][gc,phases      ] GC(23)     Total                          Min: 0, Avg:  0.0, Max: 0, Diff: 0, Sum: 0, Workers: 4
[540.787s][debug][gc,phases      ] GC(23)   StringDedup Requests1 Weak     Min:  0.0, Avg:  0.0, Max:  0.0, Diff:  0.0, Sum:  0.0, Workers: 4
[540.787s][debug][gc,phases      ] GC(23)     Dead                           Min: 0, Avg:  0.0, Max: 0, Diff: 0, Sum: 0, Workers: 4
[540.787s][debug][gc,phases      ] GC(23)     Total                          Min: 0, Avg:  0.0, Max: 0, Diff: 0, Sum: 0, Workers: 4
[540.787s][debug][gc,phases      ] GC(23)   Weak JFR Old Object Samples    Min:  0.0, Avg:  0.0, Max:  0.0, Diff:  0.0, Sum:  0.0, Workers: 4
[540.787s][debug][gc,phases      ] GC(23)     Dead                           Min: 0, Avg:  0.0, Max: 0, Diff: 0, Sum: 0, Workers: 4
[540.787s][debug][gc,phases      ] GC(23)     Total                          Min: 0, Avg:  0.0, Max: 0, Diff: 0, Sum: 0, Workers: 4
[540.787s][debug][gc,phases      ] GC(23) Weak Processing 0.390ms
[540.787s][debug][gc,age         ] GC(23) Desired survivor size 207093760 bytes, new threshold 1 (max threshold 15)
[540.787s][info ][gc,heap        ] GC(23) PSYoungGen: 1668455K(1885696K)->4312K(1877504K) Eden: 1666048K(1666048K)->0K(1666048K) From: 2407K(219648K)->4312K(211456K)
[540.787s][info ][gc,heap        ] GC(23) ParOldGen: 293621K(293888K)->294576K(294912K)
[540.787s][info ][gc,metaspace   ] GC(23) Metaspace: 104788K(105984K)->104788K(105984K) NonClass: 88896K(89536K)->88896K(89536K) Class: 15892K(16448K)->15892K(16448K)
[540.787s][info ][gc             ] GC(23) Pause Young (Allocation Failure) 1916M->291M(2121M) 4.537ms
[540.787s][info ][gc,cpu         ] GC(23) User=0.01s Sys=0.00s Real=0.00s
[540.787s][info ][safepoint      ] Safepoint "ParallelGCFailedAllocation", Time since last: 1588622275 ns, Reaching safepoint: 7900 ns, Cleanup: 4800 ns, At safepoint: 4609696 ns, Total: 4622396 ns
[541.788s][info ][safepoint      ] Safepoint "Cleanup", Time since last: 1000088805 ns, Reaching safepoint: 7000 ns, Cleanup: 23700 ns, At safepoint: 1900 ns, Total: 32600 ns
[542.788s][info ][safepoint      ] Safepoint "Cleanup", Time since last: 1000109305 ns, Reaching safepoint: 5800 ns, Cleanup: 12000 ns, At safepoint: 2100 ns, Total: 19900 ns
[544.788s][info ][safepoint      ] Safepoint "Cleanup", Time since last: 2000174765 ns, Reaching safepoint: 6000 ns, Cleanup: 10800 ns, At safepoint: 1500 ns, Total: 18300 ns
[545.788s][info ][safepoint      ] Safepoint "Cleanup", Time since last: 1000108376 ns, Reaching safepoint: 5600 ns, Cleanup: 8300 ns, At safepoint: 1500 ns, Total: 15400 ns
[549.788s][info ][safepoint      ] Safepoint "Cleanup", Time since last: 4000350902 ns, Reaching safepoint: 6300 ns, Cleanup: 16200 ns, At safepoint: 2400 ns, Total: 24900 ns
[550.789s][info ][safepoint      ] Safepoint "Cleanup", Time since last: 1000115314 ns, Reaching safepoint: 6300 ns, Cleanup: 8200 ns, At safepoint: 1700 ns, Total: 16200 ns
[554.791s][info ][safepoint      ] Safepoint "Cleanup", Time since last: 4000347091 ns, Reaching safepoint: 2134799 ns, Cleanup: 7800 ns, At safepoint: 3200 ns, Total: 2145799 ns
[555.791s][info ][safepoint      ] Safepoint "Cleanup", Time since last: 1000271094 ns, Reaching safepoint: 6400 ns, Cleanup: 20700 ns, At safepoint: 2000 ns, Total: 29100 ns
[556.792s][info ][safepoint      ] Safepoint "Cleanup", Time since last: 1000114494 ns, Reaching safepoint: 82100 ns, Cleanup: 12200 ns, At safepoint: 6400 ns, Total: 100700 ns
[559.792s][info ][safepoint      ] Safepoint "Cleanup", Time since last: 3000264582 ns, Reaching safepoint: 6200 ns, Cleanup: 12600 ns, At safepoint: 2000 ns, Total: 20800 ns
[560.792s][info ][safepoint      ] Safepoint "Cleanup", Time since last: 1000111335 ns, Reaching safepoint: 6000 ns, Cleanup: 11900 ns, At safepoint: 1800 ns, Total: 19700 ns
[561.792s][info ][safepoint      ] Safepoint "Cleanup", Time since last: 1000128083 ns, Reaching safepoint: 6300 ns, Cleanup: 12500 ns, At safepoint: 2100 ns, Total: 20900 ns
[562.792s][info ][safepoint      ] Safepoint "Cleanup", Time since last: 1000105582 ns, Reaching safepoint: 6200 ns, Cleanup: 16800 ns, At safepoint: 1500 ns, Total: 24500 ns
[563.792s][info ][safepoint      ] Safepoint "Cleanup", Time since last: 1000111583 ns, Reaching safepoint: 6800 ns, Cleanup: 9900 ns, At safepoint: 1800 ns, Total: 18500 ns
[564.793s][info ][safepoint      ] Safepoint "Cleanup", Time since last: 1000117182 ns, Reaching safepoint: 6400 ns, Cleanup: 10600 ns, At safepoint: 1800 ns, Total: 18800 ns
[565.793s][info ][safepoint      ] Safepoint "Cleanup", Time since last: 1000110582 ns, Reaching safepoint: 5700 ns, Cleanup: 8800 ns, At safepoint: 2100 ns, Total: 16600 ns
[566.793s][info ][safepoint      ] Safepoint "Cleanup", Time since last: 1000119783 ns, Reaching safepoint: 5500 ns, Cleanup: 101300 ns, At safepoint: 2700 ns, Total: 109500 ns
[567.793s][info ][safepoint      ] Safepoint "Cleanup", Time since last: 1000085882 ns, Reaching safepoint: 6700 ns, Cleanup: 61200 ns, At safepoint: 1900 ns, Total: 69800 ns
[568.793s][info ][safepoint      ] Safepoint "Cleanup", Time since last: 1000124147 ns, Reaching safepoint: 6300 ns, Cleanup: 45600 ns, At safepoint: 2100 ns, Total: 54000 ns
[569.793s][info ][safepoint      ] Safepoint "Cleanup", Time since last: 1000132752 ns, Reaching safepoint: 5600 ns, Cleanup: 21500 ns, At safepoint: 1600 ns, Total: 28700 ns
[570.794s][info ][safepoint      ] Safepoint "Cleanup", Time since last: 1000107453 ns, Reaching safepoint: 6300 ns, Cleanup: 20600 ns, At safepoint: 2500 ns, Total: 29400 ns
[572.794s][info ][safepoint      ] Safepoint "Cleanup", Time since last: 2000178804 ns, Reaching safepoint: 5600 ns, Cleanup: 14600 ns, At safepoint: 2200 ns, Total: 22400 ns
[573.794s][info ][safepoint      ] Safepoint "Cleanup", Time since last: 1000113785 ns, Reaching safepoint: 5800 ns, Cleanup: 10300 ns, At safepoint: 25600 ns, Total: 41700 ns
[574.794s][info ][safepoint      ] Safepoint "Cleanup", Time since last: 1000102199 ns, Reaching safepoint: 6200 ns, Cleanup: 10700 ns, At safepoint: 1700 ns, Total: 18600 ns
[575.794s][info ][safepoint      ] Safepoint "Cleanup", Time since last: 1000109298 ns, Reaching safepoint: 5800 ns, Cleanup: 14400 ns, At safepoint: 2300 ns, Total: 22500 ns
[576.794s][info ][safepoint      ] Safepoint "Cleanup", Time since last: 1000134793 ns, Reaching safepoint: 6200 ns, Cleanup: 9500 ns, At safepoint: 2100 ns, Total: 17800 ns
[578.795s][info ][safepoint      ] Safepoint "Cleanup", Time since last: 2000200911 ns, Reaching safepoint: 5900 ns, Cleanup: 11500 ns, At safepoint: 2200 ns, Total: 19600 ns
[579.795s][info ][safepoint      ] Safepoint "Cleanup", Time since last: 1000128706 ns, Reaching safepoint: 5800 ns, Cleanup: 11900 ns, At safepoint: 1700 ns, Total: 19400 ns
[581.795s][info ][safepoint      ] Safepoint "Cleanup", Time since last: 2000173611 ns, Reaching safepoint: 6100 ns, Cleanup: 7200 ns, At safepoint: 1900 ns, Total: 15200 ns
[582.795s][info ][safepoint      ] Safepoint "Cleanup", Time since last: 1000131205 ns, Reaching safepoint: 6000 ns, Cleanup: 10500 ns, At safepoint: 1900 ns, Total: 18400 ns
[583.795s][info ][safepoint      ] Safepoint "Cleanup", Time since last: 1000135106 ns, Reaching safepoint: 6500 ns, Cleanup: 9600 ns, At safepoint: 1900 ns, Total: 18000 ns
[584.795s][info ][safepoint      ] Safepoint "Cleanup", Time since last: 1000140313 ns, Reaching safepoint: 5900 ns, Cleanup: 12600 ns, At safepoint: 2100 ns, Total: 20600 ns
[585.795s][info ][safepoint      ] Safepoint "Cleanup", Time since last: 1000140997 ns, Reaching safepoint: 6100 ns, Cleanup: 21600 ns, At safepoint: 1900 ns, Total: 29600 ns
[586.796s][info ][safepoint      ] Safepoint "Cleanup", Time since last: 1000135598 ns, Reaching safepoint: 6100 ns, Cleanup: 9200 ns, At safepoint: 2100 ns, Total: 17400 ns
[587.796s][info ][safepoint      ] Safepoint "Cleanup", Time since last: 1000152898 ns, Reaching safepoint: 6000 ns, Cleanup: 19600 ns, At safepoint: 2200 ns, Total: 27800 ns
[589.796s][info ][safepoint      ] Safepoint "Cleanup", Time since last: 2000228596 ns, Reaching safepoint: 5600 ns, Cleanup: 7900 ns, At safepoint: 2200 ns, Total: 15700 ns
[590.796s][info ][safepoint      ] Safepoint "Cleanup", Time since last: 1000130397 ns, Reaching safepoint: 6100 ns, Cleanup: 13900 ns, At safepoint: 1800 ns, Total: 21800 ns
[591.796s][info ][safepoint      ] Safepoint "Cleanup", Time since last: 1000134798 ns, Reaching safepoint: 6900 ns, Cleanup: 9200 ns, At safepoint: 2200 ns, Total: 18300 ns
[592.796s][info ][safepoint      ] Safepoint "Cleanup", Time since last: 1000116981 ns, Reaching safepoint: 6100 ns, Cleanup: 11300 ns, At safepoint: 1800 ns, Total: 19200 ns
[593.797s][info ][safepoint      ] Safepoint "Cleanup", Time since last: 1000105860 ns, Reaching safepoint: 7200 ns, Cleanup: 11100 ns, At safepoint: 2200 ns, Total: 20500 ns
[594.589s][info ][gc,start       ] GC(24) Pause Young (Allocation Failure)
[594.597s][debug][gc,phases      ] GC(24) Scavenge 7.933ms
[594.597s][debug][gc,ref         ] GC(24) ReferenceProcessor::execute queues: 1, RefProcThreadModel::Single, marks_oops_alive: false
[594.597s][debug][gc,ref         ] GC(24) Skipped KeepAliveFinalRefsPhase of Reference Processing: no references
[594.597s][debug][gc,ref         ] GC(24) ReferenceProcessor::execute queues: 1, RefProcThreadModel::Single, marks_oops_alive: false
[594.597s][debug][gc,phases      ] GC(24) Reference Processing 0.122ms
[594.598s][debug][gc,phases      ] GC(24)   VM Weak                        Min:  0.0, Avg:  0.0, Max:  0.0, Diff:  0.0, Sum:  0.0, Workers: 4
[594.598s][debug][gc,phases      ] GC(24)     Dead                           Min: 0, Avg:  0.0, Max: 0, Diff: 0, Sum: 0, Workers: 4
[594.598s][debug][gc,phases      ] GC(24)     Total                          Min: 0, Avg: 226.2, Max: 905, Diff: 905, Sum: 905, Workers: 4
[594.598s][debug][gc,phases      ] GC(24)   ObjectSynchronizer Weak        Min:  0.0, Avg:  0.0, Max:  0.0, Diff:  0.0, Sum:  0.0, Workers: 4
[594.598s][debug][gc,phases      ] GC(24)     Dead                           Min: 0, Avg:  0.0, Max: 0, Diff: 0, Sum: 0, Workers: 4
[594.598s][debug][gc,phases      ] GC(24)     Total                          Min: 0, Avg:  1.0, Max: 4, Diff: 4, Sum: 4, Workers: 4
[594.598s][debug][gc,phases      ] GC(24)   JVMTI Tag Weak OopStorage      Min:  0.0, Avg:  0.0, Max:  0.0, Diff:  0.0, Sum:  0.0, Workers: 4
[594.598s][debug][gc,phases      ] GC(24)     Dead                           Min: 0, Avg:  0.0, Max: 0, Diff: 0, Sum: 0, Workers: 4
[594.598s][debug][gc,phases      ] GC(24)     Total                          Min: 0, Avg:  0.0, Max: 0, Diff: 0, Sum: 0, Workers: 4
[594.598s][debug][gc,phases      ] GC(24)   StringTable Weak               Min:  0.1, Avg:  0.1, Max:  0.1, Diff:  0.0, Sum:  0.4, Workers: 4
[594.598s][debug][gc,phases      ] GC(24)     Dead                           Min: 0, Avg:  1.2, Max: 4, Diff: 4, Sum: 5, Workers: 4
[594.598s][debug][gc,phases      ] GC(24)     Total                          Min: 11328, Avg: 11510.5, Max: 11648, Diff: 320, Sum: 46042, Workers: 4
[594.598s][debug][gc,phases      ] GC(24)   ResolvedMethodTable Weak       Min:  0.0, Avg:  0.0, Max:  0.0, Diff:  0.0, Sum:  0.1, Workers: 4
[594.598s][debug][gc,phases      ] GC(24)     Dead                           Min: 0, Avg:  6.5, Max: 19, Diff: 19, Sum: 26, Workers: 4
[594.598s][debug][gc,phases      ] GC(24)     Total                          Min: 3554, Avg: 3706.5, Max: 3870, Diff: 316, Sum: 14826, Workers: 4
[594.598s][debug][gc,phases      ] GC(24)   JNI Weak                       Min:  0.0, Avg:  0.0, Max:  0.0, Diff:  0.0, Sum:  0.0, Workers: 4
[594.598s][debug][gc,phases      ] GC(24)     Dead                           Min: 0, Avg:  0.0, Max: 0, Diff: 0, Sum: 0, Workers: 4
[594.598s][debug][gc,phases      ] GC(24)     Total                          Min: 0, Avg: 13.0, Max: 52, Diff: 52, Sum: 52, Workers: 4
[594.598s][debug][gc,phases      ] GC(24)   StringDedup Table Weak         Min:  0.0, Avg:  0.0, Max:  0.0, Diff:  0.0, Sum:  0.0, Workers: 4
[594.598s][debug][gc,phases      ] GC(24)     Dead                           Min: 0, Avg:  0.0, Max: 0, Diff: 0, Sum: 0, Workers: 4
[594.598s][debug][gc,phases      ] GC(24)     Total                          Min: 0, Avg:  0.0, Max: 0, Diff: 0, Sum: 0, Workers: 4
[594.598s][debug][gc,phases      ] GC(24)   StringDedup Requests0 Weak     Min:  0.0, Avg:  0.0, Max:  0.0, Diff:  0.0, Sum:  0.0, Workers: 4
[594.598s][debug][gc,phases      ] GC(24)     Dead                           Min: 0, Avg:  0.0, Max: 0, Diff: 0, Sum: 0, Workers: 4
[594.598s][debug][gc,phases      ] GC(24)     Total                          Min: 0, Avg:  0.0, Max: 0, Diff: 0, Sum: 0, Workers: 4
[594.598s][debug][gc,phases      ] GC(24)   StringDedup Requests1 Weak     Min:  0.0, Avg:  0.0, Max:  0.0, Diff:  0.0, Sum:  0.0, Workers: 4
[594.598s][debug][gc,phases      ] GC(24)     Dead                           Min: 0, Avg:  0.0, Max: 0, Diff: 0, Sum: 0, Workers: 4
[594.598s][debug][gc,phases      ] GC(24)     Total                          Min: 0, Avg:  0.0, Max: 0, Diff: 0, Sum: 0, Workers: 4
[594.598s][debug][gc,phases      ] GC(24)   Weak JFR Old Object Samples    Min:  0.0, Avg:  0.0, Max:  0.0, Diff:  0.0, Sum:  0.0, Workers: 4
[594.598s][debug][gc,phases      ] GC(24)     Dead                           Min: 0, Avg:  0.0, Max: 0, Diff: 0, Sum: 0, Workers: 4
[594.598s][debug][gc,phases      ] GC(24)     Total                          Min: 0, Avg:  0.0, Max: 0, Diff: 0, Sum: 0, Workers: 4
[594.598s][debug][gc,phases      ] GC(24) Weak Processing 0.441ms
[594.598s][debug][gc,age         ] GC(24) Desired survivor size 196608000 bytes, new threshold 1 (max threshold 15)
[594.598s][info ][gc,heap        ] GC(24) PSYoungGen: 1670360K(1877504K)->9216K(1905152K) Eden: 1666048K(1666048K)->0K(1702912K) From: 4312K(211456K)->9216K(202240K)
[594.598s][info ][gc,heap        ] GC(24) ParOldGen: 294576K(294912K)->297273K(297472K)
[594.598s][info ][gc,metaspace   ] GC(24) Metaspace: 105145K(106368K)->105145K(106368K) NonClass: 89210K(89920K)->89210K(89920K) Class: 15934K(16448K)->15934K(16448K)
[594.598s][info ][gc             ] GC(24) Pause Young (Allocation Failure) 1918M->299M(2151M) 8.609ms
[594.598s][info ][gc,cpu         ] GC(24) User=0.02s Sys=0.00s Real=0.01s
[594.598s][info ][safepoint      ] Safepoint "ParallelGCFailedAllocation", Time since last: 791982952 ns, Reaching safepoint: 476900 ns, Cleanup: 20600 ns, At safepoint: 8692996 ns, Total: 9190496 ns
[596.600s][info ][safepoint      ] Safepoint "Cleanup", Time since last: 2002295319 ns, Reaching safepoint: 6400 ns, Cleanup: 11200 ns, At safepoint: 2200 ns, Total: 19800 ns
[597.600s][info ][safepoint      ] Safepoint "Cleanup", Time since last: 1000097960 ns, Reaching safepoint: 6600 ns, Cleanup: 14800 ns, At safepoint: 2100 ns, Total: 23500 ns
[599.600s][info ][safepoint      ] Safepoint "Cleanup", Time since last: 2000165520 ns, Reaching safepoint: 6000 ns, Cleanup: 8000 ns, At safepoint: 2000 ns, Total: 16000 ns
[601.227s][info ][safepoint      ] Safepoint "Cleanup", Time since last: 1626993641 ns, Reaching safepoint: 7000 ns, Cleanup: 13800 ns, At safepoint: 2500 ns, Total: 23300 ns
[602.228s][info ][safepoint      ] Safepoint "Cleanup", Time since last: 1000099359 ns, Reaching safepoint: 6700 ns, Cleanup: 12900 ns, At safepoint: 2400 ns, Total: 22000 ns
[603.228s][info ][safepoint      ] Safepoint "Cleanup", Time since last: 1000105560 ns, Reaching safepoint: 7100 ns, Cleanup: 11699 ns, At safepoint: 2400 ns, Total: 21199 ns
[604.228s][info ][safepoint      ] Safepoint "Cleanup", Time since last: 1000102660 ns, Reaching safepoint: 6800 ns, Cleanup: 11200 ns, At safepoint: 2200 ns, Total: 20200 ns
[605.228s][info ][safepoint      ] Safepoint "Cleanup", Time since last: 1000102859 ns, Reaching safepoint: 6100 ns, Cleanup: 13600 ns, At safepoint: 2400 ns, Total: 22100 ns
[606.228s][info ][safepoint      ] Safepoint "Cleanup", Time since last: 1000101159 ns, Reaching safepoint: 6500 ns, Cleanup: 13200 ns, At safepoint: 2500 ns, Total: 22200 ns
[607.228s][info ][safepoint      ] Safepoint "Cleanup", Time since last: 1000121059 ns, Reaching safepoint: 6700 ns, Cleanup: 10300 ns, At safepoint: 2300 ns, Total: 19300 ns
[608.228s][info ][safepoint      ] Safepoint "Cleanup", Time since last: 1000106359 ns, Reaching safepoint: 6500 ns, Cleanup: 9700 ns, At safepoint: 2400 ns, Total: 18600 ns
[609.228s][info ][safepoint      ] Safepoint "Cleanup", Time since last: 1000103257 ns, Reaching safepoint: 5900 ns, Cleanup: 12100 ns, At safepoint: 2000 ns, Total: 20000 ns
[610.229s][info ][safepoint      ] Safepoint "Cleanup", Time since last: 1000103126 ns, Reaching safepoint: 7600 ns, Cleanup: 11800 ns, At safepoint: 2400 ns, Total: 21800 ns
[612.229s][info ][safepoint      ] Safepoint "Cleanup", Time since last: 2000168954 ns, Reaching safepoint: 78100 ns, Cleanup: 12500 ns, At safepoint: 8000 ns, Total: 98600 ns
[613.229s][info ][safepoint      ] Safepoint "Cleanup", Time since last: 1000113126 ns, Reaching safepoint: 78700 ns, Cleanup: 9700 ns, At safepoint: 5900 ns, Total: 94300 ns
[614.579s][info ][safepoint      ] Safepoint "Cleanup", Time since last: 1350045997 ns, Reaching safepoint: 8300 ns, Cleanup: 17300 ns, At safepoint: 2600 ns, Total: 28200 ns
[616.579s][info ][safepoint      ] Safepoint "Cleanup", Time since last: 2000185515 ns, Reaching safepoint: 7500 ns, Cleanup: 59900 ns, At safepoint: 2600 ns, Total: 70000 ns
[617.580s][info ][safepoint      ] Safepoint "Cleanup", Time since last: 1000111522 ns, Reaching safepoint: 80700 ns, Cleanup: 12800 ns, At safepoint: 7500 ns, Total: 101000 ns
[620.580s][info ][safepoint      ] Safepoint "Cleanup", Time since last: 3000272369 ns, Reaching safepoint: 81700 ns, Cleanup: 8900 ns, At safepoint: 8700 ns, Total: 99300 ns
[621.580s][info ][safepoint      ] Safepoint "Cleanup", Time since last: 1000125122 ns, Reaching safepoint: 80100 ns, Cleanup: 13400 ns, At safepoint: 7200 ns, Total: 100700 ns
[625.581s][info ][safepoint      ] Safepoint "Cleanup", Time since last: 4000343305 ns, Reaching safepoint: 88700 ns, Cleanup: 14400 ns, At safepoint: 10600 ns, Total: 113700 ns
[627.581s][info ][safepoint      ] Safepoint "Cleanup", Time since last: 2000234999 ns, Reaching safepoint: 118200 ns, Cleanup: 22900 ns, At safepoint: 9600 ns, Total: 150700 ns
[628.582s][info ][safepoint      ] Safepoint "Cleanup", Time since last: 1000857449 ns, Reaching safepoint: 96700 ns, Cleanup: 16799 ns, At safepoint: 7200 ns, Total: 120699 ns
[633.583s][info ][safepoint      ] Safepoint "Cleanup", Time since last: 5000424269 ns, Reaching safepoint: 81900 ns, Cleanup: 8800 ns, At safepoint: 6200 ns, Total: 96900 ns
[636.583s][info ][safepoint      ] Safepoint "Cleanup", Time since last: 3000299648 ns, Reaching safepoint: 80700 ns, Cleanup: 8400 ns, At safepoint: 6900 ns, Total: 96000 ns
[637.583s][info ][safepoint      ] Safepoint "Cleanup", Time since last: 1000132283 ns, Reaching safepoint: 81899 ns, Cleanup: 8600 ns, At safepoint: 6900 ns, Total: 97399 ns
[638.583s][info ][safepoint      ] Safepoint "Cleanup", Time since last: 1000127183 ns, Reaching safepoint: 81400 ns, Cleanup: 30300 ns, At safepoint: 6900 ns, Total: 118600 ns
[639.584s][info ][safepoint      ] Safepoint "Cleanup", Time since last: 1000125482 ns, Reaching safepoint: 81000 ns, Cleanup: 29700 ns, At safepoint: 10700 ns, Total: 121400 ns
[640.584s][info ][safepoint      ] Safepoint "Cleanup", Time since last: 1000114720 ns, Reaching safepoint: 81700 ns, Cleanup: 10700 ns, At safepoint: 6900 ns, Total: 99300 ns
[642.584s][info ][safepoint      ] Safepoint "Cleanup", Time since last: 2000211618 ns, Reaching safepoint: 26300 ns, Cleanup: 24000 ns, At safepoint: 6000 ns, Total: 56300 ns
[643.584s][info ][safepoint      ] Safepoint "Cleanup", Time since last: 1000133310 ns, Reaching safepoint: 80500 ns, Cleanup: 8400 ns, At safepoint: 6600 ns, Total: 95500 ns
[646.585s][info ][safepoint      ] Safepoint "Cleanup", Time since last: 3000286127 ns, Reaching safepoint: 81700 ns, Cleanup: 16900 ns, At safepoint: 6500 ns, Total: 105100 ns
[647.585s][info ][safepoint      ] Safepoint "Cleanup", Time since last: 1000141310 ns, Reaching safepoint: 6100 ns, Cleanup: 15200 ns, At safepoint: 1600 ns, Total: 22900 ns
[648.585s][info ][safepoint      ] Safepoint "Cleanup", Time since last: 1000116473 ns, Reaching safepoint: 81400 ns, Cleanup: 7600 ns, At safepoint: 7300 ns, Total: 96300 ns
[649.585s][info ][safepoint      ] Safepoint "Cleanup", Time since last: 1000116877 ns, Reaching safepoint: 5700 ns, Cleanup: 16200 ns, At safepoint: 1700 ns, Total: 23600 ns
[649.936s][info ][gc,start       ] GC(25) Pause Young (Allocation Failure)
[649.942s][debug][gc,phases      ] GC(25) Scavenge 5.981ms
[649.943s][debug][gc,ref         ] GC(25) ReferenceProcessor::execute queues: 1, RefProcThreadModel::Single, marks_oops_alive: false
[649.943s][debug][gc,ref         ] GC(25) Skipped KeepAliveFinalRefsPhase of Reference Processing: no references
[649.943s][debug][gc,ref         ] GC(25) ReferenceProcessor::execute queues: 1, RefProcThreadModel::Single, marks_oops_alive: false
[649.943s][debug][gc,phases      ] GC(25) Reference Processing 0.095ms
[649.943s][debug][gc,phases      ] GC(25)   VM Weak                        Min:  0.0, Avg:  0.0, Max:  0.0, Diff:  0.0, Sum:  0.0, Workers: 4
[649.943s][debug][gc,phases      ] GC(25)     Dead                           Min: 0, Avg:  0.0, Max: 0, Diff: 0, Sum: 0, Workers: 4
[649.943s][debug][gc,phases      ] GC(25)     Total                          Min: 0, Avg: 226.5, Max: 512, Diff: 512, Sum: 906, Workers: 4
[649.943s][debug][gc,phases      ] GC(25)   ObjectSynchronizer Weak        Min:  0.0, Avg:  0.0, Max:  0.0, Diff:  0.0, Sum:  0.0, Workers: 4
[649.943s][debug][gc,phases      ] GC(25)     Dead                           Min: 0, Avg:  0.0, Max: 0, Diff: 0, Sum: 0, Workers: 4
[649.943s][debug][gc,phases      ] GC(25)     Total                          Min: 0, Avg:  1.0, Max: 4, Diff: 4, Sum: 4, Workers: 4
[649.943s][debug][gc,phases      ] GC(25)   JVMTI Tag Weak OopStorage      Min:  0.0, Avg:  0.0, Max:  0.0, Diff:  0.0, Sum:  0.0, Workers: 4
[649.943s][debug][gc,phases      ] GC(25)     Dead                           Min: 0, Avg:  0.0, Max: 0, Diff: 0, Sum: 0, Workers: 4
[649.943s][debug][gc,phases      ] GC(25)     Total                          Min: 0, Avg:  0.0, Max: 0, Diff: 0, Sum: 0, Workers: 4
[649.943s][debug][gc,phases      ] GC(25)   StringTable Weak               Min:  0.0, Avg:  0.1, Max:  0.1, Diff:  0.1, Sum:  0.4, Workers: 4
[649.943s][debug][gc,phases      ] GC(25)     Dead                           Min: 0, Avg:  0.2, Max: 1, Diff: 1, Sum: 1, Workers: 4
[649.943s][debug][gc,phases      ] GC(25)     Total                          Min: 0, Avg: 11531.0, Max: 19968, Diff: 19968, Sum: 46124, Workers: 4
[649.943s][debug][gc,phases      ] GC(25)   ResolvedMethodTable Weak       Min:  0.0, Avg:  0.0, Max:  0.0, Diff:  0.0, Sum:  0.1, Workers: 4
[649.943s][debug][gc,phases      ] GC(25)     Dead                           Min: 0, Avg: 14.2, Max: 40, Diff: 40, Sum: 57, Workers: 4
[649.943s][debug][gc,phases      ] GC(25)     Total                          Min: 0, Avg: 3724.0, Max: 6448, Diff: 6448, Sum: 14896, Workers: 4
[649.943s][debug][gc,phases      ] GC(25)   JNI Weak                       Min:  0.0, Avg:  0.0, Max:  0.0, Diff:  0.0, Sum:  0.0, Workers: 4
[649.943s][debug][gc,phases      ] GC(25)     Dead                           Min: 0, Avg:  0.0, Max: 0, Diff: 0, Sum: 0, Workers: 4
[649.943s][debug][gc,phases      ] GC(25)     Total                          Min: 0, Avg: 13.0, Max: 52, Diff: 52, Sum: 52, Workers: 4
[649.943s][debug][gc,phases      ] GC(25)   StringDedup Table Weak         Min:  0.0, Avg:  0.0, Max:  0.0, Diff:  0.0, Sum:  0.0, Workers: 4
[649.943s][debug][gc,phases      ] GC(25)     Dead                           Min: 0, Avg:  0.0, Max: 0, Diff: 0, Sum: 0, Workers: 4
[649.943s][debug][gc,phases      ] GC(25)     Total                          Min: 0, Avg:  0.0, Max: 0, Diff: 0, Sum: 0, Workers: 4
[649.943s][debug][gc,phases      ] GC(25)   StringDedup Requests0 Weak     Min:  0.0, Avg:  0.0, Max:  0.0, Diff:  0.0, Sum:  0.0, Workers: 4
[649.943s][debug][gc,phases      ] GC(25)     Dead                           Min: 0, Avg:  0.0, Max: 0, Diff: 0, Sum: 0, Workers: 4
[649.943s][debug][gc,phases      ] GC(25)     Total                          Min: 0, Avg:  0.0, Max: 0, Diff: 0, Sum: 0, Workers: 4
[649.943s][debug][gc,phases      ] GC(25)   StringDedup Requests1 Weak     Min:  0.0, Avg:  0.0, Max:  0.0, Diff:  0.0, Sum:  0.0, Workers: 4
[649.943s][debug][gc,phases      ] GC(25)     Dead                           Min: 0, Avg:  0.0, Max: 0, Diff: 0, Sum: 0, Workers: 4
[649.943s][debug][gc,phases      ] GC(25)     Total                          Min: 0, Avg:  0.0, Max: 0, Diff: 0, Sum: 0, Workers: 4
[649.943s][debug][gc,phases      ] GC(25)   Weak JFR Old Object Samples    Min:  0.0, Avg:  0.0, Max:  0.0, Diff:  0.0, Sum:  0.0, Workers: 4
[649.943s][debug][gc,phases      ] GC(25)     Dead                           Min: 0, Avg:  0.0, Max: 0, Diff: 0, Sum: 0, Workers: 4
[649.943s][debug][gc,phases      ] GC(25)     Total                          Min: 0, Avg:  0.0, Max: 0, Diff: 0, Sum: 0, Workers: 4
[649.943s][debug][gc,phases      ] GC(25) Weak Processing 0.332ms
[649.943s][debug][gc,age         ] GC(25) Desired survivor size 187170816 bytes, new threshold 1 (max threshold 15)
[649.943s][info ][gc,heap        ] GC(25) PSYoungGen: 1712128K(1905152K)->4437K(1894912K) Eden: 1702912K(1702912K)->0K(1702912K) From: 9216K(202240K)->4437K(192000K)
[649.943s][info ][gc,heap        ] GC(25) ParOldGen: 297273K(297472K)->304790K(305664K)
[649.943s][info ][gc,metaspace   ] GC(25) Metaspace: 105324K(106560K)->105324K(106560K) NonClass: 89362K(90048K)->89362K(90048K) Class: 15961K(16512K)->15961K(16512K)
[649.943s][info ][gc             ] GC(25) Pause Young (Allocation Failure) 1962M->301M(2149M) 6.514ms
[649.943s][info ][gc,cpu         ] GC(25) User=0.02s Sys=0.00s Real=0.01s
[649.943s][info ][safepoint      ] Safepoint "ParallelGCFailedAllocation", Time since last: 350782247 ns, Reaching safepoint: 313300 ns, Cleanup: 3600 ns, At safepoint: 6576995 ns, Total: 6893895 ns
[650.943s][info ][safepoint      ] Safepoint "Cleanup", Time since last: 1000088877 ns, Reaching safepoint: 5800 ns, Cleanup: 10900 ns, At safepoint: 1800 ns, Total: 18500 ns
[651.943s][info ][safepoint      ] Safepoint "Cleanup", Time since last: 1000124878 ns, Reaching safepoint: 6400 ns, Cleanup: 8900 ns, At safepoint: 1700 ns, Total: 17000 ns
[652.943s][info ][safepoint      ] Safepoint "Cleanup", Time since last: 1000114477 ns, Reaching safepoint: 6700 ns, Cleanup: 8700 ns, At safepoint: 2000 ns, Total: 17400 ns
[657.944s][info ][safepoint      ] Safepoint "Cleanup", Time since last: 5000393237 ns, Reaching safepoint: 5900 ns, Cleanup: 20900 ns, At safepoint: 1600 ns, Total: 28400 ns
[658.944s][info ][safepoint      ] Safepoint "Cleanup", Time since last: 1000132479 ns, Reaching safepoint: 6000 ns, Cleanup: 10700 ns, At safepoint: 1900 ns, Total: 18600 ns
[659.944s][info ][safepoint      ] Safepoint "Cleanup", Time since last: 1000141479 ns, Reaching safepoint: 6600 ns, Cleanup: 15000 ns, At safepoint: 1900 ns, Total: 23500 ns
[664.265s][info ][safepoint      ] Safepoint "Cleanup", Time since last: 4321349130 ns, Reaching safepoint: 6600 ns, Cleanup: 11600 ns, At safepoint: 2000 ns, Total: 20200 ns
[665.266s][info ][safepoint      ] Safepoint "Cleanup", Time since last: 1000101713 ns, Reaching safepoint: 5800 ns, Cleanup: 16100 ns, At safepoint: 2100 ns, Total: 24000 ns
[667.266s][info ][safepoint      ] Safepoint "Cleanup", Time since last: 2000181810 ns, Reaching safepoint: 6700 ns, Cleanup: 10200 ns, At safepoint: 2300 ns, Total: 19200 ns
[676.267s][info ][safepoint      ] Safepoint "Cleanup", Time since last: 9000744514 ns, Reaching safepoint: 5700 ns, Cleanup: 8600 ns, At safepoint: 1800 ns, Total: 16100 ns
[684.267s][info ][safepoint      ] Safepoint "Cleanup", Time since last: 8000735467 ns, Reaching safepoint: 6300 ns, Cleanup: 9900 ns, At safepoint: 2200 ns, Total: 18400 ns
[688.268s][info ][safepoint      ] Safepoint "Cleanup", Time since last: 4000378125 ns, Reaching safepoint: 5900 ns, Cleanup: 13600 ns, At safepoint: 1900 ns, Total: 21400 ns
[689.268s][info ][safepoint      ] Safepoint "Cleanup", Time since last: 1000113259 ns, Reaching safepoint: 6100 ns, Cleanup: 13200 ns, At safepoint: 1900 ns, Total: 21200 ns
[690.268s][info ][safepoint      ] Safepoint "Cleanup", Time since last: 1000108079 ns, Reaching safepoint: 5800 ns, Cleanup: 10800 ns, At safepoint: 2000 ns, Total: 18600 ns
[691.268s][info ][safepoint      ] Safepoint "Cleanup", Time since last: 1000112279 ns, Reaching safepoint: 7100 ns, Cleanup: 12600 ns, At safepoint: 1900 ns, Total: 21600 ns
[693.268s][info ][safepoint      ] Safepoint "Cleanup", Time since last: 2000193159 ns, Reaching safepoint: 6600 ns, Cleanup: 13300 ns, At safepoint: 2100 ns, Total: 22000 ns
[696.269s][info ][safepoint      ] Safepoint "Cleanup", Time since last: 3000260838 ns, Reaching safepoint: 6100 ns, Cleanup: 10800 ns, At safepoint: 2400 ns, Total: 19300 ns
[696.850s][info ][gc,start       ] GC(26) Pause Young (Allocation Failure)
[696.855s][debug][gc,phases      ] GC(26) Scavenge 4.737ms
[696.855s][debug][gc,ref         ] GC(26) ReferenceProcessor::execute queues: 1, RefProcThreadModel::Single, marks_oops_alive: false
[696.855s][debug][gc,ref         ] GC(26) Skipped KeepAliveFinalRefsPhase of Reference Processing: no references
[696.855s][debug][gc,ref         ] GC(26) ReferenceProcessor::execute queues: 1, RefProcThreadModel::Single, marks_oops_alive: false
[696.855s][debug][gc,phases      ] GC(26) Reference Processing 0.111ms
[696.855s][debug][gc,phases      ] GC(26)   VM Weak                        Min:  0.0, Avg:  0.0, Max:  0.0, Diff:  0.0, Sum:  0.0, Workers: 4
[696.855s][debug][gc,phases      ] GC(26)     Dead                           Min: 0, Avg:  0.0, Max: 0, Diff: 0, Sum: 0, Workers: 4
[696.855s][debug][gc,phases      ] GC(26)     Total                          Min: 0, Avg: 226.5, Max: 522, Diff: 522, Sum: 906, Workers: 4
[696.855s][debug][gc,phases      ] GC(26)   ObjectSynchronizer Weak        Min:  0.0, Avg:  0.0, Max:  0.0, Diff:  0.0, Sum:  0.0, Workers: 4
[696.855s][debug][gc,phases      ] GC(26)     Dead                           Min: 0, Avg:  0.0, Max: 0, Diff: 0, Sum: 0, Workers: 4
[696.855s][debug][gc,phases      ] GC(26)     Total                          Min: 0, Avg:  1.2, Max: 5, Diff: 5, Sum: 5, Workers: 4
[696.855s][debug][gc,phases      ] GC(26)   JVMTI Tag Weak OopStorage      Min:  0.0, Avg:  0.0, Max:  0.0, Diff:  0.0, Sum:  0.0, Workers: 4
[696.855s][debug][gc,phases      ] GC(26)     Dead                           Min: 0, Avg:  0.0, Max: 0, Diff: 0, Sum: 0, Workers: 4
[696.855s][debug][gc,phases      ] GC(26)     Total                          Min: 0, Avg:  0.0, Max: 0, Diff: 0, Sum: 0, Workers: 4
[696.855s][debug][gc,phases      ] GC(26)   StringTable Weak               Min:  0.0, Avg:  0.1, Max:  0.1, Diff:  0.1, Sum:  0.4, Workers: 4
[696.855s][debug][gc,phases      ] GC(26)     Dead                           Min: 0, Avg:  0.0, Max: 0, Diff: 0, Sum: 0, Workers: 4
[696.855s][debug][gc,phases      ] GC(26)     Total                          Min: 0, Avg: 11531.5, Max: 20096, Diff: 20096, Sum: 46126, Workers: 4
[696.855s][debug][gc,phases      ] GC(26)   ResolvedMethodTable Weak       Min:  0.0, Avg:  0.0, Max:  0.0, Diff:  0.0, Sum:  0.1, Workers: 4
[696.855s][debug][gc,phases      ] GC(26)     Dead                           Min: 0, Avg:  4.0, Max: 16, Diff: 16, Sum: 16, Workers: 4
[696.855s][debug][gc,phases      ] GC(26)     Total                          Min: 0, Avg: 3724.0, Max: 6483, Diff: 6483, Sum: 14896, Workers: 4
[696.855s][debug][gc,phases      ] GC(26)   JNI Weak                       Min:  0.0, Avg:  0.0, Max:  0.0, Diff:  0.0, Sum:  0.0, Workers: 4
[696.855s][debug][gc,phases      ] GC(26)     Dead                           Min: 0, Avg:  0.0, Max: 0, Diff: 0, Sum: 0, Workers: 4
[696.855s][debug][gc,phases      ] GC(26)     Total                          Min: 0, Avg: 13.0, Max: 52, Diff: 52, Sum: 52, Workers: 4
[696.855s][debug][gc,phases      ] GC(26)   StringDedup Table Weak         Min:  0.0, Avg:  0.0, Max:  0.0, Diff:  0.0, Sum:  0.0, Workers: 4
[696.855s][debug][gc,phases      ] GC(26)     Dead                           Min: 0, Avg:  0.0, Max: 0, Diff: 0, Sum: 0, Workers: 4
[696.855s][debug][gc,phases      ] GC(26)     Total                          Min: 0, Avg:  0.0, Max: 0, Diff: 0, Sum: 0, Workers: 4
[696.855s][debug][gc,phases      ] GC(26)   StringDedup Requests0 Weak     Min:  0.0, Avg:  0.0, Max:  0.0, Diff:  0.0, Sum:  0.0, Workers: 4
[696.855s][debug][gc,phases      ] GC(26)     Dead                           Min: 0, Avg:  0.0, Max: 0, Diff: 0, Sum: 0, Workers: 4
[696.855s][debug][gc,phases      ] GC(26)     Total                          Min: 0, Avg:  0.0, Max: 0, Diff: 0, Sum: 0, Workers: 4
[696.855s][debug][gc,phases      ] GC(26)   StringDedup Requests1 Weak     Min:  0.0, Avg:  0.0, Max:  0.0, Diff:  0.0, Sum:  0.0, Workers: 4
[696.855s][debug][gc,phases      ] GC(26)     Dead                           Min: 0, Avg:  0.0, Max: 0, Diff: 0, Sum: 0, Workers: 4
[696.855s][debug][gc,phases      ] GC(26)     Total                          Min: 0, Avg:  0.0, Max: 0, Diff: 0, Sum: 0, Workers: 4
[696.855s][debug][gc,phases      ] GC(26)   Weak JFR Old Object Samples    Min:  0.0, Avg:  0.0, Max:  0.0, Diff:  0.0, Sum:  0.0, Workers: 4
[696.855s][debug][gc,phases      ] GC(26)     Dead                           Min: 0, Avg:  0.0, Max: 0, Diff: 0, Sum: 0, Workers: 4
[696.855s][debug][gc,phases      ] GC(26)     Total                          Min: 0, Avg:  0.0, Max: 0, Diff: 0, Sum: 0, Workers: 4
[696.855s][debug][gc,phases      ] GC(26) Weak Processing 0.338ms
[696.855s][debug][gc,age         ] GC(26) Desired survivor size 177733632 bytes, new threshold 1 (max threshold 15)
[696.855s][info ][gc,heap        ] GC(26) PSYoungGen: 1707349K(1894912K)->4927K(1923584K) Eden: 1702912K(1702912K)->0K(1740800K) From: 4437K(192000K)->4927K(182784K)
[696.855s][info ][gc,heap        ] GC(26) ParOldGen: 304790K(305664K)->306642K(306688K)
[696.855s][info ][gc,metaspace   ] GC(26) Metaspace: 105357K(106624K)->105357K(106624K) NonClass: 89396K(90112K)->89396K(90112K) Class: 15961K(16512K)->15961K(16512K)
[696.855s][info ][gc             ] GC(26) Pause Young (Allocation Failure) 1964M->304M(2178M) 5.277ms
[696.855s][info ][gc,cpu         ] GC(26) User=0.02s Sys=0.00s Real=0.01s
[696.856s][info ][safepoint      ] Safepoint "ParallelGCFailedAllocation", Time since last: 581609466 ns, Reaching safepoint: 5400 ns, Cleanup: 8400 ns, At safepoint: 5333498 ns, Total: 5347298 ns
[697.856s][info ][safepoint      ] Safepoint "Cleanup", Time since last: 1000094255 ns, Reaching safepoint: 7100 ns, Cleanup: 10400 ns, At safepoint: 2200 ns, Total: 19700 ns
[700.856s][info ][safepoint      ] Safepoint "Cleanup", Time since last: 3000248768 ns, Reaching safepoint: 6500 ns, Cleanup: 11200 ns, At safepoint: 2000 ns, Total: 19700 ns
[703.856s][info ][safepoint      ] Safepoint "Cleanup", Time since last: 3000274867 ns, Reaching safepoint: 5600 ns, Cleanup: 9300 ns, At safepoint: 2100 ns, Total: 17000 ns
[707.857s][info ][safepoint      ] Safepoint "Cleanup", Time since last: 4000328668 ns, Reaching safepoint: 5900 ns, Cleanup: 12600 ns, At safepoint: 2000 ns, Total: 20500 ns
[709.857s][info ][safepoint      ] Safepoint "Cleanup", Time since last: 2000232149 ns, Reaching safepoint: 5200 ns, Cleanup: 8800 ns, At safepoint: 2200 ns, Total: 16200 ns
[710.857s][info ][safepoint      ] Safepoint "Cleanup", Time since last: 1000112825 ns, Reaching safepoint: 5100 ns, Cleanup: 6300 ns, At safepoint: 2200 ns, Total: 13600 ns
[711.857s][info ][safepoint      ] Safepoint "Cleanup", Time since last: 1000133424 ns, Reaching safepoint: 5700 ns, Cleanup: 10800 ns, At safepoint: 1900 ns, Total: 18400 ns
[712.857s][info ][safepoint      ] Safepoint "Cleanup", Time since last: 1000151452 ns, Reaching safepoint: 5800 ns, Cleanup: 19200 ns, At safepoint: 2100 ns, Total: 27100 ns
[713.857s][info ][safepoint      ] Safepoint "Cleanup", Time since last: 1000129213 ns, Reaching safepoint: 5600 ns, Cleanup: 9800 ns, At safepoint: 1700 ns, Total: 17100 ns
[714.858s][info ][safepoint      ] Safepoint "Cleanup", Time since last: 1000136014 ns, Reaching safepoint: 5600 ns, Cleanup: 9200 ns, At safepoint: 1900 ns, Total: 16700 ns
[716.858s][info ][safepoint      ] Safepoint "Cleanup", Time since last: 2000203628 ns, Reaching safepoint: 5800 ns, Cleanup: 11500 ns, At safepoint: 2200 ns, Total: 19500 ns
[717.858s][info ][safepoint      ] Safepoint "Cleanup", Time since last: 1000107213 ns, Reaching safepoint: 5500 ns, Cleanup: 15500 ns, At safepoint: 2100 ns, Total: 23100 ns
[719.858s][info ][safepoint      ] Safepoint "Cleanup", Time since last: 2000221328 ns, Reaching safepoint: 5800 ns, Cleanup: 10700 ns, At safepoint: 1800 ns, Total: 18300 ns
[721.284s][info ][safepoint      ] Safepoint "Cleanup", Time since last: 1426003601 ns, Reaching safepoint: 81600 ns, Cleanup: 9600 ns, At safepoint: 7100 ns, Total: 98300 ns
[724.285s][info ][safepoint      ] Safepoint "Cleanup", Time since last: 3000411045 ns, Reaching safepoint: 76600 ns, Cleanup: 10100 ns, At safepoint: 5300 ns, Total: 92000 ns
[734.286s][info ][safepoint      ] Safepoint "Cleanup", Time since last: 10000795154 ns, Reaching safepoint: 5700 ns, Cleanup: 7400 ns, At safepoint: 1900 ns, Total: 15000 ns
[743.288s][info ][safepoint      ] Safepoint "Cleanup", Time since last: 9001866420 ns, Reaching safepoint: 557800 ns, Cleanup: 16900 ns, At safepoint: 13500 ns, Total: 588200 ns
[744.132s][info ][gc,start       ] GC(27) Pause Young (Allocation Failure)
[744.143s][debug][gc,phases      ] GC(27) Scavenge 11.601ms
[744.143s][debug][gc,ref         ] GC(27) ReferenceProcessor::execute queues: 1, RefProcThreadModel::Single, marks_oops_alive: false
[744.143s][debug][gc,ref         ] GC(27) Skipped KeepAliveFinalRefsPhase of Reference Processing: no references
[744.143s][debug][gc,ref         ] GC(27) ReferenceProcessor::execute queues: 1, RefProcThreadModel::Single, marks_oops_alive: false
[744.143s][debug][gc,phases      ] GC(27) Reference Processing 0.127ms
[744.144s][debug][gc,phases      ] GC(27)   VM Weak                        Min:  0.0, Avg:  0.0, Max:  0.0, Diff:  0.0, Sum:  0.0, Workers: 4
[744.144s][debug][gc,phases      ] GC(27)     Dead                           Min: 0, Avg:  0.0, Max: 0, Diff: 0, Sum: 0, Workers: 4
[744.144s][debug][gc,phases      ] GC(27)     Total                          Min: 0, Avg: 226.5, Max: 906, Diff: 906, Sum: 906, Workers: 4
[744.144s][debug][gc,phases      ] GC(27)   ObjectSynchronizer Weak        Min:  0.0, Avg:  0.0, Max:  0.0, Diff:  0.0, Sum:  0.0, Workers: 4
[744.144s][debug][gc,phases      ] GC(27)     Dead                           Min: 0, Avg:  0.0, Max: 0, Diff: 0, Sum: 0, Workers: 4
[744.144s][debug][gc,phases      ] GC(27)     Total                          Min: 0, Avg:  0.8, Max: 3, Diff: 3, Sum: 3, Workers: 4
[744.144s][debug][gc,phases      ] GC(27)   JVMTI Tag Weak OopStorage      Min:  0.0, Avg:  0.0, Max:  0.0, Diff:  0.0, Sum:  0.0, Workers: 4
[744.144s][debug][gc,phases      ] GC(27)     Dead                           Min: 0, Avg:  0.0, Max: 0, Diff: 0, Sum: 0, Workers: 4
[744.144s][debug][gc,phases      ] GC(27)     Total                          Min: 0, Avg:  0.0, Max: 0, Diff: 0, Sum: 0, Workers: 4
[744.144s][debug][gc,phases      ] GC(27)   StringTable Weak               Min:  0.0, Avg:  0.1, Max:  0.4, Diff:  0.4, Sum:  0.4, Workers: 4
[744.144s][debug][gc,phases      ] GC(27)     Dead                           Min: 0, Avg:  0.2, Max: 1, Diff: 1, Sum: 1, Workers: 4
[744.144s][debug][gc,phases      ] GC(27)     Total                          Min: 0, Avg: 11537.8, Max: 46151, Diff: 46151, Sum: 46151, Workers: 4
[744.144s][debug][gc,phases      ] GC(27)   ResolvedMethodTable Weak       Min:  0.0, Avg:  0.0, Max:  0.1, Diff:  0.1, Sum:  0.1, Workers: 4
[744.144s][debug][gc,phases      ] GC(27)     Dead                           Min: 0, Avg:  4.2, Max: 17, Diff: 17, Sum: 17, Workers: 4
[744.144s][debug][gc,phases      ] GC(27)     Total                          Min: 0, Avg: 3724.5, Max: 14898, Diff: 14898, Sum: 14898, Workers: 4
[744.144s][debug][gc,phases      ] GC(27)   JNI Weak                       Min:  0.0, Avg:  0.0, Max:  0.0, Diff:  0.0, Sum:  0.0, Workers: 4
[744.144s][debug][gc,phases      ] GC(27)     Dead                           Min: 0, Avg:  0.0, Max: 0, Diff: 0, Sum: 0, Workers: 4
[744.144s][debug][gc,phases      ] GC(27)     Total                          Min: 0, Avg: 13.0, Max: 52, Diff: 52, Sum: 52, Workers: 4
[744.144s][debug][gc,phases      ] GC(27)   StringDedup Table Weak         Min:  0.0, Avg:  0.0, Max:  0.0, Diff:  0.0, Sum:  0.0, Workers: 4
[744.144s][debug][gc,phases      ] GC(27)     Dead                           Min: 0, Avg:  0.0, Max: 0, Diff: 0, Sum: 0, Workers: 4
[744.144s][debug][gc,phases      ] GC(27)     Total                          Min: 0, Avg:  0.0, Max: 0, Diff: 0, Sum: 0, Workers: 4
[744.144s][debug][gc,phases      ] GC(27)   StringDedup Requests0 Weak     Min:  0.0, Avg:  0.0, Max:  0.0, Diff:  0.0, Sum:  0.0, Workers: 4
[744.144s][debug][gc,phases      ] GC(27)     Dead                           Min: 0, Avg:  0.0, Max: 0, Diff: 0, Sum: 0, Workers: 4
[744.144s][debug][gc,phases      ] GC(27)     Total                          Min: 0, Avg:  0.0, Max: 0, Diff: 0, Sum: 0, Workers: 4
[744.144s][debug][gc,phases      ] GC(27)   StringDedup Requests1 Weak     Min:  0.0, Avg:  0.0, Max:  0.0, Diff:  0.0, Sum:  0.0, Workers: 4
[744.144s][debug][gc,phases      ] GC(27)     Dead                           Min: 0, Avg:  0.0, Max: 0, Diff: 0, Sum: 0, Workers: 4
[744.144s][debug][gc,phases      ] GC(27)     Total                          Min: 0, Avg:  0.0, Max: 0, Diff: 0, Sum: 0, Workers: 4
[744.144s][debug][gc,phases      ] GC(27)   Weak JFR Old Object Samples    Min:  0.0, Avg:  0.0, Max:  0.0, Diff:  0.0, Sum:  0.0, Workers: 4
[744.144s][debug][gc,phases      ] GC(27)     Dead                           Min: 0, Avg:  0.0, Max: 0, Diff: 0, Sum: 0, Workers: 4
[744.144s][debug][gc,phases      ] GC(27)     Total                          Min: 0, Avg:  0.0, Max: 0, Diff: 0, Sum: 0, Workers: 4
[744.144s][debug][gc,phases      ] GC(27) Weak Processing 0.871ms
[744.144s][debug][gc,age         ] GC(27) Desired survivor size 168296448 bytes, new threshold 1 (max threshold 15)
[744.144s][info ][gc,heap        ] GC(27) PSYoungGen: 1745727K(1923584K)->3975K(1914368K) Eden: 1740800K(1740800K)->0K(1740800K) From: 4927K(182784K)->3975K(173568K)
[744.144s][info ][gc,heap        ] GC(27) ParOldGen: 306642K(306688K)->308106K(308224K)
[744.144s][info ][gc,metaspace   ] GC(27) Metaspace: 105398K(106624K)->105398K(106624K) NonClass: 89434K(90112K)->89434K(90112K) Class: 15963K(16512K)->15963K(16512K)
[744.144s][info ][gc             ] GC(27) Pause Young (Allocation Failure) 2004M->304M(2170M) 12.735ms
[744.144s][info ][gc,cpu         ] GC(27) User=0.02s Sys=0.00s Real=0.01s
[744.144s][info ][safepoint      ] Safepoint "ParallelGCFailedAllocation", Time since last: 843493017 ns, Reaching safepoint: 93500 ns, Cleanup: 16300 ns, At safepoint: 12813596 ns, Total: 12923396 ns
[745.146s][info ][safepoint      ] Safepoint "Cleanup", Time since last: 1001077757 ns, Reaching safepoint: 5700 ns, Cleanup: 10700 ns, At safepoint: 1700 ns, Total: 18100 ns
[746.146s][info ][safepoint      ] Safepoint "Cleanup", Time since last: 1000579219 ns, Reaching safepoint: 6400 ns, Cleanup: 12700 ns, At safepoint: 2100 ns, Total: 21200 ns
[754.147s][info ][safepoint      ] Safepoint "Cleanup", Time since last: 8000618118 ns, Reaching safepoint: 5600 ns, Cleanup: 9800 ns, At safepoint: 23600 ns, Total: 39000 ns
[758.147s][info ][safepoint      ] Safepoint "Cleanup", Time since last: 4000322477 ns, Reaching safepoint: 7100 ns, Cleanup: 11500 ns, At safepoint: 2300 ns, Total: 20900 ns
[760.147s][info ][safepoint      ] Safepoint "Cleanup", Time since last: 2000185288 ns, Reaching safepoint: 5500 ns, Cleanup: 7500 ns, At safepoint: 2300 ns, Total: 15300 ns
[761.147s][info ][safepoint      ] Safepoint "Cleanup", Time since last: 1000102251 ns, Reaching safepoint: 6400 ns, Cleanup: 10300 ns, At safepoint: 2600 ns, Total: 19300 ns
[764.148s][info ][safepoint      ] Safepoint "Cleanup", Time since last: 3000272265 ns, Reaching safepoint: 6400 ns, Cleanup: 10700 ns, At safepoint: 2100 ns, Total: 19200 ns
[766.148s][info ][safepoint      ] Safepoint "Cleanup", Time since last: 2000173810 ns, Reaching safepoint: 5100 ns, Cleanup: 20100 ns, At safepoint: 2200 ns, Total: 27400 ns
[768.148s][info ][safepoint      ] Safepoint "Cleanup", Time since last: 2000164210 ns, Reaching safepoint: 5300 ns, Cleanup: 5800 ns, At safepoint: 1800 ns, Total: 12900 ns
[769.148s][info ][safepoint      ] Safepoint "Cleanup", Time since last: 1000096699 ns, Reaching safepoint: 5800 ns, Cleanup: 10500 ns, At safepoint: 2000 ns, Total: 18300 ns
[778.149s][info ][safepoint      ] Safepoint "Cleanup", Time since last: 9000644654 ns, Reaching safepoint: 4900 ns, Cleanup: 7000 ns, At safepoint: 1700 ns, Total: 13600 ns
[791.150s][info ][safepoint      ] Safepoint "Cleanup", Time since last: 13000917794 ns, Reaching safepoint: 5500 ns, Cleanup: 8000 ns, At safepoint: 2400 ns, Total: 15900 ns
[791.681s][info ][gc,start       ] GC(28) Pause Young (Allocation Failure)
[791.685s][debug][gc,phases      ] GC(28) Scavenge 3.355ms
[791.685s][debug][gc,ref         ] GC(28) ReferenceProcessor::execute queues: 1, RefProcThreadModel::Single, marks_oops_alive: false
[791.685s][debug][gc,ref         ] GC(28) Skipped KeepAliveFinalRefsPhase of Reference Processing: no references
[791.685s][debug][gc,ref         ] GC(28) ReferenceProcessor::execute queues: 1, RefProcThreadModel::Single, marks_oops_alive: false
[791.685s][debug][gc,phases      ] GC(28) Reference Processing 0.101ms
[791.685s][debug][gc,phases      ] GC(28)   VM Weak                        Min:  0.0, Avg:  0.0, Max:  0.0, Diff:  0.0, Sum:  0.0, Workers: 4
[791.685s][debug][gc,phases      ] GC(28)     Dead                           Min: 0, Avg:  0.0, Max: 0, Diff: 0, Sum: 0, Workers: 4
[791.685s][debug][gc,phases      ] GC(28)     Total                          Min: 0, Avg: 226.5, Max: 448, Diff: 448, Sum: 906, Workers: 4
[791.685s][debug][gc,phases      ] GC(28)   ObjectSynchronizer Weak        Min:  0.0, Avg:  0.0, Max:  0.0, Diff:  0.0, Sum:  0.0, Workers: 4
[791.685s][debug][gc,phases      ] GC(28)     Dead                           Min: 0, Avg:  0.0, Max: 0, Diff: 0, Sum: 0, Workers: 4
[791.685s][debug][gc,phases      ] GC(28)     Total                          Min: 0, Avg:  0.8, Max: 3, Diff: 3, Sum: 3, Workers: 4
[791.685s][debug][gc,phases      ] GC(28)   JVMTI Tag Weak OopStorage      Min:  0.0, Avg:  0.0, Max:  0.0, Diff:  0.0, Sum:  0.0, Workers: 4
[791.685s][debug][gc,phases      ] GC(28)     Dead                           Min: 0, Avg:  0.0, Max: 0, Diff: 0, Sum: 0, Workers: 4
[791.685s][debug][gc,phases      ] GC(28)     Total                          Min: 0, Avg:  0.0, Max: 0, Diff: 0, Sum: 0, Workers: 4
[791.685s][debug][gc,phases      ] GC(28)   StringTable Weak               Min:  0.0, Avg:  0.1, Max:  0.1, Diff:  0.1, Sum:  0.4, Workers: 4
[791.685s][debug][gc,phases      ] GC(28)     Dead                           Min: 0, Avg:  0.0, Max: 0, Diff: 0, Sum: 0, Workers: 4
[791.685s][debug][gc,phases      ] GC(28)     Total                          Min: 0, Avg: 11537.8, Max: 19456, Diff: 19456, Sum: 46151, Workers: 4
[791.685s][debug][gc,phases      ] GC(28)   ResolvedMethodTable Weak       Min:  0.0, Avg:  0.0, Max:  0.0, Diff:  0.0, Sum:  0.1, Workers: 4
[791.685s][debug][gc,phases      ] GC(28)     Dead                           Min: 0, Avg:  4.0, Max: 16, Diff: 16, Sum: 16, Workers: 4
[791.685s][debug][gc,phases      ] GC(28)     Total                          Min: 0, Avg: 3724.5, Max: 6308, Diff: 6308, Sum: 14898, Workers: 4
[791.685s][debug][gc,phases      ] GC(28)   JNI Weak                       Min:  0.0, Avg:  0.0, Max:  0.0, Diff:  0.0, Sum:  0.0, Workers: 4
[791.685s][debug][gc,phases      ] GC(28)     Dead                           Min: 0, Avg:  0.0, Max: 0, Diff: 0, Sum: 0, Workers: 4
[791.685s][debug][gc,phases      ] GC(28)     Total                          Min: 0, Avg: 13.0, Max: 52, Diff: 52, Sum: 52, Workers: 4
[791.685s][debug][gc,phases      ] GC(28)   StringDedup Table Weak         Min:  0.0, Avg:  0.0, Max:  0.0, Diff:  0.0, Sum:  0.0, Workers: 4
[791.685s][debug][gc,phases      ] GC(28)     Dead                           Min: 0, Avg:  0.0, Max: 0, Diff: 0, Sum: 0, Workers: 4
[791.685s][debug][gc,phases      ] GC(28)     Total                          Min: 0, Avg:  0.0, Max: 0, Diff: 0, Sum: 0, Workers: 4
[791.685s][debug][gc,phases      ] GC(28)   StringDedup Requests0 Weak     Min:  0.0, Avg:  0.0, Max:  0.0, Diff:  0.0, Sum:  0.0, Workers: 4
[791.685s][debug][gc,phases      ] GC(28)     Dead                           Min: 0, Avg:  0.0, Max: 0, Diff: 0, Sum: 0, Workers: 4
[791.685s][debug][gc,phases      ] GC(28)     Total                          Min: 0, Avg:  0.0, Max: 0, Diff: 0, Sum: 0, Workers: 4
[791.685s][debug][gc,phases      ] GC(28)   StringDedup Requests1 Weak     Min:  0.0, Avg:  0.0, Max:  0.0, Diff:  0.0, Sum:  0.0, Workers: 4
[791.685s][debug][gc,phases      ] GC(28)     Dead                           Min: 0, Avg:  0.0, Max: 0, Diff: 0, Sum: 0, Workers: 4
[791.685s][debug][gc,phases      ] GC(28)     Total                          Min: 0, Avg:  0.0, Max: 0, Diff: 0, Sum: 0, Workers: 4
[791.685s][debug][gc,phases      ] GC(28)   Weak JFR Old Object Samples    Min:  0.0, Avg:  0.0, Max:  0.0, Diff:  0.0, Sum:  0.0, Workers: 4
[791.685s][debug][gc,phases      ] GC(28)     Dead                           Min: 0, Avg:  0.0, Max: 0, Diff: 0, Sum: 0, Workers: 4
[791.685s][debug][gc,phases      ] GC(28)     Total                          Min: 0, Avg:  0.0, Max: 0, Diff: 0, Sum: 0, Workers: 4
[791.685s][debug][gc,phases      ] GC(28) Weak Processing 0.383ms
[791.685s][debug][gc,age         ] GC(28) Desired survivor size 159383552 bytes, new threshold 1 (max threshold 15)
[791.685s][info ][gc,heap        ] GC(28) PSYoungGen: 1744775K(1914368K)->2752K(1941504K) Eden: 1740800K(1740800K)->0K(1777152K) From: 3975K(173568K)->2752K(164352K)
[791.685s][info ][gc,heap        ] GC(28) ParOldGen: 308106K(308224K)->310970K(311296K)
[791.685s][info ][gc,metaspace   ] GC(28) Metaspace: 105427K(106688K)->105427K(106688K) NonClass: 89463K(90176K)->89463K(90176K) Class: 15963K(16512K)->15963K(16512K)
[791.685s][info ][gc             ] GC(28) Pause Young (Allocation Failure) 2004M->306M(2200M) 3.943ms
[791.685s][info ][gc,cpu         ] GC(28) User=0.01s Sys=0.00s Real=0.00s
[791.685s][info ][safepoint      ] Safepoint "ParallelGCFailedAllocation", Time since last: 531511911 ns, Reaching safepoint: 76800 ns, Cleanup: 3400 ns, At safepoint: 4006597 ns, Total: 4086797 ns
[797.686s][info ][safepoint      ] Safepoint "Cleanup", Time since last: 6000435123 ns, Reaching safepoint: 75200 ns, Cleanup: 5500 ns, At safepoint: 5600 ns, Total: 86300 ns
[798.686s][info ][safepoint      ] Safepoint "Cleanup", Time since last: 1000104934 ns, Reaching safepoint: 5300 ns, Cleanup: 9800 ns, At safepoint: 1900 ns, Total: 17000 ns
[800.686s][info ][safepoint      ] Safepoint "Cleanup", Time since last: 2000187565 ns, Reaching safepoint: 5700 ns, Cleanup: 7900 ns, At safepoint: 2000 ns, Total: 15600 ns
[803.687s][info ][safepoint      ] Safepoint "Cleanup", Time since last: 3000258607 ns, Reaching safepoint: 6700 ns, Cleanup: 10700 ns, At safepoint: 2400 ns, Total: 19800 ns
[808.687s][info ][safepoint      ] Safepoint "Cleanup", Time since last: 5000381509 ns, Reaching safepoint: 5300 ns, Cleanup: 11300 ns, At safepoint: 1800 ns, Total: 18400 ns
[810.687s][info ][safepoint      ] Safepoint "Cleanup", Time since last: 2000177467 ns, Reaching safepoint: 81100 ns, Cleanup: 7200 ns, At safepoint: 6200 ns, Total: 94500 ns
[813.688s][info ][safepoint      ] Safepoint "Cleanup", Time since last: 3000252149 ns, Reaching safepoint: 78800 ns, Cleanup: 7400 ns, At safepoint: 6100 ns, Total: 92300 ns
[814.688s][info ][safepoint      ] Safepoint "Cleanup", Time since last: 1000112484 ns, Reaching safepoint: 5300 ns, Cleanup: 30500 ns, At safepoint: 2100 ns, Total: 37900 ns
[815.688s][info ][safepoint      ] Safepoint "Cleanup", Time since last: 1000100883 ns, Reaching safepoint: 5700 ns, Cleanup: 15600 ns, At safepoint: 2100 ns, Total: 23400 ns
[816.688s][info ][safepoint      ] Safepoint "Cleanup", Time since last: 1000120293 ns, Reaching safepoint: 5800 ns, Cleanup: 9500 ns, At safepoint: 1800 ns, Total: 17100 ns
[818.688s][info ][safepoint      ] Safepoint "Cleanup", Time since last: 2000194739 ns, Reaching safepoint: 5400 ns, Cleanup: 7200 ns, At safepoint: 2000 ns, Total: 14600 ns
[826.689s][info ][safepoint      ] Safepoint "Cleanup", Time since last: 8000598590 ns, Reaching safepoint: 5400 ns, Cleanup: 10100 ns, At safepoint: 2300 ns, Total: 17800 ns
[835.689s][info ][safepoint      ] Safepoint "Cleanup", Time since last: 9000645974 ns, Reaching safepoint: 6400 ns, Cleanup: 8400 ns, At safepoint: 2100 ns, Total: 16900 ns
[841.385s][info ][gc,start       ] GC(29) Pause Young (Allocation Failure)
[841.390s][debug][gc,phases      ] GC(29) Scavenge 4.325ms
[841.390s][debug][gc,ref         ] GC(29) ReferenceProcessor::execute queues: 1, RefProcThreadModel::Single, marks_oops_alive: false
[841.390s][debug][gc,ref         ] GC(29) Skipped KeepAliveFinalRefsPhase of Reference Processing: no references
[841.390s][debug][gc,ref         ] GC(29) ReferenceProcessor::execute queues: 1, RefProcThreadModel::Single, marks_oops_alive: false
[841.390s][debug][gc,phases      ] GC(29) Reference Processing 0.099ms
[841.390s][debug][gc,phases      ] GC(29)   VM Weak                        Min:  0.0, Avg:  0.0, Max:  0.0, Diff:  0.0, Sum:  0.0, Workers: 4
[841.390s][debug][gc,phases      ] GC(29)     Dead                           Min: 0, Avg:  0.0, Max: 0, Diff: 0, Sum: 0, Workers: 4
[841.390s][debug][gc,phases      ] GC(29)     Total                          Min: 0, Avg: 228.0, Max: 832, Diff: 832, Sum: 912, Workers: 4
[841.390s][debug][gc,phases      ] GC(29)   ObjectSynchronizer Weak        Min:  0.0, Avg:  0.0, Max:  0.0, Diff:  0.0, Sum:  0.0, Workers: 4
[841.390s][debug][gc,phases      ] GC(29)     Dead                           Min: 0, Avg:  0.0, Max: 0, Diff: 0, Sum: 0, Workers: 4
[841.390s][debug][gc,phases      ] GC(29)     Total                          Min: 0, Avg:  0.8, Max: 3, Diff: 3, Sum: 3, Workers: 4
[841.390s][debug][gc,phases      ] GC(29)   JVMTI Tag Weak OopStorage      Min:  0.0, Avg:  0.0, Max:  0.0, Diff:  0.0, Sum:  0.0, Workers: 4
[841.390s][debug][gc,phases      ] GC(29)     Dead                           Min: 0, Avg:  0.0, Max: 0, Diff: 0, Sum: 0, Workers: 4
[841.390s][debug][gc,phases      ] GC(29)     Total                          Min: 0, Avg:  0.0, Max: 0, Diff: 0, Sum: 0, Workers: 4
[841.390s][debug][gc,phases      ] GC(29)   StringTable Weak               Min:  0.0, Avg:  0.1, Max:  0.1, Diff:  0.1, Sum:  0.4, Workers: 4
[841.390s][debug][gc,phases      ] GC(29)     Dead                           Min: 0, Avg:  0.5, Max: 2, Diff: 2, Sum: 2, Workers: 4
[841.390s][debug][gc,phases      ] GC(29)     Total                          Min: 0, Avg: 11540.2, Max: 15488, Diff: 15488, Sum: 46161, Workers: 4
[841.390s][debug][gc,phases      ] GC(29)   ResolvedMethodTable Weak       Min:  0.0, Avg:  0.0, Max:  0.1, Diff:  0.1, Sum:  0.2, Workers: 4
[841.390s][debug][gc,phases      ] GC(29)     Dead                           Min: 0, Avg:  4.8, Max: 18, Diff: 18, Sum: 19, Workers: 4
[841.390s][debug][gc,phases      ] GC(29)     Total                          Min: 0, Avg: 3731.0, Max: 5237, Diff: 5237, Sum: 14924, Workers: 4
[841.390s][debug][gc,phases      ] GC(29)   JNI Weak                       Min:  0.0, Avg:  0.0, Max:  0.0, Diff:  0.0, Sum:  0.0, Workers: 4
[841.390s][debug][gc,phases      ] GC(29)     Dead                           Min: 0, Avg:  0.0, Max: 0, Diff: 0, Sum: 0, Workers: 4
[841.390s][debug][gc,phases      ] GC(29)     Total                          Min: 0, Avg: 13.0, Max: 52, Diff: 52, Sum: 52, Workers: 4
[841.390s][debug][gc,phases      ] GC(29)   StringDedup Table Weak         Min:  0.0, Avg:  0.0, Max:  0.0, Diff:  0.0, Sum:  0.0, Workers: 4
[841.390s][debug][gc,phases      ] GC(29)     Dead                           Min: 0, Avg:  0.0, Max: 0, Diff: 0, Sum: 0, Workers: 4
[841.390s][debug][gc,phases      ] GC(29)     Total                          Min: 0, Avg:  0.0, Max: 0, Diff: 0, Sum: 0, Workers: 4
[841.390s][debug][gc,phases      ] GC(29)   StringDedup Requests0 Weak     Min:  0.0, Avg:  0.0, Max:  0.0, Diff:  0.0, Sum:  0.0, Workers: 4
[841.390s][debug][gc,phases      ] GC(29)     Dead                           Min: 0, Avg:  0.0, Max: 0, Diff: 0, Sum: 0, Workers: 4
[841.390s][debug][gc,phases      ] GC(29)     Total                          Min: 0, Avg:  0.0, Max: 0, Diff: 0, Sum: 0, Workers: 4
[841.390s][debug][gc,phases      ] GC(29)   StringDedup Requests1 Weak     Min:  0.0, Avg:  0.0, Max:  0.0, Diff:  0.0, Sum:  0.0, Workers: 4
[841.390s][debug][gc,phases      ] GC(29)     Dead                           Min: 0, Avg:  0.0, Max: 0, Diff: 0, Sum: 0, Workers: 4
[841.390s][debug][gc,phases      ] GC(29)     Total                          Min: 0, Avg:  0.0, Max: 0, Diff: 0, Sum: 0, Workers: 4
[841.390s][debug][gc,phases      ] GC(29)   Weak JFR Old Object Samples    Min:  0.0, Avg:  0.0, Max:  0.0, Diff:  0.0, Sum:  0.0, Workers: 4
[841.390s][debug][gc,phases      ] GC(29)     Dead                           Min: 0, Avg:  0.0, Max: 0, Diff: 0, Sum: 0, Workers: 4
[841.390s][debug][gc,phases      ] GC(29)     Total                          Min: 0, Avg:  0.0, Max: 0, Diff: 0, Sum: 0, Workers: 4
[841.390s][debug][gc,phases      ] GC(29) Weak Processing 0.379ms
[841.390s][debug][gc,age         ] GC(29) Desired survivor size 150470656 bytes, new threshold 1 (max threshold 15)
[841.390s][info ][gc,heap        ] GC(29) PSYoungGen: 1779904K(1941504K)->3905K(1932800K) Eden: 1777152K(1777152K)->0K(1777152K) From: 2752K(164352K)->3905K(155648K)
[841.390s][info ][gc,heap        ] GC(29) ParOldGen: 310970K(311296K)->311758K(311808K)
[841.390s][info ][gc,metaspace   ] GC(29) Metaspace: 105473K(106688K)->105473K(106688K) NonClass: 89502K(90176K)->89502K(90176K) Class: 15971K(16512K)->15971K(16512K)
[841.390s][info ][gc             ] GC(29) Pause Young (Allocation Failure) 2041M->308M(2192M) 4.916ms
[841.390s][info ][gc,cpu         ] GC(29) User=0.01s Sys=0.00s Real=0.00s
[841.390s][info ][safepoint      ] Safepoint "ParallelGCFailedAllocation", Time since last: 5695869750 ns, Reaching safepoint: 5700 ns, Cleanup: 3900 ns, At safepoint: 4977697 ns, Total: 4987297 ns
[844.391s][info ][safepoint      ] Safepoint "Cleanup", Time since last: 3000228487 ns, Reaching safepoint: 5000 ns, Cleanup: 8700 ns, At safepoint: 2000 ns, Total: 15700 ns
[847.391s][info ][safepoint      ] Safepoint "Cleanup", Time since last: 3000242286 ns, Reaching safepoint: 5900 ns, Cleanup: 7600 ns, At safepoint: 1900 ns, Total: 15400 ns
[863.392s][info ][safepoint      ] Safepoint "Cleanup", Time since last: 16001197580 ns, Reaching safepoint: 5700 ns, Cleanup: 9100 ns, At safepoint: 2100 ns, Total: 16900 ns
[873.393s][info ][safepoint      ] Safepoint "Cleanup", Time since last: 10000776820 ns, Reaching safepoint: 6600 ns, Cleanup: 15500 ns, At safepoint: 2800 ns, Total: 24900 ns
[876.393s][info ][safepoint      ] Safepoint "Cleanup", Time since last: 3000264733 ns, Reaching safepoint: 79000 ns, Cleanup: 9500 ns, At safepoint: 6100 ns, Total: 94600 ns
[883.394s][info ][safepoint      ] Safepoint "Cleanup", Time since last: 7000522324 ns, Reaching safepoint: 5600 ns, Cleanup: 10200 ns, At safepoint: 2000 ns, Total: 17800 ns
[891.394s][info ][safepoint      ] Safepoint "Cleanup", Time since last: 8000604431 ns, Reaching safepoint: 6400 ns, Cleanup: 9300 ns, At safepoint: 2100 ns, Total: 17800 ns
[891.530s][info ][gc,start       ] GC(30) Pause Young (Allocation Failure)
[891.533s][debug][gc,phases      ] GC(30) Scavenge 2.602ms
[891.533s][debug][gc,ref         ] GC(30) ReferenceProcessor::execute queues: 1, RefProcThreadModel::Single, marks_oops_alive: false
[891.533s][debug][gc,ref         ] GC(30) Skipped KeepAliveFinalRefsPhase of Reference Processing: no references
[891.533s][debug][gc,ref         ] GC(30) ReferenceProcessor::execute queues: 1, RefProcThreadModel::Single, marks_oops_alive: false
[891.533s][debug][gc,phases      ] GC(30) Reference Processing 0.122ms
[891.533s][debug][gc,phases      ] GC(30)   VM Weak                        Min:  0.0, Avg:  0.0, Max:  0.0, Diff:  0.0, Sum:  0.0, Workers: 4
[891.533s][debug][gc,phases      ] GC(30)     Dead                           Min: 0, Avg:  0.0, Max: 0, Diff: 0, Sum: 0, Workers: 4
[891.533s][debug][gc,phases      ] GC(30)     Total                          Min: 0, Avg: 228.0, Max: 464, Diff: 464, Sum: 912, Workers: 4
[891.533s][debug][gc,phases      ] GC(30)   ObjectSynchronizer Weak        Min:  0.0, Avg:  0.0, Max:  0.0, Diff:  0.0, Sum:  0.0, Workers: 4
[891.533s][debug][gc,phases      ] GC(30)     Dead                           Min: 0, Avg:  0.0, Max: 0, Diff: 0, Sum: 0, Workers: 4
[891.533s][debug][gc,phases      ] GC(30)     Total                          Min: 0, Avg:  0.8, Max: 3, Diff: 3, Sum: 3, Workers: 4
[891.533s][debug][gc,phases      ] GC(30)   JVMTI Tag Weak OopStorage      Min:  0.0, Avg:  0.0, Max:  0.0, Diff:  0.0, Sum:  0.0, Workers: 4
[891.533s][debug][gc,phases      ] GC(30)     Dead                           Min: 0, Avg:  0.0, Max: 0, Diff: 0, Sum: 0, Workers: 4
[891.533s][debug][gc,phases      ] GC(30)     Total                          Min: 0, Avg:  0.0, Max: 0, Diff: 0, Sum: 0, Workers: 4
[891.533s][debug][gc,phases      ] GC(30)   StringTable Weak               Min:  0.0, Avg:  0.1, Max:  0.1, Diff:  0.1, Sum:  0.4, Workers: 4
[891.533s][debug][gc,phases      ] GC(30)     Dead                           Min: 0, Avg:  0.0, Max: 0, Diff: 0, Sum: 0, Workers: 4
[891.533s][debug][gc,phases      ] GC(30)     Total                          Min: 0, Avg: 11540.2, Max: 19666, Diff: 19666, Sum: 46161, Workers: 4
[891.533s][debug][gc,phases      ] GC(30)   ResolvedMethodTable Weak       Min:  0.0, Avg:  0.0, Max:  0.0, Diff:  0.0, Sum:  0.1, Workers: 4
[891.533s][debug][gc,phases      ] GC(30)     Dead                           Min: 0, Avg:  4.0, Max: 16, Diff: 16, Sum: 16, Workers: 4
[891.533s][debug][gc,phases      ] GC(30)     Total                          Min: 0, Avg: 3731.0, Max: 6330, Diff: 6330, Sum: 14924, Workers: 4
[891.533s][debug][gc,phases      ] GC(30)   JNI Weak                       Min:  0.0, Avg:  0.0, Max:  0.0, Diff:  0.0, Sum:  0.0, Workers: 4
[891.533s][debug][gc,phases      ] GC(30)     Dead                           Min: 0, Avg:  0.0, Max: 0, Diff: 0, Sum: 0, Workers: 4
[891.533s][debug][gc,phases      ] GC(30)     Total                          Min: 0, Avg: 13.0, Max: 52, Diff: 52, Sum: 52, Workers: 4
[891.533s][debug][gc,phases      ] GC(30)   StringDedup Table Weak         Min:  0.0, Avg:  0.0, Max:  0.0, Diff:  0.0, Sum:  0.0, Workers: 4
[891.533s][debug][gc,phases      ] GC(30)     Dead                           Min: 0, Avg:  0.0, Max: 0, Diff: 0, Sum: 0, Workers: 4
[891.533s][debug][gc,phases      ] GC(30)     Total                          Min: 0, Avg:  0.0, Max: 0, Diff: 0, Sum: 0, Workers: 4
[891.533s][debug][gc,phases      ] GC(30)   StringDedup Requests0 Weak     Min:  0.0, Avg:  0.0, Max:  0.0, Diff:  0.0, Sum:  0.0, Workers: 4
[891.533s][debug][gc,phases      ] GC(30)     Dead                           Min: 0, Avg:  0.0, Max: 0, Diff: 0, Sum: 0, Workers: 4
[891.533s][debug][gc,phases      ] GC(30)     Total                          Min: 0, Avg:  0.0, Max: 0, Diff: 0, Sum: 0, Workers: 4
[891.533s][debug][gc,phases      ] GC(30)   StringDedup Requests1 Weak     Min:  0.0, Avg:  0.0, Max:  0.0, Diff:  0.0, Sum:  0.0, Workers: 4
[891.533s][debug][gc,phases      ] GC(30)     Dead                           Min: 0, Avg:  0.0, Max: 0, Diff: 0, Sum: 0, Workers: 4
[891.533s][debug][gc,phases      ] GC(30)     Total                          Min: 0, Avg:  0.0, Max: 0, Diff: 0, Sum: 0, Workers: 4
[891.533s][debug][gc,phases      ] GC(30)   Weak JFR Old Object Samples    Min:  0.0, Avg:  0.0, Max:  0.0, Diff:  0.0, Sum:  0.0, Workers: 4
[891.533s][debug][gc,phases      ] GC(30)     Dead                           Min: 0, Avg:  0.0, Max: 0, Diff: 0, Sum: 0, Workers: 4
[891.534s][debug][gc,phases      ] GC(30)     Total                          Min: 0, Avg:  0.0, Max: 0, Diff: 0, Sum: 0, Workers: 4
[891.534s][debug][gc,phases      ] GC(30) Weak Processing 0.343ms
[891.534s][debug][gc,age         ] GC(30) Desired survivor size 141557760 bytes, new threshold 1 (max threshold 15)
[891.534s][info ][gc,heap        ] GC(30) PSYoungGen: 1781057K(1932800K)->3799K(1958912K) Eden: 1777152K(1777152K)->0K(1811968K) From: 3905K(155648K)->3799K(146944K)
[891.534s][info ][gc,heap        ] GC(30) ParOldGen: 311758K(311808K)->312867K(313344K)
[891.534s][info ][gc,metaspace   ] GC(30) Metaspace: 105485K(106688K)->105485K(106688K) NonClass: 89514K(90176K)->89514K(90176K) Class: 15971K(16512K)->15971K(16512K)
[891.534s][info ][gc             ] GC(30) Pause Young (Allocation Failure) 2043M->309M(2219M) 3.159ms
[891.534s][info ][gc,cpu         ] GC(30) User=0.01s Sys=0.00s Real=0.01s
[891.534s][info ][safepoint      ] Safepoint "ParallelGCFailedAllocation", Time since last: 135919332 ns, Reaching safepoint: 80900 ns, Cleanup: 3400 ns, At safepoint: 3219098 ns, Total: 3303398 ns
[901.534s][info ][safepoint      ] Safepoint "Cleanup", Time since last: 10000740206 ns, Reaching safepoint: 97900 ns, Cleanup: 8100 ns, At safepoint: 7400 ns, Total: 113400 ns
[906.535s][info ][safepoint      ] Safepoint "Cleanup", Time since last: 5000416075 ns, Reaching safepoint: 82400 ns, Cleanup: 9500 ns, At safepoint: 6600 ns, Total: 98500 ns
[907.535s][info ][safepoint      ] Safepoint "Cleanup", Time since last: 1000148087 ns, Reaching safepoint: 79800 ns, Cleanup: 9500 ns, At safepoint: 24100 ns, Total: 113400 ns
[909.535s][info ][safepoint      ] Safepoint "Cleanup", Time since last: 2000192973 ns, Reaching safepoint: 77700 ns, Cleanup: 9200 ns, At safepoint: 9000 ns, Total: 95900 ns
[911.536s][info ][safepoint      ] Safepoint "Cleanup", Time since last: 2000186073 ns, Reaching safepoint: 80300 ns, Cleanup: 25300 ns, At safepoint: 6200 ns, Total: 111800 ns
[913.536s][info ][safepoint      ] Safepoint "Cleanup", Time since last: 2000182072 ns, Reaching safepoint: 5500 ns, Cleanup: 13200 ns, At safepoint: 1800 ns, Total: 20500 ns
[916.536s][info ][safepoint      ] Safepoint "Cleanup", Time since last: 3000254059 ns, Reaching safepoint: 4800 ns, Cleanup: 9300 ns, At safepoint: 1800 ns, Total: 15900 ns
[917.536s][info ][safepoint      ] Safepoint "Cleanup", Time since last: 1000104886 ns, Reaching safepoint: 5400 ns, Cleanup: 33200 ns, At safepoint: 1800 ns, Total: 40400 ns
[918.537s][info ][safepoint      ] Safepoint "Cleanup", Time since last: 1000109686 ns, Reaching safepoint: 6300 ns, Cleanup: 17500 ns, At safepoint: 2100 ns, Total: 25900 ns
[922.537s][info ][safepoint      ] Safepoint "Cleanup", Time since last: 4000355717 ns, Reaching safepoint: 5900 ns, Cleanup: 7400 ns, At safepoint: 2100 ns, Total: 15400 ns
[925.537s][info ][safepoint      ] Safepoint "Cleanup", Time since last: 3000242143 ns, Reaching safepoint: 5900 ns, Cleanup: 8700 ns, At safepoint: 1700 ns, Total: 16300 ns
[927.537s][info ][safepoint      ] Safepoint "Cleanup", Time since last: 2000183829 ns, Reaching safepoint: 7100 ns, Cleanup: 12600 ns, At safepoint: 2700 ns, Total: 22400 ns
[936.538s][info ][safepoint      ] Safepoint "Cleanup", Time since last: 9000665803 ns, Reaching safepoint: 7000 ns, Cleanup: 9000 ns, At safepoint: 2100 ns, Total: 18100 ns
[938.538s][info ][safepoint      ] Safepoint "Cleanup", Time since last: 2000192548 ns, Reaching safepoint: 5500 ns, Cleanup: 11500 ns, At safepoint: 21300 ns, Total: 38300 ns
[940.538s][info ][safepoint      ] Safepoint "Cleanup", Time since last: 2000165748 ns, Reaching safepoint: 6000 ns, Cleanup: 9500 ns, At safepoint: 1600 ns, Total: 17100 ns
[940.682s][info ][gc,start       ] GC(31) Pause Young (Allocation Failure)
[940.686s][debug][gc,phases      ] GC(31) Scavenge 3.659ms
[940.686s][debug][gc,ref         ] GC(31) ReferenceProcessor::execute queues: 1, RefProcThreadModel::Single, marks_oops_alive: false
[940.686s][debug][gc,ref         ] GC(31) Skipped KeepAliveFinalRefsPhase of Reference Processing: no references
[940.686s][debug][gc,ref         ] GC(31) ReferenceProcessor::execute queues: 1, RefProcThreadModel::Single, marks_oops_alive: false
[940.686s][debug][gc,phases      ] GC(31) Reference Processing 0.116ms
[940.686s][debug][gc,phases      ] GC(31)   VM Weak                        Min:  0.0, Avg:  0.0, Max:  0.0, Diff:  0.0, Sum:  0.0, Workers: 4
[940.686s][debug][gc,phases      ] GC(31)     Dead                           Min: 0, Avg:  0.0, Max: 0, Diff: 0, Sum: 0, Workers: 4
[940.686s][debug][gc,phases      ] GC(31)     Total                          Min: 0, Avg: 228.0, Max: 784, Diff: 784, Sum: 912, Workers: 4
[940.686s][debug][gc,phases      ] GC(31)   ObjectSynchronizer Weak        Min:  0.0, Avg:  0.0, Max:  0.0, Diff:  0.0, Sum:  0.0, Workers: 4
[940.686s][debug][gc,phases      ] GC(31)     Dead                           Min: 0, Avg:  0.0, Max: 0, Diff: 0, Sum: 0, Workers: 4
[940.686s][debug][gc,phases      ] GC(31)     Total                          Min: 0, Avg:  0.8, Max: 3, Diff: 3, Sum: 3, Workers: 4
[940.686s][debug][gc,phases      ] GC(31)   JVMTI Tag Weak OopStorage      Min:  0.0, Avg:  0.0, Max:  0.0, Diff:  0.0, Sum:  0.0, Workers: 4
[940.686s][debug][gc,phases      ] GC(31)     Dead                           Min: 0, Avg:  0.0, Max: 0, Diff: 0, Sum: 0, Workers: 4
[940.686s][debug][gc,phases      ] GC(31)     Total                          Min: 0, Avg:  0.0, Max: 0, Diff: 0, Sum: 0, Workers: 4
[940.686s][debug][gc,phases      ] GC(31)   StringTable Weak               Min:  0.0, Avg:  0.1, Max:  0.1, Diff:  0.1, Sum:  0.4, Workers: 4
[940.686s][debug][gc,phases      ] GC(31)     Dead                           Min: 0, Avg:  0.0, Max: 0, Diff: 0, Sum: 0, Workers: 4
[940.686s][debug][gc,phases      ] GC(31)     Total                          Min: 0, Avg: 11540.2, Max: 20030, Diff: 20030, Sum: 46161, Workers: 4
[940.686s][debug][gc,phases      ] GC(31)   ResolvedMethodTable Weak       Min:  0.0, Avg:  0.0, Max:  0.1, Diff:  0.1, Sum:  0.2, Workers: 4
[940.686s][debug][gc,phases      ] GC(31)     Dead                           Min: 0, Avg:  0.0, Max: 0, Diff: 0, Sum: 0, Workers: 4
[940.686s][debug][gc,phases      ] GC(31)     Total                          Min: 0, Avg: 3731.0, Max: 5975, Diff: 5975, Sum: 14924, Workers: 4
[940.686s][debug][gc,phases      ] GC(31)   JNI Weak                       Min:  0.0, Avg:  0.0, Max:  0.0, Diff:  0.0, Sum:  0.0, Workers: 4
[940.686s][debug][gc,phases      ] GC(31)     Dead                           Min: 0, Avg:  0.0, Max: 0, Diff: 0, Sum: 0, Workers: 4
[940.686s][debug][gc,phases      ] GC(31)     Total                          Min: 0, Avg: 13.0, Max: 52, Diff: 52, Sum: 52, Workers: 4
[940.686s][debug][gc,phases      ] GC(31)   StringDedup Table Weak         Min:  0.0, Avg:  0.0, Max:  0.0, Diff:  0.0, Sum:  0.0, Workers: 4
[940.686s][debug][gc,phases      ] GC(31)     Dead                           Min: 0, Avg:  0.0, Max: 0, Diff: 0, Sum: 0, Workers: 4
[940.686s][debug][gc,phases      ] GC(31)     Total                          Min: 0, Avg:  0.0, Max: 0, Diff: 0, Sum: 0, Workers: 4
[940.686s][debug][gc,phases      ] GC(31)   StringDedup Requests0 Weak     Min:  0.0, Avg:  0.0, Max:  0.0, Diff:  0.0, Sum:  0.0, Workers: 4
[940.686s][debug][gc,phases      ] GC(31)     Dead                           Min: 0, Avg:  0.0, Max: 0, Diff: 0, Sum: 0, Workers: 4
[940.686s][debug][gc,phases      ] GC(31)     Total                          Min: 0, Avg:  0.0, Max: 0, Diff: 0, Sum: 0, Workers: 4
[940.686s][debug][gc,phases      ] GC(31)   StringDedup Requests1 Weak     Min:  0.0, Avg:  0.0, Max:  0.0, Diff:  0.0, Sum:  0.0, Workers: 4
[940.686s][debug][gc,phases      ] GC(31)     Dead                           Min: 0, Avg:  0.0, Max: 0, Diff: 0, Sum: 0, Workers: 4
[940.686s][debug][gc,phases      ] GC(31)     Total                          Min: 0, Avg:  0.0, Max: 0, Diff: 0, Sum: 0, Workers: 4
[940.686s][debug][gc,phases      ] GC(31)   Weak JFR Old Object Samples    Min:  0.0, Avg:  0.0, Max:  0.0, Diff:  0.0, Sum:  0.0, Workers: 4
[940.686s][debug][gc,phases      ] GC(31)     Dead                           Min: 0, Avg:  0.0, Max: 0, Diff: 0, Sum: 0, Workers: 4
[940.686s][debug][gc,phases      ] GC(31)     Total                          Min: 0, Avg:  0.0, Max: 0, Diff: 0, Sum: 0, Workers: 4
[940.686s][debug][gc,phases      ] GC(31) Weak Processing 0.370ms
[940.686s][debug][gc,age         ] GC(31) Desired survivor size 133169152 bytes, new threshold 1 (max threshold 15)
[940.686s][info ][gc,heap        ] GC(31) PSYoungGen: 1815767K(1958912K)->2992K(1950208K) Eden: 1811968K(1811968K)->0K(1811968K) From: 3799K(146944K)->2992K(138240K)
[940.686s][info ][gc,heap        ] GC(31) ParOldGen: 312867K(313344K)->314526K(314880K)
[940.686s][info ][gc,metaspace   ] GC(31) Metaspace: 105504K(106752K)->105504K(106752K) NonClass: 89533K(90240K)->89533K(90240K) Class: 15971K(16512K)->15971K(16512K)
[940.686s][info ][gc             ] GC(31) Pause Young (Allocation Failure) 2078M->310M(2212M) 4.260ms
[940.686s][info ][gc,cpu         ] GC(31) User=0.01s Sys=0.00s Real=0.00s
[940.686s][info ][safepoint      ] Safepoint "ParallelGCFailedAllocation", Time since last: 143456325 ns, Reaching safepoint: 76600 ns, Cleanup: 3600 ns, At safepoint: 4325298 ns, Total: 4405498 ns
[941.687s][info ][safepoint      ] Safepoint "Cleanup", Time since last: 1000082674 ns, Reaching safepoint: 77100 ns, Cleanup: 7500 ns, At safepoint: 5300 ns, Total: 89900 ns
[942.687s][info ][safepoint      ] Safepoint "Cleanup", Time since last: 1000094574 ns, Reaching safepoint: 5700 ns, Cleanup: 7100 ns, At safepoint: 2000 ns, Total: 14800 ns
[951.687s][info ][safepoint      ] Safepoint "Cleanup", Time since last: 9000639820 ns, Reaching safepoint: 4900 ns, Cleanup: 13500 ns, At safepoint: 1500 ns, Total: 19900 ns
[952.687s][info ][safepoint      ] Safepoint "Cleanup", Time since last: 1000095067 ns, Reaching safepoint: 5300 ns, Cleanup: 9900 ns, At safepoint: 1800 ns, Total: 17000 ns
[955.688s][info ][safepoint      ] Safepoint "Cleanup", Time since last: 3000238385 ns, Reaching safepoint: 6000 ns, Cleanup: 8800 ns, At safepoint: 1800 ns, Total: 16600 ns
[956.688s][info ][safepoint      ] Safepoint "Cleanup", Time since last: 1000098062 ns, Reaching safepoint: 6000 ns, Cleanup: 12400 ns, At safepoint: 2400 ns, Total: 20800 ns
[970.362s][info ][safepoint      ] Safepoint "Cleanup", Time since last: 13674402220 ns, Reaching safepoint: 6500 ns, Cleanup: 10500 ns, At safepoint: 20800 ns, Total: 37800 ns
[973.362s][info ][safepoint      ] Safepoint "Cleanup", Time since last: 3000239740 ns, Reaching safepoint: 5900 ns, Cleanup: 11100 ns, At safepoint: 1900 ns, Total: 18900 ns
[984.363s][info ][safepoint      ] Safepoint "Cleanup", Time since last: 11000830735 ns, Reaching safepoint: 6100 ns, Cleanup: 10500 ns, At safepoint: 2200 ns, Total: 18800 ns
[989.364s][info ][safepoint      ] Safepoint "Cleanup", Time since last: 5000438192 ns, Reaching safepoint: 6000 ns, Cleanup: 14200 ns, At safepoint: 2000 ns, Total: 22200 ns
[991.681s][info ][gc,start       ] GC(32) Pause Young (Allocation Failure)
[991.684s][debug][gc,phases      ] GC(32) Scavenge 3.271ms
[991.684s][debug][gc,ref         ] GC(32) ReferenceProcessor::execute queues: 1, RefProcThreadModel::Single, marks_oops_alive: false
[991.684s][debug][gc,ref         ] GC(32) Skipped KeepAliveFinalRefsPhase of Reference Processing: no references
[991.684s][debug][gc,ref         ] GC(32) ReferenceProcessor::execute queues: 1, RefProcThreadModel::Single, marks_oops_alive: false
[991.684s][debug][gc,phases      ] GC(32) Reference Processing 0.099ms
[991.684s][debug][gc,phases      ] GC(32)   VM Weak                        Min:  0.0, Avg:  0.0, Max:  0.0, Diff:  0.0, Sum:  0.0, Workers: 4
[991.685s][debug][gc,phases      ] GC(32)     Dead                           Min: 0, Avg:  0.0, Max: 0, Diff: 0, Sum: 0, Workers: 4
[991.685s][debug][gc,phases      ] GC(32)     Total                          Min: 0, Avg: 228.0, Max: 320, Diff: 320, Sum: 912, Workers: 4
[991.685s][debug][gc,phases      ] GC(32)   ObjectSynchronizer Weak        Min:  0.0, Avg:  0.0, Max:  0.0, Diff:  0.0, Sum:  0.0, Workers: 4
[991.685s][debug][gc,phases      ] GC(32)     Dead                           Min: 0, Avg:  0.0, Max: 0, Diff: 0, Sum: 0, Workers: 4
[991.685s][debug][gc,phases      ] GC(32)     Total                          Min: 0, Avg:  0.8, Max: 3, Diff: 3, Sum: 3, Workers: 4
[991.685s][debug][gc,phases      ] GC(32)   JVMTI Tag Weak OopStorage      Min:  0.0, Avg:  0.0, Max:  0.0, Diff:  0.0, Sum:  0.0, Workers: 4
[991.685s][debug][gc,phases      ] GC(32)     Dead                           Min: 0, Avg:  0.0, Max: 0, Diff: 0, Sum: 0, Workers: 4
[991.685s][debug][gc,phases      ] GC(32)     Total                          Min: 0, Avg:  0.0, Max: 0, Diff: 0, Sum: 0, Workers: 4
[991.685s][debug][gc,phases      ] GC(32)   StringTable Weak               Min:  0.0, Avg:  0.1, Max:  0.1, Diff:  0.1, Sum:  0.4, Workers: 4
[991.685s][debug][gc,phases      ] GC(32)     Dead                           Min: 0, Avg:  0.2, Max: 1, Diff: 1, Sum: 1, Workers: 4
[991.685s][debug][gc,phases      ] GC(32)     Total                          Min: 0, Avg: 11542.5, Max: 19676, Diff: 19676, Sum: 46170, Workers: 4
[991.685s][debug][gc,phases      ] GC(32)   ResolvedMethodTable Weak       Min:  0.0, Avg:  0.0, Max:  0.0, Diff:  0.0, Sum:  0.1, Workers: 4
[991.685s][debug][gc,phases      ] GC(32)     Dead                           Min: 0, Avg:  4.0, Max: 16, Diff: 16, Sum: 16, Workers: 4
[991.685s][debug][gc,phases      ] GC(32)     Total                          Min: 0, Avg: 3732.8, Max: 6468, Diff: 6468, Sum: 14931, Workers: 4
[991.685s][debug][gc,phases      ] GC(32)   JNI Weak                       Min:  0.0, Avg:  0.0, Max:  0.0, Diff:  0.0, Sum:  0.0, Workers: 4
[991.685s][debug][gc,phases      ] GC(32)     Dead                           Min: 0, Avg:  0.0, Max: 0, Diff: 0, Sum: 0, Workers: 4
[991.685s][debug][gc,phases      ] GC(32)     Total                          Min: 0, Avg: 13.0, Max: 52, Diff: 52, Sum: 52, Workers: 4
[991.685s][debug][gc,phases      ] GC(32)   StringDedup Table Weak         Min:  0.0, Avg:  0.0, Max:  0.0, Diff:  0.0, Sum:  0.0, Workers: 4
[991.685s][debug][gc,phases      ] GC(32)     Dead                           Min: 0, Avg:  0.0, Max: 0, Diff: 0, Sum: 0, Workers: 4
[991.685s][debug][gc,phases      ] GC(32)     Total                          Min: 0, Avg:  0.0, Max: 0, Diff: 0, Sum: 0, Workers: 4
[991.685s][debug][gc,phases      ] GC(32)   StringDedup Requests0 Weak     Min:  0.0, Avg:  0.0, Max:  0.0, Diff:  0.0, Sum:  0.0, Workers: 4
[991.685s][debug][gc,phases      ] GC(32)     Dead                           Min: 0, Avg:  0.0, Max: 0, Diff: 0, Sum: 0, Workers: 4
[991.685s][debug][gc,phases      ] GC(32)     Total                          Min: 0, Avg:  0.0, Max: 0, Diff: 0, Sum: 0, Workers: 4
[991.685s][debug][gc,phases      ] GC(32)   StringDedup Requests1 Weak     Min:  0.0, Avg:  0.0, Max:  0.0, Diff:  0.0, Sum:  0.0, Workers: 4
[991.685s][debug][gc,phases      ] GC(32)     Dead                           Min: 0, Avg:  0.0, Max: 0, Diff: 0, Sum: 0, Workers: 4
[991.685s][debug][gc,phases      ] GC(32)     Total                          Min: 0, Avg:  0.0, Max: 0, Diff: 0, Sum: 0, Workers: 4
[991.685s][debug][gc,phases      ] GC(32)   Weak JFR Old Object Samples    Min:  0.0, Avg:  0.0, Max:  0.0, Diff:  0.0, Sum:  0.0, Workers: 4
[991.685s][debug][gc,phases      ] GC(32)     Dead                           Min: 0, Avg:  0.0, Max: 0, Diff: 0, Sum: 0, Workers: 4
[991.685s][debug][gc,phases      ] GC(32)     Total                          Min: 0, Avg:  0.0, Max: 0, Diff: 0, Sum: 0, Workers: 4
[991.685s][debug][gc,phases      ] GC(32) Weak Processing 0.353ms
[991.685s][debug][gc,age         ] GC(32) Desired survivor size 125304832 bytes, new threshold 1 (max threshold 15)
[991.685s][info ][gc,heap        ] GC(32) PSYoungGen: 1814960K(1950208K)->3104K(1974784K) Eden: 1811968K(1811968K)->0K(1844736K) From: 2992K(138240K)->3104K(130048K)
[991.685s][info ][gc,heap        ] GC(32) ParOldGen: 314526K(314880K)->315512K(315904K)
[991.685s][info ][gc,metaspace   ] GC(32) Metaspace: 105536K(106752K)->105536K(106752K) NonClass: 89562K(90240K)->89562K(90240K) Class: 15973K(16512K)->15973K(16512K)
[991.685s][info ][gc             ] GC(32) Pause Young (Allocation Failure) 2079M->311M(2237M) 3.823ms
[991.685s][info ][gc,cpu         ] GC(32) User=0.01s Sys=0.00s Real=0.01s
[991.685s][info ][safepoint      ] Safepoint "ParallelGCFailedAllocation", Time since last: 2316952844 ns, Reaching safepoint: 78899 ns, Cleanup: 4000 ns, At safepoint: 3882998 ns, Total: 3965897 ns
[994.685s][info ][safepoint      ] Safepoint "Cleanup", Time since last: 3000245786 ns, Reaching safepoint: 7300 ns, Cleanup: 10900 ns, At safepoint: 8900 ns, Total: 27100 ns
[997.685s][info ][safepoint      ] Safepoint "Cleanup", Time since last: 3000263794 ns, Reaching safepoint: 76400 ns, Cleanup: 40500 ns, At safepoint: 5700 ns, Total: 122600 ns
[998.686s][info ][safepoint      ] Safepoint "Cleanup", Time since last: 1000137664 ns, Reaching safepoint: 6300 ns, Cleanup: 35500 ns, At safepoint: 1600 ns, Total: 43400 ns
[999.686s][info ][safepoint      ] Safepoint "Cleanup", Time since last: 1000102165 ns, Reaching safepoint: 5400 ns, Cleanup: 8800 ns, At safepoint: 20300 ns, Total: 34500 ns
[1000.686s][info ][safepoint      ] Safepoint "Cleanup", Time since last: 1000098564 ns, Reaching safepoint: 5200 ns, Cleanup: 13800 ns, At safepoint: 1600 ns, Total: 20600 ns
[1002.686s][info ][safepoint      ] Safepoint "Cleanup", Time since last: 2000166423 ns, Reaching safepoint: 5600 ns, Cleanup: 9900 ns, At safepoint: 1900 ns, Total: 17400 ns
[1003.686s][info ][safepoint      ] Safepoint "Cleanup", Time since last: 1000120506 ns, Reaching safepoint: 5400 ns, Cleanup: 15600 ns, At safepoint: 1700 ns, Total: 22700 ns
[1005.686s][info ][safepoint      ] Safepoint "Cleanup", Time since last: 2000167613 ns, Reaching safepoint: 4900 ns, Cleanup: 8200 ns, At safepoint: 1800 ns, Total: 14900 ns
[1006.686s][info ][safepoint      ] Safepoint "Cleanup", Time since last: 1000103407 ns, Reaching safepoint: 5300 ns, Cleanup: 13700 ns, At safepoint: 1600 ns, Total: 20600 ns
[1007.687s][info ][safepoint      ] Safepoint "Cleanup", Time since last: 1000100306 ns, Reaching safepoint: 4900 ns, Cleanup: 12800 ns, At safepoint: 1800 ns, Total: 19500 ns
[1008.687s][info ][safepoint      ] Safepoint "Cleanup", Time since last: 1000106706 ns, Reaching safepoint: 4700 ns, Cleanup: 9900 ns, At safepoint: 1600 ns, Total: 16200 ns
[1009.687s][info ][safepoint      ] Safepoint "Cleanup", Time since last: 1000097652 ns, Reaching safepoint: 4600 ns, Cleanup: 6800 ns, At safepoint: 1400 ns, Total: 12800 ns
[1010.687s][info ][safepoint      ] Safepoint "Cleanup", Time since last: 1000097362 ns, Reaching safepoint: 4600 ns, Cleanup: 15500 ns, At safepoint: 1600 ns, Total: 21700 ns
[1012.687s][info ][safepoint      ] Safepoint "Cleanup", Time since last: 2000171924 ns, Reaching safepoint: 20900 ns, Cleanup: 8600 ns, At safepoint: 2000 ns, Total: 31500 ns
[1013.687s][info ][safepoint      ] Safepoint "Cleanup", Time since last: 1000107661 ns, Reaching safepoint: 4600 ns, Cleanup: 11400 ns, At safepoint: 1600 ns, Total: 17600 ns
[1014.687s][info ][safepoint      ] Safepoint "Cleanup", Time since last: 1000101762 ns, Reaching safepoint: 5800 ns, Cleanup: 11900 ns, At safepoint: 2100 ns, Total: 19800 ns
[1015.687s][info ][safepoint      ] Safepoint "Cleanup", Time since last: 1000107262 ns, Reaching safepoint: 5500 ns, Cleanup: 8300 ns, At safepoint: 2100 ns, Total: 15900 ns
[1018.688s][info ][safepoint      ] Safepoint "Cleanup", Time since last: 3000246133 ns, Reaching safepoint: 5500 ns, Cleanup: 6400 ns, At safepoint: 1700 ns, Total: 13600 ns
[1020.688s][info ][safepoint      ] Safepoint "Cleanup", Time since last: 2000178975 ns, Reaching safepoint: 5500 ns, Cleanup: 15100 ns, At safepoint: 1700 ns, Total: 22300 ns
[1022.688s][info ][safepoint      ] Safepoint "Cleanup", Time since last: 2000171176 ns, Reaching safepoint: 5500 ns, Cleanup: 8400 ns, At safepoint: 1700 ns, Total: 15600 ns
[1023.688s][info ][safepoint      ] Safepoint "Cleanup", Time since last: 1000108988 ns, Reaching safepoint: 6200 ns, Cleanup: 14000 ns, At safepoint: 1900 ns, Total: 22100 ns
[1024.688s][info ][safepoint      ] Safepoint "Cleanup", Time since last: 1000101788 ns, Reaching safepoint: 6200 ns, Cleanup: 14500 ns, At safepoint: 2000 ns, Total: 22700 ns
[1027.689s][info ][safepoint      ] Safepoint "Cleanup", Time since last: 3000259797 ns, Reaching safepoint: 4800 ns, Cleanup: 8900 ns, At safepoint: 1400 ns, Total: 15100 ns
[1028.689s][info ][safepoint      ] Safepoint "Cleanup", Time since last: 1000107265 ns, Reaching safepoint: 6000 ns, Cleanup: 7800 ns, At safepoint: 1800 ns, Total: 15600 ns
[1034.689s][info ][safepoint      ] Safepoint "Cleanup", Time since last: 6000456295 ns, Reaching safepoint: 5500 ns, Cleanup: 7300 ns, At safepoint: 1700 ns, Total: 14500 ns
[1042.690s][info ][safepoint      ] Safepoint "Cleanup", Time since last: 8000584434 ns, Reaching safepoint: 6200 ns, Cleanup: 13100 ns, At safepoint: 2000 ns, Total: 21300 ns
[1043.703s][info ][gc,start       ] GC(33) Pause Young (Allocation Failure)
[1043.707s][debug][gc,phases      ] GC(33) Scavenge 4.294ms
[1043.707s][debug][gc,ref         ] GC(33) ReferenceProcessor::execute queues: 1, RefProcThreadModel::Single, marks_oops_alive: false
[1043.707s][debug][gc,ref         ] GC(33) Skipped KeepAliveFinalRefsPhase of Reference Processing: no references
[1043.707s][debug][gc,ref         ] GC(33) Skipped PhantomRefsPhase of Reference Processing: no references
[1043.707s][debug][gc,phases      ] GC(33) Reference Processing 0.088ms
[1043.707s][debug][gc,phases      ] GC(33)   VM Weak                        Min:  0.0, Avg:  0.0, Max:  0.0, Diff:  0.0, Sum:  0.0, Workers: 4
[1043.707s][debug][gc,phases      ] GC(33)     Dead                           Min: 0, Avg:  0.0, Max: 0, Diff: 0, Sum: 0, Workers: 4
[1043.707s][debug][gc,phases      ] GC(33)     Total                          Min: 0, Avg: 228.0, Max: 400, Diff: 400, Sum: 912, Workers: 4
[1043.707s][debug][gc,phases      ] GC(33)   ObjectSynchronizer Weak        Min:  0.0, Avg:  0.0, Max:  0.0, Diff:  0.0, Sum:  0.0, Workers: 4
[1043.707s][debug][gc,phases      ] GC(33)     Dead                           Min: 0, Avg:  0.0, Max: 0, Diff: 0, Sum: 0, Workers: 4
[1043.707s][debug][gc,phases      ] GC(33)     Total                          Min: 0, Avg:  1.0, Max: 4, Diff: 4, Sum: 4, Workers: 4
[1043.707s][debug][gc,phases      ] GC(33)   JVMTI Tag Weak OopStorage      Min:  0.0, Avg:  0.0, Max:  0.0, Diff:  0.0, Sum:  0.0, Workers: 4
[1043.707s][debug][gc,phases      ] GC(33)     Dead                           Min: 0, Avg:  0.0, Max: 0, Diff: 0, Sum: 0, Workers: 4
[1043.707s][debug][gc,phases      ] GC(33)     Total                          Min: 0, Avg:  0.0, Max: 0, Diff: 0, Sum: 0, Workers: 4
[1043.708s][debug][gc,phases      ] GC(33)   StringTable Weak               Min:  0.0, Avg:  0.1, Max:  0.1, Diff:  0.1, Sum:  0.4, Workers: 4
[1043.708s][debug][gc,phases      ] GC(33)     Dead                           Min: 0, Avg:  0.0, Max: 0, Diff: 0, Sum: 0, Workers: 4
[1043.708s][debug][gc,phases      ] GC(33)     Total                          Min: 0, Avg: 11542.5, Max: 19675, Diff: 19675, Sum: 46170, Workers: 4
[1043.708s][debug][gc,phases      ] GC(33)   ResolvedMethodTable Weak       Min:  0.0, Avg:  0.0, Max:  0.0, Diff:  0.0, Sum:  0.1, Workers: 4
[1043.708s][debug][gc,phases      ] GC(33)     Dead                           Min: 0, Avg:  4.0, Max: 16, Diff: 16, Sum: 16, Workers: 4
[1043.708s][debug][gc,phases      ] GC(33)     Total                          Min: 0, Avg: 3732.8, Max: 6366, Diff: 6366, Sum: 14931, Workers: 4
[1043.708s][debug][gc,phases      ] GC(33)   JNI Weak                       Min:  0.0, Avg:  0.0, Max:  0.0, Diff:  0.0, Sum:  0.0, Workers: 4
[1043.708s][debug][gc,phases      ] GC(33)     Dead                           Min: 0, Avg:  0.0, Max: 0, Diff: 0, Sum: 0, Workers: 4
[1043.708s][debug][gc,phases      ] GC(33)     Total                          Min: 0, Avg: 13.0, Max: 52, Diff: 52, Sum: 52, Workers: 4
[1043.708s][debug][gc,phases      ] GC(33)   StringDedup Table Weak         Min:  0.0, Avg:  0.0, Max:  0.0, Diff:  0.0, Sum:  0.0, Workers: 4
[1043.708s][debug][gc,phases      ] GC(33)     Dead                           Min: 0, Avg:  0.0, Max: 0, Diff: 0, Sum: 0, Workers: 4
[1043.708s][debug][gc,phases      ] GC(33)     Total                          Min: 0, Avg:  0.0, Max: 0, Diff: 0, Sum: 0, Workers: 4
[1043.708s][debug][gc,phases      ] GC(33)   StringDedup Requests0 Weak     Min:  0.0, Avg:  0.0, Max:  0.0, Diff:  0.0, Sum:  0.0, Workers: 4
[1043.708s][debug][gc,phases      ] GC(33)     Dead                           Min: 0, Avg:  0.0, Max: 0, Diff: 0, Sum: 0, Workers: 4
[1043.708s][debug][gc,phases      ] GC(33)     Total                          Min: 0, Avg:  0.0, Max: 0, Diff: 0, Sum: 0, Workers: 4
[1043.708s][debug][gc,phases      ] GC(33)   StringDedup Requests1 Weak     Min:  0.0, Avg:  0.0, Max:  0.0, Diff:  0.0, Sum:  0.0, Workers: 4
[1043.708s][debug][gc,phases      ] GC(33)     Dead                           Min: 0, Avg:  0.0, Max: 0, Diff: 0, Sum: 0, Workers: 4
[1043.708s][debug][gc,phases      ] GC(33)     Total                          Min: 0, Avg:  0.0, Max: 0, Diff: 0, Sum: 0, Workers: 4
[1043.708s][debug][gc,phases      ] GC(33)   Weak JFR Old Object Samples    Min:  0.0, Avg:  0.0, Max:  0.0, Diff:  0.0, Sum:  0.0, Workers: 4
[1043.708s][debug][gc,phases      ] GC(33)     Dead                           Min: 0, Avg:  0.0, Max: 0, Diff: 0, Sum: 0, Workers: 4
[1043.708s][debug][gc,phases      ] GC(33)     Total                          Min: 0, Avg:  0.0, Max: 0, Diff: 0, Sum: 0, Workers: 4
[1043.708s][debug][gc,phases      ] GC(33) Weak Processing 0.365ms
[1043.708s][debug][gc,age         ] GC(33) Desired survivor size 117440512 bytes, new threshold 1 (max threshold 15)
[1043.708s][info ][gc,heap        ] GC(33) PSYoungGen: 1847840K(1974784K)->4402K(1967104K) Eden: 1844736K(1844736K)->0K(1844736K) From: 3104K(130048K)->4402K(122368K)
[1043.708s][info ][gc,heap        ] GC(33) ParOldGen: 315512K(315904K)->316384K(316416K)
[1043.708s][info ][gc,metaspace   ] GC(33) Metaspace: 105593K(106816K)->105593K(106816K) NonClass: 89616K(90304K)->89616K(90304K) Class: 15977K(16512K)->15977K(16512K)
[1043.708s][info ][gc             ] GC(33) Pause Young (Allocation Failure) 2112M->313M(2230M) 4.844ms
[1043.708s][info ][gc,cpu         ] GC(33) User=0.02s Sys=0.01s Real=0.00s
[1043.708s][info ][safepoint      ] Safepoint "ParallelGCFailedAllocation", Time since last: 1012898819 ns, Reaching safepoint: 5300 ns, Cleanup: 3200 ns, At safepoint: 4900197 ns, Total: 4908697 ns
[1044.708s][info ][safepoint      ] Safepoint "Cleanup", Time since last: 1000088627 ns, Reaching safepoint: 5300 ns, Cleanup: 18300 ns, At safepoint: 2400 ns, Total: 26000 ns
[1045.708s][info ][safepoint      ] Safepoint "Cleanup", Time since last: 1000103826 ns, Reaching safepoint: 5700 ns, Cleanup: 18800 ns, At safepoint: 2100 ns, Total: 26600 ns
[1046.708s][info ][safepoint      ] Safepoint "Cleanup", Time since last: 1000102627 ns, Reaching safepoint: 4800 ns, Cleanup: 8800 ns, At safepoint: 2200 ns, Total: 15800 ns
[1049.708s][info ][safepoint      ] Safepoint "Cleanup", Time since last: 3000243599 ns, Reaching safepoint: 4800 ns, Cleanup: 14500 ns, At safepoint: 2000 ns, Total: 21300 ns
[1050.708s][info ][safepoint      ] Safepoint "Cleanup", Time since last: 1000108651 ns, Reaching safepoint: 5500 ns, Cleanup: 7200 ns, At safepoint: 1900 ns, Total: 14600 ns
[1051.709s][info ][safepoint      ] Safepoint "Cleanup", Time since last: 1000097952 ns, Reaching safepoint: 4800 ns, Cleanup: 9200 ns, At safepoint: 1700 ns, Total: 15700 ns
[1052.709s][info ][safepoint      ] Safepoint "Cleanup", Time since last: 1000098951 ns, Reaching safepoint: 6400 ns, Cleanup: 11600 ns, At safepoint: 2400 ns, Total: 20400 ns
[1058.709s][info ][safepoint      ] Safepoint "Cleanup", Time since last: 6000484618 ns, Reaching safepoint: 5700 ns, Cleanup: 25400 ns, At safepoint: 2100 ns, Total: 33200 ns
[1059.709s][info ][safepoint      ] Safepoint "Cleanup", Time since last: 1000102656 ns, Reaching safepoint: 5500 ns, Cleanup: 9300 ns, At safepoint: 2500 ns, Total: 17300 ns
[1060.709s][info ][safepoint      ] Safepoint "Cleanup", Time since last: 1000099856 ns, Reaching safepoint: 5300 ns, Cleanup: 7100 ns, At safepoint: 1900 ns, Total: 14300 ns
[1061.710s][info ][safepoint      ] Safepoint "Cleanup", Time since last: 1000113456 ns, Reaching safepoint: 6000 ns, Cleanup: 18500 ns, At safepoint: 2400 ns, Total: 26900 ns
[1063.710s][info ][safepoint      ] Safepoint "Cleanup", Time since last: 2000176512 ns, Reaching safepoint: 5500 ns, Cleanup: 12900 ns, At safepoint: 2200 ns, Total: 20600 ns
[1064.710s][info ][safepoint      ] Safepoint "Cleanup", Time since last: 1000101857 ns, Reaching safepoint: 5800 ns, Cleanup: 15500 ns, At safepoint: 2100 ns, Total: 23400 ns
[1074.711s][info ][safepoint      ] Safepoint "Cleanup", Time since last: 10000711933 ns, Reaching safepoint: 6700 ns, Cleanup: 8899 ns, At safepoint: 2000 ns, Total: 17599 ns
[1082.396s][info ][safepoint      ] Safepoint "Cleanup", Time since last: 7685853202 ns, Reaching safepoint: 5300 ns, Cleanup: 8300 ns, At safepoint: 1900 ns, Total: 15500 ns
[1093.397s][info ][safepoint      ] Safepoint "Cleanup", Time since last: 11000797092 ns, Reaching safepoint: 5400 ns, Cleanup: 8600 ns, At safepoint: 1700 ns, Total: 15700 ns
[1094.713s][info ][gc,start       ] GC(34) Pause Young (Allocation Failure)
[1094.718s][debug][gc,phases      ] GC(34) Scavenge 4.848ms
[1094.718s][debug][gc,ref         ] GC(34) ReferenceProcessor::execute queues: 1, RefProcThreadModel::Single, marks_oops_alive: false
[1094.718s][debug][gc,ref         ] GC(34) Skipped KeepAliveFinalRefsPhase of Reference Processing: no references
[1094.718s][debug][gc,ref         ] GC(34) Skipped PhantomRefsPhase of Reference Processing: no references
[1094.718s][debug][gc,phases      ] GC(34) Reference Processing 0.095ms
[1094.719s][debug][gc,phases      ] GC(34)   VM Weak                        Min:  0.0, Avg:  0.0, Max:  0.0, Diff:  0.0, Sum:  0.0, Workers: 4
[1094.719s][debug][gc,phases      ] GC(34)     Dead                           Min: 0, Avg:  0.0, Max: 0, Diff: 0, Sum: 0, Workers: 4
[1094.719s][debug][gc,phases      ] GC(34)     Total                          Min: 0, Avg: 228.0, Max: 832, Diff: 832, Sum: 912, Workers: 4
[1094.719s][debug][gc,phases      ] GC(34)   ObjectSynchronizer Weak        Min:  0.0, Avg:  0.0, Max:  0.0, Diff:  0.0, Sum:  0.0, Workers: 4
[1094.719s][debug][gc,phases      ] GC(34)     Dead                           Min: 0, Avg:  0.0, Max: 0, Diff: 0, Sum: 0, Workers: 4
[1094.719s][debug][gc,phases      ] GC(34)     Total                          Min: 0, Avg:  0.8, Max: 3, Diff: 3, Sum: 3, Workers: 4
[1094.719s][debug][gc,phases      ] GC(34)   JVMTI Tag Weak OopStorage      Min:  0.0, Avg:  0.0, Max:  0.0, Diff:  0.0, Sum:  0.0, Workers: 4
[1094.719s][debug][gc,phases      ] GC(34)     Dead                           Min: 0, Avg:  0.0, Max: 0, Diff: 0, Sum: 0, Workers: 4
[1094.719s][debug][gc,phases      ] GC(34)     Total                          Min: 0, Avg:  0.0, Max: 0, Diff: 0, Sum: 0, Workers: 4
[1094.719s][debug][gc,phases      ] GC(34)   StringTable Weak               Min:  0.0, Avg:  0.1, Max:  0.1, Diff:  0.1, Sum:  0.4, Workers: 4
[1094.719s][debug][gc,phases      ] GC(34)     Dead                           Min: 0, Avg:  0.0, Max: 0, Diff: 0, Sum: 0, Workers: 4
[1094.719s][debug][gc,phases      ] GC(34)     Total                          Min: 0, Avg: 11543.5, Max: 19551, Diff: 19551, Sum: 46174, Workers: 4
[1094.719s][debug][gc,phases      ] GC(34)   ResolvedMethodTable Weak       Min:  0.0, Avg:  0.0, Max:  0.0, Diff:  0.0, Sum:  0.1, Workers: 4
[1094.719s][debug][gc,phases      ] GC(34)     Dead                           Min: 0, Avg:  4.0, Max: 8, Diff: 8, Sum: 16, Workers: 4
[1094.719s][debug][gc,phases      ] GC(34)     Total                          Min: 0, Avg: 3732.8, Max: 6350, Diff: 6350, Sum: 14931, Workers: 4
[1094.719s][debug][gc,phases      ] GC(34)   JNI Weak                       Min:  0.0, Avg:  0.0, Max:  0.0, Diff:  0.0, Sum:  0.0, Workers: 4
[1094.719s][debug][gc,phases      ] GC(34)     Dead                           Min: 0, Avg:  0.0, Max: 0, Diff: 0, Sum: 0, Workers: 4
[1094.719s][debug][gc,phases      ] GC(34)     Total                          Min: 0, Avg: 13.0, Max: 52, Diff: 52, Sum: 52, Workers: 4
[1094.719s][debug][gc,phases      ] GC(34)   StringDedup Table Weak         Min:  0.0, Avg:  0.0, Max:  0.0, Diff:  0.0, Sum:  0.0, Workers: 4
[1094.719s][debug][gc,phases      ] GC(34)     Dead                           Min: 0, Avg:  0.0, Max: 0, Diff: 0, Sum: 0, Workers: 4
[1094.719s][debug][gc,phases      ] GC(34)     Total                          Min: 0, Avg:  0.0, Max: 0, Diff: 0, Sum: 0, Workers: 4
[1094.719s][debug][gc,phases      ] GC(34)   StringDedup Requests0 Weak     Min:  0.0, Avg:  0.0, Max:  0.0, Diff:  0.0, Sum:  0.0, Workers: 4
[1094.719s][debug][gc,phases      ] GC(34)     Dead                           Min: 0, Avg:  0.0, Max: 0, Diff: 0, Sum: 0, Workers: 4
[1094.719s][debug][gc,phases      ] GC(34)     Total                          Min: 0, Avg:  0.0, Max: 0, Diff: 0, Sum: 0, Workers: 4
[1094.719s][debug][gc,phases      ] GC(34)   StringDedup Requests1 Weak     Min:  0.0, Avg:  0.0, Max:  0.0, Diff:  0.0, Sum:  0.0, Workers: 4
[1094.719s][debug][gc,phases      ] GC(34)     Dead                           Min: 0, Avg:  0.0, Max: 0, Diff: 0, Sum: 0, Workers: 4
[1094.719s][debug][gc,phases      ] GC(34)     Total                          Min: 0, Avg:  0.0, Max: 0, Diff: 0, Sum: 0, Workers: 4
[1094.719s][debug][gc,phases      ] GC(34)   Weak JFR Old Object Samples    Min:  0.0, Avg:  0.0, Max:  0.0, Diff:  0.0, Sum:  0.0, Workers: 4
[1094.719s][debug][gc,phases      ] GC(34)     Dead                           Min: 0, Avg:  0.0, Max: 0, Diff: 0, Sum: 0, Workers: 4
[1094.719s][debug][gc,phases      ] GC(34)     Total                          Min: 0, Avg:  0.0, Max: 0, Diff: 0, Sum: 0, Workers: 4
[1094.719s][debug][gc,phases      ] GC(34) Weak Processing 0.365ms
[1094.719s][debug][gc,age         ] GC(34) Desired survivor size 109051904 bytes, new threshold 1 (max threshold 15)
[1094.719s][info ][gc,heap        ] GC(34) PSYoungGen: 1849138K(1967104K)->7426K(1990656K) Eden: 1844736K(1844736K)->0K(1875968K) From: 4402K(122368K)->7426K(114688K)
[1094.719s][info ][gc,heap        ] GC(34) ParOldGen: 316384K(316416K)->317726K(317952K)
[1094.719s][info ][gc,metaspace   ] GC(34) Metaspace: 105660K(106880K)->105660K(106880K) NonClass: 89683K(90368K)->89683K(90368K) Class: 15977K(16512K)->15977K(16512K)
[1094.719s][info ][gc             ] GC(34) Pause Young (Allocation Failure) 2114M->317M(2254M) 5.409ms
[1094.719s][info ][gc,cpu         ] GC(34) User=0.01s Sys=0.00s Real=0.00s
[1094.719s][info ][safepoint      ] Safepoint "ParallelGCFailedAllocation", Time since last: 1316108086 ns, Reaching safepoint: 5500 ns, Cleanup: 3400 ns, At safepoint: 5471397 ns, Total: 5480297 ns
[1100.719s][info ][safepoint      ] Safepoint "Cleanup", Time since last: 6000468662 ns, Reaching safepoint: 5600 ns, Cleanup: 11100 ns, At safepoint: 2100 ns, Total: 18800 ns
[1101.719s][info ][safepoint      ] Safepoint "Cleanup", Time since last: 1000104962 ns, Reaching safepoint: 5000 ns, Cleanup: 6200 ns, At safepoint: 1600 ns, Total: 12800 ns
[1109.720s][info ][safepoint      ] Safepoint "Cleanup", Time since last: 8000571395 ns, Reaching safepoint: 5500 ns, Cleanup: 12200 ns, At safepoint: 2000 ns, Total: 19700 ns
[1110.720s][info ][safepoint      ] Safepoint "Cleanup", Time since last: 1000128362 ns, Reaching safepoint: 5000 ns, Cleanup: 9300 ns, At safepoint: 1700 ns, Total: 16000 ns
[1113.720s][info ][safepoint      ] Safepoint "Cleanup", Time since last: 3000242786 ns, Reaching safepoint: 6200 ns, Cleanup: 10800 ns, At safepoint: 1800 ns, Total: 18800 ns
[1117.721s][info ][safepoint      ] Safepoint "Cleanup", Time since last: 4000306948 ns, Reaching safepoint: 5600 ns, Cleanup: 8300 ns, At safepoint: 2300 ns, Total: 16200 ns
[1118.721s][info ][safepoint      ] Safepoint "Cleanup", Time since last: 1000101662 ns, Reaching safepoint: 5300 ns, Cleanup: 8400 ns, At safepoint: 1900 ns, Total: 15600 ns
[1122.721s][info ][safepoint      ] Safepoint "Cleanup", Time since last: 4000350739 ns, Reaching safepoint: 5500 ns, Cleanup: 7900 ns, At safepoint: 18400 ns, Total: 31800 ns
[1123.721s][info ][safepoint      ] Safepoint "Cleanup", Time since last: 1000110556 ns, Reaching safepoint: 5000 ns, Cleanup: 7200 ns, At safepoint: 1300 ns, Total: 13500 ns
[1133.722s][info ][safepoint      ] Safepoint "Cleanup", Time since last: 10000721559 ns, Reaching safepoint: 5200 ns, Cleanup: 7800 ns, At safepoint: 1800 ns, Total: 14800 ns
[1135.722s][info ][safepoint      ] Safepoint "Cleanup", Time since last: 2000179809 ns, Reaching safepoint: 6000 ns, Cleanup: 12400 ns, At safepoint: 2300 ns, Total: 20700 ns
[1137.723s][info ][safepoint      ] Safepoint "Cleanup", Time since last: 2000162912 ns, Reaching safepoint: 7600 ns, Cleanup: 9200 ns, At safepoint: 1900 ns, Total: 18700 ns
[1150.181s][info ][gc,start       ] GC(35) Pause Young (Allocation Failure)
[1150.187s][debug][gc,phases      ] GC(35) Scavenge 5.204ms
[1150.187s][debug][gc,ref         ] GC(35) ReferenceProcessor::execute queues: 1, RefProcThreadModel::Single, marks_oops_alive: false
[1150.187s][debug][gc,ref         ] GC(35) Skipped KeepAliveFinalRefsPhase of Reference Processing: no references
[1150.187s][debug][gc,ref         ] GC(35) ReferenceProcessor::execute queues: 1, RefProcThreadModel::Single, marks_oops_alive: false
[1150.187s][debug][gc,phases      ] GC(35) Reference Processing 0.097ms
[1150.187s][debug][gc,phases      ] GC(35)   VM Weak                        Min:  0.0, Avg:  0.0, Max:  0.0, Diff:  0.0, Sum:  0.0, Workers: 4
[1150.187s][debug][gc,phases      ] GC(35)     Dead                           Min: 0, Avg:  0.0, Max: 0, Diff: 0, Sum: 0, Workers: 4
[1150.187s][debug][gc,phases      ] GC(35)     Total                          Min: 0, Avg: 228.0, Max: 896, Diff: 896, Sum: 912, Workers: 4
[1150.187s][debug][gc,phases      ] GC(35)   ObjectSynchronizer Weak        Min:  0.0, Avg:  0.0, Max:  0.0, Diff:  0.0, Sum:  0.0, Workers: 4
[1150.187s][debug][gc,phases      ] GC(35)     Dead                           Min: 0, Avg:  0.0, Max: 0, Diff: 0, Sum: 0, Workers: 4
[1150.187s][debug][gc,phases      ] GC(35)     Total                          Min: 0, Avg:  1.0, Max: 4, Diff: 4, Sum: 4, Workers: 4
[1150.187s][debug][gc,phases      ] GC(35)   JVMTI Tag Weak OopStorage      Min:  0.0, Avg:  0.0, Max:  0.0, Diff:  0.0, Sum:  0.0, Workers: 4
[1150.187s][debug][gc,phases      ] GC(35)     Dead                           Min: 0, Avg:  0.0, Max: 0, Diff: 0, Sum: 0, Workers: 4
[1150.187s][debug][gc,phases      ] GC(35)     Total                          Min: 0, Avg:  0.0, Max: 0, Diff: 0, Sum: 0, Workers: 4
[1150.187s][debug][gc,phases      ] GC(35)   StringTable Weak               Min:  0.0, Avg:  0.1, Max:  0.1, Diff:  0.1, Sum:  0.4, Workers: 4
[1150.187s][debug][gc,phases      ] GC(35)     Dead                           Min: 0, Avg:  0.0, Max: 0, Diff: 0, Sum: 0, Workers: 4
[1150.187s][debug][gc,phases      ] GC(35)     Total                          Min: 0, Avg: 11544.0, Max: 20032, Diff: 20032, Sum: 46176, Workers: 4
[1150.187s][debug][gc,phases      ] GC(35)   ResolvedMethodTable Weak       Min:  0.0, Avg:  0.0, Max:  0.0, Diff:  0.0, Sum:  0.1, Workers: 4
[1150.187s][debug][gc,phases      ] GC(35)     Dead                           Min: 0, Avg:  4.0, Max: 16, Diff: 16, Sum: 16, Workers: 4
[1150.187s][debug][gc,phases      ] GC(35)     Total                          Min: 0, Avg: 3733.8, Max: 6474, Diff: 6474, Sum: 14935, Workers: 4
[1150.187s][debug][gc,phases      ] GC(35)   JNI Weak                       Min:  0.0, Avg:  0.0, Max:  0.0, Diff:  0.0, Sum:  0.0, Workers: 4
[1150.187s][debug][gc,phases      ] GC(35)     Dead                           Min: 0, Avg:  0.0, Max: 0, Diff: 0, Sum: 0, Workers: 4
[1150.187s][debug][gc,phases      ] GC(35)     Total                          Min: 0, Avg: 13.0, Max: 52, Diff: 52, Sum: 52, Workers: 4
[1150.187s][debug][gc,phases      ] GC(35)   StringDedup Table Weak         Min:  0.0, Avg:  0.0, Max:  0.0, Diff:  0.0, Sum:  0.0, Workers: 4
[1150.187s][debug][gc,phases      ] GC(35)     Dead                           Min: 0, Avg:  0.0, Max: 0, Diff: 0, Sum: 0, Workers: 4
[1150.187s][debug][gc,phases      ] GC(35)     Total                          Min: 0, Avg:  0.0, Max: 0, Diff: 0, Sum: 0, Workers: 4
[1150.187s][debug][gc,phases      ] GC(35)   StringDedup Requests0 Weak     Min:  0.0, Avg:  0.0, Max:  0.0, Diff:  0.0, Sum:  0.0, Workers: 4
[1150.187s][debug][gc,phases      ] GC(35)     Dead                           Min: 0, Avg:  0.0, Max: 0, Diff: 0, Sum: 0, Workers: 4
[1150.187s][debug][gc,phases      ] GC(35)     Total                          Min: 0, Avg:  0.0, Max: 0, Diff: 0, Sum: 0, Workers: 4
[1150.187s][debug][gc,phases      ] GC(35)   StringDedup Requests1 Weak     Min:  0.0, Avg:  0.0, Max:  0.0, Diff:  0.0, Sum:  0.0, Workers: 4
[1150.187s][debug][gc,phases      ] GC(35)     Dead                           Min: 0, Avg:  0.0, Max: 0, Diff: 0, Sum: 0, Workers: 4
[1150.187s][debug][gc,phases      ] GC(35)     Total                          Min: 0, Avg:  0.0, Max: 0, Diff: 0, Sum: 0, Workers: 4
[1150.187s][debug][gc,phases      ] GC(35)   Weak JFR Old Object Samples    Min:  0.0, Avg:  0.0, Max:  0.0, Diff:  0.0, Sum:  0.0, Workers: 4
[1150.187s][debug][gc,phases      ] GC(35)     Dead                           Min: 0, Avg:  0.0, Max: 0, Diff: 0, Sum: 0, Workers: 4
[1150.187s][debug][gc,phases      ] GC(35)     Total                          Min: 0, Avg:  0.0, Max: 0, Diff: 0, Sum: 0, Workers: 4
[1150.187s][debug][gc,phases      ] GC(35) Weak Processing 0.366ms
[1150.187s][debug][gc,age         ] GC(35) Desired survivor size 102236160 bytes, new threshold 1 (max threshold 15)
[1150.187s][info ][gc,heap        ] GC(35) PSYoungGen: 1883394K(1990656K)->4784K(1982464K) Eden: 1875968K(1875968K)->0K(1875968K) From: 7426K(114688K)->4784K(106496K)
[1150.187s][info ][gc,heap        ] GC(35) ParOldGen: 317726K(317952K)->321977K(322048K)
[1150.187s][info ][gc,metaspace   ] GC(35) Metaspace: 105675K(106880K)->105675K(106880K) NonClass: 89697K(90368K)->89697K(90368K) Class: 15978K(16512K)->15978K(16512K)
[1150.187s][info ][gc             ] GC(35) Pause Young (Allocation Failure) 2149M->319M(2250M) 5.780ms
[1150.187s][info ][gc,cpu         ] GC(35) User=0.02s Sys=0.00s Real=0.00s
[1150.187s][info ][safepoint      ] Safepoint "ParallelGCFailedAllocation", Time since last: 12458687050 ns, Reaching safepoint: 6100 ns, Cleanup: 3400 ns, At safepoint: 5842497 ns, Total: 5851997 ns
[1151.187s][info ][safepoint      ] Safepoint "Cleanup", Time since last: 1000097458 ns, Reaching safepoint: 5500 ns, Cleanup: 8900 ns, At safepoint: 2200 ns, Total: 16600 ns
[1152.187s][info ][safepoint      ] Safepoint "Cleanup", Time since last: 1000105559 ns, Reaching safepoint: 5900 ns, Cleanup: 10300 ns, At safepoint: 1700 ns, Total: 17900 ns
[1156.188s][info ][safepoint      ] Safepoint "Cleanup", Time since last: 4000329345 ns, Reaching safepoint: 7400 ns, Cleanup: 9000 ns, At safepoint: 2700 ns, Total: 19100 ns
[1157.188s][info ][safepoint      ] Safepoint "Cleanup", Time since last: 1000112462 ns, Reaching safepoint: 6200 ns, Cleanup: 20900 ns, At safepoint: 2000 ns, Total: 29100 ns
[1160.188s][info ][safepoint      ] Safepoint "Cleanup", Time since last: 3000253886 ns, Reaching safepoint: 5400 ns, Cleanup: 14900 ns, At safepoint: 2400 ns, Total: 22700 ns
[1161.188s][info ][safepoint      ] Safepoint "Cleanup", Time since last: 1000122062 ns, Reaching safepoint: 5900 ns, Cleanup: 24200 ns, At safepoint: 2000 ns, Total: 32100 ns
[1162.188s][info ][safepoint      ] Safepoint "Cleanup", Time since last: 1000106364 ns, Reaching safepoint: 6100 ns, Cleanup: 13300 ns, At safepoint: 2000 ns, Total: 21400 ns
[1168.189s][info ][safepoint      ] Safepoint "Cleanup", Time since last: 6000447480 ns, Reaching safepoint: 5300 ns, Cleanup: 5700 ns, At safepoint: 1900 ns, Total: 12900 ns
[1176.189s][info ][safepoint      ] Safepoint "Cleanup", Time since last: 8000617000 ns, Reaching safepoint: 5900 ns, Cleanup: 8900 ns, At safepoint: 2000 ns, Total: 16800 ns
[1177.190s][info ][safepoint      ] Safepoint "Cleanup", Time since last: 1000111276 ns, Reaching safepoint: 6400 ns, Cleanup: 13300 ns, At safepoint: 2000 ns, Total: 21700 ns
[1182.190s][info ][safepoint      ] Safepoint "Cleanup", Time since last: 5000406474 ns, Reaching safepoint: 6800 ns, Cleanup: 10300 ns, At safepoint: 2500 ns, Total: 19600 ns
[1184.190s][info ][safepoint      ] Safepoint "Cleanup", Time since last: 2000190549 ns, Reaching safepoint: 6000 ns, Cleanup: 8500 ns, At safepoint: 1700 ns, Total: 16200 ns
[1188.191s][info ][safepoint      ] Safepoint "Cleanup", Time since last: 4000304194 ns, Reaching safepoint: 6000 ns, Cleanup: 8700 ns, At safepoint: 1900 ns, Total: 16600 ns
[1191.191s][info ][safepoint      ] Safepoint "Cleanup", Time since last: 3000243118 ns, Reaching safepoint: 5300 ns, Cleanup: 7200 ns, At safepoint: 2000 ns, Total: 14500 ns
[1194.191s][info ][safepoint      ] Safepoint "Cleanup", Time since last: 3000258581 ns, Reaching safepoint: 5600 ns, Cleanup: 8300 ns, At safepoint: 2100 ns, Total: 16000 ns
[1201.544s][info ][gc,start       ] GC(36) Pause Young (Allocation Failure)
[1201.548s][debug][gc,phases      ] GC(36) Scavenge 4.062ms
[1201.548s][debug][gc,ref         ] GC(36) ReferenceProcessor::execute queues: 1, RefProcThreadModel::Single, marks_oops_alive: false
[1201.548s][debug][gc,ref         ] GC(36) Skipped KeepAliveFinalRefsPhase of Reference Processing: no references
[1201.548s][debug][gc,ref         ] GC(36) Skipped PhantomRefsPhase of Reference Processing: no references
[1201.548s][debug][gc,phases      ] GC(36) Reference Processing 0.114ms
[1201.548s][debug][gc,phases      ] GC(36)   VM Weak                        Min:  0.0, Avg:  0.0, Max:  0.0, Diff:  0.0, Sum:  0.0, Workers: 4
[1201.548s][debug][gc,phases      ] GC(36)     Dead                           Min: 0, Avg:  0.0, Max: 0, Diff: 0, Sum: 0, Workers: 4
[1201.548s][debug][gc,phases      ] GC(36)     Total                          Min: 0, Avg: 228.0, Max: 528, Diff: 528, Sum: 912, Workers: 4
[1201.548s][debug][gc,phases      ] GC(36)   ObjectSynchronizer Weak        Min:  0.0, Avg:  0.0, Max:  0.0, Diff:  0.0, Sum:  0.0, Workers: 4
[1201.548s][debug][gc,phases      ] GC(36)     Dead                           Min: 0, Avg:  0.0, Max: 0, Diff: 0, Sum: 0, Workers: 4
[1201.548s][debug][gc,phases      ] GC(36)     Total                          Min: 0, Avg:  0.8, Max: 3, Diff: 3, Sum: 3, Workers: 4
[1201.548s][debug][gc,phases      ] GC(36)   JVMTI Tag Weak OopStorage      Min:  0.0, Avg:  0.0, Max:  0.0, Diff:  0.0, Sum:  0.0, Workers: 4
[1201.548s][debug][gc,phases      ] GC(36)     Dead                           Min: 0, Avg:  0.0, Max: 0, Diff: 0, Sum: 0, Workers: 4
[1201.548s][debug][gc,phases      ] GC(36)     Total                          Min: 0, Avg:  0.0, Max: 0, Diff: 0, Sum: 0, Workers: 4
[1201.548s][debug][gc,phases      ] GC(36)   StringTable Weak               Min:  0.0, Avg:  0.1, Max:  0.1, Diff:  0.1, Sum:  0.4, Workers: 4
[1201.548s][debug][gc,phases      ] GC(36)     Dead                           Min: 0, Avg:  0.0, Max: 0, Diff: 0, Sum: 0, Workers: 4
[1201.548s][debug][gc,phases      ] GC(36)     Total                          Min: 0, Avg: 11545.0, Max: 17574, Diff: 17574, Sum: 46180, Workers: 4
[1201.548s][debug][gc,phases      ] GC(36)   ResolvedMethodTable Weak       Min:  0.0, Avg:  0.0, Max:  0.0, Diff:  0.0, Sum:  0.1, Workers: 4
[1201.548s][debug][gc,phases      ] GC(36)     Dead                           Min: 0, Avg:  4.0, Max: 16, Diff: 16, Sum: 16, Workers: 4
[1201.548s][debug][gc,phases      ] GC(36)     Total                          Min: 0, Avg: 3733.8, Max: 6286, Diff: 6286, Sum: 14935, Workers: 4
[1201.548s][debug][gc,phases      ] GC(36)   JNI Weak                       Min:  0.0, Avg:  0.0, Max:  0.0, Diff:  0.0, Sum:  0.0, Workers: 4
[1201.548s][debug][gc,phases      ] GC(36)     Dead                           Min: 0, Avg:  0.0, Max: 0, Diff: 0, Sum: 0, Workers: 4
[1201.548s][debug][gc,phases      ] GC(36)     Total                          Min: 0, Avg: 13.0, Max: 52, Diff: 52, Sum: 52, Workers: 4
[1201.548s][debug][gc,phases      ] GC(36)   StringDedup Table Weak         Min:  0.0, Avg:  0.0, Max:  0.0, Diff:  0.0, Sum:  0.0, Workers: 4
[1201.548s][debug][gc,phases      ] GC(36)     Dead                           Min: 0, Avg:  0.0, Max: 0, Diff: 0, Sum: 0, Workers: 4
[1201.548s][debug][gc,phases      ] GC(36)     Total                          Min: 0, Avg:  0.0, Max: 0, Diff: 0, Sum: 0, Workers: 4
[1201.548s][debug][gc,phases      ] GC(36)   StringDedup Requests0 Weak     Min:  0.0, Avg:  0.0, Max:  0.0, Diff:  0.0, Sum:  0.0, Workers: 4
[1201.548s][debug][gc,phases      ] GC(36)     Dead                           Min: 0, Avg:  0.0, Max: 0, Diff: 0, Sum: 0, Workers: 4
[1201.548s][debug][gc,phases      ] GC(36)     Total                          Min: 0, Avg:  0.0, Max: 0, Diff: 0, Sum: 0, Workers: 4
[1201.548s][debug][gc,phases      ] GC(36)   StringDedup Requests1 Weak     Min:  0.0, Avg:  0.0, Max:  0.0, Diff:  0.0, Sum:  0.0, Workers: 4
[1201.549s][debug][gc,phases      ] GC(36)     Dead                           Min: 0, Avg:  0.0, Max: 0, Diff: 0, Sum: 0, Workers: 4
[1201.549s][debug][gc,phases      ] GC(36)     Total                          Min: 0, Avg:  0.0, Max: 0, Diff: 0, Sum: 0, Workers: 4
[1201.549s][debug][gc,phases      ] GC(36)   Weak JFR Old Object Samples    Min:  0.0, Avg:  0.0, Max:  0.0, Diff:  0.0, Sum:  0.0, Workers: 4
[1201.549s][debug][gc,phases      ] GC(36)     Dead                           Min: 0, Avg:  0.0, Max: 0, Diff: 0, Sum: 0, Workers: 4
[1201.549s][debug][gc,phases      ] GC(36)     Total                          Min: 0, Avg:  0.0, Max: 0, Diff: 0, Sum: 0, Workers: 4
[1201.549s][debug][gc,phases      ] GC(36) Weak Processing 0.374ms
[1201.549s][debug][gc,age         ] GC(36) Desired survivor size 95420416 bytes, new threshold 1 (max threshold 15)
[1201.549s][info ][gc,heap        ] GC(36) PSYoungGen: 1880752K(1982464K)->5054K(2003968K) Eden: 1875968K(1875968K)->0K(1904128K) From: 4784K(106496K)->5054K(99840K)
[1201.549s][info ][gc,heap        ] GC(36) ParOldGen: 321977K(322048K)->323665K(324096K)
[1201.549s][info ][gc,metaspace   ] GC(36) Metaspace: 105704K(106880K)->105704K(106880K) NonClass: 89726K(90368K)->89726K(90368K) Class: 15978K(16512K)->15978K(16512K)
[1201.549s][info ][gc             ] GC(36) Pause Young (Allocation Failure) 2151M->321M(2273M) 4.640ms
[1201.549s][info ][gc,cpu         ] GC(36) User=0.01s Sys=0.00s Real=0.00s
[1201.549s][info ][safepoint      ] Safepoint "ParallelGCFailedAllocation", Time since last: 7352817908 ns, Reaching safepoint: 4500 ns, Cleanup: 2700 ns, At safepoint: 4694498 ns, Total: 4701698 ns
[1204.549s][info ][safepoint      ] Safepoint "Cleanup", Time since last: 3000217995 ns, Reaching safepoint: 5100 ns, Cleanup: 20200 ns, At safepoint: 1900 ns, Total: 27200 ns
[1206.549s][info ][safepoint      ] Safepoint "Cleanup", Time since last: 2000163131 ns, Reaching safepoint: 5700 ns, Cleanup: 12800 ns, At safepoint: 1900 ns, Total: 20400 ns
[1207.549s][info ][safepoint      ] Safepoint "Cleanup", Time since last: 1000095365 ns, Reaching safepoint: 6300 ns, Cleanup: 12100 ns, At safepoint: 1900 ns, Total: 20300 ns
[1209.549s][info ][safepoint      ] Safepoint "Cleanup", Time since last: 2000165532 ns, Reaching safepoint: 5300 ns, Cleanup: 7400 ns, At safepoint: 1500 ns, Total: 14200 ns
[1210.549s][info ][safepoint      ] Safepoint "Cleanup", Time since last: 1000090068 ns, Reaching safepoint: 5500 ns, Cleanup: 11400 ns, At safepoint: 1700 ns, Total: 18600 ns
[1211.550s][info ][safepoint      ] Safepoint "Cleanup", Time since last: 1000091968 ns, Reaching safepoint: 5200 ns, Cleanup: 6900 ns, At safepoint: 1300 ns, Total: 13400 ns
[1212.550s][info ][safepoint      ] Safepoint "Cleanup", Time since last: 1000088468 ns, Reaching safepoint: 5300 ns, Cleanup: 18600 ns, At safepoint: 1500 ns, Total: 25400 ns
[1213.550s][info ][safepoint      ] Safepoint "Cleanup", Time since last: 1000089069 ns, Reaching safepoint: 6300 ns, Cleanup: 12900 ns, At safepoint: 1400 ns, Total: 20600 ns
[1215.550s][info ][safepoint      ] Safepoint "Cleanup", Time since last: 2000156736 ns, Reaching safepoint: 7200 ns, Cleanup: 13600 ns, At safepoint: 24300 ns, Total: 45100 ns
[1217.550s][info ][safepoint      ] Safepoint "Cleanup", Time since last: 2000167237 ns, Reaching safepoint: 6000 ns, Cleanup: 25600 ns, At safepoint: 2000 ns, Total: 33600 ns
[1219.550s][info ][safepoint      ] Safepoint "Cleanup", Time since last: 2000191838 ns, Reaching safepoint: 6300 ns, Cleanup: 16000 ns, At safepoint: 2000 ns, Total: 24300 ns
[1220.550s][info ][safepoint      ] Safepoint "Cleanup", Time since last: 1000108169 ns, Reaching safepoint: 7200 ns, Cleanup: 11600 ns, At safepoint: 2000 ns, Total: 20800 ns
[1221.551s][info ][safepoint      ] Safepoint "Cleanup", Time since last: 1000106869 ns, Reaching safepoint: 7100 ns, Cleanup: 11700 ns, At safepoint: 2200 ns, Total: 21000 ns
[1223.551s][info ][safepoint      ] Safepoint "Cleanup", Time since last: 2000180037 ns, Reaching safepoint: 6300 ns, Cleanup: 8900 ns, At safepoint: 1900 ns, Total: 17100 ns
[1226.551s][info ][safepoint      ] Safepoint "Cleanup", Time since last: 3000242125 ns, Reaching safepoint: 6500 ns, Cleanup: 25300 ns, At safepoint: 2400 ns, Total: 34200 ns
[1232.552s][info ][safepoint      ] Safepoint "Cleanup", Time since last: 6000442087 ns, Reaching safepoint: 6500 ns, Cleanup: 7900 ns, At safepoint: 2200 ns, Total: 16600 ns
[1235.552s][info ][safepoint      ] Safepoint "Cleanup", Time since last: 3000245192 ns, Reaching safepoint: 5700 ns, Cleanup: 8300 ns, At safepoint: 2100 ns, Total: 16100 ns
[1237.552s][info ][safepoint      ] Safepoint "Cleanup", Time since last: 2000171101 ns, Reaching safepoint: 6500 ns, Cleanup: 8900 ns, At safepoint: 1900 ns, Total: 17300 ns
[1244.553s][info ][safepoint      ] Safepoint "Cleanup", Time since last: 7000513473 ns, Reaching safepoint: 5700 ns, Cleanup: 8900 ns, At safepoint: 1800 ns, Total: 16400 ns
[1248.553s][info ][safepoint      ] Safepoint "Cleanup", Time since last: 4000334482 ns, Reaching safepoint: 7000 ns, Cleanup: 9800 ns, At safepoint: 24999 ns, Total: 41799 ns
[1254.386s][info ][gc,start       ] GC(37) Pause Young (Allocation Failure)
[1254.390s][debug][gc,phases      ] GC(37) Scavenge 3.469ms
[1254.390s][debug][gc,ref         ] GC(37) ReferenceProcessor::execute queues: 1, RefProcThreadModel::Single, marks_oops_alive: false
[1254.390s][debug][gc,ref         ] GC(37) Skipped KeepAliveFinalRefsPhase of Reference Processing: no references
[1254.390s][debug][gc,ref         ] GC(37) ReferenceProcessor::execute queues: 1, RefProcThreadModel::Single, marks_oops_alive: false
[1254.390s][debug][gc,phases      ] GC(37) Reference Processing 0.097ms
[1254.390s][debug][gc,phases      ] GC(37)   VM Weak                        Min:  0.0, Avg:  0.0, Max:  0.0, Diff:  0.0, Sum:  0.0, Workers: 4
[1254.390s][debug][gc,phases      ] GC(37)     Dead                           Min: 0, Avg:  0.0, Max: 0, Diff: 0, Sum: 0, Workers: 4
[1254.390s][debug][gc,phases      ] GC(37)     Total                          Min: 0, Avg: 228.0, Max: 768, Diff: 768, Sum: 912, Workers: 4
[1254.390s][debug][gc,phases      ] GC(37)   ObjectSynchronizer Weak        Min:  0.0, Avg:  0.0, Max:  0.0, Diff:  0.0, Sum:  0.0, Workers: 4
[1254.390s][debug][gc,phases      ] GC(37)     Dead                           Min: 0, Avg:  0.0, Max: 0, Diff: 0, Sum: 0, Workers: 4
[1254.390s][debug][gc,phases      ] GC(37)     Total                          Min: 0, Avg:  1.0, Max: 4, Diff: 4, Sum: 4, Workers: 4
[1254.390s][debug][gc,phases      ] GC(37)   JVMTI Tag Weak OopStorage      Min:  0.0, Avg:  0.0, Max:  0.0, Diff:  0.0, Sum:  0.0, Workers: 4
[1254.390s][debug][gc,phases      ] GC(37)     Dead                           Min: 0, Avg:  0.0, Max: 0, Diff: 0, Sum: 0, Workers: 4
[1254.390s][debug][gc,phases      ] GC(37)     Total                          Min: 0, Avg:  0.0, Max: 0, Diff: 0, Sum: 0, Workers: 4
[1254.390s][debug][gc,phases      ] GC(37)   StringTable Weak               Min:  0.0, Avg:  0.1, Max:  0.1, Diff:  0.1, Sum:  0.4, Workers: 4
[1254.390s][debug][gc,phases      ] GC(37)     Dead                           Min: 0, Avg:  0.0, Max: 0, Diff: 0, Sum: 0, Workers: 4
[1254.390s][debug][gc,phases      ] GC(37)     Total                          Min: 0, Avg: 11546.0, Max: 20032, Diff: 20032, Sum: 46184, Workers: 4
[1254.390s][debug][gc,phases      ] GC(37)   ResolvedMethodTable Weak       Min:  0.0, Avg:  0.0, Max:  0.0, Diff:  0.0, Sum:  0.1, Workers: 4
[1254.390s][debug][gc,phases      ] GC(37)     Dead                           Min: 0, Avg:  4.5, Max: 17, Diff: 17, Sum: 18, Workers: 4
[1254.390s][debug][gc,phases      ] GC(37)     Total                          Min: 0, Avg: 3735.2, Max: 6384, Diff: 6384, Sum: 14941, Workers: 4
[1254.390s][debug][gc,phases      ] GC(37)   JNI Weak                       Min:  0.0, Avg:  0.0, Max:  0.0, Diff:  0.0, Sum:  0.0, Workers: 4
[1254.390s][debug][gc,phases      ] GC(37)     Dead                           Min: 0, Avg:  0.0, Max: 0, Diff: 0, Sum: 0, Workers: 4
[1254.390s][debug][gc,phases      ] GC(37)     Total                          Min: 0, Avg: 13.0, Max: 52, Diff: 52, Sum: 52, Workers: 4
[1254.390s][debug][gc,phases      ] GC(37)   StringDedup Table Weak         Min:  0.0, Avg:  0.0, Max:  0.0, Diff:  0.0, Sum:  0.0, Workers: 4
[1254.390s][debug][gc,phases      ] GC(37)     Dead                           Min: 0, Avg:  0.0, Max: 0, Diff: 0, Sum: 0, Workers: 4
[1254.390s][debug][gc,phases      ] GC(37)     Total                          Min: 0, Avg:  0.0, Max: 0, Diff: 0, Sum: 0, Workers: 4
[1254.390s][debug][gc,phases      ] GC(37)   StringDedup Requests0 Weak     Min:  0.0, Avg:  0.0, Max:  0.0, Diff:  0.0, Sum:  0.0, Workers: 4
[1254.390s][debug][gc,phases      ] GC(37)     Dead                           Min: 0, Avg:  0.0, Max: 0, Diff: 0, Sum: 0, Workers: 4
[1254.390s][debug][gc,phases      ] GC(37)     Total                          Min: 0, Avg:  0.0, Max: 0, Diff: 0, Sum: 0, Workers: 4
[1254.390s][debug][gc,phases      ] GC(37)   StringDedup Requests1 Weak     Min:  0.0, Avg:  0.0, Max:  0.0, Diff:  0.0, Sum:  0.0, Workers: 4
[1254.390s][debug][gc,phases      ] GC(37)     Dead                           Min: 0, Avg:  0.0, Max: 0, Diff: 0, Sum: 0, Workers: 4
[1254.390s][debug][gc,phases      ] GC(37)     Total                          Min: 0, Avg:  0.0, Max: 0, Diff: 0, Sum: 0, Workers: 4
[1254.390s][debug][gc,phases      ] GC(37)   Weak JFR Old Object Samples    Min:  0.0, Avg:  0.0, Max:  0.0, Diff:  0.0, Sum:  0.0, Workers: 4
[1254.390s][debug][gc,phases      ] GC(37)     Dead                           Min: 0, Avg:  0.0, Max: 0, Diff: 0, Sum: 0, Workers: 4
[1254.390s][debug][gc,phases      ] GC(37)     Total                          Min: 0, Avg:  0.0, Max: 0, Diff: 0, Sum: 0, Workers: 4
[1254.390s][debug][gc,phases      ] GC(37) Weak Processing 0.354ms
[1254.390s][debug][gc,age         ] GC(37) Desired survivor size 89128960 bytes, new threshold 1 (max threshold 15)
[1254.390s][info ][gc,heap        ] GC(37) PSYoungGen: 1909182K(2003968K)->4251K(1997312K) Eden: 1904128K(1904128K)->0K(1904128K) From: 5054K(99840K)->4251K(93184K)
[1254.390s][info ][gc,heap        ] GC(37) ParOldGen: 323665K(324096K)->325587K(325632K)
[1254.390s][info ][gc,metaspace   ] GC(37) Metaspace: 105728K(107008K)->105728K(107008K) NonClass: 89749K(90496K)->89749K(90496K) Class: 15979K(16512K)->15979K(16512K)
[1254.390s][info ][gc             ] GC(37) Pause Young (Allocation Failure) 2180M->322M(2268M) 4.077ms
[1254.390s][info ][gc,cpu         ] GC(37) User=0.01s Sys=0.01s Real=0.00s
[1254.390s][info ][safepoint      ] Safepoint "ParallelGCFailedAllocation", Time since last: 5833095696 ns, Reaching safepoint: 6300 ns, Cleanup: 4400 ns, At safepoint: 4139497 ns, Total: 4150197 ns
[1263.449s][info ][safepoint      ] Safepoint "Cleanup", Time since last: 9058540752 ns, Reaching safepoint: 6800 ns, Cleanup: 9200 ns, At safepoint: 2200 ns, Total: 18200 ns
[1265.449s][info ][safepoint      ] Safepoint "Cleanup", Time since last: 2000176547 ns, Reaching safepoint: 5500 ns, Cleanup: 9200 ns, At safepoint: 2200 ns, Total: 16900 ns
[1270.449s][info ][safepoint      ] Safepoint "Cleanup", Time since last: 5000404958 ns, Reaching safepoint: 6500 ns, Cleanup: 8800 ns, At safepoint: 2300 ns, Total: 17600 ns
[1271.449s][info ][safepoint      ] Safepoint "Cleanup", Time since last: 1000108672 ns, Reaching safepoint: 5700 ns, Cleanup: 12100 ns, At safepoint: 2000 ns, Total: 19800 ns
[1274.450s][info ][safepoint      ] Safepoint "Cleanup", Time since last: 3000269407 ns, Reaching safepoint: 7600 ns, Cleanup: 19300 ns, At safepoint: 2500 ns, Total: 29400 ns
[1275.450s][info ][safepoint      ] Safepoint "Cleanup", Time since last: 1000101266 ns, Reaching safepoint: 6100 ns, Cleanup: 10000 ns, At safepoint: 2000 ns, Total: 18100 ns
[1277.450s][info ][safepoint      ] Safepoint "Cleanup", Time since last: 2000175331 ns, Reaching safepoint: 5900 ns, Cleanup: 7300 ns, At safepoint: 2200 ns, Total: 15400 ns
[1278.450s][info ][safepoint      ] Safepoint "Cleanup", Time since last: 1000124665 ns, Reaching safepoint: 5900 ns, Cleanup: 9400 ns, At safepoint: 1900 ns, Total: 17200 ns
[1286.451s][info ][safepoint      ] Safepoint "Cleanup", Time since last: 8000611104 ns, Reaching safepoint: 6200 ns, Cleanup: 10100 ns, At safepoint: 2400 ns, Total: 18700 ns
[1294.451s][info ][safepoint      ] Safepoint "Cleanup", Time since last: 8000593421 ns, Reaching safepoint: 6300 ns, Cleanup: 7600 ns, At safepoint: 2000 ns, Total: 15900 ns
[1295.452s][info ][safepoint      ] Safepoint "Cleanup", Time since last: 1000106861 ns, Reaching safepoint: 6200 ns, Cleanup: 9900 ns, At safepoint: 2100 ns, Total: 18200 ns
[1298.452s][info ][safepoint      ] Safepoint "Cleanup", Time since last: 3000251620 ns, Reaching safepoint: 6500 ns, Cleanup: 16700 ns, At safepoint: 2100 ns, Total: 25300 ns
[1299.452s][info ][safepoint      ] Safepoint "Cleanup", Time since last: 1000107109 ns, Reaching safepoint: 5500 ns, Cleanup: 8700 ns, At safepoint: 2200 ns, Total: 16400 ns
[1300.452s][info ][safepoint      ] Safepoint "Cleanup", Time since last: 1000117309 ns, Reaching safepoint: 6100 ns, Cleanup: 11200 ns, At safepoint: 1800 ns, Total: 19100 ns
[1303.452s][info ][safepoint      ] Safepoint "Cleanup", Time since last: 3000279428 ns, Reaching safepoint: 6100 ns, Cleanup: 13600 ns, At safepoint: 2300 ns, Total: 22000 ns
[1307.182s][info ][gc,start       ] GC(38) Pause Young (Allocation Failure)
[1307.186s][debug][gc,phases      ] GC(38) Scavenge 4.121ms
[1307.186s][debug][gc,ref         ] GC(38) ReferenceProcessor::execute queues: 1, RefProcThreadModel::Single, marks_oops_alive: false
[1307.186s][debug][gc,ref         ] GC(38) Skipped KeepAliveFinalRefsPhase of Reference Processing: no references
[1307.186s][debug][gc,ref         ] GC(38) ReferenceProcessor::execute queues: 1, RefProcThreadModel::Single, marks_oops_alive: false
[1307.186s][debug][gc,phases      ] GC(38) Reference Processing 0.097ms
[1307.186s][debug][gc,phases      ] GC(38)   VM Weak                        Min:  0.0, Avg:  0.0, Max:  0.0, Diff:  0.0, Sum:  0.0, Workers: 4
[1307.186s][debug][gc,phases      ] GC(38)     Dead                           Min: 0, Avg:  0.0, Max: 0, Diff: 0, Sum: 0, Workers: 4
[1307.186s][debug][gc,phases      ] GC(38)     Total                          Min: 0, Avg: 228.0, Max: 464, Diff: 464, Sum: 912, Workers: 4
[1307.186s][debug][gc,phases      ] GC(38)   ObjectSynchronizer Weak        Min:  0.0, Avg:  0.0, Max:  0.0, Diff:  0.0, Sum:  0.0, Workers: 4
[1307.186s][debug][gc,phases      ] GC(38)     Dead                           Min: 0, Avg:  0.0, Max: 0, Diff: 0, Sum: 0, Workers: 4
[1307.186s][debug][gc,phases      ] GC(38)     Total                          Min: 0, Avg:  1.2, Max: 5, Diff: 5, Sum: 5, Workers: 4
[1307.186s][debug][gc,phases      ] GC(38)   JVMTI Tag Weak OopStorage      Min:  0.0, Avg:  0.0, Max:  0.0, Diff:  0.0, Sum:  0.0, Workers: 4
[1307.186s][debug][gc,phases      ] GC(38)     Dead                           Min: 0, Avg:  0.0, Max: 0, Diff: 0, Sum: 0, Workers: 4
[1307.186s][debug][gc,phases      ] GC(38)     Total                          Min: 0, Avg:  0.0, Max: 0, Diff: 0, Sum: 0, Workers: 4
[1307.186s][debug][gc,phases      ] GC(38)   StringTable Weak               Min:  0.0, Avg:  0.1, Max:  0.1, Diff:  0.1, Sum:  0.4, Workers: 4
[1307.186s][debug][gc,phases      ] GC(38)     Dead                           Min: 0, Avg:  0.0, Max: 0, Diff: 0, Sum: 0, Workers: 4
[1307.186s][debug][gc,phases      ] GC(38)     Total                          Min: 0, Avg: 11546.8, Max: 19647, Diff: 19647, Sum: 46187, Workers: 4
[1307.186s][debug][gc,phases      ] GC(38)   ResolvedMethodTable Weak       Min:  0.0, Avg:  0.0, Max:  0.1, Diff:  0.1, Sum:  0.2, Workers: 4
[1307.186s][debug][gc,phases      ] GC(38)     Dead                           Min: 0, Avg:  4.5, Max: 18, Diff: 18, Sum: 18, Workers: 4
[1307.186s][debug][gc,phases      ] GC(38)     Total                          Min: 211, Avg: 3736.2, Max: 5490, Diff: 5279, Sum: 14945, Workers: 4
[1307.186s][debug][gc,phases      ] GC(38)   JNI Weak                       Min:  0.0, Avg:  0.0, Max:  0.0, Diff:  0.0, Sum:  0.0, Workers: 4
[1307.186s][debug][gc,phases      ] GC(38)     Dead                           Min: 0, Avg:  0.0, Max: 0, Diff: 0, Sum: 0, Workers: 4
[1307.186s][debug][gc,phases      ] GC(38)     Total                          Min: 0, Avg: 13.0, Max: 52, Diff: 52, Sum: 52, Workers: 4
[1307.186s][debug][gc,phases      ] GC(38)   StringDedup Table Weak         Min:  0.0, Avg:  0.0, Max:  0.0, Diff:  0.0, Sum:  0.0, Workers: 4
[1307.186s][debug][gc,phases      ] GC(38)     Dead                           Min: 0, Avg:  0.0, Max: 0, Diff: 0, Sum: 0, Workers: 4
[1307.186s][debug][gc,phases      ] GC(38)     Total                          Min: 0, Avg:  0.0, Max: 0, Diff: 0, Sum: 0, Workers: 4
[1307.186s][debug][gc,phases      ] GC(38)   StringDedup Requests0 Weak     Min:  0.0, Avg:  0.0, Max:  0.0, Diff:  0.0, Sum:  0.0, Workers: 4
[1307.186s][debug][gc,phases      ] GC(38)     Dead                           Min: 0, Avg:  0.0, Max: 0, Diff: 0, Sum: 0, Workers: 4
[1307.186s][debug][gc,phases      ] GC(38)     Total                          Min: 0, Avg:  0.0, Max: 0, Diff: 0, Sum: 0, Workers: 4
[1307.186s][debug][gc,phases      ] GC(38)   StringDedup Requests1 Weak     Min:  0.0, Avg:  0.0, Max:  0.0, Diff:  0.0, Sum:  0.0, Workers: 4
[1307.186s][debug][gc,phases      ] GC(38)     Dead                           Min: 0, Avg:  0.0, Max: 0, Diff: 0, Sum: 0, Workers: 4
[1307.186s][debug][gc,phases      ] GC(38)     Total                          Min: 0, Avg:  0.0, Max: 0, Diff: 0, Sum: 0, Workers: 4
[1307.186s][debug][gc,phases      ] GC(38)   Weak JFR Old Object Samples    Min:  0.0, Avg:  0.0, Max:  0.0, Diff:  0.0, Sum:  0.0, Workers: 4
[1307.186s][debug][gc,phases      ] GC(38)     Dead                           Min: 0, Avg:  0.0, Max: 0, Diff: 0, Sum: 0, Workers: 4
[1307.186s][debug][gc,phases      ] GC(38)     Total                          Min: 0, Avg:  0.0, Max: 0, Diff: 0, Sum: 0, Workers: 4
[1307.186s][debug][gc,phases      ] GC(38) Weak Processing 0.370ms
[1307.186s][debug][gc,age         ] GC(38) Desired survivor size 82837504 bytes, new threshold 1 (max threshold 15)
[1307.186s][info ][gc,heap        ] GC(38) PSYoungGen: 1908379K(1997312K)->6976K(2016256K) Eden: 1904128K(1904128K)->0K(1929216K) From: 4251K(93184K)->6976K(87040K)
[1307.186s][info ][gc,heap        ] GC(38) ParOldGen: 325587K(325632K)->326779K(327168K)
[1307.186s][info ][gc,metaspace   ] GC(38) Metaspace: 105771K(107008K)->105771K(107008K) NonClass: 89790K(90496K)->89790K(90496K) Class: 15980K(16512K)->15980K(16512K)
[1307.186s][info ][gc             ] GC(38) Pause Young (Allocation Failure) 2181M->325M(2288M) 4.697ms
[1307.186s][info ][gc,cpu         ] GC(38) User=0.01s Sys=0.00s Real=0.00s
[1307.186s][info ][safepoint      ] Safepoint "ParallelGCFailedAllocation", Time since last: 3729037249 ns, Reaching safepoint: 85400 ns, Cleanup: 4100 ns, At safepoint: 4794597 ns, Total: 4884097 ns
[1309.187s][info ][safepoint      ] Safepoint "Cleanup", Time since last: 2000156798 ns, Reaching safepoint: 6000 ns, Cleanup: 9200 ns, At safepoint: 2200 ns, Total: 17400 ns
[1312.187s][info ][safepoint      ] Safepoint "Cleanup", Time since last: 3000247095 ns, Reaching safepoint: 5600 ns, Cleanup: 8500 ns, At safepoint: 1900 ns, Total: 16000 ns
[1313.187s][info ][safepoint      ] Safepoint "Cleanup", Time since last: 1000100499 ns, Reaching safepoint: 5200 ns, Cleanup: 12100 ns, At safepoint: 1900 ns, Total: 19200 ns
[1314.187s][info ][safepoint      ] Safepoint "Cleanup", Time since last: 1000115274 ns, Reaching safepoint: 5600 ns, Cleanup: 15000 ns, At safepoint: 2000 ns, Total: 22600 ns
[1316.187s][info ][safepoint      ] Safepoint "Cleanup", Time since last: 2000169046 ns, Reaching safepoint: 5900 ns, Cleanup: 17400 ns, At safepoint: 1800 ns, Total: 25100 ns
[1318.187s][info ][safepoint      ] Safepoint "Cleanup", Time since last: 2000191747 ns, Reaching safepoint: 6200 ns, Cleanup: 9800 ns, At safepoint: 1900 ns, Total: 17900 ns
[1321.466s][info ][safepoint      ] Safepoint "Cleanup", Time since last: 3278301780 ns, Reaching safepoint: 6000 ns, Cleanup: 8400 ns, At safepoint: 2000 ns, Total: 16400 ns
[1324.466s][info ][safepoint      ] Safepoint "Cleanup", Time since last: 3000252923 ns, Reaching safepoint: 6100 ns, Cleanup: 9100 ns, At safepoint: 2100 ns, Total: 17300 ns
[1334.467s][info ][safepoint      ] Safepoint "Cleanup", Time since last: 10000698301 ns, Reaching safepoint: 5900 ns, Cleanup: 8900 ns, At safepoint: 2000 ns, Total: 16800 ns
[1343.467s][info ][safepoint      ] Safepoint "Cleanup", Time since last: 9000679255 ns, Reaching safepoint: 5700 ns, Cleanup: 9300 ns, At safepoint: 2000 ns, Total: 17000 ns
[1344.468s][info ][safepoint      ] Safepoint "Cleanup", Time since last: 1000111372 ns, Reaching safepoint: 6800 ns, Cleanup: 13300 ns, At safepoint: 2900 ns, Total: 23000 ns
[1349.468s][info ][safepoint      ] Safepoint "Cleanup", Time since last: 5000402048 ns, Reaching safepoint: 6300 ns, Cleanup: 9700 ns, At safepoint: 2100 ns, Total: 18100 ns
[1359.469s][info ][safepoint      ] Safepoint "Cleanup", Time since last: 10000754495 ns, Reaching safepoint: 6900 ns, Cleanup: 11400 ns, At safepoint: 2100 ns, Total: 20400 ns
[1361.469s][info ][safepoint      ] Safepoint "Cleanup", Time since last: 2000200239 ns, Reaching safepoint: 7700 ns, Cleanup: 10700 ns, At safepoint: 2700 ns, Total: 21100 ns
[1362.769s][info ][gc,start       ] GC(39) Pause Young (Allocation Failure)
[1362.775s][debug][gc,phases      ] GC(39) Scavenge 5.680ms
[1362.775s][debug][gc,ref         ] GC(39) ReferenceProcessor::execute queues: 1, RefProcThreadModel::Single, marks_oops_alive: false
[1362.775s][debug][gc,ref         ] GC(39) Skipped KeepAliveFinalRefsPhase of Reference Processing: no references
[1362.775s][debug][gc,ref         ] GC(39) ReferenceProcessor::execute queues: 1, RefProcThreadModel::Single, marks_oops_alive: false
[1362.775s][debug][gc,phases      ] GC(39) Reference Processing 0.123ms
[1362.776s][debug][gc,phases      ] GC(39)   VM Weak                        Min:  0.0, Avg:  0.0, Max:  0.0, Diff:  0.0, Sum:  0.0, Workers: 4
[1362.776s][debug][gc,phases      ] GC(39)     Dead                           Min: 0, Avg:  0.0, Max: 0, Diff: 0, Sum: 0, Workers: 4
[1362.776s][debug][gc,phases      ] GC(39)     Total                          Min: 0, Avg: 228.0, Max: 912, Diff: 912, Sum: 912, Workers: 4
[1362.776s][debug][gc,phases      ] GC(39)   ObjectSynchronizer Weak        Min:  0.0, Avg:  0.0, Max:  0.0, Diff:  0.0, Sum:  0.0, Workers: 4
[1362.776s][debug][gc,phases      ] GC(39)     Dead                           Min: 0, Avg:  0.0, Max: 0, Diff: 0, Sum: 0, Workers: 4
[1362.776s][debug][gc,phases      ] GC(39)     Total                          Min: 0, Avg:  1.0, Max: 4, Diff: 4, Sum: 4, Workers: 4
[1362.776s][debug][gc,phases      ] GC(39)   JVMTI Tag Weak OopStorage      Min:  0.0, Avg:  0.0, Max:  0.0, Diff:  0.0, Sum:  0.0, Workers: 4
[1362.776s][debug][gc,phases      ] GC(39)     Dead                           Min: 0, Avg:  0.0, Max: 0, Diff: 0, Sum: 0, Workers: 4
[1362.776s][debug][gc,phases      ] GC(39)     Total                          Min: 0, Avg:  0.0, Max: 0, Diff: 0, Sum: 0, Workers: 4
[1362.776s][debug][gc,phases      ] GC(39)   StringTable Weak               Min:  0.0, Avg:  0.1, Max:  0.3, Diff:  0.3, Sum:  0.4, Workers: 4
[1362.776s][debug][gc,phases      ] GC(39)     Dead                           Min: 0, Avg:  0.2, Max: 1, Diff: 1, Sum: 1, Workers: 4
[1362.776s][debug][gc,phases      ] GC(39)     Total                          Min: 0, Avg: 11560.0, Max: 27327, Diff: 27327, Sum: 46240, Workers: 4
[1362.776s][debug][gc,phases      ] GC(39)   ResolvedMethodTable Weak       Min:  0.0, Avg:  0.0, Max:  0.1, Diff:  0.1, Sum:  0.1, Workers: 4
[1362.776s][debug][gc,phases      ] GC(39)     Dead                           Min: 0, Avg:  4.2, Max: 15, Diff: 15, Sum: 17, Workers: 4
[1362.776s][debug][gc,phases      ] GC(39)     Total                          Min: 0, Avg: 3738.2, Max: 7678, Diff: 7678, Sum: 14953, Workers: 4
[1362.776s][debug][gc,phases      ] GC(39)   JNI Weak                       Min:  0.0, Avg:  0.0, Max:  0.0, Diff:  0.0, Sum:  0.0, Workers: 4
[1362.776s][debug][gc,phases      ] GC(39)     Dead                           Min: 0, Avg:  0.0, Max: 0, Diff: 0, Sum: 0, Workers: 4
[1362.776s][debug][gc,phases      ] GC(39)     Total                          Min: 0, Avg: 13.0, Max: 52, Diff: 52, Sum: 52, Workers: 4
[1362.776s][debug][gc,phases      ] GC(39)   StringDedup Table Weak         Min:  0.0, Avg:  0.0, Max:  0.0, Diff:  0.0, Sum:  0.0, Workers: 4
[1362.776s][debug][gc,phases      ] GC(39)     Dead                           Min: 0, Avg:  0.0, Max: 0, Diff: 0, Sum: 0, Workers: 4
[1362.776s][debug][gc,phases      ] GC(39)     Total                          Min: 0, Avg:  0.0, Max: 0, Diff: 0, Sum: 0, Workers: 4
[1362.776s][debug][gc,phases      ] GC(39)   StringDedup Requests0 Weak     Min:  0.0, Avg:  0.0, Max:  0.0, Diff:  0.0, Sum:  0.0, Workers: 4
[1362.776s][debug][gc,phases      ] GC(39)     Dead                           Min: 0, Avg:  0.0, Max: 0, Diff: 0, Sum: 0, Workers: 4
[1362.776s][debug][gc,phases      ] GC(39)     Total                          Min: 0, Avg:  0.0, Max: 0, Diff: 0, Sum: 0, Workers: 4
[1362.776s][debug][gc,phases      ] GC(39)   StringDedup Requests1 Weak     Min:  0.0, Avg:  0.0, Max:  0.0, Diff:  0.0, Sum:  0.0, Workers: 4
[1362.776s][debug][gc,phases      ] GC(39)     Dead                           Min: 0, Avg:  0.0, Max: 0, Diff: 0, Sum: 0, Workers: 4
[1362.776s][debug][gc,phases      ] GC(39)     Total                          Min: 0, Avg:  0.0, Max: 0, Diff: 0, Sum: 0, Workers: 4
[1362.776s][debug][gc,phases      ] GC(39)   Weak JFR Old Object Samples    Min:  0.0, Avg:  0.0, Max:  0.0, Diff:  0.0, Sum:  0.0, Workers: 4
[1362.776s][debug][gc,phases      ] GC(39)     Dead                           Min: 0, Avg:  0.0, Max: 0, Diff: 0, Sum: 0, Workers: 4
[1362.776s][debug][gc,phases      ] GC(39)     Total                          Min: 0, Avg:  0.0, Max: 0, Diff: 0, Sum: 0, Workers: 4
[1362.776s][debug][gc,phases      ] GC(39) Weak Processing 0.618ms
[1362.776s][debug][gc,age         ] GC(39) Desired survivor size 77070336 bytes, new threshold 1 (max threshold 15)
[1362.776s][info ][gc,heap        ] GC(39) PSYoungGen: 1936192K(2016256K)->6160K(2010112K) Eden: 1929216K(1929216K)->0K(1929216K) From: 6976K(87040K)->6160K(80896K)
[1362.776s][info ][gc,heap        ] GC(39) ParOldGen: 326779K(327168K)->330643K(330752K)
[1362.776s][info ][gc,metaspace   ] GC(39) Metaspace: 105823K(107072K)->105823K(107072K) NonClass: 89837K(90560K)->89837K(90560K) Class: 15985K(16512K)->15985K(16512K)
[1362.776s][info ][gc             ] GC(39) Pause Young (Allocation Failure) 2209M->328M(2286M) 6.557ms
[1362.776s][info ][gc,cpu         ] GC(39) User=0.02s Sys=0.01s Real=0.01s
[1362.776s][info ][safepoint      ] Safepoint "ParallelGCFailedAllocation", Time since last: 1300367814 ns, Reaching safepoint: 5900 ns, Cleanup: 3400 ns, At safepoint: 6633696 ns, Total: 6642996 ns
[1367.776s][info ][safepoint      ] Safepoint "Cleanup", Time since last: 5000385460 ns, Reaching safepoint: 5600 ns, Cleanup: 8400 ns, At safepoint: 2300 ns, Total: 16300 ns
[1377.777s][info ][safepoint      ] Safepoint "Cleanup", Time since last: 10000722016 ns, Reaching safepoint: 5900 ns, Cleanup: 13900 ns, At safepoint: 2400 ns, Total: 22200 ns
[1378.777s][info ][safepoint      ] Safepoint "Cleanup", Time since last: 1000104181 ns, Reaching safepoint: 5700 ns, Cleanup: 13500 ns, At safepoint: 1700 ns, Total: 20900 ns
[1379.777s][info ][safepoint      ] Safepoint "Cleanup", Time since last: 1000118482 ns, Reaching safepoint: 6600 ns, Cleanup: 8600 ns, At safepoint: 2100 ns, Total: 17300 ns
[1382.484s][info ][safepoint      ] Safepoint "Cleanup", Time since last: 2706011498 ns, Reaching safepoint: 89100 ns, Cleanup: 12800 ns, At safepoint: 8000 ns, Total: 109900 ns
[1383.484s][info ][safepoint      ] Safepoint "Cleanup", Time since last: 1000112881 ns, Reaching safepoint: 79800 ns, Cleanup: 7400 ns, At safepoint: 6400 ns, Total: 93600 ns
[1384.484s][info ][safepoint      ] Safepoint "Cleanup", Time since last: 1000113582 ns, Reaching safepoint: 77600 ns, Cleanup: 7700 ns, At safepoint: 5500 ns, Total: 90800 ns
[1387.484s][info ][safepoint      ] Safepoint "Cleanup", Time since last: 3000261599 ns, Reaching safepoint: 77600 ns, Cleanup: 9300 ns, At safepoint: 6700 ns, Total: 93600 ns
[1388.484s][info ][safepoint      ] Safepoint "Cleanup", Time since last: 1000075606 ns, Reaching safepoint: 81700 ns, Cleanup: 9500 ns, At safepoint: 6800 ns, Total: 98000 ns
[1391.485s][info ][safepoint      ] Safepoint "Cleanup", Time since last: 3000261420 ns, Reaching safepoint: 5800 ns, Cleanup: 15600 ns, At safepoint: 1900 ns, Total: 23300 ns
[1392.485s][info ][safepoint      ] Safepoint "Cleanup", Time since last: 1000113607 ns, Reaching safepoint: 6700 ns, Cleanup: 26900 ns, At safepoint: 2100 ns, Total: 35700 ns
[1393.485s][info ][safepoint      ] Safepoint "Cleanup", Time since last: 1000121013 ns, Reaching safepoint: 240100 ns, Cleanup: 22600 ns, At safepoint: 10400 ns, Total: 273100 ns
[1394.485s][info ][safepoint      ] Safepoint "Cleanup", Time since last: 1000117353 ns, Reaching safepoint: 5800 ns, Cleanup: 9000 ns, At safepoint: 1900 ns, Total: 16700 ns
[1396.486s][info ][safepoint      ] Safepoint "Cleanup", Time since last: 2000187005 ns, Reaching safepoint: 6600 ns, Cleanup: 8300 ns, At safepoint: 2200 ns, Total: 17100 ns
[1400.486s][info ][safepoint      ] Safepoint "Cleanup", Time since last: 4000311411 ns, Reaching safepoint: 6800 ns, Cleanup: 9100 ns, At safepoint: 26800 ns, Total: 42700 ns
[1403.486s][info ][safepoint      ] Safepoint "Cleanup", Time since last: 3000256234 ns, Reaching safepoint: 5200 ns, Cleanup: 8900 ns, At safepoint: 1600 ns, Total: 15700 ns
[1411.487s][info ][safepoint      ] Safepoint "Cleanup", Time since last: 8000617081 ns, Reaching safepoint: 6400 ns, Cleanup: 7100 ns, At safepoint: 1800 ns, Total: 15300 ns
[1412.487s][info ][safepoint      ] Safepoint "Cleanup", Time since last: 1000117545 ns, Reaching safepoint: 6400 ns, Cleanup: 9900 ns, At safepoint: 2200 ns, Total: 18500 ns
[1413.487s][info ][safepoint      ] Safepoint "Cleanup", Time since last: 1000119945 ns, Reaching safepoint: 6200 ns, Cleanup: 10200 ns, At safepoint: 1900 ns, Total: 18300 ns
[1417.487s][info ][safepoint      ] Safepoint "Cleanup", Time since last: 4000315734 ns, Reaching safepoint: 4900 ns, Cleanup: 8300 ns, At safepoint: 2100 ns, Total: 15300 ns
[1418.488s][info ][safepoint      ] Safepoint "Cleanup", Time since last: 1000099296 ns, Reaching safepoint: 5500 ns, Cleanup: 8700 ns, At safepoint: 1600 ns, Total: 15800 ns
[1418.635s][info ][gc,start       ] GC(40) Pause Young (Allocation Failure)
[1418.640s][debug][gc,phases      ] GC(40) Scavenge 4.309ms
[1418.640s][debug][gc,ref         ] GC(40) ReferenceProcessor::execute queues: 1, RefProcThreadModel::Single, marks_oops_alive: false
[1418.640s][debug][gc,ref         ] GC(40) Skipped KeepAliveFinalRefsPhase of Reference Processing: no references
[1418.640s][debug][gc,ref         ] GC(40) ReferenceProcessor::execute queues: 1, RefProcThreadModel::Single, marks_oops_alive: false
[1418.640s][debug][gc,phases      ] GC(40) Reference Processing 0.095ms
[1418.640s][debug][gc,phases      ] GC(40)   VM Weak                        Min:  0.0, Avg:  0.0, Max:  0.0, Diff:  0.0, Sum:  0.0, Workers: 4
[1418.640s][debug][gc,phases      ] GC(40)     Dead                           Min: 0, Avg:  0.0, Max: 0, Diff: 0, Sum: 0, Workers: 4
[1418.640s][debug][gc,phases      ] GC(40)     Total                          Min: 0, Avg: 228.0, Max: 384, Diff: 384, Sum: 912, Workers: 4
[1418.640s][debug][gc,phases      ] GC(40)   ObjectSynchronizer Weak        Min:  0.0, Avg:  0.0, Max:  0.0, Diff:  0.0, Sum:  0.0, Workers: 4
[1418.640s][debug][gc,phases      ] GC(40)     Dead                           Min: 0, Avg:  0.0, Max: 0, Diff: 0, Sum: 0, Workers: 4
[1418.640s][debug][gc,phases      ] GC(40)     Total                          Min: 0, Avg:  1.0, Max: 4, Diff: 4, Sum: 4, Workers: 4
[1418.640s][debug][gc,phases      ] GC(40)   JVMTI Tag Weak OopStorage      Min:  0.0, Avg:  0.0, Max:  0.0, Diff:  0.0, Sum:  0.0, Workers: 4
[1418.640s][debug][gc,phases      ] GC(40)     Dead                           Min: 0, Avg:  0.0, Max: 0, Diff: 0, Sum: 0, Workers: 4
[1418.640s][debug][gc,phases      ] GC(40)     Total                          Min: 0, Avg:  0.0, Max: 0, Diff: 0, Sum: 0, Workers: 4
[1418.640s][debug][gc,phases      ] GC(40)   StringTable Weak               Min:  0.1, Avg:  0.1, Max:  0.1, Diff:  0.0, Sum:  0.5, Workers: 4
[1418.640s][debug][gc,phases      ] GC(40)     Dead                           Min: 0, Avg:  0.0, Max: 0, Diff: 0, Sum: 0, Workers: 4
[1418.640s][debug][gc,phases      ] GC(40)     Total                          Min: 10880, Avg: 11560.0, Max: 11840, Diff: 960, Sum: 46240, Workers: 4
[1418.640s][debug][gc,phases      ] GC(40)   ResolvedMethodTable Weak       Min:  0.0, Avg:  0.0, Max:  0.0, Diff:  0.0, Sum:  0.2, Workers: 4
[1418.640s][debug][gc,phases      ] GC(40)     Dead                           Min: 0, Avg:  4.0, Max: 16, Diff: 16, Sum: 16, Workers: 4
[1418.640s][debug][gc,phases      ] GC(40)     Total                          Min: 3587, Avg: 3738.2, Max: 3846, Diff: 259, Sum: 14953, Workers: 4
[1418.640s][debug][gc,phases      ] GC(40)   JNI Weak                       Min:  0.0, Avg:  0.0, Max:  0.0, Diff:  0.0, Sum:  0.0, Workers: 4
[1418.640s][debug][gc,phases      ] GC(40)     Dead                           Min: 0, Avg:  0.0, Max: 0, Diff: 0, Sum: 0, Workers: 4
[1418.640s][debug][gc,phases      ] GC(40)     Total                          Min: 0, Avg: 13.0, Max: 52, Diff: 52, Sum: 52, Workers: 4
[1418.640s][debug][gc,phases      ] GC(40)   StringDedup Table Weak         Min:  0.0, Avg:  0.0, Max:  0.0, Diff:  0.0, Sum:  0.0, Workers: 4
[1418.640s][debug][gc,phases      ] GC(40)     Dead                           Min: 0, Avg:  0.0, Max: 0, Diff: 0, Sum: 0, Workers: 4
[1418.640s][debug][gc,phases      ] GC(40)     Total                          Min: 0, Avg:  0.0, Max: 0, Diff: 0, Sum: 0, Workers: 4
[1418.640s][debug][gc,phases      ] GC(40)   StringDedup Requests0 Weak     Min:  0.0, Avg:  0.0, Max:  0.0, Diff:  0.0, Sum:  0.0, Workers: 4
[1418.640s][debug][gc,phases      ] GC(40)     Dead                           Min: 0, Avg:  0.0, Max: 0, Diff: 0, Sum: 0, Workers: 4
[1418.640s][debug][gc,phases      ] GC(40)     Total                          Min: 0, Avg:  0.0, Max: 0, Diff: 0, Sum: 0, Workers: 4
[1418.640s][debug][gc,phases      ] GC(40)   StringDedup Requests1 Weak     Min:  0.0, Avg:  0.0, Max:  0.0, Diff:  0.0, Sum:  0.0, Workers: 4
[1418.640s][debug][gc,phases      ] GC(40)     Dead                           Min: 0, Avg:  0.0, Max: 0, Diff: 0, Sum: 0, Workers: 4
[1418.640s][debug][gc,phases      ] GC(40)     Total                          Min: 0, Avg:  0.0, Max: 0, Diff: 0, Sum: 0, Workers: 4
[1418.640s][debug][gc,phases      ] GC(40)   Weak JFR Old Object Samples    Min:  0.0, Avg:  0.0, Max:  0.0, Diff:  0.0, Sum:  0.0, Workers: 4
[1418.640s][debug][gc,phases      ] GC(40)     Dead                           Min: 0, Avg:  0.0, Max: 0, Diff: 0, Sum: 0, Workers: 4
[1418.640s][debug][gc,phases      ] GC(40)     Total                          Min: 0, Avg:  0.0, Max: 0, Diff: 0, Sum: 0, Workers: 4
[1418.640s][debug][gc,phases      ] GC(40) Weak Processing 0.348ms
[1418.640s][debug][gc,age         ] GC(40) Desired survivor size 71827456 bytes, new threshold 1 (max threshold 15)
[1418.640s][info ][gc,heap        ] GC(40) PSYoungGen: 1935376K(2010112K)->4129K(2027008K) Eden: 1929216K(1929216K)->0K(1951744K) From: 6160K(80896K)->4129K(75264K)
[1418.640s][info ][gc,heap        ] GC(40) ParOldGen: 330643K(330752K)->334371K(334848K)
[1418.640s][info ][gc,metaspace   ] GC(40) Metaspace: 105840K(107072K)->105840K(107072K) NonClass: 89854K(90560K)->89854K(90560K) Class: 15985K(16512K)->15985K(16512K)
[1418.640s][info ][gc             ] GC(40) Pause Young (Allocation Failure) 2212M->330M(2306M) 4.859ms
[1418.640s][info ][gc,cpu         ] GC(40) User=0.02s Sys=0.00s Real=0.00s
[1418.640s][info ][safepoint      ] Safepoint "ParallelGCFailedAllocation", Time since last: 147671526 ns, Reaching safepoint: 4900 ns, Cleanup: 3700 ns, At safepoint: 4923597 ns, Total: 4932197 ns
[1441.500s][info ][safepoint      ] Safepoint "Cleanup", Time since last: 22860089487 ns, Reaching safepoint: 5300 ns, Cleanup: 8100 ns, At safepoint: 1600 ns, Total: 15000 ns
[1446.501s][info ][safepoint      ] Safepoint "Cleanup", Time since last: 5000419841 ns, Reaching safepoint: 5400 ns, Cleanup: 8700 ns, At safepoint: 2100 ns, Total: 16200 ns
[1458.502s][info ][safepoint      ] Safepoint "Cleanup", Time since last: 12000875539 ns, Reaching safepoint: 6200 ns, Cleanup: 10400 ns, At safepoint: 2800 ns, Total: 19400 ns
[1468.502s][info ][safepoint      ] Safepoint "Cleanup", Time since last: 10000745596 ns, Reaching safepoint: 5500 ns, Cleanup: 9100 ns, At safepoint: 2100 ns, Total: 16700 ns
[1471.503s][info ][safepoint      ] Safepoint "Cleanup", Time since last: 3000249853 ns, Reaching safepoint: 5500 ns, Cleanup: 9200 ns, At safepoint: 1900 ns, Total: 16600 ns
[1472.503s][info ][safepoint      ] Safepoint "Cleanup", Time since last: 1000113284 ns, Reaching safepoint: 5300 ns, Cleanup: 12400 ns, At safepoint: 2100 ns, Total: 19800 ns
[1473.503s][info ][safepoint      ] Safepoint "Cleanup", Time since last: 1000114284 ns, Reaching safepoint: 5500 ns, Cleanup: 13100 ns, At safepoint: 1900 ns, Total: 20500 ns
[1474.485s][info ][gc,start       ] GC(41) Pause Young (Allocation Failure)
[1474.488s][debug][gc,phases      ] GC(41) Scavenge 3.010ms
[1474.488s][debug][gc,ref         ] GC(41) ReferenceProcessor::execute queues: 1, RefProcThreadModel::Single, marks_oops_alive: false
[1474.488s][debug][gc,ref         ] GC(41) Skipped KeepAliveFinalRefsPhase of Reference Processing: no references
[1474.488s][debug][gc,ref         ] GC(41) ReferenceProcessor::execute queues: 1, RefProcThreadModel::Single, marks_oops_alive: false
[1474.488s][debug][gc,phases      ] GC(41) Reference Processing 0.116ms
[1474.488s][debug][gc,phases      ] GC(41)   VM Weak                        Min:  0.0, Avg:  0.0, Max:  0.0, Diff:  0.0, Sum:  0.0, Workers: 4
[1474.488s][debug][gc,phases      ] GC(41)     Dead                           Min: 0, Avg:  0.0, Max: 0, Diff: 0, Sum: 0, Workers: 4
[1474.488s][debug][gc,phases      ] GC(41)     Total                          Min: 0, Avg: 228.0, Max: 336, Diff: 336, Sum: 912, Workers: 4
[1474.488s][debug][gc,phases      ] GC(41)   ObjectSynchronizer Weak        Min:  0.0, Avg:  0.0, Max:  0.0, Diff:  0.0, Sum:  0.0, Workers: 4
[1474.488s][debug][gc,phases      ] GC(41)     Dead                           Min: 0, Avg:  0.0, Max: 0, Diff: 0, Sum: 0, Workers: 4
[1474.488s][debug][gc,phases      ] GC(41)     Total                          Min: 0, Avg:  1.0, Max: 4, Diff: 4, Sum: 4, Workers: 4
[1474.488s][debug][gc,phases      ] GC(41)   JVMTI Tag Weak OopStorage      Min:  0.0, Avg:  0.0, Max:  0.0, Diff:  0.0, Sum:  0.0, Workers: 4
[1474.488s][debug][gc,phases      ] GC(41)     Dead                           Min: 0, Avg:  0.0, Max: 0, Diff: 0, Sum: 0, Workers: 4
[1474.488s][debug][gc,phases      ] GC(41)     Total                          Min: 0, Avg:  0.0, Max: 0, Diff: 0, Sum: 0, Workers: 4
[1474.488s][debug][gc,phases      ] GC(41)   StringTable Weak               Min:  0.0, Avg:  0.1, Max:  0.1, Diff:  0.1, Sum:  0.4, Workers: 4
[1474.488s][debug][gc,phases      ] GC(41)     Dead                           Min: 0, Avg:  0.0, Max: 0, Diff: 0, Sum: 0, Workers: 4
[1474.488s][debug][gc,phases      ] GC(41)     Total                          Min: 4544, Avg: 11560.5, Max: 14080, Diff: 9536, Sum: 46242, Workers: 4
[1474.488s][debug][gc,phases      ] GC(41)   ResolvedMethodTable Weak       Min:  0.0, Avg:  0.0, Max:  0.0, Diff:  0.0, Sum:  0.2, Workers: 4
[1474.488s][debug][gc,phases      ] GC(41)     Dead                           Min: 0, Avg:  4.2, Max: 17, Diff: 17, Sum: 17, Workers: 4
[1474.488s][debug][gc,phases      ] GC(41)     Total                          Min: 3578, Avg: 3738.5, Max: 3895, Diff: 317, Sum: 14954, Workers: 4
[1474.488s][debug][gc,phases      ] GC(41)   JNI Weak                       Min:  0.0, Avg:  0.0, Max:  0.0, Diff:  0.0, Sum:  0.0, Workers: 4
[1474.488s][debug][gc,phases      ] GC(41)     Dead                           Min: 0, Avg:  0.0, Max: 0, Diff: 0, Sum: 0, Workers: 4
[1474.488s][debug][gc,phases      ] GC(41)     Total                          Min: 0, Avg: 13.0, Max: 52, Diff: 52, Sum: 52, Workers: 4
[1474.488s][debug][gc,phases      ] GC(41)   StringDedup Table Weak         Min:  0.0, Avg:  0.0, Max:  0.0, Diff:  0.0, Sum:  0.0, Workers: 4
[1474.488s][debug][gc,phases      ] GC(41)     Dead                           Min: 0, Avg:  0.0, Max: 0, Diff: 0, Sum: 0, Workers: 4
[1474.488s][debug][gc,phases      ] GC(41)     Total                          Min: 0, Avg:  0.0, Max: 0, Diff: 0, Sum: 0, Workers: 4
[1474.488s][debug][gc,phases      ] GC(41)   StringDedup Requests0 Weak     Min:  0.0, Avg:  0.0, Max:  0.0, Diff:  0.0, Sum:  0.0, Workers: 4
[1474.489s][debug][gc,phases      ] GC(41)     Dead                           Min: 0, Avg:  0.0, Max: 0, Diff: 0, Sum: 0, Workers: 4
[1474.489s][debug][gc,phases      ] GC(41)     Total                          Min: 0, Avg:  0.0, Max: 0, Diff: 0, Sum: 0, Workers: 4
[1474.489s][debug][gc,phases      ] GC(41)   StringDedup Requests1 Weak     Min:  0.0, Avg:  0.0, Max:  0.0, Diff:  0.0, Sum:  0.0, Workers: 4
[1474.489s][debug][gc,phases      ] GC(41)     Dead                           Min: 0, Avg:  0.0, Max: 0, Diff: 0, Sum: 0, Workers: 4
[1474.489s][debug][gc,phases      ] GC(41)     Total                          Min: 0, Avg:  0.0, Max: 0, Diff: 0, Sum: 0, Workers: 4
[1474.489s][debug][gc,phases      ] GC(41)   Weak JFR Old Object Samples    Min:  0.0, Avg:  0.0, Max:  0.0, Diff:  0.0, Sum:  0.0, Workers: 4
[1474.489s][debug][gc,phases      ] GC(41)     Dead                           Min: 0, Avg:  0.0, Max: 0, Diff: 0, Sum: 0, Workers: 4
[1474.489s][debug][gc,phases      ] GC(41)     Total                          Min: 0, Avg:  0.0, Max: 0, Diff: 0, Sum: 0, Workers: 4
[1474.489s][debug][gc,phases      ] GC(41) Weak Processing 0.367ms
[1474.489s][debug][gc,age         ] GC(41) Desired survivor size 67108864 bytes, new threshold 1 (max threshold 15)
[1474.489s][info ][gc,heap        ] GC(41) PSYoungGen: 1955873K(2027008K)->4016K(2021888K) Eden: 1951744K(1951744K)->0K(1951744K) From: 4129K(75264K)->4016K(70144K)
[1474.489s][info ][gc,heap        ] GC(41) ParOldGen: 334371K(334848K)->335629K(335872K)
[1474.489s][info ][gc,metaspace   ] GC(41) Metaspace: 105855K(107072K)->105855K(107072K) NonClass: 89869K(90560K)->89869K(90560K) Class: 15986K(16512K)->15986K(16512K)
[1474.489s][info ][gc             ] GC(41) Pause Young (Allocation Failure) 2236M->331M(2302M) 3.593ms
[1474.489s][info ][gc,cpu         ] GC(41) User=0.01s Sys=0.01s Real=0.00s
[1474.489s][info ][safepoint      ] Safepoint "ParallelGCFailedAllocation", Time since last: 981985593 ns, Reaching safepoint: 6600 ns, Cleanup: 9300 ns, At safepoint: 3649698 ns, Total: 3665598 ns
[1477.489s][info ][safepoint      ] Safepoint "Cleanup", Time since last: 3000226251 ns, Reaching safepoint: 6000 ns, Cleanup: 9700 ns, At safepoint: 2400 ns, Total: 18100 ns
[1482.489s][info ][safepoint      ] Safepoint "Cleanup", Time since last: 5000406116 ns, Reaching safepoint: 6300 ns, Cleanup: 17100 ns, At safepoint: 2200 ns, Total: 25600 ns
[1483.489s][info ][safepoint      ] Safepoint "Cleanup", Time since last: 1000120882 ns, Reaching safepoint: 5600 ns, Cleanup: 12300 ns, At safepoint: 1600 ns, Total: 19500 ns
[1494.490s][info ][safepoint      ] Safepoint "Cleanup", Time since last: 11000807704 ns, Reaching safepoint: 6100 ns, Cleanup: 9400 ns, At safepoint: 2000 ns, Total: 17500 ns
[1496.490s][info ][safepoint      ] Safepoint "Cleanup", Time since last: 2000189665 ns, Reaching safepoint: 5700 ns, Cleanup: 10600 ns, At safepoint: 2100 ns, Total: 18400 ns
[1497.491s][info ][safepoint      ] Safepoint "Cleanup", Time since last: 1000104682 ns, Reaching safepoint: 5400 ns, Cleanup: 10800 ns, At safepoint: 1700 ns, Total: 17900 ns
[1504.518s][info ][safepoint      ] Safepoint "Cleanup", Time since last: 7027201766 ns, Reaching safepoint: 5800 ns, Cleanup: 12700 ns, At safepoint: 1800 ns, Total: 20300 ns
[1505.518s][info ][safepoint      ] Safepoint "Cleanup", Time since last: 1000137283 ns, Reaching safepoint: 5800 ns, Cleanup: 9500 ns, At safepoint: 1800 ns, Total: 17100 ns
[1512.519s][info ][safepoint      ] Safepoint "Cleanup", Time since last: 7000555574 ns, Reaching safepoint: 6200 ns, Cleanup: 13500 ns, At safepoint: 2300 ns, Total: 22000 ns
[1517.519s][info ][safepoint      ] Safepoint "Cleanup", Time since last: 5000392393 ns, Reaching safepoint: 6700 ns, Cleanup: 27800 ns, At safepoint: 2200 ns, Total: 36700 ns
[1526.286s][info ][gc,start       ] GC(42) Pause Young (Allocation Failure)
[1526.290s][debug][gc,phases      ] GC(42) Scavenge 4.171ms
[1526.291s][debug][gc,ref         ] GC(42) ReferenceProcessor::execute queues: 1, RefProcThreadModel::Single, marks_oops_alive: false
[1526.291s][debug][gc,ref         ] GC(42) Skipped KeepAliveFinalRefsPhase of Reference Processing: no references
[1526.291s][debug][gc,ref         ] GC(42) ReferenceProcessor::execute queues: 1, RefProcThreadModel::Single, marks_oops_alive: false
[1526.291s][debug][gc,phases      ] GC(42) Reference Processing 0.097ms
[1526.291s][debug][gc,phases      ] GC(42)   VM Weak                        Min:  0.0, Avg:  0.0, Max:  0.0, Diff:  0.0, Sum:  0.0, Workers: 4
[1526.291s][debug][gc,phases      ] GC(42)     Dead                           Min: 0, Avg:  0.0, Max: 0, Diff: 0, Sum: 0, Workers: 4
[1526.291s][debug][gc,phases      ] GC(42)     Total                          Min: 0, Avg: 228.0, Max: 640, Diff: 640, Sum: 912, Workers: 4
[1526.291s][debug][gc,phases      ] GC(42)   ObjectSynchronizer Weak        Min:  0.0, Avg:  0.0, Max:  0.0, Diff:  0.0, Sum:  0.0, Workers: 4
[1526.291s][debug][gc,phases      ] GC(42)     Dead                           Min: 0, Avg:  0.0, Max: 0, Diff: 0, Sum: 0, Workers: 4
[1526.291s][debug][gc,phases      ] GC(42)     Total                          Min: 0, Avg:  1.0, Max: 4, Diff: 4, Sum: 4, Workers: 4
[1526.291s][debug][gc,phases      ] GC(42)   JVMTI Tag Weak OopStorage      Min:  0.0, Avg:  0.0, Max:  0.0, Diff:  0.0, Sum:  0.0, Workers: 4
[1526.291s][debug][gc,phases      ] GC(42)     Dead                           Min: 0, Avg:  0.0, Max: 0, Diff: 0, Sum: 0, Workers: 4
[1526.291s][debug][gc,phases      ] GC(42)     Total                          Min: 0, Avg:  0.0, Max: 0, Diff: 0, Sum: 0, Workers: 4
[1526.291s][debug][gc,phases      ] GC(42)   StringTable Weak               Min:  0.0, Avg:  0.1, Max:  0.1, Diff:  0.1, Sum:  0.4, Workers: 4
[1526.291s][debug][gc,phases      ] GC(42)     Dead                           Min: 0, Avg:  0.0, Max: 0, Diff: 0, Sum: 0, Workers: 4
[1526.291s][debug][gc,phases      ] GC(42)     Total                          Min: 0, Avg: 11564.2, Max: 19647, Diff: 19647, Sum: 46257, Workers: 4
[1526.291s][debug][gc,phases      ] GC(42)   ResolvedMethodTable Weak       Min:  0.0, Avg:  0.0, Max:  0.0, Diff:  0.0, Sum:  0.1, Workers: 4
[1526.291s][debug][gc,phases      ] GC(42)     Dead                           Min: 0, Avg:  4.0, Max: 16, Diff: 16, Sum: 16, Workers: 4
[1526.291s][debug][gc,phases      ] GC(42)     Total                          Min: 0, Avg: 3738.5, Max: 6145, Diff: 6145, Sum: 14954, Workers: 4
[1526.291s][debug][gc,phases      ] GC(42)   JNI Weak                       Min:  0.0, Avg:  0.0, Max:  0.0, Diff:  0.0, Sum:  0.0, Workers: 4
[1526.291s][debug][gc,phases      ] GC(42)     Dead                           Min: 0, Avg:  0.0, Max: 0, Diff: 0, Sum: 0, Workers: 4
[1526.291s][debug][gc,phases      ] GC(42)     Total                          Min: 0, Avg: 13.0, Max: 52, Diff: 52, Sum: 52, Workers: 4
[1526.291s][debug][gc,phases      ] GC(42)   StringDedup Table Weak         Min:  0.0, Avg:  0.0, Max:  0.0, Diff:  0.0, Sum:  0.0, Workers: 4
[1526.291s][debug][gc,phases      ] GC(42)     Dead                           Min: 0, Avg:  0.0, Max: 0, Diff: 0, Sum: 0, Workers: 4
[1526.291s][debug][gc,phases      ] GC(42)     Total                          Min: 0, Avg:  0.0, Max: 0, Diff: 0, Sum: 0, Workers: 4
[1526.291s][debug][gc,phases      ] GC(42)   StringDedup Requests0 Weak     Min:  0.0, Avg:  0.0, Max:  0.0, Diff:  0.0, Sum:  0.0, Workers: 4
[1526.291s][debug][gc,phases      ] GC(42)     Dead                           Min: 0, Avg:  0.0, Max: 0, Diff: 0, Sum: 0, Workers: 4
[1526.291s][debug][gc,phases      ] GC(42)     Total                          Min: 0, Avg:  0.0, Max: 0, Diff: 0, Sum: 0, Workers: 4
[1526.291s][debug][gc,phases      ] GC(42)   StringDedup Requests1 Weak     Min:  0.0, Avg:  0.0, Max:  0.0, Diff:  0.0, Sum:  0.0, Workers: 4
[1526.291s][debug][gc,phases      ] GC(42)     Dead                           Min: 0, Avg:  0.0, Max: 0, Diff: 0, Sum: 0, Workers: 4
[1526.291s][debug][gc,phases      ] GC(42)     Total                          Min: 0, Avg:  0.0, Max: 0, Diff: 0, Sum: 0, Workers: 4
[1526.291s][debug][gc,phases      ] GC(42)   Weak JFR Old Object Samples    Min:  0.0, Avg:  0.0, Max:  0.0, Diff:  0.0, Sum:  0.0, Workers: 4
[1526.291s][debug][gc,phases      ] GC(42)     Dead                           Min: 0, Avg:  0.0, Max: 0, Diff: 0, Sum: 0, Workers: 4
[1526.291s][debug][gc,phases      ] GC(42)     Total                          Min: 0, Avg:  0.0, Max: 0, Diff: 0, Sum: 0, Workers: 4
[1526.291s][debug][gc,phases      ] GC(42) Weak Processing 0.363ms
[1526.291s][debug][gc,age         ] GC(42) Desired survivor size 62390272 bytes, new threshold 1 (max threshold 15)
[1526.291s][info ][gc,heap        ] GC(42) PSYoungGen: 1955760K(2021888K)->6178K(2036224K) Eden: 1951744K(1951744K)->0K(1970688K) From: 4016K(70144K)->6178K(65536K)
[1526.291s][info ][gc,heap        ] GC(42) ParOldGen: 335629K(335872K)->336789K(336896K)
[1526.291s][info ][gc,metaspace   ] GC(42) Metaspace: 105880K(107136K)->105880K(107136K) NonClass: 89894K(90624K)->89894K(90624K) Class: 15986K(16512K)->15986K(16512K)
[1526.291s][info ][gc             ] GC(42) Pause Young (Allocation Failure) 2237M->334M(2317M) 4.735ms
[1526.291s][info ][gc,cpu         ] GC(42) User=0.01s Sys=0.00s Real=0.00s
[1526.291s][info ][safepoint      ] Safepoint "ParallelGCFailedAllocation", Time since last: 8767224644 ns, Reaching safepoint: 5900 ns, Cleanup: 3500 ns, At safepoint: 4803498 ns, Total: 4812898 ns
[1527.291s][info ][safepoint      ] Safepoint "Cleanup", Time since last: 1000082682 ns, Reaching safepoint: 20300 ns, Cleanup: 11000 ns, At safepoint: 1900 ns, Total: 33200 ns
[1528.291s][info ][safepoint      ] Safepoint "Cleanup", Time since last: 1000110983 ns, Reaching safepoint: 5900 ns, Cleanup: 8100 ns, At safepoint: 2000 ns, Total: 16000 ns
[1529.291s][info ][safepoint      ] Safepoint "Cleanup", Time since last: 1000111583 ns, Reaching safepoint: 6400 ns, Cleanup: 12100 ns, At safepoint: 2200 ns, Total: 20700 ns
[1530.291s][info ][safepoint      ] Safepoint "Cleanup", Time since last: 1000113179 ns, Reaching safepoint: 6100 ns, Cleanup: 8000 ns, At safepoint: 2200 ns, Total: 16300 ns
[1531.292s][info ][safepoint      ] Safepoint "Cleanup", Time since last: 1000113778 ns, Reaching safepoint: 5500 ns, Cleanup: 7900 ns, At safepoint: 1800 ns, Total: 15200 ns
[1553.293s][info ][safepoint      ] Safepoint "Cleanup", Time since last: 22001552475 ns, Reaching safepoint: 6100 ns, Cleanup: 10200 ns, At safepoint: 25100 ns, Total: 41400 ns
[1562.535s][info ][safepoint      ] Safepoint "Cleanup", Time since last: 9242020507 ns, Reaching safepoint: 6400 ns, Cleanup: 13200 ns, At safepoint: 1900 ns, Total: 21500 ns
[1565.536s][info ][safepoint      ] Safepoint "Cleanup", Time since last: 3000242513 ns, Reaching safepoint: 76500 ns, Cleanup: 9400 ns, At safepoint: 5700 ns, Total: 91600 ns
[1566.536s][info ][safepoint      ] Safepoint "Cleanup", Time since last: 1000121938 ns, Reaching safepoint: 6200 ns, Cleanup: 9200 ns, At safepoint: 2000 ns, Total: 17400 ns
[1572.536s][info ][safepoint      ] Safepoint "Cleanup", Time since last: 6000467831 ns, Reaching safepoint: 6500 ns, Cleanup: 12000 ns, At safepoint: 4800 ns, Total: 23300 ns
[1576.537s][info ][safepoint      ] Safepoint "Cleanup", Time since last: 4000315022 ns, Reaching safepoint: 6200 ns, Cleanup: 9000 ns, At safepoint: 2200 ns, Total: 17400 ns
[1583.537s][info ][safepoint      ] Safepoint "Cleanup", Time since last: 7000549328 ns, Reaching safepoint: 6100 ns, Cleanup: 9100 ns, At safepoint: 21800 ns, Total: 37000 ns
[1583.788s][info ][gc,start       ] GC(43) Pause Young (Allocation Failure)
[1583.793s][debug][gc,phases      ] GC(43) Scavenge 4.956ms
[1583.793s][debug][gc,ref         ] GC(43) ReferenceProcessor::execute queues: 1, RefProcThreadModel::Single, marks_oops_alive: false
[1583.793s][debug][gc,ref         ] GC(43) Skipped KeepAliveFinalRefsPhase of Reference Processing: no references
[1583.793s][debug][gc,ref         ] GC(43) ReferenceProcessor::execute queues: 1, RefProcThreadModel::Single, marks_oops_alive: false
[1583.793s][debug][gc,phases      ] GC(43) Reference Processing 0.092ms
[1583.793s][debug][gc,phases      ] GC(43)   VM Weak                        Min:  0.0, Avg:  0.0, Max:  0.0, Diff:  0.0, Sum:  0.0, Workers: 4
[1583.793s][debug][gc,phases      ] GC(43)     Dead                           Min: 0, Avg:  0.0, Max: 0, Diff: 0, Sum: 0, Workers: 4
[1583.793s][debug][gc,phases      ] GC(43)     Total                          Min: 0, Avg: 228.0, Max: 592, Diff: 592, Sum: 912, Workers: 4
[1583.793s][debug][gc,phases      ] GC(43)   ObjectSynchronizer Weak        Min:  0.0, Avg:  0.0, Max:  0.0, Diff:  0.0, Sum:  0.0, Workers: 4
[1583.793s][debug][gc,phases      ] GC(43)     Dead                           Min: 0, Avg:  0.0, Max: 0, Diff: 0, Sum: 0, Workers: 4
[1583.793s][debug][gc,phases      ] GC(43)     Total                          Min: 0, Avg:  1.0, Max: 4, Diff: 4, Sum: 4, Workers: 4
[1583.793s][debug][gc,phases      ] GC(43)   JVMTI Tag Weak OopStorage      Min:  0.0, Avg:  0.0, Max:  0.0, Diff:  0.0, Sum:  0.0, Workers: 4
[1583.793s][debug][gc,phases      ] GC(43)     Dead                           Min: 0, Avg:  0.0, Max: 0, Diff: 0, Sum: 0, Workers: 4
[1583.793s][debug][gc,phases      ] GC(43)     Total                          Min: 0, Avg:  0.0, Max: 0, Diff: 0, Sum: 0, Workers: 4
[1583.793s][debug][gc,phases      ] GC(43)   StringTable Weak               Min:  0.0, Avg:  0.1, Max:  0.1, Diff:  0.1, Sum:  0.4, Workers: 4
[1583.793s][debug][gc,phases      ] GC(43)     Dead                           Min: 0, Avg:  0.0, Max: 0, Diff: 0, Sum: 0, Workers: 4
[1583.793s][debug][gc,phases      ] GC(43)     Total                          Min: 0, Avg: 11564.2, Max: 16626, Diff: 16626, Sum: 46257, Workers: 4
[1583.793s][debug][gc,phases      ] GC(43)   ResolvedMethodTable Weak       Min:  0.0, Avg:  0.0, Max:  0.0, Diff:  0.0, Sum:  0.1, Workers: 4
[1583.793s][debug][gc,phases      ] GC(43)     Dead                           Min: 0, Avg:  4.0, Max: 14, Diff: 14, Sum: 16, Workers: 4
[1583.793s][debug][gc,phases      ] GC(43)     Total                          Min: 0, Avg: 3738.5, Max: 6332, Diff: 6332, Sum: 14954, Workers: 4
[1583.793s][debug][gc,phases      ] GC(43)   JNI Weak                       Min:  0.0, Avg:  0.0, Max:  0.0, Diff:  0.0, Sum:  0.0, Workers: 4
[1583.793s][debug][gc,phases      ] GC(43)     Dead                           Min: 0, Avg:  0.0, Max: 0, Diff: 0, Sum: 0, Workers: 4
[1583.793s][debug][gc,phases      ] GC(43)     Total                          Min: 0, Avg: 13.0, Max: 52, Diff: 52, Sum: 52, Workers: 4
[1583.793s][debug][gc,phases      ] GC(43)   StringDedup Table Weak         Min:  0.0, Avg:  0.0, Max:  0.0, Diff:  0.0, Sum:  0.0, Workers: 4
[1583.793s][debug][gc,phases      ] GC(43)     Dead                           Min: 0, Avg:  0.0, Max: 0, Diff: 0, Sum: 0, Workers: 4
[1583.793s][debug][gc,phases      ] GC(43)     Total                          Min: 0, Avg:  0.0, Max: 0, Diff: 0, Sum: 0, Workers: 4
[1583.793s][debug][gc,phases      ] GC(43)   StringDedup Requests0 Weak     Min:  0.0, Avg:  0.0, Max:  0.0, Diff:  0.0, Sum:  0.0, Workers: 4
[1583.793s][debug][gc,phases      ] GC(43)     Dead                           Min: 0, Avg:  0.0, Max: 0, Diff: 0, Sum: 0, Workers: 4
[1583.793s][debug][gc,phases      ] GC(43)     Total                          Min: 0, Avg:  0.0, Max: 0, Diff: 0, Sum: 0, Workers: 4
[1583.793s][debug][gc,phases      ] GC(43)   StringDedup Requests1 Weak     Min:  0.0, Avg:  0.0, Max:  0.0, Diff:  0.0, Sum:  0.0, Workers: 4
[1583.793s][debug][gc,phases      ] GC(43)     Dead                           Min: 0, Avg:  0.0, Max: 0, Diff: 0, Sum: 0, Workers: 4
[1583.793s][debug][gc,phases      ] GC(43)     Total                          Min: 0, Avg:  0.0, Max: 0, Diff: 0, Sum: 0, Workers: 4
[1583.793s][debug][gc,phases      ] GC(43)   Weak JFR Old Object Samples    Min:  0.0, Avg:  0.0, Max:  0.0, Diff:  0.0, Sum:  0.0, Workers: 4
[1583.793s][debug][gc,phases      ] GC(43)     Dead                           Min: 0, Avg:  0.0, Max: 0, Diff: 0, Sum: 0, Workers: 4
[1583.793s][debug][gc,phases      ] GC(43)     Total                          Min: 0, Avg:  0.0, Max: 0, Diff: 0, Sum: 0, Workers: 4
[1583.793s][debug][gc,phases      ] GC(43) Weak Processing 0.381ms
[1583.793s][debug][gc,age         ] GC(43) Desired survivor size 58195968 bytes, new threshold 1 (max threshold 15)
[1583.793s][info ][gc,heap        ] GC(43) PSYoungGen: 1976866K(2036224K)->5056K(2031616K) Eden: 1970688K(1970688K)->0K(1970688K) From: 6178K(65536K)->5056K(60928K)
[1583.793s][info ][gc,heap        ] GC(43) ParOldGen: 336789K(336896K)->339927K(339968K)
[1583.793s][info ][gc,metaspace   ] GC(43) Metaspace: 105894K(107136K)->105894K(107136K) NonClass: 89908K(90624K)->89908K(90624K) Class: 15986K(16512K)->15986K(16512K)
[1583.793s][info ][gc             ] GC(43) Pause Young (Allocation Failure) 2259M->336M(2316M) 5.536ms
[1583.793s][info ][gc,cpu         ] GC(43) User=0.01s Sys=0.00s Real=0.01s
[1583.793s][info ][safepoint      ] Safepoint "ParallelGCFailedAllocation", Time since last: 250744647 ns, Reaching safepoint: 5800 ns, Cleanup: 3700 ns, At safepoint: 5600096 ns, Total: 5609596 ns
[1584.794s][info ][safepoint      ] Safepoint "Cleanup", Time since last: 1000087687 ns, Reaching safepoint: 5300 ns, Cleanup: 70700 ns, At safepoint: 2000 ns, Total: 78000 ns
[1585.794s][info ][safepoint      ] Safepoint "Cleanup", Time since last: 1000106600 ns, Reaching safepoint: 6000 ns, Cleanup: 17500 ns, At safepoint: 2200 ns, Total: 25700 ns
[1586.794s][info ][safepoint      ] Safepoint "Cleanup", Time since last: 1000111241 ns, Reaching safepoint: 5700 ns, Cleanup: 11900 ns, At safepoint: 2200 ns, Total: 19800 ns
[1587.794s][info ][safepoint      ] Safepoint "Cleanup", Time since last: 1000101340 ns, Reaching safepoint: 5600 ns, Cleanup: 8500 ns, At safepoint: 1900 ns, Total: 16000 ns
[1589.794s][info ][safepoint      ] Safepoint "Cleanup", Time since last: 2000189181 ns, Reaching safepoint: 5800 ns, Cleanup: 8800 ns, At safepoint: 2200 ns, Total: 16800 ns
[1592.795s][info ][safepoint      ] Safepoint "Cleanup", Time since last: 3000242121 ns, Reaching safepoint: 5200 ns, Cleanup: 9400 ns, At safepoint: 1900 ns, Total: 16500 ns
[1593.795s][info ][safepoint      ] Safepoint "Cleanup", Time since last: 1000097242 ns, Reaching safepoint: 5200 ns, Cleanup: 14500 ns, At safepoint: 2100 ns, Total: 21800 ns
[1594.795s][info ][safepoint      ] Safepoint "Cleanup", Time since last: 1000106548 ns, Reaching safepoint: 5900 ns, Cleanup: 11200 ns, At safepoint: 2300 ns, Total: 19400 ns
[1596.795s][info ][safepoint      ] Safepoint "Cleanup", Time since last: 2000178294 ns, Reaching safepoint: 5700 ns, Cleanup: 9000 ns, At safepoint: 1800 ns, Total: 16500 ns
[1597.795s][info ][safepoint      ] Safepoint "Cleanup", Time since last: 1000145147 ns, Reaching safepoint: 5700 ns, Cleanup: 10400 ns, At safepoint: 1800 ns, Total: 17900 ns
[1599.795s][info ][safepoint      ] Safepoint "Cleanup", Time since last: 2000217695 ns, Reaching safepoint: 5700 ns, Cleanup: 11400 ns, At safepoint: 1900 ns, Total: 19000 ns
[1600.795s][info ][safepoint      ] Safepoint "Cleanup", Time since last: 1000112647 ns, Reaching safepoint: 6000 ns, Cleanup: 14900 ns, At safepoint: 2000 ns, Total: 22900 ns
[1601.796s][info ][safepoint      ] Safepoint "Cleanup", Time since last: 1000112875 ns, Reaching safepoint: 6100 ns, Cleanup: 9000 ns, At safepoint: 2200 ns, Total: 17300 ns
[1602.796s][info ][safepoint      ] Safepoint "Cleanup", Time since last: 1000111467 ns, Reaching safepoint: 5600 ns, Cleanup: 7800 ns, At safepoint: 2000 ns, Total: 15400 ns
[1608.796s][info ][safepoint      ] Safepoint "Cleanup", Time since last: 6000443004 ns, Reaching safepoint: 6300 ns, Cleanup: 9200 ns, At safepoint: 2200 ns, Total: 17700 ns
[1610.796s][info ][safepoint      ] Safepoint "Cleanup", Time since last: 2000174627 ns, Reaching safepoint: 5500 ns, Cleanup: 8400 ns, At safepoint: 1900 ns, Total: 15800 ns
[1611.797s][info ][safepoint      ] Safepoint "Cleanup", Time since last: 1000105596 ns, Reaching safepoint: 6000 ns, Cleanup: 13200 ns, At safepoint: 2000 ns, Total: 21200 ns
[1620.552s][info ][safepoint      ] Safepoint "Cleanup", Time since last: 8755343130 ns, Reaching safepoint: 3400 ns, Cleanup: 9300 ns, At safepoint: 2000 ns, Total: 14700 ns
[1630.553s][info ][safepoint      ] Safepoint "Cleanup", Time since last: 10000766248 ns, Reaching safepoint: 5800 ns, Cleanup: 11200 ns, At safepoint: 1900 ns, Total: 18900 ns
[1638.553s][info ][safepoint      ] Safepoint "Cleanup", Time since last: 8000610079 ns, Reaching safepoint: 6400 ns, Cleanup: 9500 ns, At safepoint: 2100 ns, Total: 18000 ns
[1641.530s][info ][gc,start       ] GC(44) Pause Young (Allocation Failure)
[1641.534s][debug][gc,phases      ] GC(44) Scavenge 3.180ms
[1641.534s][debug][gc,ref         ] GC(44) ReferenceProcessor::execute queues: 1, RefProcThreadModel::Single, marks_oops_alive: false
[1641.534s][debug][gc,ref         ] GC(44) Skipped KeepAliveFinalRefsPhase of Reference Processing: no references
[1641.534s][debug][gc,ref         ] GC(44) ReferenceProcessor::execute queues: 1, RefProcThreadModel::Single, marks_oops_alive: false
[1641.534s][debug][gc,phases      ] GC(44) Reference Processing 0.095ms
[1641.534s][debug][gc,phases      ] GC(44)   VM Weak                        Min:  0.0, Avg:  0.0, Max:  0.0, Diff:  0.0, Sum:  0.0, Workers: 4
[1641.534s][debug][gc,phases      ] GC(44)     Dead                           Min: 0, Avg:  0.0, Max: 0, Diff: 0, Sum: 0, Workers: 4
[1641.534s][debug][gc,phases      ] GC(44)     Total                          Min: 0, Avg: 228.0, Max: 528, Diff: 528, Sum: 912, Workers: 4
[1641.534s][debug][gc,phases      ] GC(44)   ObjectSynchronizer Weak        Min:  0.0, Avg:  0.0, Max:  0.0, Diff:  0.0, Sum:  0.0, Workers: 4
[1641.534s][debug][gc,phases      ] GC(44)     Dead                           Min: 0, Avg:  0.0, Max: 0, Diff: 0, Sum: 0, Workers: 4
[1641.534s][debug][gc,phases      ] GC(44)     Total                          Min: 0, Avg:  0.8, Max: 3, Diff: 3, Sum: 3, Workers: 4
[1641.534s][debug][gc,phases      ] GC(44)   JVMTI Tag Weak OopStorage      Min:  0.0, Avg:  0.0, Max:  0.0, Diff:  0.0, Sum:  0.0, Workers: 4
[1641.534s][debug][gc,phases      ] GC(44)     Dead                           Min: 0, Avg:  0.0, Max: 0, Diff: 0, Sum: 0, Workers: 4
[1641.534s][debug][gc,phases      ] GC(44)     Total                          Min: 0, Avg:  0.0, Max: 0, Diff: 0, Sum: 0, Workers: 4
[1641.534s][debug][gc,phases      ] GC(44)   StringTable Weak               Min:  0.0, Avg:  0.1, Max:  0.1, Diff:  0.1, Sum:  0.4, Workers: 4
[1641.534s][debug][gc,phases      ] GC(44)     Dead                           Min: 0, Avg:  0.5, Max: 2, Diff: 2, Sum: 2, Workers: 4
[1641.534s][debug][gc,phases      ] GC(44)     Total                          Min: 0, Avg: 11567.0, Max: 20157, Diff: 20157, Sum: 46268, Workers: 4
[1641.534s][debug][gc,phases      ] GC(44)   ResolvedMethodTable Weak       Min:  0.0, Avg:  0.0, Max:  0.0, Diff:  0.0, Sum:  0.1, Workers: 4
[1641.534s][debug][gc,phases      ] GC(44)     Dead                           Min: 0, Avg:  5.2, Max: 16, Diff: 16, Sum: 21, Workers: 4
[1641.534s][debug][gc,phases      ] GC(44)     Total                          Min: 0, Avg: 3741.5, Max: 6339, Diff: 6339, Sum: 14966, Workers: 4
[1641.534s][debug][gc,phases      ] GC(44)   JNI Weak                       Min:  0.0, Avg:  0.0, Max:  0.0, Diff:  0.0, Sum:  0.0, Workers: 4
[1641.534s][debug][gc,phases      ] GC(44)     Dead                           Min: 0, Avg:  0.0, Max: 0, Diff: 0, Sum: 0, Workers: 4
[1641.534s][debug][gc,phases      ] GC(44)     Total                          Min: 0, Avg: 13.0, Max: 52, Diff: 52, Sum: 52, Workers: 4
[1641.534s][debug][gc,phases      ] GC(44)   StringDedup Table Weak         Min:  0.0, Avg:  0.0, Max:  0.0, Diff:  0.0, Sum:  0.0, Workers: 4
[1641.534s][debug][gc,phases      ] GC(44)     Dead                           Min: 0, Avg:  0.0, Max: 0, Diff: 0, Sum: 0, Workers: 4
[1641.534s][debug][gc,phases      ] GC(44)     Total                          Min: 0, Avg:  0.0, Max: 0, Diff: 0, Sum: 0, Workers: 4
[1641.534s][debug][gc,phases      ] GC(44)   StringDedup Requests0 Weak     Min:  0.0, Avg:  0.0, Max:  0.0, Diff:  0.0, Sum:  0.0, Workers: 4
[1641.534s][debug][gc,phases      ] GC(44)     Dead                           Min: 0, Avg:  0.0, Max: 0, Diff: 0, Sum: 0, Workers: 4
[1641.534s][debug][gc,phases      ] GC(44)     Total                          Min: 0, Avg:  0.0, Max: 0, Diff: 0, Sum: 0, Workers: 4
[1641.534s][debug][gc,phases      ] GC(44)   StringDedup Requests1 Weak     Min:  0.0, Avg:  0.0, Max:  0.0, Diff:  0.0, Sum:  0.0, Workers: 4
[1641.534s][debug][gc,phases      ] GC(44)     Dead                           Min: 0, Avg:  0.0, Max: 0, Diff: 0, Sum: 0, Workers: 4
[1641.534s][debug][gc,phases      ] GC(44)     Total                          Min: 0, Avg:  0.0, Max: 0, Diff: 0, Sum: 0, Workers: 4
[1641.534s][debug][gc,phases      ] GC(44)   Weak JFR Old Object Samples    Min:  0.0, Avg:  0.0, Max:  0.0, Diff:  0.0, Sum:  0.0, Workers: 4
[1641.534s][debug][gc,phases      ] GC(44)     Dead                           Min: 0, Avg:  0.0, Max: 0, Diff: 0, Sum: 0, Workers: 4
[1641.534s][debug][gc,phases      ] GC(44)     Total                          Min: 0, Avg:  0.0, Max: 0, Diff: 0, Sum: 0, Workers: 4
[1641.534s][debug][gc,phases      ] GC(44) Weak Processing 0.357ms
[1641.534s][debug][gc,age         ] GC(44) Desired survivor size 54001664 bytes, new threshold 1 (max threshold 15)
[1641.534s][info ][gc,heap        ] GC(44) PSYoungGen: 1975744K(2031616K)->3909K(2044416K) Eden: 1970688K(1970688K)->0K(1987584K) From: 5056K(60928K)->3909K(56832K)
[1641.534s][info ][gc,heap        ] GC(44) ParOldGen: 339927K(339968K)->341523K(342016K)
[1641.534s][info ][gc,metaspace   ] GC(44) Metaspace: 105936K(107136K)->105936K(107136K) NonClass: 89945K(90624K)->89945K(90624K) Class: 15990K(16512K)->15990K(16512K)
[1641.534s][info ][gc             ] GC(44) Pause Young (Allocation Failure) 2261M->337M(2330M) 3.726ms
[1641.534s][info ][gc,cpu         ] GC(44) User=0.02s Sys=0.00s Real=0.01s
[1641.534s][info ][safepoint      ] Safepoint "ParallelGCFailedAllocation", Time since last: 2976884399 ns, Reaching safepoint: 80300 ns, Cleanup: 4000 ns, At safepoint: 3790298 ns, Total: 3874598 ns
[1642.534s][info ][safepoint      ] Safepoint "Cleanup", Time since last: 1000096224 ns, Reaching safepoint: 80600 ns, Cleanup: 11700 ns, At safepoint: 6600 ns, Total: 98900 ns
[1644.535s][info ][safepoint      ] Safepoint "Cleanup", Time since last: 2000187235 ns, Reaching safepoint: 78100 ns, Cleanup: 8400 ns, At safepoint: 6900 ns, Total: 93400 ns
[1647.535s][info ][safepoint      ] Safepoint "Cleanup", Time since last: 3000265953 ns, Reaching safepoint: 6100 ns, Cleanup: 8600 ns, At safepoint: 1900 ns, Total: 16600 ns
[1652.535s][info ][safepoint      ] Safepoint "Cleanup", Time since last: 5000390798 ns, Reaching safepoint: 5200 ns, Cleanup: 6600 ns, At safepoint: 1700 ns, Total: 13500 ns
[1657.536s][info ][safepoint      ] Safepoint "Cleanup", Time since last: 5000391807 ns, Reaching safepoint: 6400 ns, Cleanup: 8800 ns, At safepoint: 1900 ns, Total: 17100 ns
[1660.536s][info ][safepoint      ] Safepoint "Cleanup", Time since last: 3000249475 ns, Reaching safepoint: 5700 ns, Cleanup: 12600 ns, At safepoint: 1600 ns, Total: 19900 ns
[1668.536s][info ][safepoint      ] Safepoint "Cleanup", Time since last: 8000585687 ns, Reaching safepoint: 4900 ns, Cleanup: 14400 ns, At safepoint: 1900 ns, Total: 21200 ns
[1677.537s][info ][safepoint      ] Safepoint "Cleanup", Time since last: 9000681062 ns, Reaching safepoint: 5700 ns, Cleanup: 12500 ns, At safepoint: 2100 ns, Total: 20300 ns
[1681.569s][info ][safepoint      ] Safepoint "Cleanup", Time since last: 4032197945 ns, Reaching safepoint: 4500 ns, Cleanup: 12100 ns, At safepoint: 1800 ns, Total: 18400 ns
[1682.570s][info ][safepoint      ] Safepoint "Cleanup", Time since last: 1000106074 ns, Reaching safepoint: 5200 ns, Cleanup: 9500 ns, At safepoint: 1900 ns, Total: 16600 ns
[1687.570s][info ][safepoint      ] Safepoint "Cleanup", Time since last: 5000399844 ns, Reaching safepoint: 6600 ns, Cleanup: 9700 ns, At safepoint: 2000 ns, Total: 18300 ns
[1689.570s][info ][safepoint      ] Safepoint "Cleanup", Time since last: 2000174098 ns, Reaching safepoint: 5700 ns, Cleanup: 10000 ns, At safepoint: 1900 ns, Total: 17600 ns
[1692.570s][info ][safepoint      ] Safepoint "Cleanup", Time since last: 3000256174 ns, Reaching safepoint: 6500 ns, Cleanup: 16700 ns, At safepoint: 2000 ns, Total: 25200 ns
[1694.571s][info ][safepoint      ] Safepoint "Cleanup", Time since last: 2000180796 ns, Reaching safepoint: 5800 ns, Cleanup: 10000 ns, At safepoint: 1700 ns, Total: 17500 ns
[1699.839s][info ][gc,start       ] GC(45) Pause Young (Allocation Failure)
[1699.842s][debug][gc,phases      ] GC(45) Scavenge 3.496ms
[1699.843s][debug][gc,ref         ] GC(45) ReferenceProcessor::execute queues: 1, RefProcThreadModel::Single, marks_oops_alive: false
[1699.843s][debug][gc,ref         ] GC(45) Skipped KeepAliveFinalRefsPhase of Reference Processing: no references
[1699.843s][debug][gc,ref         ] GC(45) ReferenceProcessor::execute queues: 1, RefProcThreadModel::Single, marks_oops_alive: false
[1699.843s][debug][gc,phases      ] GC(45) Reference Processing 0.097ms
[1699.843s][debug][gc,phases      ] GC(45)   VM Weak                        Min:  0.0, Avg:  0.0, Max:  0.0, Diff:  0.0, Sum:  0.0, Workers: 4
[1699.843s][debug][gc,phases      ] GC(45)     Dead                           Min: 0, Avg:  0.0, Max: 0, Diff: 0, Sum: 0, Workers: 4
[1699.843s][debug][gc,phases      ] GC(45)     Total                          Min: 0, Avg: 228.2, Max: 913, Diff: 913, Sum: 913, Workers: 4
[1699.843s][debug][gc,phases      ] GC(45)   ObjectSynchronizer Weak        Min:  0.0, Avg:  0.0, Max:  0.0, Diff:  0.0, Sum:  0.0, Workers: 4
[1699.843s][debug][gc,phases      ] GC(45)     Dead                           Min: 0, Avg:  0.0, Max: 0, Diff: 0, Sum: 0, Workers: 4
[1699.843s][debug][gc,phases      ] GC(45)     Total                          Min: 0, Avg:  1.0, Max: 4, Diff: 4, Sum: 4, Workers: 4
[1699.843s][debug][gc,phases      ] GC(45)   JVMTI Tag Weak OopStorage      Min:  0.0, Avg:  0.0, Max:  0.0, Diff:  0.0, Sum:  0.0, Workers: 4
[1699.843s][debug][gc,phases      ] GC(45)     Dead                           Min: 0, Avg:  0.0, Max: 0, Diff: 0, Sum: 0, Workers: 4
[1699.843s][debug][gc,phases      ] GC(45)     Total                          Min: 0, Avg:  0.0, Max: 0, Diff: 0, Sum: 0, Workers: 4
[1699.843s][debug][gc,phases      ] GC(45)   StringTable Weak               Min:  0.0, Avg:  0.1, Max:  0.1, Diff:  0.1, Sum:  0.4, Workers: 4
[1699.843s][debug][gc,phases      ] GC(45)     Dead                           Min: 0, Avg:  0.0, Max: 0, Diff: 0, Sum: 0, Workers: 4
[1699.843s][debug][gc,phases      ] GC(45)     Total                          Min: 0, Avg: 11567.2, Max: 19647, Diff: 19647, Sum: 46269, Workers: 4
[1699.843s][debug][gc,phases      ] GC(45)   ResolvedMethodTable Weak       Min:  0.0, Avg:  0.0, Max:  0.0, Diff:  0.0, Sum:  0.1, Workers: 4
[1699.843s][debug][gc,phases      ] GC(45)     Dead                           Min: 0, Avg:  4.0, Max: 10, Diff: 10, Sum: 16, Workers: 4
[1699.843s][debug][gc,phases      ] GC(45)     Total                          Min: 0, Avg: 3742.2, Max: 6499, Diff: 6499, Sum: 14969, Workers: 4
[1699.843s][debug][gc,phases      ] GC(45)   JNI Weak                       Min:  0.0, Avg:  0.0, Max:  0.0, Diff:  0.0, Sum:  0.0, Workers: 4
[1699.843s][debug][gc,phases      ] GC(45)     Dead                           Min: 0, Avg:  0.0, Max: 0, Diff: 0, Sum: 0, Workers: 4
[1699.843s][debug][gc,phases      ] GC(45)     Total                          Min: 0, Avg: 13.0, Max: 52, Diff: 52, Sum: 52, Workers: 4
[1699.843s][debug][gc,phases      ] GC(45)   StringDedup Table Weak         Min:  0.0, Avg:  0.0, Max:  0.0, Diff:  0.0, Sum:  0.0, Workers: 4
[1699.843s][debug][gc,phases      ] GC(45)     Dead                           Min: 0, Avg:  0.0, Max: 0, Diff: 0, Sum: 0, Workers: 4
[1699.843s][debug][gc,phases      ] GC(45)     Total                          Min: 0, Avg:  0.0, Max: 0, Diff: 0, Sum: 0, Workers: 4
[1699.843s][debug][gc,phases      ] GC(45)   StringDedup Requests0 Weak     Min:  0.0, Avg:  0.0, Max:  0.0, Diff:  0.0, Sum:  0.0, Workers: 4
[1699.843s][debug][gc,phases      ] GC(45)     Dead                           Min: 0, Avg:  0.0, Max: 0, Diff: 0, Sum: 0, Workers: 4
[1699.843s][debug][gc,phases      ] GC(45)     Total                          Min: 0, Avg:  0.0, Max: 0, Diff: 0, Sum: 0, Workers: 4
[1699.843s][debug][gc,phases      ] GC(45)   StringDedup Requests1 Weak     Min:  0.0, Avg:  0.0, Max:  0.0, Diff:  0.0, Sum:  0.0, Workers: 4
[1699.843s][debug][gc,phases      ] GC(45)     Dead                           Min: 0, Avg:  0.0, Max: 0, Diff: 0, Sum: 0, Workers: 4
[1699.843s][debug][gc,phases      ] GC(45)     Total                          Min: 0, Avg:  0.0, Max: 0, Diff: 0, Sum: 0, Workers: 4
[1699.843s][debug][gc,phases      ] GC(45)   Weak JFR Old Object Samples    Min:  0.0, Avg:  0.0, Max:  0.0, Diff:  0.0, Sum:  0.0, Workers: 4
[1699.843s][debug][gc,phases      ] GC(45)     Dead                           Min: 0, Avg:  0.0, Max: 0, Diff: 0, Sum: 0, Workers: 4
[1699.843s][debug][gc,phases      ] GC(45)     Total                          Min: 0, Avg:  0.0, Max: 0, Diff: 0, Sum: 0, Workers: 4
[1699.843s][debug][gc,phases      ] GC(45) Weak Processing 0.362ms
[1699.843s][debug][gc,age         ] GC(45) Desired survivor size 50855936 bytes, new threshold 1 (max threshold 15)
[1699.843s][info ][gc,heap        ] GC(45) PSYoungGen: 1991493K(2044416K)->4208K(2040320K) Eden: 1987584K(1987584K)->0K(1987584K) From: 3909K(56832K)->4208K(52736K)
[1699.843s][info ][gc,heap        ] GC(45) ParOldGen: 341523K(342016K)->342561K(343040K)
[1699.843s][info ][gc,metaspace   ] GC(45) Metaspace: 105943K(107264K)->105943K(107264K) NonClass: 89951K(90688K)->89951K(90688K) Class: 15991K(16576K)->15991K(16576K)
[1699.843s][info ][gc             ] GC(45) Pause Young (Allocation Failure) 2278M->338M(2327M) 4.060ms
[1699.843s][info ][gc,cpu         ] GC(45) User=0.02s Sys=0.00s Real=0.01s
[1699.843s][info ][safepoint      ] Safepoint "ParallelGCFailedAllocation", Time since last: 5268264744 ns, Reaching safepoint: 6200 ns, Cleanup: 3600 ns, At safepoint: 4123798 ns, Total: 4133598 ns
[1708.844s][info ][safepoint      ] Safepoint "Cleanup", Time since last: 9000641039 ns, Reaching safepoint: 5800 ns, Cleanup: 8200 ns, At safepoint: 2100 ns, Total: 16100 ns
[1713.844s][info ][safepoint      ] Safepoint "Cleanup", Time since last: 5000381912 ns, Reaching safepoint: 5300 ns, Cleanup: 8600 ns, At safepoint: 20000 ns, Total: 33900 ns
[1717.844s][info ][safepoint      ] Safepoint "Cleanup", Time since last: 4000307502 ns, Reaching safepoint: 5100 ns, Cleanup: 23600 ns, At safepoint: 1600 ns, Total: 30300 ns
[1718.845s][info ][safepoint      ] Safepoint "Cleanup", Time since last: 1000105900 ns, Reaching safepoint: 5200 ns, Cleanup: 24900 ns, At safepoint: 1600 ns, Total: 31700 ns
[1719.845s][info ][safepoint      ] Safepoint "Cleanup", Time since last: 1000115101 ns, Reaching safepoint: 5400 ns, Cleanup: 9500 ns, At safepoint: 1800 ns, Total: 16700 ns
[1720.845s][info ][safepoint      ] Safepoint "Cleanup", Time since last: 1000097300 ns, Reaching safepoint: 6200 ns, Cleanup: 8400 ns, At safepoint: 2300 ns, Total: 16900 ns
[1721.845s][info ][safepoint      ] Safepoint "Cleanup", Time since last: 1000102300 ns, Reaching safepoint: 5500 ns, Cleanup: 15100 ns, At safepoint: 1700 ns, Total: 22300 ns
[1722.845s][info ][safepoint      ] Safepoint "Cleanup", Time since last: 1000096799 ns, Reaching safepoint: 5600 ns, Cleanup: 8000 ns, At safepoint: 1900 ns, Total: 15500 ns
[1726.845s][info ][safepoint      ] Safepoint "Cleanup", Time since last: 4000306495 ns, Reaching safepoint: 6800 ns, Cleanup: 18500 ns, At safepoint: 2200 ns, Total: 27500 ns
[1727.846s][info ][safepoint      ] Safepoint "Cleanup", Time since last: 1000101298 ns, Reaching safepoint: 5500 ns, Cleanup: 17000 ns, At safepoint: 1800 ns, Total: 24300 ns
[1728.846s][info ][safepoint      ] Safepoint "Cleanup", Time since last: 1000099599 ns, Reaching safepoint: 5300 ns, Cleanup: 9300 ns, At safepoint: 1700 ns, Total: 16300 ns
[1730.846s][info ][safepoint      ] Safepoint "Cleanup", Time since last: 2000160148 ns, Reaching safepoint: 5100 ns, Cleanup: 16000 ns, At safepoint: 1700 ns, Total: 22800 ns
[1731.846s][info ][safepoint      ] Safepoint "Cleanup", Time since last: 1000097455 ns, Reaching safepoint: 5200 ns, Cleanup: 8600 ns, At safepoint: 1900 ns, Total: 15700 ns
[1736.846s][info ][safepoint      ] Safepoint "Cleanup", Time since last: 5000386373 ns, Reaching safepoint: 6400 ns, Cleanup: 11400 ns, At safepoint: 18500 ns, Total: 36300 ns
[1737.846s][info ][safepoint      ] Safepoint "Cleanup", Time since last: 1000126359 ns, Reaching safepoint: 7100 ns, Cleanup: 12900 ns, At safepoint: 8900 ns, Total: 28900 ns
[1740.587s][info ][safepoint      ] Safepoint "Cleanup", Time since last: 2740325322 ns, Reaching safepoint: 4000 ns, Cleanup: 9599 ns, At safepoint: 2400 ns, Total: 15999 ns
[1742.587s][info ][safepoint      ] Safepoint "Cleanup", Time since last: 2000254076 ns, Reaching safepoint: 5800 ns, Cleanup: 9800 ns, At safepoint: 2200 ns, Total: 17800 ns
[1743.587s][info ][safepoint      ] Safepoint "Cleanup", Time since last: 1000109087 ns, Reaching safepoint: 6600 ns, Cleanup: 11500 ns, At safepoint: 1800 ns, Total: 19900 ns
[1745.587s][info ][safepoint      ] Safepoint "Cleanup", Time since last: 2000177875 ns, Reaching safepoint: 5800 ns, Cleanup: 9600 ns, At safepoint: 2100 ns, Total: 17500 ns
[1747.588s][info ][safepoint      ] Safepoint "Cleanup", Time since last: 2000182418 ns, Reaching safepoint: 5900 ns, Cleanup: 9900 ns, At safepoint: 2000 ns, Total: 17800 ns
[1750.588s][info ][safepoint      ] Safepoint "Cleanup", Time since last: 3000244468 ns, Reaching safepoint: 6200 ns, Cleanup: 16100 ns, At safepoint: 1600 ns, Total: 23900 ns
[1752.588s][info ][safepoint      ] Safepoint "Cleanup", Time since last: 2000204212 ns, Reaching safepoint: 6700 ns, Cleanup: 10300 ns, At safepoint: 2400 ns, Total: 19400 ns
[1753.588s][info ][safepoint      ] Safepoint "Cleanup", Time since last: 1000122357 ns, Reaching safepoint: 6600 ns, Cleanup: 9400 ns, At safepoint: 1999 ns, Total: 17999 ns
[1764.480s][info ][gc,start       ] GC(46) Pause Young (Allocation Failure)
[1764.484s][debug][gc,phases      ] GC(46) Scavenge 3.860ms
[1764.484s][debug][gc,ref         ] GC(46) ReferenceProcessor::execute queues: 1, RefProcThreadModel::Single, marks_oops_alive: false
[1764.484s][debug][gc,ref         ] GC(46) Skipped KeepAliveFinalRefsPhase of Reference Processing: no references
[1764.484s][debug][gc,ref         ] GC(46) ReferenceProcessor::execute queues: 1, RefProcThreadModel::Single, marks_oops_alive: false
[1764.484s][debug][gc,phases      ] GC(46) Reference Processing 0.102ms
[1764.484s][debug][gc,phases      ] GC(46)   VM Weak                        Min:  0.0, Avg:  0.0, Max:  0.0, Diff:  0.0, Sum:  0.0, Workers: 4
[1764.484s][debug][gc,phases      ] GC(46)     Dead                           Min: 0, Avg:  0.0, Max: 0, Diff: 0, Sum: 0, Workers: 4
[1764.484s][debug][gc,phases      ] GC(46)     Total                          Min: 0, Avg: 228.5, Max: 786, Diff: 786, Sum: 914, Workers: 4
[1764.484s][debug][gc,phases      ] GC(46)   ObjectSynchronizer Weak        Min:  0.0, Avg:  0.0, Max:  0.0, Diff:  0.0, Sum:  0.0, Workers: 4
[1764.484s][debug][gc,phases      ] GC(46)     Dead                           Min: 0, Avg:  0.0, Max: 0, Diff: 0, Sum: 0, Workers: 4
[1764.484s][debug][gc,phases      ] GC(46)     Total                          Min: 0, Avg:  1.0, Max: 4, Diff: 4, Sum: 4, Workers: 4
[1764.484s][debug][gc,phases      ] GC(46)   JVMTI Tag Weak OopStorage      Min:  0.0, Avg:  0.0, Max:  0.0, Diff:  0.0, Sum:  0.0, Workers: 4
[1764.484s][debug][gc,phases      ] GC(46)     Dead                           Min: 0, Avg:  0.0, Max: 0, Diff: 0, Sum: 0, Workers: 4
[1764.484s][debug][gc,phases      ] GC(46)     Total                          Min: 0, Avg:  0.0, Max: 0, Diff: 0, Sum: 0, Workers: 4
[1764.484s][debug][gc,phases      ] GC(46)   StringTable Weak               Min:  0.0, Avg:  0.1, Max:  0.1, Diff:  0.1, Sum:  0.4, Workers: 4
[1764.484s][debug][gc,phases      ] GC(46)     Dead                           Min: 0, Avg:  0.8, Max: 3, Diff: 3, Sum: 3, Workers: 4
[1764.484s][debug][gc,phases      ] GC(46)     Total                          Min: 0, Avg: 11573.0, Max: 19520, Diff: 19520, Sum: 46292, Workers: 4
[1764.484s][debug][gc,phases      ] GC(46)   ResolvedMethodTable Weak       Min:  0.0, Avg:  0.0, Max:  0.0, Diff:  0.0, Sum:  0.1, Workers: 4
[1764.484s][debug][gc,phases      ] GC(46)     Dead                           Min: 0, Avg:  5.0, Max: 16, Diff: 16, Sum: 20, Workers: 4
[1764.484s][debug][gc,phases      ] GC(46)     Total                          Min: 0, Avg: 3750.0, Max: 6293, Diff: 6293, Sum: 15000, Workers: 4
[1764.484s][debug][gc,phases      ] GC(46)   JNI Weak                       Min:  0.0, Avg:  0.0, Max:  0.0, Diff:  0.0, Sum:  0.0, Workers: 4
[1764.484s][debug][gc,phases      ] GC(46)     Dead                           Min: 0, Avg:  0.0, Max: 0, Diff: 0, Sum: 0, Workers: 4
[1764.484s][debug][gc,phases      ] GC(46)     Total                          Min: 0, Avg: 13.0, Max: 52, Diff: 52, Sum: 52, Workers: 4
[1764.484s][debug][gc,phases      ] GC(46)   StringDedup Table Weak         Min:  0.0, Avg:  0.0, Max:  0.0, Diff:  0.0, Sum:  0.0, Workers: 4
[1764.484s][debug][gc,phases      ] GC(46)     Dead                           Min: 0, Avg:  0.0, Max: 0, Diff: 0, Sum: 0, Workers: 4
[1764.484s][debug][gc,phases      ] GC(46)     Total                          Min: 0, Avg:  0.0, Max: 0, Diff: 0, Sum: 0, Workers: 4
[1764.484s][debug][gc,phases      ] GC(46)   StringDedup Requests0 Weak     Min:  0.0, Avg:  0.0, Max:  0.0, Diff:  0.0, Sum:  0.0, Workers: 4
[1764.484s][debug][gc,phases      ] GC(46)     Dead                           Min: 0, Avg:  0.0, Max: 0, Diff: 0, Sum: 0, Workers: 4
[1764.484s][debug][gc,phases      ] GC(46)     Total                          Min: 0, Avg:  0.0, Max: 0, Diff: 0, Sum: 0, Workers: 4
[1764.484s][debug][gc,phases      ] GC(46)   StringDedup Requests1 Weak     Min:  0.0, Avg:  0.0, Max:  0.0, Diff:  0.0, Sum:  0.0, Workers: 4
[1764.484s][debug][gc,phases      ] GC(46)     Dead                           Min: 0, Avg:  0.0, Max: 0, Diff: 0, Sum: 0, Workers: 4
[1764.484s][debug][gc,phases      ] GC(46)     Total                          Min: 0, Avg:  0.0, Max: 0, Diff: 0, Sum: 0, Workers: 4
[1764.484s][debug][gc,phases      ] GC(46)   Weak JFR Old Object Samples    Min:  0.0, Avg:  0.0, Max:  0.0, Diff:  0.0, Sum:  0.0, Workers: 4
[1764.484s][debug][gc,phases      ] GC(46)     Dead                           Min: 0, Avg:  0.0, Max: 0, Diff: 0, Sum: 0, Workers: 4
[1764.484s][debug][gc,phases      ] GC(46)     Total                          Min: 0, Avg:  0.0, Max: 0, Diff: 0, Sum: 0, Workers: 4
[1764.484s][debug][gc,phases      ] GC(46) Weak Processing 0.363ms
[1764.484s][debug][gc,age         ] GC(46) Desired survivor size 47185920 bytes, new threshold 1 (max threshold 15)
[1764.484s][info ][gc,heap        ] GC(46) PSYoungGen: 1991792K(2040320K)->4469K(2051072K) Eden: 1987584K(1987584K)->0K(2001408K) From: 4208K(52736K)->4469K(49664K)
[1764.484s][info ][gc,heap        ] GC(46) ParOldGen: 342561K(343040K)->343501K(343552K)
[1764.484s][info ][gc,metaspace   ] GC(46) Metaspace: 106046K(107328K)->106046K(107328K) NonClass: 90044K(90752K)->90044K(90752K) Class: 16001K(16576K)->16001K(16576K)
[1764.484s][info ][gc             ] GC(46) Pause Young (Allocation Failure) 2279M->339M(2338M) 4.449ms
[1764.484s][info ][gc,cpu         ] GC(46) User=0.01s Sys=0.00s Real=0.01s
[1764.484s][info ][safepoint      ] Safepoint "ParallelGCFailedAllocation", Time since last: 10891710181 ns, Reaching safepoint: 6600 ns, Cleanup: 3900 ns, At safepoint: 4511398 ns, Total: 4521898 ns
[1768.485s][info ][safepoint      ] Safepoint "Cleanup", Time since last: 4000350979 ns, Reaching safepoint: 5800 ns, Cleanup: 8700 ns, At safepoint: 2100 ns, Total: 16600 ns
[1771.485s][info ][safepoint      ] Safepoint "Cleanup", Time since last: 3000252002 ns, Reaching safepoint: 5900 ns, Cleanup: 13800 ns, At safepoint: 1900 ns, Total: 21600 ns
[1772.485s][info ][safepoint      ] Safepoint "Cleanup", Time since last: 1000107508 ns, Reaching safepoint: 5800 ns, Cleanup: 8800 ns, At safepoint: 1800 ns, Total: 16400 ns
[1779.486s][info ][safepoint      ] Safepoint "Cleanup", Time since last: 7000537120 ns, Reaching safepoint: 79400 ns, Cleanup: 7600 ns, At safepoint: 7200 ns, Total: 94200 ns
[1780.486s][info ][safepoint      ] Safepoint "Cleanup", Time since last: 1000112423 ns, Reaching safepoint: 82200 ns, Cleanup: 7800 ns, At safepoint: 6800 ns, Total: 96800 ns
[1784.487s][info ][safepoint      ] Safepoint "Cleanup", Time since last: 4000322788 ns, Reaching safepoint: 81100 ns, Cleanup: 15000 ns, At safepoint: 8700 ns, Total: 104800 ns
[1785.487s][info ][safepoint      ] Safepoint "Cleanup", Time since last: 1000110622 ns, Reaching safepoint: 6500 ns, Cleanup: 29300 ns, At safepoint: 2100 ns, Total: 37900 ns
[1788.487s][info ][safepoint      ] Safepoint "Cleanup", Time since last: 3000245908 ns, Reaching safepoint: 5700 ns, Cleanup: 10200 ns, At safepoint: 1500 ns, Total: 17400 ns
[1789.487s][info ][safepoint      ] Safepoint "Cleanup", Time since last: 1000111813 ns, Reaching safepoint: 6200 ns, Cleanup: 26500 ns, At safepoint: 2300 ns, Total: 35000 ns
[1791.487s][info ][safepoint      ] Safepoint "Cleanup", Time since last: 2000183326 ns, Reaching safepoint: 6300 ns, Cleanup: 11700 ns, At safepoint: 2000 ns, Total: 20000 ns
[1793.487s][info ][safepoint      ] Safepoint "Cleanup", Time since last: 2000174927 ns, Reaching safepoint: 6700 ns, Cleanup: 9100 ns, At safepoint: 1600 ns, Total: 17400 ns
[1796.488s][info ][safepoint      ] Safepoint "Cleanup", Time since last: 3000243809 ns, Reaching safepoint: 6300 ns, Cleanup: 16800 ns, At safepoint: 2300 ns, Total: 25400 ns
[1797.488s][info ][safepoint      ] Safepoint "Cleanup", Time since last: 1000117113 ns, Reaching safepoint: 6100 ns, Cleanup: 20800 ns, At safepoint: 2100 ns, Total: 29000 ns
[1799.488s][info ][safepoint      ] Safepoint "Cleanup", Time since last: 2000194827 ns, Reaching safepoint: 5900 ns, Cleanup: 13400 ns, At safepoint: 2300 ns, Total: 21600 ns
[1800.606s][info ][safepoint      ] Safepoint "Cleanup", Time since last: 1118074356 ns, Reaching safepoint: 3700 ns, Cleanup: 38400 ns, At safepoint: 1600 ns, Total: 43700 ns
[1801.606s][info ][safepoint      ] Safepoint "Cleanup", Time since last: 1000166413 ns, Reaching safepoint: 6600 ns, Cleanup: 11600 ns, At safepoint: 2300 ns, Total: 20500 ns
[1802.607s][info ][safepoint      ] Safepoint "Cleanup", Time since last: 1000102208 ns, Reaching safepoint: 7400 ns, Cleanup: 11700 ns, At safepoint: 2300 ns, Total: 21400 ns
[1804.607s][info ][safepoint      ] Safepoint "Cleanup", Time since last: 2000167512 ns, Reaching safepoint: 7400 ns, Cleanup: 10200 ns, At safepoint: 2100 ns, Total: 19700 ns
[1806.607s][info ][safepoint      ] Safepoint "Cleanup", Time since last: 2000224913 ns, Reaching safepoint: 7700 ns, Cleanup: 14000 ns, At safepoint: 2600 ns, Total: 24300 ns
[1808.607s][info ][safepoint      ] Safepoint "Cleanup", Time since last: 2000176913 ns, Reaching safepoint: 7200 ns, Cleanup: 10800 ns, At safepoint: 2300 ns, Total: 20300 ns
[1809.607s][info ][safepoint      ] Safepoint "Cleanup", Time since last: 1000099956 ns, Reaching safepoint: 7200 ns, Cleanup: 10000 ns, At safepoint: 2200 ns, Total: 19400 ns
[1811.607s][info ][safepoint      ] Safepoint "Cleanup", Time since last: 2000166514 ns, Reaching safepoint: 7000 ns, Cleanup: 10700 ns, At safepoint: 2400 ns, Total: 20100 ns
[1816.608s][info ][safepoint      ] Safepoint "Cleanup", Time since last: 5000369288 ns, Reaching safepoint: 6700 ns, Cleanup: 9700 ns, At safepoint: 2100 ns, Total: 18500 ns
[1817.608s][info ][safepoint      ] Safepoint "Cleanup", Time since last: 1000108277 ns, Reaching safepoint: 7300 ns, Cleanup: 12200 ns, At safepoint: 2600 ns, Total: 22100 ns
[1822.608s][info ][safepoint      ] Safepoint "Cleanup", Time since last: 5000354267 ns, Reaching safepoint: 6200 ns, Cleanup: 8800 ns, At safepoint: 2100 ns, Total: 17100 ns
[1826.632s][info ][gc,start       ] GC(47) Pause Young (Allocation Failure)
[1826.636s][debug][gc,phases      ] GC(47) Scavenge 4.029ms
[1826.637s][debug][gc,ref         ] GC(47) ReferenceProcessor::execute queues: 1, RefProcThreadModel::Single, marks_oops_alive: false
[1826.637s][debug][gc,ref         ] GC(47) Skipped KeepAliveFinalRefsPhase of Reference Processing: no references
[1826.637s][debug][gc,ref         ] GC(47) ReferenceProcessor::execute queues: 1, RefProcThreadModel::Single, marks_oops_alive: false
[1826.637s][debug][gc,phases      ] GC(47) Reference Processing 0.121ms
[1826.637s][debug][gc,phases      ] GC(47)   VM Weak                        Min:  0.0, Avg:  0.0, Max:  0.0, Diff:  0.0, Sum:  0.0, Workers: 4
[1826.637s][debug][gc,phases      ] GC(47)     Dead                           Min: 0, Avg:  0.0, Max: 0, Diff: 0, Sum: 0, Workers: 4
[1826.637s][debug][gc,phases      ] GC(47)     Total                          Min: 0, Avg: 228.5, Max: 512, Diff: 512, Sum: 914, Workers: 4
[1826.637s][debug][gc,phases      ] GC(47)   ObjectSynchronizer Weak        Min:  0.0, Avg:  0.0, Max:  0.0, Diff:  0.0, Sum:  0.0, Workers: 4
[1826.637s][debug][gc,phases      ] GC(47)     Dead                           Min: 0, Avg:  0.0, Max: 0, Diff: 0, Sum: 0, Workers: 4
[1826.637s][debug][gc,phases      ] GC(47)     Total                          Min: 0, Avg:  1.0, Max: 4, Diff: 4, Sum: 4, Workers: 4
[1826.637s][debug][gc,phases      ] GC(47)   JVMTI Tag Weak OopStorage      Min:  0.0, Avg:  0.0, Max:  0.0, Diff:  0.0, Sum:  0.0, Workers: 4
[1826.637s][debug][gc,phases      ] GC(47)     Dead                           Min: 0, Avg:  0.0, Max: 0, Diff: 0, Sum: 0, Workers: 4
[1826.637s][debug][gc,phases      ] GC(47)     Total                          Min: 0, Avg:  0.0, Max: 0, Diff: 0, Sum: 0, Workers: 4
[1826.637s][debug][gc,phases      ] GC(47)   StringTable Weak               Min:  0.0, Avg:  0.1, Max:  0.2, Diff:  0.2, Sum:  0.5, Workers: 4
[1826.637s][debug][gc,phases      ] GC(47)     Dead                           Min: 0, Avg:  0.5, Max: 2, Diff: 2, Sum: 2, Workers: 4
[1826.637s][debug][gc,phases      ] GC(47)     Total                          Min: 0, Avg: 11585.0, Max: 15808, Diff: 15808, Sum: 46340, Workers: 4
[1826.637s][debug][gc,phases      ] GC(47)   ResolvedMethodTable Weak       Min:  0.0, Avg:  0.0, Max:  0.0, Diff:  0.0, Sum:  0.2, Workers: 4
[1826.637s][debug][gc,phases      ] GC(47)     Dead                           Min: 3, Avg:  8.8, Max: 17, Diff: 14, Sum: 35, Workers: 4
[1826.637s][debug][gc,phases      ] GC(47)     Total                          Min: 2397, Avg: 3762.2, Max: 4370, Diff: 1973, Sum: 15049, Workers: 4
[1826.637s][debug][gc,phases      ] GC(47)   JNI Weak                       Min:  0.0, Avg:  0.0, Max:  0.0, Diff:  0.0, Sum:  0.0, Workers: 4
[1826.637s][debug][gc,phases      ] GC(47)     Dead                           Min: 0, Avg:  0.0, Max: 0, Diff: 0, Sum: 0, Workers: 4
[1826.637s][debug][gc,phases      ] GC(47)     Total                          Min: 0, Avg: 13.0, Max: 52, Diff: 52, Sum: 52, Workers: 4
[1826.637s][debug][gc,phases      ] GC(47)   StringDedup Table Weak         Min:  0.0, Avg:  0.0, Max:  0.0, Diff:  0.0, Sum:  0.0, Workers: 4
[1826.637s][debug][gc,phases      ] GC(47)     Dead                           Min: 0, Avg:  0.0, Max: 0, Diff: 0, Sum: 0, Workers: 4
[1826.637s][debug][gc,phases      ] GC(47)     Total                          Min: 0, Avg:  0.0, Max: 0, Diff: 0, Sum: 0, Workers: 4
[1826.637s][debug][gc,phases      ] GC(47)   StringDedup Requests0 Weak     Min:  0.0, Avg:  0.0, Max:  0.0, Diff:  0.0, Sum:  0.0, Workers: 4
[1826.637s][debug][gc,phases      ] GC(47)     Dead                           Min: 0, Avg:  0.0, Max: 0, Diff: 0, Sum: 0, Workers: 4
[1826.637s][debug][gc,phases      ] GC(47)     Total                          Min: 0, Avg:  0.0, Max: 0, Diff: 0, Sum: 0, Workers: 4
[1826.637s][debug][gc,phases      ] GC(47)   StringDedup Requests1 Weak     Min:  0.0, Avg:  0.0, Max:  0.0, Diff:  0.0, Sum:  0.0, Workers: 4
[1826.637s][debug][gc,phases      ] GC(47)     Dead                           Min: 0, Avg:  0.0, Max: 0, Diff: 0, Sum: 0, Workers: 4
[1826.637s][debug][gc,phases      ] GC(47)     Total                          Min: 0, Avg:  0.0, Max: 0, Diff: 0, Sum: 0, Workers: 4
[1826.637s][debug][gc,phases      ] GC(47)   Weak JFR Old Object Samples    Min:  0.0, Avg:  0.0, Max:  0.0, Diff:  0.0, Sum:  0.0, Workers: 4
[1826.637s][debug][gc,phases      ] GC(47)     Dead                           Min: 0, Avg:  0.0, Max: 0, Diff: 0, Sum: 0, Workers: 4
[1826.637s][debug][gc,phases      ] GC(47)     Total                          Min: 0, Avg:  0.0, Max: 0, Diff: 0, Sum: 0, Workers: 4
[1826.637s][debug][gc,phases      ] GC(47) Weak Processing 0.475ms
[1826.637s][debug][gc,age         ] GC(47) Desired survivor size 44040192 bytes, new threshold 1 (max threshold 15)
[1826.637s][info ][gc,heap        ] GC(47) PSYoungGen: 2005877K(2051072K)->4456K(2047488K) Eden: 2001408K(2001408K)->0K(2001408K) From: 4469K(49664K)->4456K(46080K)
[1826.637s][info ][gc,heap        ] GC(47) ParOldGen: 343501K(343552K)->345010K(345088K)
[1826.637s][info ][gc,metaspace   ] GC(47) Metaspace: 106154K(107392K)->106154K(107392K) NonClass: 90136K(90816K)->90136K(90816K) Class: 16018K(16576K)->16018K(16576K)
[1826.637s][info ][gc             ] GC(47) Pause Young (Allocation Failure) 2294M->341M(2336M) 4.747ms
[1826.637s][info ][gc,cpu         ] GC(47) User=0.02s Sys=0.00s Real=0.00s
[1826.637s][info ][safepoint      ] Safepoint "ParallelGCFailedAllocation", Time since last: 4023973930 ns, Reaching safepoint: 7500 ns, Cleanup: 3700 ns, At safepoint: 4821398 ns, Total: 4832598 ns
[1827.637s][info ][safepoint      ] Safepoint "Cleanup", Time since last: 1000086933 ns, Reaching safepoint: 6100 ns, Cleanup: 8800 ns, At safepoint: 1800 ns, Total: 16700 ns
[1829.638s][info ][safepoint      ] Safepoint "Cleanup", Time since last: 2000175667 ns, Reaching safepoint: 6800 ns, Cleanup: 13100 ns, At safepoint: 28500 ns, Total: 48400 ns
[1831.638s][info ][safepoint      ] Safepoint "Cleanup", Time since last: 2000169566 ns, Reaching safepoint: 6800 ns, Cleanup: 24400 ns, At safepoint: 2000 ns, Total: 33200 ns
[1832.638s][info ][safepoint      ] Safepoint "Cleanup", Time since last: 1000101233 ns, Reaching safepoint: 6200 ns, Cleanup: 12000 ns, At safepoint: 1800 ns, Total: 20000 ns
[1833.638s][info ][safepoint      ] Safepoint "Cleanup", Time since last: 1000120433 ns, Reaching safepoint: 6800 ns, Cleanup: 31000 ns, At safepoint: 2500 ns, Total: 40300 ns
[1834.638s][info ][safepoint      ] Safepoint "Cleanup", Time since last: 1000115616 ns, Reaching safepoint: 6900 ns, Cleanup: 9900 ns, At safepoint: 2000 ns, Total: 18800 ns
[1838.638s][info ][safepoint      ] Safepoint "Cleanup", Time since last: 4000337445 ns, Reaching safepoint: 6600 ns, Cleanup: 10600 ns, At safepoint: 2200 ns, Total: 19400 ns
[1839.639s][info ][safepoint      ] Safepoint "Cleanup", Time since last: 1000104711 ns, Reaching safepoint: 5900 ns, Cleanup: 8000 ns, At safepoint: 1700 ns, Total: 15600 ns
[1840.639s][info ][safepoint      ] Safepoint "Cleanup", Time since last: 1000119811 ns, Reaching safepoint: 6800 ns, Cleanup: 8500 ns, At safepoint: 1800 ns, Total: 17100 ns
[1842.639s][info ][safepoint      ] Safepoint "Cleanup", Time since last: 2000178082 ns, Reaching safepoint: 5900 ns, Cleanup: 21800 ns, At safepoint: 1700 ns, Total: 29400 ns
[1843.639s][info ][safepoint      ] Safepoint "Cleanup", Time since last: 1000110802 ns, Reaching safepoint: 6500 ns, Cleanup: 34800 ns, At safepoint: 2500 ns, Total: 43800 ns
[1850.640s][info ][safepoint      ] Safepoint "Cleanup", Time since last: 7000512923 ns, Reaching safepoint: 5600 ns, Cleanup: 6700 ns, At safepoint: 2200 ns, Total: 14500 ns
[1852.640s][info ][safepoint      ] Safepoint "Cleanup", Time since last: 2000186429 ns, Reaching safepoint: 5900 ns, Cleanup: 10200 ns, At safepoint: 2100 ns, Total: 18200 ns
[1856.640s][info ][safepoint      ] Safepoint "Cleanup", Time since last: 4000319802 ns, Reaching safepoint: 5600 ns, Cleanup: 8100 ns, At safepoint: 2000 ns, Total: 15700 ns
[1857.640s][info ][safepoint      ] Safepoint "Cleanup", Time since last: 1000107799 ns, Reaching safepoint: 6100 ns, Cleanup: 7900 ns, At safepoint: 1900 ns, Total: 15900 ns
[1859.641s][info ][safepoint      ] Safepoint "Cleanup", Time since last: 2000177676 ns, Reaching safepoint: 78400 ns, Cleanup: 9200 ns, At safepoint: 8000 ns, Total: 95600 ns
[1861.626s][info ][safepoint      ] Safepoint "Cleanup", Time since last: 1985721080 ns, Reaching safepoint: 5300 ns, Cleanup: 12700 ns, At safepoint: 1800 ns, Total: 19800 ns
[1869.627s][info ][safepoint      ] Safepoint "Cleanup", Time since last: 8000599541 ns, Reaching safepoint: 5700 ns, Cleanup: 8400 ns, At safepoint: 1700 ns, Total: 15800 ns
[1871.627s][info ][safepoint      ] Safepoint "Cleanup", Time since last: 2000180546 ns, Reaching safepoint: 5500 ns, Cleanup: 37400 ns, At safepoint: 1600 ns, Total: 44500 ns
[1872.627s][info ][safepoint      ] Safepoint "Cleanup", Time since last: 1000108874 ns, Reaching safepoint: 5800 ns, Cleanup: 22300 ns, At safepoint: 2200 ns, Total: 30300 ns
[1873.627s][info ][safepoint      ] Safepoint "Cleanup", Time since last: 1000110273 ns, Reaching safepoint: 6800 ns, Cleanup: 10300 ns, At safepoint: 1800 ns, Total: 18900 ns
[1874.628s][info ][safepoint      ] Safepoint "Cleanup", Time since last: 1000106771 ns, Reaching safepoint: 5500 ns, Cleanup: 7800 ns, At safepoint: 2000 ns, Total: 15300 ns
[1876.628s][info ][safepoint      ] Safepoint "Cleanup", Time since last: 2000176141 ns, Reaching safepoint: 5200 ns, Cleanup: 10300 ns, At safepoint: 1600 ns, Total: 17100 ns
[1877.628s][info ][safepoint      ] Safepoint "Cleanup", Time since last: 1000111370 ns, Reaching safepoint: 6500 ns, Cleanup: 34500 ns, At safepoint: 2100 ns, Total: 43100 ns
[1878.628s][info ][safepoint      ] Safepoint "Cleanup", Time since last: 1000112871 ns, Reaching safepoint: 6000 ns, Cleanup: 13100 ns, At safepoint: 1800 ns, Total: 20900 ns
[1879.628s][info ][safepoint      ] Safepoint "Cleanup", Time since last: 1000107870 ns, Reaching safepoint: 6000 ns, Cleanup: 12500 ns, At safepoint: 1800 ns, Total: 20300 ns
[1882.431s][info ][gc,start       ] GC(48) Pause Young (Allocation Failure)
[1882.435s][debug][gc,phases      ] GC(48) Scavenge 4.626ms
[1882.435s][debug][gc,ref         ] GC(48) ReferenceProcessor::execute queues: 1, RefProcThreadModel::Single, marks_oops_alive: false
[1882.435s][debug][gc,ref         ] GC(48) Skipped KeepAliveFinalRefsPhase of Reference Processing: no references
[1882.435s][debug][gc,ref         ] GC(48) ReferenceProcessor::execute queues: 1, RefProcThreadModel::Single, marks_oops_alive: false
[1882.435s][debug][gc,phases      ] GC(48) Reference Processing 0.105ms
[1882.436s][debug][gc,phases      ] GC(48)   VM Weak                        Min:  0.0, Avg:  0.0, Max:  0.0, Diff:  0.0, Sum:  0.0, Workers: 4
[1882.436s][debug][gc,phases      ] GC(48)     Dead                           Min: 0, Avg:  0.0, Max: 0, Diff: 0, Sum: 0, Workers: 4
[1882.436s][debug][gc,phases      ] GC(48)     Total                          Min: 0, Avg: 228.5, Max: 512, Diff: 512, Sum: 914, Workers: 4
[1882.436s][debug][gc,phases      ] GC(48)   ObjectSynchronizer Weak        Min:  0.0, Avg:  0.0, Max:  0.0, Diff:  0.0, Sum:  0.0, Workers: 4
[1882.436s][debug][gc,phases      ] GC(48)     Dead                           Min: 0, Avg:  0.0, Max: 0, Diff: 0, Sum: 0, Workers: 4
[1882.436s][debug][gc,phases      ] GC(48)     Total                          Min: 0, Avg:  1.0, Max: 4, Diff: 4, Sum: 4, Workers: 4
[1882.436s][debug][gc,phases      ] GC(48)   JVMTI Tag Weak OopStorage      Min:  0.0, Avg:  0.0, Max:  0.0, Diff:  0.0, Sum:  0.0, Workers: 4
[1882.436s][debug][gc,phases      ] GC(48)     Dead                           Min: 0, Avg:  0.0, Max: 0, Diff: 0, Sum: 0, Workers: 4
[1882.436s][debug][gc,phases      ] GC(48)     Total                          Min: 0, Avg:  0.0, Max: 0, Diff: 0, Sum: 0, Workers: 4
[1882.436s][debug][gc,phases      ] GC(48)   StringTable Weak               Min:  0.0, Avg:  0.1, Max:  0.1, Diff:  0.1, Sum:  0.4, Workers: 4
[1882.436s][debug][gc,phases      ] GC(48)     Dead                           Min: 0, Avg:  0.2, Max: 1, Diff: 1, Sum: 1, Workers: 4
[1882.436s][debug][gc,phases      ] GC(48)     Total                          Min: 0, Avg: 11592.5, Max: 19776, Diff: 19776, Sum: 46370, Workers: 4
[1882.436s][debug][gc,phases      ] GC(48)   ResolvedMethodTable Weak       Min:  0.0, Avg:  0.0, Max:  0.0, Diff:  0.0, Sum:  0.1, Workers: 4
[1882.436s][debug][gc,phases      ] GC(48)     Dead                           Min: 0, Avg:  7.2, Max: 25, Diff: 25, Sum: 29, Workers: 4
[1882.436s][debug][gc,phases      ] GC(48)     Total                          Min: 0, Avg: 3772.0, Max: 6458, Diff: 6458, Sum: 15088, Workers: 4
[1882.436s][debug][gc,phases      ] GC(48)   JNI Weak                       Min:  0.0, Avg:  0.0, Max:  0.0, Diff:  0.0, Sum:  0.0, Workers: 4
[1882.436s][debug][gc,phases      ] GC(48)     Dead                           Min: 0, Avg:  0.0, Max: 0, Diff: 0, Sum: 0, Workers: 4
[1882.436s][debug][gc,phases      ] GC(48)     Total                          Min: 0, Avg: 13.0, Max: 52, Diff: 52, Sum: 52, Workers: 4
[1882.436s][debug][gc,phases      ] GC(48)   StringDedup Table Weak         Min:  0.0, Avg:  0.0, Max:  0.0, Diff:  0.0, Sum:  0.0, Workers: 4
[1882.436s][debug][gc,phases      ] GC(48)     Dead                           Min: 0, Avg:  0.0, Max: 0, Diff: 0, Sum: 0, Workers: 4
[1882.436s][debug][gc,phases      ] GC(48)     Total                          Min: 0, Avg:  0.0, Max: 0, Diff: 0, Sum: 0, Workers: 4
[1882.436s][debug][gc,phases      ] GC(48)   StringDedup Requests0 Weak     Min:  0.0, Avg:  0.0, Max:  0.0, Diff:  0.0, Sum:  0.0, Workers: 4
[1882.436s][debug][gc,phases      ] GC(48)     Dead                           Min: 0, Avg:  0.0, Max: 0, Diff: 0, Sum: 0, Workers: 4
[1882.436s][debug][gc,phases      ] GC(48)     Total                          Min: 0, Avg:  0.0, Max: 0, Diff: 0, Sum: 0, Workers: 4
[1882.436s][debug][gc,phases      ] GC(48)   StringDedup Requests1 Weak     Min:  0.0, Avg:  0.0, Max:  0.0, Diff:  0.0, Sum:  0.0, Workers: 4
[1882.436s][debug][gc,phases      ] GC(48)     Dead                           Min: 0, Avg:  0.0, Max: 0, Diff: 0, Sum: 0, Workers: 4
[1882.436s][debug][gc,phases      ] GC(48)     Total                          Min: 0, Avg:  0.0, Max: 0, Diff: 0, Sum: 0, Workers: 4
[1882.436s][debug][gc,phases      ] GC(48)   Weak JFR Old Object Samples    Min:  0.0, Avg:  0.0, Max:  0.0, Diff:  0.0, Sum:  0.0, Workers: 4
[1882.436s][debug][gc,phases      ] GC(48)     Dead                           Min: 0, Avg:  0.0, Max: 0, Diff: 0, Sum: 0, Workers: 4
[1882.436s][debug][gc,phases      ] GC(48)     Total                          Min: 0, Avg:  0.0, Max: 0, Diff: 0, Sum: 0, Workers: 4
[1882.436s][debug][gc,phases      ] GC(48) Weak Processing 0.340ms
[1882.436s][debug][gc,age         ] GC(48) Desired survivor size 40894464 bytes, new threshold 1 (max threshold 15)
[1882.436s][info ][gc,heap        ] GC(48) PSYoungGen: 2005864K(2047488K)->3540K(2057216K) Eden: 2001408K(2001408K)->0K(2014208K) From: 4456K(46080K)->3540K(43008K)
[1882.436s][info ][gc,heap        ] GC(48) ParOldGen: 345010K(345088K)->346875K(347136K)
[1882.436s][info ][gc,metaspace   ] GC(48) Metaspace: 106285K(107584K)->106285K(107584K) NonClass: 90252K(91008K)->90252K(91008K) Class: 16033K(16576K)->16033K(16576K)
[1882.436s][info ][gc             ] GC(48) Pause Young (Allocation Failure) 2295M->342M(2348M) 5.183ms
[1882.436s][info ][gc,cpu         ] GC(48) User=0.02s Sys=0.00s Real=0.01s
[1882.436s][info ][safepoint      ] Safepoint "ParallelGCFailedAllocation", Time since last: 2802398973 ns, Reaching safepoint: 80000 ns, Cleanup: 3400 ns, At safepoint: 5247997 ns, Total: 5331397 ns
[1883.436s][info ][safepoint      ] Safepoint "Cleanup", Time since last: 1000082989 ns, Reaching safepoint: 5500 ns, Cleanup: 14000 ns, At safepoint: 2100 ns, Total: 21600 ns
[1884.436s][info ][safepoint      ] Safepoint "Cleanup", Time since last: 1000112389 ns, Reaching safepoint: 5800 ns, Cleanup: 9600 ns, At safepoint: 1700 ns, Total: 17100 ns
[1885.436s][info ][safepoint      ] Safepoint "Cleanup", Time since last: 1000109890 ns, Reaching safepoint: 5500 ns, Cleanup: 40900 ns, At safepoint: 5700 ns, Total: 52100 ns
[1913.439s][info ][safepoint      ] Safepoint "Cleanup", Time since last: 28002240862 ns, Reaching safepoint: 5700 ns, Cleanup: 9500 ns, At safepoint: 2200 ns, Total: 17400 ns
[1925.646s][info ][safepoint      ] Safepoint "Cleanup", Time since last: 12207199318 ns, Reaching safepoint: 6100 ns, Cleanup: 11400 ns, At safepoint: 23800 ns, Total: 41300 ns
[1937.647s][info ][safepoint      ] Safepoint "Cleanup", Time since last: 12000960009 ns, Reaching safepoint: 7000 ns, Cleanup: 10300 ns, At safepoint: 2200 ns, Total: 19500 ns
[1945.647s][info ][safepoint      ] Safepoint "Cleanup", Time since last: 8000703344 ns, Reaching safepoint: 7100 ns, Cleanup: 13100 ns, At safepoint: 2100 ns, Total: 22300 ns
[1980.650s][info ][safepoint      ] Safepoint "Cleanup", Time since last: 35002837047 ns, Reaching safepoint: 6700 ns, Cleanup: 8200 ns, At safepoint: 1900 ns, Total: 16800 ns
[2005.653s][info ][safepoint      ] Safepoint "Cleanup", Time since last: 25002153945 ns, Reaching safepoint: 6200 ns, Cleanup: 10000 ns, At safepoint: 28200 ns, Total: 44400 ns
[2005.983s][info ][safepoint      ] Safepoint "JFRCheckpoint", Time since last: 330298159 ns, Reaching safepoint: 76300 ns, Cleanup: 17600 ns, At safepoint: 18100 ns, Total: 112000 ns
[2005.985s][info ][gc,heap,exit   ] Heap
[2005.985s][info ][gc,heap,exit   ]  PSYoungGen      total 2057216K, used 278322K [0x0000000780000000, 0x0000000800000000, 0x0000000800000000)
[2005.985s][info ][gc,heap,exit   ]   eden space 2014208K, 13% used [0x0000000780000000,0x0000000790c57868,0x00000007faf00000)
[2005.985s][info ][gc,heap,exit   ]   from space 43008K, 8% used [0x00000007fd600000,0x00000007fd975320,0x0000000800000000)
[2005.985s][info ][gc,heap,exit   ]   to   space 39936K, 0% used [0x00000007faf00000,0x00000007faf00000,0x00000007fd600000)
[2005.985s][info ][gc,heap,exit   ]  ParOldGen       total 347136K, used 346875K [0x00000006c0000000, 0x00000006d5300000, 0x0000000780000000)
[2005.985s][info ][gc,heap,exit   ]   object space 347136K, 99% used [0x00000006c0000000,0x00000006d52bef18,0x00000006d5300000)
[2005.985s][info ][gc,heap,exit   ]  Metaspace       used 106391K, committed 107584K, reserved 1179648K
[2005.985s][info ][gc,heap,exit   ]   class space    used 16047K, committed 16576K, reserved 1048576K
