[0.005s][info][gc,init] CardTable entry size: 512
[0.005s][info][gc     ] Using Parallel
[0.007s][info][gc,init] Version: 21.0.6+7-LTS (release)
[0.007s][info][gc,init] CPUs: 4 total, 4 available
[0.007s][info][gc,init] Memory: 15991M
[0.007s][info][gc,init] Large Page Support: Disabled
[0.007s][info][gc,init] NUMA Support: Disabled
[0.007s][info][gc,init] Compressed Oops: Enabled (Zero based)
[0.007s][info][gc,init] Alignments: Space 512K, Generation 512K, Heap 2M
[0.007s][info][gc,init] Heap Min Capacity: 2054M
[0.007s][info][gc,init] Heap Initial Capacity: 2054M
[0.007s][info][gc,init] Heap Max Capacity: 5G
[0.007s][info][gc,init] Pre-touch: Disabled
[0.007s][info][gc,init] Parallel Workers: 4
[0.016s][info][gc,metaspace] CDS archive(s) mapped at: [0x00007ff451000000-0x00007ff451c97000-0x00007ff451c97000), size 13201408, SharedBaseAddress: 0x00007ff451000000, ArchiveRelocationMode: 1.
[0.016s][info][gc,metaspace] Compressed class space mapped at: 0x00007ff452000000-0x00007ff492000000, reserved size: 1073741824
[0.016s][info][gc,metaspace] Narrow klass base: 0x00007ff451000000, Narrow klass shift: 0, Narrow klass range: 0x100000000
[0.251s][info][safepoint   ] Safepoint "ICBufferFull", Time since last: 227865018 ns, Reaching safepoint: 3601 ns, Cleanup: 94408 ns, At safepoint: 6300 ns, Total: 104309 ns
[0.403s][info][safepoint   ] Safepoint "RedefineClasses", Time since last: 145620810 ns, Reaching safepoint: 4400 ns, Cleanup: 123111 ns, At safepoint: 6179126 ns, Total: 6306637 ns
[0.530s][info][safepoint   ] Safepoint "JFRCheckpoint", Time since last: 127017225 ns, Reaching safepoint: 80506 ns, Cleanup: 26403 ns, At safepoint: 10901 ns, Total: 117810 ns
[1.240s][info][safepoint   ] Safepoint "ICBufferFull", Time since last: 709818690 ns, Reaching safepoint: 4600 ns, Cleanup: 110409 ns, At safepoint: 5601 ns, Total: 120610 ns
[1.631s][info][safepoint   ] Safepoint "ICBufferFull", Time since last: 391038324 ns, Reaching safepoint: 4000 ns, Cleanup: 132211 ns, At safepoint: 8801 ns, Total: 145012 ns
[1.821s][info][gc,start    ] GC(0) Pause Young (Metadata GC Threshold)
[1.839s][debug][gc,phases   ] GC(0) Scavenge 17.055ms
[1.839s][debug][gc,ref      ] GC(0) ReferenceProcessor::execute queues: 2, RefProcThreadModel::Multi, marks_oops_alive: false
[1.839s][debug][gc,ref      ] GC(0) ReferenceProcessor::execute queues: 4, RefProcThreadModel::Multi, marks_oops_alive: true
[1.839s][debug][gc,ref      ] GC(0) ReferenceProcessor::execute queues: 1, RefProcThreadModel::Single, marks_oops_alive: false
[1.839s][debug][gc,phases   ] GC(0) Reference Processing 0.361ms
[1.839s][debug][gc,phases   ] GC(0)   VM Weak                        Min:  0.0, Avg:  0.0, Max:  0.0, Diff:  0.0, Sum:  0.0, Workers: 4
[1.839s][debug][gc,phases   ] GC(0)     Dead                           Min: 0, Avg:  0.0, Max: 0, Diff: 0, Sum: 0, Workers: 4
[1.839s][debug][gc,phases   ] GC(0)     Total                          Min: 0, Avg: 59.8, Max: 175, Diff: 175, Sum: 239, Workers: 4
[1.839s][debug][gc,phases   ] GC(0)   ObjectSynchronizer Weak        Min:  0.0, Avg:  0.0, Max:  0.0, Diff:  0.0, Sum:  0.0, Workers: 4
[1.839s][debug][gc,phases   ] GC(0)     Dead                           Min: 0, Avg:  0.0, Max: 0, Diff: 0, Sum: 0, Workers: 4
[1.839s][debug][gc,phases   ] GC(0)     Total                          Min: 0, Avg:  1.8, Max: 7, Diff: 7, Sum: 7, Workers: 4
[1.839s][debug][gc,phases   ] GC(0)   JVMTI Tag Weak OopStorage      Min:  0.0, Avg:  0.0, Max:  0.0, Diff:  0.0, Sum:  0.0, Workers: 4
[1.839s][debug][gc,phases   ] GC(0)     Dead                           Min: 0, Avg:  0.0, Max: 0, Diff: 0, Sum: 0, Workers: 4
[1.839s][debug][gc,phases   ] GC(0)     Total                          Min: 0, Avg:  0.0, Max: 0, Diff: 0, Sum: 0, Workers: 4
[1.839s][debug][gc,phases   ] GC(0)   StringTable Weak               Min:  0.1, Avg:  0.1, Max:  0.1, Diff:  0.0, Sum:  0.3, Workers: 4
[1.839s][debug][gc,phases   ] GC(0)     Dead                           Min: 2, Avg:  7.8, Max: 16, Diff: 14, Sum: 31, Workers: 4
[1.839s][debug][gc,phases   ] GC(0)     Total                          Min: 1792, Avg: 1969.5, Max: 2374, Diff: 582, Sum: 7878, Workers: 4
[1.839s][debug][gc,phases   ] GC(0)   ResolvedMethodTable Weak       Min:  0.0, Avg:  0.0, Max:  0.0, Diff:  0.0, Sum:  0.1, Workers: 4
[1.839s][debug][gc,phases   ] GC(0)     Dead                           Min: 52, Avg: 89.0, Max: 122, Diff: 70, Sum: 356, Workers: 4
[1.839s][debug][gc,phases   ] GC(0)     Total                          Min: 384, Avg: 453.5, Max: 512, Diff: 128, Sum: 1814, Workers: 4
[1.839s][debug][gc,phases   ] GC(0)   JNI Weak                       Min:  0.0, Avg:  0.0, Max:  0.0, Diff:  0.0, Sum:  0.0, Workers: 4
[1.839s][debug][gc,phases   ] GC(0)     Dead                           Min: 0, Avg:  0.0, Max: 0, Diff: 0, Sum: 0, Workers: 4
[1.839s][debug][gc,phases   ] GC(0)     Total                          Min: 0, Avg: 12.0, Max: 48, Diff: 48, Sum: 48, Workers: 4
[1.839s][debug][gc,phases   ] GC(0)   StringDedup Table Weak         Min:  0.0, Avg:  0.0, Max:  0.0, Diff:  0.0, Sum:  0.0, Workers: 4
[1.839s][debug][gc,phases   ] GC(0)     Dead                           Min: 0, Avg:  0.0, Max: 0, Diff: 0, Sum: 0, Workers: 4
[1.839s][debug][gc,phases   ] GC(0)     Total                          Min: 0, Avg:  0.0, Max: 0, Diff: 0, Sum: 0, Workers: 4
[1.839s][debug][gc,phases   ] GC(0)   StringDedup Requests0 Weak     Min:  0.0, Avg:  0.0, Max:  0.0, Diff:  0.0, Sum:  0.0, Workers: 4
[1.839s][debug][gc,phases   ] GC(0)     Dead                           Min: 0, Avg:  0.0, Max: 0, Diff: 0, Sum: 0, Workers: 4
[1.839s][debug][gc,phases   ] GC(0)     Total                          Min: 0, Avg:  0.0, Max: 0, Diff: 0, Sum: 0, Workers: 4
[1.839s][debug][gc,phases   ] GC(0)   StringDedup Requests1 Weak     Min:  0.0, Avg:  0.0, Max:  0.0, Diff:  0.0, Sum:  0.0, Workers: 4
[1.839s][debug][gc,phases   ] GC(0)     Dead                           Min: 0, Avg:  0.0, Max: 0, Diff: 0, Sum: 0, Workers: 4
[1.839s][debug][gc,phases   ] GC(0)     Total                          Min: 0, Avg:  0.0, Max: 0, Diff: 0, Sum: 0, Workers: 4
[1.839s][debug][gc,phases   ] GC(0)   Weak JFR Old Object Samples    Min:  0.0, Avg:  0.0, Max:  0.0, Diff:  0.0, Sum:  0.0, Workers: 4
[1.839s][debug][gc,phases   ] GC(0)     Dead                           Min: 0, Avg:  0.0, Max: 0, Diff: 0, Sum: 0, Workers: 4
[1.839s][debug][gc,phases   ] GC(0)     Total                          Min: 0, Avg:  0.0, Max: 0, Diff: 0, Sum: 0, Workers: 4
[1.839s][debug][gc,phases   ] GC(0) Weak Processing 0.375ms
[1.839s][debug][gc,age      ] GC(0) Desired survivor size 536870912 bytes, new threshold 7 (max threshold 15)
[1.839s][info ][gc,heap     ] GC(0) PSYoungGen: 370237K(1572864K)->37328K(1572864K) Eden: 370237K(1048576K)->0K(1048576K) From: 0K(524288K)->37328K(524288K)
[1.839s][info ][gc,heap     ] GC(0) ParOldGen: 1073K(6144K)->1145K(6144K)
[1.839s][info ][gc,metaspace] GC(0) Metaspace: 21101K(21504K)->21101K(21504K) NonClass: 18809K(19008K)->18809K(19008K) Class: 2291K(2496K)->2291K(2496K)
[1.839s][info ][gc          ] GC(0) Pause Young (Metadata GC Threshold) 362M->37M(1542M) 18.280ms
[1.839s][info ][gc,cpu      ] GC(0) User=0.05s Sys=0.02s Real=0.02s
[1.839s][debug][gc,phases   ] GC(1) Pre Compact 0.009ms
[1.839s][info ][gc,start    ] GC(1) Pause Full (Metadata GC Threshold)
[1.840s][info ][gc,phases,start] GC(1) Marking Phase
[1.849s][debug][gc,phases      ] GC(1) Par Mark 9.818ms
[1.849s][debug][gc,ref         ] GC(1) ReferenceProcessor::execute queues: 2, RefProcThreadModel::Multi, marks_oops_alive: false
[1.849s][debug][gc,ref         ] GC(1) ReferenceProcessor::execute queues: 4, RefProcThreadModel::Multi, marks_oops_alive: true
[1.850s][debug][gc,ref         ] GC(1) ReferenceProcessor::execute queues: 1, RefProcThreadModel::Single, marks_oops_alive: false
[1.850s][debug][gc,phases      ] GC(1) Reference Processing 0.508ms
[1.850s][debug][gc,phases      ] GC(1)   VM Weak                        Min:  0.0, Avg:  0.0, Max:  0.0, Diff:  0.0, Sum:  0.0, Workers: 4
[1.850s][debug][gc,phases      ] GC(1)     Dead                           Min: 0, Avg:  0.0, Max: 0, Diff: 0, Sum: 0, Workers: 4
[1.850s][debug][gc,phases      ] GC(1)     Total                          Min: 0, Avg: 59.8, Max: 192, Diff: 192, Sum: 239, Workers: 4
[1.850s][debug][gc,phases      ] GC(1)   ObjectSynchronizer Weak        Min:  0.0, Avg:  0.0, Max:  0.0, Diff:  0.0, Sum:  0.0, Workers: 4
[1.850s][debug][gc,phases      ] GC(1)     Dead                           Min: 0, Avg:  0.0, Max: 0, Diff: 0, Sum: 0, Workers: 4
[1.850s][debug][gc,phases      ] GC(1)     Total                          Min: 0, Avg:  1.8, Max: 7, Diff: 7, Sum: 7, Workers: 4
[1.850s][debug][gc,phases      ] GC(1)   JVMTI Tag Weak OopStorage      Min:  0.0, Avg:  0.0, Max:  0.0, Diff:  0.0, Sum:  0.0, Workers: 4
[1.850s][debug][gc,phases      ] GC(1)     Dead                           Min: 0, Avg:  0.0, Max: 0, Diff: 0, Sum: 0, Workers: 4
[1.850s][debug][gc,phases      ] GC(1)     Total                          Min: 0, Avg:  0.0, Max: 0, Diff: 0, Sum: 0, Workers: 4
[1.850s][debug][gc,phases      ] GC(1)   StringTable Weak               Min:  0.0, Avg:  0.0, Max:  0.0, Diff:  0.0, Sum:  0.1, Workers: 4
[1.850s][debug][gc,phases      ] GC(1)     Dead                           Min: 0, Avg:  0.0, Max: 0, Diff: 0, Sum: 0, Workers: 4
[1.850s][debug][gc,phases      ] GC(1)     Total                          Min: 0, Avg: 1969.5, Max: 2758, Diff: 2758, Sum: 7878, Workers: 4
[1.850s][debug][gc,phases      ] GC(1)   ResolvedMethodTable Weak       Min:  0.0, Avg:  0.0, Max:  0.0, Diff:  0.0, Sum:  0.0, Workers: 4
[1.850s][debug][gc,phases      ] GC(1)     Dead                           Min: 0, Avg:  0.0, Max: 0, Diff: 0, Sum: 0, Workers: 4
[1.850s][debug][gc,phases      ] GC(1)     Total                          Min: 0, Avg: 453.5, Max: 640, Diff: 640, Sum: 1814, Workers: 4
[1.850s][debug][gc,phases      ] GC(1)   JNI Weak                       Min:  0.0, Avg:  0.0, Max:  0.0, Diff:  0.0, Sum:  0.0, Workers: 4
[1.850s][debug][gc,phases      ] GC(1)     Dead                           Min: 0, Avg:  0.0, Max: 0, Diff: 0, Sum: 0, Workers: 4
[1.850s][debug][gc,phases      ] GC(1)     Total                          Min: 0, Avg: 12.0, Max: 48, Diff: 48, Sum: 48, Workers: 4
[1.850s][debug][gc,phases      ] GC(1)   StringDedup Table Weak         Min:  0.0, Avg:  0.0, Max:  0.0, Diff:  0.0, Sum:  0.0, Workers: 4
[1.850s][debug][gc,phases      ] GC(1)     Dead                           Min: 0, Avg:  0.0, Max: 0, Diff: 0, Sum: 0, Workers: 4
[1.850s][debug][gc,phases      ] GC(1)     Total                          Min: 0, Avg:  0.0, Max: 0, Diff: 0, Sum: 0, Workers: 4
[1.850s][debug][gc,phases      ] GC(1)   StringDedup Requests0 Weak     Min:  0.0, Avg:  0.0, Max:  0.0, Diff:  0.0, Sum:  0.0, Workers: 4
[1.850s][debug][gc,phases      ] GC(1)     Dead                           Min: 0, Avg:  0.0, Max: 0, Diff: 0, Sum: 0, Workers: 4
[1.850s][debug][gc,phases      ] GC(1)     Total                          Min: 0, Avg:  0.0, Max: 0, Diff: 0, Sum: 0, Workers: 4
[1.850s][debug][gc,phases      ] GC(1)   StringDedup Requests1 Weak     Min:  0.0, Avg:  0.0, Max:  0.0, Diff:  0.0, Sum:  0.0, Workers: 4
[1.850s][debug][gc,phases      ] GC(1)     Dead                           Min: 0, Avg:  0.0, Max: 0, Diff: 0, Sum: 0, Workers: 4
[1.850s][debug][gc,phases      ] GC(1)     Total                          Min: 0, Avg:  0.0, Max: 0, Diff: 0, Sum: 0, Workers: 4
[1.850s][debug][gc,phases      ] GC(1)   Weak JFR Old Object Samples    Min:  0.0, Avg:  0.0, Max:  0.0, Diff:  0.0, Sum:  0.0, Workers: 4
[1.850s][debug][gc,phases      ] GC(1)     Dead                           Min: 0, Avg:  0.0, Max: 0, Diff: 0, Sum: 0, Workers: 4
[1.850s][debug][gc,phases      ] GC(1)     Total                          Min: 0, Avg:  0.0, Max: 0, Diff: 0, Sum: 0, Workers: 4
[1.850s][debug][gc,phases      ] GC(1) Weak Processing 0.301ms
[1.850s][debug][gc,phases      ] GC(1) ClassLoaderData 0.033ms
[1.850s][debug][gc,phases      ] GC(1) Trigger cleanups 0.000ms
[1.856s][debug][gc,phases      ] GC(1) Purge Unlinked NMethods 0.001ms
[1.856s][debug][gc,phases      ] GC(1) Unregister NMethods 0.015ms
[1.856s][debug][gc,phases      ] GC(1) Free Code Blobs 0.002ms
[1.856s][debug][gc,phases      ] GC(1) Class Unloading 5.969ms
[1.856s][debug][gc,phases      ] GC(1) Report Object Count 0.001ms
[1.856s][info ][gc,phases      ] GC(1) Marking Phase 16.671ms
[1.856s][info ][gc,phases,start] GC(1) Summary Phase
[1.856s][info ][gc,phases      ] GC(1) Summary Phase 0.008ms
[1.856s][info ][gc,phases,start] GC(1) Adjust Roots
[1.861s][info ][gc,phases      ] GC(1) Adjust Roots 4.649ms
[1.861s][info ][gc,phases,start] GC(1) Compaction Phase
[1.881s][info ][gc,phases      ] GC(1) Compaction Phase 20.062ms
[1.881s][info ][gc,phases,start] GC(1) Post Compact
[1.882s][debug][gc,phases      ] GC(1) Purge Class Loader Data 0.857ms
[1.883s][info ][gc,phases      ] GC(1) Post Compact 1.813ms
[1.883s][info ][gc,heap        ] GC(1) PSYoungGen: 37328K(1572864K)->32367K(1572864K) Eden: 0K(1048576K)->0K(1048576K) From: 37328K(524288K)->32367K(524288K)
[1.883s][info ][gc,heap        ] GC(1) ParOldGen: 1145K(6144K)->5817K(6144K)
[1.883s][info ][gc,metaspace   ] GC(1) Metaspace: 21101K(21504K)->21101K(21504K) NonClass: 18809K(19008K)->18809K(19008K) Class: 2291K(2496K)->2291K(2496K)
[1.883s][info ][gc             ] GC(1) Pause Full (Metadata GC Threshold) 37M->37M(1542M) 43.332ms
[1.883s][info ][gc,cpu         ] GC(1) User=0.10s Sys=0.02s Real=0.04s
[1.883s][info ][safepoint      ] Safepoint "CollectForMetadataAllocation", Time since last: 189752070 ns, Reaching safepoint: 2801 ns, Cleanup: 68606 ns, At safepoint: 61736361 ns, Total: 61807768 ns
[2.260s][info ][safepoint      ] Safepoint "ICBufferFull", Time since last: 377059996 ns, Reaching safepoint: 4200 ns, Cleanup: 111709 ns, At safepoint: 2801 ns, Total: 118710 ns
[2.414s][info ][safepoint      ] Safepoint "ICBufferFull", Time since last: 153609729 ns, Reaching safepoint: 4201 ns, Cleanup: 101908 ns, At safepoint: 2400 ns, Total: 108509 ns
[2.519s][info ][safepoint      ] Safepoint "ICBufferFull", Time since last: 104725115 ns, Reaching safepoint: 3100 ns, Cleanup: 105309 ns, At safepoint: 6301 ns, Total: 114710 ns
[2.830s][info ][safepoint      ] Safepoint "ICBufferFull", Time since last: 311357107 ns, Reaching safepoint: 4401 ns, Cleanup: 123310 ns, At safepoint: 6900 ns, Total: 134611 ns
[3.090s][info ][gc,start       ] GC(2) Pause Young (Metadata GC Threshold)
[3.129s][debug][gc,phases      ] GC(2) Scavenge 38.805ms
[3.129s][debug][gc,ref         ] GC(2) ReferenceProcessor::execute queues: 4, RefProcThreadModel::Multi, marks_oops_alive: false
[3.129s][debug][gc,ref         ] GC(2) Skipped KeepAliveFinalRefsPhase of Reference Processing: no references
[3.129s][debug][gc,ref         ] GC(2) ReferenceProcessor::execute queues: 2, RefProcThreadModel::Multi, marks_oops_alive: false
[3.130s][debug][gc,phases      ] GC(2) Reference Processing 0.631ms
[3.130s][debug][gc,phases      ] GC(2)   VM Weak                        Min:  0.0, Avg:  0.0, Max:  0.0, Diff:  0.0, Sum:  0.0, Workers: 4
[3.130s][debug][gc,phases      ] GC(2)     Dead                           Min: 0, Avg:  0.0, Max: 0, Diff: 0, Sum: 0, Workers: 4
[3.130s][debug][gc,phases      ] GC(2)     Total                          Min: 0, Avg: 72.5, Max: 290, Diff: 290, Sum: 290, Workers: 4
[3.130s][debug][gc,phases      ] GC(2)   ObjectSynchronizer Weak        Min:  0.0, Avg:  0.0, Max:  0.0, Diff:  0.0, Sum:  0.0, Workers: 4
[3.130s][debug][gc,phases      ] GC(2)     Dead                           Min: 0, Avg:  0.0, Max: 0, Diff: 0, Sum: 0, Workers: 4
[3.130s][debug][gc,phases      ] GC(2)     Total                          Min: 0, Avg:  1.8, Max: 7, Diff: 7, Sum: 7, Workers: 4
[3.130s][debug][gc,phases      ] GC(2)   JVMTI Tag Weak OopStorage      Min:  0.0, Avg:  0.0, Max:  0.0, Diff:  0.0, Sum:  0.0, Workers: 4
[3.130s][debug][gc,phases      ] GC(2)     Dead                           Min: 0, Avg:  0.0, Max: 0, Diff: 0, Sum: 0, Workers: 4
[3.130s][debug][gc,phases      ] GC(2)     Total                          Min: 0, Avg:  0.0, Max: 0, Diff: 0, Sum: 0, Workers: 4
[3.130s][debug][gc,phases      ] GC(2)   StringTable Weak               Min:  0.0, Avg:  0.1, Max:  0.2, Diff:  0.2, Sum:  0.5, Workers: 4
[3.130s][debug][gc,phases      ] GC(2)     Dead                           Min: 0, Avg:  2.8, Max: 4, Diff: 4, Sum: 11, Workers: 4
[3.130s][debug][gc,phases      ] GC(2)     Total                          Min: 0, Avg: 3648.5, Max: 6082, Diff: 6082, Sum: 14594, Workers: 4
[3.130s][debug][gc,phases      ] GC(2)   ResolvedMethodTable Weak       Min:  0.0, Avg:  0.0, Max:  0.1, Diff:  0.1, Sum:  0.2, Workers: 4
[3.130s][debug][gc,phases      ] GC(2)     Dead                           Min: 0, Avg: 433.5, Max: 800, Diff: 800, Sum: 1734, Workers: 4
[3.130s][debug][gc,phases      ] GC(2)     Total                          Min: 0, Avg: 1176.5, Max: 2048, Diff: 2048, Sum: 4706, Workers: 4
[3.130s][debug][gc,phases      ] GC(2)   JNI Weak                       Min:  0.0, Avg:  0.0, Max:  0.0, Diff:  0.0, Sum:  0.0, Workers: 4
[3.130s][debug][gc,phases      ] GC(2)     Dead                           Min: 0, Avg:  0.0, Max: 0, Diff: 0, Sum: 0, Workers: 4
[3.130s][debug][gc,phases      ] GC(2)     Total                          Min: 0, Avg: 12.0, Max: 48, Diff: 48, Sum: 48, Workers: 4
[3.130s][debug][gc,phases      ] GC(2)   StringDedup Table Weak         Min:  0.0, Avg:  0.0, Max:  0.0, Diff:  0.0, Sum:  0.0, Workers: 4
[3.130s][debug][gc,phases      ] GC(2)     Dead                           Min: 0, Avg:  0.0, Max: 0, Diff: 0, Sum: 0, Workers: 4
[3.130s][debug][gc,phases      ] GC(2)     Total                          Min: 0, Avg:  0.0, Max: 0, Diff: 0, Sum: 0, Workers: 4
[3.130s][debug][gc,phases      ] GC(2)   StringDedup Requests0 Weak     Min:  0.0, Avg:  0.0, Max:  0.0, Diff:  0.0, Sum:  0.0, Workers: 4
[3.130s][debug][gc,phases      ] GC(2)     Dead                           Min: 0, Avg:  0.0, Max: 0, Diff: 0, Sum: 0, Workers: 4
[3.130s][debug][gc,phases      ] GC(2)     Total                          Min: 0, Avg:  0.0, Max: 0, Diff: 0, Sum: 0, Workers: 4
[3.130s][debug][gc,phases      ] GC(2)   StringDedup Requests1 Weak     Min:  0.0, Avg:  0.0, Max:  0.0, Diff:  0.0, Sum:  0.0, Workers: 4
[3.130s][debug][gc,phases      ] GC(2)     Dead                           Min: 0, Avg:  0.0, Max: 0, Diff: 0, Sum: 0, Workers: 4
[3.130s][debug][gc,phases      ] GC(2)     Total                          Min: 0, Avg:  0.0, Max: 0, Diff: 0, Sum: 0, Workers: 4
[3.130s][debug][gc,phases      ] GC(2)   Weak JFR Old Object Samples    Min:  0.0, Avg:  0.0, Max:  0.0, Diff:  0.0, Sum:  0.0, Workers: 4
[3.130s][debug][gc,phases      ] GC(2)     Dead                           Min: 0, Avg:  0.0, Max: 0, Diff: 0, Sum: 0, Workers: 4
[3.130s][debug][gc,phases      ] GC(2)     Total                          Min: 0, Avg:  0.0, Max: 0, Diff: 0, Sum: 0, Workers: 4
[3.130s][debug][gc,phases      ] GC(2) Weak Processing 0.462ms
[3.130s][debug][gc,age         ] GC(2) Desired survivor size 536870912 bytes, new threshold 7 (max threshold 15)
[3.130s][info ][gc,heap        ] GC(2) PSYoungGen: 535684K(1572864K)->55755K(1572864K) Eden: 503316K(1048576K)->0K(1048576K) From: 32367K(524288K)->55755K(524288K)
[3.130s][info ][gc,heap        ] GC(2) ParOldGen: 5817K(6144K)->5825K(6144K)
[3.130s][info ][gc,metaspace   ] GC(2) Metaspace: 35329K(35840K)->35329K(35840K) NonClass: 30824K(31104K)->30824K(31104K) Class: 4505K(4736K)->4505K(4736K)
[3.130s][info ][gc             ] GC(2) Pause Young (Metadata GC Threshold) 528M->60M(1542M) 40.048ms
[3.130s][info ][gc,cpu         ] GC(2) User=0.15s Sys=0.00s Real=0.04s
[3.130s][debug][gc,phases      ] GC(3) Pre Compact 0.009ms
[3.130s][info ][gc,start       ] GC(3) Pause Full (Metadata GC Threshold)
[3.130s][info ][gc,phases,start] GC(3) Marking Phase
[3.152s][debug][gc,phases      ] GC(3) Par Mark 21.952ms
[3.152s][debug][gc,ref         ] GC(3) ReferenceProcessor::execute queues: 4, RefProcThreadModel::Multi, marks_oops_alive: false
[3.152s][debug][gc,ref         ] GC(3) ReferenceProcessor::execute queues: 4, RefProcThreadModel::Multi, marks_oops_alive: true
[3.153s][debug][gc,ref         ] GC(3) ReferenceProcessor::execute queues: 1, RefProcThreadModel::Single, marks_oops_alive: false
[3.153s][debug][gc,phases      ] GC(3) Reference Processing 0.659ms
[3.153s][debug][gc,phases      ] GC(3)   VM Weak                        Min:  0.0, Avg:  0.0, Max:  0.0, Diff:  0.0, Sum:  0.0, Workers: 4
[3.153s][debug][gc,phases      ] GC(3)     Dead                           Min: 0, Avg:  0.0, Max: 0, Diff: 0, Sum: 0, Workers: 4
[3.153s][debug][gc,phases      ] GC(3)     Total                          Min: 0, Avg: 72.5, Max: 162, Diff: 162, Sum: 290, Workers: 4
[3.153s][debug][gc,phases      ] GC(3)   ObjectSynchronizer Weak        Min:  0.0, Avg:  0.0, Max:  0.0, Diff:  0.0, Sum:  0.0, Workers: 4
[3.153s][debug][gc,phases      ] GC(3)     Dead                           Min: 0, Avg:  0.0, Max: 0, Diff: 0, Sum: 0, Workers: 4
[3.153s][debug][gc,phases      ] GC(3)     Total                          Min: 0, Avg:  1.8, Max: 7, Diff: 7, Sum: 7, Workers: 4
[3.153s][debug][gc,phases      ] GC(3)   JVMTI Tag Weak OopStorage      Min:  0.0, Avg:  0.0, Max:  0.0, Diff:  0.0, Sum:  0.0, Workers: 4
[3.153s][debug][gc,phases      ] GC(3)     Dead                           Min: 0, Avg:  0.0, Max: 0, Diff: 0, Sum: 0, Workers: 4
[3.153s][debug][gc,phases      ] GC(3)     Total                          Min: 0, Avg:  0.0, Max: 0, Diff: 0, Sum: 0, Workers: 4
[3.153s][debug][gc,phases      ] GC(3)   StringTable Weak               Min:  0.0, Avg:  0.1, Max:  0.1, Diff:  0.0, Sum:  0.2, Workers: 4
[3.153s][debug][gc,phases      ] GC(3)     Dead                           Min: 0, Avg:  0.0, Max: 0, Diff: 0, Sum: 0, Workers: 4
[3.153s][debug][gc,phases      ] GC(3)     Total                          Min: 3520, Avg: 3648.5, Max: 3776, Diff: 256, Sum: 14594, Workers: 4
[3.153s][debug][gc,phases      ] GC(3)   ResolvedMethodTable Weak       Min:  0.0, Avg:  0.0, Max:  0.0, Diff:  0.0, Sum:  0.1, Workers: 4
[3.153s][debug][gc,phases      ] GC(3)     Dead                           Min: 0, Avg:  0.0, Max: 0, Diff: 0, Sum: 0, Workers: 4
[3.153s][debug][gc,phases      ] GC(3)     Total                          Min: 1123, Avg: 1176.5, Max: 1216, Diff: 93, Sum: 4706, Workers: 4
[3.153s][debug][gc,phases      ] GC(3)   JNI Weak                       Min:  0.0, Avg:  0.0, Max:  0.0, Diff:  0.0, Sum:  0.0, Workers: 4
[3.153s][debug][gc,phases      ] GC(3)     Dead                           Min: 0, Avg:  0.0, Max: 0, Diff: 0, Sum: 0, Workers: 4
[3.153s][debug][gc,phases      ] GC(3)     Total                          Min: 0, Avg: 12.0, Max: 48, Diff: 48, Sum: 48, Workers: 4
[3.153s][debug][gc,phases      ] GC(3)   StringDedup Table Weak         Min:  0.0, Avg:  0.0, Max:  0.0, Diff:  0.0, Sum:  0.0, Workers: 4
[3.153s][debug][gc,phases      ] GC(3)     Dead                           Min: 0, Avg:  0.0, Max: 0, Diff: 0, Sum: 0, Workers: 4
[3.153s][debug][gc,phases      ] GC(3)     Total                          Min: 0, Avg:  0.0, Max: 0, Diff: 0, Sum: 0, Workers: 4
[3.153s][debug][gc,phases      ] GC(3)   StringDedup Requests0 Weak     Min:  0.0, Avg:  0.0, Max:  0.0, Diff:  0.0, Sum:  0.0, Workers: 4
[3.153s][debug][gc,phases      ] GC(3)     Dead                           Min: 0, Avg:  0.0, Max: 0, Diff: 0, Sum: 0, Workers: 4
[3.153s][debug][gc,phases      ] GC(3)     Total                          Min: 0, Avg:  0.0, Max: 0, Diff: 0, Sum: 0, Workers: 4
[3.153s][debug][gc,phases      ] GC(3)   StringDedup Requests1 Weak     Min:  0.0, Avg:  0.0, Max:  0.0, Diff:  0.0, Sum:  0.0, Workers: 4
[3.153s][debug][gc,phases      ] GC(3)     Dead                           Min: 0, Avg:  0.0, Max: 0, Diff: 0, Sum: 0, Workers: 4
[3.153s][debug][gc,phases      ] GC(3)     Total                          Min: 0, Avg:  0.0, Max: 0, Diff: 0, Sum: 0, Workers: 4
[3.153s][debug][gc,phases      ] GC(3)   Weak JFR Old Object Samples    Min:  0.0, Avg:  0.0, Max:  0.0, Diff:  0.0, Sum:  0.0, Workers: 4
[3.153s][debug][gc,phases      ] GC(3)     Dead                           Min: 0, Avg:  0.0, Max: 0, Diff: 0, Sum: 0, Workers: 4
[3.153s][debug][gc,phases      ] GC(3)     Total                          Min: 0, Avg:  0.0, Max: 0, Diff: 0, Sum: 0, Workers: 4
[3.153s][debug][gc,phases      ] GC(3) Weak Processing 0.283ms
[3.153s][debug][gc,phases      ] GC(3) ClassLoaderData 0.039ms
[3.153s][debug][gc,phases      ] GC(3) Trigger cleanups 0.000ms
[3.161s][debug][gc,phases      ] GC(3) Purge Unlinked NMethods 0.528ms
[3.161s][debug][gc,phases      ] GC(3) Unregister NMethods 0.028ms
[3.161s][debug][gc,phases      ] GC(3) Free Code Blobs 0.140ms
[3.161s][debug][gc,phases      ] GC(3) Class Unloading 8.103ms
[3.161s][debug][gc,phases      ] GC(3) Report Object Count 0.001ms
[3.161s][info ][gc,phases      ] GC(3) Marking Phase 31.092ms
[3.161s][info ][gc,phases,start] GC(3) Summary Phase
[3.161s][info ][gc,phases      ] GC(3) Summary Phase 0.007ms
[3.161s][info ][gc,phases,start] GC(3) Adjust Roots
[3.166s][info ][gc,phases      ] GC(3) Adjust Roots 4.444ms
[3.166s][info ][gc,phases,start] GC(3) Compaction Phase
[3.340s][info ][gc,phases      ] GC(3) Compaction Phase 174.288ms
[3.340s][info ][gc,phases,start] GC(3) Post Compact
[3.342s][debug][gc,phases      ] GC(3) Purge Class Loader Data 1.251ms
[3.342s][info ][gc,phases      ] GC(3) Post Compact 2.271ms
[3.342s][info ][gc,heap        ] GC(3) PSYoungGen: 55755K(1572864K)->55543K(1572864K) Eden: 0K(1048576K)->0K(1048576K) From: 55755K(524288K)->55543K(524288K)
[3.342s][info ][gc,heap        ] GC(3) ParOldGen: 5825K(6144K)->5774K(6144K)
[3.342s][info ][gc,metaspace   ] GC(3) Metaspace: 35329K(35840K)->35329K(35840K) NonClass: 30824K(31104K)->30824K(31104K) Class: 4505K(4736K)->4505K(4736K)
[3.342s][info ][gc             ] GC(3) Pause Full (Metadata GC Threshold) 60M->59M(1542M) 212.218ms
[3.342s][info ][gc,cpu         ] GC(3) User=0.45s Sys=0.01s Real=0.21s
[3.342s][info ][safepoint      ] Safepoint "CollectForMetadataAllocation", Time since last: 259891976 ns, Reaching safepoint: 4000 ns, Cleanup: 80407 ns, At safepoint: 252389544 ns, Total: 252473951 ns
[3.462s][info ][safepoint      ] Safepoint "ICBufferFull", Time since last: 119708876 ns, Reaching safepoint: 3700 ns, Cleanup: 130811 ns, At safepoint: 11701 ns, Total: 146212 ns
[3.590s][info ][safepoint      ] Safepoint "ICBufferFull", Time since last: 127622643 ns, Reaching safepoint: 4400 ns, Cleanup: 136811 ns, At safepoint: 6701 ns, Total: 147912 ns
[3.707s][info ][safepoint      ] Safepoint "ICBufferFull", Time since last: 116866437 ns, Reaching safepoint: 160213 ns, Cleanup: 148313 ns, At safepoint: 7200 ns, Total: 315726 ns
[3.928s][info ][safepoint      ] Safepoint "ICBufferFull", Time since last: 220364549 ns, Reaching safepoint: 4600 ns, Cleanup: 126911 ns, At safepoint: 2700 ns, Total: 134211 ns
[4.137s][info ][safepoint      ] Safepoint "ICBufferFull", Time since last: 209359922 ns, Reaching safepoint: 79007 ns, Cleanup: 124510 ns, At safepoint: 6201 ns, Total: 209718 ns
[4.284s][info ][safepoint      ] Safepoint "ICBufferFull", Time since last: 146702948 ns, Reaching safepoint: 3300 ns, Cleanup: 110910 ns, At safepoint: 5700 ns, Total: 119910 ns
[4.569s][info ][safepoint      ] Safepoint "ICBufferFull", Time since last: 284312631 ns, Reaching safepoint: 3500 ns, Cleanup: 130711 ns, At safepoint: 1901 ns, Total: 136112 ns
[5.112s][info ][safepoint      ] Safepoint "ICBufferFull", Time since last: 542928699 ns, Reaching safepoint: 5000 ns, Cleanup: 158213 ns, At safepoint: 2601 ns, Total: 165814 ns
[5.397s][info ][gc,start       ] GC(4) Pause Young (Metadata GC Threshold)
[5.438s][debug][gc,phases      ] GC(4) Scavenge 41.435ms
[5.438s][debug][gc,ref         ] GC(4) ReferenceProcessor::execute queues: 4, RefProcThreadModel::Multi, marks_oops_alive: false
[5.439s][debug][gc,ref         ] GC(4) Skipped KeepAliveFinalRefsPhase of Reference Processing: no references
[5.439s][debug][gc,ref         ] GC(4) ReferenceProcessor::execute queues: 4, RefProcThreadModel::Multi, marks_oops_alive: false
[5.439s][debug][gc,phases      ] GC(4) Reference Processing 1.032ms
[5.440s][debug][gc,phases      ] GC(4)   VM Weak                        Min:  0.0, Avg:  0.0, Max:  0.0, Diff:  0.0, Sum:  0.0, Workers: 4
[5.440s][debug][gc,phases      ] GC(4)     Dead                           Min: 0, Avg:  0.0, Max: 0, Diff: 0, Sum: 0, Workers: 4
[5.440s][debug][gc,phases      ] GC(4)     Total                          Min: 0, Avg: 118.5, Max: 282, Diff: 282, Sum: 474, Workers: 4
[5.440s][debug][gc,phases      ] GC(4)   ObjectSynchronizer Weak        Min:  0.0, Avg:  0.0, Max:  0.0, Diff:  0.0, Sum:  0.0, Workers: 4
[5.440s][debug][gc,phases      ] GC(4)     Dead                           Min: 0, Avg:  0.0, Max: 0, Diff: 0, Sum: 0, Workers: 4
[5.440s][debug][gc,phases      ] GC(4)     Total                          Min: 0, Avg:  1.8, Max: 7, Diff: 7, Sum: 7, Workers: 4
[5.440s][debug][gc,phases      ] GC(4)   JVMTI Tag Weak OopStorage      Min:  0.0, Avg:  0.0, Max:  0.0, Diff:  0.0, Sum:  0.0, Workers: 4
[5.440s][debug][gc,phases      ] GC(4)     Dead                           Min: 0, Avg:  0.0, Max: 0, Diff: 0, Sum: 0, Workers: 4
[5.440s][debug][gc,phases      ] GC(4)     Total                          Min: 0, Avg:  0.0, Max: 0, Diff: 0, Sum: 0, Workers: 4
[5.440s][debug][gc,phases      ] GC(4)   StringTable Weak               Min:  0.0, Avg:  0.2, Max:  0.3, Diff:  0.3, Sum:  0.9, Workers: 4
[5.440s][debug][gc,phases      ] GC(4)     Dead                           Min: 0, Avg:  3.5, Max: 6, Diff: 6, Sum: 14, Workers: 4
[5.440s][debug][gc,phases      ] GC(4)     Total                          Min: 0, Avg: 6988.0, Max: 12592, Diff: 12592, Sum: 27952, Workers: 4
[5.440s][debug][gc,phases      ] GC(4)   ResolvedMethodTable Weak       Min:  0.0, Avg:  0.1, Max:  0.1, Diff:  0.1, Sum:  0.4, Workers: 4
[5.440s][debug][gc,phases      ] GC(4)     Dead                           Min: 0, Avg: 1034.2, Max: 1917, Diff: 1917, Sum: 4137, Workers: 4
[5.440s][debug][gc,phases      ] GC(4)     Total                          Min: 0, Avg: 2952.5, Max: 5410, Diff: 5410, Sum: 11810, Workers: 4
[5.440s][debug][gc,phases      ] GC(4)   JNI Weak                       Min:  0.0, Avg:  0.0, Max:  0.0, Diff:  0.0, Sum:  0.0, Workers: 4
[5.440s][debug][gc,phases      ] GC(4)     Dead                           Min: 0, Avg:  0.0, Max: 0, Diff: 0, Sum: 0, Workers: 4
[5.440s][debug][gc,phases      ] GC(4)     Total                          Min: 0, Avg: 12.0, Max: 48, Diff: 48, Sum: 48, Workers: 4
[5.440s][debug][gc,phases      ] GC(4)   StringDedup Table Weak         Min:  0.0, Avg:  0.0, Max:  0.0, Diff:  0.0, Sum:  0.0, Workers: 4
[5.440s][debug][gc,phases      ] GC(4)     Dead                           Min: 0, Avg:  0.0, Max: 0, Diff: 0, Sum: 0, Workers: 4
[5.440s][debug][gc,phases      ] GC(4)     Total                          Min: 0, Avg:  0.0, Max: 0, Diff: 0, Sum: 0, Workers: 4
[5.440s][debug][gc,phases      ] GC(4)   StringDedup Requests0 Weak     Min:  0.0, Avg:  0.0, Max:  0.0, Diff:  0.0, Sum:  0.0, Workers: 4
[5.440s][debug][gc,phases      ] GC(4)     Dead                           Min: 0, Avg:  0.0, Max: 0, Diff: 0, Sum: 0, Workers: 4
[5.440s][debug][gc,phases      ] GC(4)     Total                          Min: 0, Avg:  0.0, Max: 0, Diff: 0, Sum: 0, Workers: 4
[5.440s][debug][gc,phases      ] GC(4)   StringDedup Requests1 Weak     Min:  0.0, Avg:  0.0, Max:  0.0, Diff:  0.0, Sum:  0.0, Workers: 4
[5.440s][debug][gc,phases      ] GC(4)     Dead                           Min: 0, Avg:  0.0, Max: 0, Diff: 0, Sum: 0, Workers: 4
[5.440s][debug][gc,phases      ] GC(4)     Total                          Min: 0, Avg:  0.0, Max: 0, Diff: 0, Sum: 0, Workers: 4
[5.440s][debug][gc,phases      ] GC(4)   Weak JFR Old Object Samples    Min:  0.0, Avg:  0.0, Max:  0.0, Diff:  0.0, Sum:  0.0, Workers: 4
[5.440s][debug][gc,phases      ] GC(4)     Dead                           Min: 0, Avg:  0.0, Max: 0, Diff: 0, Sum: 0, Workers: 4
[5.440s][debug][gc,phases      ] GC(4)     Total                          Min: 0, Avg:  0.0, Max: 0, Diff: 0, Sum: 0, Workers: 4
[5.440s][debug][gc,phases      ] GC(4) Weak Processing 0.702ms
[5.440s][debug][gc,age         ] GC(4) Desired survivor size 536870912 bytes, new threshold 7 (max threshold 15)
[5.440s][info ][gc,heap        ] GC(4) PSYoungGen: 516920K(1572864K)->78247K(1572864K) Eden: 461376K(1048576K)->0K(1048576K) From: 55543K(524288K)->78247K(524288K)
[5.440s][info ][gc,heap        ] GC(4) ParOldGen: 5774K(6144K)->5806K(6144K)
[5.440s][info ][gc,metaspace   ] GC(4) Metaspace: 59100K(59776K)->59100K(59776K) NonClass: 49625K(50048K)->49625K(50048K) Class: 9474K(9728K)->9474K(9728K)
[5.440s][info ][gc             ] GC(4) Pause Young (Metadata GC Threshold) 510M->82M(1542M) 43.314ms
[5.440s][info ][gc,cpu         ] GC(4) User=0.14s Sys=0.03s Real=0.05s
[5.440s][debug][gc,phases      ] GC(5) Pre Compact 0.009ms
[5.440s][info ][gc,start       ] GC(5) Pause Full (Metadata GC Threshold)
[5.440s][info ][gc,phases,start] GC(5) Marking Phase
[5.475s][debug][gc,phases      ] GC(5) Par Mark 34.998ms
[5.475s][debug][gc,ref         ] GC(5) ReferenceProcessor::execute queues: 4, RefProcThreadModel::Multi, marks_oops_alive: false
[5.476s][debug][gc,ref         ] GC(5) ReferenceProcessor::execute queues: 4, RefProcThreadModel::Multi, marks_oops_alive: true
[5.476s][debug][gc,ref         ] GC(5) ReferenceProcessor::execute queues: 1, RefProcThreadModel::Single, marks_oops_alive: false
[5.476s][debug][gc,phases      ] GC(5) Reference Processing 0.679ms
[5.476s][debug][gc,phases      ] GC(5)   VM Weak                        Min:  0.0, Avg:  0.0, Max:  0.0, Diff:  0.0, Sum:  0.0, Workers: 4
[5.476s][debug][gc,phases      ] GC(5)     Dead                           Min: 0, Avg:  0.0, Max: 0, Diff: 0, Sum: 0, Workers: 4
[5.476s][debug][gc,phases      ] GC(5)     Total                          Min: 0, Avg: 118.5, Max: 410, Diff: 410, Sum: 474, Workers: 4
[5.476s][debug][gc,phases      ] GC(5)   ObjectSynchronizer Weak        Min:  0.0, Avg:  0.0, Max:  0.0, Diff:  0.0, Sum:  0.0, Workers: 4
[5.476s][debug][gc,phases      ] GC(5)     Dead                           Min: 0, Avg:  0.0, Max: 0, Diff: 0, Sum: 0, Workers: 4
[5.476s][debug][gc,phases      ] GC(5)     Total                          Min: 0, Avg:  1.8, Max: 7, Diff: 7, Sum: 7, Workers: 4
[5.476s][debug][gc,phases      ] GC(5)   JVMTI Tag Weak OopStorage      Min:  0.0, Avg:  0.0, Max:  0.0, Diff:  0.0, Sum:  0.0, Workers: 4
[5.476s][debug][gc,phases      ] GC(5)     Dead                           Min: 0, Avg:  0.0, Max: 0, Diff: 0, Sum: 0, Workers: 4
[5.476s][debug][gc,phases      ] GC(5)     Total                          Min: 0, Avg:  0.0, Max: 0, Diff: 0, Sum: 0, Workers: 4
[5.476s][debug][gc,phases      ] GC(5)   StringTable Weak               Min:  0.0, Avg:  0.1, Max:  0.1, Diff:  0.1, Sum:  0.4, Workers: 4
[5.476s][debug][gc,phases      ] GC(5)     Dead                           Min: 0, Avg:  0.0, Max: 0, Diff: 0, Sum: 0, Workers: 4
[5.476s][debug][gc,phases      ] GC(5)     Total                          Min: 0, Avg: 6988.0, Max: 10672, Diff: 10672, Sum: 27952, Workers: 4
[5.476s][debug][gc,phases      ] GC(5)   ResolvedMethodTable Weak       Min:  0.0, Avg:  0.0, Max:  0.0, Diff:  0.0, Sum:  0.1, Workers: 4
[5.476s][debug][gc,phases      ] GC(5)     Dead                           Min: 0, Avg:  0.0, Max: 0, Diff: 0, Sum: 0, Workers: 4
[5.476s][debug][gc,phases      ] GC(5)     Total                          Min: 0, Avg: 2952.5, Max: 4450, Diff: 4450, Sum: 11810, Workers: 4
[5.476s][debug][gc,phases      ] GC(5)   JNI Weak                       Min:  0.0, Avg:  0.0, Max:  0.0, Diff:  0.0, Sum:  0.0, Workers: 4
[5.476s][debug][gc,phases      ] GC(5)     Dead                           Min: 0, Avg:  0.0, Max: 0, Diff: 0, Sum: 0, Workers: 4
[5.476s][debug][gc,phases      ] GC(5)     Total                          Min: 0, Avg: 12.0, Max: 48, Diff: 48, Sum: 48, Workers: 4
[5.476s][debug][gc,phases      ] GC(5)   StringDedup Table Weak         Min:  0.0, Avg:  0.0, Max:  0.0, Diff:  0.0, Sum:  0.0, Workers: 4
[5.476s][debug][gc,phases      ] GC(5)     Dead                           Min: 0, Avg:  0.0, Max: 0, Diff: 0, Sum: 0, Workers: 4
[5.476s][debug][gc,phases      ] GC(5)     Total                          Min: 0, Avg:  0.0, Max: 0, Diff: 0, Sum: 0, Workers: 4
[5.476s][debug][gc,phases      ] GC(5)   StringDedup Requests0 Weak     Min:  0.0, Avg:  0.0, Max:  0.0, Diff:  0.0, Sum:  0.0, Workers: 4
[5.476s][debug][gc,phases      ] GC(5)     Dead                           Min: 0, Avg:  0.0, Max: 0, Diff: 0, Sum: 0, Workers: 4
[5.476s][debug][gc,phases      ] GC(5)     Total                          Min: 0, Avg:  0.0, Max: 0, Diff: 0, Sum: 0, Workers: 4
[5.476s][debug][gc,phases      ] GC(5)   StringDedup Requests1 Weak     Min:  0.0, Avg:  0.0, Max:  0.0, Diff:  0.0, Sum:  0.0, Workers: 4
[5.476s][debug][gc,phases      ] GC(5)     Dead                           Min: 0, Avg:  0.0, Max: 0, Diff: 0, Sum: 0, Workers: 4
[5.476s][debug][gc,phases      ] GC(5)     Total                          Min: 0, Avg:  0.0, Max: 0, Diff: 0, Sum: 0, Workers: 4
[5.476s][debug][gc,phases      ] GC(5)   Weak JFR Old Object Samples    Min:  0.0, Avg:  0.0, Max:  0.0, Diff:  0.0, Sum:  0.0, Workers: 4
[5.476s][debug][gc,phases      ] GC(5)     Dead                           Min: 0, Avg:  0.0, Max: 0, Diff: 0, Sum: 0, Workers: 4
[5.476s][debug][gc,phases      ] GC(5)     Total                          Min: 0, Avg:  0.0, Max: 0, Diff: 0, Sum: 0, Workers: 4
[5.476s][debug][gc,phases      ] GC(5) Weak Processing 0.410ms
[5.476s][debug][gc,phases      ] GC(5) ClassLoaderData 0.063ms
[5.476s][debug][gc,phases      ] GC(5) Trigger cleanups 0.000ms
[5.485s][debug][gc,phases      ] GC(5) Purge Unlinked NMethods 0.198ms
[5.485s][debug][gc,phases      ] GC(5) Unregister NMethods 0.090ms
[5.485s][debug][gc,phases      ] GC(5) Free Code Blobs 0.043ms
[5.485s][debug][gc,phases      ] GC(5) Class Unloading 8.902ms
[5.485s][debug][gc,phases      ] GC(5) Report Object Count 0.001ms
[5.485s][info ][gc,phases      ] GC(5) Marking Phase 45.059ms
[5.485s][info ][gc,phases,start] GC(5) Summary Phase
[5.485s][info ][gc,phases      ] GC(5) Summary Phase 0.008ms
[5.485s][info ][gc,phases,start] GC(5) Adjust Roots
[5.493s][info ][gc,phases      ] GC(5) Adjust Roots 7.978ms
[5.493s][info ][gc,phases,start] GC(5) Compaction Phase
[5.804s][info ][gc,phases      ] GC(5) Compaction Phase 310.542ms
[5.804s][info ][gc,phases,start] GC(5) Post Compact
[5.804s][debug][gc,phases      ] GC(5) Purge Class Loader Data 0.312ms
[5.806s][info ][gc,phases      ] GC(5) Post Compact 1.867ms
[5.806s][info ][gc,heap        ] GC(5) PSYoungGen: 78247K(1572864K)->78043K(1572864K) Eden: 0K(1048576K)->0K(1048576K) From: 78247K(524288K)->78043K(524288K)
[5.806s][info ][gc,heap        ] GC(5) ParOldGen: 5806K(6144K)->5772K(6144K)
[5.806s][info ][gc,metaspace   ] GC(5) Metaspace: 59100K(59776K)->59100K(59776K) NonClass: 49625K(50048K)->49625K(50048K) Class: 9474K(9728K)->9474K(9728K)
[5.806s][info ][gc             ] GC(5) Pause Full (Metadata GC Threshold) 82M->81M(1542M) 365.578ms
[5.806s][info ][gc,cpu         ] GC(5) User=0.79s Sys=0.00s Real=0.37s
[5.806s][info ][safepoint      ] Safepoint "CollectForMetadataAllocation", Time since last: 284942184 ns, Reaching safepoint: 3300 ns, Cleanup: 51004 ns, At safepoint: 409043030 ns, Total: 409097334 ns
[6.150s][info ][safepoint      ] Safepoint "ICBufferFull", Time since last: 343570919 ns, Reaching safepoint: 81407 ns, Cleanup: 151812 ns, At safepoint: 10201 ns, Total: 243420 ns
[6.275s][info ][safepoint      ] Safepoint "ICBufferFull", Time since last: 125541867 ns, Reaching safepoint: 77507 ns, Cleanup: 102208 ns, At safepoint: 6301 ns, Total: 186016 ns
[6.327s][info ][safepoint      ] Safepoint "ICBufferFull", Time since last: 51337821 ns, Reaching safepoint: 4801 ns, Cleanup: 110409 ns, At safepoint: 6400 ns, Total: 121610 ns
[6.411s][info ][safepoint      ] Safepoint "ICBufferFull", Time since last: 83834657 ns, Reaching safepoint: 5000 ns, Cleanup: 120010 ns, At safepoint: 7801 ns, Total: 132811 ns
[6.498s][info ][safepoint      ] Safepoint "ICBufferFull", Time since last: 86870912 ns, Reaching safepoint: 5301 ns, Cleanup: 104308 ns, At safepoint: 6901 ns, Total: 116510 ns
[6.633s][info ][safepoint      ] Safepoint "ICBufferFull", Time since last: 135101472 ns, Reaching safepoint: 5000 ns, Cleanup: 112609 ns, At safepoint: 5801 ns, Total: 123410 ns
[6.846s][info ][safepoint      ] Safepoint "ICBufferFull", Time since last: 213275752 ns, Reaching safepoint: 6000 ns, Cleanup: 147013 ns, At safepoint: 2300 ns, Total: 155313 ns
[7.100s][info ][safepoint      ] Safepoint "ICBufferFull", Time since last: 253467534 ns, Reaching safepoint: 4001 ns, Cleanup: 127110 ns, At safepoint: 5801 ns, Total: 136912 ns
[7.218s][info ][safepoint      ] Safepoint "ICBufferFull", Time since last: 117542794 ns, Reaching safepoint: 79506 ns, Cleanup: 113810 ns, At safepoint: 8101 ns, Total: 201417 ns
[7.429s][info ][safepoint      ] Safepoint "ICBufferFull", Time since last: 210748239 ns, Reaching safepoint: 4600 ns, Cleanup: 127411 ns, At safepoint: 5300 ns, Total: 137311 ns
[7.798s][info ][safepoint      ] Safepoint "ICBufferFull", Time since last: 368987658 ns, Reaching safepoint: 4301 ns, Cleanup: 133311 ns, At safepoint: 5600 ns, Total: 143212 ns
[7.960s][info ][safepoint      ] Safepoint "ICBufferFull", Time since last: 161882626 ns, Reaching safepoint: 3201 ns, Cleanup: 99108 ns, At safepoint: 1900 ns, Total: 104209 ns
[8.620s][info ][safepoint      ] Safepoint "ICBufferFull", Time since last: 659869342 ns, Reaching safepoint: 83107 ns, Cleanup: 108509 ns, At safepoint: 11401 ns, Total: 203017 ns
[9.620s][info ][safepoint      ] Safepoint "Cleanup", Time since last: 1000119582 ns, Reaching safepoint: 80307 ns, Cleanup: 28002 ns, At safepoint: 12501 ns, Total: 120810 ns
[10.620s][info ][safepoint      ] Safepoint "Cleanup", Time since last: 1000114155 ns, Reaching safepoint: 80606 ns, Cleanup: 7501 ns, At safepoint: 13101 ns, Total: 101208 ns
[10.966s][info ][safepoint      ] Safepoint "ICBufferFull", Time since last: 345866037 ns, Reaching safepoint: 87907 ns, Cleanup: 115209 ns, At safepoint: 14101 ns, Total: 217217 ns
[11.226s][info ][safepoint      ] Safepoint "ICBufferFull", Time since last: 259731853 ns, Reaching safepoint: 94907 ns, Cleanup: 116409 ns, At safepoint: 12701 ns, Total: 224017 ns
[11.351s][info ][safepoint      ] Safepoint "ICBufferFull", Time since last: 124608480 ns, Reaching safepoint: 5301 ns, Cleanup: 139010 ns, At safepoint: 2000 ns, Total: 146311 ns
[11.476s][info ][safepoint      ] Safepoint "ICBufferFull", Time since last: 124301658 ns, Reaching safepoint: 92107 ns, Cleanup: 118209 ns, At safepoint: 22502 ns, Total: 232818 ns
[11.599s][info ][safepoint      ] Safepoint "ICBufferFull", Time since last: 122760341 ns, Reaching safepoint: 87907 ns, Cleanup: 137810 ns, At safepoint: 11801 ns, Total: 237518 ns
[12.644s][info ][safepoint      ] Safepoint "ICBufferFull", Time since last: 1045317993 ns, Reaching safepoint: 7201 ns, Cleanup: 134310 ns, At safepoint: 5700 ns, Total: 147211 ns
[13.644s][info ][safepoint      ] Safepoint "Cleanup", Time since last: 1000134492 ns, Reaching safepoint: 6401 ns, Cleanup: 67405 ns, At safepoint: 2200 ns, Total: 76006 ns
[14.645s][info ][safepoint      ] Safepoint "Cleanup", Time since last: 1000109690 ns, Reaching safepoint: 86507 ns, Cleanup: 83506 ns, At safepoint: 9201 ns, Total: 179214 ns
[15.320s][info ][safepoint      ] Safepoint "ICBufferFull", Time since last: 674847003 ns, Reaching safepoint: 5801 ns, Cleanup: 135610 ns, At safepoint: 9000 ns, Total: 150411 ns
[15.402s][info ][safepoint      ] Safepoint "ICBufferFull", Time since last: 82090780 ns, Reaching safepoint: 84907 ns, Cleanup: 123709 ns, At safepoint: 10101 ns, Total: 218717 ns
[15.467s][info ][safepoint      ] Safepoint "ICBufferFull", Time since last: 64606664 ns, Reaching safepoint: 103507 ns, Cleanup: 124510 ns, At safepoint: 18701 ns, Total: 246718 ns
[15.577s][info ][safepoint      ] Safepoint "ICBufferFull", Time since last: 110202510 ns, Reaching safepoint: 85208 ns, Cleanup: 141712 ns, At safepoint: 14401 ns, Total: 241321 ns
[15.750s][info ][safepoint      ] Safepoint "ICBufferFull", Time since last: 173181672 ns, Reaching safepoint: 5000 ns, Cleanup: 149013 ns, At safepoint: 6401 ns, Total: 160414 ns
[15.885s][info ][safepoint      ] Safepoint "ICBufferFull", Time since last: 133832593 ns, Reaching safepoint: 87407 ns, Cleanup: 130111 ns, At safepoint: 12801 ns, Total: 230319 ns
[15.983s][info ][safepoint      ] Safepoint "ICBufferFull", Time since last: 98747180 ns, Reaching safepoint: 6001 ns, Cleanup: 120310 ns, At safepoint: 2100 ns, Total: 128411 ns
[16.156s][info ][safepoint      ] Safepoint "ICBufferFull", Time since last: 172048075 ns, Reaching safepoint: 93408 ns, Cleanup: 130611 ns, At safepoint: 21602 ns, Total: 245621 ns
[16.313s][info ][safepoint      ] Safepoint "ICBufferFull", Time since last: 157239403 ns, Reaching safepoint: 6201 ns, Cleanup: 131611 ns, At safepoint: 2500 ns, Total: 140312 ns
[16.418s][info ][gc,start       ] GC(6) Pause Young (Allocation Failure)
[16.509s][debug][gc,phases      ] GC(6) Scavenge 90.303ms
[16.509s][debug][gc,ref         ] GC(6) ReferenceProcessor::execute queues: 4, RefProcThreadModel::Multi, marks_oops_alive: false
[16.510s][debug][gc,ref         ] GC(6) ReferenceProcessor::execute queues: 4, RefProcThreadModel::Multi, marks_oops_alive: true
[16.510s][debug][gc,ref         ] GC(6) ReferenceProcessor::execute queues: 4, RefProcThreadModel::Multi, marks_oops_alive: false
[16.510s][debug][gc,phases      ] GC(6) Reference Processing 1.454ms
[16.511s][debug][gc,phases      ] GC(6)   VM Weak                        Min:  0.0, Avg:  0.0, Max:  0.0, Diff:  0.0, Sum:  0.0, Workers: 4
[16.511s][debug][gc,phases      ] GC(6)     Dead                           Min: 0, Avg:  0.0, Max: 0, Diff: 0, Sum: 0, Workers: 4
[16.511s][debug][gc,phases      ] GC(6)     Total                          Min: 0, Avg: 220.0, Max: 448, Diff: 448, Sum: 880, Workers: 4
[16.511s][debug][gc,phases      ] GC(6)   ObjectSynchronizer Weak        Min:  0.0, Avg:  0.0, Max:  0.0, Diff:  0.0, Sum:  0.0, Workers: 4
[16.511s][debug][gc,phases      ] GC(6)     Dead                           Min: 0, Avg:  7.0, Max: 28, Diff: 28, Sum: 28, Workers: 4
[16.511s][debug][gc,phases      ] GC(6)     Total                          Min: 0, Avg: 14.8, Max: 59, Diff: 59, Sum: 59, Workers: 4
[16.511s][debug][gc,phases      ] GC(6)   JVMTI Tag Weak OopStorage      Min:  0.0, Avg:  0.0, Max:  0.0, Diff:  0.0, Sum:  0.0, Workers: 4
[16.511s][debug][gc,phases      ] GC(6)     Dead                           Min: 0, Avg:  0.0, Max: 0, Diff: 0, Sum: 0, Workers: 4
[16.511s][debug][gc,phases      ] GC(6)     Total                          Min: 0, Avg:  0.0, Max: 0, Diff: 0, Sum: 0, Workers: 4
[16.511s][debug][gc,phases      ] GC(6)   StringTable Weak               Min:  0.0, Avg:  0.3, Max:  0.5, Diff:  0.5, Sum:  1.4, Workers: 4
[16.511s][debug][gc,phases      ] GC(6)     Dead                           Min: 0, Avg:  9.2, Max: 23, Diff: 23, Sum: 37, Workers: 4
[16.511s][debug][gc,phases      ] GC(6)     Total                          Min: 0, Avg: 10707.2, Max: 17600, Diff: 17600, Sum: 42829, Workers: 4
[16.511s][debug][gc,phases      ] GC(6)   ResolvedMethodTable Weak       Min:  0.0, Avg:  0.2, Max:  0.2, Diff:  0.2, Sum:  0.6, Workers: 4
[16.511s][debug][gc,phases      ] GC(6)     Dead                           Min: 0, Avg: 896.0, Max: 1514, Diff: 1514, Sum: 3584, Workers: 4
[16.511s][debug][gc,phases      ] GC(6)     Total                          Min: 0, Avg: 4227.5, Max: 7296, Diff: 7296, Sum: 16910, Workers: 4
[16.511s][debug][gc,phases      ] GC(6)   JNI Weak                       Min:  0.0, Avg:  0.0, Max:  0.0, Diff:  0.0, Sum:  0.0, Workers: 4
[16.511s][debug][gc,phases      ] GC(6)     Dead                           Min: 0, Avg:  0.0, Max: 0, Diff: 0, Sum: 0, Workers: 4
[16.511s][debug][gc,phases      ] GC(6)     Total                          Min: 0, Avg: 24.5, Max: 54, Diff: 54, Sum: 98, Workers: 4
[16.511s][debug][gc,phases      ] GC(6)   StringDedup Table Weak         Min:  0.0, Avg:  0.0, Max:  0.0, Diff:  0.0, Sum:  0.0, Workers: 4
[16.511s][debug][gc,phases      ] GC(6)     Dead                           Min: 0, Avg:  0.0, Max: 0, Diff: 0, Sum: 0, Workers: 4
[16.511s][debug][gc,phases      ] GC(6)     Total                          Min: 0, Avg:  0.0, Max: 0, Diff: 0, Sum: 0, Workers: 4
[16.511s][debug][gc,phases      ] GC(6)   StringDedup Requests0 Weak     Min:  0.0, Avg:  0.0, Max:  0.0, Diff:  0.0, Sum:  0.0, Workers: 4
[16.511s][debug][gc,phases      ] GC(6)     Dead                           Min: 0, Avg:  0.0, Max: 0, Diff: 0, Sum: 0, Workers: 4
[16.511s][debug][gc,phases      ] GC(6)     Total                          Min: 0, Avg:  0.0, Max: 0, Diff: 0, Sum: 0, Workers: 4
[16.511s][debug][gc,phases      ] GC(6)   StringDedup Requests1 Weak     Min:  0.0, Avg:  0.0, Max:  0.0, Diff:  0.0, Sum:  0.0, Workers: 4
[16.511s][debug][gc,phases      ] GC(6)     Dead                           Min: 0, Avg:  0.0, Max: 0, Diff: 0, Sum: 0, Workers: 4
[16.511s][debug][gc,phases      ] GC(6)     Total                          Min: 0, Avg:  0.0, Max: 0, Diff: 0, Sum: 0, Workers: 4
[16.511s][debug][gc,phases      ] GC(6)   Weak JFR Old Object Samples    Min:  0.0, Avg:  0.0, Max:  0.0, Diff:  0.0, Sum:  0.0, Workers: 4
[16.511s][debug][gc,phases      ] GC(6)     Dead                           Min: 0, Avg:  0.0, Max: 0, Diff: 0, Sum: 0, Workers: 4
[16.511s][debug][gc,phases      ] GC(6)     Total                          Min: 0, Avg:  0.0, Max: 0, Diff: 0, Sum: 0, Workers: 4
[16.511s][debug][gc,phases      ] GC(6) Weak Processing 0.931ms
[16.511s][debug][gc,age         ] GC(6) Desired survivor size 536870912 bytes, new threshold 7 (max threshold 15)
[16.511s][info ][gc,heap        ] GC(6) PSYoungGen: 1126619K(1572864K)->142954K(1572864K) Eden: 1048576K(1048576K)->0K(1048576K) From: 78043K(524288K)->142954K(524288K)
[16.511s][info ][gc,heap        ] GC(6) ParOldGen: 5772K(6144K)->6114K(6144K)
[16.511s][info ][gc,metaspace   ] GC(6) Metaspace: 96860K(98112K)->96860K(98112K) NonClass: 81892K(82624K)->81892K(82624K) Class: 14968K(15488K)->14968K(15488K)
[16.511s][info ][gc             ] GC(6) Pause Young (Allocation Failure) 1105M->145M(1542M) 92.842ms
[16.511s][info ][gc,cpu         ] GC(6) User=0.32s Sys=0.03s Real=0.09s
[16.511s][info ][safepoint      ] Safepoint "ParallelGCFailedAllocation", Time since last: 104960013 ns, Reaching safepoint: 95009 ns, Cleanup: 112209 ns, At safepoint: 92942482 ns, Total: 93149700 ns
[16.676s][info ][safepoint      ] Safepoint "ICBufferFull", Time since last: 164113193 ns, Reaching safepoint: 81007 ns, Cleanup: 135411 ns, At safepoint: 13102 ns, Total: 229520 ns
[16.875s][info ][safepoint      ] Safepoint "ICBufferFull", Time since last: 199047493 ns, Reaching safepoint: 6900 ns, Cleanup: 155814 ns, At safepoint: 8900 ns, Total: 171614 ns
[17.045s][info ][safepoint      ] Safepoint "ICBufferFull", Time since last: 170428436 ns, Reaching safepoint: 7801 ns, Cleanup: 186116 ns, At safepoint: 9400 ns, Total: 203317 ns
[17.274s][info ][safepoint      ] Safepoint "ICBufferFull", Time since last: 228617333 ns, Reaching safepoint: 87707 ns, Cleanup: 135112 ns, At safepoint: 12901 ns, Total: 235720 ns
[17.688s][info ][safepoint      ] Safepoint "ICBufferFull", Time since last: 413448305 ns, Reaching safepoint: 157614 ns, Cleanup: 127911 ns, At safepoint: 15601 ns, Total: 301126 ns
[18.095s][info ][safepoint      ] Safepoint "ICBufferFull", Time since last: 406670044 ns, Reaching safepoint: 91207 ns, Cleanup: 156313 ns, At safepoint: 11701 ns, Total: 259221 ns
[18.587s][info ][safepoint      ] Safepoint "ICBufferFull", Time since last: 491852208 ns, Reaching safepoint: 89208 ns, Cleanup: 140212 ns, At safepoint: 12601 ns, Total: 242021 ns
[18.935s][info ][safepoint      ] Safepoint "ICBufferFull", Time since last: 347353872 ns, Reaching safepoint: 79307 ns, Cleanup: 128711 ns, At safepoint: 18101 ns, Total: 226119 ns
[18.958s][info ][gc,start       ] GC(7) Pause Young (Allocation Failure)
[19.048s][debug][gc,phases      ] GC(7) Scavenge 89.738ms
[19.048s][debug][gc,ref         ] GC(7) ReferenceProcessor::execute queues: 1, RefProcThreadModel::Single, marks_oops_alive: false
[19.048s][debug][gc,ref         ] GC(7) Skipped KeepAliveFinalRefsPhase of Reference Processing: no references
[19.048s][debug][gc,ref         ] GC(7) ReferenceProcessor::execute queues: 1, RefProcThreadModel::Single, marks_oops_alive: false
[19.048s][debug][gc,phases      ] GC(7) Reference Processing 0.174ms
[19.049s][debug][gc,phases      ] GC(7)   VM Weak                        Min:  0.0, Avg:  0.0, Max:  0.0, Diff:  0.0, Sum:  0.0, Workers: 4
[19.049s][debug][gc,phases      ] GC(7)     Dead                           Min: 0, Avg:  0.0, Max: 0, Diff: 0, Sum: 0, Workers: 4
[19.049s][debug][gc,phases      ] GC(7)     Total                          Min: 117, Avg: 221.2, Max: 384, Diff: 267, Sum: 885, Workers: 4
[19.049s][debug][gc,phases      ] GC(7)   ObjectSynchronizer Weak        Min:  0.0, Avg:  0.0, Max:  0.0, Diff:  0.0, Sum:  0.0, Workers: 4
[19.049s][debug][gc,phases      ] GC(7)     Dead                           Min: 0, Avg:  0.0, Max: 0, Diff: 0, Sum: 0, Workers: 4
[19.049s][debug][gc,phases      ] GC(7)     Total                          Min: 0, Avg: 14.8, Max: 59, Diff: 59, Sum: 59, Workers: 4
[19.049s][debug][gc,phases      ] GC(7)   JVMTI Tag Weak OopStorage      Min:  0.0, Avg:  0.0, Max:  0.0, Diff:  0.0, Sum:  0.0, Workers: 4
[19.049s][debug][gc,phases      ] GC(7)     Dead                           Min: 0, Avg:  0.0, Max: 0, Diff: 0, Sum: 0, Workers: 4
[19.049s][debug][gc,phases      ] GC(7)     Total                          Min: 0, Avg:  0.0, Max: 0, Diff: 0, Sum: 0, Workers: 4
[19.049s][debug][gc,phases      ] GC(7)   StringTable Weak               Min:  0.5, Avg:  0.5, Max:  0.5, Diff:  0.0, Sum:  1.8, Workers: 4
[19.049s][debug][gc,phases      ] GC(7)     Dead                           Min: 0, Avg:  0.5, Max: 1, Diff: 1, Sum: 2, Workers: 4
[19.049s][debug][gc,phases      ] GC(7)     Total                          Min: 10624, Avg: 10773.2, Max: 10965, Diff: 341, Sum: 43093, Workers: 4
[19.049s][debug][gc,phases      ] GC(7)   ResolvedMethodTable Weak       Min:  0.2, Avg:  0.2, Max:  0.2, Diff:  0.0, Sum:  0.6, Workers: 4
[19.049s][debug][gc,phases      ] GC(7)     Dead                           Min: 1, Avg:  7.8, Max: 26, Diff: 25, Sum: 31, Workers: 4
[19.049s][debug][gc,phases      ] GC(7)     Total                          Min: 3226, Avg: 3350.0, Max: 3474, Diff: 248, Sum: 13400, Workers: 4
[19.049s][debug][gc,phases      ] GC(7)   JNI Weak                       Min:  0.0, Avg:  0.0, Max:  0.0, Diff:  0.0, Sum:  0.0, Workers: 4
[19.049s][debug][gc,phases      ] GC(7)     Dead                           Min: 0, Avg:  0.0, Max: 0, Diff: 0, Sum: 0, Workers: 4
[19.049s][debug][gc,phases      ] GC(7)     Total                          Min: 0, Avg: 20.5, Max: 52, Diff: 52, Sum: 82, Workers: 4
[19.049s][debug][gc,phases      ] GC(7)   StringDedup Table Weak         Min:  0.0, Avg:  0.0, Max:  0.0, Diff:  0.0, Sum:  0.0, Workers: 4
[19.049s][debug][gc,phases      ] GC(7)     Dead                           Min: 0, Avg:  0.0, Max: 0, Diff: 0, Sum: 0, Workers: 4
[19.049s][debug][gc,phases      ] GC(7)     Total                          Min: 0, Avg:  0.0, Max: 0, Diff: 0, Sum: 0, Workers: 4
[19.049s][debug][gc,phases      ] GC(7)   StringDedup Requests0 Weak     Min:  0.0, Avg:  0.0, Max:  0.0, Diff:  0.0, Sum:  0.0, Workers: 4
[19.049s][debug][gc,phases      ] GC(7)     Dead                           Min: 0, Avg:  0.0, Max: 0, Diff: 0, Sum: 0, Workers: 4
[19.049s][debug][gc,phases      ] GC(7)     Total                          Min: 0, Avg:  0.0, Max: 0, Diff: 0, Sum: 0, Workers: 4
[19.049s][debug][gc,phases      ] GC(7)   StringDedup Requests1 Weak     Min:  0.0, Avg:  0.0, Max:  0.0, Diff:  0.0, Sum:  0.0, Workers: 4
[19.049s][debug][gc,phases      ] GC(7)     Dead                           Min: 0, Avg:  0.0, Max: 0, Diff: 0, Sum: 0, Workers: 4
[19.049s][debug][gc,phases      ] GC(7)     Total                          Min: 0, Avg:  0.0, Max: 0, Diff: 0, Sum: 0, Workers: 4
[19.049s][debug][gc,phases      ] GC(7)   Weak JFR Old Object Samples    Min:  0.0, Avg:  0.0, Max:  0.0, Diff:  0.0, Sum:  0.0, Workers: 4
[19.049s][debug][gc,phases      ] GC(7)     Dead                           Min: 0, Avg:  0.0, Max: 0, Diff: 0, Sum: 0, Workers: 4
[19.049s][debug][gc,phases      ] GC(7)     Total                          Min: 0, Avg:  0.0, Max: 0, Diff: 0, Sum: 0, Workers: 4
[19.049s][debug][gc,phases      ] GC(7) Weak Processing 0.863ms
[19.049s][debug][gc,age         ] GC(7) Desired survivor size 218103808 bytes, new threshold 6 (max threshold 15)
[19.049s][info ][gc,heap        ] GC(7) PSYoungGen: 1191530K(1572864K)->192633K(1572864K) Eden: 1048576K(1048576K)->0K(1048576K) From: 142954K(524288K)->192633K(524288K)
[19.049s][info ][gc,heap        ] GC(7) ParOldGen: 6114K(6144K)->6130K(6144K)
[19.049s][info ][gc,metaspace   ] GC(7) Metaspace: 97977K(99264K)->97977K(99264K) NonClass: 82982K(83712K)->82982K(83712K) Class: 14995K(15552K)->14995K(15552K)
[19.049s][info ][gc             ] GC(7) Pause Young (Allocation Failure) 1169M->194M(1542M) 90.931ms
[19.049s][info ][gc,cpu         ] GC(7) User=0.29s Sys=0.05s Real=0.09s
[19.049s][info ][safepoint      ] Safepoint "ParallelGCFailedAllocation", Time since last: 22415283 ns, Reaching safepoint: 950280 ns, Cleanup: 17301 ns, At safepoint: 91024945 ns, Total: 91992526 ns
[19.560s][info ][safepoint      ] Safepoint "ICBufferFull", Time since last: 510547178 ns, Reaching safepoint: 5901 ns, Cleanup: 130310 ns, At safepoint: 2101 ns, Total: 138312 ns
[20.042s][info ][safepoint      ] Safepoint "ICBufferFull", Time since last: 482389813 ns, Reaching safepoint: 6401 ns, Cleanup: 166314 ns, At safepoint: 7100 ns, Total: 179815 ns
[20.699s][info ][safepoint      ] Safepoint "ICBufferFull", Time since last: 656562742 ns, Reaching safepoint: 5800 ns, Cleanup: 123110 ns, At safepoint: 2101 ns, Total: 131011 ns
[21.394s][info ][safepoint      ] Safepoint "ICBufferFull", Time since last: 694890260 ns, Reaching safepoint: 80807 ns, Cleanup: 136411 ns, At safepoint: 7601 ns, Total: 224819 ns
[21.945s][info ][safepoint      ] Safepoint "ICBufferFull", Time since last: 550456830 ns, Reaching safepoint: 7000 ns, Cleanup: 137512 ns, At safepoint: 4900 ns, Total: 149412 ns
[22.249s][info ][gc,start       ] GC(8) Pause Young (Metadata GC Threshold)
[22.342s][debug][gc,phases      ] GC(8) Scavenge 93.477ms
[22.343s][debug][gc,ref         ] GC(8) ReferenceProcessor::execute queues: 1, RefProcThreadModel::Single, marks_oops_alive: false
[22.343s][debug][gc,ref         ] GC(8) Skipped KeepAliveFinalRefsPhase of Reference Processing: no references
[22.343s][debug][gc,ref         ] GC(8) ReferenceProcessor::execute queues: 1, RefProcThreadModel::Single, marks_oops_alive: false
[22.343s][debug][gc,phases      ] GC(8) Reference Processing 0.165ms
[22.343s][debug][gc,phases      ] GC(8)   VM Weak                        Min:  0.0, Avg:  0.0, Max:  0.0, Diff:  0.0, Sum:  0.0, Workers: 4
[22.343s][debug][gc,phases      ] GC(8)     Dead                           Min: 0, Avg:  0.0, Max: 0, Diff: 0, Sum: 0, Workers: 4
[22.343s][debug][gc,phases      ] GC(8)     Total                          Min: 128, Avg: 222.5, Max: 384, Diff: 256, Sum: 890, Workers: 4
[22.343s][debug][gc,phases      ] GC(8)   ObjectSynchronizer Weak        Min:  0.0, Avg:  0.0, Max:  0.0, Diff:  0.0, Sum:  0.0, Workers: 4
[22.343s][debug][gc,phases      ] GC(8)     Dead                           Min: 0, Avg:  0.0, Max: 0, Diff: 0, Sum: 0, Workers: 4
[22.343s][debug][gc,phases      ] GC(8)     Total                          Min: 0, Avg: 14.8, Max: 59, Diff: 59, Sum: 59, Workers: 4
[22.343s][debug][gc,phases      ] GC(8)   JVMTI Tag Weak OopStorage      Min:  0.0, Avg:  0.0, Max:  0.0, Diff:  0.0, Sum:  0.0, Workers: 4
[22.343s][debug][gc,phases      ] GC(8)     Dead                           Min: 0, Avg:  0.0, Max: 0, Diff: 0, Sum: 0, Workers: 4
[22.343s][debug][gc,phases      ] GC(8)     Total                          Min: 0, Avg:  0.0, Max: 0, Diff: 0, Sum: 0, Workers: 4
[22.343s][debug][gc,phases      ] GC(8)   StringTable Weak               Min:  0.5, Avg:  0.5, Max:  0.5, Diff:  0.0, Sum:  1.9, Workers: 4
[22.343s][debug][gc,phases      ] GC(8)     Dead                           Min: 0, Avg:  0.2, Max: 1, Diff: 1, Sum: 1, Workers: 4
[22.343s][debug][gc,phases      ] GC(8)     Total                          Min: 10618, Avg: 10830.5, Max: 11264, Diff: 646, Sum: 43322, Workers: 4
[22.343s][debug][gc,phases      ] GC(8)   ResolvedMethodTable Weak       Min:  0.2, Avg:  0.2, Max:  0.2, Diff:  0.0, Sum:  0.6, Workers: 4
[22.343s][debug][gc,phases      ] GC(8)     Dead                           Min: 2, Avg:  8.2, Max: 22, Diff: 20, Sum: 33, Workers: 4
[22.343s][debug][gc,phases      ] GC(8)     Total                          Min: 3298, Avg: 3367.5, Max: 3434, Diff: 136, Sum: 13470, Workers: 4
[22.343s][debug][gc,phases      ] GC(8)   JNI Weak                       Min:  0.0, Avg:  0.0, Max:  0.0, Diff:  0.0, Sum:  0.0, Workers: 4
[22.344s][debug][gc,phases      ] GC(8)     Dead                           Min: 0, Avg:  0.0, Max: 0, Diff: 0, Sum: 0, Workers: 4
[22.344s][debug][gc,phases      ] GC(8)     Total                          Min: 0, Avg: 16.0, Max: 61, Diff: 61, Sum: 64, Workers: 4
[22.344s][debug][gc,phases      ] GC(8)   StringDedup Table Weak         Min:  0.0, Avg:  0.0, Max:  0.0, Diff:  0.0, Sum:  0.0, Workers: 4
[22.344s][debug][gc,phases      ] GC(8)     Dead                           Min: 0, Avg:  0.0, Max: 0, Diff: 0, Sum: 0, Workers: 4
[22.344s][debug][gc,phases      ] GC(8)     Total                          Min: 0, Avg:  0.0, Max: 0, Diff: 0, Sum: 0, Workers: 4
[22.344s][debug][gc,phases      ] GC(8)   StringDedup Requests0 Weak     Min:  0.0, Avg:  0.0, Max:  0.0, Diff:  0.0, Sum:  0.0, Workers: 4
[22.344s][debug][gc,phases      ] GC(8)     Dead                           Min: 0, Avg:  0.0, Max: 0, Diff: 0, Sum: 0, Workers: 4
[22.344s][debug][gc,phases      ] GC(8)     Total                          Min: 0, Avg:  0.0, Max: 0, Diff: 0, Sum: 0, Workers: 4
[22.344s][debug][gc,phases      ] GC(8)   StringDedup Requests1 Weak     Min:  0.0, Avg:  0.0, Max:  0.0, Diff:  0.0, Sum:  0.0, Workers: 4
[22.344s][debug][gc,phases      ] GC(8)     Dead                           Min: 0, Avg:  0.0, Max: 0, Diff: 0, Sum: 0, Workers: 4
[22.344s][debug][gc,phases      ] GC(8)     Total                          Min: 0, Avg:  0.0, Max: 0, Diff: 0, Sum: 0, Workers: 4
[22.344s][debug][gc,phases      ] GC(8)   Weak JFR Old Object Samples    Min:  0.0, Avg:  0.0, Max:  0.0, Diff:  0.0, Sum:  0.0, Workers: 4
[22.344s][debug][gc,phases      ] GC(8)     Dead                           Min: 0, Avg:  0.0, Max: 0, Diff: 0, Sum: 0, Workers: 4
[22.344s][debug][gc,phases      ] GC(8)     Total                          Min: 0, Avg:  0.0, Max: 0, Diff: 0, Sum: 0, Workers: 4
[22.344s][debug][gc,phases      ] GC(8) Weak Processing 0.896ms
[22.344s][debug][gc,age         ] GC(8) Desired survivor size 261095424 bytes, new threshold 5 (max threshold 15)
[22.344s][info ][gc,heap        ] GC(8) PSYoungGen: 828868K(1572864K)->206749K(1800192K) Eden: 636235K(1048576K)->0K(1587200K) From: 192633K(524288K)->206749K(212992K)
[22.344s][info ][gc,heap        ] GC(8) ParOldGen: 6130K(6144K)->6138K(6144K)
[22.344s][info ][gc,metaspace   ] GC(8) Metaspace: 98476K(99648K)->98476K(99648K) NonClass: 83456K(84096K)->83456K(84096K) Class: 15019K(15552K)->15019K(15552K)
[22.344s][info ][gc             ] GC(8) Pause Young (Metadata GC Threshold) 815M->207M(1764M) 94.684ms
[22.344s][info ][gc,cpu         ] GC(8) User=0.30s Sys=0.07s Real=0.09s
[22.344s][debug][gc,phases      ] GC(9) Pre Compact 0.011ms
[22.344s][info ][gc,start       ] GC(9) Pause Full (Metadata GC Threshold)
[22.344s][info ][gc,phases,start] GC(9) Marking Phase
[22.414s][debug][gc,phases      ] GC(9) Par Mark 70.771ms
[22.415s][debug][gc,ref         ] GC(9) ReferenceProcessor::execute queues: 4, RefProcThreadModel::Multi, marks_oops_alive: false
[22.415s][debug][gc,ref         ] GC(9) Skipped KeepAliveFinalRefsPhase of Reference Processing: no references
[22.415s][debug][gc,ref         ] GC(9) ReferenceProcessor::execute queues: 1, RefProcThreadModel::Single, marks_oops_alive: false
[22.415s][debug][gc,phases      ] GC(9) Reference Processing 0.445ms
[22.415s][debug][gc,phases      ] GC(9)   VM Weak                        Min:  0.0, Avg:  0.0, Max:  0.0, Diff:  0.0, Sum:  0.0, Workers: 4
[22.415s][debug][gc,phases      ] GC(9)     Dead                           Min: 0, Avg:  0.0, Max: 0, Diff: 0, Sum: 0, Workers: 4
[22.415s][debug][gc,phases      ] GC(9)     Total                          Min: 0, Avg: 222.5, Max: 378, Diff: 378, Sum: 890, Workers: 4
[22.415s][debug][gc,phases      ] GC(9)   ObjectSynchronizer Weak        Min:  0.0, Avg:  0.0, Max:  0.0, Diff:  0.0, Sum:  0.0, Workers: 4
[22.415s][debug][gc,phases      ] GC(9)     Dead                           Min: 0, Avg:  0.0, Max: 0, Diff: 0, Sum: 0, Workers: 4
[22.415s][debug][gc,phases      ] GC(9)     Total                          Min: 0, Avg: 14.8, Max: 59, Diff: 59, Sum: 59, Workers: 4
[22.415s][debug][gc,phases      ] GC(9)   JVMTI Tag Weak OopStorage      Min:  0.0, Avg:  0.0, Max:  0.0, Diff:  0.0, Sum:  0.0, Workers: 4
[22.415s][debug][gc,phases      ] GC(9)     Dead                           Min: 0, Avg:  0.0, Max: 0, Diff: 0, Sum: 0, Workers: 4
[22.415s][debug][gc,phases      ] GC(9)     Total                          Min: 0, Avg:  0.0, Max: 0, Diff: 0, Sum: 0, Workers: 4
[22.415s][debug][gc,phases      ] GC(9)   StringTable Weak               Min:  0.2, Avg:  0.2, Max:  0.2, Diff:  0.0, Sum:  0.7, Workers: 4
[22.415s][debug][gc,phases      ] GC(9)     Dead                           Min: 0, Avg:  0.0, Max: 0, Diff: 0, Sum: 0, Workers: 4
[22.415s][debug][gc,phases      ] GC(9)     Total                          Min: 10624, Avg: 10830.5, Max: 11072, Diff: 448, Sum: 43322, Workers: 4
[22.415s][debug][gc,phases      ] GC(9)   ResolvedMethodTable Weak       Min:  0.1, Avg:  0.1, Max:  0.1, Diff:  0.0, Sum:  0.2, Workers: 4
[22.415s][debug][gc,phases      ] GC(9)     Dead                           Min: 0, Avg:  0.0, Max: 0, Diff: 0, Sum: 0, Workers: 4
[22.415s][debug][gc,phases      ] GC(9)     Total                          Min: 3242, Avg: 3367.5, Max: 3453, Diff: 211, Sum: 13470, Workers: 4
[22.415s][debug][gc,phases      ] GC(9)   JNI Weak                       Min:  0.0, Avg:  0.0, Max:  0.0, Diff:  0.0, Sum:  0.0, Workers: 4
[22.415s][debug][gc,phases      ] GC(9)     Dead                           Min: 0, Avg:  0.0, Max: 0, Diff: 0, Sum: 0, Workers: 4
[22.415s][debug][gc,phases      ] GC(9)     Total                          Min: 0, Avg: 16.0, Max: 61, Diff: 61, Sum: 64, Workers: 4
[22.415s][debug][gc,phases      ] GC(9)   StringDedup Table Weak         Min:  0.0, Avg:  0.0, Max:  0.0, Diff:  0.0, Sum:  0.0, Workers: 4
[22.415s][debug][gc,phases      ] GC(9)     Dead                           Min: 0, Avg:  0.0, Max: 0, Diff: 0, Sum: 0, Workers: 4
[22.415s][debug][gc,phases      ] GC(9)     Total                          Min: 0, Avg:  0.0, Max: 0, Diff: 0, Sum: 0, Workers: 4
[22.415s][debug][gc,phases      ] GC(9)   StringDedup Requests0 Weak     Min:  0.0, Avg:  0.0, Max:  0.0, Diff:  0.0, Sum:  0.0, Workers: 4
[22.415s][debug][gc,phases      ] GC(9)     Dead                           Min: 0, Avg:  0.0, Max: 0, Diff: 0, Sum: 0, Workers: 4
[22.415s][debug][gc,phases      ] GC(9)     Total                          Min: 0, Avg:  0.0, Max: 0, Diff: 0, Sum: 0, Workers: 4
[22.415s][debug][gc,phases      ] GC(9)   StringDedup Requests1 Weak     Min:  0.0, Avg:  0.0, Max:  0.0, Diff:  0.0, Sum:  0.0, Workers: 4
[22.415s][debug][gc,phases      ] GC(9)     Dead                           Min: 0, Avg:  0.0, Max: 0, Diff: 0, Sum: 0, Workers: 4
[22.415s][debug][gc,phases      ] GC(9)     Total                          Min: 0, Avg:  0.0, Max: 0, Diff: 0, Sum: 0, Workers: 4
[22.415s][debug][gc,phases      ] GC(9)   Weak JFR Old Object Samples    Min:  0.0, Avg:  0.0, Max:  0.0, Diff:  0.0, Sum:  0.0, Workers: 4
[22.415s][debug][gc,phases      ] GC(9)     Dead                           Min: 0, Avg:  0.0, Max: 0, Diff: 0, Sum: 0, Workers: 4
[22.415s][debug][gc,phases      ] GC(9)     Total                          Min: 0, Avg:  0.0, Max: 0, Diff: 0, Sum: 0, Workers: 4
[22.415s][debug][gc,phases      ] GC(9) Weak Processing 0.462ms
[22.416s][debug][gc,phases      ] GC(9) ClassLoaderData 0.117ms
[22.416s][debug][gc,phases      ] GC(9) Trigger cleanups 0.000ms
[22.446s][debug][gc,phases      ] GC(9) Purge Unlinked NMethods 0.418ms
[22.447s][debug][gc,phases      ] GC(9) Unregister NMethods 0.865ms
[22.447s][debug][gc,phases      ] GC(9) Free Code Blobs 0.081ms
[22.447s][debug][gc,phases      ] GC(9) Class Unloading 31.400ms
[22.447s][debug][gc,phases      ] GC(9) Report Object Count 0.001ms
[22.447s][info ][gc,phases      ] GC(9) Marking Phase 103.170ms
[22.447s][info ][gc,phases,start] GC(9) Summary Phase
[22.447s][info ][gc,phases      ] GC(9) Summary Phase 0.011ms
[22.447s][info ][gc,phases,start] GC(9) Adjust Roots
[22.468s][info ][gc,phases      ] GC(9) Adjust Roots 21.284ms
[22.468s][info ][gc,phases,start] GC(9) Compaction Phase
[23.093s][info ][gc,phases      ] GC(9) Compaction Phase 624.518ms
[23.093s][info ][gc,phases,start] GC(9) Post Compact
[23.095s][debug][gc,phases      ] GC(9) Purge Class Loader Data 1.364ms
[23.101s][info ][gc,phases      ] GC(9) Post Compact 8.182ms
[23.101s][info ][gc,heap        ] GC(9) PSYoungGen: 206749K(1800192K)->205279K(1800192K) Eden: 0K(1587200K)->0K(1587200K) From: 206749K(212992K)->205279K(212992K)
[23.101s][info ][gc,heap        ] GC(9) ParOldGen: 6138K(6144K)->6104K(6144K)
[23.101s][info ][gc,metaspace   ] GC(9) Metaspace: 98476K(99648K)->98476K(99648K) NonClass: 83456K(84096K)->83456K(84096K) Class: 15019K(15552K)->15019K(15552K)
[23.101s][info ][gc             ] GC(9) Pause Full (Metadata GC Threshold) 207M->206M(1764M) 757.343ms
[23.101s][info ][gc,cpu         ] GC(9) User=1.69s Sys=0.02s Real=0.76s
[23.103s][info ][safepoint      ] Safepoint "CollectForMetadataAllocation", Time since last: 304060237 ns, Reaching safepoint: 82907 ns, Cleanup: 86607 ns, At safepoint: 854300148 ns, Total: 854469662 ns
[24.094s][info ][safepoint      ] Safepoint "ICBufferFull", Time since last: 990813114 ns, Reaching safepoint: 80706 ns, Cleanup: 175815 ns, At safepoint: 9701 ns, Total: 266222 ns
[24.902s][info ][safepoint      ] Safepoint "ICBufferFull", Time since last: 807998560 ns, Reaching safepoint: 6900 ns, Cleanup: 129611 ns, At safepoint: 8101 ns, Total: 144612 ns
[25.903s][info ][safepoint      ] Safepoint "Cleanup", Time since last: 1000128496 ns, Reaching safepoint: 78106 ns, Cleanup: 113010 ns, At safepoint: 5900 ns, Total: 197016 ns
[26.903s][info ][safepoint      ] Safepoint "Cleanup", Time since last: 1000111319 ns, Reaching safepoint: 5900 ns, Cleanup: 67502 ns, At safepoint: 1900 ns, Total: 75302 ns
[27.903s][info ][safepoint      ] Safepoint "Cleanup", Time since last: 1000111970 ns, Reaching safepoint: 5600 ns, Cleanup: 61001 ns, At safepoint: 2001 ns, Total: 68602 ns
[28.903s][info ][safepoint      ] Safepoint "Cleanup", Time since last: 1000120128 ns, Reaching safepoint: 6301 ns, Cleanup: 48404 ns, At safepoint: 2600 ns, Total: 57305 ns
[29.903s][info ][safepoint      ] Safepoint "Cleanup", Time since last: 1000111455 ns, Reaching safepoint: 5701 ns, Cleanup: 45804 ns, At safepoint: 2100 ns, Total: 53605 ns
[30.904s][info ][safepoint      ] Safepoint "Cleanup", Time since last: 1000118255 ns, Reaching safepoint: 5701 ns, Cleanup: 22302 ns, At safepoint: 1800 ns, Total: 29803 ns
[31.904s][info ][safepoint      ] Safepoint "Cleanup", Time since last: 1000106054 ns, Reaching safepoint: 6001 ns, Cleanup: 36303 ns, At safepoint: 2600 ns, Total: 44904 ns
[32.904s][info ][safepoint      ] Safepoint "Cleanup", Time since last: 1000144258 ns, Reaching safepoint: 7301 ns, Cleanup: 16101 ns, At safepoint: 2500 ns, Total: 25902 ns
[33.904s][info ][safepoint      ] Safepoint "Cleanup", Time since last: 1000139858 ns, Reaching safepoint: 6500 ns, Cleanup: 37803 ns, At safepoint: 2700 ns, Total: 47003 ns
[34.904s][info ][safepoint      ] Safepoint "Cleanup", Time since last: 1000125018 ns, Reaching safepoint: 6601 ns, Cleanup: 26402 ns, At safepoint: 2300 ns, Total: 35303 ns
[35.904s][info ][safepoint      ] Safepoint "Cleanup", Time since last: 1000105089 ns, Reaching safepoint: 5301 ns, Cleanup: 22501 ns, At safepoint: 1801 ns, Total: 29603 ns
[36.905s][info ][safepoint      ] Safepoint "Cleanup", Time since last: 1000109789 ns, Reaching safepoint: 5700 ns, Cleanup: 18102 ns, At safepoint: 2400 ns, Total: 26202 ns
[37.905s][info ][safepoint      ] Safepoint "Cleanup", Time since last: 1000119590 ns, Reaching safepoint: 6200 ns, Cleanup: 21402 ns, At safepoint: 2000 ns, Total: 29602 ns
[38.905s][info ][safepoint      ] Safepoint "Cleanup", Time since last: 1000111790 ns, Reaching safepoint: 5300 ns, Cleanup: 7801 ns, At safepoint: 1800 ns, Total: 14901 ns
[39.905s][info ][safepoint      ] Safepoint "Cleanup", Time since last: 1000119990 ns, Reaching safepoint: 5600 ns, Cleanup: 24202 ns, At safepoint: 1900 ns, Total: 31702 ns
[40.905s][info ][safepoint      ] Safepoint "Cleanup", Time since last: 1000140292 ns, Reaching safepoint: 6801 ns, Cleanup: 21501 ns, At safepoint: 2601 ns, Total: 30903 ns
[41.905s][info ][safepoint      ] Safepoint "Cleanup", Time since last: 1000127990 ns, Reaching safepoint: 5701 ns, Cleanup: 74706 ns, At safepoint: 2000 ns, Total: 82407 ns
[42.905s][info ][safepoint      ] Safepoint "Cleanup", Time since last: 1000102176 ns, Reaching safepoint: 5801 ns, Cleanup: 18101 ns, At safepoint: 1900 ns, Total: 25802 ns
[43.906s][info ][safepoint      ] Safepoint "Cleanup", Time since last: 1000146659 ns, Reaching safepoint: 6701 ns, Cleanup: 32702 ns, At safepoint: 2300 ns, Total: 41703 ns
[44.906s][info ][safepoint      ] Safepoint "Cleanup", Time since last: 1000117057 ns, Reaching safepoint: 5901 ns, Cleanup: 22201 ns, At safepoint: 2200 ns, Total: 30302 ns
[45.906s][info ][safepoint      ] Safepoint "Cleanup", Time since last: 1000106957 ns, Reaching safepoint: 5800 ns, Cleanup: 27602 ns, At safepoint: 2700 ns, Total: 36102 ns
[46.906s][info ][safepoint      ] Safepoint "Cleanup", Time since last: 1000117257 ns, Reaching safepoint: 5801 ns, Cleanup: 15001 ns, At safepoint: 2500 ns, Total: 23302 ns
[47.906s][info ][safepoint      ] Safepoint "Cleanup", Time since last: 1000116853 ns, Reaching safepoint: 5600 ns, Cleanup: 20802 ns, At safepoint: 2100 ns, Total: 28502 ns
[48.906s][info ][safepoint      ] Safepoint "Cleanup", Time since last: 1000131725 ns, Reaching safepoint: 5601 ns, Cleanup: 14801 ns, At safepoint: 2100 ns, Total: 22502 ns
[49.907s][info ][safepoint      ] Safepoint "Cleanup", Time since last: 1000117924 ns, Reaching safepoint: 6401 ns, Cleanup: 18301 ns, At safepoint: 2300 ns, Total: 27002 ns
[50.907s][info ][safepoint      ] Safepoint "Cleanup", Time since last: 1000119658 ns, Reaching safepoint: 5201 ns, Cleanup: 19601 ns, At safepoint: 1700 ns, Total: 26502 ns
[51.907s][info ][safepoint      ] Safepoint "Cleanup", Time since last: 1000110176 ns, Reaching safepoint: 5300 ns, Cleanup: 22201 ns, At safepoint: 2401 ns, Total: 29902 ns
[52.907s][info ][safepoint      ] Safepoint "Cleanup", Time since last: 1000110175 ns, Reaching safepoint: 5800 ns, Cleanup: 18201 ns, At safepoint: 2301 ns, Total: 26302 ns
[53.907s][info ][safepoint      ] Safepoint "Cleanup", Time since last: 1000109275 ns, Reaching safepoint: 5700 ns, Cleanup: 14801 ns, At safepoint: 1900 ns, Total: 22401 ns
[54.907s][info ][safepoint      ] Safepoint "Cleanup", Time since last: 1000109847 ns, Reaching safepoint: 5900 ns, Cleanup: 9701 ns, At safepoint: 2200 ns, Total: 17801 ns
[55.907s][info ][safepoint      ] Safepoint "Cleanup", Time since last: 1000118402 ns, Reaching safepoint: 6200 ns, Cleanup: 15502 ns, At safepoint: 2200 ns, Total: 23902 ns
[56.908s][info ][safepoint      ] Safepoint "Cleanup", Time since last: 1000107600 ns, Reaching safepoint: 6001 ns, Cleanup: 41803 ns, At safepoint: 2300 ns, Total: 50104 ns
[57.908s][info ][safepoint      ] Safepoint "Cleanup", Time since last: 1000109901 ns, Reaching safepoint: 5600 ns, Cleanup: 12401 ns, At safepoint: 2401 ns, Total: 20402 ns
[58.908s][info ][safepoint      ] Safepoint "Cleanup", Time since last: 1000111108 ns, Reaching safepoint: 6000 ns, Cleanup: 39303 ns, At safepoint: 2401 ns, Total: 47704 ns
[59.908s][info ][safepoint      ] Safepoint "Cleanup", Time since last: 1000115666 ns, Reaching safepoint: 6700 ns, Cleanup: 122210 ns, At safepoint: 2700 ns, Total: 131610 ns
[61.049s][info ][safepoint      ] Safepoint "Cleanup", Time since last: 1140680752 ns, Reaching safepoint: 6001 ns, Cleanup: 16801 ns, At safepoint: 1900 ns, Total: 24702 ns
[62.049s][info ][safepoint      ] Safepoint "Cleanup", Time since last: 1000133668 ns, Reaching safepoint: 6600 ns, Cleanup: 61705 ns, At safepoint: 1900 ns, Total: 70205 ns
[63.049s][info ][safepoint      ] Safepoint "Cleanup", Time since last: 1000148669 ns, Reaching safepoint: 6100 ns, Cleanup: 35703 ns, At safepoint: 2200 ns, Total: 44003 ns
[64.049s][info ][safepoint      ] Safepoint "Cleanup", Time since last: 1000138468 ns, Reaching safepoint: 6601 ns, Cleanup: 30802 ns, At safepoint: 2300 ns, Total: 39703 ns
[65.050s][info ][safepoint      ] Safepoint "Cleanup", Time since last: 1000130868 ns, Reaching safepoint: 6000 ns, Cleanup: 12501 ns, At safepoint: 1900 ns, Total: 20401 ns
[66.050s][info ][safepoint      ] Safepoint "Cleanup", Time since last: 1000128067 ns, Reaching safepoint: 5801 ns, Cleanup: 11601 ns, At safepoint: 2000 ns, Total: 19402 ns
[67.050s][info ][safepoint      ] Safepoint "Cleanup", Time since last: 1000152521 ns, Reaching safepoint: 6901 ns, Cleanup: 20901 ns, At safepoint: 2501 ns, Total: 30303 ns
[68.743s][info ][gc,start       ] GC(10) Pause Young (Allocation Failure)
[68.827s][debug][gc,phases      ] GC(10) Scavenge 84.197ms
[68.828s][debug][gc,ref         ] GC(10) ReferenceProcessor::execute queues: 4, RefProcThreadModel::Multi, marks_oops_alive: false
[68.828s][debug][gc,ref         ] GC(10) Skipped KeepAliveFinalRefsPhase of Reference Processing: no references
[68.828s][debug][gc,ref         ] GC(10) ReferenceProcessor::execute queues: 1, RefProcThreadModel::Single, marks_oops_alive: false
[68.828s][debug][gc,phases      ] GC(10) Reference Processing 0.606ms
[68.829s][debug][gc,phases      ] GC(10)   VM Weak                        Min:  0.0, Avg:  0.0, Max:  0.0, Diff:  0.0, Sum:  0.0, Workers: 4
[68.829s][debug][gc,phases      ] GC(10)     Dead                           Min: 0, Avg:  0.0, Max: 0, Diff: 0, Sum: 0, Workers: 4
[68.829s][debug][gc,phases      ] GC(10)     Total                          Min: 0, Avg: 225.0, Max: 576, Diff: 576, Sum: 900, Workers: 4
[68.829s][debug][gc,phases      ] GC(10)   ObjectSynchronizer Weak        Min:  0.0, Avg:  0.0, Max:  0.0, Diff:  0.0, Sum:  0.0, Workers: 4
[68.829s][debug][gc,phases      ] GC(10)     Dead                           Min: 0, Avg:  0.0, Max: 0, Diff: 0, Sum: 0, Workers: 4
[68.829s][debug][gc,phases      ] GC(10)     Total                          Min: 0, Avg:  0.8, Max: 3, Diff: 3, Sum: 3, Workers: 4
[68.829s][debug][gc,phases      ] GC(10)   JVMTI Tag Weak OopStorage      Min:  0.0, Avg:  0.0, Max:  0.0, Diff:  0.0, Sum:  0.0, Workers: 4
[68.829s][debug][gc,phases      ] GC(10)     Dead                           Min: 0, Avg:  0.0, Max: 0, Diff: 0, Sum: 0, Workers: 4
[68.829s][debug][gc,phases      ] GC(10)     Total                          Min: 0, Avg:  0.0, Max: 0, Diff: 0, Sum: 0, Workers: 4
[68.829s][debug][gc,phases      ] GC(10)   StringTable Weak               Min:  0.0, Avg:  0.4, Max:  0.5, Diff:  0.5, Sum:  1.6, Workers: 4
[68.829s][debug][gc,phases      ] GC(10)     Dead                           Min: 0, Avg:  0.5, Max: 2, Diff: 2, Sum: 2, Workers: 4
[68.829s][debug][gc,phases      ] GC(10)     Total                          Min: 0, Avg: 10933.0, Max: 17920, Diff: 17920, Sum: 43732, Workers: 4
[68.829s][debug][gc,phases      ] GC(10)   ResolvedMethodTable Weak       Min:  0.0, Avg:  0.1, Max:  0.2, Diff:  0.2, Sum:  0.5, Workers: 4
[68.829s][debug][gc,phases      ] GC(10)     Dead                           Min: 0, Avg: 11.8, Max: 24, Diff: 24, Sum: 47, Workers: 4
[68.829s][debug][gc,phases      ] GC(10)     Total                          Min: 0, Avg: 3402.5, Max: 5701, Diff: 5701, Sum: 13610, Workers: 4
[68.829s][debug][gc,phases      ] GC(10)   JNI Weak                       Min:  0.0, Avg:  0.0, Max:  0.0, Diff:  0.0, Sum:  0.0, Workers: 4
[68.829s][debug][gc,phases      ] GC(10)     Dead                           Min: 0, Avg:  0.0, Max: 0, Diff: 0, Sum: 0, Workers: 4
[68.829s][debug][gc,phases      ] GC(10)     Total                          Min: 0, Avg: 13.0, Max: 52, Diff: 52, Sum: 52, Workers: 4
[68.829s][debug][gc,phases      ] GC(10)   StringDedup Table Weak         Min:  0.0, Avg:  0.0, Max:  0.0, Diff:  0.0, Sum:  0.0, Workers: 4
[68.829s][debug][gc,phases      ] GC(10)     Dead                           Min: 0, Avg:  0.0, Max: 0, Diff: 0, Sum: 0, Workers: 4
[68.829s][debug][gc,phases      ] GC(10)     Total                          Min: 0, Avg:  0.0, Max: 0, Diff: 0, Sum: 0, Workers: 4
[68.829s][debug][gc,phases      ] GC(10)   StringDedup Requests0 Weak     Min:  0.0, Avg:  0.0, Max:  0.0, Diff:  0.0, Sum:  0.0, Workers: 4
[68.829s][debug][gc,phases      ] GC(10)     Dead                           Min: 0, Avg:  0.0, Max: 0, Diff: 0, Sum: 0, Workers: 4
[68.829s][debug][gc,phases      ] GC(10)     Total                          Min: 0, Avg:  0.0, Max: 0, Diff: 0, Sum: 0, Workers: 4
[68.829s][debug][gc,phases      ] GC(10)   StringDedup Requests1 Weak     Min:  0.0, Avg:  0.0, Max:  0.0, Diff:  0.0, Sum:  0.0, Workers: 4
[68.829s][debug][gc,phases      ] GC(10)     Dead                           Min: 0, Avg:  0.0, Max: 0, Diff: 0, Sum: 0, Workers: 4
[68.829s][debug][gc,phases      ] GC(10)     Total                          Min: 0, Avg:  0.0, Max: 0, Diff: 0, Sum: 0, Workers: 4
[68.829s][debug][gc,phases      ] GC(10)   Weak JFR Old Object Samples    Min:  0.0, Avg:  0.0, Max:  0.0, Diff:  0.0, Sum:  0.0, Workers: 4
[68.829s][debug][gc,phases      ] GC(10)     Dead                           Min: 0, Avg:  0.0, Max: 0, Diff: 0, Sum: 0, Workers: 4
[68.829s][debug][gc,phases      ] GC(10)     Total                          Min: 0, Avg:  0.0, Max: 0, Diff: 0, Sum: 0, Workers: 4
[68.829s][debug][gc,phases      ] GC(10) Weak Processing 0.961ms
[68.829s][debug][gc,age         ] GC(10) Desired survivor size 258998272 bytes, new threshold 4 (max threshold 15)
[68.829s][info ][gc,heap        ] GC(10) PSYoungGen: 1792479K(1800192K)->152460K(1842176K) Eden: 1587200K(1587200K)->0K(1587200K) From: 205279K(212992K)->152460K(254976K)
[68.829s][info ][gc,heap        ] GC(10) ParOldGen: 6104K(6144K)->60465K(60928K)
[68.829s][info ][gc,metaspace   ] GC(10) Metaspace: 99187K(100416K)->99187K(100416K) NonClass: 84121K(84800K)->84121K(84800K) Class: 15066K(15616K)->15066K(15616K)
[68.829s][info ][gc             ] GC(10) Pause Young (Allocation Failure) 1756M->207M(1858M) 85.922ms
[68.829s][info ][gc,cpu         ] GC(10) User=0.30s Sys=0.03s Real=0.09s
[68.829s][info ][safepoint      ] Safepoint "ParallelGCFailedAllocation", Time since last: 1693276319 ns, Reaching safepoint: 8900 ns, Cleanup: 10501 ns, At safepoint: 86013280 ns, Total: 86032681 ns
[69.829s][info ][safepoint      ] Safepoint "Cleanup", Time since last: 1000138916 ns, Reaching safepoint: 6500 ns, Cleanup: 42303 ns, At safepoint: 2300 ns, Total: 51103 ns
[70.829s][info ][safepoint      ] Safepoint "Cleanup", Time since last: 1000111214 ns, Reaching safepoint: 6001 ns, Cleanup: 15801 ns, At safepoint: 2000 ns, Total: 23802 ns
[71.594s][info ][safepoint      ] Safepoint "ICBufferFull", Time since last: 764592420 ns, Reaching safepoint: 7101 ns, Cleanup: 136910 ns, At safepoint: 6500 ns, Total: 150511 ns
[72.594s][info ][safepoint      ] Safepoint "Cleanup", Time since last: 1000132116 ns, Reaching safepoint: 88606 ns, Cleanup: 34903 ns, At safepoint: 12500 ns, Total: 136009 ns
[73.595s][info ][safepoint      ] Safepoint "Cleanup", Time since last: 1000145407 ns, Reaching safepoint: 99908 ns, Cleanup: 46503 ns, At safepoint: 9601 ns, Total: 156012 ns
[74.595s][info ][safepoint      ] Safepoint "Cleanup", Time since last: 1000131677 ns, Reaching safepoint: 112008 ns, Cleanup: 16502 ns, At safepoint: 10601 ns, Total: 139111 ns
[76.595s][info ][safepoint      ] Safepoint "Cleanup", Time since last: 2000203822 ns, Reaching safepoint: 78706 ns, Cleanup: 6001 ns, At safepoint: 4900 ns, Total: 89607 ns
[77.596s][info ][safepoint      ] Safepoint "Cleanup", Time since last: 1000125563 ns, Reaching safepoint: 83007 ns, Cleanup: 11201 ns, At safepoint: 6400 ns, Total: 100608 ns
[78.596s][info ][safepoint      ] Safepoint "Cleanup", Time since last: 1000139565 ns, Reaching safepoint: 97707 ns, Cleanup: 10101 ns, At safepoint: 8201 ns, Total: 116009 ns
[79.596s][info ][safepoint      ] Safepoint "Cleanup", Time since last: 1000131063 ns, Reaching safepoint: 100408 ns, Cleanup: 12001 ns, At safepoint: 10801 ns, Total: 123210 ns
[80.596s][info ][safepoint      ] Safepoint "Cleanup", Time since last: 1000153466 ns, Reaching safepoint: 101108 ns, Cleanup: 18501 ns, At safepoint: 8001 ns, Total: 127610 ns
[81.597s][info ][safepoint      ] Safepoint "Cleanup", Time since last: 1000494892 ns, Reaching safepoint: 84607 ns, Cleanup: 18601 ns, At safepoint: 13701 ns, Total: 116909 ns
[82.597s][info ][safepoint      ] Safepoint "Cleanup", Time since last: 1000130926 ns, Reaching safepoint: 100607 ns, Cleanup: 16502 ns, At safepoint: 7900 ns, Total: 125009 ns
[83.597s][info ][safepoint      ] Safepoint "Cleanup", Time since last: 1000126226 ns, Reaching safepoint: 100908 ns, Cleanup: 23902 ns, At safepoint: 14601 ns, Total: 139411 ns
[84.598s][info ][safepoint      ] Safepoint "Cleanup", Time since last: 1000144528 ns, Reaching safepoint: 5600 ns, Cleanup: 25702 ns, At safepoint: 2000 ns, Total: 33302 ns
[85.598s][info ][safepoint      ] Safepoint "Cleanup", Time since last: 1000121726 ns, Reaching safepoint: 79706 ns, Cleanup: 16701 ns, At safepoint: 6601 ns, Total: 103008 ns
[86.598s][info ][safepoint      ] Safepoint "Cleanup", Time since last: 1000126226 ns, Reaching safepoint: 8701 ns, Cleanup: 12400 ns, At safepoint: 3001 ns, Total: 24102 ns
[87.598s][info ][safepoint      ] Safepoint "Cleanup", Time since last: 1000154228 ns, Reaching safepoint: 7100 ns, Cleanup: 29403 ns, At safepoint: 2700 ns, Total: 39203 ns
[88.598s][info ][safepoint      ] Safepoint "Cleanup", Time since last: 1000134327 ns, Reaching safepoint: 6400 ns, Cleanup: 15901 ns, At safepoint: 1901 ns, Total: 24202 ns
[89.599s][info ][safepoint      ] Safepoint "Cleanup", Time since last: 1000129926 ns, Reaching safepoint: 6900 ns, Cleanup: 11201 ns, At safepoint: 2001 ns, Total: 20102 ns
[90.599s][info ][safepoint      ] Safepoint "Cleanup", Time since last: 1000129789 ns, Reaching safepoint: 5901 ns, Cleanup: 7700 ns, At safepoint: 1901 ns, Total: 15502 ns
[92.599s][info ][safepoint      ] Safepoint "Cleanup", Time since last: 2000206821 ns, Reaching safepoint: 6301 ns, Cleanup: 13901 ns, At safepoint: 2300 ns, Total: 22502 ns
[93.599s][info ][safepoint      ] Safepoint "Cleanup", Time since last: 1000130813 ns, Reaching safepoint: 6200 ns, Cleanup: 6201 ns, At safepoint: 1900 ns, Total: 14301 ns
[94.599s][info ][safepoint      ] Safepoint "Cleanup", Time since last: 1000130012 ns, Reaching safepoint: 6401 ns, Cleanup: 9701 ns, At safepoint: 2100 ns, Total: 18202 ns
[95.599s][info ][safepoint      ] Safepoint "Cleanup", Time since last: 1000118912 ns, Reaching safepoint: 6200 ns, Cleanup: 15701 ns, At safepoint: 2000 ns, Total: 23901 ns
[96.599s][info ][safepoint      ] Safepoint "Cleanup", Time since last: 1000115135 ns, Reaching safepoint: 5801 ns, Cleanup: 9600 ns, At safepoint: 2300 ns, Total: 17701 ns
[97.600s][info ][safepoint      ] Safepoint "Cleanup", Time since last: 1000113806 ns, Reaching safepoint: 5700 ns, Cleanup: 13201 ns, At safepoint: 1901 ns, Total: 20802 ns
[99.600s][info ][safepoint      ] Safepoint "Cleanup", Time since last: 2000179137 ns, Reaching safepoint: 6201 ns, Cleanup: 5900 ns, At safepoint: 2000 ns, Total: 14101 ns
[100.600s][info ][safepoint      ] Safepoint "Cleanup", Time since last: 1000109789 ns, Reaching safepoint: 6200 ns, Cleanup: 6901 ns, At safepoint: 2200 ns, Total: 15301 ns
[101.600s][info ][safepoint      ] Safepoint "Cleanup", Time since last: 1000124789 ns, Reaching safepoint: 83207 ns, Cleanup: 16001 ns, At safepoint: 12601 ns, Total: 111809 ns
[102.600s][info ][safepoint      ] Safepoint "Cleanup", Time since last: 1000148091 ns, Reaching safepoint: 6701 ns, Cleanup: 14001 ns, At safepoint: 2600 ns, Total: 23302 ns
[103.601s][info ][safepoint      ] Safepoint "Cleanup", Time since last: 1000136591 ns, Reaching safepoint: 6400 ns, Cleanup: 36403 ns, At safepoint: 2700 ns, Total: 45503 ns
[104.601s][info ][safepoint      ] Safepoint "Cleanup", Time since last: 1000137691 ns, Reaching safepoint: 6200 ns, Cleanup: 19102 ns, At safepoint: 1900 ns, Total: 27202 ns
[105.601s][info ][safepoint      ] Safepoint "Cleanup", Time since last: 1000164593 ns, Reaching safepoint: 6200 ns, Cleanup: 14301 ns, At safepoint: 2600 ns, Total: 23101 ns
[106.601s][info ][safepoint      ] Safepoint "Cleanup", Time since last: 1000146988 ns, Reaching safepoint: 6901 ns, Cleanup: 12401 ns, At safepoint: 2400 ns, Total: 21702 ns
[107.601s][info ][safepoint      ] Safepoint "Cleanup", Time since last: 1000145886 ns, Reaching safepoint: 6800 ns, Cleanup: 12801 ns, At safepoint: 2400 ns, Total: 22001 ns
[109.601s][info ][safepoint      ] Safepoint "Cleanup", Time since last: 2000230466 ns, Reaching safepoint: 5601 ns, Cleanup: 8701 ns, At safepoint: 2200 ns, Total: 16502 ns
[110.602s][info ][safepoint      ] Safepoint "Cleanup", Time since last: 1000141885 ns, Reaching safepoint: 7000 ns, Cleanup: 9801 ns, At safepoint: 2500 ns, Total: 19301 ns
[111.602s][info ][safepoint      ] Safepoint "Cleanup", Time since last: 1000123384 ns, Reaching safepoint: 83106 ns, Cleanup: 19202 ns, At safepoint: 9500 ns, Total: 111808 ns
[112.602s][info ][safepoint      ] Safepoint "Cleanup", Time since last: 1000132585 ns, Reaching safepoint: 6200 ns, Cleanup: 16101 ns, At safepoint: 2001 ns, Total: 24302 ns
[113.602s][info ][safepoint      ] Safepoint "Cleanup", Time since last: 1000145985 ns, Reaching safepoint: 6301 ns, Cleanup: 31302 ns, At safepoint: 2400 ns, Total: 40003 ns
[114.602s][info ][safepoint      ] Safepoint "Cleanup", Time since last: 1000109668 ns, Reaching safepoint: 5500 ns, Cleanup: 12401 ns, At safepoint: 1800 ns, Total: 19701 ns
[115.602s][info ][safepoint      ] Safepoint "Cleanup", Time since last: 1000104706 ns, Reaching safepoint: 5601 ns, Cleanup: 17101 ns, At safepoint: 1800 ns, Total: 24502 ns
[116.244s][info ][gc,start       ] GC(11) Pause Young (Allocation Failure)
[116.316s][debug][gc,phases      ] GC(11) Scavenge 72.527ms
[116.317s][debug][gc,ref         ] GC(11) ReferenceProcessor::execute queues: 1, RefProcThreadModel::Single, marks_oops_alive: false
[116.317s][debug][gc,ref         ] GC(11) Skipped KeepAliveFinalRefsPhase of Reference Processing: no references
[116.317s][debug][gc,ref         ] GC(11) ReferenceProcessor::execute queues: 1, RefProcThreadModel::Single, marks_oops_alive: false
[116.317s][debug][gc,phases      ] GC(11) Reference Processing 0.148ms
[116.317s][debug][gc,phases      ] GC(11)   VM Weak                        Min:  0.0, Avg:  0.0, Max:  0.0, Diff:  0.0, Sum:  0.0, Workers: 4
[116.317s][debug][gc,phases      ] GC(11)     Dead                           Min: 0, Avg:  0.0, Max: 0, Diff: 0, Sum: 0, Workers: 4
[116.317s][debug][gc,phases      ] GC(11)     Total                          Min: 0, Avg: 226.0, Max: 448, Diff: 448, Sum: 904, Workers: 4
[116.317s][debug][gc,phases      ] GC(11)   ObjectSynchronizer Weak        Min:  0.0, Avg:  0.0, Max:  0.0, Diff:  0.0, Sum:  0.0, Workers: 4
[116.317s][debug][gc,phases      ] GC(11)     Dead                           Min: 0, Avg:  0.0, Max: 0, Diff: 0, Sum: 0, Workers: 4
[116.317s][debug][gc,phases      ] GC(11)     Total                          Min: 0, Avg:  1.2, Max: 5, Diff: 5, Sum: 5, Workers: 4
[116.317s][debug][gc,phases      ] GC(11)   JVMTI Tag Weak OopStorage      Min:  0.0, Avg:  0.0, Max:  0.0, Diff:  0.0, Sum:  0.0, Workers: 4
[116.317s][debug][gc,phases      ] GC(11)     Dead                           Min: 0, Avg:  0.0, Max: 0, Diff: 0, Sum: 0, Workers: 4
[116.317s][debug][gc,phases      ] GC(11)     Total                          Min: 0, Avg:  0.0, Max: 0, Diff: 0, Sum: 0, Workers: 4
[116.317s][debug][gc,phases      ] GC(11)   StringTable Weak               Min:  0.0, Avg:  0.3, Max:  0.4, Diff:  0.4, Sum:  1.2, Workers: 4
[116.317s][debug][gc,phases      ] GC(11)     Dead                           Min: 0, Avg:  0.2, Max: 1, Diff: 1, Sum: 1, Workers: 4
[116.317s][debug][gc,phases      ] GC(11)     Total                          Min: 0, Avg: 10960.8, Max: 16768, Diff: 16768, Sum: 43843, Workers: 4
[116.317s][debug][gc,phases      ] GC(11)   ResolvedMethodTable Weak       Min:  0.0, Avg:  0.1, Max:  0.2, Diff:  0.2, Sum:  0.4, Workers: 4
[116.317s][debug][gc,phases      ] GC(11)     Dead                           Min: 0, Avg:  6.8, Max: 14, Diff: 14, Sum: 27, Workers: 4
[116.317s][debug][gc,phases      ] GC(11)     Total                          Min: 0, Avg: 3420.2, Max: 5495, Diff: 5495, Sum: 13681, Workers: 4
[116.317s][debug][gc,phases      ] GC(11)   JNI Weak                       Min:  0.0, Avg:  0.0, Max:  0.0, Diff:  0.0, Sum:  0.0, Workers: 4
[116.317s][debug][gc,phases      ] GC(11)     Dead                           Min: 0, Avg:  0.0, Max: 0, Diff: 0, Sum: 0, Workers: 4
[116.317s][debug][gc,phases      ] GC(11)     Total                          Min: 0, Avg: 13.0, Max: 52, Diff: 52, Sum: 52, Workers: 4
[116.317s][debug][gc,phases      ] GC(11)   StringDedup Table Weak         Min:  0.0, Avg:  0.0, Max:  0.0, Diff:  0.0, Sum:  0.0, Workers: 4
[116.317s][debug][gc,phases      ] GC(11)     Dead                           Min: 0, Avg:  0.0, Max: 0, Diff: 0, Sum: 0, Workers: 4
[116.317s][debug][gc,phases      ] GC(11)     Total                          Min: 0, Avg:  0.0, Max: 0, Diff: 0, Sum: 0, Workers: 4
[116.317s][debug][gc,phases      ] GC(11)   StringDedup Requests0 Weak     Min:  0.0, Avg:  0.0, Max:  0.0, Diff:  0.0, Sum:  0.0, Workers: 4
[116.317s][debug][gc,phases      ] GC(11)     Dead                           Min: 0, Avg:  0.0, Max: 0, Diff: 0, Sum: 0, Workers: 4
[116.317s][debug][gc,phases      ] GC(11)     Total                          Min: 0, Avg:  0.0, Max: 0, Diff: 0, Sum: 0, Workers: 4
[116.317s][debug][gc,phases      ] GC(11)   StringDedup Requests1 Weak     Min:  0.0, Avg:  0.0, Max:  0.0, Diff:  0.0, Sum:  0.0, Workers: 4
[116.317s][debug][gc,phases      ] GC(11)     Dead                           Min: 0, Avg:  0.0, Max: 0, Diff: 0, Sum: 0, Workers: 4
[116.317s][debug][gc,phases      ] GC(11)     Total                          Min: 0, Avg:  0.0, Max: 0, Diff: 0, Sum: 0, Workers: 4
[116.317s][debug][gc,phases      ] GC(11)   Weak JFR Old Object Samples    Min:  0.0, Avg:  0.0, Max:  0.0, Diff:  0.0, Sum:  0.0, Workers: 4
[116.317s][debug][gc,phases      ] GC(11)     Dead                           Min: 0, Avg:  0.0, Max: 0, Diff: 0, Sum: 0, Workers: 4
[116.317s][debug][gc,phases      ] GC(11)     Total                          Min: 0, Avg:  0.0, Max: 0, Diff: 0, Sum: 0, Workers: 4
[116.317s][debug][gc,phases      ] GC(11) Weak Processing 0.846ms
[116.317s][debug][gc,age         ] GC(11) Desired survivor size 253755392 bytes, new threshold 3 (max threshold 15)
[116.317s][info ][gc,heap        ] GC(11) PSYoungGen: 1739660K(1842176K)->70074K(1849344K) Eden: 1587200K(1587200K)->0K(1596416K) From: 152460K(254976K)->70074K(252928K)
[116.317s][info ][gc,heap        ] GC(11) ParOldGen: 60465K(60928K)->146803K(146944K)
[116.317s][info ][gc,metaspace   ] GC(11) Metaspace: 99484K(100672K)->99484K(100672K) NonClass: 84391K(85056K)->84391K(85056K) Class: 15093K(15616K)->15093K(15616K)
[116.318s][info ][gc             ] GC(11) Pause Young (Allocation Failure) 1757M->211M(1949M) 73.672ms
[116.318s][info ][gc,cpu         ] GC(11) User=0.23s Sys=0.05s Real=0.08s
[116.318s][info ][safepoint      ] Safepoint "ParallelGCFailedAllocation", Time since last: 641312605 ns, Reaching safepoint: 5801 ns, Cleanup: 10100 ns, At safepoint: 73751109 ns, Total: 73767010 ns
[117.318s][info ][safepoint      ] Safepoint "Cleanup", Time since last: 1000126508 ns, Reaching safepoint: 6701 ns, Cleanup: 30002 ns, At safepoint: 2400 ns, Total: 39103 ns
[118.318s][info ][safepoint      ] Safepoint "Cleanup", Time since last: 1000115007 ns, Reaching safepoint: 5700 ns, Cleanup: 9201 ns, At safepoint: 1900 ns, Total: 16801 ns
[119.318s][info ][safepoint      ] Safepoint "Cleanup", Time since last: 1000102706 ns, Reaching safepoint: 6001 ns, Cleanup: 11000 ns, At safepoint: 2201 ns, Total: 19202 ns
[121.068s][info ][safepoint      ] Safepoint "Cleanup", Time since last: 1750306144 ns, Reaching safepoint: 6801 ns, Cleanup: 20301 ns, At safepoint: 2601 ns, Total: 29703 ns
[122.068s][info ][safepoint      ] Safepoint "Cleanup", Time since last: 1000138908 ns, Reaching safepoint: 6801 ns, Cleanup: 16601 ns, At safepoint: 2400 ns, Total: 25802 ns
[123.069s][info ][safepoint      ] Safepoint "Cleanup", Time since last: 1000140098 ns, Reaching safepoint: 6601 ns, Cleanup: 13801 ns, At safepoint: 2100 ns, Total: 22502 ns
[124.069s][info ][safepoint      ] Safepoint "Cleanup", Time since last: 1000114711 ns, Reaching safepoint: 5501 ns, Cleanup: 13201 ns, At safepoint: 2200 ns, Total: 20902 ns
[125.069s][info ][safepoint      ] Safepoint "Cleanup", Time since last: 1000109811 ns, Reaching safepoint: 6000 ns, Cleanup: 14301 ns, At safepoint: 2300 ns, Total: 22601 ns
[126.069s][info ][safepoint      ] Safepoint "Cleanup", Time since last: 1000109311 ns, Reaching safepoint: 5201 ns, Cleanup: 11401 ns, At safepoint: 1900 ns, Total: 18502 ns
[127.069s][info ][safepoint      ] Safepoint "Cleanup", Time since last: 1000109411 ns, Reaching safepoint: 6300 ns, Cleanup: 19702 ns, At safepoint: 1900 ns, Total: 27902 ns
[128.069s][info ][safepoint      ] Safepoint "Cleanup", Time since last: 1000114511 ns, Reaching safepoint: 5700 ns, Cleanup: 21302 ns, At safepoint: 2000 ns, Total: 29002 ns
[129.069s][info ][safepoint      ] Safepoint "Cleanup", Time since last: 1000123112 ns, Reaching safepoint: 5300 ns, Cleanup: 8901 ns, At safepoint: 1900 ns, Total: 16101 ns
[130.070s][info ][safepoint      ] Safepoint "Cleanup", Time since last: 1000133813 ns, Reaching safepoint: 5700 ns, Cleanup: 9601 ns, At safepoint: 1900 ns, Total: 17201 ns
[131.070s][info ][safepoint      ] Safepoint "Cleanup", Time since last: 1000116133 ns, Reaching safepoint: 5300 ns, Cleanup: 7701 ns, At safepoint: 2200 ns, Total: 15201 ns
[132.070s][info ][safepoint      ] Safepoint "Cleanup", Time since last: 1000112531 ns, Reaching safepoint: 5300 ns, Cleanup: 8401 ns, At safepoint: 1900 ns, Total: 15601 ns
[133.070s][info ][safepoint      ] Safepoint "Cleanup", Time since last: 1000110231 ns, Reaching safepoint: 5701 ns, Cleanup: 9100 ns, At safepoint: 2100 ns, Total: 16901 ns
[134.070s][info ][safepoint      ] Safepoint "Cleanup", Time since last: 1000115132 ns, Reaching safepoint: 5700 ns, Cleanup: 8701 ns, At safepoint: 1900 ns, Total: 16301 ns
[135.070s][info ][safepoint      ] Safepoint "Cleanup", Time since last: 1000121132 ns, Reaching safepoint: 6100 ns, Cleanup: 9601 ns, At safepoint: 2300 ns, Total: 18001 ns
[137.070s][info ][safepoint      ] Safepoint "Cleanup", Time since last: 2000182294 ns, Reaching safepoint: 5400 ns, Cleanup: 15301 ns, At safepoint: 1901 ns, Total: 22602 ns
[138.071s][info ][safepoint      ] Safepoint "Cleanup", Time since last: 1000146363 ns, Reaching safepoint: 6300 ns, Cleanup: 11001 ns, At safepoint: 21002 ns, Total: 38303 ns
[139.071s][info ][safepoint      ] Safepoint "Cleanup", Time since last: 1000131021 ns, Reaching safepoint: 6100 ns, Cleanup: 9901 ns, At safepoint: 1900 ns, Total: 17901 ns
[140.071s][info ][safepoint      ] Safepoint "Cleanup", Time since last: 1000108400 ns, Reaching safepoint: 6101 ns, Cleanup: 7800 ns, At safepoint: 1800 ns, Total: 15701 ns
[141.071s][info ][safepoint      ] Safepoint "Cleanup", Time since last: 1000146403 ns, Reaching safepoint: 7301 ns, Cleanup: 26702 ns, At safepoint: 2200 ns, Total: 36203 ns
[142.071s][info ][safepoint      ] Safepoint "Cleanup", Time since last: 1000150003 ns, Reaching safepoint: 6301 ns, Cleanup: 13801 ns, At safepoint: 2400 ns, Total: 22502 ns
[143.071s][info ][safepoint      ] Safepoint "Cleanup", Time since last: 1000136002 ns, Reaching safepoint: 5900 ns, Cleanup: 10901 ns, At safepoint: 2100 ns, Total: 18901 ns
[145.072s][info ][safepoint      ] Safepoint "Cleanup", Time since last: 2000216200 ns, Reaching safepoint: 5801 ns, Cleanup: 9900 ns, At safepoint: 1901 ns, Total: 17602 ns
[147.072s][info ][safepoint      ] Safepoint "Cleanup", Time since last: 2000233160 ns, Reaching safepoint: 6501 ns, Cleanup: 12501 ns, At safepoint: 2400 ns, Total: 21402 ns
[148.072s][info ][safepoint      ] Safepoint "Cleanup", Time since last: 1000120405 ns, Reaching safepoint: 6100 ns, Cleanup: 9301 ns, At safepoint: 2500 ns, Total: 17901 ns
[149.072s][info ][safepoint      ] Safepoint "Cleanup", Time since last: 1000140806 ns, Reaching safepoint: 5801 ns, Cleanup: 10000 ns, At safepoint: 2001 ns, Total: 17802 ns
[150.072s][info ][safepoint      ] Safepoint "Cleanup", Time since last: 1000111604 ns, Reaching safepoint: 6200 ns, Cleanup: 9001 ns, At safepoint: 2400 ns, Total: 17601 ns
[151.073s][info ][safepoint      ] Safepoint "Cleanup", Time since last: 1000148507 ns, Reaching safepoint: 6800 ns, Cleanup: 20702 ns, At safepoint: 2800 ns, Total: 30302 ns
[152.073s][info ][safepoint      ] Safepoint "Cleanup", Time since last: 1000150207 ns, Reaching safepoint: 6701 ns, Cleanup: 19301 ns, At safepoint: 2500 ns, Total: 28502 ns
[153.073s][info ][safepoint      ] Safepoint "Cleanup", Time since last: 1000160008 ns, Reaching safepoint: 6000 ns, Cleanup: 22002 ns, At safepoint: 2500 ns, Total: 30502 ns
[154.073s][info ][safepoint      ] Safepoint "Cleanup", Time since last: 1000150707 ns, Reaching safepoint: 6401 ns, Cleanup: 16001 ns, At safepoint: 2500 ns, Total: 24902 ns
[155.073s][info ][safepoint      ] Safepoint "Cleanup", Time since last: 1000154070 ns, Reaching safepoint: 6101 ns, Cleanup: 14901 ns, At safepoint: 2600 ns, Total: 23602 ns
[156.073s][info ][safepoint      ] Safepoint "Cleanup", Time since last: 1000186195 ns, Reaching safepoint: 6000 ns, Cleanup: 15602 ns, At safepoint: 2400 ns, Total: 24002 ns
[157.074s][info ][safepoint      ] Safepoint "Cleanup", Time since last: 1000153292 ns, Reaching safepoint: 6701 ns, Cleanup: 16401 ns, At safepoint: 2600 ns, Total: 25702 ns
[159.074s][info ][safepoint      ] Safepoint "Cleanup", Time since last: 2000228479 ns, Reaching safepoint: 7201 ns, Cleanup: 9501 ns, At safepoint: 2600 ns, Total: 19302 ns
[161.074s][info ][safepoint      ] Safepoint "Cleanup", Time since last: 2000255081 ns, Reaching safepoint: 6701 ns, Cleanup: 13001 ns, At safepoint: 2400 ns, Total: 22102 ns
[162.074s][info ][safepoint      ] Safepoint "Cleanup", Time since last: 1000151992 ns, Reaching safepoint: 6801 ns, Cleanup: 35502 ns, At safepoint: 2500 ns, Total: 44803 ns
[163.075s][info ][safepoint      ] Safepoint "Cleanup", Time since last: 1000125713 ns, Reaching safepoint: 7201 ns, Cleanup: 13401 ns, At safepoint: 2300 ns, Total: 22902 ns
[164.399s][info ][safepoint      ] Safepoint "Cleanup", Time since last: 1324171704 ns, Reaching safepoint: 5801 ns, Cleanup: 21601 ns, At safepoint: 1901 ns, Total: 29303 ns
[164.794s][info ][gc,start       ] GC(12) Pause Young (Allocation Failure)
[164.827s][debug][gc,phases      ] GC(12) Scavenge 32.466ms
[164.827s][debug][gc,ref         ] GC(12) ReferenceProcessor::execute queues: 1, RefProcThreadModel::Single, marks_oops_alive: false
[164.827s][debug][gc,ref         ] GC(12) Skipped KeepAliveFinalRefsPhase of Reference Processing: no references
[164.827s][debug][gc,ref         ] GC(12) ReferenceProcessor::execute queues: 1, RefProcThreadModel::Single, marks_oops_alive: false
[164.827s][debug][gc,phases      ] GC(12) Reference Processing 0.132ms
[164.827s][debug][gc,phases      ] GC(12)   VM Weak                        Min:  0.0, Avg:  0.0, Max:  0.0, Diff:  0.0, Sum:  0.0, Workers: 4
[164.827s][debug][gc,phases      ] GC(12)     Dead                           Min: 0, Avg:  0.0, Max: 0, Diff: 0, Sum: 0, Workers: 4
[164.827s][debug][gc,phases      ] GC(12)     Total                          Min: 0, Avg: 226.2, Max: 832, Diff: 832, Sum: 905, Workers: 4
[164.827s][debug][gc,phases      ] GC(12)   ObjectSynchronizer Weak        Min:  0.0, Avg:  0.0, Max:  0.0, Diff:  0.0, Sum:  0.0, Workers: 4
[164.827s][debug][gc,phases      ] GC(12)     Dead                           Min: 0, Avg:  0.0, Max: 0, Diff: 0, Sum: 0, Workers: 4
[164.827s][debug][gc,phases      ] GC(12)     Total                          Min: 0, Avg:  1.0, Max: 4, Diff: 4, Sum: 4, Workers: 4
[164.827s][debug][gc,phases      ] GC(12)   JVMTI Tag Weak OopStorage      Min:  0.0, Avg:  0.0, Max:  0.0, Diff:  0.0, Sum:  0.0, Workers: 4
[164.827s][debug][gc,phases      ] GC(12)     Dead                           Min: 0, Avg:  0.0, Max: 0, Diff: 0, Sum: 0, Workers: 4
[164.827s][debug][gc,phases      ] GC(12)     Total                          Min: 0, Avg:  0.0, Max: 0, Diff: 0, Sum: 0, Workers: 4
[164.827s][debug][gc,phases      ] GC(12)   StringTable Weak               Min:  0.0, Avg:  0.1, Max:  0.2, Diff:  0.2, Sum:  0.5, Workers: 4
[164.827s][debug][gc,phases      ] GC(12)     Dead                           Min: 0, Avg:  0.2, Max: 1, Diff: 1, Sum: 1, Workers: 4
[164.827s][debug][gc,phases      ] GC(12)     Total                          Min: 0, Avg: 10981.2, Max: 15830, Diff: 15830, Sum: 43925, Workers: 4
[164.827s][debug][gc,phases      ] GC(12)   ResolvedMethodTable Weak       Min:  0.0, Avg:  0.0, Max:  0.1, Diff:  0.1, Sum:  0.2, Workers: 4
[164.827s][debug][gc,phases      ] GC(12)     Dead                           Min: 0, Avg:  4.5, Max: 18, Diff: 18, Sum: 18, Workers: 4
[164.827s][debug][gc,phases      ] GC(12)     Total                          Min: 0, Avg: 3425.5, Max: 4887, Diff: 4887, Sum: 13702, Workers: 4
[164.827s][debug][gc,phases      ] GC(12)   JNI Weak                       Min:  0.0, Avg:  0.0, Max:  0.0, Diff:  0.0, Sum:  0.0, Workers: 4
[164.827s][debug][gc,phases      ] GC(12)     Dead                           Min: 0, Avg:  0.0, Max: 0, Diff: 0, Sum: 0, Workers: 4
[164.827s][debug][gc,phases      ] GC(12)     Total                          Min: 0, Avg: 13.0, Max: 52, Diff: 52, Sum: 52, Workers: 4
[164.827s][debug][gc,phases      ] GC(12)   StringDedup Table Weak         Min:  0.0, Avg:  0.0, Max:  0.0, Diff:  0.0, Sum:  0.0, Workers: 4
[164.827s][debug][gc,phases      ] GC(12)     Dead                           Min: 0, Avg:  0.0, Max: 0, Diff: 0, Sum: 0, Workers: 4
[164.827s][debug][gc,phases      ] GC(12)     Total                          Min: 0, Avg:  0.0, Max: 0, Diff: 0, Sum: 0, Workers: 4
[164.827s][debug][gc,phases      ] GC(12)   StringDedup Requests0 Weak     Min:  0.0, Avg:  0.0, Max:  0.0, Diff:  0.0, Sum:  0.0, Workers: 4
[164.827s][debug][gc,phases      ] GC(12)     Dead                           Min: 0, Avg:  0.0, Max: 0, Diff: 0, Sum: 0, Workers: 4
[164.827s][debug][gc,phases      ] GC(12)     Total                          Min: 0, Avg:  0.0, Max: 0, Diff: 0, Sum: 0, Workers: 4
[164.827s][debug][gc,phases      ] GC(12)   StringDedup Requests1 Weak     Min:  0.0, Avg:  0.0, Max:  0.0, Diff:  0.0, Sum:  0.0, Workers: 4
[164.827s][debug][gc,phases      ] GC(12)     Dead                           Min: 0, Avg:  0.0, Max: 0, Diff: 0, Sum: 0, Workers: 4
[164.827s][debug][gc,phases      ] GC(12)     Total                          Min: 0, Avg:  0.0, Max: 0, Diff: 0, Sum: 0, Workers: 4
[164.827s][debug][gc,phases      ] GC(12)   Weak JFR Old Object Samples    Min:  0.0, Avg:  0.0, Max:  0.0, Diff:  0.0, Sum:  0.0, Workers: 4
[164.827s][debug][gc,phases      ] GC(12)     Dead                           Min: 0, Avg:  0.0, Max: 0, Diff: 0, Sum: 0, Workers: 4
[164.827s][debug][gc,phases      ] GC(12)     Total                          Min: 0, Avg:  0.0, Max: 0, Diff: 0, Sum: 0, Workers: 4
[164.827s][debug][gc,phases      ] GC(12) Weak Processing 0.449ms
[164.827s][debug][gc,age         ] GC(12) Desired survivor size 259522560 bytes, new threshold 2 (max threshold 15)
[164.827s][info ][gc,heap        ] GC(12) PSYoungGen: 1666490K(1849344K)->6064K(1602560K) Eden: 1596416K(1596416K)->0K(1596416K) From: 70074K(252928K)->6064K(6144K)
[164.827s][info ][gc,heap        ] GC(12) ParOldGen: 146803K(146944K)->215528K(215552K)
[164.827s][info ][gc,metaspace   ] GC(12) Metaspace: 99663K(100864K)->99663K(100864K) NonClass: 84558K(85248K)->84558K(85248K) Class: 15104K(15616K)->15104K(15616K)
[164.828s][info ][gc             ] GC(12) Pause Young (Allocation Failure) 1770M->216M(1775M) 33.189ms
[164.828s][info ][gc,cpu         ] GC(12) User=0.07s Sys=0.05s Real=0.04s
[164.828s][info ][safepoint      ] Safepoint "ParallelGCFailedAllocation", Time since last: 395560704 ns, Reaching safepoint: 5401 ns, Cleanup: 8300 ns, At safepoint: 33258990 ns, Total: 33272691 ns
[165.828s][info ][safepoint      ] Safepoint "Cleanup", Time since last: 1000093149 ns, Reaching safepoint: 6100 ns, Cleanup: 10001 ns, At safepoint: 2100 ns, Total: 18201 ns
[167.828s][info ][safepoint      ] Safepoint "Cleanup", Time since last: 2000198600 ns, Reaching safepoint: 4800 ns, Cleanup: 12201 ns, At safepoint: 2000 ns, Total: 19001 ns
[168.828s][info ][safepoint      ] Safepoint "Cleanup", Time since last: 1000103351 ns, Reaching safepoint: 5800 ns, Cleanup: 9501 ns, At safepoint: 2200 ns, Total: 17501 ns
[170.828s][info ][safepoint      ] Safepoint "Cleanup", Time since last: 2000191425 ns, Reaching safepoint: 6101 ns, Cleanup: 9000 ns, At safepoint: 1900 ns, Total: 17001 ns
[171.828s][info ][safepoint      ] Safepoint "Cleanup", Time since last: 1000112998 ns, Reaching safepoint: 5201 ns, Cleanup: 11200 ns, At safepoint: 2200 ns, Total: 18601 ns
[173.829s][info ][safepoint      ] Safepoint "Cleanup", Time since last: 2000182486 ns, Reaching safepoint: 5601 ns, Cleanup: 14001 ns, At safepoint: 1800 ns, Total: 21402 ns
[174.829s][info ][safepoint      ] Safepoint "Cleanup", Time since last: 1000114280 ns, Reaching safepoint: 5601 ns, Cleanup: 10701 ns, At safepoint: 1900 ns, Total: 18202 ns
[175.829s][info ][safepoint      ] Safepoint "Cleanup", Time since last: 1000112980 ns, Reaching safepoint: 5700 ns, Cleanup: 10101 ns, At safepoint: 2100 ns, Total: 17901 ns
[176.829s][info ][safepoint      ] Safepoint "Cleanup", Time since last: 1000117181 ns, Reaching safepoint: 6000 ns, Cleanup: 11501 ns, At safepoint: 1800 ns, Total: 19301 ns
[177.829s][info ][safepoint      ] Safepoint "Cleanup", Time since last: 1000116481 ns, Reaching safepoint: 5900 ns, Cleanup: 20502 ns, At safepoint: 1900 ns, Total: 28302 ns
[178.829s][info ][safepoint      ] Safepoint "Cleanup", Time since last: 1000116087 ns, Reaching safepoint: 6301 ns, Cleanup: 17101 ns, At safepoint: 2400 ns, Total: 25802 ns
[179.829s][info ][safepoint      ] Safepoint "Cleanup", Time since last: 1000135033 ns, Reaching safepoint: 6201 ns, Cleanup: 14001 ns, At safepoint: 26002 ns, Total: 46204 ns
[181.088s][info ][safepoint      ] Safepoint "Cleanup", Time since last: 1258437021 ns, Reaching safepoint: 5400 ns, Cleanup: 8101 ns, At safepoint: 1900 ns, Total: 15401 ns
[182.088s][info ][safepoint      ] Safepoint "Cleanup", Time since last: 1000106531 ns, Reaching safepoint: 4900 ns, Cleanup: 14101 ns, At safepoint: 2100 ns, Total: 21101 ns
[183.088s][info ][safepoint      ] Safepoint "Cleanup", Time since last: 1000138834 ns, Reaching safepoint: 6000 ns, Cleanup: 12601 ns, At safepoint: 2500 ns, Total: 21101 ns
[185.088s][info ][safepoint      ] Safepoint "Cleanup", Time since last: 2000214462 ns, Reaching safepoint: 6101 ns, Cleanup: 12701 ns, At safepoint: 1900 ns, Total: 20702 ns
[186.089s][info ][safepoint      ] Safepoint "Cleanup", Time since last: 1000158134 ns, Reaching safepoint: 6301 ns, Cleanup: 12301 ns, At safepoint: 2600 ns, Total: 21202 ns
[188.089s][info ][safepoint      ] Safepoint "Cleanup", Time since last: 2000259420 ns, Reaching safepoint: 6400 ns, Cleanup: 10401 ns, At safepoint: 2400 ns, Total: 19201 ns
[189.089s][info ][safepoint      ] Safepoint "Cleanup", Time since last: 1000159334 ns, Reaching safepoint: 6600 ns, Cleanup: 13701 ns, At safepoint: 2500 ns, Total: 22801 ns
[190.089s][info ][safepoint      ] Safepoint "Cleanup", Time since last: 1000122831 ns, Reaching safepoint: 5001 ns, Cleanup: 7300 ns, At safepoint: 1900 ns, Total: 14201 ns
[191.089s][info ][safepoint      ] Safepoint "Cleanup", Time since last: 1000120531 ns, Reaching safepoint: 5000 ns, Cleanup: 7701 ns, At safepoint: 2200 ns, Total: 14901 ns
[192.089s][info ][safepoint      ] Safepoint "Cleanup", Time since last: 1000111230 ns, Reaching safepoint: 5600 ns, Cleanup: 14201 ns, At safepoint: 2101 ns, Total: 21902 ns
[193.090s][info ][safepoint      ] Safepoint "Cleanup", Time since last: 1000110930 ns, Reaching safepoint: 4900 ns, Cleanup: 14401 ns, At safepoint: 2500 ns, Total: 21801 ns
[198.090s][info ][safepoint      ] Safepoint "Cleanup", Time since last: 5000409263 ns, Reaching safepoint: 5700 ns, Cleanup: 15201 ns, At safepoint: 2000 ns, Total: 22901 ns
[200.090s][info ][safepoint      ] Safepoint "Cleanup", Time since last: 2000270657 ns, Reaching safepoint: 6201 ns, Cleanup: 10901 ns, At safepoint: 2700 ns, Total: 19802 ns
[202.091s][info ][safepoint      ] Safepoint "Cleanup", Time since last: 2000228554 ns, Reaching safepoint: 5800 ns, Cleanup: 11301 ns, At safepoint: 2000 ns, Total: 19101 ns
[203.091s][info ][safepoint      ] Safepoint "Cleanup", Time since last: 1000155399 ns, Reaching safepoint: 7000 ns, Cleanup: 10201 ns, At safepoint: 2600 ns, Total: 19801 ns
[204.091s][info ][safepoint      ] Safepoint "Cleanup", Time since last: 1000150444 ns, Reaching safepoint: 5900 ns, Cleanup: 11901 ns, At safepoint: 2400 ns, Total: 20201 ns
[205.091s][info ][safepoint      ] Safepoint "Cleanup", Time since last: 1000154544 ns, Reaching safepoint: 6400 ns, Cleanup: 15301 ns, At safepoint: 2500 ns, Total: 24201 ns
[206.091s][info ][safepoint      ] Safepoint "Cleanup", Time since last: 1000112041 ns, Reaching safepoint: 5401 ns, Cleanup: 12801 ns, At safepoint: 2000 ns, Total: 20202 ns
[207.091s][info ][safepoint      ] Safepoint "Cleanup", Time since last: 1000109851 ns, Reaching safepoint: 5600 ns, Cleanup: 9301 ns, At safepoint: 1800 ns, Total: 16701 ns
[208.091s][info ][safepoint      ] Safepoint "Cleanup", Time since last: 1000114563 ns, Reaching safepoint: 10001 ns, Cleanup: 12201 ns, At safepoint: 2500 ns, Total: 24702 ns
[210.092s][info ][safepoint      ] Safepoint "Cleanup", Time since last: 2000277029 ns, Reaching safepoint: 6501 ns, Cleanup: 10601 ns, At safepoint: 2700 ns, Total: 19802 ns
[212.092s][info ][safepoint      ] Safepoint "Cleanup", Time since last: 2000230012 ns, Reaching safepoint: 80706 ns, Cleanup: 14801 ns, At safepoint: 6300 ns, Total: 101807 ns
[213.092s][info ][safepoint      ] Safepoint "Cleanup", Time since last: 1000136443 ns, Reaching safepoint: 91106 ns, Cleanup: 13101 ns, At safepoint: 10301 ns, Total: 114508 ns
[214.093s][info ][safepoint      ] Safepoint "Cleanup", Time since last: 1000134242 ns, Reaching safepoint: 81505 ns, Cleanup: 9801 ns, At safepoint: 6401 ns, Total: 97707 ns
[216.093s][info ][safepoint      ] Safepoint "Cleanup", Time since last: 2000213881 ns, Reaching safepoint: 90306 ns, Cleanup: 11401 ns, At safepoint: 9500 ns, Total: 111207 ns
[217.093s][info ][safepoint      ] Safepoint "Cleanup", Time since last: 1000139839 ns, Reaching safepoint: 81506 ns, Cleanup: 10301 ns, At safepoint: 6500 ns, Total: 98307 ns
[217.746s][info ][gc,start       ] GC(13) Pause Young (Allocation Failure)
[217.750s][debug][gc,phases      ] GC(13) Scavenge 4.247ms
[217.750s][debug][gc,ref         ] GC(13) ReferenceProcessor::execute queues: 1, RefProcThreadModel::Single, marks_oops_alive: false
[217.750s][debug][gc,ref         ] GC(13) Skipped KeepAliveFinalRefsPhase of Reference Processing: no references
[217.750s][debug][gc,ref         ] GC(13) Skipped PhantomRefsPhase of Reference Processing: no references
[217.750s][debug][gc,phases      ] GC(13) Reference Processing 0.107ms
[217.750s][debug][gc,phases      ] GC(13)   VM Weak                        Min:  0.0, Avg:  0.0, Max:  0.0, Diff:  0.0, Sum:  0.0, Workers: 4
[217.750s][debug][gc,phases      ] GC(13)     Dead                           Min: 0, Avg:  0.0, Max: 0, Diff: 0, Sum: 0, Workers: 4
[217.750s][debug][gc,phases      ] GC(13)     Total                          Min: 0, Avg: 226.2, Max: 905, Diff: 905, Sum: 905, Workers: 4
[217.750s][debug][gc,phases      ] GC(13)   ObjectSynchronizer Weak        Min:  0.0, Avg:  0.0, Max:  0.0, Diff:  0.0, Sum:  0.0, Workers: 4
[217.750s][debug][gc,phases      ] GC(13)     Dead                           Min: 0, Avg:  0.0, Max: 0, Diff: 0, Sum: 0, Workers: 4
[217.750s][debug][gc,phases      ] GC(13)     Total                          Min: 0, Avg:  0.8, Max: 3, Diff: 3, Sum: 3, Workers: 4
[217.750s][debug][gc,phases      ] GC(13)   JVMTI Tag Weak OopStorage      Min:  0.0, Avg:  0.0, Max:  0.0, Diff:  0.0, Sum:  0.0, Workers: 4
[217.750s][debug][gc,phases      ] GC(13)     Dead                           Min: 0, Avg:  0.0, Max: 0, Diff: 0, Sum: 0, Workers: 4
[217.750s][debug][gc,phases      ] GC(13)     Total                          Min: 0, Avg:  0.0, Max: 0, Diff: 0, Sum: 0, Workers: 4
[217.750s][debug][gc,phases      ] GC(13)   StringTable Weak               Min:  0.0, Avg:  0.1, Max:  0.1, Diff:  0.1, Sum:  0.4, Workers: 4
[217.750s][debug][gc,phases      ] GC(13)     Dead                           Min: 0, Avg:  0.0, Max: 0, Diff: 0, Sum: 0, Workers: 4
[217.750s][debug][gc,phases      ] GC(13)     Total                          Min: 0, Avg: 10990.2, Max: 16256, Diff: 16256, Sum: 43961, Workers: 4
[217.750s][debug][gc,phases      ] GC(13)   ResolvedMethodTable Weak       Min:  0.0, Avg:  0.0, Max:  0.0, Diff:  0.0, Sum:  0.1, Workers: 4
[217.750s][debug][gc,phases      ] GC(13)     Dead                           Min: 0, Avg:  4.0, Max: 16, Diff: 16, Sum: 16, Workers: 4
[217.750s][debug][gc,phases      ] GC(13)     Total                          Min: 0, Avg: 3425.5, Max: 5024, Diff: 5024, Sum: 13702, Workers: 4
[217.750s][debug][gc,phases      ] GC(13)   JNI Weak                       Min:  0.0, Avg:  0.0, Max:  0.0, Diff:  0.0, Sum:  0.0, Workers: 4
[217.750s][debug][gc,phases      ] GC(13)     Dead                           Min: 0, Avg:  0.0, Max: 0, Diff: 0, Sum: 0, Workers: 4
[217.750s][debug][gc,phases      ] GC(13)     Total                          Min: 0, Avg: 13.0, Max: 52, Diff: 52, Sum: 52, Workers: 4
[217.750s][debug][gc,phases      ] GC(13)   StringDedup Table Weak         Min:  0.0, Avg:  0.0, Max:  0.0, Diff:  0.0, Sum:  0.0, Workers: 4
[217.750s][debug][gc,phases      ] GC(13)     Dead                           Min: 0, Avg:  0.0, Max: 0, Diff: 0, Sum: 0, Workers: 4
[217.750s][debug][gc,phases      ] GC(13)     Total                          Min: 0, Avg:  0.0, Max: 0, Diff: 0, Sum: 0, Workers: 4
[217.750s][debug][gc,phases      ] GC(13)   StringDedup Requests0 Weak     Min:  0.0, Avg:  0.0, Max:  0.0, Diff:  0.0, Sum:  0.0, Workers: 4
[217.750s][debug][gc,phases      ] GC(13)     Dead                           Min: 0, Avg:  0.0, Max: 0, Diff: 0, Sum: 0, Workers: 4
[217.750s][debug][gc,phases      ] GC(13)     Total                          Min: 0, Avg:  0.0, Max: 0, Diff: 0, Sum: 0, Workers: 4
[217.750s][debug][gc,phases      ] GC(13)   StringDedup Requests1 Weak     Min:  0.0, Avg:  0.0, Max:  0.0, Diff:  0.0, Sum:  0.0, Workers: 4
[217.750s][debug][gc,phases      ] GC(13)     Dead                           Min: 0, Avg:  0.0, Max: 0, Diff: 0, Sum: 0, Workers: 4
[217.751s][debug][gc,phases      ] GC(13)     Total                          Min: 0, Avg:  0.0, Max: 0, Diff: 0, Sum: 0, Workers: 4
[217.751s][debug][gc,phases      ] GC(13)   Weak JFR Old Object Samples    Min:  0.0, Avg:  0.0, Max:  0.0, Diff:  0.0, Sum:  0.0, Workers: 4
[217.751s][debug][gc,phases      ] GC(13)     Dead                           Min: 0, Avg:  0.0, Max: 0, Diff: 0, Sum: 0, Workers: 4
[217.751s][debug][gc,phases      ] GC(13)     Total                          Min: 0, Avg:  0.0, Max: 0, Diff: 0, Sum: 0, Workers: 4
[217.751s][debug][gc,phases      ] GC(13) Weak Processing 0.437ms
[217.751s][debug][gc,age         ] GC(13) Desired survivor size 262144000 bytes, new threshold 1 (max threshold 15)
[217.751s][info ][gc,heap        ] GC(13) PSYoungGen: 1602480K(1602560K)->2480K(1838592K) Eden: 1596416K(1596416K)->0K(1585152K) From: 6064K(6144K)->2480K(253440K)
[217.751s][info ][gc,heap        ] GC(13) ParOldGen: 215528K(215552K)->219228K(219648K)
[217.751s][info ][gc,metaspace   ] GC(13) Metaspace: 99779K(100928K)->99779K(100928K) NonClass: 84670K(85312K)->84670K(85312K) Class: 15108K(15616K)->15108K(15616K)
[217.751s][info ][gc             ] GC(13) Pause Young (Allocation Failure) 1775M->216M(2010M) 4.927ms
[217.751s][info ][gc,cpu         ] GC(13) User=0.02s Sys=0.00s Real=0.00s
[217.751s][info ][safepoint      ] Safepoint "ParallelGCFailedAllocation", Time since last: 652473036 ns, Reaching safepoint: 5600 ns, Cleanup: 9901 ns, At safepoint: 5000960 ns, Total: 5016461 ns
[219.751s][info ][safepoint      ] Safepoint "Cleanup", Time since last: 2000173010 ns, Reaching safepoint: 7901 ns, Cleanup: 11100 ns, At safepoint: 2201 ns, Total: 21202 ns
[221.751s][info ][safepoint      ] Safepoint "Cleanup", Time since last: 2000195645 ns, Reaching safepoint: 5401 ns, Cleanup: 16301 ns, At safepoint: 2100 ns, Total: 23802 ns
[223.751s][info ][safepoint      ] Safepoint "Cleanup", Time since last: 2000181945 ns, Reaching safepoint: 5600 ns, Cleanup: 10001 ns, At safepoint: 2200 ns, Total: 17801 ns
[225.751s][info ][safepoint      ] Safepoint "Cleanup", Time since last: 2000182645 ns, Reaching safepoint: 5401 ns, Cleanup: 10500 ns, At safepoint: 2201 ns, Total: 18102 ns
[228.752s][info ][safepoint      ] Safepoint "Cleanup", Time since last: 3000247136 ns, Reaching safepoint: 5500 ns, Cleanup: 9101 ns, At safepoint: 1900 ns, Total: 16501 ns
[229.752s][info ][safepoint      ] Safepoint "Cleanup", Time since last: 1000149911 ns, Reaching safepoint: 6400 ns, Cleanup: 13501 ns, At safepoint: 2700 ns, Total: 22601 ns
[231.752s][info ][safepoint      ] Safepoint "Cleanup", Time since last: 2000225716 ns, Reaching safepoint: 5401 ns, Cleanup: 11100 ns, At safepoint: 2201 ns, Total: 18702 ns
[240.753s][info ][safepoint      ] Safepoint "Cleanup", Time since last: 9000671031 ns, Reaching safepoint: 6101 ns, Cleanup: 20001 ns, At safepoint: 26702 ns, Total: 52804 ns
[241.753s][info ][safepoint      ] Safepoint "Cleanup", Time since last: 1000113348 ns, Reaching safepoint: 5501 ns, Cleanup: 13901 ns, At safepoint: 2200 ns, Total: 21602 ns
[243.753s][info ][safepoint      ] Safepoint "Cleanup", Time since last: 2000192814 ns, Reaching safepoint: 7100 ns, Cleanup: 10301 ns, At safepoint: 2600 ns, Total: 20001 ns
[245.753s][info ][safepoint      ] Safepoint "Cleanup", Time since last: 2000209135 ns, Reaching safepoint: 5300 ns, Cleanup: 7101 ns, At safepoint: 1900 ns, Total: 14301 ns
[247.754s][info ][safepoint      ] Safepoint "Cleanup", Time since last: 2000244837 ns, Reaching safepoint: 6500 ns, Cleanup: 12401 ns, At safepoint: 2600 ns, Total: 21501 ns
[248.754s][info ][safepoint      ] Safepoint "Cleanup", Time since last: 1000118119 ns, Reaching safepoint: 5700 ns, Cleanup: 9601 ns, At safepoint: 2000 ns, Total: 17301 ns
[250.754s][info ][safepoint      ] Safepoint "Cleanup", Time since last: 2000202570 ns, Reaching safepoint: 5601 ns, Cleanup: 11600 ns, At safepoint: 1900 ns, Total: 19101 ns
[252.754s][info ][safepoint      ] Safepoint "Cleanup", Time since last: 2000226165 ns, Reaching safepoint: 5400 ns, Cleanup: 10901 ns, At safepoint: 1900 ns, Total: 18201 ns
[253.754s][info ][safepoint      ] Safepoint "Cleanup", Time since last: 1000162485 ns, Reaching safepoint: 8100 ns, Cleanup: 13101 ns, At safepoint: 3300 ns, Total: 24501 ns
[257.755s][info ][safepoint      ] Safepoint "Cleanup", Time since last: 4000420052 ns, Reaching safepoint: 6401 ns, Cleanup: 8600 ns, At safepoint: 2501 ns, Total: 17502 ns
[260.755s][info ][safepoint      ] Safepoint "Cleanup", Time since last: 3000250104 ns, Reaching safepoint: 5600 ns, Cleanup: 9701 ns, At safepoint: 2300 ns, Total: 17601 ns
[261.755s][info ][safepoint      ] Safepoint "Cleanup", Time since last: 1000110236 ns, Reaching safepoint: 5900 ns, Cleanup: 29002 ns, At safepoint: 2100 ns, Total: 37002 ns
[262.755s][info ][safepoint      ] Safepoint "Cleanup", Time since last: 1000107935 ns, Reaching safepoint: 5601 ns, Cleanup: 9000 ns, At safepoint: 1901 ns, Total: 16502 ns
[265.756s][info ][safepoint      ] Safepoint "Cleanup", Time since last: 3000258201 ns, Reaching safepoint: 6200 ns, Cleanup: 47804 ns, At safepoint: 2000 ns, Total: 56004 ns
[266.756s][info ][safepoint      ] Safepoint "Cleanup", Time since last: 1000101925 ns, Reaching safepoint: 5001 ns, Cleanup: 27302 ns, At safepoint: 2100 ns, Total: 34403 ns
[267.756s][info ][safepoint      ] Safepoint "Cleanup", Time since last: 1000140655 ns, Reaching safepoint: 5801 ns, Cleanup: 31402 ns, At safepoint: 2700 ns, Total: 39903 ns
[268.756s][info ][safepoint      ] Safepoint "Cleanup", Time since last: 1000133855 ns, Reaching safepoint: 5801 ns, Cleanup: 18401 ns, At safepoint: 2600 ns, Total: 26802 ns
[269.756s][info ][safepoint      ] Safepoint "Cleanup", Time since last: 1000158357 ns, Reaching safepoint: 5800 ns, Cleanup: 7601 ns, At safepoint: 2600 ns, Total: 16001 ns
[270.757s][info ][safepoint      ] Safepoint "Cleanup", Time since last: 1000118154 ns, Reaching safepoint: 4601 ns, Cleanup: 20901 ns, At safepoint: 1700 ns, Total: 27202 ns
[271.757s][info ][safepoint      ] Safepoint "Cleanup", Time since last: 1000113454 ns, Reaching safepoint: 5900 ns, Cleanup: 14601 ns, At safepoint: 1801 ns, Total: 22302 ns
[272.757s][info ][safepoint      ] Safepoint "Cleanup", Time since last: 1000144155 ns, Reaching safepoint: 6101 ns, Cleanup: 10401 ns, At safepoint: 2500 ns, Total: 19002 ns
[273.757s][info ][safepoint      ] Safepoint "Cleanup", Time since last: 1000150456 ns, Reaching safepoint: 5901 ns, Cleanup: 8700 ns, At safepoint: 2800 ns, Total: 17401 ns
[274.757s][info ][safepoint      ] Safepoint "Cleanup", Time since last: 1000151729 ns, Reaching safepoint: 6501 ns, Cleanup: 11001 ns, At safepoint: 2800 ns, Total: 20302 ns
[276.757s][info ][safepoint      ] Safepoint "Cleanup", Time since last: 2000239358 ns, Reaching safepoint: 6901 ns, Cleanup: 10100 ns, At safepoint: 2801 ns, Total: 19802 ns
[277.758s][info ][safepoint      ] Safepoint "Cleanup", Time since last: 1000139780 ns, Reaching safepoint: 5501 ns, Cleanup: 11800 ns, At safepoint: 1801 ns, Total: 19102 ns
[278.758s][info ][safepoint      ] Safepoint "Cleanup", Time since last: 1000128779 ns, Reaching safepoint: 5901 ns, Cleanup: 14401 ns, At safepoint: 2100 ns, Total: 22402 ns
[279.758s][info ][safepoint      ] Safepoint "Cleanup", Time since last: 1000146581 ns, Reaching safepoint: 6801 ns, Cleanup: 19301 ns, At safepoint: 2500 ns, Total: 28602 ns
[280.758s][info ][safepoint      ] Safepoint "Cleanup", Time since last: 1000152882 ns, Reaching safepoint: 6600 ns, Cleanup: 20802 ns, At safepoint: 2500 ns, Total: 29902 ns
[281.758s][info ][safepoint      ] Safepoint "Cleanup", Time since last: 1000118479 ns, Reaching safepoint: 5500 ns, Cleanup: 17901 ns, At safepoint: 2501 ns, Total: 25902 ns
[283.048s][info ][safepoint      ] Safepoint "Cleanup", Time since last: 1289782112 ns, Reaching safepoint: 5100 ns, Cleanup: 54404 ns, At safepoint: 2000 ns, Total: 61504 ns
[284.048s][info ][safepoint      ] Safepoint "Cleanup", Time since last: 1000111959 ns, Reaching safepoint: 5400 ns, Cleanup: 22302 ns, At safepoint: 6200 ns, Total: 33902 ns
[285.048s][info ][safepoint      ] Safepoint "Cleanup", Time since last: 1000106858 ns, Reaching safepoint: 4800 ns, Cleanup: 16902 ns, At safepoint: 1900 ns, Total: 23602 ns
[286.049s][info ][safepoint      ] Safepoint "Cleanup", Time since last: 1000111158 ns, Reaching safepoint: 5201 ns, Cleanup: 10200 ns, At safepoint: 2000 ns, Total: 17401 ns
[286.444s][info ][gc,start       ] GC(14) Pause Young (Allocation Failure)
[286.446s][debug][gc,phases      ] GC(14) Scavenge 2.360ms
[286.447s][debug][gc,ref         ] GC(14) ReferenceProcessor::execute queues: 1, RefProcThreadModel::Single, marks_oops_alive: false
[286.447s][debug][gc,ref         ] GC(14) Skipped KeepAliveFinalRefsPhase of Reference Processing: no references
[286.447s][debug][gc,ref         ] GC(14) ReferenceProcessor::execute queues: 1, RefProcThreadModel::Single, marks_oops_alive: false
[286.447s][debug][gc,phases      ] GC(14) Reference Processing 0.120ms
[286.447s][debug][gc,phases      ] GC(14)   VM Weak                        Min:  0.0, Avg:  0.0, Max:  0.0, Diff:  0.0, Sum:  0.0, Workers: 4
[286.447s][debug][gc,phases      ] GC(14)     Dead                           Min: 0, Avg:  0.0, Max: 0, Diff: 0, Sum: 0, Workers: 4
[286.447s][debug][gc,phases      ] GC(14)     Total                          Min: 0, Avg: 232.0, Max: 576, Diff: 576, Sum: 928, Workers: 4
[286.447s][debug][gc,phases      ] GC(14)   ObjectSynchronizer Weak        Min:  0.0, Avg:  0.0, Max:  0.0, Diff:  0.0, Sum:  0.0, Workers: 4
[286.447s][debug][gc,phases      ] GC(14)     Dead                           Min: 0, Avg:  0.0, Max: 0, Diff: 0, Sum: 0, Workers: 4
[286.447s][debug][gc,phases      ] GC(14)     Total                          Min: 0, Avg:  1.0, Max: 4, Diff: 4, Sum: 4, Workers: 4
[286.447s][debug][gc,phases      ] GC(14)   JVMTI Tag Weak OopStorage      Min:  0.0, Avg:  0.0, Max:  0.0, Diff:  0.0, Sum:  0.0, Workers: 4
[286.447s][debug][gc,phases      ] GC(14)     Dead                           Min: 0, Avg:  0.0, Max: 0, Diff: 0, Sum: 0, Workers: 4
[286.447s][debug][gc,phases      ] GC(14)     Total                          Min: 0, Avg:  0.0, Max: 0, Diff: 0, Sum: 0, Workers: 4
[286.447s][debug][gc,phases      ] GC(14)   StringTable Weak               Min:  0.0, Avg:  0.1, Max:  0.1, Diff:  0.1, Sum:  0.4, Workers: 4
[286.447s][debug][gc,phases      ] GC(14)     Dead                           Min: 0, Avg:  0.8, Max: 3, Diff: 3, Sum: 3, Workers: 4
[286.447s][debug][gc,phases      ] GC(14)     Total                          Min: 0, Avg: 11012.8, Max: 15872, Diff: 15872, Sum: 44051, Workers: 4
[286.447s][debug][gc,phases      ] GC(14)   ResolvedMethodTable Weak       Min:  0.0, Avg:  0.0, Max:  0.0, Diff:  0.0, Sum:  0.1, Workers: 4
[286.447s][debug][gc,phases      ] GC(14)     Dead                           Min: 0, Avg: 11.8, Max: 22, Diff: 22, Sum: 47, Workers: 4
[286.447s][debug][gc,phases      ] GC(14)     Total                          Min: 0, Avg: 3458.0, Max: 4848, Diff: 4848, Sum: 13832, Workers: 4
[286.447s][debug][gc,phases      ] GC(14)   JNI Weak                       Min:  0.0, Avg:  0.0, Max:  0.0, Diff:  0.0, Sum:  0.0, Workers: 4
[286.447s][debug][gc,phases      ] GC(14)     Dead                           Min: 0, Avg:  0.0, Max: 0, Diff: 0, Sum: 0, Workers: 4
[286.447s][debug][gc,phases      ] GC(14)     Total                          Min: 0, Avg: 13.0, Max: 52, Diff: 52, Sum: 52, Workers: 4
[286.447s][debug][gc,phases      ] GC(14)   StringDedup Table Weak         Min:  0.0, Avg:  0.0, Max:  0.0, Diff:  0.0, Sum:  0.0, Workers: 4
[286.447s][debug][gc,phases      ] GC(14)     Dead                           Min: 0, Avg:  0.0, Max: 0, Diff: 0, Sum: 0, Workers: 4
[286.447s][debug][gc,phases      ] GC(14)     Total                          Min: 0, Avg:  0.0, Max: 0, Diff: 0, Sum: 0, Workers: 4
[286.447s][debug][gc,phases      ] GC(14)   StringDedup Requests0 Weak     Min:  0.0, Avg:  0.0, Max:  0.0, Diff:  0.0, Sum:  0.0, Workers: 4
[286.447s][debug][gc,phases      ] GC(14)     Dead                           Min: 0, Avg:  0.0, Max: 0, Diff: 0, Sum: 0, Workers: 4
[286.447s][debug][gc,phases      ] GC(14)     Total                          Min: 0, Avg:  0.0, Max: 0, Diff: 0, Sum: 0, Workers: 4
[286.447s][debug][gc,phases      ] GC(14)   StringDedup Requests1 Weak     Min:  0.0, Avg:  0.0, Max:  0.0, Diff:  0.0, Sum:  0.0, Workers: 4
[286.447s][debug][gc,phases      ] GC(14)     Dead                           Min: 0, Avg:  0.0, Max: 0, Diff: 0, Sum: 0, Workers: 4
[286.447s][debug][gc,phases      ] GC(14)     Total                          Min: 0, Avg:  0.0, Max: 0, Diff: 0, Sum: 0, Workers: 4
[286.447s][debug][gc,phases      ] GC(14)   Weak JFR Old Object Samples    Min:  0.0, Avg:  0.0, Max:  0.0, Diff:  0.0, Sum:  0.0, Workers: 4
[286.447s][debug][gc,phases      ] GC(14)     Dead                           Min: 0, Avg:  0.0, Max: 0, Diff: 0, Sum: 0, Workers: 4
[286.447s][debug][gc,phases      ] GC(14)     Total                          Min: 0, Avg:  0.0, Max: 0, Diff: 0, Sum: 0, Workers: 4
[286.447s][debug][gc,phases      ] GC(14) Weak Processing 0.426ms
[286.447s][debug][gc,age         ] GC(14) Desired survivor size 261619712 bytes, new threshold 1 (max threshold 15)
[286.447s][info ][gc,heap        ] GC(14) PSYoungGen: 1587632K(1838592K)->2592K(1841152K) Eden: 1585152K(1585152K)->0K(1585152K) From: 2480K(253440K)->2592K(256000K)
[286.447s][info ][gc,heap        ] GC(14) ParOldGen: 219228K(219648K)->219693K(220160K)
[286.447s][info ][gc,metaspace   ] GC(14) Metaspace: 100076K(101312K)->100076K(101312K) NonClass: 84932K(85632K)->84932K(85632K) Class: 15144K(15680K)->15144K(15680K)
[286.447s][info ][gc             ] GC(14) Pause Young (Allocation Failure) 1764M->217M(2013M) 3.044ms
[286.447s][info ][gc,cpu         ] GC(14) User=0.00s Sys=0.00s Real=0.01s
[286.447s][info ][safepoint      ] Safepoint "ParallelGCFailedAllocation", Time since last: 395428861 ns, Reaching safepoint: 98407 ns, Cleanup: 15501 ns, At safepoint: 3129719 ns, Total: 3243627 ns
[287.447s][info ][safepoint      ] Safepoint "Cleanup", Time since last: 1000124359 ns, Reaching safepoint: 6201 ns, Cleanup: 13301 ns, At safepoint: 2400 ns, Total: 21902 ns
[288.447s][info ][safepoint      ] Safepoint "Cleanup", Time since last: 1000117559 ns, Reaching safepoint: 5400 ns, Cleanup: 9601 ns, At safepoint: 1900 ns, Total: 16901 ns
[289.448s][info ][safepoint      ] Safepoint "Cleanup", Time since last: 1000150061 ns, Reaching safepoint: 6100 ns, Cleanup: 14701 ns, At safepoint: 2500 ns, Total: 23301 ns
[290.448s][info ][safepoint      ] Safepoint "Cleanup", Time since last: 1000114968 ns, Reaching safepoint: 5301 ns, Cleanup: 9400 ns, At safepoint: 1901 ns, Total: 16602 ns
[291.448s][info ][safepoint      ] Safepoint "Cleanup", Time since last: 1000140146 ns, Reaching safepoint: 7100 ns, Cleanup: 10201 ns, At safepoint: 2400 ns, Total: 19701 ns
[294.448s][info ][safepoint      ] Safepoint "Cleanup", Time since last: 3000322433 ns, Reaching safepoint: 6200 ns, Cleanup: 14101 ns, At safepoint: 6501 ns, Total: 26802 ns
[295.448s][info ][safepoint      ] Safepoint "Cleanup", Time since last: 1000117045 ns, Reaching safepoint: 6100 ns, Cleanup: 13601 ns, At safepoint: 2100 ns, Total: 21801 ns
[296.449s][info ][safepoint      ] Safepoint "Cleanup", Time since last: 1000114545 ns, Reaching safepoint: 5300 ns, Cleanup: 10301 ns, At safepoint: 2300 ns, Total: 17901 ns
[297.449s][info ][safepoint      ] Safepoint "Cleanup", Time since last: 1000103107 ns, Reaching safepoint: 6200 ns, Cleanup: 8401 ns, At safepoint: 2400 ns, Total: 17001 ns
[299.449s][info ][safepoint      ] Safepoint "Cleanup", Time since last: 2000203327 ns, Reaching safepoint: 5801 ns, Cleanup: 16401 ns, At safepoint: 1900 ns, Total: 24102 ns
[301.129s][info ][safepoint      ] Safepoint "Cleanup", Time since last: 1679605893 ns, Reaching safepoint: 6401 ns, Cleanup: 7800 ns, At safepoint: 2300 ns, Total: 16501 ns
[302.129s][info ][safepoint      ] Safepoint "Cleanup", Time since last: 1000120223 ns, Reaching safepoint: 6001 ns, Cleanup: 13801 ns, At safepoint: 27702 ns, Total: 47504 ns
[305.129s][info ][safepoint      ] Safepoint "Cleanup", Time since last: 3000239760 ns, Reaching safepoint: 6301 ns, Cleanup: 10301 ns, At safepoint: 2100 ns, Total: 18702 ns
[306.129s][info ][safepoint      ] Safepoint "Cleanup", Time since last: 1000147125 ns, Reaching safepoint: 6700 ns, Cleanup: 10601 ns, At safepoint: 2300 ns, Total: 19601 ns
[308.129s][info ][safepoint      ] Safepoint "Cleanup", Time since last: 2000245480 ns, Reaching safepoint: 5301 ns, Cleanup: 9200 ns, At safepoint: 2001 ns, Total: 16502 ns
[309.129s][info ][safepoint      ] Safepoint "Cleanup", Time since last: 1000111623 ns, Reaching safepoint: 4901 ns, Cleanup: 11101 ns, At safepoint: 2200 ns, Total: 18202 ns
[310.130s][info ][safepoint      ] Safepoint "Cleanup", Time since last: 1000141926 ns, Reaching safepoint: 7100 ns, Cleanup: 11001 ns, At safepoint: 2900 ns, Total: 21001 ns
[311.130s][info ][safepoint      ] Safepoint "Cleanup", Time since last: 1000164427 ns, Reaching safepoint: 6601 ns, Cleanup: 19601 ns, At safepoint: 2400 ns, Total: 28602 ns
[312.403s][info ][safepoint      ] Safepoint "Cleanup", Time since last: 1273354718 ns, Reaching safepoint: 7200 ns, Cleanup: 142810 ns, At safepoint: 8000 ns, Total: 158010 ns
[315.404s][info ][safepoint      ] Safepoint "Cleanup", Time since last: 3000313211 ns, Reaching safepoint: 6100 ns, Cleanup: 9201 ns, At safepoint: 1900 ns, Total: 17201 ns
[316.404s][info ][safepoint      ] Safepoint "Cleanup", Time since last: 1000108175 ns, Reaching safepoint: 5600 ns, Cleanup: 15101 ns, At safepoint: 2400 ns, Total: 23101 ns
[317.404s][info ][safepoint      ] Safepoint "Cleanup", Time since last: 1000110376 ns, Reaching safepoint: 6200 ns, Cleanup: 12001 ns, At safepoint: 26201 ns, Total: 44402 ns
[319.404s][info ][safepoint      ] Safepoint "Cleanup", Time since last: 2000189743 ns, Reaching safepoint: 6600 ns, Cleanup: 9701 ns, At safepoint: 2200 ns, Total: 18501 ns
[320.404s][info ][safepoint      ] Safepoint "Cleanup", Time since last: 1000111931 ns, Reaching safepoint: 5701 ns, Cleanup: 9300 ns, At safepoint: 2300 ns, Total: 17301 ns
[321.404s][info ][safepoint      ] Safepoint "Cleanup", Time since last: 1000123233 ns, Reaching safepoint: 7300 ns, Cleanup: 11601 ns, At safepoint: 2100 ns, Total: 21001 ns
[324.405s][info ][safepoint      ] Safepoint "Cleanup", Time since last: 3000322103 ns, Reaching safepoint: 5700 ns, Cleanup: 27302 ns, At safepoint: 2200 ns, Total: 35202 ns
[326.405s][info ][safepoint      ] Safepoint "Cleanup", Time since last: 2000213266 ns, Reaching safepoint: 6801 ns, Cleanup: 67704 ns, At safepoint: 3501 ns, Total: 78006 ns
[327.405s][info ][safepoint      ] Safepoint "Cleanup", Time since last: 1000175537 ns, Reaching safepoint: 6801 ns, Cleanup: 18201 ns, At safepoint: 2500 ns, Total: 27502 ns
[328.405s][info ][safepoint      ] Safepoint "Cleanup", Time since last: 1000146636 ns, Reaching safepoint: 7200 ns, Cleanup: 11101 ns, At safepoint: 2400 ns, Total: 20701 ns
[329.406s][info ][safepoint      ] Safepoint "Cleanup", Time since last: 1000162837 ns, Reaching safepoint: 6401 ns, Cleanup: 15601 ns, At safepoint: 2600 ns, Total: 24602 ns
[330.406s][info ][safepoint      ] Safepoint "Cleanup", Time since last: 1000152136 ns, Reaching safepoint: 6300 ns, Cleanup: 12801 ns, At safepoint: 2400 ns, Total: 21501 ns
[331.406s][info ][safepoint      ] Safepoint "Cleanup", Time since last: 1000104782 ns, Reaching safepoint: 4600 ns, Cleanup: 12101 ns, At safepoint: 2200 ns, Total: 18901 ns
[332.406s][info ][safepoint      ] Safepoint "Cleanup", Time since last: 1000097929 ns, Reaching safepoint: 5901 ns, Cleanup: 8000 ns, At safepoint: 2101 ns, Total: 16002 ns
[333.406s][info ][safepoint      ] Safepoint "Cleanup", Time since last: 1000135832 ns, Reaching safepoint: 6500 ns, Cleanup: 11601 ns, At safepoint: 2400 ns, Total: 20501 ns
[334.406s][info ][safepoint      ] Safepoint "Cleanup", Time since last: 1000149433 ns, Reaching safepoint: 6400 ns, Cleanup: 9101 ns, At safepoint: 2400 ns, Total: 17901 ns
[335.407s][info ][safepoint      ] Safepoint "Cleanup", Time since last: 1000162734 ns, Reaching safepoint: 6500 ns, Cleanup: 10101 ns, At safepoint: 2700 ns, Total: 19301 ns
[337.407s][info ][safepoint      ] Safepoint "Cleanup", Time since last: 2000218961 ns, Reaching safepoint: 5700 ns, Cleanup: 11601 ns, At safepoint: 2200 ns, Total: 19501 ns
[338.407s][info ][safepoint      ] Safepoint "Cleanup", Time since last: 1000146674 ns, Reaching safepoint: 6801 ns, Cleanup: 10300 ns, At safepoint: 2300 ns, Total: 19401 ns
[342.407s][info ][safepoint      ] Safepoint "Cleanup", Time since last: 4000436591 ns, Reaching safepoint: 9201 ns, Cleanup: 15001 ns, At safepoint: 3700 ns, Total: 27902 ns
[343.408s][info ][safepoint      ] Safepoint "Cleanup", Time since last: 1000161098 ns, Reaching safepoint: 6701 ns, Cleanup: 9001 ns, At safepoint: 2500 ns, Total: 18202 ns
[344.408s][info ][safepoint      ] Safepoint "Cleanup", Time since last: 1000138797 ns, Reaching safepoint: 6000 ns, Cleanup: 8501 ns, At safepoint: 2000 ns, Total: 16501 ns
[345.408s][info ][safepoint      ] Safepoint "Cleanup", Time since last: 1000143497 ns, Reaching safepoint: 6400 ns, Cleanup: 8901 ns, At safepoint: 2600 ns, Total: 17901 ns
[346.408s][info ][safepoint      ] Safepoint "Cleanup", Time since last: 1000109395 ns, Reaching safepoint: 5800 ns, Cleanup: 10701 ns, At safepoint: 2000 ns, Total: 18501 ns
[351.408s][info ][safepoint      ] Safepoint "Cleanup", Time since last: 5000355455 ns, Reaching safepoint: 5601 ns, Cleanup: 10500 ns, At safepoint: 2100 ns, Total: 18201 ns
[353.143s][info ][gc,start       ] GC(15) Pause Young (Allocation Failure)
[353.146s][debug][gc,phases      ] GC(15) Scavenge 2.526ms
[353.146s][debug][gc,ref         ] GC(15) ReferenceProcessor::execute queues: 1, RefProcThreadModel::Single, marks_oops_alive: false
[353.146s][debug][gc,ref         ] GC(15) Skipped KeepAliveFinalRefsPhase of Reference Processing: no references
[353.146s][debug][gc,ref         ] GC(15) ReferenceProcessor::execute queues: 1, RefProcThreadModel::Single, marks_oops_alive: false
[353.146s][debug][gc,phases      ] GC(15) Reference Processing 0.129ms
[353.146s][debug][gc,phases      ] GC(15)   VM Weak                        Min:  0.0, Avg:  0.0, Max:  0.0, Diff:  0.0, Sum:  0.0, Workers: 4
[353.146s][debug][gc,phases      ] GC(15)     Dead                           Min: 0, Avg:  0.0, Max: 0, Diff: 0, Sum: 0, Workers: 4
[353.146s][debug][gc,phases      ] GC(15)     Total                          Min: 0, Avg: 232.5, Max: 512, Diff: 512, Sum: 930, Workers: 4
[353.146s][debug][gc,phases      ] GC(15)   ObjectSynchronizer Weak        Min:  0.0, Avg:  0.0, Max:  0.0, Diff:  0.0, Sum:  0.0, Workers: 4
[353.146s][debug][gc,phases      ] GC(15)     Dead                           Min: 0, Avg:  0.0, Max: 0, Diff: 0, Sum: 0, Workers: 4
[353.146s][debug][gc,phases      ] GC(15)     Total                          Min: 0, Avg:  0.8, Max: 3, Diff: 3, Sum: 3, Workers: 4
[353.146s][debug][gc,phases      ] GC(15)   JVMTI Tag Weak OopStorage      Min:  0.0, Avg:  0.0, Max:  0.0, Diff:  0.0, Sum:  0.0, Workers: 4
[353.146s][debug][gc,phases      ] GC(15)     Dead                           Min: 0, Avg:  0.0, Max: 0, Diff: 0, Sum: 0, Workers: 4
[353.146s][debug][gc,phases      ] GC(15)     Total                          Min: 0, Avg:  0.0, Max: 0, Diff: 0, Sum: 0, Workers: 4
[353.146s][debug][gc,phases      ] GC(15)   StringTable Weak               Min:  0.1, Avg:  0.1, Max:  0.1, Diff:  0.0, Sum:  0.4, Workers: 4
[353.146s][debug][gc,phases      ] GC(15)     Dead                           Min: 0, Avg:  0.5, Max: 2, Diff: 2, Sum: 2, Workers: 4
[353.146s][debug][gc,phases      ] GC(15)     Total                          Min: 10294, Avg: 11069.5, Max: 12544, Diff: 2250, Sum: 44278, Workers: 4
[353.146s][debug][gc,phases      ] GC(15)   ResolvedMethodTable Weak       Min:  0.0, Avg:  0.0, Max:  0.0, Diff:  0.0, Sum:  0.1, Workers: 4
[353.146s][debug][gc,phases      ] GC(15)     Dead                           Min: 0, Avg: 10.2, Max: 25, Diff: 25, Sum: 41, Workers: 4
[353.146s][debug][gc,phases      ] GC(15)     Total                          Min: 3104, Avg: 3485.0, Max: 3802, Diff: 698, Sum: 13940, Workers: 4
[353.146s][debug][gc,phases      ] GC(15)   JNI Weak                       Min:  0.0, Avg:  0.0, Max:  0.0, Diff:  0.0, Sum:  0.0, Workers: 4
[353.146s][debug][gc,phases      ] GC(15)     Dead                           Min: 0, Avg:  0.0, Max: 0, Diff: 0, Sum: 0, Workers: 4
[353.146s][debug][gc,phases      ] GC(15)     Total                          Min: 0, Avg: 13.0, Max: 52, Diff: 52, Sum: 52, Workers: 4
[353.146s][debug][gc,phases      ] GC(15)   StringDedup Table Weak         Min:  0.0, Avg:  0.0, Max:  0.0, Diff:  0.0, Sum:  0.0, Workers: 4
[353.146s][debug][gc,phases      ] GC(15)     Dead                           Min: 0, Avg:  0.0, Max: 0, Diff: 0, Sum: 0, Workers: 4
[353.146s][debug][gc,phases      ] GC(15)     Total                          Min: 0, Avg:  0.0, Max: 0, Diff: 0, Sum: 0, Workers: 4
[353.146s][debug][gc,phases      ] GC(15)   StringDedup Requests0 Weak     Min:  0.0, Avg:  0.0, Max:  0.0, Diff:  0.0, Sum:  0.0, Workers: 4
[353.146s][debug][gc,phases      ] GC(15)     Dead                           Min: 0, Avg:  0.0, Max: 0, Diff: 0, Sum: 0, Workers: 4
[353.146s][debug][gc,phases      ] GC(15)     Total                          Min: 0, Avg:  0.0, Max: 0, Diff: 0, Sum: 0, Workers: 4
[353.146s][debug][gc,phases      ] GC(15)   StringDedup Requests1 Weak     Min:  0.0, Avg:  0.0, Max:  0.0, Diff:  0.0, Sum:  0.0, Workers: 4
[353.146s][debug][gc,phases      ] GC(15)     Dead                           Min: 0, Avg:  0.0, Max: 0, Diff: 0, Sum: 0, Workers: 4
[353.146s][debug][gc,phases      ] GC(15)     Total                          Min: 0, Avg:  0.0, Max: 0, Diff: 0, Sum: 0, Workers: 4
[353.146s][debug][gc,phases      ] GC(15)   Weak JFR Old Object Samples    Min:  0.0, Avg:  0.0, Max:  0.0, Diff:  0.0, Sum:  0.0, Workers: 4
[353.146s][debug][gc,phases      ] GC(15)     Dead                           Min: 0, Avg:  0.0, Max: 0, Diff: 0, Sum: 0, Workers: 4
[353.146s][debug][gc,phases      ] GC(15)     Total                          Min: 0, Avg:  0.0, Max: 0, Diff: 0, Sum: 0, Workers: 4
[353.146s][debug][gc,phases      ] GC(15) Weak Processing 0.374ms
[353.146s][debug][gc,age         ] GC(15) Desired survivor size 258473984 bytes, new threshold 1 (max threshold 15)
[353.146s][info ][gc,heap        ] GC(15) PSYoungGen: 1587744K(1841152K)->1856K(1844736K) Eden: 1585152K(1585152K)->0K(1589248K) From: 2592K(256000K)->1856K(255488K)
[353.146s][info ][gc,heap        ] GC(15) ParOldGen: 219693K(220160K)->220577K(220672K)
[353.146s][info ][gc,metaspace   ] GC(15) Metaspace: 100647K(101888K)->100647K(101888K) NonClass: 85439K(86144K)->85439K(86144K) Class: 15207K(15744K)->15207K(15744K)
[353.146s][info ][gc             ] GC(15) Pause Young (Allocation Failure) 1765M->217M(2017M) 3.160ms
[353.146s][info ][gc,cpu         ] GC(15) User=0.01s Sys=0.00s Real=0.01s
[353.146s][info ][safepoint      ] Safepoint "ParallelGCFailedAllocation", Time since last: 1734679506 ns, Reaching safepoint: 6100 ns, Cleanup: 4100 ns, At safepoint: 3233711 ns, Total: 3243911 ns
[355.147s][info ][safepoint      ] Safepoint "Cleanup", Time since last: 2000157553 ns, Reaching safepoint: 6301 ns, Cleanup: 9600 ns, At safepoint: 2200 ns, Total: 18101 ns
[357.147s][info ][safepoint      ] Safepoint "Cleanup", Time since last: 2000213371 ns, Reaching safepoint: 6200 ns, Cleanup: 9801 ns, At safepoint: 1900 ns, Total: 17901 ns
[358.147s][info ][safepoint      ] Safepoint "Cleanup", Time since last: 1000117736 ns, Reaching safepoint: 5400 ns, Cleanup: 14401 ns, At safepoint: 1800 ns, Total: 21601 ns
[359.147s][info ][safepoint      ] Safepoint "Cleanup", Time since last: 1000111836 ns, Reaching safepoint: 5900 ns, Cleanup: 11901 ns, At safepoint: 2200 ns, Total: 20001 ns
[360.147s][info ][safepoint      ] Safepoint "Cleanup", Time since last: 1000134437 ns, Reaching safepoint: 6201 ns, Cleanup: 10501 ns, At safepoint: 1900 ns, Total: 18602 ns
[361.433s][info ][safepoint      ] Safepoint "Cleanup", Time since last: 1286064988 ns, Reaching safepoint: 5600 ns, Cleanup: 9001 ns, At safepoint: 1900 ns, Total: 16501 ns
[362.433s][info ][safepoint      ] Safepoint "Cleanup", Time since last: 1000103735 ns, Reaching safepoint: 6501 ns, Cleanup: 6800 ns, At safepoint: 1900 ns, Total: 15201 ns
[363.434s][info ][safepoint      ] Safepoint "Cleanup", Time since last: 1000147133 ns, Reaching safepoint: 7001 ns, Cleanup: 39902 ns, At safepoint: 2401 ns, Total: 49304 ns
[364.434s][info ][safepoint      ] Safepoint "Cleanup", Time since last: 1000141224 ns, Reaching safepoint: 5901 ns, Cleanup: 28702 ns, At safepoint: 2100 ns, Total: 36703 ns
[365.434s][info ][safepoint      ] Safepoint "Cleanup", Time since last: 1000108822 ns, Reaching safepoint: 5501 ns, Cleanup: 54303 ns, At safepoint: 2500 ns, Total: 62304 ns
[366.434s][info ][safepoint      ] Safepoint "Cleanup", Time since last: 1000107423 ns, Reaching safepoint: 5300 ns, Cleanup: 31202 ns, At safepoint: 2200 ns, Total: 38702 ns
[367.434s][info ][safepoint      ] Safepoint "Cleanup", Time since last: 1000106323 ns, Reaching safepoint: 5900 ns, Cleanup: 39603 ns, At safepoint: 2100 ns, Total: 47603 ns
[368.434s][info ][safepoint      ] Safepoint "Cleanup", Time since last: 1000151925 ns, Reaching safepoint: 6901 ns, Cleanup: 12301 ns, At safepoint: 16101 ns, Total: 35303 ns
[369.435s][info ][safepoint      ] Safepoint "Cleanup", Time since last: 1000141724 ns, Reaching safepoint: 7401 ns, Cleanup: 9100 ns, At safepoint: 2401 ns, Total: 18902 ns
[370.435s][info ][safepoint      ] Safepoint "Cleanup", Time since last: 1000135424 ns, Reaching safepoint: 6000 ns, Cleanup: 7301 ns, At safepoint: 2100 ns, Total: 15401 ns
[371.435s][info ][safepoint      ] Safepoint "Cleanup", Time since last: 1000129017 ns, Reaching safepoint: 5700 ns, Cleanup: 16701 ns, At safepoint: 2100 ns, Total: 24501 ns
[372.435s][info ][safepoint      ] Safepoint "Cleanup", Time since last: 1000175067 ns, Reaching safepoint: 6201 ns, Cleanup: 37302 ns, At safepoint: 2700 ns, Total: 46203 ns
[373.435s][info ][safepoint      ] Safepoint "Cleanup", Time since last: 1000118363 ns, Reaching safepoint: 5501 ns, Cleanup: 19201 ns, At safepoint: 2000 ns, Total: 26702 ns
[374.435s][info ][safepoint      ] Safepoint "Cleanup", Time since last: 1000118863 ns, Reaching safepoint: 5201 ns, Cleanup: 11500 ns, At safepoint: 2101 ns, Total: 18802 ns
[375.436s][info ][safepoint      ] Safepoint "Cleanup", Time since last: 1000118663 ns, Reaching safepoint: 5100 ns, Cleanup: 8801 ns, At safepoint: 2100 ns, Total: 16001 ns
[376.436s][info ][safepoint      ] Safepoint "Cleanup", Time since last: 1000108063 ns, Reaching safepoint: 5400 ns, Cleanup: 9301 ns, At safepoint: 1900 ns, Total: 16601 ns
[382.436s][info ][safepoint      ] Safepoint "Cleanup", Time since last: 6000517232 ns, Reaching safepoint: 5200 ns, Cleanup: 8501 ns, At safepoint: 1800 ns, Total: 15501 ns
[384.436s][info ][safepoint      ] Safepoint "Cleanup", Time since last: 2000176218 ns, Reaching safepoint: 5300 ns, Cleanup: 8901 ns, At safepoint: 2000 ns, Total: 16201 ns
[386.437s][info ][safepoint      ] Safepoint "Cleanup", Time since last: 2000168817 ns, Reaching safepoint: 5501 ns, Cleanup: 10500 ns, At safepoint: 2000 ns, Total: 18001 ns
[387.437s][info ][safepoint      ] Safepoint "Cleanup", Time since last: 1000111096 ns, Reaching safepoint: 5500 ns, Cleanup: 9601 ns, At safepoint: 2000 ns, Total: 17101 ns
[388.437s][info ][safepoint      ] Safepoint "Cleanup", Time since last: 1000108651 ns, Reaching safepoint: 5701 ns, Cleanup: 9400 ns, At safepoint: 2400 ns, Total: 17501 ns
[389.437s][info ][safepoint      ] Safepoint "Cleanup", Time since last: 1000108451 ns, Reaching safepoint: 5701 ns, Cleanup: 9300 ns, At safepoint: 2100 ns, Total: 17101 ns
[390.437s][info ][safepoint      ] Safepoint "Cleanup", Time since last: 1000107552 ns, Reaching safepoint: 5300 ns, Cleanup: 6900 ns, At safepoint: 2201 ns, Total: 14401 ns
[391.437s][info ][safepoint      ] Safepoint "Cleanup", Time since last: 1000105454 ns, Reaching safepoint: 5200 ns, Cleanup: 8601 ns, At safepoint: 2200 ns, Total: 16001 ns
[392.437s][info ][safepoint      ] Safepoint "Cleanup", Time since last: 1000131452 ns, Reaching safepoint: 5601 ns, Cleanup: 11700 ns, At safepoint: 2001 ns, Total: 19302 ns
[393.438s][info ][safepoint      ] Safepoint "Cleanup", Time since last: 1000136852 ns, Reaching safepoint: 6100 ns, Cleanup: 9101 ns, At safepoint: 2200 ns, Total: 17401 ns
[394.438s][info ][safepoint      ] Safepoint "Cleanup", Time since last: 1000137753 ns, Reaching safepoint: 4900 ns, Cleanup: 9301 ns, At safepoint: 2200 ns, Total: 16401 ns
[397.438s][info ][safepoint      ] Safepoint "Cleanup", Time since last: 3000280850 ns, Reaching safepoint: 5300 ns, Cleanup: 8601 ns, At safepoint: 1900 ns, Total: 15801 ns
[398.438s][info ][safepoint      ] Safepoint "Cleanup", Time since last: 1000114641 ns, Reaching safepoint: 5300 ns, Cleanup: 15601 ns, At safepoint: 2401 ns, Total: 23302 ns
[399.438s][info ][safepoint      ] Safepoint "Cleanup", Time since last: 1000148743 ns, Reaching safepoint: 6200 ns, Cleanup: 17301 ns, At safepoint: 2501 ns, Total: 26002 ns
[400.438s][info ][safepoint      ] Safepoint "Cleanup", Time since last: 1000117441 ns, Reaching safepoint: 5600 ns, Cleanup: 8801 ns, At safepoint: 2200 ns, Total: 16601 ns
[401.439s][info ][safepoint      ] Safepoint "Cleanup", Time since last: 1000114241 ns, Reaching safepoint: 5300 ns, Cleanup: 17502 ns, At safepoint: 2300 ns, Total: 25102 ns
[403.439s][info ][safepoint      ] Safepoint "Cleanup", Time since last: 2000187098 ns, Reaching safepoint: 6000 ns, Cleanup: 6401 ns, At safepoint: 2100 ns, Total: 14501 ns
[407.439s][info ][safepoint      ] Safepoint "Cleanup", Time since last: 4000401431 ns, Reaching safepoint: 6401 ns, Cleanup: 10500 ns, At safepoint: 2400 ns, Total: 19301 ns
[410.440s][info ][safepoint      ] Safepoint "Cleanup", Time since last: 3000370429 ns, Reaching safepoint: 5600 ns, Cleanup: 6300 ns, At safepoint: 2501 ns, Total: 14401 ns
[411.440s][info ][safepoint      ] Safepoint "Cleanup", Time since last: 1000151307 ns, Reaching safepoint: 6501 ns, Cleanup: 12400 ns, At safepoint: 2601 ns, Total: 21502 ns
[412.440s][info ][safepoint      ] Safepoint "Cleanup", Time since last: 1000151395 ns, Reaching safepoint: 6500 ns, Cleanup: 12201 ns, At safepoint: 2600 ns, Total: 21301 ns
[413.440s][info ][safepoint      ] Safepoint "Cleanup", Time since last: 1000160696 ns, Reaching safepoint: 6500 ns, Cleanup: 12901 ns, At safepoint: 2500 ns, Total: 21901 ns
[414.440s][info ][safepoint      ] Safepoint "Cleanup", Time since last: 1000151295 ns, Reaching safepoint: 6600 ns, Cleanup: 10501 ns, At safepoint: 2400 ns, Total: 19501 ns
[416.440s][info ][safepoint      ] Safepoint "Cleanup", Time since last: 2000185283 ns, Reaching safepoint: 5600 ns, Cleanup: 9301 ns, At safepoint: 2300 ns, Total: 17201 ns
[418.441s][info ][safepoint      ] Safepoint "Cleanup", Time since last: 2000237131 ns, Reaching safepoint: 6801 ns, Cleanup: 14301 ns, At safepoint: 2300 ns, Total: 23402 ns
[421.397s][info ][gc,start       ] GC(16) Pause Young (Allocation Failure)
[421.399s][debug][gc,phases      ] GC(16) Scavenge 2.145ms
[421.399s][debug][gc,ref         ] GC(16) ReferenceProcessor::execute queues: 1, RefProcThreadModel::Single, marks_oops_alive: false
[421.399s][debug][gc,ref         ] GC(16) Skipped KeepAliveFinalRefsPhase of Reference Processing: no references
[421.399s][debug][gc,ref         ] GC(16) ReferenceProcessor::execute queues: 1, RefProcThreadModel::Single, marks_oops_alive: false
[421.399s][debug][gc,phases      ] GC(16) Reference Processing 0.112ms
[421.399s][debug][gc,phases      ] GC(16)   VM Weak                        Min:  0.0, Avg:  0.0, Max:  0.0, Diff:  0.0, Sum:  0.0, Workers: 4
[421.399s][debug][gc,phases      ] GC(16)     Dead                           Min: 0, Avg:  0.0, Max: 0, Diff: 0, Sum: 0, Workers: 4
[421.399s][debug][gc,phases      ] GC(16)     Total                          Min: 0, Avg: 234.5, Max: 938, Diff: 938, Sum: 938, Workers: 4
[421.399s][debug][gc,phases      ] GC(16)   ObjectSynchronizer Weak        Min:  0.0, Avg:  0.0, Max:  0.0, Diff:  0.0, Sum:  0.0, Workers: 4
[421.399s][debug][gc,phases      ] GC(16)     Dead                           Min: 0, Avg:  0.0, Max: 0, Diff: 0, Sum: 0, Workers: 4
[421.399s][debug][gc,phases      ] GC(16)     Total                          Min: 0, Avg:  0.8, Max: 3, Diff: 3, Sum: 3, Workers: 4
[421.399s][debug][gc,phases      ] GC(16)   JVMTI Tag Weak OopStorage      Min:  0.0, Avg:  0.0, Max:  0.0, Diff:  0.0, Sum:  0.0, Workers: 4
[421.399s][debug][gc,phases      ] GC(16)     Dead                           Min: 0, Avg:  0.0, Max: 0, Diff: 0, Sum: 0, Workers: 4
[421.399s][debug][gc,phases      ] GC(16)     Total                          Min: 0, Avg:  0.0, Max: 0, Diff: 0, Sum: 0, Workers: 4
[421.399s][debug][gc,phases      ] GC(16)   StringTable Weak               Min:  0.0, Avg:  0.1, Max:  0.1, Diff:  0.1, Sum:  0.4, Workers: 4
[421.399s][debug][gc,phases      ] GC(16)     Dead                           Min: 0, Avg:  0.2, Max: 1, Diff: 1, Sum: 1, Workers: 4
[421.399s][debug][gc,phases      ] GC(16)     Total                          Min: 0, Avg: 11083.5, Max: 16815, Diff: 16815, Sum: 44334, Workers: 4
[421.399s][debug][gc,phases      ] GC(16)   ResolvedMethodTable Weak       Min:  0.0, Avg:  0.0, Max:  0.0, Diff:  0.0, Sum:  0.1, Workers: 4
[421.399s][debug][gc,phases      ] GC(16)     Dead                           Min: 0, Avg:  4.0, Max: 16, Diff: 16, Sum: 16, Workers: 4
[421.399s][debug][gc,phases      ] GC(16)     Total                          Min: 0, Avg: 3493.0, Max: 4886, Diff: 4886, Sum: 13972, Workers: 4
[421.399s][debug][gc,phases      ] GC(16)   JNI Weak                       Min:  0.0, Avg:  0.0, Max:  0.0, Diff:  0.0, Sum:  0.0, Workers: 4
[421.399s][debug][gc,phases      ] GC(16)     Dead                           Min: 0, Avg:  0.0, Max: 0, Diff: 0, Sum: 0, Workers: 4
[421.399s][debug][gc,phases      ] GC(16)     Total                          Min: 0, Avg: 13.5, Max: 54, Diff: 54, Sum: 54, Workers: 4
[421.399s][debug][gc,phases      ] GC(16)   StringDedup Table Weak         Min:  0.0, Avg:  0.0, Max:  0.0, Diff:  0.0, Sum:  0.0, Workers: 4
[421.399s][debug][gc,phases      ] GC(16)     Dead                           Min: 0, Avg:  0.0, Max: 0, Diff: 0, Sum: 0, Workers: 4
[421.399s][debug][gc,phases      ] GC(16)     Total                          Min: 0, Avg:  0.0, Max: 0, Diff: 0, Sum: 0, Workers: 4
[421.399s][debug][gc,phases      ] GC(16)   StringDedup Requests0 Weak     Min:  0.0, Avg:  0.0, Max:  0.0, Diff:  0.0, Sum:  0.0, Workers: 4
[421.399s][debug][gc,phases      ] GC(16)     Dead                           Min: 0, Avg:  0.0, Max: 0, Diff: 0, Sum: 0, Workers: 4
[421.399s][debug][gc,phases      ] GC(16)     Total                          Min: 0, Avg:  0.0, Max: 0, Diff: 0, Sum: 0, Workers: 4
[421.399s][debug][gc,phases      ] GC(16)   StringDedup Requests1 Weak     Min:  0.0, Avg:  0.0, Max:  0.0, Diff:  0.0, Sum:  0.0, Workers: 4
[421.399s][debug][gc,phases      ] GC(16)     Dead                           Min: 0, Avg:  0.0, Max: 0, Diff: 0, Sum: 0, Workers: 4
[421.399s][debug][gc,phases      ] GC(16)     Total                          Min: 0, Avg:  0.0, Max: 0, Diff: 0, Sum: 0, Workers: 4
[421.399s][debug][gc,phases      ] GC(16)   Weak JFR Old Object Samples    Min:  0.0, Avg:  0.0, Max:  0.0, Diff:  0.0, Sum:  0.0, Workers: 4
[421.399s][debug][gc,phases      ] GC(16)     Dead                           Min: 0, Avg:  0.0, Max: 0, Diff: 0, Sum: 0, Workers: 4
[421.399s][debug][gc,phases      ] GC(16)     Total                          Min: 0, Avg:  0.0, Max: 0, Diff: 0, Sum: 0, Workers: 4
[421.399s][debug][gc,phases      ] GC(16) Weak Processing 0.419ms
[421.399s][debug][gc,age         ] GC(16) Desired survivor size 253755392 bytes, new threshold 1 (max threshold 15)
[421.399s][info ][gc,heap        ] GC(16) PSYoungGen: 1591104K(1844736K)->1792K(1841664K) Eden: 1589248K(1589248K)->0K(1589248K) From: 1856K(255488K)->1792K(252416K)
[421.399s][info ][gc,heap        ] GC(16) ParOldGen: 220577K(220672K)->221137K(221184K)
[421.399s][info ][gc,metaspace   ] GC(16) Metaspace: 100846K(102144K)->100846K(102144K) NonClass: 85620K(86336K)->85620K(86336K) Class: 15225K(15808K)->15225K(15808K)
[421.399s][info ][gc             ] GC(16) Pause Young (Allocation Failure) 1769M->217M(2014M) 2.801ms
[421.399s][info ][gc,cpu         ] GC(16) User=0.01s Sys=0.00s Real=0.01s
[421.400s][info ][safepoint      ] Safepoint "ParallelGCFailedAllocation", Time since last: 2955921704 ns, Reaching safepoint: 5300 ns, Cleanup: 3101 ns, At safepoint: 2869790 ns, Total: 2878191 ns
[422.400s][info ][safepoint      ] Safepoint "Cleanup", Time since last: 1000104651 ns, Reaching safepoint: 5000 ns, Cleanup: 10601 ns, At safepoint: 1800 ns, Total: 17401 ns
[423.400s][info ][safepoint      ] Safepoint "Cleanup", Time since last: 1000153454 ns, Reaching safepoint: 6100 ns, Cleanup: 10501 ns, At safepoint: 2400 ns, Total: 19001 ns
[424.400s][info ][safepoint      ] Safepoint "Cleanup", Time since last: 1000133152 ns, Reaching safepoint: 7701 ns, Cleanup: 13801 ns, At safepoint: 8400 ns, Total: 29902 ns
[425.400s][info ][safepoint      ] Safepoint "Cleanup", Time since last: 1000117252 ns, Reaching safepoint: 5700 ns, Cleanup: 10201 ns, At safepoint: 2400 ns, Total: 18301 ns
[427.400s][info ][safepoint      ] Safepoint "Cleanup", Time since last: 2000185592 ns, Reaching safepoint: 5901 ns, Cleanup: 14200 ns, At safepoint: 2901 ns, Total: 23002 ns
[428.400s][info ][safepoint      ] Safepoint "Cleanup", Time since last: 1000144919 ns, Reaching safepoint: 6300 ns, Cleanup: 10901 ns, At safepoint: 2200 ns, Total: 19401 ns
[430.401s][info ][safepoint      ] Safepoint "Cleanup", Time since last: 2000253635 ns, Reaching safepoint: 6201 ns, Cleanup: 12501 ns, At safepoint: 2600 ns, Total: 21302 ns
[431.401s][info ][safepoint      ] Safepoint "Cleanup", Time since last: 1000158620 ns, Reaching safepoint: 6500 ns, Cleanup: 8901 ns, At safepoint: 2500 ns, Total: 17901 ns
[432.401s][info ][safepoint      ] Safepoint "Cleanup", Time since last: 1000161320 ns, Reaching safepoint: 5800 ns, Cleanup: 14601 ns, At safepoint: 2300 ns, Total: 22701 ns
[435.401s][info ][safepoint      ] Safepoint "Cleanup", Time since last: 3000287545 ns, Reaching safepoint: 5901 ns, Cleanup: 9801 ns, At safepoint: 2300 ns, Total: 18002 ns
[436.402s][info ][safepoint      ] Safepoint "Cleanup", Time since last: 1000111098 ns, Reaching safepoint: 5201 ns, Cleanup: 10200 ns, At safepoint: 2101 ns, Total: 17502 ns
[437.402s][info ][safepoint      ] Safepoint "Cleanup", Time since last: 1000113198 ns, Reaching safepoint: 5501 ns, Cleanup: 25602 ns, At safepoint: 2200 ns, Total: 33303 ns
[438.402s][info ][safepoint      ] Safepoint "Cleanup", Time since last: 1000109098 ns, Reaching safepoint: 5701 ns, Cleanup: 16501 ns, At safepoint: 2000 ns, Total: 24202 ns
[439.402s][info ][safepoint      ] Safepoint "Cleanup", Time since last: 1000113999 ns, Reaching safepoint: 5400 ns, Cleanup: 12001 ns, At safepoint: 2000 ns, Total: 19401 ns
[442.402s][info ][safepoint      ] Safepoint "Cleanup", Time since last: 3000270592 ns, Reaching safepoint: 6201 ns, Cleanup: 9000 ns, At safepoint: 2000 ns, Total: 17201 ns
[444.402s][info ][safepoint      ] Safepoint "Cleanup", Time since last: 2000212325 ns, Reaching safepoint: 5601 ns, Cleanup: 6800 ns, At safepoint: 2300 ns, Total: 14701 ns
[445.403s][info ][safepoint      ] Safepoint "Cleanup", Time since last: 1000114560 ns, Reaching safepoint: 5901 ns, Cleanup: 10100 ns, At safepoint: 2201 ns, Total: 18202 ns
[447.403s][info ][safepoint      ] Safepoint "Cleanup", Time since last: 2000177016 ns, Reaching safepoint: 5601 ns, Cleanup: 7100 ns, At safepoint: 2400 ns, Total: 15101 ns
[450.403s][info ][safepoint      ] Safepoint "Cleanup", Time since last: 3000253275 ns, Reaching safepoint: 5000 ns, Cleanup: 6800 ns, At safepoint: 1801 ns, Total: 13601 ns
[451.403s][info ][safepoint      ] Safepoint "Cleanup", Time since last: 1000107555 ns, Reaching safepoint: 6301 ns, Cleanup: 15400 ns, At safepoint: 2001 ns, Total: 23702 ns
[452.403s][info ][safepoint      ] Safepoint "Cleanup", Time since last: 1000117246 ns, Reaching safepoint: 6001 ns, Cleanup: 12400 ns, At safepoint: 2701 ns, Total: 21102 ns
[453.403s][info ][safepoint      ] Safepoint "Cleanup", Time since last: 1000108546 ns, Reaching safepoint: 5400 ns, Cleanup: 10201 ns, At safepoint: 1900 ns, Total: 17501 ns
[456.404s][info ][safepoint      ] Safepoint "Cleanup", Time since last: 3000286136 ns, Reaching safepoint: 6300 ns, Cleanup: 11901 ns, At safepoint: 2700 ns, Total: 20901 ns
[462.404s][info ][safepoint      ] Safepoint "Cleanup", Time since last: 6000629090 ns, Reaching safepoint: 5900 ns, Cleanup: 12001 ns, At safepoint: 2600 ns, Total: 20501 ns
[465.405s][info ][safepoint      ] Safepoint "Cleanup", Time since last: 3000293847 ns, Reaching safepoint: 5700 ns, Cleanup: 10101 ns, At safepoint: 2300 ns, Total: 18101 ns
[467.405s][info ][safepoint      ] Safepoint "Cleanup", Time since last: 2000243256 ns, Reaching safepoint: 6101 ns, Cleanup: 13400 ns, At safepoint: 31103 ns, Total: 50604 ns
[469.405s][info ][safepoint      ] Safepoint "Cleanup", Time since last: 2000216209 ns, Reaching safepoint: 6301 ns, Cleanup: 26001 ns, At safepoint: 2400 ns, Total: 34702 ns
[472.406s][info ][safepoint      ] Safepoint "Cleanup", Time since last: 3000315914 ns, Reaching safepoint: 6001 ns, Cleanup: 41002 ns, At safepoint: 1900 ns, Total: 48903 ns
[474.406s][info ][safepoint      ] Safepoint "Cleanup", Time since last: 2000251612 ns, Reaching safepoint: 5801 ns, Cleanup: 14301 ns, At safepoint: 2200 ns, Total: 22302 ns
[475.406s][info ][safepoint      ] Safepoint "Cleanup", Time since last: 1000149146 ns, Reaching safepoint: 6400 ns, Cleanup: 14301 ns, At safepoint: 2800 ns, Total: 23501 ns
[476.406s][info ][safepoint      ] Safepoint "Cleanup", Time since last: 1000142932 ns, Reaching safepoint: 6400 ns, Cleanup: 9201 ns, At safepoint: 2000 ns, Total: 17601 ns
[477.406s][info ][safepoint      ] Safepoint "Cleanup", Time since last: 1000125030 ns, Reaching safepoint: 5201 ns, Cleanup: 69004 ns, At safepoint: 2400 ns, Total: 76605 ns
[478.407s][info ][safepoint      ] Safepoint "Cleanup", Time since last: 1000128131 ns, Reaching safepoint: 6200 ns, Cleanup: 9601 ns, At safepoint: 2000 ns, Total: 17801 ns
[479.407s][info ][safepoint      ] Safepoint "Cleanup", Time since last: 1000147432 ns, Reaching safepoint: 7000 ns, Cleanup: 16601 ns, At safepoint: 2500 ns, Total: 26101 ns
[481.188s][info ][safepoint      ] Safepoint "Cleanup", Time since last: 1781669961 ns, Reaching safepoint: 6601 ns, Cleanup: 10600 ns, At safepoint: 2400 ns, Total: 19601 ns
[481.793s][info ][gc,start       ] GC(17) Pause Young (Allocation Failure)
[481.796s][debug][gc,phases      ] GC(17) Scavenge 3.206ms
[481.796s][debug][gc,ref         ] GC(17) ReferenceProcessor::execute queues: 1, RefProcThreadModel::Single, marks_oops_alive: false
[481.796s][debug][gc,ref         ] GC(17) Skipped KeepAliveFinalRefsPhase of Reference Processing: no references
[481.796s][debug][gc,ref         ] GC(17) ReferenceProcessor::execute queues: 1, RefProcThreadModel::Single, marks_oops_alive: false
[481.796s][debug][gc,phases      ] GC(17) Reference Processing 0.115ms
[481.796s][debug][gc,phases      ] GC(17)   VM Weak                        Min:  0.0, Avg:  0.0, Max:  0.0, Diff:  0.0, Sum:  0.0, Workers: 4
[481.796s][debug][gc,phases      ] GC(17)     Dead                           Min: 0, Avg:  0.0, Max: 0, Diff: 0, Sum: 0, Workers: 4
[481.796s][debug][gc,phases      ] GC(17)     Total                          Min: 0, Avg: 234.5, Max: 618, Diff: 618, Sum: 938, Workers: 4
[481.796s][debug][gc,phases      ] GC(17)   ObjectSynchronizer Weak        Min:  0.0, Avg:  0.0, Max:  0.0, Diff:  0.0, Sum:  0.0, Workers: 4
[481.796s][debug][gc,phases      ] GC(17)     Dead                           Min: 0, Avg:  0.0, Max: 0, Diff: 0, Sum: 0, Workers: 4
[481.796s][debug][gc,phases      ] GC(17)     Total                          Min: 0, Avg:  0.8, Max: 3, Diff: 3, Sum: 3, Workers: 4
[481.796s][debug][gc,phases      ] GC(17)   JVMTI Tag Weak OopStorage      Min:  0.0, Avg:  0.0, Max:  0.0, Diff:  0.0, Sum:  0.0, Workers: 4
[481.796s][debug][gc,phases      ] GC(17)     Dead                           Min: 0, Avg:  0.0, Max: 0, Diff: 0, Sum: 0, Workers: 4
[481.796s][debug][gc,phases      ] GC(17)     Total                          Min: 0, Avg:  0.0, Max: 0, Diff: 0, Sum: 0, Workers: 4
[481.796s][debug][gc,phases      ] GC(17)   StringTable Weak               Min:  0.0, Avg:  0.1, Max:  0.1, Diff:  0.1, Sum:  0.4, Workers: 4
[481.796s][debug][gc,phases      ] GC(17)     Dead                           Min: 0, Avg:  0.0, Max: 0, Diff: 0, Sum: 0, Workers: 4
[481.796s][debug][gc,phases      ] GC(17)     Total                          Min: 0, Avg: 11088.5, Max: 16448, Diff: 16448, Sum: 44354, Workers: 4
[481.796s][debug][gc,phases      ] GC(17)   ResolvedMethodTable Weak       Min:  0.0, Avg:  0.0, Max:  0.0, Diff:  0.0, Sum:  0.1, Workers: 4
[481.796s][debug][gc,phases      ] GC(17)     Dead                           Min: 0, Avg:  4.0, Max: 16, Diff: 16, Sum: 16, Workers: 4
[481.796s][debug][gc,phases      ] GC(17)     Total                          Min: 0, Avg: 3493.0, Max: 5416, Diff: 5416, Sum: 13972, Workers: 4
[481.796s][debug][gc,phases      ] GC(17)   JNI Weak                       Min:  0.0, Avg:  0.0, Max:  0.0, Diff:  0.0, Sum:  0.0, Workers: 4
[481.796s][debug][gc,phases      ] GC(17)     Dead                           Min: 0, Avg:  0.0, Max: 0, Diff: 0, Sum: 0, Workers: 4
[481.796s][debug][gc,phases      ] GC(17)     Total                          Min: 0, Avg: 13.0, Max: 52, Diff: 52, Sum: 52, Workers: 4
[481.796s][debug][gc,phases      ] GC(17)   StringDedup Table Weak         Min:  0.0, Avg:  0.0, Max:  0.0, Diff:  0.0, Sum:  0.0, Workers: 4
[481.796s][debug][gc,phases      ] GC(17)     Dead                           Min: 0, Avg:  0.0, Max: 0, Diff: 0, Sum: 0, Workers: 4
[481.796s][debug][gc,phases      ] GC(17)     Total                          Min: 0, Avg:  0.0, Max: 0, Diff: 0, Sum: 0, Workers: 4
[481.796s][debug][gc,phases      ] GC(17)   StringDedup Requests0 Weak     Min:  0.0, Avg:  0.0, Max:  0.0, Diff:  0.0, Sum:  0.0, Workers: 4
[481.796s][debug][gc,phases      ] GC(17)     Dead                           Min: 0, Avg:  0.0, Max: 0, Diff: 0, Sum: 0, Workers: 4
[481.796s][debug][gc,phases      ] GC(17)     Total                          Min: 0, Avg:  0.0, Max: 0, Diff: 0, Sum: 0, Workers: 4
[481.796s][debug][gc,phases      ] GC(17)   StringDedup Requests1 Weak     Min:  0.0, Avg:  0.0, Max:  0.0, Diff:  0.0, Sum:  0.0, Workers: 4
[481.796s][debug][gc,phases      ] GC(17)     Dead                           Min: 0, Avg:  0.0, Max: 0, Diff: 0, Sum: 0, Workers: 4
[481.796s][debug][gc,phases      ] GC(17)     Total                          Min: 0, Avg:  0.0, Max: 0, Diff: 0, Sum: 0, Workers: 4
[481.796s][debug][gc,phases      ] GC(17)   Weak JFR Old Object Samples    Min:  0.0, Avg:  0.0, Max:  0.0, Diff:  0.0, Sum:  0.0, Workers: 4
[481.796s][debug][gc,phases      ] GC(17)     Dead                           Min: 0, Avg:  0.0, Max: 0, Diff: 0, Sum: 0, Workers: 4
[481.796s][debug][gc,phases      ] GC(17)     Total                          Min: 0, Avg:  0.0, Max: 0, Diff: 0, Sum: 0, Workers: 4
[481.797s][debug][gc,phases      ] GC(17) Weak Processing 0.429ms
[481.797s][debug][gc,age         ] GC(17) Desired survivor size 246939648 bytes, new threshold 1 (max threshold 15)
[481.797s][info ][gc,heap        ] GC(17) PSYoungGen: 1591040K(1841664K)->4848K(1856000K) Eden: 1589248K(1589248K)->0K(1608192K) From: 1792K(252416K)->4848K(247808K)
[481.797s][info ][gc,heap        ] GC(17) ParOldGen: 221137K(221184K)->221613K(221696K)
[481.797s][info ][gc,metaspace   ] GC(17) Metaspace: 100917K(102208K)->100917K(102208K) NonClass: 85692K(86400K)->85692K(86400K) Class: 15225K(15808K)->15225K(15808K)
[481.797s][info ][gc             ] GC(17) Pause Young (Allocation Failure) 1769M->221M(2029M) 3.891ms
[481.797s][info ][gc,cpu         ] GC(17) User=0.01s Sys=0.00s Real=0.00s
[481.797s][info ][safepoint      ] Safepoint "ParallelGCFailedAllocation", Time since last: 604143025 ns, Reaching safepoint: 6700 ns, Cleanup: 7701 ns, At safepoint: 3974360 ns, Total: 3988761 ns
[482.797s][info ][safepoint      ] Safepoint "Cleanup", Time since last: 1000108168 ns, Reaching safepoint: 100507 ns, Cleanup: 10901 ns, At safepoint: 8100 ns, Total: 119508 ns
[483.797s][info ][safepoint      ] Safepoint "Cleanup", Time since last: 1000137934 ns, Reaching safepoint: 100306 ns, Cleanup: 43803 ns, At safepoint: 10401 ns, Total: 154510 ns
[484.797s][info ][safepoint      ] Safepoint "Cleanup", Time since last: 1000131933 ns, Reaching safepoint: 6200 ns, Cleanup: 52704 ns, At safepoint: 2300 ns, Total: 61204 ns
[485.797s][info ][safepoint      ] Safepoint "Cleanup", Time since last: 1000116732 ns, Reaching safepoint: 5700 ns, Cleanup: 32702 ns, At safepoint: 2101 ns, Total: 40503 ns
[486.798s][info ][safepoint      ] Safepoint "Cleanup", Time since last: 1000114531 ns, Reaching safepoint: 5301 ns, Cleanup: 9900 ns, At safepoint: 2201 ns, Total: 17402 ns
[487.798s][info ][safepoint      ] Safepoint "Cleanup", Time since last: 1000113931 ns, Reaching safepoint: 5301 ns, Cleanup: 69504 ns, At safepoint: 2500 ns, Total: 77305 ns
[488.798s][info ][safepoint      ] Safepoint "Cleanup", Time since last: 1000132934 ns, Reaching safepoint: 5900 ns, Cleanup: 13501 ns, At safepoint: 2000 ns, Total: 21401 ns
[489.798s][info ][safepoint      ] Safepoint "Cleanup", Time since last: 1000142134 ns, Reaching safepoint: 5900 ns, Cleanup: 28902 ns, At safepoint: 2400 ns, Total: 37202 ns
[491.798s][info ][safepoint      ] Safepoint "Cleanup", Time since last: 2000216531 ns, Reaching safepoint: 6100 ns, Cleanup: 19901 ns, At safepoint: 1901 ns, Total: 27902 ns
[492.798s][info ][safepoint      ] Safepoint "Cleanup", Time since last: 1000099640 ns, Reaching safepoint: 7500 ns, Cleanup: 10401 ns, At safepoint: 5500 ns, Total: 23401 ns
[494.799s][info ][safepoint      ] Safepoint "Cleanup", Time since last: 2000241184 ns, Reaching safepoint: 6000 ns, Cleanup: 9701 ns, At safepoint: 1900 ns, Total: 17601 ns
[495.799s][info ][safepoint      ] Safepoint "Cleanup", Time since last: 1000149143 ns, Reaching safepoint: 5101 ns, Cleanup: 11300 ns, At safepoint: 5801 ns, Total: 22202 ns
[496.799s][info ][safepoint      ] Safepoint "Cleanup", Time since last: 1000106840 ns, Reaching safepoint: 7201 ns, Cleanup: 6700 ns, At safepoint: 3501 ns, Total: 17402 ns
[497.799s][info ][safepoint      ] Safepoint "Cleanup", Time since last: 1000111341 ns, Reaching safepoint: 5900 ns, Cleanup: 13901 ns, At safepoint: 2000 ns, Total: 21801 ns
[498.799s][info ][safepoint      ] Safepoint "Cleanup", Time since last: 1000117451 ns, Reaching safepoint: 5601 ns, Cleanup: 14101 ns, At safepoint: 2200 ns, Total: 21902 ns
[499.799s][info ][safepoint      ] Safepoint "Cleanup", Time since last: 1000148216 ns, Reaching safepoint: 6700 ns, Cleanup: 11701 ns, At safepoint: 2600 ns, Total: 21001 ns
[500.800s][info ][safepoint      ] Safepoint "Cleanup", Time since last: 1000130715 ns, Reaching safepoint: 6000 ns, Cleanup: 10401 ns, At safepoint: 2100 ns, Total: 18501 ns
[501.800s][info ][safepoint      ] Safepoint "Cleanup", Time since last: 1000115114 ns, Reaching safepoint: 5600 ns, Cleanup: 8601 ns, At safepoint: 2100 ns, Total: 16301 ns
[509.801s][info ][safepoint      ] Safepoint "Cleanup", Time since last: 8000784972 ns, Reaching safepoint: 5600 ns, Cleanup: 13701 ns, At safepoint: 2000 ns, Total: 21301 ns
[512.801s][info ][safepoint      ] Safepoint "Cleanup", Time since last: 3000300661 ns, Reaching safepoint: 6200 ns, Cleanup: 9201 ns, At safepoint: 2000 ns, Total: 17401 ns
[513.801s][info ][safepoint      ] Safepoint "Cleanup", Time since last: 1000114421 ns, Reaching safepoint: 7501 ns, Cleanup: 14301 ns, At safepoint: 2600 ns, Total: 24402 ns
[514.801s][info ][safepoint      ] Safepoint "Cleanup", Time since last: 1000154072 ns, Reaching safepoint: 6501 ns, Cleanup: 10400 ns, At safepoint: 2701 ns, Total: 19602 ns
[517.802s][info ][safepoint      ] Safepoint "Cleanup", Time since last: 3000288443 ns, Reaching safepoint: 7101 ns, Cleanup: 13101 ns, At safepoint: 2600 ns, Total: 22802 ns
[521.802s][info ][safepoint      ] Safepoint "Cleanup", Time since last: 4000433228 ns, Reaching safepoint: 6900 ns, Cleanup: 8701 ns, At safepoint: 2700 ns, Total: 18301 ns
[528.803s][info ][safepoint      ] Safepoint "Cleanup", Time since last: 7000772088 ns, Reaching safepoint: 6700 ns, Cleanup: 14501 ns, At safepoint: 2601 ns, Total: 23802 ns
[535.803s][info ][safepoint      ] Safepoint "Cleanup", Time since last: 7000665972 ns, Reaching safepoint: 6400 ns, Cleanup: 9601 ns, At safepoint: 2600 ns, Total: 18601 ns
[538.804s][info ][safepoint      ] Safepoint "Cleanup", Time since last: 3000258077 ns, Reaching safepoint: 5700 ns, Cleanup: 10001 ns, At safepoint: 2300 ns, Total: 18001 ns
[542.995s][info ][gc,start       ] GC(18) Pause Young (Allocation Failure)
[543.001s][debug][gc,phases      ] GC(18) Scavenge 5.777ms
[543.001s][debug][gc,ref         ] GC(18) ReferenceProcessor::execute queues: 1, RefProcThreadModel::Single, marks_oops_alive: false
[543.001s][debug][gc,ref         ] GC(18) Skipped KeepAliveFinalRefsPhase of Reference Processing: no references
[543.001s][debug][gc,ref         ] GC(18) ReferenceProcessor::execute queues: 1, RefProcThreadModel::Single, marks_oops_alive: false
[543.001s][debug][gc,phases      ] GC(18) Reference Processing 0.116ms
[543.001s][debug][gc,phases      ] GC(18)   VM Weak                        Min:  0.0, Avg:  0.0, Max:  0.0, Diff:  0.0, Sum:  0.0, Workers: 4
[543.001s][debug][gc,phases      ] GC(18)     Dead                           Min: 0, Avg:  0.0, Max: 0, Diff: 0, Sum: 0, Workers: 4
[543.001s][debug][gc,phases      ] GC(18)     Total                          Min: 0, Avg: 234.5, Max: 896, Diff: 896, Sum: 938, Workers: 4
[543.001s][debug][gc,phases      ] GC(18)   ObjectSynchronizer Weak        Min:  0.0, Avg:  0.0, Max:  0.0, Diff:  0.0, Sum:  0.0, Workers: 4
[543.001s][debug][gc,phases      ] GC(18)     Dead                           Min: 0, Avg:  0.0, Max: 0, Diff: 0, Sum: 0, Workers: 4
[543.001s][debug][gc,phases      ] GC(18)     Total                          Min: 0, Avg:  0.8, Max: 3, Diff: 3, Sum: 3, Workers: 4
[543.001s][debug][gc,phases      ] GC(18)   JVMTI Tag Weak OopStorage      Min:  0.0, Avg:  0.0, Max:  0.0, Diff:  0.0, Sum:  0.0, Workers: 4
[543.001s][debug][gc,phases      ] GC(18)     Dead                           Min: 0, Avg:  0.0, Max: 0, Diff: 0, Sum: 0, Workers: 4
[543.001s][debug][gc,phases      ] GC(18)     Total                          Min: 0, Avg:  0.0, Max: 0, Diff: 0, Sum: 0, Workers: 4
[543.001s][debug][gc,phases      ] GC(18)   StringTable Weak               Min:  0.0, Avg:  0.1, Max:  0.1, Diff:  0.1, Sum:  0.4, Workers: 4
[543.001s][debug][gc,phases      ] GC(18)     Dead                           Min: 0, Avg:  0.2, Max: 1, Diff: 1, Sum: 1, Workers: 4
[543.001s][debug][gc,phases      ] GC(18)     Total                          Min: 0, Avg: 11106.5, Max: 16192, Diff: 16192, Sum: 44426, Workers: 4
[543.001s][debug][gc,phases      ] GC(18)   ResolvedMethodTable Weak       Min:  0.0, Avg:  0.1, Max:  0.1, Diff:  0.1, Sum:  0.2, Workers: 4
[543.001s][debug][gc,phases      ] GC(18)     Dead                           Min: 0, Avg:  5.2, Max: 16, Diff: 16, Sum: 21, Workers: 4
[543.001s][debug][gc,phases      ] GC(18)     Total                          Min: 145, Avg: 3500.0, Max: 5160, Diff: 5015, Sum: 14000, Workers: 4
[543.001s][debug][gc,phases      ] GC(18)   JNI Weak                       Min:  0.0, Avg:  0.0, Max:  0.0, Diff:  0.0, Sum:  0.0, Workers: 4
[543.001s][debug][gc,phases      ] GC(18)     Dead                           Min: 0, Avg:  0.0, Max: 0, Diff: 0, Sum: 0, Workers: 4
[543.001s][debug][gc,phases      ] GC(18)     Total                          Min: 0, Avg: 13.0, Max: 52, Diff: 52, Sum: 52, Workers: 4
[543.001s][debug][gc,phases      ] GC(18)   StringDedup Table Weak         Min:  0.0, Avg:  0.0, Max:  0.0, Diff:  0.0, Sum:  0.0, Workers: 4
[543.001s][debug][gc,phases      ] GC(18)     Dead                           Min: 0, Avg:  0.0, Max: 0, Diff: 0, Sum: 0, Workers: 4
[543.001s][debug][gc,phases      ] GC(18)     Total                          Min: 0, Avg:  0.0, Max: 0, Diff: 0, Sum: 0, Workers: 4
[543.001s][debug][gc,phases      ] GC(18)   StringDedup Requests0 Weak     Min:  0.0, Avg:  0.0, Max:  0.0, Diff:  0.0, Sum:  0.0, Workers: 4
[543.001s][debug][gc,phases      ] GC(18)     Dead                           Min: 0, Avg:  0.0, Max: 0, Diff: 0, Sum: 0, Workers: 4
[543.001s][debug][gc,phases      ] GC(18)     Total                          Min: 0, Avg:  0.0, Max: 0, Diff: 0, Sum: 0, Workers: 4
[543.001s][debug][gc,phases      ] GC(18)   StringDedup Requests1 Weak     Min:  0.0, Avg:  0.0, Max:  0.0, Diff:  0.0, Sum:  0.0, Workers: 4
[543.001s][debug][gc,phases      ] GC(18)     Dead                           Min: 0, Avg:  0.0, Max: 0, Diff: 0, Sum: 0, Workers: 4
[543.001s][debug][gc,phases      ] GC(18)     Total                          Min: 0, Avg:  0.0, Max: 0, Diff: 0, Sum: 0, Workers: 4
[543.001s][debug][gc,phases      ] GC(18)   Weak JFR Old Object Samples    Min:  0.0, Avg:  0.0, Max:  0.0, Diff:  0.0, Sum:  0.0, Workers: 4
[543.002s][debug][gc,phases      ] GC(18)     Dead                           Min: 0, Avg:  0.0, Max: 0, Diff: 0, Sum: 0, Workers: 4
[543.002s][debug][gc,phases      ] GC(18)     Total                          Min: 0, Avg:  0.0, Max: 0, Diff: 0, Sum: 0, Workers: 4
[543.002s][debug][gc,phases      ] GC(18) Weak Processing 0.458ms
[543.002s][debug][gc,age         ] GC(18) Desired survivor size 238026752 bytes, new threshold 1 (max threshold 15)
[543.002s][info ][gc,heap        ] GC(18) PSYoungGen: 1613040K(1856000K)->7616K(1849344K) Eden: 1608192K(1608192K)->0K(1608192K) From: 4848K(247808K)->7616K(241152K)
[543.002s][info ][gc,heap        ] GC(18) ParOldGen: 221613K(221696K)->224473K(224768K)
[543.002s][info ][gc,metaspace   ] GC(18) Metaspace: 101066K(102336K)->101066K(102336K) NonClass: 85825K(86528K)->85825K(86528K) Class: 15240K(15808K)->15240K(15808K)
[543.002s][info ][gc             ] GC(18) Pause Young (Allocation Failure) 1791M->226M(2025M) 6.505ms
[543.002s][info ][gc,cpu         ] GC(18) User=0.02s Sys=0.01s Real=0.01s
[543.002s][info ][safepoint      ] Safepoint "ParallelGCFailedAllocation", Time since last: 4191295294 ns, Reaching safepoint: 6301 ns, Cleanup: 4000 ns, At safepoint: 6580228 ns, Total: 6590529 ns
[547.002s][info ][safepoint      ] Safepoint "Cleanup", Time since last: 4000409586 ns, Reaching safepoint: 6100 ns, Cleanup: 9101 ns, At safepoint: 1800 ns, Total: 17001 ns
[552.003s][info ][safepoint      ] Safepoint "Cleanup", Time since last: 5000511605 ns, Reaching safepoint: 6301 ns, Cleanup: 11100 ns, At safepoint: 1900 ns, Total: 19301 ns
[556.003s][info ][safepoint      ] Safepoint "Cleanup", Time since last: 4000375354 ns, Reaching safepoint: 6500 ns, Cleanup: 10701 ns, At safepoint: 2700 ns, Total: 19901 ns
[557.003s][info ][safepoint      ] Safepoint "Cleanup", Time since last: 1000116135 ns, Reaching safepoint: 5801 ns, Cleanup: 9700 ns, At safepoint: 2200 ns, Total: 17701 ns
[562.004s][info ][safepoint      ] Safepoint "Cleanup", Time since last: 5000425666 ns, Reaching safepoint: 5600 ns, Cleanup: 9101 ns, At safepoint: 1900 ns, Total: 16601 ns
[566.004s][info ][safepoint      ] Safepoint "Cleanup", Time since last: 4000350412 ns, Reaching safepoint: 5900 ns, Cleanup: 15401 ns, At safepoint: 2000 ns, Total: 23301 ns
[572.004s][info ][safepoint      ] Safepoint "Cleanup", Time since last: 6000562026 ns, Reaching safepoint: 6700 ns, Cleanup: 12401 ns, At safepoint: 2300 ns, Total: 21401 ns
[575.005s][info ][safepoint      ] Safepoint "Cleanup", Time since last: 3000340709 ns, Reaching safepoint: 6800 ns, Cleanup: 10801 ns, At safepoint: 2200 ns, Total: 19801 ns
[576.005s][info ][safepoint      ] Safepoint "Cleanup", Time since last: 1000151639 ns, Reaching safepoint: 6500 ns, Cleanup: 10501 ns, At safepoint: 2300 ns, Total: 19301 ns
[577.005s][info ][safepoint      ] Safepoint "Cleanup", Time since last: 1000137038 ns, Reaching safepoint: 6100 ns, Cleanup: 11401 ns, At safepoint: 1800 ns, Total: 19301 ns
[580.005s][info ][safepoint      ] Safepoint "Cleanup", Time since last: 3000289651 ns, Reaching safepoint: 5901 ns, Cleanup: 10100 ns, At safepoint: 2300 ns, Total: 18301 ns
[586.006s][info ][safepoint      ] Safepoint "Cleanup", Time since last: 6000654896 ns, Reaching safepoint: 6400 ns, Cleanup: 22302 ns, At safepoint: 2600 ns, Total: 31302 ns
[587.006s][info ][safepoint      ] Safepoint "Cleanup", Time since last: 1000120260 ns, Reaching safepoint: 5800 ns, Cleanup: 9301 ns, At safepoint: 2000 ns, Total: 17101 ns
[590.007s][info ][safepoint      ] Safepoint "Cleanup", Time since last: 3000373063 ns, Reaching safepoint: 8700 ns, Cleanup: 13701 ns, At safepoint: 2700 ns, Total: 25101 ns
[593.007s][info ][safepoint      ] Safepoint "Cleanup", Time since last: 3000284357 ns, Reaching safepoint: 5800 ns, Cleanup: 13101 ns, At safepoint: 2100 ns, Total: 21001 ns
[595.007s][info ][safepoint      ] Safepoint "Cleanup", Time since last: 2000190694 ns, Reaching safepoint: 5801 ns, Cleanup: 9300 ns, At safepoint: 2000 ns, Total: 17101 ns
[596.007s][info ][safepoint      ] Safepoint "Cleanup", Time since last: 1000157673 ns, Reaching safepoint: 6800 ns, Cleanup: 10301 ns, At safepoint: 2600 ns, Total: 19701 ns
[597.008s][info ][safepoint      ] Safepoint "Cleanup", Time since last: 1000156973 ns, Reaching safepoint: 6000 ns, Cleanup: 16101 ns, At safepoint: 2500 ns, Total: 24601 ns
[601.230s][info ][safepoint      ] Safepoint "Cleanup", Time since last: 4222200929 ns, Reaching safepoint: 7001 ns, Cleanup: 15001 ns, At safepoint: 2300 ns, Total: 24302 ns
[602.230s][info ][safepoint      ] Safepoint "Cleanup", Time since last: 1000151372 ns, Reaching safepoint: 6300 ns, Cleanup: 14001 ns, At safepoint: 1800 ns, Total: 22101 ns
[605.230s][info ][safepoint      ] Safepoint "Cleanup", Time since last: 3000302119 ns, Reaching safepoint: 6000 ns, Cleanup: 7801 ns, At safepoint: 2400 ns, Total: 16201 ns
[610.231s][info ][safepoint      ] Safepoint "Cleanup", Time since last: 5000485868 ns, Reaching safepoint: 5700 ns, Cleanup: 9301 ns, At safepoint: 1800 ns, Total: 16801 ns
[612.231s][info ][safepoint      ] Safepoint "Cleanup", Time since last: 2000227695 ns, Reaching safepoint: 6700 ns, Cleanup: 69104 ns, At safepoint: 2400 ns, Total: 78204 ns
[612.597s][info ][gc,start       ] GC(19) Pause Young (Allocation Failure)
[612.601s][debug][gc,phases      ] GC(19) Scavenge 4.524ms
[612.602s][debug][gc,ref         ] GC(19) ReferenceProcessor::execute queues: 1, RefProcThreadModel::Single, marks_oops_alive: false
[612.602s][debug][gc,ref         ] GC(19) Skipped KeepAliveFinalRefsPhase of Reference Processing: no references
[612.602s][debug][gc,ref         ] GC(19) ReferenceProcessor::execute queues: 1, RefProcThreadModel::Single, marks_oops_alive: false
[612.602s][debug][gc,phases      ] GC(19) Reference Processing 0.118ms
[612.602s][debug][gc,phases      ] GC(19)   VM Weak                        Min:  0.0, Avg:  0.0, Max:  0.0, Diff:  0.0, Sum:  0.0, Workers: 4
[612.602s][debug][gc,phases      ] GC(19)     Dead                           Min: 0, Avg:  0.0, Max: 0, Diff: 0, Sum: 0, Workers: 4
[612.602s][debug][gc,phases      ] GC(19)     Total                          Min: 0, Avg: 234.5, Max: 874, Diff: 874, Sum: 938, Workers: 4
[612.602s][debug][gc,phases      ] GC(19)   ObjectSynchronizer Weak        Min:  0.0, Avg:  0.0, Max:  0.0, Diff:  0.0, Sum:  0.0, Workers: 4
[612.602s][debug][gc,phases      ] GC(19)     Dead                           Min: 0, Avg:  0.0, Max: 0, Diff: 0, Sum: 0, Workers: 4
[612.602s][debug][gc,phases      ] GC(19)     Total                          Min: 0, Avg:  0.8, Max: 3, Diff: 3, Sum: 3, Workers: 4
[612.602s][debug][gc,phases      ] GC(19)   JVMTI Tag Weak OopStorage      Min:  0.0, Avg:  0.0, Max:  0.0, Diff:  0.0, Sum:  0.0, Workers: 4
[612.602s][debug][gc,phases      ] GC(19)     Dead                           Min: 0, Avg:  0.0, Max: 0, Diff: 0, Sum: 0, Workers: 4
[612.602s][debug][gc,phases      ] GC(19)     Total                          Min: 0, Avg:  0.0, Max: 0, Diff: 0, Sum: 0, Workers: 4
[612.602s][debug][gc,phases      ] GC(19)   StringTable Weak               Min:  0.0, Avg:  0.1, Max:  0.1, Diff:  0.1, Sum:  0.4, Workers: 4
[612.602s][debug][gc,phases      ] GC(19)     Dead                           Min: 0, Avg:  0.0, Max: 0, Diff: 0, Sum: 0, Workers: 4
[612.602s][debug][gc,phases      ] GC(19)     Total                          Min: 0, Avg: 11108.8, Max: 15315, Diff: 15315, Sum: 44435, Workers: 4
[612.602s][debug][gc,phases      ] GC(19)   ResolvedMethodTable Weak       Min:  0.0, Avg:  0.0, Max:  0.0, Diff:  0.0, Sum:  0.1, Workers: 4
[612.602s][debug][gc,phases      ] GC(19)     Dead                           Min: 0, Avg:  4.2, Max: 17, Diff: 17, Sum: 17, Workers: 4
[612.602s][debug][gc,phases      ] GC(19)     Total                          Min: 0, Avg: 3501.8, Max: 5197, Diff: 5197, Sum: 14007, Workers: 4
[612.602s][debug][gc,phases      ] GC(19)   JNI Weak                       Min:  0.0, Avg:  0.0, Max:  0.0, Diff:  0.0, Sum:  0.0, Workers: 4
[612.602s][debug][gc,phases      ] GC(19)     Dead                           Min: 0, Avg:  0.0, Max: 0, Diff: 0, Sum: 0, Workers: 4
[612.602s][debug][gc,phases      ] GC(19)     Total                          Min: 0, Avg: 13.0, Max: 52, Diff: 52, Sum: 52, Workers: 4
[612.602s][debug][gc,phases      ] GC(19)   StringDedup Table Weak         Min:  0.0, Avg:  0.0, Max:  0.0, Diff:  0.0, Sum:  0.0, Workers: 4
[612.602s][debug][gc,phases      ] GC(19)     Dead                           Min: 0, Avg:  0.0, Max: 0, Diff: 0, Sum: 0, Workers: 4
[612.602s][debug][gc,phases      ] GC(19)     Total                          Min: 0, Avg:  0.0, Max: 0, Diff: 0, Sum: 0, Workers: 4
[612.602s][debug][gc,phases      ] GC(19)   StringDedup Requests0 Weak     Min:  0.0, Avg:  0.0, Max:  0.0, Diff:  0.0, Sum:  0.0, Workers: 4
[612.602s][debug][gc,phases      ] GC(19)     Dead                           Min: 0, Avg:  0.0, Max: 0, Diff: 0, Sum: 0, Workers: 4
[612.602s][debug][gc,phases      ] GC(19)     Total                          Min: 0, Avg:  0.0, Max: 0, Diff: 0, Sum: 0, Workers: 4
[612.602s][debug][gc,phases      ] GC(19)   StringDedup Requests1 Weak     Min:  0.0, Avg:  0.0, Max:  0.0, Diff:  0.0, Sum:  0.0, Workers: 4
[612.602s][debug][gc,phases      ] GC(19)     Dead                           Min: 0, Avg:  0.0, Max: 0, Diff: 0, Sum: 0, Workers: 4
[612.602s][debug][gc,phases      ] GC(19)     Total                          Min: 0, Avg:  0.0, Max: 0, Diff: 0, Sum: 0, Workers: 4
[612.602s][debug][gc,phases      ] GC(19)   Weak JFR Old Object Samples    Min:  0.0, Avg:  0.0, Max:  0.0, Diff:  0.0, Sum:  0.0, Workers: 4
[612.602s][debug][gc,phases      ] GC(19)     Dead                           Min: 0, Avg:  0.0, Max: 0, Diff: 0, Sum: 0, Workers: 4
[612.602s][debug][gc,phases      ] GC(19)     Total                          Min: 0, Avg:  0.0, Max: 0, Diff: 0, Sum: 0, Workers: 4
[612.602s][debug][gc,phases      ] GC(19) Weak Processing 0.420ms
[612.602s][debug][gc,age         ] GC(19) Desired survivor size 229638144 bytes, new threshold 1 (max threshold 15)
[612.602s][info ][gc,heap        ] GC(19) PSYoungGen: 1615808K(1849344K)->2224K(1872896K) Eden: 1608192K(1608192K)->0K(1640448K) From: 7616K(241152K)->2224K(232448K)
[612.602s][info ][gc,heap        ] GC(19) ParOldGen: 224473K(224768K)->230693K(230912K)
[612.602s][info ][gc,metaspace   ] GC(19) Metaspace: 101114K(102400K)->101114K(102400K) NonClass: 85872K(86592K)->85872K(86592K) Class: 15242K(15808K)->15242K(15808K)
[612.602s][info ][gc             ] GC(19) Pause Young (Allocation Failure) 1797M->227M(2054M) 5.204ms
[612.602s][info ][gc,cpu         ] GC(19) User=0.01s Sys=0.00s Real=0.01s
[612.602s][info ][safepoint      ] Safepoint "ParallelGCFailedAllocation", Time since last: 365657944 ns, Reaching safepoint: 6701 ns, Cleanup: 4500 ns, At safepoint: 5280120 ns, Total: 5291321 ns
[613.602s][info ][safepoint      ] Safepoint "Cleanup", Time since last: 1000129866 ns, Reaching safepoint: 7501 ns, Cleanup: 9800 ns, At safepoint: 2800 ns, Total: 20101 ns
[615.602s][info ][safepoint      ] Safepoint "Cleanup", Time since last: 2000261034 ns, Reaching safepoint: 7100 ns, Cleanup: 10301 ns, At safepoint: 2700 ns, Total: 20101 ns
[617.603s][info ][safepoint      ] Safepoint "Cleanup", Time since last: 2000258075 ns, Reaching safepoint: 7101 ns, Cleanup: 10500 ns, At safepoint: 2601 ns, Total: 20202 ns
[619.603s][info ][safepoint      ] Safepoint "Cleanup", Time since last: 2000270613 ns, Reaching safepoint: 7701 ns, Cleanup: 10101 ns, At safepoint: 21801 ns, Total: 39603 ns
[621.603s][info ][safepoint      ] Safepoint "Cleanup", Time since last: 2000233352 ns, Reaching safepoint: 6100 ns, Cleanup: 9701 ns, At safepoint: 2200 ns, Total: 18001 ns
[623.604s][info ][safepoint      ] Safepoint "Cleanup", Time since last: 2000186149 ns, Reaching safepoint: 6100 ns, Cleanup: 9801 ns, At safepoint: 2300 ns, Total: 18201 ns
[624.604s][info ][safepoint      ] Safepoint "Cleanup", Time since last: 1000111725 ns, Reaching safepoint: 6301 ns, Cleanup: 10701 ns, At safepoint: 2200 ns, Total: 19202 ns
[626.604s][info ][safepoint      ] Safepoint "Cleanup", Time since last: 2000178948 ns, Reaching safepoint: 5800 ns, Cleanup: 13201 ns, At safepoint: 2400 ns, Total: 21401 ns
[630.604s][info ][safepoint      ] Safepoint "Cleanup", Time since last: 4000329961 ns, Reaching safepoint: 6201 ns, Cleanup: 9200 ns, At safepoint: 2300 ns, Total: 17701 ns
[632.604s][info ][safepoint      ] Safepoint "Cleanup", Time since last: 2000184482 ns, Reaching safepoint: 6101 ns, Cleanup: 8400 ns, At safepoint: 1900 ns, Total: 16401 ns
[634.605s][info ][safepoint      ] Safepoint "Cleanup", Time since last: 2000201529 ns, Reaching safepoint: 6900 ns, Cleanup: 9001 ns, At safepoint: 2200 ns, Total: 18101 ns
[635.605s][info ][safepoint      ] Safepoint "Cleanup", Time since last: 1000135021 ns, Reaching safepoint: 6600 ns, Cleanup: 27302 ns, At safepoint: 1900 ns, Total: 35802 ns
[641.605s][info ][safepoint      ] Safepoint "Cleanup", Time since last: 6000509006 ns, Reaching safepoint: 7001 ns, Cleanup: 9701 ns, At safepoint: 2700 ns, Total: 19402 ns
[644.606s][info ][safepoint      ] Safepoint "Cleanup", Time since last: 3000367963 ns, Reaching safepoint: 7001 ns, Cleanup: 10000 ns, At safepoint: 2301 ns, Total: 19302 ns
[646.606s][info ][safepoint      ] Safepoint "Cleanup", Time since last: 2000246033 ns, Reaching safepoint: 6800 ns, Cleanup: 15501 ns, At safepoint: 2301 ns, Total: 24602 ns
[648.606s][info ][safepoint      ] Safepoint "Cleanup", Time since last: 2000239033 ns, Reaching safepoint: 6100 ns, Cleanup: 10901 ns, At safepoint: 2100 ns, Total: 19101 ns
[649.606s][info ][safepoint      ] Safepoint "Cleanup", Time since last: 1000146268 ns, Reaching safepoint: 6600 ns, Cleanup: 10001 ns, At safepoint: 2400 ns, Total: 19001 ns
[652.607s][info ][safepoint      ] Safepoint "Cleanup", Time since last: 3000294692 ns, Reaching safepoint: 9800 ns, Cleanup: 10401 ns, At safepoint: 3100 ns, Total: 23301 ns
[653.607s][info ][safepoint      ] Safepoint "Cleanup", Time since last: 1000109332 ns, Reaching safepoint: 6500 ns, Cleanup: 10701 ns, At safepoint: 2200 ns, Total: 19401 ns
[654.607s][info ][safepoint      ] Safepoint "Cleanup", Time since last: 1000114231 ns, Reaching safepoint: 6101 ns, Cleanup: 13401 ns, At safepoint: 2800 ns, Total: 22302 ns
[655.607s][info ][safepoint      ] Safepoint "Cleanup", Time since last: 1000114931 ns, Reaching safepoint: 6201 ns, Cleanup: 11900 ns, At safepoint: 2201 ns, Total: 20302 ns
[661.250s][info ][safepoint      ] Safepoint "Cleanup", Time since last: 5642430383 ns, Reaching safepoint: 6700 ns, Cleanup: 11001 ns, At safepoint: 2400 ns, Total: 20101 ns
[664.250s][info ][safepoint      ] Safepoint "Cleanup", Time since last: 3000282491 ns, Reaching safepoint: 7400 ns, Cleanup: 12501 ns, At safepoint: 2300 ns, Total: 22201 ns
[665.250s][info ][safepoint      ] Safepoint "Cleanup", Time since last: 1000115232 ns, Reaching safepoint: 7401 ns, Cleanup: 6400 ns, At safepoint: 2400 ns, Total: 16201 ns
[667.250s][info ][safepoint      ] Safepoint "Cleanup", Time since last: 2000233664 ns, Reaching safepoint: 7501 ns, Cleanup: 12101 ns, At safepoint: 2600 ns, Total: 22202 ns
[668.250s][info ][safepoint      ] Safepoint "Cleanup", Time since last: 1000121702 ns, Reaching safepoint: 6401 ns, Cleanup: 11100 ns, At safepoint: 2601 ns, Total: 20102 ns
[669.251s][info ][safepoint      ] Safepoint "Cleanup", Time since last: 1000117402 ns, Reaching safepoint: 8300 ns, Cleanup: 10701 ns, At safepoint: 2400 ns, Total: 21401 ns
[671.251s][info ][safepoint      ] Safepoint "Cleanup", Time since last: 2000198202 ns, Reaching safepoint: 8001 ns, Cleanup: 10901 ns, At safepoint: 2600 ns, Total: 21502 ns
[672.251s][info ][safepoint      ] Safepoint "Cleanup", Time since last: 1000125103 ns, Reaching safepoint: 9000 ns, Cleanup: 11801 ns, At safepoint: 2600 ns, Total: 23401 ns
[673.251s][info ][safepoint      ] Safepoint "Cleanup", Time since last: 1000106902 ns, Reaching safepoint: 6300 ns, Cleanup: 14101 ns, At safepoint: 2700 ns, Total: 23101 ns
[678.252s][info ][safepoint      ] Safepoint "Cleanup", Time since last: 5000449635 ns, Reaching safepoint: 5900 ns, Cleanup: 9801 ns, At safepoint: 2800 ns, Total: 18501 ns
[681.143s][info ][gc,start       ] GC(20) Pause Young (Allocation Failure)
[681.146s][debug][gc,phases      ] GC(20) Scavenge 2.985ms
[681.147s][debug][gc,ref         ] GC(20) ReferenceProcessor::execute queues: 1, RefProcThreadModel::Single, marks_oops_alive: false
[681.147s][debug][gc,ref         ] GC(20) Skipped KeepAliveFinalRefsPhase of Reference Processing: no references
[681.147s][debug][gc,ref         ] GC(20) ReferenceProcessor::execute queues: 1, RefProcThreadModel::Single, marks_oops_alive: false
[681.147s][debug][gc,phases      ] GC(20) Reference Processing 0.117ms
[681.147s][debug][gc,phases      ] GC(20)   VM Weak                        Min:  0.0, Avg:  0.0, Max:  0.0, Diff:  0.0, Sum:  0.0, Workers: 4
[681.147s][debug][gc,phases      ] GC(20)     Dead                           Min: 0, Avg:  0.0, Max: 0, Diff: 0, Sum: 0, Workers: 4
[681.147s][debug][gc,phases      ] GC(20)     Total                          Min: 0, Avg: 234.5, Max: 682, Diff: 682, Sum: 938, Workers: 4
[681.147s][debug][gc,phases      ] GC(20)   ObjectSynchronizer Weak        Min:  0.0, Avg:  0.0, Max:  0.0, Diff:  0.0, Sum:  0.0, Workers: 4
[681.147s][debug][gc,phases      ] GC(20)     Dead                           Min: 0, Avg:  0.0, Max: 0, Diff: 0, Sum: 0, Workers: 4
[681.147s][debug][gc,phases      ] GC(20)     Total                          Min: 0, Avg:  0.8, Max: 3, Diff: 3, Sum: 3, Workers: 4
[681.147s][debug][gc,phases      ] GC(20)   JVMTI Tag Weak OopStorage      Min:  0.0, Avg:  0.0, Max:  0.0, Diff:  0.0, Sum:  0.0, Workers: 4
[681.147s][debug][gc,phases      ] GC(20)     Dead                           Min: 0, Avg:  0.0, Max: 0, Diff: 0, Sum: 0, Workers: 4
[681.147s][debug][gc,phases      ] GC(20)     Total                          Min: 0, Avg:  0.0, Max: 0, Diff: 0, Sum: 0, Workers: 4
[681.147s][debug][gc,phases      ] GC(20)   StringTable Weak               Min:  0.0, Avg:  0.1, Max:  0.2, Diff:  0.2, Sum:  0.4, Workers: 4
[681.147s][debug][gc,phases      ] GC(20)     Dead                           Min: 0, Avg:  0.0, Max: 0, Diff: 0, Sum: 0, Workers: 4
[681.147s][debug][gc,phases      ] GC(20)     Total                          Min: 0, Avg: 11110.2, Max: 23680, Diff: 23680, Sum: 44441, Workers: 4
[681.147s][debug][gc,phases      ] GC(20)   ResolvedMethodTable Weak       Min:  0.0, Avg:  0.0, Max:  0.1, Diff:  0.1, Sum:  0.2, Workers: 4
[681.147s][debug][gc,phases      ] GC(20)     Dead                           Min: 0, Avg:  4.0, Max: 16, Diff: 16, Sum: 16, Workers: 4
[681.147s][debug][gc,phases      ] GC(20)     Total                          Min: 0, Avg: 3501.8, Max: 7170, Diff: 7170, Sum: 14007, Workers: 4
[681.147s][debug][gc,phases      ] GC(20)   JNI Weak                       Min:  0.0, Avg:  0.0, Max:  0.0, Diff:  0.0, Sum:  0.0, Workers: 4
[681.147s][debug][gc,phases      ] GC(20)     Dead                           Min: 0, Avg:  0.0, Max: 0, Diff: 0, Sum: 0, Workers: 4
[681.147s][debug][gc,phases      ] GC(20)     Total                          Min: 0, Avg: 13.0, Max: 52, Diff: 52, Sum: 52, Workers: 4
[681.147s][debug][gc,phases      ] GC(20)   StringDedup Table Weak         Min:  0.0, Avg:  0.0, Max:  0.0, Diff:  0.0, Sum:  0.0, Workers: 4
[681.147s][debug][gc,phases      ] GC(20)     Dead                           Min: 0, Avg:  0.0, Max: 0, Diff: 0, Sum: 0, Workers: 4
[681.147s][debug][gc,phases      ] GC(20)     Total                          Min: 0, Avg:  0.0, Max: 0, Diff: 0, Sum: 0, Workers: 4
[681.147s][debug][gc,phases      ] GC(20)   StringDedup Requests0 Weak     Min:  0.0, Avg:  0.0, Max:  0.0, Diff:  0.0, Sum:  0.0, Workers: 4
[681.147s][debug][gc,phases      ] GC(20)     Dead                           Min: 0, Avg:  0.0, Max: 0, Diff: 0, Sum: 0, Workers: 4
[681.147s][debug][gc,phases      ] GC(20)     Total                          Min: 0, Avg:  0.0, Max: 0, Diff: 0, Sum: 0, Workers: 4
[681.147s][debug][gc,phases      ] GC(20)   StringDedup Requests1 Weak     Min:  0.0, Avg:  0.0, Max:  0.0, Diff:  0.0, Sum:  0.0, Workers: 4
[681.147s][debug][gc,phases      ] GC(20)     Dead                           Min: 0, Avg:  0.0, Max: 0, Diff: 0, Sum: 0, Workers: 4
[681.147s][debug][gc,phases      ] GC(20)     Total                          Min: 0, Avg:  0.0, Max: 0, Diff: 0, Sum: 0, Workers: 4
[681.147s][debug][gc,phases      ] GC(20)   Weak JFR Old Object Samples    Min:  0.0, Avg:  0.0, Max:  0.0, Diff:  0.0, Sum:  0.0, Workers: 4
[681.147s][debug][gc,phases      ] GC(20)     Dead                           Min: 0, Avg:  0.0, Max: 0, Diff: 0, Sum: 0, Workers: 4
[681.147s][debug][gc,phases      ] GC(20)     Total                          Min: 0, Avg:  0.0, Max: 0, Diff: 0, Sum: 0, Workers: 4
[681.147s][debug][gc,phases      ] GC(20) Weak Processing 0.532ms
[681.147s][debug][gc,age         ] GC(20) Desired survivor size 220725248 bytes, new threshold 1 (max threshold 15)
[681.147s][info ][gc,heap        ] GC(20) PSYoungGen: 1642672K(1872896K)->2192K(1864704K) Eden: 1640448K(1640448K)->0K(1640448K) From: 2224K(232448K)->2192K(224256K)
[681.147s][info ][gc,heap        ] GC(20) ParOldGen: 230693K(230912K)->231133K(231424K)
[681.147s][info ][gc,metaspace   ] GC(20) Metaspace: 101161K(102464K)->101161K(102464K) NonClass: 85918K(86656K)->85918K(86656K) Class: 15242K(15808K)->15242K(15808K)
[681.147s][info ][gc             ] GC(20) Pause Young (Allocation Failure) 1829M->227M(2047M) 3.780ms
[681.147s][info ][gc,cpu         ] GC(20) User=0.01s Sys=0.00s Real=0.01s
[681.147s][info ][safepoint      ] Safepoint "ParallelGCFailedAllocation", Time since last: 2891781522 ns, Reaching safepoint: 81905 ns, Cleanup: 9200 ns, At safepoint: 3858242 ns, Total: 3949347 ns
[685.148s][info ][safepoint      ] Safepoint "Cleanup", Time since last: 4000322843 ns, Reaching safepoint: 5900 ns, Cleanup: 20902 ns, At safepoint: 2500 ns, Total: 29302 ns
[688.148s][info ][safepoint      ] Safepoint "Cleanup", Time since last: 3000303109 ns, Reaching safepoint: 6001 ns, Cleanup: 13201 ns, At safepoint: 2500 ns, Total: 21702 ns
[689.148s][info ][safepoint      ] Safepoint "Cleanup", Time since last: 1000118504 ns, Reaching safepoint: 5300 ns, Cleanup: 11601 ns, At safepoint: 2200 ns, Total: 19101 ns
[690.148s][info ][safepoint      ] Safepoint "Cleanup", Time since last: 1000107704 ns, Reaching safepoint: 6800 ns, Cleanup: 11901 ns, At safepoint: 2300 ns, Total: 21001 ns
[691.148s][info ][safepoint      ] Safepoint "Cleanup", Time since last: 1000121222 ns, Reaching safepoint: 20901 ns, Cleanup: 12301 ns, At safepoint: 4200 ns, Total: 37402 ns
[693.149s][info ][safepoint      ] Safepoint "Cleanup", Time since last: 2000180847 ns, Reaching safepoint: 7301 ns, Cleanup: 12201 ns, At safepoint: 2700 ns, Total: 22202 ns
[694.149s][info ][safepoint      ] Safepoint "Cleanup", Time since last: 1000121125 ns, Reaching safepoint: 6401 ns, Cleanup: 12101 ns, At safepoint: 2500 ns, Total: 21002 ns
[695.149s][info ][safepoint      ] Safepoint "Cleanup", Time since last: 1000126926 ns, Reaching safepoint: 5800 ns, Cleanup: 13701 ns, At safepoint: 2400 ns, Total: 21901 ns
[700.149s][info ][safepoint      ] Safepoint "Cleanup", Time since last: 5000430586 ns, Reaching safepoint: 8301 ns, Cleanup: 11501 ns, At safepoint: 2500 ns, Total: 22302 ns
[703.150s][info ][safepoint      ] Safepoint "Cleanup", Time since last: 3000265016 ns, Reaching safepoint: 8301 ns, Cleanup: 12800 ns, At safepoint: 3101 ns, Total: 24202 ns
[705.150s][info ][safepoint      ] Safepoint "Cleanup", Time since last: 2000218080 ns, Reaching safepoint: 8400 ns, Cleanup: 16801 ns, At safepoint: 3301 ns, Total: 28502 ns
[706.150s][info ][safepoint      ] Safepoint "Cleanup", Time since last: 1000120540 ns, Reaching safepoint: 6701 ns, Cleanup: 10801 ns, At safepoint: 2500 ns, Total: 20002 ns
[708.150s][info ][safepoint      ] Safepoint "Cleanup", Time since last: 2000204534 ns, Reaching safepoint: 6901 ns, Cleanup: 12500 ns, At safepoint: 2401 ns, Total: 21802 ns
[715.151s][info ][safepoint      ] Safepoint "Cleanup", Time since last: 7000583593 ns, Reaching safepoint: 6000 ns, Cleanup: 16501 ns, At safepoint: 2300 ns, Total: 24801 ns
[723.267s][info ][safepoint      ] Safepoint "Cleanup", Time since last: 8116646248 ns, Reaching safepoint: 6601 ns, Cleanup: 12501 ns, At safepoint: 2600 ns, Total: 21702 ns
[725.268s][info ][safepoint      ] Safepoint "Cleanup", Time since last: 2000217502 ns, Reaching safepoint: 5901 ns, Cleanup: 12000 ns, At safepoint: 2901 ns, Total: 20802 ns
[730.268s][info ][safepoint      ] Safepoint "Cleanup", Time since last: 5000386646 ns, Reaching safepoint: 6000 ns, Cleanup: 12001 ns, At safepoint: 2500 ns, Total: 20501 ns
[731.268s][info ][safepoint      ] Safepoint "Cleanup", Time since last: 1000121803 ns, Reaching safepoint: 6000 ns, Cleanup: 10201 ns, At safepoint: 2100 ns, Total: 18301 ns
[732.268s][info ][safepoint      ] Safepoint "Cleanup", Time since last: 1000115848 ns, Reaching safepoint: 6300 ns, Cleanup: 9901 ns, At safepoint: 1900 ns, Total: 18101 ns
[734.269s][info ][safepoint      ] Safepoint "Cleanup", Time since last: 2000188093 ns, Reaching safepoint: 6400 ns, Cleanup: 10401 ns, At safepoint: 2700 ns, Total: 19501 ns
[740.269s][info ][safepoint      ] Safepoint "Cleanup", Time since last: 6000463993 ns, Reaching safepoint: 6300 ns, Cleanup: 12201 ns, At safepoint: 2100 ns, Total: 20601 ns
[741.269s][info ][safepoint      ] Safepoint "Cleanup", Time since last: 1000115536 ns, Reaching safepoint: 5801 ns, Cleanup: 10900 ns, At safepoint: 2000 ns, Total: 18701 ns
[743.269s][info ][safepoint      ] Safepoint "Cleanup", Time since last: 2000212572 ns, Reaching safepoint: 6500 ns, Cleanup: 12701 ns, At safepoint: 2400 ns, Total: 21601 ns
[745.270s][info ][safepoint      ] Safepoint "Cleanup", Time since last: 2000191770 ns, Reaching safepoint: 9200 ns, Cleanup: 13601 ns, At safepoint: 2800 ns, Total: 25601 ns
[749.270s][info ][safepoint      ] Safepoint "Cleanup", Time since last: 4000350654 ns, Reaching safepoint: 8201 ns, Cleanup: 12801 ns, At safepoint: 3200 ns, Total: 24202 ns
[749.344s][info ][gc,start       ] GC(21) Pause Young (Allocation Failure)
[749.348s][debug][gc,phases      ] GC(21) Scavenge 3.979ms
[749.348s][debug][gc,ref         ] GC(21) ReferenceProcessor::execute queues: 1, RefProcThreadModel::Single, marks_oops_alive: false
[749.348s][debug][gc,ref         ] GC(21) Skipped KeepAliveFinalRefsPhase of Reference Processing: no references
[749.348s][debug][gc,ref         ] GC(21) ReferenceProcessor::execute queues: 1, RefProcThreadModel::Single, marks_oops_alive: false
[749.348s][debug][gc,phases      ] GC(21) Reference Processing 0.112ms
[749.349s][debug][gc,phases      ] GC(21)   VM Weak                        Min:  0.0, Avg:  0.0, Max:  0.0, Diff:  0.0, Sum:  0.0, Workers: 4
[749.349s][debug][gc,phases      ] GC(21)     Dead                           Min: 0, Avg:  0.0, Max: 0, Diff: 0, Sum: 0, Workers: 4
[749.349s][debug][gc,phases      ] GC(21)     Total                          Min: 0, Avg: 234.5, Max: 682, Diff: 682, Sum: 938, Workers: 4
[749.349s][debug][gc,phases      ] GC(21)   ObjectSynchronizer Weak        Min:  0.0, Avg:  0.0, Max:  0.0, Diff:  0.0, Sum:  0.0, Workers: 4
[749.349s][debug][gc,phases      ] GC(21)     Dead                           Min: 0, Avg:  0.0, Max: 0, Diff: 0, Sum: 0, Workers: 4
[749.349s][debug][gc,phases      ] GC(21)     Total                          Min: 0, Avg:  1.0, Max: 4, Diff: 4, Sum: 4, Workers: 4
[749.349s][debug][gc,phases      ] GC(21)   JVMTI Tag Weak OopStorage      Min:  0.0, Avg:  0.0, Max:  0.0, Diff:  0.0, Sum:  0.0, Workers: 4
[749.349s][debug][gc,phases      ] GC(21)     Dead                           Min: 0, Avg:  0.0, Max: 0, Diff: 0, Sum: 0, Workers: 4
[749.349s][debug][gc,phases      ] GC(21)     Total                          Min: 0, Avg:  0.0, Max: 0, Diff: 0, Sum: 0, Workers: 4
[749.349s][debug][gc,phases      ] GC(21)   StringTable Weak               Min:  0.0, Avg:  0.1, Max:  0.1, Diff:  0.1, Sum:  0.4, Workers: 4
[749.349s][debug][gc,phases      ] GC(21)     Dead                           Min: 0, Avg:  0.0, Max: 0, Diff: 0, Sum: 0, Workers: 4
[749.349s][debug][gc,phases      ] GC(21)     Total                          Min: 0, Avg: 11111.2, Max: 16477, Diff: 16477, Sum: 44445, Workers: 4
[749.349s][debug][gc,phases      ] GC(21)   ResolvedMethodTable Weak       Min:  0.0, Avg:  0.0, Max:  0.0, Diff:  0.0, Sum:  0.1, Workers: 4
[749.349s][debug][gc,phases      ] GC(21)     Dead                           Min: 0, Avg:  4.0, Max: 16, Diff: 16, Sum: 16, Workers: 4
[749.349s][debug][gc,phases      ] GC(21)     Total                          Min: 0, Avg: 3501.8, Max: 5164, Diff: 5164, Sum: 14007, Workers: 4
[749.349s][debug][gc,phases      ] GC(21)   JNI Weak                       Min:  0.0, Avg:  0.0, Max:  0.0, Diff:  0.0, Sum:  0.0, Workers: 4
[749.349s][debug][gc,phases      ] GC(21)     Dead                           Min: 0, Avg:  0.0, Max: 0, Diff: 0, Sum: 0, Workers: 4
[749.349s][debug][gc,phases      ] GC(21)     Total                          Min: 0, Avg: 13.0, Max: 52, Diff: 52, Sum: 52, Workers: 4
[749.349s][debug][gc,phases      ] GC(21)   StringDedup Table Weak         Min:  0.0, Avg:  0.0, Max:  0.0, Diff:  0.0, Sum:  0.0, Workers: 4
[749.349s][debug][gc,phases      ] GC(21)     Dead                           Min: 0, Avg:  0.0, Max: 0, Diff: 0, Sum: 0, Workers: 4
[749.349s][debug][gc,phases      ] GC(21)     Total                          Min: 0, Avg:  0.0, Max: 0, Diff: 0, Sum: 0, Workers: 4
[749.349s][debug][gc,phases      ] GC(21)   StringDedup Requests0 Weak     Min:  0.0, Avg:  0.0, Max:  0.0, Diff:  0.0, Sum:  0.0, Workers: 4
[749.349s][debug][gc,phases      ] GC(21)     Dead                           Min: 0, Avg:  0.0, Max: 0, Diff: 0, Sum: 0, Workers: 4
[749.349s][debug][gc,phases      ] GC(21)     Total                          Min: 0, Avg:  0.0, Max: 0, Diff: 0, Sum: 0, Workers: 4
[749.349s][debug][gc,phases      ] GC(21)   StringDedup Requests1 Weak     Min:  0.0, Avg:  0.0, Max:  0.0, Diff:  0.0, Sum:  0.0, Workers: 4
[749.349s][debug][gc,phases      ] GC(21)     Dead                           Min: 0, Avg:  0.0, Max: 0, Diff: 0, Sum: 0, Workers: 4
[749.349s][debug][gc,phases      ] GC(21)     Total                          Min: 0, Avg:  0.0, Max: 0, Diff: 0, Sum: 0, Workers: 4
[749.349s][debug][gc,phases      ] GC(21)   Weak JFR Old Object Samples    Min:  0.0, Avg:  0.0, Max:  0.0, Diff:  0.0, Sum:  0.0, Workers: 4
[749.349s][debug][gc,phases      ] GC(21)     Dead                           Min: 0, Avg:  0.0, Max: 0, Diff: 0, Sum: 0, Workers: 4
[749.349s][debug][gc,phases      ] GC(21)     Total                          Min: 0, Avg:  0.0, Max: 0, Diff: 0, Sum: 0, Workers: 4
[749.349s][debug][gc,phases      ] GC(21) Weak Processing 0.438ms
[749.349s][debug][gc,age         ] GC(21) Desired survivor size 211288064 bytes, new threshold 1 (max threshold 15)
[749.349s][info ][gc,heap        ] GC(21) PSYoungGen: 1642640K(1864704K)->2800K(1890816K) Eden: 1640448K(1640448K)->0K(1675264K) From: 2192K(224256K)->2800K(215552K)
[749.349s][info ][gc,heap        ] GC(21) ParOldGen: 231133K(231424K)->231433K(231936K)
[749.349s][info ][gc,metaspace   ] GC(21) Metaspace: 101178K(102464K)->101178K(102464K) NonClass: 85935K(86656K)->85935K(86656K) Class: 15242K(15808K)->15242K(15808K)
[749.349s][info ][gc             ] GC(21) Pause Young (Allocation Failure) 1829M->228M(2073M) 4.666ms
[749.349s][info ][gc,cpu         ] GC(21) User=0.01s Sys=0.00s Real=0.01s
[749.349s][info ][safepoint      ] Safepoint "ParallelGCFailedAllocation", Time since last: 74171746 ns, Reaching safepoint: 5801 ns, Cleanup: 4600 ns, At safepoint: 4742891 ns, Total: 4753292 ns
[752.349s][info ][safepoint      ] Safepoint "Cleanup", Time since last: 3000230508 ns, Reaching safepoint: 5501 ns, Cleanup: 10900 ns, At safepoint: 2401 ns, Total: 18802 ns
[767.350s][info ][safepoint      ] Safepoint "Cleanup", Time since last: 15001151358 ns, Reaching safepoint: 5900 ns, Cleanup: 14901 ns, At safepoint: 2200 ns, Total: 23001 ns
[775.351s][info ][safepoint      ] Safepoint "Cleanup", Time since last: 8000616812 ns, Reaching safepoint: 6800 ns, Cleanup: 10701 ns, At safepoint: 2100 ns, Total: 19601 ns
[780.286s][info ][safepoint      ] Safepoint "Cleanup", Time since last: 4934683579 ns, Reaching safepoint: 2900 ns, Cleanup: 8600 ns, At safepoint: 4201 ns, Total: 15701 ns
[781.286s][info ][safepoint      ] Safepoint "Cleanup", Time since last: 1000159686 ns, Reaching safepoint: 6000 ns, Cleanup: 12001 ns, At safepoint: 2100 ns, Total: 20101 ns
[786.286s][info ][safepoint      ] Safepoint "Cleanup", Time since last: 5000439908 ns, Reaching safepoint: 6200 ns, Cleanup: 15901 ns, At safepoint: 2200 ns, Total: 24301 ns
[791.287s][info ][safepoint      ] Safepoint "Cleanup", Time since last: 5000427843 ns, Reaching safepoint: 5300 ns, Cleanup: 9701 ns, At safepoint: 2000 ns, Total: 17001 ns
[792.287s][info ][safepoint      ] Safepoint "Cleanup", Time since last: 1000125929 ns, Reaching safepoint: 5700 ns, Cleanup: 10001 ns, At safepoint: 2200 ns, Total: 17901 ns
[793.287s][info ][safepoint      ] Safepoint "Cleanup", Time since last: 1000114228 ns, Reaching safepoint: 5900 ns, Cleanup: 9101 ns, At safepoint: 2100 ns, Total: 17101 ns
[801.288s][info ][safepoint      ] Safepoint "Cleanup", Time since last: 8000659887 ns, Reaching safepoint: 6000 ns, Cleanup: 15701 ns, At safepoint: 2000 ns, Total: 23701 ns
[802.288s][info ][safepoint      ] Safepoint "Cleanup", Time since last: 1000118596 ns, Reaching safepoint: 5900 ns, Cleanup: 23102 ns, At safepoint: 2000 ns, Total: 31002 ns
[803.288s][info ][safepoint      ] Safepoint "Cleanup", Time since last: 1000112802 ns, Reaching safepoint: 5600 ns, Cleanup: 16701 ns, At safepoint: 2300 ns, Total: 24601 ns
[812.289s][info ][safepoint      ] Safepoint "Cleanup", Time since last: 9000728582 ns, Reaching safepoint: 5300 ns, Cleanup: 9501 ns, At safepoint: 2600 ns, Total: 17401 ns
[820.195s][info ][gc,start       ] GC(22) Pause Young (Allocation Failure)
[820.198s][debug][gc,phases      ] GC(22) Scavenge 3.203ms
[820.198s][debug][gc,ref         ] GC(22) ReferenceProcessor::execute queues: 1, RefProcThreadModel::Single, marks_oops_alive: false
[820.198s][debug][gc,ref         ] GC(22) Skipped KeepAliveFinalRefsPhase of Reference Processing: no references
[820.198s][debug][gc,ref         ] GC(22) ReferenceProcessor::execute queues: 1, RefProcThreadModel::Single, marks_oops_alive: false
[820.198s][debug][gc,phases      ] GC(22) Reference Processing 0.117ms
[820.198s][debug][gc,phases      ] GC(22)   VM Weak                        Min:  0.0, Avg:  0.0, Max:  0.0, Diff:  0.0, Sum:  0.0, Workers: 4
[820.198s][debug][gc,phases      ] GC(22)     Dead                           Min: 0, Avg:  0.0, Max: 0, Diff: 0, Sum: 0, Workers: 4
[820.198s][debug][gc,phases      ] GC(22)     Total                          Min: 0, Avg: 234.5, Max: 490, Diff: 490, Sum: 938, Workers: 4
[820.198s][debug][gc,phases      ] GC(22)   ObjectSynchronizer Weak        Min:  0.0, Avg:  0.0, Max:  0.0, Diff:  0.0, Sum:  0.0, Workers: 4
[820.198s][debug][gc,phases      ] GC(22)     Dead                           Min: 0, Avg:  0.0, Max: 0, Diff: 0, Sum: 0, Workers: 4
[820.198s][debug][gc,phases      ] GC(22)     Total                          Min: 0, Avg:  0.8, Max: 3, Diff: 3, Sum: 3, Workers: 4
[820.198s][debug][gc,phases      ] GC(22)   JVMTI Tag Weak OopStorage      Min:  0.0, Avg:  0.0, Max:  0.0, Diff:  0.0, Sum:  0.0, Workers: 4
[820.198s][debug][gc,phases      ] GC(22)     Dead                           Min: 0, Avg:  0.0, Max: 0, Diff: 0, Sum: 0, Workers: 4
[820.198s][debug][gc,phases      ] GC(22)     Total                          Min: 0, Avg:  0.0, Max: 0, Diff: 0, Sum: 0, Workers: 4
[820.198s][debug][gc,phases      ] GC(22)   StringTable Weak               Min:  0.0, Avg:  0.1, Max:  0.2, Diff:  0.2, Sum:  0.4, Workers: 4
[820.198s][debug][gc,phases      ] GC(22)     Dead                           Min: 0, Avg:  0.0, Max: 0, Diff: 0, Sum: 0, Workers: 4
[820.198s][debug][gc,phases      ] GC(22)     Total                          Min: 0, Avg: 11115.8, Max: 23936, Diff: 23936, Sum: 44463, Workers: 4
[820.198s][debug][gc,phases      ] GC(22)   ResolvedMethodTable Weak       Min:  0.0, Avg:  0.0, Max:  0.1, Diff:  0.1, Sum:  0.1, Workers: 4
[820.198s][debug][gc,phases      ] GC(22)     Dead                           Min: 0, Avg:  4.2, Max: 17, Diff: 17, Sum: 17, Workers: 4
[820.198s][debug][gc,phases      ] GC(22)     Total                          Min: 0, Avg: 3503.5, Max: 7627, Diff: 7627, Sum: 14014, Workers: 4
[820.198s][debug][gc,phases      ] GC(22)   JNI Weak                       Min:  0.0, Avg:  0.0, Max:  0.0, Diff:  0.0, Sum:  0.0, Workers: 4
[820.198s][debug][gc,phases      ] GC(22)     Dead                           Min: 0, Avg:  0.0, Max: 0, Diff: 0, Sum: 0, Workers: 4
[820.198s][debug][gc,phases      ] GC(22)     Total                          Min: 0, Avg: 13.0, Max: 52, Diff: 52, Sum: 52, Workers: 4
[820.198s][debug][gc,phases      ] GC(22)   StringDedup Table Weak         Min:  0.0, Avg:  0.0, Max:  0.0, Diff:  0.0, Sum:  0.0, Workers: 4
[820.198s][debug][gc,phases      ] GC(22)     Dead                           Min: 0, Avg:  0.0, Max: 0, Diff: 0, Sum: 0, Workers: 4
[820.198s][debug][gc,phases      ] GC(22)     Total                          Min: 0, Avg:  0.0, Max: 0, Diff: 0, Sum: 0, Workers: 4
[820.199s][debug][gc,phases      ] GC(22)   StringDedup Requests0 Weak     Min:  0.0, Avg:  0.0, Max:  0.0, Diff:  0.0, Sum:  0.0, Workers: 4
[820.199s][debug][gc,phases      ] GC(22)     Dead                           Min: 0, Avg:  0.0, Max: 0, Diff: 0, Sum: 0, Workers: 4
[820.199s][debug][gc,phases      ] GC(22)     Total                          Min: 0, Avg:  0.0, Max: 0, Diff: 0, Sum: 0, Workers: 4
[820.199s][debug][gc,phases      ] GC(22)   StringDedup Requests1 Weak     Min:  0.0, Avg:  0.0, Max:  0.0, Diff:  0.0, Sum:  0.0, Workers: 4
[820.199s][debug][gc,phases      ] GC(22)     Dead                           Min: 0, Avg:  0.0, Max: 0, Diff: 0, Sum: 0, Workers: 4
[820.199s][debug][gc,phases      ] GC(22)     Total                          Min: 0, Avg:  0.0, Max: 0, Diff: 0, Sum: 0, Workers: 4
[820.199s][debug][gc,phases      ] GC(22)   Weak JFR Old Object Samples    Min:  0.0, Avg:  0.0, Max:  0.0, Diff:  0.0, Sum:  0.0, Workers: 4
[820.199s][debug][gc,phases      ] GC(22)     Dead                           Min: 0, Avg:  0.0, Max: 0, Diff: 0, Sum: 0, Workers: 4
[820.199s][debug][gc,phases      ] GC(22)     Total                          Min: 0, Avg:  0.0, Max: 0, Diff: 0, Sum: 0, Workers: 4
[820.199s][debug][gc,phases      ] GC(22) Weak Processing 0.509ms
[820.199s][debug][gc,age         ] GC(22) Desired survivor size 201326592 bytes, new threshold 1 (max threshold 15)
[820.199s][info ][gc,heap        ] GC(22) PSYoungGen: 1678064K(1890816K)->2240K(1881600K) Eden: 1675264K(1675264K)->0K(1675264K) From: 2800K(215552K)->2240K(206336K)
[820.199s][info ][gc,heap        ] GC(22) ParOldGen: 231433K(231936K)->232409K(232448K)
[820.199s][info ][gc,metaspace   ] GC(22) Metaspace: 101313K(102592K)->101313K(102592K) NonClass: 86059K(86784K)->86059K(86784K) Class: 15253K(15808K)->15253K(15808K)
[820.199s][info ][gc             ] GC(22) Pause Young (Allocation Failure) 1864M->229M(2064M) 3.957ms
[820.199s][info ][gc,cpu         ] GC(22) User=0.01s Sys=0.00s Real=0.01s
[820.199s][info ][safepoint      ] Safepoint "ParallelGCFailedAllocation", Time since last: 7905776689 ns, Reaching safepoint: 6001 ns, Cleanup: 4700 ns, At safepoint: 4044254 ns, Total: 4054955 ns
[821.199s][info ][safepoint      ] Safepoint "Cleanup", Time since last: 1000088634 ns, Reaching safepoint: 5600 ns, Cleanup: 13701 ns, At safepoint: 2600 ns, Total: 21901 ns
[823.199s][info ][safepoint      ] Safepoint "Cleanup", Time since last: 2000214770 ns, Reaching safepoint: 5800 ns, Cleanup: 10801 ns, At safepoint: 2500 ns, Total: 19101 ns
[824.199s][info ][safepoint      ] Safepoint "Cleanup", Time since last: 1000116536 ns, Reaching safepoint: 6000 ns, Cleanup: 10701 ns, At safepoint: 2800 ns, Total: 19501 ns
[841.201s][info ][safepoint      ] Safepoint "Cleanup", Time since last: 17001364820 ns, Reaching safepoint: 5800 ns, Cleanup: 13101 ns, At safepoint: 2200 ns, Total: 21101 ns
[842.201s][info ][safepoint      ] Safepoint "Cleanup", Time since last: 1000123905 ns, Reaching safepoint: 5900 ns, Cleanup: 13301 ns, At safepoint: 2200 ns, Total: 21401 ns
[848.201s][info ][safepoint      ] Safepoint "Cleanup", Time since last: 6000472745 ns, Reaching safepoint: 5500 ns, Cleanup: 10301 ns, At safepoint: 2500 ns, Total: 18301 ns
[849.201s][info ][safepoint      ] Safepoint "Cleanup", Time since last: 1000118788 ns, Reaching safepoint: 5701 ns, Cleanup: 12300 ns, At safepoint: 2100 ns, Total: 20101 ns
[852.202s][info ][safepoint      ] Safepoint "Cleanup", Time since last: 3000247513 ns, Reaching safepoint: 6101 ns, Cleanup: 11101 ns, At safepoint: 2000 ns, Total: 19202 ns
[867.203s][info ][safepoint      ] Safepoint "Cleanup", Time since last: 15001243131 ns, Reaching safepoint: 6601 ns, Cleanup: 11100 ns, At safepoint: 2601 ns, Total: 20302 ns
[868.203s][info ][safepoint      ] Safepoint "Cleanup", Time since last: 1000163062 ns, Reaching safepoint: 7001 ns, Cleanup: 12801 ns, At safepoint: 2600 ns, Total: 22402 ns
[869.203s][info ][safepoint      ] Safepoint "Cleanup", Time since last: 1000119560 ns, Reaching safepoint: 5200 ns, Cleanup: 9801 ns, At safepoint: 2200 ns, Total: 17201 ns
[870.203s][info ][safepoint      ] Safepoint "Cleanup", Time since last: 1000125160 ns, Reaching safepoint: 5901 ns, Cleanup: 12401 ns, At safepoint: 2900 ns, Total: 21202 ns
[875.204s][info ][safepoint      ] Safepoint "Cleanup", Time since last: 5000449008 ns, Reaching safepoint: 6400 ns, Cleanup: 10301 ns, At safepoint: 2100 ns, Total: 18801 ns
[876.204s][info ][safepoint      ] Safepoint "Cleanup", Time since last: 1000129580 ns, Reaching safepoint: 5800 ns, Cleanup: 10701 ns, At safepoint: 2500 ns, Total: 19001 ns
[880.204s][info ][safepoint      ] Safepoint "Cleanup", Time since last: 4000340009 ns, Reaching safepoint: 6200 ns, Cleanup: 10001 ns, At safepoint: 2300 ns, Total: 18501 ns
[881.204s][info ][safepoint      ] Safepoint "Cleanup", Time since last: 1000111879 ns, Reaching safepoint: 5800 ns, Cleanup: 9401 ns, At safepoint: 2200 ns, Total: 17401 ns
[882.205s][info ][safepoint      ] Safepoint "Cleanup", Time since last: 1000121280 ns, Reaching safepoint: 6000 ns, Cleanup: 11301 ns, At safepoint: 2600 ns, Total: 19901 ns
[885.205s][info ][safepoint      ] Safepoint "Cleanup", Time since last: 3000286367 ns, Reaching safepoint: 6201 ns, Cleanup: 17501 ns, At safepoint: 2400 ns, Total: 26102 ns
[886.205s][info ][safepoint      ] Safepoint "Cleanup", Time since last: 1000120377 ns, Reaching safepoint: 5700 ns, Cleanup: 13801 ns, At safepoint: 2000 ns, Total: 21501 ns
[887.205s][info ][safepoint      ] Safepoint "Cleanup", Time since last: 1000111276 ns, Reaching safepoint: 5800 ns, Cleanup: 10801 ns, At safepoint: 2200 ns, Total: 18801 ns
[888.205s][info ][safepoint      ] Safepoint "Cleanup", Time since last: 1000113576 ns, Reaching safepoint: 5701 ns, Cleanup: 48103 ns, At safepoint: 2500 ns, Total: 56304 ns
[889.205s][info ][safepoint      ] Safepoint "Cleanup", Time since last: 1000109776 ns, Reaching safepoint: 5200 ns, Cleanup: 13101 ns, At safepoint: 2100 ns, Total: 20401 ns
[890.746s][info ][gc,start       ] GC(23) Pause Young (Allocation Failure)
[890.748s][debug][gc,phases      ] GC(23) Scavenge 2.768ms
[890.749s][debug][gc,ref         ] GC(23) ReferenceProcessor::execute queues: 1, RefProcThreadModel::Single, marks_oops_alive: false
[890.749s][debug][gc,ref         ] GC(23) Skipped KeepAliveFinalRefsPhase of Reference Processing: no references
[890.749s][debug][gc,ref         ] GC(23) ReferenceProcessor::execute queues: 1, RefProcThreadModel::Single, marks_oops_alive: false
[890.749s][debug][gc,phases      ] GC(23) Reference Processing 0.109ms
[890.749s][debug][gc,phases      ] GC(23)   VM Weak                        Min:  0.0, Avg:  0.0, Max:  0.0, Diff:  0.0, Sum:  0.0, Workers: 4
[890.749s][debug][gc,phases      ] GC(23)     Dead                           Min: 0, Avg:  0.0, Max: 0, Diff: 0, Sum: 0, Workers: 4
[890.749s][debug][gc,phases      ] GC(23)     Total                          Min: 0, Avg: 234.5, Max: 490, Diff: 490, Sum: 938, Workers: 4
[890.749s][debug][gc,phases      ] GC(23)   ObjectSynchronizer Weak        Min:  0.0, Avg:  0.0, Max:  0.0, Diff:  0.0, Sum:  0.0, Workers: 4
[890.749s][debug][gc,phases      ] GC(23)     Dead                           Min: 0, Avg:  0.0, Max: 0, Diff: 0, Sum: 0, Workers: 4
[890.749s][debug][gc,phases      ] GC(23)     Total                          Min: 0, Avg:  0.8, Max: 3, Diff: 3, Sum: 3, Workers: 4
[890.749s][debug][gc,phases      ] GC(23)   JVMTI Tag Weak OopStorage      Min:  0.0, Avg:  0.0, Max:  0.0, Diff:  0.0, Sum:  0.0, Workers: 4
[890.749s][debug][gc,phases      ] GC(23)     Dead                           Min: 0, Avg:  0.0, Max: 0, Diff: 0, Sum: 0, Workers: 4
[890.749s][debug][gc,phases      ] GC(23)     Total                          Min: 0, Avg:  0.0, Max: 0, Diff: 0, Sum: 0, Workers: 4
[890.749s][debug][gc,phases      ] GC(23)   StringTable Weak               Min:  0.0, Avg:  0.1, Max:  0.2, Diff:  0.2, Sum:  0.4, Workers: 4
[890.749s][debug][gc,phases      ] GC(23)     Dead                           Min: 0, Avg:  0.0, Max: 0, Diff: 0, Sum: 0, Workers: 4
[890.749s][debug][gc,phases      ] GC(23)     Total                          Min: 0, Avg: 11118.0, Max: 24448, Diff: 24448, Sum: 44472, Workers: 4
[890.749s][debug][gc,phases      ] GC(23)   ResolvedMethodTable Weak       Min:  0.0, Avg:  0.0, Max:  0.1, Diff:  0.1, Sum:  0.1, Workers: 4
[890.749s][debug][gc,phases      ] GC(23)     Dead                           Min: 0, Avg:  4.0, Max: 11, Diff: 11, Sum: 16, Workers: 4
[890.749s][debug][gc,phases      ] GC(23)     Total                          Min: 0, Avg: 3504.0, Max: 7857, Diff: 7857, Sum: 14016, Workers: 4
[890.749s][debug][gc,phases      ] GC(23)   JNI Weak                       Min:  0.0, Avg:  0.0, Max:  0.0, Diff:  0.0, Sum:  0.0, Workers: 4
[890.749s][debug][gc,phases      ] GC(23)     Dead                           Min: 0, Avg:  0.0, Max: 0, Diff: 0, Sum: 0, Workers: 4
[890.749s][debug][gc,phases      ] GC(23)     Total                          Min: 0, Avg: 13.0, Max: 52, Diff: 52, Sum: 52, Workers: 4
[890.749s][debug][gc,phases      ] GC(23)   StringDedup Table Weak         Min:  0.0, Avg:  0.0, Max:  0.0, Diff:  0.0, Sum:  0.0, Workers: 4
[890.749s][debug][gc,phases      ] GC(23)     Dead                           Min: 0, Avg:  0.0, Max: 0, Diff: 0, Sum: 0, Workers: 4
[890.749s][debug][gc,phases      ] GC(23)     Total                          Min: 0, Avg:  0.0, Max: 0, Diff: 0, Sum: 0, Workers: 4
[890.749s][debug][gc,phases      ] GC(23)   StringDedup Requests0 Weak     Min:  0.0, Avg:  0.0, Max:  0.0, Diff:  0.0, Sum:  0.0, Workers: 4
[890.749s][debug][gc,phases      ] GC(23)     Dead                           Min: 0, Avg:  0.0, Max: 0, Diff: 0, Sum: 0, Workers: 4
[890.749s][debug][gc,phases      ] GC(23)     Total                          Min: 0, Avg:  0.0, Max: 0, Diff: 0, Sum: 0, Workers: 4
[890.749s][debug][gc,phases      ] GC(23)   StringDedup Requests1 Weak     Min:  0.0, Avg:  0.0, Max:  0.0, Diff:  0.0, Sum:  0.0, Workers: 4
[890.749s][debug][gc,phases      ] GC(23)     Dead                           Min: 0, Avg:  0.0, Max: 0, Diff: 0, Sum: 0, Workers: 4
[890.749s][debug][gc,phases      ] GC(23)     Total                          Min: 0, Avg:  0.0, Max: 0, Diff: 0, Sum: 0, Workers: 4
[890.749s][debug][gc,phases      ] GC(23)   Weak JFR Old Object Samples    Min:  0.0, Avg:  0.0, Max:  0.0, Diff:  0.0, Sum:  0.0, Workers: 4
[890.749s][debug][gc,phases      ] GC(23)     Dead                           Min: 0, Avg:  0.0, Max: 0, Diff: 0, Sum: 0, Workers: 4
[890.749s][debug][gc,phases      ] GC(23)     Total                          Min: 0, Avg:  0.0, Max: 0, Diff: 0, Sum: 0, Workers: 4
[890.749s][debug][gc,phases      ] GC(23) Weak Processing 0.528ms
[890.749s][debug][gc,age         ] GC(23) Desired survivor size 191365120 bytes, new threshold 1 (max threshold 15)
[890.749s][info ][gc,heap        ] GC(23) PSYoungGen: 1677504K(1881600K)->1984K(1910272K) Eden: 1675264K(1675264K)->0K(1713664K) From: 2240K(206336K)->1984K(196608K)
[890.749s][info ][gc,heap        ] GC(23) ParOldGen: 232409K(232448K)->233230K(233472K)
[890.749s][info ][gc,metaspace   ] GC(23) Metaspace: 101498K(102784K)->101498K(102784K) NonClass: 86235K(86976K)->86235K(86976K) Class: 15262K(15808K)->15262K(15808K)
[890.749s][info ][gc             ] GC(23) Pause Young (Allocation Failure) 1865M->229M(2093M) 3.528ms
[890.749s][info ][gc,cpu         ] GC(23) User=0.01s Sys=0.00s Real=0.00s
[890.749s][info ][safepoint      ] Safepoint "ParallelGCFailedAllocation", Time since last: 1540148820 ns, Reaching safepoint: 5900 ns, Cleanup: 17402 ns, At safepoint: 3597925 ns, Total: 3621227 ns
[898.750s][info ][safepoint      ] Safepoint "Cleanup", Time since last: 8000654179 ns, Reaching safepoint: 6300 ns, Cleanup: 10301 ns, At safepoint: 2000 ns, Total: 18601 ns
[901.750s][info ][safepoint      ] Safepoint "Cleanup", Time since last: 3000267115 ns, Reaching safepoint: 6300 ns, Cleanup: 10601 ns, At safepoint: 2500 ns, Total: 19401 ns
[907.751s][info ][safepoint      ] Safepoint "Cleanup", Time since last: 6000511572 ns, Reaching safepoint: 6000 ns, Cleanup: 11301 ns, At safepoint: 2200 ns, Total: 19501 ns
[908.751s][info ][safepoint      ] Safepoint "Cleanup", Time since last: 1000135600 ns, Reaching safepoint: 6001 ns, Cleanup: 16801 ns, At safepoint: 2400 ns, Total: 25202 ns
[910.751s][info ][safepoint      ] Safepoint "Cleanup", Time since last: 2000188895 ns, Reaching safepoint: 5800 ns, Cleanup: 18301 ns, At safepoint: 2400 ns, Total: 26501 ns
[911.751s][info ][safepoint      ] Safepoint "Cleanup", Time since last: 1000121300 ns, Reaching safepoint: 5800 ns, Cleanup: 40002 ns, At safepoint: 2601 ns, Total: 48403 ns
[913.751s][info ][safepoint      ] Safepoint "Cleanup", Time since last: 2000187198 ns, Reaching safepoint: 6300 ns, Cleanup: 10601 ns, At safepoint: 2300 ns, Total: 19201 ns
[916.752s][info ][safepoint      ] Safepoint "Cleanup", Time since last: 3000254967 ns, Reaching safepoint: 6200 ns, Cleanup: 10701 ns, At safepoint: 2200 ns, Total: 19101 ns
[917.752s][info ][safepoint      ] Safepoint "Cleanup", Time since last: 1000127694 ns, Reaching safepoint: 5900 ns, Cleanup: 10101 ns, At safepoint: 2000 ns, Total: 18001 ns
[918.752s][info ][safepoint      ] Safepoint "Cleanup", Time since last: 1000112693 ns, Reaching safepoint: 5700 ns, Cleanup: 9801 ns, At safepoint: 1900 ns, Total: 17401 ns
[921.752s][info ][safepoint      ] Safepoint "Cleanup", Time since last: 3000256074 ns, Reaching safepoint: 6000 ns, Cleanup: 12301 ns, At safepoint: 2400 ns, Total: 20701 ns
[922.752s][info ][safepoint      ] Safepoint "Cleanup", Time since last: 1000114093 ns, Reaching safepoint: 6301 ns, Cleanup: 10601 ns, At safepoint: 2100 ns, Total: 19002 ns
[924.753s][info ][safepoint      ] Safepoint "Cleanup", Time since last: 2000190384 ns, Reaching safepoint: 6400 ns, Cleanup: 11801 ns, At safepoint: 2400 ns, Total: 20601 ns
[925.753s][info ][safepoint      ] Safepoint "Cleanup", Time since last: 1000115894 ns, Reaching safepoint: 6100 ns, Cleanup: 11101 ns, At safepoint: 2200 ns, Total: 19401 ns
[927.753s][info ][safepoint      ] Safepoint "Cleanup", Time since last: 2000199285 ns, Reaching safepoint: 5900 ns, Cleanup: 19801 ns, At safepoint: 2301 ns, Total: 28002 ns
[933.753s][info ][safepoint      ] Safepoint "Cleanup", Time since last: 6000487083 ns, Reaching safepoint: 5701 ns, Cleanup: 7100 ns, At safepoint: 2000 ns, Total: 14801 ns
[934.754s][info ][safepoint      ] Safepoint "Cleanup", Time since last: 1000109807 ns, Reaching safepoint: 5700 ns, Cleanup: 7501 ns, At safepoint: 2400 ns, Total: 15601 ns
[935.754s][info ][safepoint      ] Safepoint "Cleanup", Time since last: 1000114607 ns, Reaching safepoint: 6301 ns, Cleanup: 11200 ns, At safepoint: 2100 ns, Total: 19601 ns
[936.754s][info ][safepoint      ] Safepoint "Cleanup", Time since last: 1000118308 ns, Reaching safepoint: 5700 ns, Cleanup: 12701 ns, At safepoint: 2800 ns, Total: 21201 ns
[937.754s][info ][safepoint      ] Safepoint "Cleanup", Time since last: 1000118307 ns, Reaching safepoint: 5901 ns, Cleanup: 10800 ns, At safepoint: 2301 ns, Total: 19002 ns
[941.754s][info ][safepoint      ] Safepoint "Cleanup", Time since last: 4000343180 ns, Reaching safepoint: 8601 ns, Cleanup: 14701 ns, At safepoint: 3100 ns, Total: 26402 ns
[947.755s][info ][safepoint      ] Safepoint "Cleanup", Time since last: 6000479274 ns, Reaching safepoint: 6201 ns, Cleanup: 10200 ns, At safepoint: 2401 ns, Total: 18802 ns
[952.195s][info ][gc,start       ] GC(24) Pause Young (Allocation Failure)
[952.198s][debug][gc,phases      ] GC(24) Scavenge 2.832ms
[952.198s][debug][gc,ref         ] GC(24) ReferenceProcessor::execute queues: 1, RefProcThreadModel::Single, marks_oops_alive: false
[952.198s][debug][gc,ref         ] GC(24) Skipped KeepAliveFinalRefsPhase of Reference Processing: no references
[952.198s][debug][gc,ref         ] GC(24) ReferenceProcessor::execute queues: 1, RefProcThreadModel::Single, marks_oops_alive: false
[952.198s][debug][gc,phases      ] GC(24) Reference Processing 0.119ms
[952.199s][debug][gc,phases      ] GC(24)   VM Weak                        Min:  0.0, Avg:  0.0, Max:  0.0, Diff:  0.0, Sum:  0.0, Workers: 4
[952.199s][debug][gc,phases      ] GC(24)     Dead                           Min: 0, Avg:  0.0, Max: 0, Diff: 0, Sum: 0, Workers: 4
[952.199s][debug][gc,phases      ] GC(24)     Total                          Min: 0, Avg: 235.8, Max: 943, Diff: 943, Sum: 943, Workers: 4
[952.199s][debug][gc,phases      ] GC(24)   ObjectSynchronizer Weak        Min:  0.0, Avg:  0.0, Max:  0.0, Diff:  0.0, Sum:  0.0, Workers: 4
[952.199s][debug][gc,phases      ] GC(24)     Dead                           Min: 0, Avg:  0.0, Max: 0, Diff: 0, Sum: 0, Workers: 4
[952.199s][debug][gc,phases      ] GC(24)     Total                          Min: 0, Avg:  0.8, Max: 3, Diff: 3, Sum: 3, Workers: 4
[952.199s][debug][gc,phases      ] GC(24)   JVMTI Tag Weak OopStorage      Min:  0.0, Avg:  0.0, Max:  0.0, Diff:  0.0, Sum:  0.0, Workers: 4
[952.199s][debug][gc,phases      ] GC(24)     Dead                           Min: 0, Avg:  0.0, Max: 0, Diff: 0, Sum: 0, Workers: 4
[952.199s][debug][gc,phases      ] GC(24)     Total                          Min: 0, Avg:  0.0, Max: 0, Diff: 0, Sum: 0, Workers: 4
[952.199s][debug][gc,phases      ] GC(24)   StringTable Weak               Min:  0.0, Avg:  0.1, Max:  0.2, Diff:  0.2, Sum:  0.4, Workers: 4
[952.199s][debug][gc,phases      ] GC(24)     Dead                           Min: 0, Avg:  0.2, Max: 1, Diff: 1, Sum: 1, Workers: 4
[952.199s][debug][gc,phases      ] GC(24)     Total                          Min: 0, Avg: 11120.0, Max: 24384, Diff: 24384, Sum: 44480, Workers: 4
[952.199s][debug][gc,phases      ] GC(24)   ResolvedMethodTable Weak       Min:  0.0, Avg:  0.0, Max:  0.1, Diff:  0.1, Sum:  0.1, Workers: 4
[952.199s][debug][gc,phases      ] GC(24)     Dead                           Min: 0, Avg:  4.2, Max: 17, Diff: 17, Sum: 17, Workers: 4
[952.199s][debug][gc,phases      ] GC(24)     Total                          Min: 0, Avg: 3507.8, Max: 8408, Diff: 8408, Sum: 14031, Workers: 4
[952.199s][debug][gc,phases      ] GC(24)   JNI Weak                       Min:  0.0, Avg:  0.0, Max:  0.0, Diff:  0.0, Sum:  0.0, Workers: 4
[952.199s][debug][gc,phases      ] GC(24)     Dead                           Min: 0, Avg:  0.0, Max: 0, Diff: 0, Sum: 0, Workers: 4
[952.199s][debug][gc,phases      ] GC(24)     Total                          Min: 0, Avg: 13.0, Max: 52, Diff: 52, Sum: 52, Workers: 4
[952.199s][debug][gc,phases      ] GC(24)   StringDedup Table Weak         Min:  0.0, Avg:  0.0, Max:  0.0, Diff:  0.0, Sum:  0.0, Workers: 4
[952.199s][debug][gc,phases      ] GC(24)     Dead                           Min: 0, Avg:  0.0, Max: 0, Diff: 0, Sum: 0, Workers: 4
[952.199s][debug][gc,phases      ] GC(24)     Total                          Min: 0, Avg:  0.0, Max: 0, Diff: 0, Sum: 0, Workers: 4
[952.199s][debug][gc,phases      ] GC(24)   StringDedup Requests0 Weak     Min:  0.0, Avg:  0.0, Max:  0.0, Diff:  0.0, Sum:  0.0, Workers: 4
[952.199s][debug][gc,phases      ] GC(24)     Dead                           Min: 0, Avg:  0.0, Max: 0, Diff: 0, Sum: 0, Workers: 4
[952.199s][debug][gc,phases      ] GC(24)     Total                          Min: 0, Avg:  0.0, Max: 0, Diff: 0, Sum: 0, Workers: 4
[952.199s][debug][gc,phases      ] GC(24)   StringDedup Requests1 Weak     Min:  0.0, Avg:  0.0, Max:  0.0, Diff:  0.0, Sum:  0.0, Workers: 4
[952.199s][debug][gc,phases      ] GC(24)     Dead                           Min: 0, Avg:  0.0, Max: 0, Diff: 0, Sum: 0, Workers: 4
[952.199s][debug][gc,phases      ] GC(24)     Total                          Min: 0, Avg:  0.0, Max: 0, Diff: 0, Sum: 0, Workers: 4
[952.199s][debug][gc,phases      ] GC(24)   Weak JFR Old Object Samples    Min:  0.0, Avg:  0.0, Max:  0.0, Diff:  0.0, Sum:  0.0, Workers: 4
[952.199s][debug][gc,phases      ] GC(24)     Dead                           Min: 0, Avg:  0.0, Max: 0, Diff: 0, Sum: 0, Workers: 4
[952.199s][debug][gc,phases      ] GC(24)     Total                          Min: 0, Avg:  0.0, Max: 0, Diff: 0, Sum: 0, Workers: 4
[952.199s][debug][gc,phases      ] GC(24) Weak Processing 0.493ms
[952.199s][debug][gc,age         ] GC(24) Desired survivor size 181927936 bytes, new threshold 1 (max threshold 15)
[952.199s][info ][gc,heap        ] GC(24) PSYoungGen: 1715648K(1910272K)->2112K(1900544K) Eden: 1713664K(1713664K)->0K(1713664K) From: 1984K(196608K)->2112K(186880K)
[952.199s][info ][gc,heap        ] GC(24) ParOldGen: 233230K(233472K)->233618K(233984K)
[952.199s][info ][gc,metaspace   ] GC(24) Metaspace: 101545K(102784K)->101545K(102784K) NonClass: 86278K(86976K)->86278K(86976K) Class: 15266K(15808K)->15266K(15808K)
[952.199s][info ][gc             ] GC(24) Pause Young (Allocation Failure) 1903M->230M(2084M) 3.591ms
[952.199s][info ][gc,cpu         ] GC(24) User=0.01s Sys=0.01s Real=0.01s
[952.199s][info ][safepoint      ] Safepoint "ParallelGCFailedAllocation", Time since last: 4440525338 ns, Reaching safepoint: 7801 ns, Cleanup: 4800 ns, At safepoint: 3672230 ns, Total: 3684831 ns
[954.199s][info ][safepoint      ] Safepoint "Cleanup", Time since last: 2000162083 ns, Reaching safepoint: 6000 ns, Cleanup: 13701 ns, At safepoint: 2700 ns, Total: 22401 ns
[955.200s][info ][safepoint      ] Safepoint "Cleanup", Time since last: 1000119044 ns, Reaching safepoint: 88405 ns, Cleanup: 77305 ns, At safepoint: 12101 ns, Total: 177811 ns
[956.200s][info ][safepoint      ] Safepoint "Cleanup", Time since last: 1000149340 ns, Reaching safepoint: 104106 ns, Cleanup: 78405 ns, At safepoint: 7901 ns, Total: 190412 ns
[957.200s][info ][safepoint      ] Safepoint "Cleanup", Time since last: 1000121337 ns, Reaching safepoint: 6001 ns, Cleanup: 60204 ns, At safepoint: 2300 ns, Total: 68505 ns
[958.200s][info ][safepoint      ] Safepoint "Cleanup", Time since last: 1000129538 ns, Reaching safepoint: 6901 ns, Cleanup: 9100 ns, At safepoint: 2500 ns, Total: 18501 ns
[959.200s][info ][safepoint      ] Safepoint "Cleanup", Time since last: 1000137339 ns, Reaching safepoint: 6501 ns, Cleanup: 11500 ns, At safepoint: 2401 ns, Total: 20402 ns
[960.201s][info ][safepoint      ] Safepoint "Cleanup", Time since last: 1000122338 ns, Reaching safepoint: 6400 ns, Cleanup: 11801 ns, At safepoint: 2100 ns, Total: 20301 ns
[962.339s][info ][safepoint      ] Safepoint "Cleanup", Time since last: 2138631743 ns, Reaching safepoint: 6200 ns, Cleanup: 13201 ns, At safepoint: 2800 ns, Total: 22201 ns
[964.339s][info ][safepoint      ] Safepoint "Cleanup", Time since last: 2000171236 ns, Reaching safepoint: 79505 ns, Cleanup: 9001 ns, At safepoint: 6000 ns, Total: 94506 ns
[966.340s][info ][safepoint      ] Safepoint "Cleanup", Time since last: 2000176724 ns, Reaching safepoint: 6300 ns, Cleanup: 28802 ns, At safepoint: 5301 ns, Total: 40403 ns
[967.340s][info ][safepoint      ] Safepoint "Cleanup", Time since last: 1000106963 ns, Reaching safepoint: 6300 ns, Cleanup: 26102 ns, At safepoint: 7000 ns, Total: 39402 ns
[968.340s][info ][safepoint      ] Safepoint "Cleanup", Time since last: 1000113864 ns, Reaching safepoint: 6000 ns, Cleanup: 21801 ns, At safepoint: 2201 ns, Total: 30002 ns
[971.340s][info ][safepoint      ] Safepoint "Cleanup", Time since last: 3000273110 ns, Reaching safepoint: 5601 ns, Cleanup: 10201 ns, At safepoint: 2200 ns, Total: 18002 ns
[972.340s][info ][safepoint      ] Safepoint "Cleanup", Time since last: 1000112524 ns, Reaching safepoint: 5200 ns, Cleanup: 23904 ns, At safepoint: 2100 ns, Total: 31204 ns
[973.341s][info ][safepoint      ] Safepoint "Cleanup", Time since last: 1000110323 ns, Reaching safepoint: 5900 ns, Cleanup: 19303 ns, At safepoint: 2500 ns, Total: 27703 ns
[974.341s][info ][safepoint      ] Safepoint "Cleanup", Time since last: 1000110722 ns, Reaching safepoint: 5500 ns, Cleanup: 13701 ns, At safepoint: 2100 ns, Total: 21301 ns
[975.341s][info ][safepoint      ] Safepoint "Cleanup", Time since last: 1000109667 ns, Reaching safepoint: 6500 ns, Cleanup: 11701 ns, At safepoint: 2200 ns, Total: 20401 ns
[978.341s][info ][safepoint      ] Safepoint "Cleanup", Time since last: 3000277596 ns, Reaching safepoint: 6001 ns, Cleanup: 15801 ns, At safepoint: 2100 ns, Total: 23902 ns
[979.341s][info ][safepoint      ] Safepoint "Cleanup", Time since last: 1000127049 ns, Reaching safepoint: 5200 ns, Cleanup: 10102 ns, At safepoint: 2100 ns, Total: 17402 ns
[981.342s][info ][safepoint      ] Safepoint "Cleanup", Time since last: 2000262224 ns, Reaching safepoint: 6901 ns, Cleanup: 22104 ns, At safepoint: 2800 ns, Total: 31805 ns
[982.342s][info ][safepoint      ] Safepoint "Cleanup", Time since last: 1000130202 ns, Reaching safepoint: 5400 ns, Cleanup: 21002 ns, At safepoint: 2400 ns, Total: 28802 ns
[983.342s][info ][safepoint      ] Safepoint "Cleanup", Time since last: 1000112026 ns, Reaching safepoint: 5800 ns, Cleanup: 25002 ns, At safepoint: 2100 ns, Total: 32902 ns
[984.342s][info ][safepoint      ] Safepoint "Cleanup", Time since last: 1000109125 ns, Reaching safepoint: 6401 ns, Cleanup: 19001 ns, At safepoint: 6101 ns, Total: 31503 ns
[985.342s][info ][safepoint      ] Safepoint "Cleanup", Time since last: 1000112225 ns, Reaching safepoint: 77607 ns, Cleanup: 10601 ns, At safepoint: 6500 ns, Total: 94708 ns
[988.343s][info ][safepoint      ] Safepoint "Cleanup", Time since last: 3000282083 ns, Reaching safepoint: 111010 ns, Cleanup: 13001 ns, At safepoint: 10801 ns, Total: 134812 ns
[991.343s][info ][safepoint      ] Safepoint "Cleanup", Time since last: 3000350028 ns, Reaching safepoint: 113410 ns, Cleanup: 12401 ns, At safepoint: 10401 ns, Total: 136212 ns
[992.343s][info ][safepoint      ] Safepoint "Cleanup", Time since last: 1000124243 ns, Reaching safepoint: 79007 ns, Cleanup: 12401 ns, At safepoint: 8201 ns, Total: 99609 ns
[993.344s][info ][safepoint      ] Safepoint "Cleanup", Time since last: 1000116742 ns, Reaching safepoint: 78007 ns, Cleanup: 14902 ns, At safepoint: 6100 ns, Total: 99009 ns
[994.852s][info ][safepoint      ] Safepoint "Cleanup", Time since last: 1508004502 ns, Reaching safepoint: 5501 ns, Cleanup: 16701 ns, At safepoint: 2201 ns, Total: 24403 ns
[995.852s][info ][safepoint      ] Safepoint "Cleanup", Time since last: 1000113771 ns, Reaching safepoint: 6500 ns, Cleanup: 10201 ns, At safepoint: 2300 ns, Total: 19001 ns
[996.852s][info ][safepoint      ] Safepoint "Cleanup", Time since last: 1000111716 ns, Reaching safepoint: 6400 ns, Cleanup: 26902 ns, At safepoint: 2501 ns, Total: 35803 ns
[999.852s][info ][safepoint      ] Safepoint "Cleanup", Time since last: 3000253439 ns, Reaching safepoint: 6300 ns, Cleanup: 11101 ns, At safepoint: 2700 ns, Total: 20101 ns
[1000.852s][info ][safepoint      ] Safepoint "Cleanup", Time since last: 1000113616 ns, Reaching safepoint: 5600 ns, Cleanup: 16702 ns, At safepoint: 2600 ns, Total: 24902 ns
[1001.852s][info ][safepoint      ] Safepoint "Cleanup", Time since last: 1000121316 ns, Reaching safepoint: 6401 ns, Cleanup: 10101 ns, At safepoint: 2300 ns, Total: 18802 ns
[1003.853s][info ][safepoint      ] Safepoint "Cleanup", Time since last: 2000201880 ns, Reaching safepoint: 6501 ns, Cleanup: 10401 ns, At safepoint: 2200 ns, Total: 19102 ns
[1005.853s][info ][safepoint      ] Safepoint "Cleanup", Time since last: 2000181338 ns, Reaching safepoint: 5401 ns, Cleanup: 7500 ns, At safepoint: 1801 ns, Total: 14702 ns
[1008.853s][info ][safepoint      ] Safepoint "Cleanup", Time since last: 3000257006 ns, Reaching safepoint: 8101 ns, Cleanup: 10301 ns, At safepoint: 2700 ns, Total: 21102 ns
[1009.853s][info ][safepoint      ] Safepoint "Cleanup", Time since last: 1000122372 ns, Reaching safepoint: 6401 ns, Cleanup: 10901 ns, At safepoint: 2400 ns, Total: 19702 ns
[1011.853s][info ][safepoint      ] Safepoint "Cleanup", Time since last: 2000198145 ns, Reaching safepoint: 6100 ns, Cleanup: 10801 ns, At safepoint: 2100 ns, Total: 19001 ns
[1014.854s][info ][safepoint      ] Safepoint "Cleanup", Time since last: 3000293483 ns, Reaching safepoint: 5901 ns, Cleanup: 14501 ns, At safepoint: 2100 ns, Total: 22502 ns
[1017.496s][info ][gc,start       ] GC(25) Pause Young (Allocation Failure)
[1017.500s][debug][gc,phases      ] GC(25) Scavenge 3.996ms
[1017.500s][debug][gc,ref         ] GC(25) ReferenceProcessor::execute queues: 1, RefProcThreadModel::Single, marks_oops_alive: false
[1017.500s][debug][gc,ref         ] GC(25) Skipped KeepAliveFinalRefsPhase of Reference Processing: no references
[1017.500s][debug][gc,ref         ] GC(25) ReferenceProcessor::execute queues: 1, RefProcThreadModel::Single, marks_oops_alive: false
[1017.500s][debug][gc,phases      ] GC(25) Reference Processing 0.128ms
[1017.500s][debug][gc,phases      ] GC(25)   VM Weak                        Min:  0.0, Avg:  0.0, Max:  0.0, Diff:  0.0, Sum:  0.0, Workers: 4
[1017.501s][debug][gc,phases      ] GC(25)     Dead                           Min: 0, Avg:  0.0, Max: 0, Diff: 0, Sum: 0, Workers: 4
[1017.501s][debug][gc,phases      ] GC(25)     Total                          Min: 0, Avg: 236.2, Max: 704, Diff: 704, Sum: 945, Workers: 4
[1017.501s][debug][gc,phases      ] GC(25)   ObjectSynchronizer Weak        Min:  0.0, Avg:  0.0, Max:  0.0, Diff:  0.0, Sum:  0.0, Workers: 4
[1017.501s][debug][gc,phases      ] GC(25)     Dead                           Min: 0, Avg:  0.0, Max: 0, Diff: 0, Sum: 0, Workers: 4
[1017.501s][debug][gc,phases      ] GC(25)     Total                          Min: 0, Avg:  1.0, Max: 4, Diff: 4, Sum: 4, Workers: 4
[1017.501s][debug][gc,phases      ] GC(25)   JVMTI Tag Weak OopStorage      Min:  0.0, Avg:  0.0, Max:  0.0, Diff:  0.0, Sum:  0.0, Workers: 4
[1017.501s][debug][gc,phases      ] GC(25)     Dead                           Min: 0, Avg:  0.0, Max: 0, Diff: 0, Sum: 0, Workers: 4
[1017.501s][debug][gc,phases      ] GC(25)     Total                          Min: 0, Avg:  0.0, Max: 0, Diff: 0, Sum: 0, Workers: 4
[1017.501s][debug][gc,phases      ] GC(25)   StringTable Weak               Min:  0.0, Avg:  0.1, Max:  0.1, Diff:  0.1, Sum:  0.4, Workers: 4
[1017.501s][debug][gc,phases      ] GC(25)     Dead                           Min: 0, Avg:  0.5, Max: 2, Diff: 2, Sum: 2, Workers: 4
[1017.501s][debug][gc,phases      ] GC(25)     Total                          Min: 0, Avg: 11133.2, Max: 15670, Diff: 15670, Sum: 44533, Workers: 4
[1017.501s][debug][gc,phases      ] GC(25)   ResolvedMethodTable Weak       Min:  0.0, Avg:  0.0, Max:  0.0, Diff:  0.0, Sum:  0.1, Workers: 4
[1017.501s][debug][gc,phases      ] GC(25)     Dead                           Min: 0, Avg:  6.2, Max: 21, Diff: 21, Sum: 25, Workers: 4
[1017.501s][debug][gc,phases      ] GC(25)     Total                          Min: 0, Avg: 3522.0, Max: 4983, Diff: 4983, Sum: 14088, Workers: 4
[1017.501s][debug][gc,phases      ] GC(25)   JNI Weak                       Min:  0.0, Avg:  0.0, Max:  0.0, Diff:  0.0, Sum:  0.0, Workers: 4
[1017.501s][debug][gc,phases      ] GC(25)     Dead                           Min: 0, Avg:  0.0, Max: 0, Diff: 0, Sum: 0, Workers: 4
[1017.501s][debug][gc,phases      ] GC(25)     Total                          Min: 0, Avg: 13.0, Max: 52, Diff: 52, Sum: 52, Workers: 4
[1017.501s][debug][gc,phases      ] GC(25)   StringDedup Table Weak         Min:  0.0, Avg:  0.0, Max:  0.0, Diff:  0.0, Sum:  0.0, Workers: 4
[1017.501s][debug][gc,phases      ] GC(25)     Dead                           Min: 0, Avg:  0.0, Max: 0, Diff: 0, Sum: 0, Workers: 4
[1017.501s][debug][gc,phases      ] GC(25)     Total                          Min: 0, Avg:  0.0, Max: 0, Diff: 0, Sum: 0, Workers: 4
[1017.501s][debug][gc,phases      ] GC(25)   StringDedup Requests0 Weak     Min:  0.0, Avg:  0.0, Max:  0.0, Diff:  0.0, Sum:  0.0, Workers: 4
[1017.501s][debug][gc,phases      ] GC(25)     Dead                           Min: 0, Avg:  0.0, Max: 0, Diff: 0, Sum: 0, Workers: 4
[1017.501s][debug][gc,phases      ] GC(25)     Total                          Min: 0, Avg:  0.0, Max: 0, Diff: 0, Sum: 0, Workers: 4
[1017.501s][debug][gc,phases      ] GC(25)   StringDedup Requests1 Weak     Min:  0.0, Avg:  0.0, Max:  0.0, Diff:  0.0, Sum:  0.0, Workers: 4
[1017.501s][debug][gc,phases      ] GC(25)     Dead                           Min: 0, Avg:  0.0, Max: 0, Diff: 0, Sum: 0, Workers: 4
[1017.501s][debug][gc,phases      ] GC(25)     Total                          Min: 0, Avg:  0.0, Max: 0, Diff: 0, Sum: 0, Workers: 4
[1017.501s][debug][gc,phases      ] GC(25)   Weak JFR Old Object Samples    Min:  0.0, Avg:  0.0, Max:  0.0, Diff:  0.0, Sum:  0.0, Workers: 4
[1017.501s][debug][gc,phases      ] GC(25)     Dead                           Min: 0, Avg:  0.0, Max: 0, Diff: 0, Sum: 0, Workers: 4
[1017.501s][debug][gc,phases      ] GC(25)     Total                          Min: 0, Avg:  0.0, Max: 0, Diff: 0, Sum: 0, Workers: 4
[1017.501s][debug][gc,phases      ] GC(25) Weak Processing 0.427ms
[1017.501s][debug][gc,age         ] GC(25) Desired survivor size 171966464 bytes, new threshold 1 (max threshold 15)
[1017.501s][info ][gc,heap        ] GC(25) PSYoungGen: 1715776K(1900544K)->2368K(1929216K) Eden: 1713664K(1713664K)->0K(1751552K) From: 2112K(186880K)->2368K(177664K)
[1017.501s][info ][gc,heap        ] GC(25) ParOldGen: 233618K(233984K)->234098K(234496K)
[1017.501s][info ][gc,metaspace   ] GC(25) Metaspace: 101757K(103040K)->101757K(103040K) NonClass: 86461K(87168K)->86461K(87168K) Class: 15295K(15872K)->15295K(15872K)
[1017.501s][info ][gc             ] GC(25) Pause Young (Allocation Failure) 1903M->230M(2113M) 4.700ms
[1017.501s][info ][gc,cpu         ] GC(25) User=0.01s Sys=0.00s Real=0.01s
[1017.501s][info ][safepoint      ] Safepoint "ParallelGCFailedAllocation", Time since last: 2642208115 ns, Reaching safepoint: 6401 ns, Cleanup: 4500 ns, At safepoint: 4783807 ns, Total: 4794708 ns
[1018.501s][info ][safepoint      ] Safepoint "Cleanup", Time since last: 1000130098 ns, Reaching safepoint: 8700 ns, Cleanup: 14101 ns, At safepoint: 3601 ns, Total: 26402 ns
[1021.358s][info ][safepoint      ] Safepoint "Cleanup", Time since last: 2856560604 ns, Reaching safepoint: 5700 ns, Cleanup: 9001 ns, At safepoint: 2300 ns, Total: 17001 ns
[1023.358s][info ][safepoint      ] Safepoint "Cleanup", Time since last: 2000171629 ns, Reaching safepoint: 5301 ns, Cleanup: 9100 ns, At safepoint: 2301 ns, Total: 16702 ns
[1024.358s][info ][safepoint      ] Safepoint "Cleanup", Time since last: 1000105666 ns, Reaching safepoint: 5200 ns, Cleanup: 7801 ns, At safepoint: 2100 ns, Total: 15101 ns
[1029.358s][info ][safepoint      ] Safepoint "Cleanup", Time since last: 5000388434 ns, Reaching safepoint: 5901 ns, Cleanup: 15001 ns, At safepoint: 2300 ns, Total: 23202 ns
[1032.359s][info ][safepoint      ] Safepoint "Cleanup", Time since last: 3000252482 ns, Reaching safepoint: 5901 ns, Cleanup: 12701 ns, At safepoint: 1900 ns, Total: 20502 ns
[1035.359s][info ][safepoint      ] Safepoint "Cleanup", Time since last: 3000260672 ns, Reaching safepoint: 5600 ns, Cleanup: 8101 ns, At safepoint: 2200 ns, Total: 15901 ns
[1036.359s][info ][safepoint      ] Safepoint "Cleanup", Time since last: 1000104835 ns, Reaching safepoint: 5401 ns, Cleanup: 9100 ns, At safepoint: 2201 ns, Total: 16702 ns
[1037.359s][info ][safepoint      ] Safepoint "Cleanup", Time since last: 1000104135 ns, Reaching safepoint: 5600 ns, Cleanup: 8601 ns, At safepoint: 2100 ns, Total: 16301 ns
[1038.359s][info ][safepoint      ] Safepoint "Cleanup", Time since last: 1000100435 ns, Reaching safepoint: 5500 ns, Cleanup: 9501 ns, At safepoint: 2200 ns, Total: 17201 ns
[1042.359s][info ][safepoint      ] Safepoint "Cleanup", Time since last: 4000331934 ns, Reaching safepoint: 5600 ns, Cleanup: 8901 ns, At safepoint: 2100 ns, Total: 16601 ns
[1044.360s][info ][safepoint      ] Safepoint "Cleanup", Time since last: 2000178787 ns, Reaching safepoint: 5701 ns, Cleanup: 9100 ns, At safepoint: 2200 ns, Total: 17001 ns
[1047.360s][info ][safepoint      ] Safepoint "Cleanup", Time since last: 3000256689 ns, Reaching safepoint: 5400 ns, Cleanup: 8201 ns, At safepoint: 2400 ns, Total: 16001 ns
[1050.360s][info ][safepoint      ] Safepoint "Cleanup", Time since last: 3000254527 ns, Reaching safepoint: 5300 ns, Cleanup: 9901 ns, At safepoint: 2200 ns, Total: 17401 ns
[1051.360s][info ][safepoint      ] Safepoint "Cleanup", Time since last: 1000101704 ns, Reaching safepoint: 5900 ns, Cleanup: 11101 ns, At safepoint: 2200 ns, Total: 19201 ns
[1052.360s][info ][safepoint      ] Safepoint "Cleanup", Time since last: 1000098973 ns, Reaching safepoint: 5501 ns, Cleanup: 13701 ns, At safepoint: 2100 ns, Total: 21302 ns
[1054.361s][info ][safepoint      ] Safepoint "Cleanup", Time since last: 2000166844 ns, Reaching safepoint: 6200 ns, Cleanup: 8801 ns, At safepoint: 2000 ns, Total: 17001 ns
[1056.361s][info ][safepoint      ] Safepoint "Cleanup", Time since last: 2000192946 ns, Reaching safepoint: 5801 ns, Cleanup: 12601 ns, At safepoint: 2600 ns, Total: 21002 ns
[1057.361s][info ][safepoint      ] Safepoint "Cleanup", Time since last: 1000106273 ns, Reaching safepoint: 6901 ns, Cleanup: 13301 ns, At safepoint: 2800 ns, Total: 23002 ns
[1058.361s][info ][safepoint      ] Safepoint "Cleanup", Time since last: 1000117875 ns, Reaching safepoint: 4800 ns, Cleanup: 13001 ns, At safepoint: 2700 ns, Total: 20501 ns
[1062.361s][info ][safepoint      ] Safepoint "Cleanup", Time since last: 4000331728 ns, Reaching safepoint: 6900 ns, Cleanup: 19102 ns, At safepoint: 2900 ns, Total: 28902 ns
[1063.362s][info ][safepoint      ] Safepoint "Cleanup", Time since last: 1000143633 ns, Reaching safepoint: 6800 ns, Cleanup: 12701 ns, At safepoint: 2500 ns, Total: 22001 ns
[1064.362s][info ][safepoint      ] Safepoint "Cleanup", Time since last: 1000124032 ns, Reaching safepoint: 6200 ns, Cleanup: 12101 ns, At safepoint: 2300 ns, Total: 20601 ns
[1067.362s][info ][safepoint      ] Safepoint "Cleanup", Time since last: 3000257005 ns, Reaching safepoint: 6200 ns, Cleanup: 10301 ns, At safepoint: 2100 ns, Total: 18601 ns
[1069.362s][info ][safepoint      ] Safepoint "Cleanup", Time since last: 2000181931 ns, Reaching safepoint: 6501 ns, Cleanup: 10101 ns, At safepoint: 2600 ns, Total: 19202 ns
[1070.362s][info ][safepoint      ] Safepoint "Cleanup", Time since last: 1000119418 ns, Reaching safepoint: 6200 ns, Cleanup: 9601 ns, At safepoint: 1900 ns, Total: 17701 ns
[1071.363s][info ][safepoint      ] Safepoint "Cleanup", Time since last: 1000119818 ns, Reaching safepoint: 6900 ns, Cleanup: 34703 ns, At safepoint: 3000 ns, Total: 44603 ns
[1072.363s][info ][safepoint      ] Safepoint "Cleanup", Time since last: 1000125218 ns, Reaching safepoint: 6801 ns, Cleanup: 10701 ns, At safepoint: 2500 ns, Total: 20002 ns
[1075.363s][info ][safepoint      ] Safepoint "Cleanup", Time since last: 3000291650 ns, Reaching safepoint: 6001 ns, Cleanup: 9601 ns, At safepoint: 2300 ns, Total: 17902 ns
[1078.363s][info ][safepoint      ] Safepoint "Cleanup", Time since last: 3000250537 ns, Reaching safepoint: 5601 ns, Cleanup: 9201 ns, At safepoint: 2000 ns, Total: 16802 ns
[1087.376s][info ][safepoint      ] Safepoint "Cleanup", Time since last: 9012421464 ns, Reaching safepoint: 6101 ns, Cleanup: 9301 ns, At safepoint: 2500 ns, Total: 17902 ns
[1087.893s][info ][gc,start       ] GC(26) Pause Young (Allocation Failure)
[1087.897s][debug][gc,phases      ] GC(26) Scavenge 3.685ms
[1087.897s][debug][gc,ref         ] GC(26) ReferenceProcessor::execute queues: 1, RefProcThreadModel::Single, marks_oops_alive: false
[1087.897s][debug][gc,ref         ] GC(26) Skipped KeepAliveFinalRefsPhase of Reference Processing: no references
[1087.897s][debug][gc,ref         ] GC(26) ReferenceProcessor::execute queues: 1, RefProcThreadModel::Single, marks_oops_alive: false
[1087.897s][debug][gc,phases      ] GC(26) Reference Processing 0.147ms
[1087.898s][debug][gc,phases      ] GC(26)   VM Weak                        Min:  0.0, Avg:  0.0, Max:  0.0, Diff:  0.0, Sum:  0.0, Workers: 4
[1087.898s][debug][gc,phases      ] GC(26)     Dead                           Min: 0, Avg:  0.0, Max: 0, Diff: 0, Sum: 0, Workers: 4
[1087.898s][debug][gc,phases      ] GC(26)     Total                          Min: 0, Avg: 236.5, Max: 704, Diff: 704, Sum: 946, Workers: 4
[1087.898s][debug][gc,phases      ] GC(26)   ObjectSynchronizer Weak        Min:  0.0, Avg:  0.0, Max:  0.0, Diff:  0.0, Sum:  0.0, Workers: 4
[1087.898s][debug][gc,phases      ] GC(26)     Dead                           Min: 0, Avg:  0.0, Max: 0, Diff: 0, Sum: 0, Workers: 4
[1087.898s][debug][gc,phases      ] GC(26)     Total                          Min: 0, Avg:  1.0, Max: 4, Diff: 4, Sum: 4, Workers: 4
[1087.898s][debug][gc,phases      ] GC(26)   JVMTI Tag Weak OopStorage      Min:  0.0, Avg:  0.0, Max:  0.0, Diff:  0.0, Sum:  0.0, Workers: 4
[1087.898s][debug][gc,phases      ] GC(26)     Dead                           Min: 0, Avg:  0.0, Max: 0, Diff: 0, Sum: 0, Workers: 4
[1087.898s][debug][gc,phases      ] GC(26)     Total                          Min: 0, Avg:  0.0, Max: 0, Diff: 0, Sum: 0, Workers: 4
[1087.898s][debug][gc,phases      ] GC(26)   StringTable Weak               Min:  0.0, Avg:  0.1, Max:  0.1, Diff:  0.1, Sum:  0.4, Workers: 4
[1087.898s][debug][gc,phases      ] GC(26)     Dead                           Min: 0, Avg:  0.5, Max: 1, Diff: 1, Sum: 2, Workers: 4
[1087.898s][debug][gc,phases      ] GC(26)     Total                          Min: 0, Avg: 11139.8, Max: 15935, Diff: 15935, Sum: 44559, Workers: 4
[1087.898s][debug][gc,phases      ] GC(26)   ResolvedMethodTable Weak       Min:  0.0, Avg:  0.0, Max:  0.1, Diff:  0.1, Sum:  0.2, Workers: 4
[1087.898s][debug][gc,phases      ] GC(26)     Dead                           Min: 0, Avg:  5.8, Max: 15, Diff: 15, Sum: 23, Workers: 4
[1087.898s][debug][gc,phases      ] GC(26)     Total                          Min: 0, Avg: 3529.0, Max: 4959, Diff: 4959, Sum: 14116, Workers: 4
[1087.898s][debug][gc,phases      ] GC(26)   JNI Weak                       Min:  0.0, Avg:  0.0, Max:  0.0, Diff:  0.0, Sum:  0.0, Workers: 4
[1087.898s][debug][gc,phases      ] GC(26)     Dead                           Min: 0, Avg:  0.0, Max: 0, Diff: 0, Sum: 0, Workers: 4
[1087.898s][debug][gc,phases      ] GC(26)     Total                          Min: 0, Avg: 13.0, Max: 52, Diff: 52, Sum: 52, Workers: 4
[1087.898s][debug][gc,phases      ] GC(26)   StringDedup Table Weak         Min:  0.0, Avg:  0.0, Max:  0.0, Diff:  0.0, Sum:  0.0, Workers: 4
[1087.898s][debug][gc,phases      ] GC(26)     Dead                           Min: 0, Avg:  0.0, Max: 0, Diff: 0, Sum: 0, Workers: 4
[1087.898s][debug][gc,phases      ] GC(26)     Total                          Min: 0, Avg:  0.0, Max: 0, Diff: 0, Sum: 0, Workers: 4
[1087.898s][debug][gc,phases      ] GC(26)   StringDedup Requests0 Weak     Min:  0.0, Avg:  0.0, Max:  0.0, Diff:  0.0, Sum:  0.0, Workers: 4
[1087.898s][debug][gc,phases      ] GC(26)     Dead                           Min: 0, Avg:  0.0, Max: 0, Diff: 0, Sum: 0, Workers: 4
[1087.898s][debug][gc,phases      ] GC(26)     Total                          Min: 0, Avg:  0.0, Max: 0, Diff: 0, Sum: 0, Workers: 4
[1087.898s][debug][gc,phases      ] GC(26)   StringDedup Requests1 Weak     Min:  0.0, Avg:  0.0, Max:  0.0, Diff:  0.0, Sum:  0.0, Workers: 4
[1087.898s][debug][gc,phases      ] GC(26)     Dead                           Min: 0, Avg:  0.0, Max: 0, Diff: 0, Sum: 0, Workers: 4
[1087.898s][debug][gc,phases      ] GC(26)     Total                          Min: 0, Avg:  0.0, Max: 0, Diff: 0, Sum: 0, Workers: 4
[1087.898s][debug][gc,phases      ] GC(26)   Weak JFR Old Object Samples    Min:  0.0, Avg:  0.0, Max:  0.0, Diff:  0.0, Sum:  0.0, Workers: 4
[1087.898s][debug][gc,phases      ] GC(26)     Dead                           Min: 0, Avg:  0.0, Max: 0, Diff: 0, Sum: 0, Workers: 4
[1087.898s][debug][gc,phases      ] GC(26)     Total                          Min: 0, Avg:  0.0, Max: 0, Diff: 0, Sum: 0, Workers: 4
[1087.898s][debug][gc,phases      ] GC(26) Weak Processing 0.441ms
[1087.898s][debug][gc,age         ] GC(26) Desired survivor size 162004992 bytes, new threshold 1 (max threshold 15)
[1087.898s][info ][gc,heap        ] GC(26) PSYoungGen: 1753920K(1929216K)->2624K(1919488K) Eden: 1751552K(1751552K)->0K(1751552K) From: 2368K(177664K)->2624K(167936K)
[1087.898s][info ][gc,heap        ] GC(26) ParOldGen: 234098K(234496K)->234530K(235008K)
[1087.898s][info ][gc,metaspace   ] GC(26) Metaspace: 101860K(103168K)->101860K(103168K) NonClass: 86549K(87296K)->86549K(87296K) Class: 15310K(15872K)->15310K(15872K)
[1087.898s][info ][gc             ] GC(26) Pause Young (Allocation Failure) 1941M->231M(2104M) 4.421ms
[1087.898s][info ][gc,cpu         ] GC(26) User=0.01s Sys=0.00s Real=0.01s
[1087.898s][info ][safepoint      ] Safepoint "ParallelGCFailedAllocation", Time since last: 517568524 ns, Reaching safepoint: 78907 ns, Cleanup: 4200 ns, At safepoint: 4500560 ns, Total: 4583667 ns
[1090.898s][info ][safepoint      ] Safepoint "Cleanup", Time since last: 3000257630 ns, Reaching safepoint: 7300 ns, Cleanup: 12801 ns, At safepoint: 12501 ns, Total: 32602 ns
[1093.899s][info ][safepoint      ] Safepoint "Cleanup", Time since last: 3000303295 ns, Reaching safepoint: 8801 ns, Cleanup: 15301 ns, At safepoint: 2900 ns, Total: 27002 ns
[1096.899s][info ][safepoint      ] Safepoint "Cleanup", Time since last: 3000280848 ns, Reaching safepoint: 6400 ns, Cleanup: 13001 ns, At safepoint: 2301 ns, Total: 21702 ns
[1100.899s][info ][safepoint      ] Safepoint "Cleanup", Time since last: 4000361238 ns, Reaching safepoint: 5900 ns, Cleanup: 13401 ns, At safepoint: 29003 ns, Total: 48304 ns
[1104.900s][info ][safepoint      ] Safepoint "Cleanup", Time since last: 4000346998 ns, Reaching safepoint: 228418 ns, Cleanup: 8000 ns, At safepoint: 10101 ns, Total: 246519 ns
[1104.908s][info ][gc,start       ] GC(27) Pause Young (CodeCache GC Threshold)
[1104.911s][debug][gc,phases      ] GC(27) Scavenge 2.631ms
[1104.911s][debug][gc,ref         ] GC(27) ReferenceProcessor::execute queues: 1, RefProcThreadModel::Single, marks_oops_alive: false
[1104.911s][debug][gc,ref         ] GC(27) Skipped KeepAliveFinalRefsPhase of Reference Processing: no references
[1104.911s][debug][gc,ref         ] GC(27) ReferenceProcessor::execute queues: 1, RefProcThreadModel::Single, marks_oops_alive: false
[1104.911s][debug][gc,phases      ] GC(27) Reference Processing 0.110ms
[1104.911s][debug][gc,phases      ] GC(27)   VM Weak                        Min:  0.0, Avg:  0.0, Max:  0.0, Diff:  0.0, Sum:  0.0, Workers: 4
[1104.911s][debug][gc,phases      ] GC(27)     Dead                           Min: 0, Avg:  0.0, Max: 0, Diff: 0, Sum: 0, Workers: 4
[1104.911s][debug][gc,phases      ] GC(27)     Total                          Min: 0, Avg: 236.5, Max: 946, Diff: 946, Sum: 946, Workers: 4
[1104.911s][debug][gc,phases      ] GC(27)   ObjectSynchronizer Weak        Min:  0.0, Avg:  0.0, Max:  0.0, Diff:  0.0, Sum:  0.0, Workers: 4
[1104.911s][debug][gc,phases      ] GC(27)     Dead                           Min: 0, Avg:  0.0, Max: 0, Diff: 0, Sum: 0, Workers: 4
[1104.911s][debug][gc,phases      ] GC(27)     Total                          Min: 0, Avg:  1.0, Max: 4, Diff: 4, Sum: 4, Workers: 4
[1104.911s][debug][gc,phases      ] GC(27)   JVMTI Tag Weak OopStorage      Min:  0.0, Avg:  0.0, Max:  0.0, Diff:  0.0, Sum:  0.0, Workers: 4
[1104.911s][debug][gc,phases      ] GC(27)     Dead                           Min: 0, Avg:  0.0, Max: 0, Diff: 0, Sum: 0, Workers: 4
[1104.911s][debug][gc,phases      ] GC(27)     Total                          Min: 0, Avg:  0.0, Max: 0, Diff: 0, Sum: 0, Workers: 4
[1104.911s][debug][gc,phases      ] GC(27)   StringTable Weak               Min:  0.0, Avg:  0.1, Max:  0.2, Diff:  0.2, Sum:  0.4, Workers: 4
[1104.911s][debug][gc,phases      ] GC(27)     Dead                           Min: 0, Avg:  0.0, Max: 0, Diff: 0, Sum: 0, Workers: 4
[1104.911s][debug][gc,phases      ] GC(27)     Total                          Min: 0, Avg: 11139.8, Max: 18175, Diff: 18175, Sum: 44559, Workers: 4
[1104.911s][debug][gc,phases      ] GC(27)   ResolvedMethodTable Weak       Min:  0.0, Avg:  0.0, Max:  0.0, Diff:  0.0, Sum:  0.1, Workers: 4
[1104.911s][debug][gc,phases      ] GC(27)     Dead                           Min: 0, Avg:  0.0, Max: 0, Diff: 0, Sum: 0, Workers: 4
[1104.911s][debug][gc,phases      ] GC(27)     Total                          Min: 0, Avg: 3529.0, Max: 5218, Diff: 5218, Sum: 14116, Workers: 4
[1104.911s][debug][gc,phases      ] GC(27)   JNI Weak                       Min:  0.0, Avg:  0.0, Max:  0.0, Diff:  0.0, Sum:  0.0, Workers: 4
[1104.911s][debug][gc,phases      ] GC(27)     Dead                           Min: 0, Avg:  0.0, Max: 0, Diff: 0, Sum: 0, Workers: 4
[1104.911s][debug][gc,phases      ] GC(27)     Total                          Min: 0, Avg: 13.0, Max: 52, Diff: 52, Sum: 52, Workers: 4
[1104.911s][debug][gc,phases      ] GC(27)   StringDedup Table Weak         Min:  0.0, Avg:  0.0, Max:  0.0, Diff:  0.0, Sum:  0.0, Workers: 4
[1104.911s][debug][gc,phases      ] GC(27)     Dead                           Min: 0, Avg:  0.0, Max: 0, Diff: 0, Sum: 0, Workers: 4
[1104.911s][debug][gc,phases      ] GC(27)     Total                          Min: 0, Avg:  0.0, Max: 0, Diff: 0, Sum: 0, Workers: 4
[1104.911s][debug][gc,phases      ] GC(27)   StringDedup Requests0 Weak     Min:  0.0, Avg:  0.0, Max:  0.0, Diff:  0.0, Sum:  0.0, Workers: 4
[1104.911s][debug][gc,phases      ] GC(27)     Dead                           Min: 0, Avg:  0.0, Max: 0, Diff: 0, Sum: 0, Workers: 4
[1104.911s][debug][gc,phases      ] GC(27)     Total                          Min: 0, Avg:  0.0, Max: 0, Diff: 0, Sum: 0, Workers: 4
[1104.911s][debug][gc,phases      ] GC(27)   StringDedup Requests1 Weak     Min:  0.0, Avg:  0.0, Max:  0.0, Diff:  0.0, Sum:  0.0, Workers: 4
[1104.911s][debug][gc,phases      ] GC(27)     Dead                           Min: 0, Avg:  0.0, Max: 0, Diff: 0, Sum: 0, Workers: 4
[1104.911s][debug][gc,phases      ] GC(27)     Total                          Min: 0, Avg:  0.0, Max: 0, Diff: 0, Sum: 0, Workers: 4
[1104.911s][debug][gc,phases      ] GC(27)   Weak JFR Old Object Samples    Min:  0.0, Avg:  0.0, Max:  0.0, Diff:  0.0, Sum:  0.0, Workers: 4
[1104.911s][debug][gc,phases      ] GC(27)     Dead                           Min: 0, Avg:  0.0, Max: 0, Diff: 0, Sum: 0, Workers: 4
[1104.911s][debug][gc,phases      ] GC(27)     Total                          Min: 0, Avg:  0.0, Max: 0, Diff: 0, Sum: 0, Workers: 4
[1104.911s][debug][gc,phases      ] GC(27) Weak Processing 0.455ms
[1104.911s][debug][gc,age         ] GC(27) Desired survivor size 153092096 bytes, new threshold 1 (max threshold 15)
[1104.911s][info ][gc,heap        ] GC(27) PSYoungGen: 422909K(1919488K)->1152K(1947648K) Eden: 420285K(1751552K)->0K(1789440K) From: 2624K(167936K)->1152K(158208K)
[1104.911s][info ][gc,heap        ] GC(27) ParOldGen: 234530K(235008K)->236070K(236544K)
[1104.911s][info ][gc,metaspace   ] GC(27) Metaspace: 101873K(103168K)->101873K(103168K) NonClass: 86562K(87296K)->86562K(87296K) Class: 15310K(15872K)->15310K(15872K)
[1104.911s][info ][gc             ] GC(27) Pause Young (CodeCache GC Threshold) 642M->231M(2133M) 3.309ms
[1104.911s][info ][gc,cpu         ] GC(27) User=0.01s Sys=0.00s Real=0.00s
[1104.911s][debug][gc,phases      ] GC(28) Pre Compact 0.008ms
[1104.911s][info ][gc,start       ] GC(28) Pause Full (CodeCache GC Threshold)
[1104.911s][info ][gc,phases,start] GC(28) Marking Phase
[1104.992s][debug][gc,phases      ] GC(28) Par Mark 80.933ms
[1104.993s][debug][gc,ref         ] GC(28) ReferenceProcessor::execute queues: 4, RefProcThreadModel::Multi, marks_oops_alive: false
[1104.993s][debug][gc,ref         ] GC(28) ReferenceProcessor::execute queues: 4, RefProcThreadModel::Multi, marks_oops_alive: true
[1104.993s][debug][gc,ref         ] GC(28) ReferenceProcessor::execute queues: 1, RefProcThreadModel::Single, marks_oops_alive: false
[1104.993s][debug][gc,phases      ] GC(28) Reference Processing 1.126ms
[1104.994s][debug][gc,phases      ] GC(28)   VM Weak                        Min:  0.0, Avg:  0.0, Max:  0.0, Diff:  0.0, Sum:  0.0, Workers: 4
[1104.994s][debug][gc,phases      ] GC(28)     Dead                           Min: 0, Avg:  0.0, Max: 0, Diff: 0, Sum: 0, Workers: 4
[1104.994s][debug][gc,phases      ] GC(28)     Total                          Min: 0, Avg: 236.5, Max: 512, Diff: 512, Sum: 946, Workers: 4
[1104.994s][debug][gc,phases      ] GC(28)   ObjectSynchronizer Weak        Min:  0.0, Avg:  0.0, Max:  0.0, Diff:  0.0, Sum:  0.0, Workers: 4
[1104.994s][debug][gc,phases      ] GC(28)     Dead                           Min: 0, Avg:  0.0, Max: 0, Diff: 0, Sum: 0, Workers: 4
[1104.994s][debug][gc,phases      ] GC(28)     Total                          Min: 0, Avg:  1.0, Max: 4, Diff: 4, Sum: 4, Workers: 4
[1104.994s][debug][gc,phases      ] GC(28)   JVMTI Tag Weak OopStorage      Min:  0.0, Avg:  0.0, Max:  0.0, Diff:  0.0, Sum:  0.0, Workers: 4
[1104.994s][debug][gc,phases      ] GC(28)     Dead                           Min: 0, Avg:  0.0, Max: 0, Diff: 0, Sum: 0, Workers: 4
[1104.994s][debug][gc,phases      ] GC(28)     Total                          Min: 0, Avg:  0.0, Max: 0, Diff: 0, Sum: 0, Workers: 4
[1104.994s][debug][gc,phases      ] GC(28)   StringTable Weak               Min:  0.0, Avg:  0.2, Max:  0.2, Diff:  0.2, Sum:  0.7, Workers: 4
[1104.994s][debug][gc,phases      ] GC(28)     Dead                           Min: 0, Avg:  0.0, Max: 0, Diff: 0, Sum: 0, Workers: 4
[1104.994s][debug][gc,phases      ] GC(28)     Total                          Min: 0, Avg: 11139.8, Max: 16320, Diff: 16320, Sum: 44559, Workers: 4
[1104.994s][debug][gc,phases      ] GC(28)   ResolvedMethodTable Weak       Min:  0.0, Avg:  0.0, Max:  0.1, Diff:  0.1, Sum:  0.2, Workers: 4
[1104.994s][debug][gc,phases      ] GC(28)     Dead                           Min: 0, Avg:  0.0, Max: 0, Diff: 0, Sum: 0, Workers: 4
[1104.994s][debug][gc,phases      ] GC(28)     Total                          Min: 0, Avg: 3529.0, Max: 5385, Diff: 5385, Sum: 14116, Workers: 4
[1104.994s][debug][gc,phases      ] GC(28)   JNI Weak                       Min:  0.0, Avg:  0.0, Max:  0.0, Diff:  0.0, Sum:  0.0, Workers: 4
[1104.994s][debug][gc,phases      ] GC(28)     Dead                           Min: 0, Avg:  0.0, Max: 0, Diff: 0, Sum: 0, Workers: 4
[1104.994s][debug][gc,phases      ] GC(28)     Total                          Min: 0, Avg: 13.0, Max: 52, Diff: 52, Sum: 52, Workers: 4
[1104.994s][debug][gc,phases      ] GC(28)   StringDedup Table Weak         Min:  0.0, Avg:  0.0, Max:  0.0, Diff:  0.0, Sum:  0.0, Workers: 4
[1104.994s][debug][gc,phases      ] GC(28)     Dead                           Min: 0, Avg:  0.0, Max: 0, Diff: 0, Sum: 0, Workers: 4
[1104.994s][debug][gc,phases      ] GC(28)     Total                          Min: 0, Avg:  0.0, Max: 0, Diff: 0, Sum: 0, Workers: 4
[1104.994s][debug][gc,phases      ] GC(28)   StringDedup Requests0 Weak     Min:  0.0, Avg:  0.0, Max:  0.0, Diff:  0.0, Sum:  0.0, Workers: 4
[1104.994s][debug][gc,phases      ] GC(28)     Dead                           Min: 0, Avg:  0.0, Max: 0, Diff: 0, Sum: 0, Workers: 4
[1104.994s][debug][gc,phases      ] GC(28)     Total                          Min: 0, Avg:  0.0, Max: 0, Diff: 0, Sum: 0, Workers: 4
[1104.994s][debug][gc,phases      ] GC(28)   StringDedup Requests1 Weak     Min:  0.0, Avg:  0.0, Max:  0.0, Diff:  0.0, Sum:  0.0, Workers: 4
[1104.994s][debug][gc,phases      ] GC(28)     Dead                           Min: 0, Avg:  0.0, Max: 0, Diff: 0, Sum: 0, Workers: 4
[1104.994s][debug][gc,phases      ] GC(28)     Total                          Min: 0, Avg:  0.0, Max: 0, Diff: 0, Sum: 0, Workers: 4
[1104.994s][debug][gc,phases      ] GC(28)   Weak JFR Old Object Samples    Min:  0.0, Avg:  0.0, Max:  0.0, Diff:  0.0, Sum:  0.0, Workers: 4
[1104.994s][debug][gc,phases      ] GC(28)     Dead                           Min: 0, Avg:  0.0, Max: 0, Diff: 0, Sum: 0, Workers: 4
[1104.994s][debug][gc,phases      ] GC(28)     Total                          Min: 0, Avg:  0.0, Max: 0, Diff: 0, Sum: 0, Workers: 4
[1104.994s][debug][gc,phases      ] GC(28) Weak Processing 0.641ms
[1104.994s][debug][gc,phases      ] GC(28) ClassLoaderData 0.127ms
[1104.994s][debug][gc,phases      ] GC(28) Trigger cleanups 0.000ms
[1105.049s][debug][gc,phases      ] GC(28) Purge Unlinked NMethods 3.110ms
[1105.049s][debug][gc,phases      ] GC(28) Unregister NMethods 0.001ms
[1105.050s][debug][gc,phases      ] GC(28) Free Code Blobs 0.517ms
[1105.050s][debug][gc,phases      ] GC(28) Class Unloading 55.645ms
[1105.050s][debug][gc,phases      ] GC(28) Report Object Count 0.001ms
[1105.050s][info ][gc,phases      ] GC(28) Marking Phase 138.438ms
[1105.050s][info ][gc,phases,start] GC(28) Summary Phase
[1105.050s][info ][gc,phases      ] GC(28) Summary Phase 0.017ms
[1105.050s][info ][gc,phases,start] GC(28) Adjust Roots
[1105.070s][info ][gc,phases      ] GC(28) Adjust Roots 20.539ms
[1105.070s][info ][gc,phases,start] GC(28) Compaction Phase
[1105.160s][info ][gc,phases      ] GC(28) Compaction Phase 89.863ms
[1105.160s][info ][gc,phases,start] GC(28) Post Compact
[1105.162s][debug][gc,phases      ] GC(28) Purge Class Loader Data 0.574ms
[1105.162s][info ][gc,phases      ] GC(28) Post Compact 1.663ms
[1105.162s][info ][gc,heap        ] GC(28) PSYoungGen: 1152K(1947648K)->0K(1947648K) Eden: 0K(1789440K)->0K(1789440K) From: 1152K(158208K)->0K(158208K)
[1105.162s][info ][gc,heap        ] GC(28) ParOldGen: 236070K(236544K)->221868K(236544K)
[1105.162s][info ][gc,metaspace   ] GC(28) Metaspace: 101873K(103168K)->101873K(103168K) NonClass: 86562K(87296K)->86562K(87296K) Class: 15310K(15872K)->15310K(15872K)
[1105.162s][info ][gc             ] GC(28) Pause Full (CodeCache GC Threshold) 231M->216M(2133M) 250.706ms
[1105.162s][info ][gc,cpu         ] GC(28) User=0.72s Sys=0.01s Real=0.25s
[1105.162s][info ][safepoint      ] Safepoint "ParallelGCSystemGC", Time since last: 8131428 ns, Reaching safepoint: 4000 ns, Cleanup: 2000 ns, At safepoint: 254150112 ns, Total: 254156112 ns
[1112.163s][info ][safepoint      ] Safepoint "Cleanup", Time since last: 7000528673 ns, Reaching safepoint: 5901 ns, Cleanup: 90506 ns, At safepoint: 2300 ns, Total: 98707 ns
[1113.163s][info ][safepoint      ] Safepoint "Cleanup", Time since last: 1000116182 ns, Reaching safepoint: 5401 ns, Cleanup: 10900 ns, At safepoint: 2301 ns, Total: 18602 ns
[1114.163s][info ][safepoint      ] Safepoint "Cleanup", Time since last: 1000106783 ns, Reaching safepoint: 6400 ns, Cleanup: 11801 ns, At safepoint: 1900 ns, Total: 20101 ns
[1115.163s][info ][safepoint      ] Safepoint "Cleanup", Time since last: 1000110641 ns, Reaching safepoint: 6201 ns, Cleanup: 9701 ns, At safepoint: 2200 ns, Total: 18102 ns
[1116.163s][info ][safepoint      ] Safepoint "Cleanup", Time since last: 1000124139 ns, Reaching safepoint: 6001 ns, Cleanup: 9000 ns, At safepoint: 1900 ns, Total: 16901 ns
[1117.163s][info ][safepoint      ] Safepoint "Cleanup", Time since last: 1000115304 ns, Reaching safepoint: 6000 ns, Cleanup: 11001 ns, At safepoint: 2100 ns, Total: 19101 ns
[1140.165s][info ][safepoint      ] Safepoint "Cleanup", Time since last: 23001764586 ns, Reaching safepoint: 5801 ns, Cleanup: 9701 ns, At safepoint: 1800 ns, Total: 17302 ns
[1143.393s][info ][safepoint      ] Safepoint "Cleanup", Time since last: 3228022580 ns, Reaching safepoint: 78206 ns, Cleanup: 10301 ns, At safepoint: 8300 ns, Total: 96807 ns
[1148.394s][info ][safepoint      ] Safepoint "Cleanup", Time since last: 5000412859 ns, Reaching safepoint: 77604 ns, Cleanup: 9401 ns, At safepoint: 6000 ns, Total: 93005 ns
[1149.394s][info ][safepoint      ] Safepoint "Cleanup", Time since last: 1000105996 ns, Reaching safepoint: 77204 ns, Cleanup: 9200 ns, At safepoint: 6401 ns, Total: 92805 ns
[1151.394s][info ][safepoint      ] Safepoint "Cleanup", Time since last: 2000193444 ns, Reaching safepoint: 81906 ns, Cleanup: 8901 ns, At safepoint: 6801 ns, Total: 97608 ns
[1153.395s][info ][safepoint      ] Safepoint "Cleanup", Time since last: 2000183638 ns, Reaching safepoint: 81407 ns, Cleanup: 12301 ns, At safepoint: 7000 ns, Total: 100708 ns
[1154.395s][info ][safepoint      ] Safepoint "Cleanup", Time since last: 1000124672 ns, Reaching safepoint: 80106 ns, Cleanup: 9401 ns, At safepoint: 7400 ns, Total: 96907 ns
[1168.396s][info ][safepoint      ] Safepoint "Cleanup", Time since last: 14001200257 ns, Reaching safepoint: 82906 ns, Cleanup: 14501 ns, At safepoint: 8601 ns, Total: 106008 ns
[1173.397s][info ][safepoint      ] Safepoint "Cleanup", Time since last: 5000493776 ns, Reaching safepoint: 114008 ns, Cleanup: 16801 ns, At safepoint: 10301 ns, Total: 141110 ns
[1181.794s][info ][gc,start       ] GC(29) Pause Young (Allocation Failure)
[1181.797s][debug][gc,phases      ] GC(29) Scavenge 3.273ms
[1181.797s][debug][gc,ref         ] GC(29) ReferenceProcessor::execute queues: 1, RefProcThreadModel::Single, marks_oops_alive: false
[1181.797s][debug][gc,ref         ] GC(29) Skipped KeepAliveFinalRefsPhase of Reference Processing: no references
[1181.798s][debug][gc,ref         ] GC(29) ReferenceProcessor::execute queues: 1, RefProcThreadModel::Single, marks_oops_alive: false
[1181.798s][debug][gc,phases      ] GC(29) Reference Processing 0.161ms
[1181.798s][debug][gc,phases      ] GC(29)   VM Weak                        Min:  0.0, Avg:  0.0, Max:  0.0, Diff:  0.0, Sum:  0.0, Workers: 4
[1181.798s][debug][gc,phases      ] GC(29)     Dead                           Min: 0, Avg:  0.0, Max: 0, Diff: 0, Sum: 0, Workers: 4
[1181.798s][debug][gc,phases      ] GC(29)     Total                          Min: 0, Avg: 236.5, Max: 576, Diff: 576, Sum: 946, Workers: 4
[1181.798s][debug][gc,phases      ] GC(29)   ObjectSynchronizer Weak        Min:  0.0, Avg:  0.0, Max:  0.0, Diff:  0.0, Sum:  0.0, Workers: 4
[1181.798s][debug][gc,phases      ] GC(29)     Dead                           Min: 0, Avg:  0.0, Max: 0, Diff: 0, Sum: 0, Workers: 4
[1181.798s][debug][gc,phases      ] GC(29)     Total                          Min: 0, Avg:  0.8, Max: 3, Diff: 3, Sum: 3, Workers: 4
[1181.798s][debug][gc,phases      ] GC(29)   JVMTI Tag Weak OopStorage      Min:  0.0, Avg:  0.0, Max:  0.0, Diff:  0.0, Sum:  0.0, Workers: 4
[1181.798s][debug][gc,phases      ] GC(29)     Dead                           Min: 0, Avg:  0.0, Max: 0, Diff: 0, Sum: 0, Workers: 4
[1181.798s][debug][gc,phases      ] GC(29)     Total                          Min: 0, Avg:  0.0, Max: 0, Diff: 0, Sum: 0, Workers: 4
[1181.798s][debug][gc,phases      ] GC(29)   StringTable Weak               Min:  0.0, Avg:  0.1, Max:  0.1, Diff:  0.1, Sum:  0.4, Workers: 4
[1181.798s][debug][gc,phases      ] GC(29)     Dead                           Min: 0, Avg:  0.0, Max: 0, Diff: 0, Sum: 0, Workers: 4
[1181.798s][debug][gc,phases      ] GC(29)     Total                          Min: 0, Avg: 11141.5, Max: 15999, Diff: 15999, Sum: 44566, Workers: 4
[1181.798s][debug][gc,phases      ] GC(29)   ResolvedMethodTable Weak       Min:  0.0, Avg:  0.0, Max:  0.0, Diff:  0.0, Sum:  0.1, Workers: 4
[1181.798s][debug][gc,phases      ] GC(29)     Dead                           Min: 0, Avg:  4.0, Max: 8, Diff: 8, Sum: 16, Workers: 4
[1181.798s][debug][gc,phases      ] GC(29)     Total                          Min: 0, Avg: 3529.0, Max: 4924, Diff: 4924, Sum: 14116, Workers: 4
[1181.798s][debug][gc,phases      ] GC(29)   JNI Weak                       Min:  0.0, Avg:  0.0, Max:  0.0, Diff:  0.0, Sum:  0.0, Workers: 4
[1181.798s][debug][gc,phases      ] GC(29)     Dead                           Min: 0, Avg:  0.0, Max: 0, Diff: 0, Sum: 0, Workers: 4
[1181.798s][debug][gc,phases      ] GC(29)     Total                          Min: 0, Avg: 13.2, Max: 53, Diff: 53, Sum: 53, Workers: 4
[1181.798s][debug][gc,phases      ] GC(29)   StringDedup Table Weak         Min:  0.0, Avg:  0.0, Max:  0.0, Diff:  0.0, Sum:  0.0, Workers: 4
[1181.798s][debug][gc,phases      ] GC(29)     Dead                           Min: 0, Avg:  0.0, Max: 0, Diff: 0, Sum: 0, Workers: 4
[1181.798s][debug][gc,phases      ] GC(29)     Total                          Min: 0, Avg:  0.0, Max: 0, Diff: 0, Sum: 0, Workers: 4
[1181.798s][debug][gc,phases      ] GC(29)   StringDedup Requests0 Weak     Min:  0.0, Avg:  0.0, Max:  0.0, Diff:  0.0, Sum:  0.0, Workers: 4
[1181.798s][debug][gc,phases      ] GC(29)     Dead                           Min: 0, Avg:  0.0, Max: 0, Diff: 0, Sum: 0, Workers: 4
[1181.798s][debug][gc,phases      ] GC(29)     Total                          Min: 0, Avg:  0.0, Max: 0, Diff: 0, Sum: 0, Workers: 4
[1181.798s][debug][gc,phases      ] GC(29)   StringDedup Requests1 Weak     Min:  0.0, Avg:  0.0, Max:  0.0, Diff:  0.0, Sum:  0.0, Workers: 4
[1181.798s][debug][gc,phases      ] GC(29)     Dead                           Min: 0, Avg:  0.0, Max: 0, Diff: 0, Sum: 0, Workers: 4
[1181.798s][debug][gc,phases      ] GC(29)     Total                          Min: 0, Avg:  0.0, Max: 0, Diff: 0, Sum: 0, Workers: 4
[1181.798s][debug][gc,phases      ] GC(29)   Weak JFR Old Object Samples    Min:  0.0, Avg:  0.0, Max:  0.0, Diff:  0.0, Sum:  0.0, Workers: 4
[1181.798s][debug][gc,phases      ] GC(29)     Dead                           Min: 0, Avg:  0.0, Max: 0, Diff: 0, Sum: 0, Workers: 4
[1181.798s][debug][gc,phases      ] GC(29)     Total                          Min: 0, Avg:  0.0, Max: 0, Diff: 0, Sum: 0, Workers: 4
[1181.798s][debug][gc,phases      ] GC(29) Weak Processing 0.496ms
[1181.798s][debug][gc,age         ] GC(29) Desired survivor size 143654912 bytes, new threshold 1 (max threshold 15)
[1181.798s][info ][gc,heap        ] GC(29) PSYoungGen: 1789440K(1947648K)->2544K(1938944K) Eden: 1789440K(1789440K)->0K(1789440K) From: 0K(158208K)->2544K(149504K)
[1181.798s][info ][gc,heap        ] GC(29) ParOldGen: 221868K(236544K)->221868K(236544K)
[1181.798s][info ][gc,metaspace   ] GC(29) Metaspace: 101903K(103168K)->101903K(103168K) NonClass: 86592K(87296K)->86592K(87296K) Class: 15310K(15872K)->15310K(15872K)
[1181.798s][info ][gc             ] GC(29) Pause Young (Allocation Failure) 1964M->219M(2124M) 4.081ms
[1181.798s][info ][gc,cpu         ] GC(29) User=0.00s Sys=0.01s Real=0.01s
[1181.798s][info ][safepoint      ] Safepoint "ParallelGCFailedAllocation", Time since last: 8397152771 ns, Reaching safepoint: 79106 ns, Cleanup: 3401 ns, At safepoint: 4172110 ns, Total: 4254617 ns
[1183.798s][info ][safepoint      ] Safepoint "Cleanup", Time since last: 2000191449 ns, Reaching safepoint: 6400 ns, Cleanup: 10001 ns, At safepoint: 2400 ns, Total: 18801 ns
[1185.799s][info ][safepoint      ] Safepoint "Cleanup", Time since last: 2000177448 ns, Reaching safepoint: 5601 ns, Cleanup: 10000 ns, At safepoint: 2100 ns, Total: 17701 ns
[1190.799s][info ][safepoint      ] Safepoint "Cleanup", Time since last: 5000406885 ns, Reaching safepoint: 8001 ns, Cleanup: 12901 ns, At safepoint: 2700 ns, Total: 23602 ns
[1202.800s][info ][safepoint      ] Safepoint "Cleanup", Time since last: 12001014076 ns, Reaching safepoint: 5400 ns, Cleanup: 11901 ns, At safepoint: 2200 ns, Total: 19501 ns
[1203.800s][info ][safepoint      ] Safepoint "Cleanup", Time since last: 1000134846 ns, Reaching safepoint: 7101 ns, Cleanup: 14601 ns, At safepoint: 2900 ns, Total: 24602 ns
[1205.800s][info ][safepoint      ] Safepoint "Cleanup", Time since last: 2000206206 ns, Reaching safepoint: 8201 ns, Cleanup: 11901 ns, At safepoint: 3000 ns, Total: 23102 ns
[1211.801s][info ][safepoint      ] Safepoint "Cleanup", Time since last: 6000509239 ns, Reaching safepoint: 6900 ns, Cleanup: 13801 ns, At safepoint: 2700 ns, Total: 23401 ns
[1212.801s][info ][safepoint      ] Safepoint "Cleanup", Time since last: 1000122571 ns, Reaching safepoint: 6701 ns, Cleanup: 10500 ns, At safepoint: 2301 ns, Total: 19502 ns
[1214.801s][info ][safepoint      ] Safepoint "Cleanup", Time since last: 2000196038 ns, Reaching safepoint: 6500 ns, Cleanup: 8701 ns, At safepoint: 2400 ns, Total: 17601 ns
[1218.802s][info ][safepoint      ] Safepoint "Cleanup", Time since last: 4000371276 ns, Reaching safepoint: 6900 ns, Cleanup: 11501 ns, At safepoint: 2100 ns, Total: 20501 ns
[1238.803s][info ][safepoint      ] Safepoint "Cleanup", Time since last: 20001507437 ns, Reaching safepoint: 6601 ns, Cleanup: 8800 ns, At safepoint: 12001 ns, Total: 27402 ns
[1249.804s][info ][safepoint      ] Safepoint "Cleanup", Time since last: 11000896012 ns, Reaching safepoint: 7300 ns, Cleanup: 15901 ns, At safepoint: 2701 ns, Total: 25902 ns
[1256.901s][info ][gc,start       ] GC(30) Pause Young (Allocation Failure)
[1256.902s][debug][gc,phases      ] GC(30) Scavenge 1.545ms
[1256.902s][debug][gc,ref         ] GC(30) ReferenceProcessor::execute queues: 1, RefProcThreadModel::Single, marks_oops_alive: false
[1256.903s][debug][gc,ref         ] GC(30) Skipped KeepAliveFinalRefsPhase of Reference Processing: no references
[1256.903s][debug][gc,ref         ] GC(30) ReferenceProcessor::execute queues: 1, RefProcThreadModel::Single, marks_oops_alive: false
[1256.903s][debug][gc,phases      ] GC(30) Reference Processing 0.118ms
[1256.903s][debug][gc,phases      ] GC(30)   VM Weak                        Min:  0.0, Avg:  0.0, Max:  0.0, Diff:  0.0, Sum:  0.0, Workers: 4
[1256.903s][debug][gc,phases      ] GC(30)     Dead                           Min: 0, Avg:  0.0, Max: 0, Diff: 0, Sum: 0, Workers: 4
[1256.903s][debug][gc,phases      ] GC(30)     Total                          Min: 0, Avg: 236.5, Max: 498, Diff: 498, Sum: 946, Workers: 4
[1256.903s][debug][gc,phases      ] GC(30)   ObjectSynchronizer Weak        Min:  0.0, Avg:  0.0, Max:  0.0, Diff:  0.0, Sum:  0.0, Workers: 4
[1256.903s][debug][gc,phases      ] GC(30)     Dead                           Min: 0, Avg:  0.0, Max: 0, Diff: 0, Sum: 0, Workers: 4
[1256.903s][debug][gc,phases      ] GC(30)     Total                          Min: 0, Avg:  0.8, Max: 3, Diff: 3, Sum: 3, Workers: 4
[1256.903s][debug][gc,phases      ] GC(30)   JVMTI Tag Weak OopStorage      Min:  0.0, Avg:  0.0, Max:  0.0, Diff:  0.0, Sum:  0.0, Workers: 4
[1256.903s][debug][gc,phases      ] GC(30)     Dead                           Min: 0, Avg:  0.0, Max: 0, Diff: 0, Sum: 0, Workers: 4
[1256.903s][debug][gc,phases      ] GC(30)     Total                          Min: 0, Avg:  0.0, Max: 0, Diff: 0, Sum: 0, Workers: 4
[1256.903s][debug][gc,phases      ] GC(30)   StringTable Weak               Min:  0.0, Avg:  0.1, Max:  0.1, Diff:  0.1, Sum:  0.4, Workers: 4
[1256.903s][debug][gc,phases      ] GC(30)     Dead                           Min: 0, Avg:  0.0, Max: 0, Diff: 0, Sum: 0, Workers: 4
[1256.903s][debug][gc,phases      ] GC(30)     Total                          Min: 0, Avg: 11142.8, Max: 15360, Diff: 15360, Sum: 44571, Workers: 4
[1256.903s][debug][gc,phases      ] GC(30)   ResolvedMethodTable Weak       Min:  0.0, Avg:  0.0, Max:  0.0, Diff:  0.0, Sum:  0.1, Workers: 4
[1256.903s][debug][gc,phases      ] GC(30)     Dead                           Min: 0, Avg:  4.0, Max: 9, Diff: 9, Sum: 16, Workers: 4
[1256.903s][debug][gc,phases      ] GC(30)     Total                          Min: 0, Avg: 3529.0, Max: 5079, Diff: 5079, Sum: 14116, Workers: 4
[1256.903s][debug][gc,phases      ] GC(30)   JNI Weak                       Min:  0.0, Avg:  0.0, Max:  0.0, Diff:  0.0, Sum:  0.0, Workers: 4
[1256.903s][debug][gc,phases      ] GC(30)     Dead                           Min: 0, Avg:  0.0, Max: 0, Diff: 0, Sum: 0, Workers: 4
[1256.903s][debug][gc,phases      ] GC(30)     Total                          Min: 0, Avg: 13.0, Max: 52, Diff: 52, Sum: 52, Workers: 4
[1256.903s][debug][gc,phases      ] GC(30)   StringDedup Table Weak         Min:  0.0, Avg:  0.0, Max:  0.0, Diff:  0.0, Sum:  0.0, Workers: 4
[1256.903s][debug][gc,phases      ] GC(30)     Dead                           Min: 0, Avg:  0.0, Max: 0, Diff: 0, Sum: 0, Workers: 4
[1256.903s][debug][gc,phases      ] GC(30)     Total                          Min: 0, Avg:  0.0, Max: 0, Diff: 0, Sum: 0, Workers: 4
[1256.903s][debug][gc,phases      ] GC(30)   StringDedup Requests0 Weak     Min:  0.0, Avg:  0.0, Max:  0.0, Diff:  0.0, Sum:  0.0, Workers: 4
[1256.903s][debug][gc,phases      ] GC(30)     Dead                           Min: 0, Avg:  0.0, Max: 0, Diff: 0, Sum: 0, Workers: 4
[1256.903s][debug][gc,phases      ] GC(30)     Total                          Min: 0, Avg:  0.0, Max: 0, Diff: 0, Sum: 0, Workers: 4
[1256.903s][debug][gc,phases      ] GC(30)   StringDedup Requests1 Weak     Min:  0.0, Avg:  0.0, Max:  0.0, Diff:  0.0, Sum:  0.0, Workers: 4
[1256.903s][debug][gc,phases      ] GC(30)     Dead                           Min: 0, Avg:  0.0, Max: 0, Diff: 0, Sum: 0, Workers: 4
[1256.903s][debug][gc,phases      ] GC(30)     Total                          Min: 0, Avg:  0.0, Max: 0, Diff: 0, Sum: 0, Workers: 4
[1256.903s][debug][gc,phases      ] GC(30)   Weak JFR Old Object Samples    Min:  0.0, Avg:  0.0, Max:  0.0, Diff:  0.0, Sum:  0.0, Workers: 4
[1256.903s][debug][gc,phases      ] GC(30)     Dead                           Min: 0, Avg:  0.0, Max: 0, Diff: 0, Sum: 0, Workers: 4
[1256.903s][debug][gc,phases      ] GC(30)     Total                          Min: 0, Avg:  0.0, Max: 0, Diff: 0, Sum: 0, Workers: 4
[1256.903s][debug][gc,phases      ] GC(30) Weak Processing 0.435ms
[1256.903s][debug][gc,age         ] GC(30) Desired survivor size 134742016 bytes, new threshold 1 (max threshold 15)
[1256.903s][info ][gc,heap        ] GC(30) PSYoungGen: 1791984K(1938944K)->2080K(1965568K) Eden: 1789440K(1789440K)->0K(1825280K) From: 2544K(149504K)->2080K(140288K)
[1256.903s][info ][gc,heap        ] GC(30) ParOldGen: 221868K(236544K)->222456K(236544K)
[1256.903s][info ][gc,metaspace   ] GC(30) Metaspace: 101940K(103232K)->101940K(103232K) NonClass: 86629K(87360K)->86629K(87360K) Class: 15310K(15872K)->15310K(15872K)
[1256.903s][info ][gc             ] GC(30) Pause Young (Allocation Failure) 1966M->219M(2150M) 2.224ms
[1256.903s][info ][gc,cpu         ] GC(30) User=0.01s Sys=0.00s Real=0.00s
[1256.903s][info ][safepoint      ] Safepoint "ParallelGCFailedAllocation", Time since last: 7096586478 ns, Reaching safepoint: 5501 ns, Cleanup: 4600 ns, At safepoint: 2299865 ns, Total: 2309966 ns
[1257.903s][info ][safepoint      ] Safepoint "Cleanup", Time since last: 1000090276 ns, Reaching safepoint: 6700 ns, Cleanup: 10101 ns, At safepoint: 2300 ns, Total: 19101 ns
[1260.903s][info ][safepoint      ] Safepoint "Cleanup", Time since last: 3000291915 ns, Reaching safepoint: 7300 ns, Cleanup: 19802 ns, At safepoint: 2000 ns, Total: 29102 ns
[1261.904s][info ][safepoint      ] Safepoint "Cleanup", Time since last: 1000120080 ns, Reaching safepoint: 5701 ns, Cleanup: 10001 ns, At safepoint: 1900 ns, Total: 17602 ns
[1264.904s][info ][safepoint      ] Safepoint "Cleanup", Time since last: 3000291336 ns, Reaching safepoint: 7101 ns, Cleanup: 10000 ns, At safepoint: 2100 ns, Total: 19201 ns
[1269.904s][info ][safepoint      ] Safepoint "Cleanup", Time since last: 5000393447 ns, Reaching safepoint: 7300 ns, Cleanup: 11501 ns, At safepoint: 27702 ns, Total: 46503 ns
[1273.905s][info ][safepoint      ] Safepoint "Cleanup", Time since last: 4000313850 ns, Reaching safepoint: 6400 ns, Cleanup: 8401 ns, At safepoint: 2400 ns, Total: 17201 ns
[1282.905s][info ][safepoint      ] Safepoint "Cleanup", Time since last: 9000674929 ns, Reaching safepoint: 5600 ns, Cleanup: 11301 ns, At safepoint: 2500 ns, Total: 19401 ns
[1284.906s][info ][safepoint      ] Safepoint "Cleanup", Time since last: 2000186278 ns, Reaching safepoint: 5901 ns, Cleanup: 13901 ns, At safepoint: 2600 ns, Total: 22402 ns
[1289.906s][info ][safepoint      ] Safepoint "Cleanup", Time since last: 5000405668 ns, Reaching safepoint: 5700 ns, Cleanup: 10001 ns, At safepoint: 2200 ns, Total: 17901 ns
[1301.907s][info ][safepoint      ] Safepoint "Cleanup", Time since last: 12001008682 ns, Reaching safepoint: 5900 ns, Cleanup: 13401 ns, At safepoint: 1900 ns, Total: 21201 ns
[1302.907s][info ][safepoint      ] Safepoint "Cleanup", Time since last: 1000114739 ns, Reaching safepoint: 5700 ns, Cleanup: 9801 ns, At safepoint: 2100 ns, Total: 17601 ns
[1303.907s][info ][safepoint      ] Safepoint "Cleanup", Time since last: 1000115939 ns, Reaching safepoint: 6000 ns, Cleanup: 9801 ns, At safepoint: 1800 ns, Total: 17601 ns
[1313.908s][info ][safepoint      ] Safepoint "Cleanup", Time since last: 10000758033 ns, Reaching safepoint: 6800 ns, Cleanup: 10301 ns, At safepoint: 2300 ns, Total: 19401 ns
[1316.908s][info ][safepoint      ] Safepoint "Cleanup", Time since last: 3000260262 ns, Reaching safepoint: 6201 ns, Cleanup: 12300 ns, At safepoint: 2301 ns, Total: 20802 ns
[1317.909s][info ][safepoint      ] Safepoint "Cleanup", Time since last: 1000120648 ns, Reaching safepoint: 6401 ns, Cleanup: 10001 ns, At safepoint: 2100 ns, Total: 18502 ns
[1319.909s][info ][safepoint      ] Safepoint "Cleanup", Time since last: 2000188893 ns, Reaching safepoint: 6101 ns, Cleanup: 11101 ns, At safepoint: 2300 ns, Total: 19502 ns
[1320.909s][info ][safepoint      ] Safepoint "Cleanup", Time since last: 1000110648 ns, Reaching safepoint: 5800 ns, Cleanup: 10601 ns, At safepoint: 2200 ns, Total: 18601 ns
[1326.909s][info ][safepoint      ] Safepoint "Cleanup", Time since last: 6000500549 ns, Reaching safepoint: 6201 ns, Cleanup: 11401 ns, At safepoint: 2100 ns, Total: 19702 ns
[1335.910s][info ][safepoint      ] Safepoint "Cleanup", Time since last: 9000722649 ns, Reaching safepoint: 5201 ns, Cleanup: 12601 ns, At safepoint: 2000 ns, Total: 19802 ns
[1336.426s][info ][gc,start       ] GC(31) Pause Young (Allocation Failure)
[1336.428s][debug][gc,phases      ] GC(31) Scavenge 2.162ms
[1336.428s][debug][gc,ref         ] GC(31) ReferenceProcessor::execute queues: 1, RefProcThreadModel::Single, marks_oops_alive: false
[1336.428s][debug][gc,ref         ] GC(31) Skipped KeepAliveFinalRefsPhase of Reference Processing: no references
[1336.428s][debug][gc,ref         ] GC(31) ReferenceProcessor::execute queues: 1, RefProcThreadModel::Single, marks_oops_alive: false
[1336.428s][debug][gc,phases      ] GC(31) Reference Processing 0.118ms
[1336.428s][debug][gc,phases      ] GC(31)   VM Weak                        Min:  0.0, Avg:  0.0, Max:  0.0, Diff:  0.0, Sum:  0.0, Workers: 4
[1336.428s][debug][gc,phases      ] GC(31)     Dead                           Min: 0, Avg:  0.0, Max: 0, Diff: 0, Sum: 0, Workers: 4
[1336.428s][debug][gc,phases      ] GC(31)     Total                          Min: 0, Avg: 236.5, Max: 384, Diff: 384, Sum: 946, Workers: 4
[1336.428s][debug][gc,phases      ] GC(31)   ObjectSynchronizer Weak        Min:  0.0, Avg:  0.0, Max:  0.0, Diff:  0.0, Sum:  0.0, Workers: 4
[1336.428s][debug][gc,phases      ] GC(31)     Dead                           Min: 0, Avg:  0.0, Max: 0, Diff: 0, Sum: 0, Workers: 4
[1336.428s][debug][gc,phases      ] GC(31)     Total                          Min: 0, Avg:  0.8, Max: 3, Diff: 3, Sum: 3, Workers: 4
[1336.428s][debug][gc,phases      ] GC(31)   JVMTI Tag Weak OopStorage      Min:  0.0, Avg:  0.0, Max:  0.0, Diff:  0.0, Sum:  0.0, Workers: 4
[1336.428s][debug][gc,phases      ] GC(31)     Dead                           Min: 0, Avg:  0.0, Max: 0, Diff: 0, Sum: 0, Workers: 4
[1336.428s][debug][gc,phases      ] GC(31)     Total                          Min: 0, Avg:  0.0, Max: 0, Diff: 0, Sum: 0, Workers: 4
[1336.428s][debug][gc,phases      ] GC(31)   StringTable Weak               Min:  0.0, Avg:  0.1, Max:  0.1, Diff:  0.1, Sum:  0.4, Workers: 4
[1336.428s][debug][gc,phases      ] GC(31)     Dead                           Min: 0, Avg:  0.0, Max: 0, Diff: 0, Sum: 0, Workers: 4
[1336.428s][debug][gc,phases      ] GC(31)     Total                          Min: 0, Avg: 11143.8, Max: 15712, Diff: 15712, Sum: 44575, Workers: 4
[1336.428s][debug][gc,phases      ] GC(31)   ResolvedMethodTable Weak       Min:  0.0, Avg:  0.0, Max:  0.0, Diff:  0.0, Sum:  0.1, Workers: 4
[1336.428s][debug][gc,phases      ] GC(31)     Dead                           Min: 0, Avg:  4.0, Max: 16, Diff: 16, Sum: 16, Workers: 4
[1336.428s][debug][gc,phases      ] GC(31)     Total                          Min: 0, Avg: 3529.0, Max: 5136, Diff: 5136, Sum: 14116, Workers: 4
[1336.428s][debug][gc,phases      ] GC(31)   JNI Weak                       Min:  0.0, Avg:  0.0, Max:  0.0, Diff:  0.0, Sum:  0.0, Workers: 4
[1336.428s][debug][gc,phases      ] GC(31)     Dead                           Min: 0, Avg:  0.0, Max: 0, Diff: 0, Sum: 0, Workers: 4
[1336.428s][debug][gc,phases      ] GC(31)     Total                          Min: 0, Avg: 13.0, Max: 52, Diff: 52, Sum: 52, Workers: 4
[1336.428s][debug][gc,phases      ] GC(31)   StringDedup Table Weak         Min:  0.0, Avg:  0.0, Max:  0.0, Diff:  0.0, Sum:  0.0, Workers: 4
[1336.428s][debug][gc,phases      ] GC(31)     Dead                           Min: 0, Avg:  0.0, Max: 0, Diff: 0, Sum: 0, Workers: 4
[1336.428s][debug][gc,phases      ] GC(31)     Total                          Min: 0, Avg:  0.0, Max: 0, Diff: 0, Sum: 0, Workers: 4
[1336.428s][debug][gc,phases      ] GC(31)   StringDedup Requests0 Weak     Min:  0.0, Avg:  0.0, Max:  0.0, Diff:  0.0, Sum:  0.0, Workers: 4
[1336.428s][debug][gc,phases      ] GC(31)     Dead                           Min: 0, Avg:  0.0, Max: 0, Diff: 0, Sum: 0, Workers: 4
[1336.428s][debug][gc,phases      ] GC(31)     Total                          Min: 0, Avg:  0.0, Max: 0, Diff: 0, Sum: 0, Workers: 4
[1336.428s][debug][gc,phases      ] GC(31)   StringDedup Requests1 Weak     Min:  0.0, Avg:  0.0, Max:  0.0, Diff:  0.0, Sum:  0.0, Workers: 4
[1336.428s][debug][gc,phases      ] GC(31)     Dead                           Min: 0, Avg:  0.0, Max: 0, Diff: 0, Sum: 0, Workers: 4
[1336.428s][debug][gc,phases      ] GC(31)     Total                          Min: 0, Avg:  0.0, Max: 0, Diff: 0, Sum: 0, Workers: 4
[1336.428s][debug][gc,phases      ] GC(31)   Weak JFR Old Object Samples    Min:  0.0, Avg:  0.0, Max:  0.0, Diff:  0.0, Sum:  0.0, Workers: 4
[1336.428s][debug][gc,phases      ] GC(31)     Dead                           Min: 0, Avg:  0.0, Max: 0, Diff: 0, Sum: 0, Workers: 4
[1336.428s][debug][gc,phases      ] GC(31)     Total                          Min: 0, Avg:  0.0, Max: 0, Diff: 0, Sum: 0, Workers: 4
[1336.428s][debug][gc,phases      ] GC(31) Weak Processing 0.445ms
[1336.428s][debug][gc,age         ] GC(31) Desired survivor size 126353408 bytes, new threshold 1 (max threshold 15)
[1336.428s][info ][gc,heap        ] GC(31) PSYoungGen: 1827360K(1965568K)->1888K(1956864K) Eden: 1825280K(1825280K)->0K(1825280K) From: 2080K(140288K)->1888K(131584K)
[1336.428s][info ][gc,heap        ] GC(31) ParOldGen: 222456K(236544K)->222652K(236544K)
[1336.428s][info ][gc,metaspace   ] GC(31) Metaspace: 101957K(103232K)->101957K(103232K) NonClass: 86646K(87360K)->86646K(87360K) Class: 15310K(15872K)->15310K(15872K)
[1336.428s][info ][gc             ] GC(31) Pause Young (Allocation Failure) 2001M->219M(2142M) 2.848ms
[1336.428s][info ][gc,cpu         ] GC(31) User=0.01s Sys=0.00s Real=0.00s
[1336.429s][info ][safepoint      ] Safepoint "ParallelGCFailedAllocation", Time since last: 515456888 ns, Reaching safepoint: 5200 ns, Cleanup: 3500 ns, At safepoint: 2921999 ns, Total: 2930699 ns
[1338.429s][info ][safepoint      ] Safepoint "Cleanup", Time since last: 2000161854 ns, Reaching safepoint: 5300 ns, Cleanup: 10901 ns, At safepoint: 2200 ns, Total: 18401 ns
[1355.430s][info ][safepoint      ] Safepoint "Cleanup", Time since last: 17001311835 ns, Reaching safepoint: 77105 ns, Cleanup: 19501 ns, At safepoint: 5500 ns, Total: 102106 ns
[1360.431s][info ][safepoint      ] Safepoint "Cleanup", Time since last: 5000540476 ns, Reaching safepoint: 5300 ns, Cleanup: 17402 ns, At safepoint: 1900 ns, Total: 24602 ns
[1361.431s][info ][safepoint      ] Safepoint "Cleanup", Time since last: 1000120767 ns, Reaching safepoint: 6000 ns, Cleanup: 15001 ns, At safepoint: 2200 ns, Total: 23201 ns
[1362.431s][info ][safepoint      ] Safepoint "Cleanup", Time since last: 1000119068 ns, Reaching safepoint: 5500 ns, Cleanup: 11801 ns, At safepoint: 26302 ns, Total: 43603 ns
[1368.431s][info ][safepoint      ] Safepoint "Cleanup", Time since last: 6000479653 ns, Reaching safepoint: 4901 ns, Cleanup: 7100 ns, At safepoint: 2200 ns, Total: 14201 ns
[1369.432s][info ][safepoint      ] Safepoint "Cleanup", Time since last: 1000109118 ns, Reaching safepoint: 5601 ns, Cleanup: 24801 ns, At safepoint: 2301 ns, Total: 32703 ns
[1370.432s][info ][safepoint      ] Safepoint "Cleanup", Time since last: 1000115218 ns, Reaching safepoint: 5700 ns, Cleanup: 21002 ns, At safepoint: 2100 ns, Total: 28802 ns
[1375.432s][info ][safepoint      ] Safepoint "Cleanup", Time since last: 5000398380 ns, Reaching safepoint: 5301 ns, Cleanup: 9100 ns, At safepoint: 2200 ns, Total: 16601 ns
[1376.432s][info ][safepoint      ] Safepoint "Cleanup", Time since last: 1000118083 ns, Reaching safepoint: 5801 ns, Cleanup: 9700 ns, At safepoint: 2100 ns, Total: 17601 ns
[1377.432s][info ][safepoint      ] Safepoint "Cleanup", Time since last: 1000111783 ns, Reaching safepoint: 5800 ns, Cleanup: 9701 ns, At safepoint: 2200 ns, Total: 17701 ns
[1379.433s][info ][safepoint      ] Safepoint "Cleanup", Time since last: 2000176873 ns, Reaching safepoint: 5700 ns, Cleanup: 12901 ns, At safepoint: 1900 ns, Total: 20501 ns
[1384.465s][info ][safepoint      ] Safepoint "Cleanup", Time since last: 5032748823 ns, Reaching safepoint: 5401 ns, Cleanup: 12101 ns, At safepoint: 2100 ns, Total: 19602 ns
[1385.466s][info ][safepoint      ] Safepoint "Cleanup", Time since last: 1000110840 ns, Reaching safepoint: 5900 ns, Cleanup: 13301 ns, At safepoint: 2200 ns, Total: 21401 ns
[1386.466s][info ][safepoint      ] Safepoint "Cleanup", Time since last: 1000170244 ns, Reaching safepoint: 6601 ns, Cleanup: 10501 ns, At safepoint: 2600 ns, Total: 19702 ns
[1402.467s][info ][safepoint      ] Safepoint "Cleanup", Time since last: 16001213694 ns, Reaching safepoint: 5800 ns, Cleanup: 9401 ns, At safepoint: 2200 ns, Total: 17401 ns
[1411.468s][info ][safepoint      ] Safepoint "Cleanup", Time since last: 9000686758 ns, Reaching safepoint: 5801 ns, Cleanup: 10700 ns, At safepoint: 2501 ns, Total: 19002 ns
[1414.844s][info ][gc,start       ] GC(32) Pause Young (Allocation Failure)
[1414.846s][debug][gc,phases      ] GC(32) Scavenge 2.486ms
[1414.846s][debug][gc,ref         ] GC(32) ReferenceProcessor::execute queues: 1, RefProcThreadModel::Single, marks_oops_alive: false
[1414.846s][debug][gc,ref         ] GC(32) Skipped KeepAliveFinalRefsPhase of Reference Processing: no references
[1414.846s][debug][gc,ref         ] GC(32) ReferenceProcessor::execute queues: 1, RefProcThreadModel::Single, marks_oops_alive: false
[1414.846s][debug][gc,phases      ] GC(32) Reference Processing 0.117ms
[1414.847s][debug][gc,phases      ] GC(32)   VM Weak                        Min:  0.0, Avg:  0.0, Max:  0.0, Diff:  0.0, Sum:  0.0, Workers: 4
[1414.847s][debug][gc,phases      ] GC(32)     Dead                           Min: 0, Avg:  0.0, Max: 0, Diff: 0, Sum: 0, Workers: 4
[1414.847s][debug][gc,phases      ] GC(32)     Total                          Min: 0, Avg: 236.5, Max: 626, Diff: 626, Sum: 946, Workers: 4
[1414.847s][debug][gc,phases      ] GC(32)   ObjectSynchronizer Weak        Min:  0.0, Avg:  0.0, Max:  0.0, Diff:  0.0, Sum:  0.0, Workers: 4
[1414.847s][debug][gc,phases      ] GC(32)     Dead                           Min: 0, Avg:  0.0, Max: 0, Diff: 0, Sum: 0, Workers: 4
[1414.847s][debug][gc,phases      ] GC(32)     Total                          Min: 0, Avg:  1.0, Max: 4, Diff: 4, Sum: 4, Workers: 4
[1414.847s][debug][gc,phases      ] GC(32)   JVMTI Tag Weak OopStorage      Min:  0.0, Avg:  0.0, Max:  0.0, Diff:  0.0, Sum:  0.0, Workers: 4
[1414.847s][debug][gc,phases      ] GC(32)     Dead                           Min: 0, Avg:  0.0, Max: 0, Diff: 0, Sum: 0, Workers: 4
[1414.847s][debug][gc,phases      ] GC(32)     Total                          Min: 0, Avg:  0.0, Max: 0, Diff: 0, Sum: 0, Workers: 4
[1414.847s][debug][gc,phases      ] GC(32)   StringTable Weak               Min:  0.0, Avg:  0.1, Max:  0.2, Diff:  0.2, Sum:  0.4, Workers: 4
[1414.847s][debug][gc,phases      ] GC(32)     Dead                           Min: 0, Avg:  0.0, Max: 0, Diff: 0, Sum: 0, Workers: 4
[1414.847s][debug][gc,phases      ] GC(32)     Total                          Min: 0, Avg: 11157.2, Max: 23125, Diff: 23125, Sum: 44629, Workers: 4
[1414.847s][debug][gc,phases      ] GC(32)   ResolvedMethodTable Weak       Min:  0.0, Avg:  0.0, Max:  0.1, Diff:  0.1, Sum:  0.1, Workers: 4
[1414.847s][debug][gc,phases      ] GC(32)     Dead                           Min: 0, Avg:  4.0, Max: 16, Diff: 16, Sum: 16, Workers: 4
[1414.847s][debug][gc,phases      ] GC(32)     Total                          Min: 0, Avg: 3529.0, Max: 7442, Diff: 7442, Sum: 14116, Workers: 4
[1414.847s][debug][gc,phases      ] GC(32)   JNI Weak                       Min:  0.0, Avg:  0.0, Max:  0.0, Diff:  0.0, Sum:  0.0, Workers: 4
[1414.847s][debug][gc,phases      ] GC(32)     Dead                           Min: 0, Avg:  0.0, Max: 0, Diff: 0, Sum: 0, Workers: 4
[1414.847s][debug][gc,phases      ] GC(32)     Total                          Min: 0, Avg: 13.0, Max: 52, Diff: 52, Sum: 52, Workers: 4
[1414.847s][debug][gc,phases      ] GC(32)   StringDedup Table Weak         Min:  0.0, Avg:  0.0, Max:  0.0, Diff:  0.0, Sum:  0.0, Workers: 4
[1414.847s][debug][gc,phases      ] GC(32)     Dead                           Min: 0, Avg:  0.0, Max: 0, Diff: 0, Sum: 0, Workers: 4
[1414.847s][debug][gc,phases      ] GC(32)     Total                          Min: 0, Avg:  0.0, Max: 0, Diff: 0, Sum: 0, Workers: 4
[1414.847s][debug][gc,phases      ] GC(32)   StringDedup Requests0 Weak     Min:  0.0, Avg:  0.0, Max:  0.0, Diff:  0.0, Sum:  0.0, Workers: 4
[1414.847s][debug][gc,phases      ] GC(32)     Dead                           Min: 0, Avg:  0.0, Max: 0, Diff: 0, Sum: 0, Workers: 4
[1414.847s][debug][gc,phases      ] GC(32)     Total                          Min: 0, Avg:  0.0, Max: 0, Diff: 0, Sum: 0, Workers: 4
[1414.847s][debug][gc,phases      ] GC(32)   StringDedup Requests1 Weak     Min:  0.0, Avg:  0.0, Max:  0.0, Diff:  0.0, Sum:  0.0, Workers: 4
[1414.847s][debug][gc,phases      ] GC(32)     Dead                           Min: 0, Avg:  0.0, Max: 0, Diff: 0, Sum: 0, Workers: 4
[1414.847s][debug][gc,phases      ] GC(32)     Total                          Min: 0, Avg:  0.0, Max: 0, Diff: 0, Sum: 0, Workers: 4
[1414.847s][debug][gc,phases      ] GC(32)   Weak JFR Old Object Samples    Min:  0.0, Avg:  0.0, Max:  0.0, Diff:  0.0, Sum:  0.0, Workers: 4
[1414.847s][debug][gc,phases      ] GC(32)     Dead                           Min: 0, Avg:  0.0, Max: 0, Diff: 0, Sum: 0, Workers: 4
[1414.847s][debug][gc,phases      ] GC(32)     Total                          Min: 0, Avg:  0.0, Max: 0, Diff: 0, Sum: 0, Workers: 4
[1414.847s][debug][gc,phases      ] GC(32) Weak Processing 0.531ms
[1414.847s][debug][gc,age         ] GC(32) Desired survivor size 118489088 bytes, new threshold 1 (max threshold 15)
[1414.847s][info ][gc,heap        ] GC(32) PSYoungGen: 1827168K(1956864K)->2304K(1981440K) Eden: 1825280K(1825280K)->0K(1858048K) From: 1888K(131584K)->2304K(123392K)
[1414.847s][info ][gc,heap        ] GC(32) ParOldGen: 222652K(236544K)->223076K(236544K)
[1414.847s][info ][gc,metaspace   ] GC(32) Metaspace: 101993K(103232K)->101993K(103232K) NonClass: 86682K(87360K)->86682K(87360K) Class: 15310K(15872K)->15310K(15872K)
[1414.847s][info ][gc             ] GC(32) Pause Young (Allocation Failure) 2001M->220M(2166M) 3.272ms
[1414.847s][info ][gc,cpu         ] GC(32) User=0.01s Sys=0.00s Real=0.01s
[1414.847s][info ][safepoint      ] Safepoint "ParallelGCFailedAllocation", Time since last: 3375743535 ns, Reaching safepoint: 109907 ns, Cleanup: 5700 ns, At safepoint: 3358323 ns, Total: 3473930 ns
[1422.848s][info ][safepoint      ] Safepoint "Cleanup", Time since last: 8000658884 ns, Reaching safepoint: 8000 ns, Cleanup: 14901 ns, At safepoint: 2801 ns, Total: 25702 ns
[1423.848s][info ][safepoint      ] Safepoint "Cleanup", Time since last: 1000157337 ns, Reaching safepoint: 8600 ns, Cleanup: 14401 ns, At safepoint: 7301 ns, Total: 30302 ns
[1424.848s][info ][safepoint      ] Safepoint "Cleanup", Time since last: 1000142836 ns, Reaching safepoint: 6801 ns, Cleanup: 13101 ns, At safepoint: 1900 ns, Total: 21802 ns
[1425.848s][info ][safepoint      ] Safepoint "Cleanup", Time since last: 1000135335 ns, Reaching safepoint: 6601 ns, Cleanup: 16501 ns, At safepoint: 1900 ns, Total: 25002 ns
[1428.848s][info ][safepoint      ] Safepoint "Cleanup", Time since last: 3000284971 ns, Reaching safepoint: 7900 ns, Cleanup: 15801 ns, At safepoint: 2901 ns, Total: 26602 ns
[1431.849s][info ][safepoint      ] Safepoint "Cleanup", Time since last: 3000278210 ns, Reaching safepoint: 6201 ns, Cleanup: 12101 ns, At safepoint: 2300 ns, Total: 20602 ns
[1433.849s][info ][safepoint      ] Safepoint "Cleanup", Time since last: 2000209908 ns, Reaching safepoint: 6801 ns, Cleanup: 11001 ns, At safepoint: 27801 ns, Total: 45603 ns
[1436.849s][info ][safepoint      ] Safepoint "Cleanup", Time since last: 3000253487 ns, Reaching safepoint: 6800 ns, Cleanup: 11601 ns, At safepoint: 2200 ns, Total: 20601 ns
[1442.484s][info ][safepoint      ] Safepoint "Cleanup", Time since last: 5634285313 ns, Reaching safepoint: 5601 ns, Cleanup: 10600 ns, At safepoint: 2200 ns, Total: 18401 ns
[1444.484s][info ][safepoint      ] Safepoint "Cleanup", Time since last: 2000173488 ns, Reaching safepoint: 5501 ns, Cleanup: 12100 ns, At safepoint: 2200 ns, Total: 19801 ns
[1445.484s][info ][safepoint      ] Safepoint "Cleanup", Time since last: 1000136731 ns, Reaching safepoint: 6100 ns, Cleanup: 11001 ns, At safepoint: 2400 ns, Total: 19501 ns
[1447.484s][info ][safepoint      ] Safepoint "Cleanup", Time since last: 2000192456 ns, Reaching safepoint: 5201 ns, Cleanup: 8500 ns, At safepoint: 2000 ns, Total: 15701 ns
[1448.484s][info ][safepoint      ] Safepoint "Cleanup", Time since last: 1000098828 ns, Reaching safepoint: 5601 ns, Cleanup: 9200 ns, At safepoint: 2200 ns, Total: 17001 ns
[1450.484s][info ][safepoint      ] Safepoint "Cleanup", Time since last: 2000176055 ns, Reaching safepoint: 5501 ns, Cleanup: 9300 ns, At safepoint: 2200 ns, Total: 17001 ns
[1451.484s][info ][safepoint      ] Safepoint "Cleanup", Time since last: 1000100529 ns, Reaching safepoint: 5200 ns, Cleanup: 9001 ns, At safepoint: 2000 ns, Total: 16201 ns
[1452.485s][info ][safepoint      ] Safepoint "Cleanup", Time since last: 1000103357 ns, Reaching safepoint: 5501 ns, Cleanup: 9200 ns, At safepoint: 2500 ns, Total: 17201 ns
[1454.485s][info ][safepoint      ] Safepoint "Cleanup", Time since last: 2000173086 ns, Reaching safepoint: 5500 ns, Cleanup: 9301 ns, At safepoint: 2300 ns, Total: 17101 ns
[1466.486s][info ][safepoint      ] Safepoint "Cleanup", Time since last: 12000923706 ns, Reaching safepoint: 4900 ns, Cleanup: 9801 ns, At safepoint: 2300 ns, Total: 17001 ns
[1467.486s][info ][safepoint      ] Safepoint "Cleanup", Time since last: 1000108727 ns, Reaching safepoint: 5100 ns, Cleanup: 10601 ns, At safepoint: 2100 ns, Total: 17801 ns
[1482.487s][info ][safepoint      ] Safepoint "Cleanup", Time since last: 15001073726 ns, Reaching safepoint: 5701 ns, Cleanup: 12100 ns, At safepoint: 1900 ns, Total: 19701 ns
[1485.487s][info ][safepoint      ] Safepoint "Cleanup", Time since last: 3000237023 ns, Reaching safepoint: 5200 ns, Cleanup: 8201 ns, At safepoint: 2000 ns, Total: 15401 ns
[1487.487s][info ][safepoint      ] Safepoint "Cleanup", Time since last: 2000170528 ns, Reaching safepoint: 5800 ns, Cleanup: 9301 ns, At safepoint: 2200 ns, Total: 17301 ns
[1498.463s][info ][gc,start       ] GC(33) Pause Young (Allocation Failure)
[1498.465s][debug][gc,phases      ] GC(33) Scavenge 1.874ms
[1498.465s][debug][gc,ref         ] GC(33) ReferenceProcessor::execute queues: 1, RefProcThreadModel::Single, marks_oops_alive: false
[1498.465s][debug][gc,ref         ] GC(33) Skipped KeepAliveFinalRefsPhase of Reference Processing: no references
[1498.465s][debug][gc,ref         ] GC(33) ReferenceProcessor::execute queues: 1, RefProcThreadModel::Single, marks_oops_alive: false
[1498.465s][debug][gc,phases      ] GC(33) Reference Processing 0.120ms
[1498.465s][debug][gc,phases      ] GC(33)   VM Weak                        Min:  0.0, Avg:  0.0, Max:  0.0, Diff:  0.0, Sum:  0.0, Workers: 4
[1498.465s][debug][gc,phases      ] GC(33)     Dead                           Min: 0, Avg:  0.0, Max: 0, Diff: 0, Sum: 0, Workers: 4
[1498.465s][debug][gc,phases      ] GC(33)     Total                          Min: 0, Avg: 236.5, Max: 576, Diff: 576, Sum: 946, Workers: 4
[1498.465s][debug][gc,phases      ] GC(33)   ObjectSynchronizer Weak        Min:  0.0, Avg:  0.0, Max:  0.0, Diff:  0.0, Sum:  0.0, Workers: 4
[1498.465s][debug][gc,phases      ] GC(33)     Dead                           Min: 0, Avg:  0.0, Max: 0, Diff: 0, Sum: 0, Workers: 4
[1498.465s][debug][gc,phases      ] GC(33)     Total                          Min: 0, Avg:  0.8, Max: 3, Diff: 3, Sum: 3, Workers: 4
[1498.465s][debug][gc,phases      ] GC(33)   JVMTI Tag Weak OopStorage      Min:  0.0, Avg:  0.0, Max:  0.0, Diff:  0.0, Sum:  0.0, Workers: 4
[1498.465s][debug][gc,phases      ] GC(33)     Dead                           Min: 0, Avg:  0.0, Max: 0, Diff: 0, Sum: 0, Workers: 4
[1498.465s][debug][gc,phases      ] GC(33)     Total                          Min: 0, Avg:  0.0, Max: 0, Diff: 0, Sum: 0, Workers: 4
[1498.465s][debug][gc,phases      ] GC(33)   StringTable Weak               Min:  0.0, Avg:  0.1, Max:  0.1, Diff:  0.1, Sum:  0.4, Workers: 4
[1498.465s][debug][gc,phases      ] GC(33)     Dead                           Min: 0, Avg:  0.0, Max: 0, Diff: 0, Sum: 0, Workers: 4
[1498.465s][debug][gc,phases      ] GC(33)     Total                          Min: 0, Avg: 11157.5, Max: 15702, Diff: 15702, Sum: 44630, Workers: 4
[1498.465s][debug][gc,phases      ] GC(33)   ResolvedMethodTable Weak       Min:  0.0, Avg:  0.0, Max:  0.0, Diff:  0.0, Sum:  0.1, Workers: 4
[1498.465s][debug][gc,phases      ] GC(33)     Dead                           Min: 0, Avg:  4.0, Max: 16, Diff: 16, Sum: 16, Workers: 4
[1498.465s][debug][gc,phases      ] GC(33)     Total                          Min: 0, Avg: 3529.0, Max: 4876, Diff: 4876, Sum: 14116, Workers: 4
[1498.465s][debug][gc,phases      ] GC(33)   JNI Weak                       Min:  0.0, Avg:  0.0, Max:  0.0, Diff:  0.0, Sum:  0.0, Workers: 4
[1498.465s][debug][gc,phases      ] GC(33)     Dead                           Min: 0, Avg:  0.0, Max: 0, Diff: 0, Sum: 0, Workers: 4
[1498.465s][debug][gc,phases      ] GC(33)     Total                          Min: 0, Avg: 13.0, Max: 52, Diff: 52, Sum: 52, Workers: 4
[1498.465s][debug][gc,phases      ] GC(33)   StringDedup Table Weak         Min:  0.0, Avg:  0.0, Max:  0.0, Diff:  0.0, Sum:  0.0, Workers: 4
[1498.465s][debug][gc,phases      ] GC(33)     Dead                           Min: 0, Avg:  0.0, Max: 0, Diff: 0, Sum: 0, Workers: 4
[1498.465s][debug][gc,phases      ] GC(33)     Total                          Min: 0, Avg:  0.0, Max: 0, Diff: 0, Sum: 0, Workers: 4
[1498.465s][debug][gc,phases      ] GC(33)   StringDedup Requests0 Weak     Min:  0.0, Avg:  0.0, Max:  0.0, Diff:  0.0, Sum:  0.0, Workers: 4
[1498.465s][debug][gc,phases      ] GC(33)     Dead                           Min: 0, Avg:  0.0, Max: 0, Diff: 0, Sum: 0, Workers: 4
[1498.465s][debug][gc,phases      ] GC(33)     Total                          Min: 0, Avg:  0.0, Max: 0, Diff: 0, Sum: 0, Workers: 4
[1498.465s][debug][gc,phases      ] GC(33)   StringDedup Requests1 Weak     Min:  0.0, Avg:  0.0, Max:  0.0, Diff:  0.0, Sum:  0.0, Workers: 4
[1498.465s][debug][gc,phases      ] GC(33)     Dead                           Min: 0, Avg:  0.0, Max: 0, Diff: 0, Sum: 0, Workers: 4
[1498.465s][debug][gc,phases      ] GC(33)     Total                          Min: 0, Avg:  0.0, Max: 0, Diff: 0, Sum: 0, Workers: 4
[1498.465s][debug][gc,phases      ] GC(33)   Weak JFR Old Object Samples    Min:  0.0, Avg:  0.0, Max:  0.0, Diff:  0.0, Sum:  0.0, Workers: 4
[1498.465s][debug][gc,phases      ] GC(33)     Dead                           Min: 0, Avg:  0.0, Max: 0, Diff: 0, Sum: 0, Workers: 4
[1498.465s][debug][gc,phases      ] GC(33)     Total                          Min: 0, Avg:  0.0, Max: 0, Diff: 0, Sum: 0, Workers: 4
[1498.465s][debug][gc,phases      ] GC(33) Weak Processing 0.425ms
[1498.465s][debug][gc,age         ] GC(33) Desired survivor size 110624768 bytes, new threshold 1 (max threshold 15)
[1498.465s][info ][gc,heap        ] GC(33) PSYoungGen: 1860352K(1981440K)->2240K(1973760K) Eden: 1858048K(1858048K)->0K(1858048K) From: 2304K(123392K)->2240K(115712K)
[1498.465s][info ][gc,heap        ] GC(33) ParOldGen: 223076K(236544K)->224008K(236544K)
[1498.465s][info ][gc,metaspace   ] GC(33) Metaspace: 102031K(103296K)->102031K(103296K) NonClass: 86720K(87424K)->86720K(87424K) Class: 15310K(15872K)->15310K(15872K)
[1498.465s][info ][gc             ] GC(33) Pause Young (Allocation Failure) 2034M->220M(2158M) 2.575ms
[1498.465s][info ][gc,cpu         ] GC(33) User=0.01s Sys=0.00s Real=0.01s
[1498.465s][info ][safepoint      ] Safepoint "ParallelGCFailedAllocation", Time since last: 10975233913 ns, Reaching safepoint: 7601 ns, Cleanup: 4600 ns, At safepoint: 2679574 ns, Total: 2691775 ns
[1511.466s][info ][safepoint      ] Safepoint "Cleanup", Time since last: 13000897491 ns, Reaching safepoint: 5100 ns, Cleanup: 24002 ns, At safepoint: 4400 ns, Total: 33502 ns
[1517.467s][info ][safepoint      ] Safepoint "Cleanup", Time since last: 6000455635 ns, Reaching safepoint: 93506 ns, Cleanup: 13301 ns, At safepoint: 10101 ns, Total: 116908 ns
[1522.467s][info ][safepoint      ] Safepoint "Cleanup", Time since last: 5000486395 ns, Reaching safepoint: 7101 ns, Cleanup: 10400 ns, At safepoint: 2300 ns, Total: 19801 ns
[1529.468s][info ][safepoint      ] Safepoint "Cleanup", Time since last: 7000918857 ns, Reaching safepoint: 6901 ns, Cleanup: 13400 ns, At safepoint: 2401 ns, Total: 22702 ns
[1531.468s][info ][safepoint      ] Safepoint "Cleanup", Time since last: 2000187979 ns, Reaching safepoint: 6600 ns, Cleanup: 9001 ns, At safepoint: 2200 ns, Total: 17801 ns
[1533.469s][info ][safepoint      ] Safepoint "Cleanup", Time since last: 2000357316 ns, Reaching safepoint: 7600 ns, Cleanup: 10301 ns, At safepoint: 2900 ns, Total: 20801 ns
[1534.469s][info ][safepoint      ] Safepoint "Cleanup", Time since last: 1000125477 ns, Reaching safepoint: 5800 ns, Cleanup: 8101 ns, At safepoint: 2000 ns, Total: 15901 ns
[1541.470s][info ][safepoint      ] Safepoint "Cleanup", Time since last: 7000526798 ns, Reaching safepoint: 7001 ns, Cleanup: 24301 ns, At safepoint: 2201 ns, Total: 33503 ns
[1542.470s][info ][safepoint      ] Safepoint "Cleanup", Time since last: 1000120974 ns, Reaching safepoint: 6500 ns, Cleanup: 12101 ns, At safepoint: 2200 ns, Total: 20801 ns
[1546.470s][info ][safepoint      ] Safepoint "Cleanup", Time since last: 4000332087 ns, Reaching safepoint: 6900 ns, Cleanup: 12101 ns, At safepoint: 2000 ns, Total: 21001 ns
[1549.470s][info ][safepoint      ] Safepoint "Cleanup", Time since last: 3000258136 ns, Reaching safepoint: 6400 ns, Cleanup: 6001 ns, At safepoint: 2200 ns, Total: 14601 ns
[1550.470s][info ][safepoint      ] Safepoint "Cleanup", Time since last: 1000112241 ns, Reaching safepoint: 6501 ns, Cleanup: 10800 ns, At safepoint: 1800 ns, Total: 19101 ns
[1556.471s][info ][safepoint      ] Safepoint "Cleanup", Time since last: 6000468046 ns, Reaching safepoint: 6000 ns, Cleanup: 12501 ns, At safepoint: 2300 ns, Total: 20801 ns
[1560.471s][info ][safepoint      ] Safepoint "Cleanup", Time since last: 4000325276 ns, Reaching safepoint: 6300 ns, Cleanup: 10701 ns, At safepoint: 2200 ns, Total: 19201 ns
[1567.519s][info ][safepoint      ] Safepoint "Cleanup", Time since last: 7048162463 ns, Reaching safepoint: 7201 ns, Cleanup: 17401 ns, At safepoint: 2600 ns, Total: 27202 ns
[1571.520s][info ][safepoint      ] Safepoint "Cleanup", Time since last: 4000395959 ns, Reaching safepoint: 7201 ns, Cleanup: 16001 ns, At safepoint: 2600 ns, Total: 25802 ns
[1573.479s][info ][gc,start       ] GC(34) Pause Young (Allocation Failure)
[1573.483s][debug][gc,phases      ] GC(34) Scavenge 3.459ms
[1573.483s][debug][gc,ref         ] GC(34) ReferenceProcessor::execute queues: 1, RefProcThreadModel::Single, marks_oops_alive: false
[1573.483s][debug][gc,ref         ] GC(34) Skipped KeepAliveFinalRefsPhase of Reference Processing: no references
[1573.483s][debug][gc,ref         ] GC(34) ReferenceProcessor::execute queues: 1, RefProcThreadModel::Single, marks_oops_alive: false
[1573.483s][debug][gc,phases      ] GC(34) Reference Processing 0.122ms
[1573.483s][debug][gc,phases      ] GC(34)   VM Weak                        Min:  0.0, Avg:  0.0, Max:  0.0, Diff:  0.0, Sum:  0.0, Workers: 4
[1573.483s][debug][gc,phases      ] GC(34)     Dead                           Min: 0, Avg:  0.0, Max: 0, Diff: 0, Sum: 0, Workers: 4
[1573.483s][debug][gc,phases      ] GC(34)     Total                          Min: 0, Avg: 236.5, Max: 576, Diff: 576, Sum: 946, Workers: 4
[1573.483s][debug][gc,phases      ] GC(34)   ObjectSynchronizer Weak        Min:  0.0, Avg:  0.0, Max:  0.0, Diff:  0.0, Sum:  0.0, Workers: 4
[1573.483s][debug][gc,phases      ] GC(34)     Dead                           Min: 0, Avg:  0.0, Max: 0, Diff: 0, Sum: 0, Workers: 4
[1573.483s][debug][gc,phases      ] GC(34)     Total                          Min: 0, Avg:  0.8, Max: 3, Diff: 3, Sum: 3, Workers: 4
[1573.483s][debug][gc,phases      ] GC(34)   JVMTI Tag Weak OopStorage      Min:  0.0, Avg:  0.0, Max:  0.0, Diff:  0.0, Sum:  0.0, Workers: 4
[1573.483s][debug][gc,phases      ] GC(34)     Dead                           Min: 0, Avg:  0.0, Max: 0, Diff: 0, Sum: 0, Workers: 4
[1573.483s][debug][gc,phases      ] GC(34)     Total                          Min: 0, Avg:  0.0, Max: 0, Diff: 0, Sum: 0, Workers: 4
[1573.483s][debug][gc,phases      ] GC(34)   StringTable Weak               Min:  0.0, Avg:  0.1, Max:  0.1, Diff:  0.1, Sum:  0.4, Workers: 4
[1573.483s][debug][gc,phases      ] GC(34)     Dead                           Min: 0, Avg:  0.0, Max: 0, Diff: 0, Sum: 0, Workers: 4
[1573.483s][debug][gc,phases      ] GC(34)     Total                          Min: 0, Avg: 11157.8, Max: 15808, Diff: 15808, Sum: 44631, Workers: 4
[1573.483s][debug][gc,phases      ] GC(34)   ResolvedMethodTable Weak       Min:  0.0, Avg:  0.0, Max:  0.0, Diff:  0.0, Sum:  0.1, Workers: 4
[1573.483s][debug][gc,phases      ] GC(34)     Dead                           Min: 0, Avg:  4.0, Max: 16, Diff: 16, Sum: 16, Workers: 4
[1573.483s][debug][gc,phases      ] GC(34)     Total                          Min: 0, Avg: 3529.0, Max: 4816, Diff: 4816, Sum: 14116, Workers: 4
[1573.483s][debug][gc,phases      ] GC(34)   JNI Weak                       Min:  0.0, Avg:  0.0, Max:  0.0, Diff:  0.0, Sum:  0.0, Workers: 4
[1573.483s][debug][gc,phases      ] GC(34)     Dead                           Min: 0, Avg:  0.0, Max: 0, Diff: 0, Sum: 0, Workers: 4
[1573.483s][debug][gc,phases      ] GC(34)     Total                          Min: 0, Avg: 13.0, Max: 52, Diff: 52, Sum: 52, Workers: 4
[1573.483s][debug][gc,phases      ] GC(34)   StringDedup Table Weak         Min:  0.0, Avg:  0.0, Max:  0.0, Diff:  0.0, Sum:  0.0, Workers: 4
[1573.483s][debug][gc,phases      ] GC(34)     Dead                           Min: 0, Avg:  0.0, Max: 0, Diff: 0, Sum: 0, Workers: 4
[1573.483s][debug][gc,phases      ] GC(34)     Total                          Min: 0, Avg:  0.0, Max: 0, Diff: 0, Sum: 0, Workers: 4
[1573.483s][debug][gc,phases      ] GC(34)   StringDedup Requests0 Weak     Min:  0.0, Avg:  0.0, Max:  0.0, Diff:  0.0, Sum:  0.0, Workers: 4
[1573.483s][debug][gc,phases      ] GC(34)     Dead                           Min: 0, Avg:  0.0, Max: 0, Diff: 0, Sum: 0, Workers: 4
[1573.483s][debug][gc,phases      ] GC(34)     Total                          Min: 0, Avg:  0.0, Max: 0, Diff: 0, Sum: 0, Workers: 4
[1573.483s][debug][gc,phases      ] GC(34)   StringDedup Requests1 Weak     Min:  0.0, Avg:  0.0, Max:  0.0, Diff:  0.0, Sum:  0.0, Workers: 4
[1573.483s][debug][gc,phases      ] GC(34)     Dead                           Min: 0, Avg:  0.0, Max: 0, Diff: 0, Sum: 0, Workers: 4
[1573.483s][debug][gc,phases      ] GC(34)     Total                          Min: 0, Avg:  0.0, Max: 0, Diff: 0, Sum: 0, Workers: 4
[1573.483s][debug][gc,phases      ] GC(34)   Weak JFR Old Object Samples    Min:  0.0, Avg:  0.0, Max:  0.0, Diff:  0.0, Sum:  0.0, Workers: 4
[1573.483s][debug][gc,phases      ] GC(34)     Dead                           Min: 0, Avg:  0.0, Max: 0, Diff: 0, Sum: 0, Workers: 4
[1573.483s][debug][gc,phases      ] GC(34)     Total                          Min: 0, Avg:  0.0, Max: 0, Diff: 0, Sum: 0, Workers: 4
[1573.483s][debug][gc,phases      ] GC(34) Weak Processing 0.428ms
[1573.483s][debug][gc,age         ] GC(34) Desired survivor size 102760448 bytes, new threshold 1 (max threshold 15)
[1573.483s][info ][gc,heap        ] GC(34) PSYoungGen: 1860288K(1973760K)->4976K(1996800K) Eden: 1858048K(1858048K)->0K(1888768K) From: 2240K(115712K)->4976K(108032K)
[1573.483s][info ][gc,heap        ] GC(34) ParOldGen: 224008K(236544K)->224316K(236544K)
[1573.483s][info ][gc,metaspace   ] GC(34) Metaspace: 102056K(103360K)->102056K(103360K) NonClass: 86745K(87488K)->86745K(87488K) Class: 15310K(15872K)->15310K(15872K)
[1573.483s][info ][gc             ] GC(34) Pause Young (Allocation Failure) 2035M->223M(2181M) 4.140ms
[1573.483s][info ][gc,cpu         ] GC(34) User=0.02s Sys=0.00s Real=0.00s
[1573.483s][info ][safepoint      ] Safepoint "ParallelGCFailedAllocation", Time since last: 1959194291 ns, Reaching safepoint: 7400 ns, Cleanup: 4500 ns, At safepoint: 4220571 ns, Total: 4232471 ns
[1574.483s][info ][safepoint      ] Safepoint "Cleanup", Time since last: 1000123180 ns, Reaching safepoint: 7501 ns, Cleanup: 13101 ns, At safepoint: 2400 ns, Total: 23002 ns
[1581.484s][info ][safepoint      ] Safepoint "Cleanup", Time since last: 7000551369 ns, Reaching safepoint: 5700 ns, Cleanup: 9501 ns, At safepoint: 2300 ns, Total: 17501 ns
[1589.485s][info ][safepoint      ] Safepoint "Cleanup", Time since last: 8000592056 ns, Reaching safepoint: 5700 ns, Cleanup: 9701 ns, At safepoint: 2200 ns, Total: 17601 ns
[1593.485s][info ][safepoint      ] Safepoint "Cleanup", Time since last: 4000312734 ns, Reaching safepoint: 6400 ns, Cleanup: 9001 ns, At safepoint: 2200 ns, Total: 17601 ns
[1604.486s][info ][safepoint      ] Safepoint "Cleanup", Time since last: 11000840615 ns, Reaching safepoint: 7501 ns, Cleanup: 15201 ns, At safepoint: 4200 ns, Total: 26902 ns
[1605.486s][info ][safepoint      ] Safepoint "Cleanup", Time since last: 1000107912 ns, Reaching safepoint: 6200 ns, Cleanup: 9101 ns, At safepoint: 4600 ns, Total: 19901 ns
[1606.486s][info ][safepoint      ] Safepoint "Cleanup", Time since last: 1000099912 ns, Reaching safepoint: 5700 ns, Cleanup: 12901 ns, At safepoint: 2100 ns, Total: 20701 ns
[1631.538s][info ][safepoint      ] Safepoint "Cleanup", Time since last: 25051785892 ns, Reaching safepoint: 5400 ns, Cleanup: 8801 ns, At safepoint: 2000 ns, Total: 16201 ns
[1641.539s][info ][safepoint      ] Safepoint "Cleanup", Time since last: 10000721542 ns, Reaching safepoint: 5901 ns, Cleanup: 8800 ns, At safepoint: 2900 ns, Total: 17601 ns
[1643.539s][info ][safepoint      ] Safepoint "Cleanup", Time since last: 2000187362 ns, Reaching safepoint: 5701 ns, Cleanup: 12500 ns, At safepoint: 2601 ns, Total: 20802 ns
[1646.539s][info ][safepoint      ] Safepoint "Cleanup", Time since last: 3000243626 ns, Reaching safepoint: 5901 ns, Cleanup: 9300 ns, At safepoint: 1901 ns, Total: 17102 ns
[1650.539s][info ][safepoint      ] Safepoint "Cleanup", Time since last: 4000326782 ns, Reaching safepoint: 5701 ns, Cleanup: 12000 ns, At safepoint: 2200 ns, Total: 19901 ns
[1651.540s][info ][safepoint      ] Safepoint "Cleanup", Time since last: 1000107748 ns, Reaching safepoint: 5900 ns, Cleanup: 9701 ns, At safepoint: 2100 ns, Total: 17701 ns
[1652.540s][info ][safepoint      ] Safepoint "Cleanup", Time since last: 1000122425 ns, Reaching safepoint: 7300 ns, Cleanup: 12301 ns, At safepoint: 2500 ns, Total: 22101 ns
[1653.540s][info ][safepoint      ] Safepoint "Cleanup", Time since last: 1000115870 ns, Reaching safepoint: 5700 ns, Cleanup: 30302 ns, At safepoint: 2300 ns, Total: 38302 ns
[1654.540s][info ][safepoint      ] Safepoint "Cleanup", Time since last: 1000104869 ns, Reaching safepoint: 5800 ns, Cleanup: 9601 ns, At safepoint: 2300 ns, Total: 17701 ns
[1654.598s][info ][gc,start       ] GC(35) Pause Young (Allocation Failure)
[1654.605s][debug][gc,phases      ] GC(35) Scavenge 6.650ms
[1654.605s][debug][gc,ref         ] GC(35) ReferenceProcessor::execute queues: 1, RefProcThreadModel::Single, marks_oops_alive: false
[1654.605s][debug][gc,ref         ] GC(35) Skipped KeepAliveFinalRefsPhase of Reference Processing: no references
[1654.605s][debug][gc,ref         ] GC(35) ReferenceProcessor::execute queues: 1, RefProcThreadModel::Single, marks_oops_alive: false
[1654.605s][debug][gc,phases      ] GC(35) Reference Processing 0.114ms
[1654.605s][debug][gc,phases      ] GC(35)   VM Weak                        Min:  0.0, Avg:  0.0, Max:  0.0, Diff:  0.0, Sum:  0.0, Workers: 4
[1654.605s][debug][gc,phases      ] GC(35)     Dead                           Min: 0, Avg:  0.0, Max: 0, Diff: 0, Sum: 0, Workers: 4
[1654.605s][debug][gc,phases      ] GC(35)     Total                          Min: 0, Avg: 236.5, Max: 754, Diff: 754, Sum: 946, Workers: 4
[1654.605s][debug][gc,phases      ] GC(35)   ObjectSynchronizer Weak        Min:  0.0, Avg:  0.0, Max:  0.0, Diff:  0.0, Sum:  0.0, Workers: 4
[1654.605s][debug][gc,phases      ] GC(35)     Dead                           Min: 0, Avg:  0.0, Max: 0, Diff: 0, Sum: 0, Workers: 4
[1654.605s][debug][gc,phases      ] GC(35)     Total                          Min: 0, Avg:  1.0, Max: 4, Diff: 4, Sum: 4, Workers: 4
[1654.605s][debug][gc,phases      ] GC(35)   JVMTI Tag Weak OopStorage      Min:  0.0, Avg:  0.0, Max:  0.0, Diff:  0.0, Sum:  0.0, Workers: 4
[1654.605s][debug][gc,phases      ] GC(35)     Dead                           Min: 0, Avg:  0.0, Max: 0, Diff: 0, Sum: 0, Workers: 4
[1654.605s][debug][gc,phases      ] GC(35)     Total                          Min: 0, Avg:  0.0, Max: 0, Diff: 0, Sum: 0, Workers: 4
[1654.605s][debug][gc,phases      ] GC(35)   StringTable Weak               Min:  0.0, Avg:  0.1, Max:  0.1, Diff:  0.1, Sum:  0.4, Workers: 4
[1654.605s][debug][gc,phases      ] GC(35)     Dead                           Min: 0, Avg:  0.0, Max: 0, Diff: 0, Sum: 0, Workers: 4
[1654.605s][debug][gc,phases      ] GC(35)     Total                          Min: 0, Avg: 11157.8, Max: 15511, Diff: 15511, Sum: 44631, Workers: 4
[1654.605s][debug][gc,phases      ] GC(35)   ResolvedMethodTable Weak       Min:  0.0, Avg:  0.0, Max:  0.0, Diff:  0.0, Sum:  0.1, Workers: 4
[1654.605s][debug][gc,phases      ] GC(35)     Dead                           Min: 0, Avg:  4.0, Max: 15, Diff: 15, Sum: 16, Workers: 4
[1654.605s][debug][gc,phases      ] GC(35)     Total                          Min: 0, Avg: 3529.0, Max: 5023, Diff: 5023, Sum: 14116, Workers: 4
[1654.605s][debug][gc,phases      ] GC(35)   JNI Weak                       Min:  0.0, Avg:  0.0, Max:  0.0, Diff:  0.0, Sum:  0.0, Workers: 4
[1654.605s][debug][gc,phases      ] GC(35)     Dead                           Min: 0, Avg:  0.0, Max: 0, Diff: 0, Sum: 0, Workers: 4
[1654.605s][debug][gc,phases      ] GC(35)     Total                          Min: 0, Avg: 13.0, Max: 52, Diff: 52, Sum: 52, Workers: 4
[1654.605s][debug][gc,phases      ] GC(35)   StringDedup Table Weak         Min:  0.0, Avg:  0.0, Max:  0.0, Diff:  0.0, Sum:  0.0, Workers: 4
[1654.605s][debug][gc,phases      ] GC(35)     Dead                           Min: 0, Avg:  0.0, Max: 0, Diff: 0, Sum: 0, Workers: 4
[1654.605s][debug][gc,phases      ] GC(35)     Total                          Min: 0, Avg:  0.0, Max: 0, Diff: 0, Sum: 0, Workers: 4
[1654.605s][debug][gc,phases      ] GC(35)   StringDedup Requests0 Weak     Min:  0.0, Avg:  0.0, Max:  0.0, Diff:  0.0, Sum:  0.0, Workers: 4
[1654.605s][debug][gc,phases      ] GC(35)     Dead                           Min: 0, Avg:  0.0, Max: 0, Diff: 0, Sum: 0, Workers: 4
[1654.605s][debug][gc,phases      ] GC(35)     Total                          Min: 0, Avg:  0.0, Max: 0, Diff: 0, Sum: 0, Workers: 4
[1654.605s][debug][gc,phases      ] GC(35)   StringDedup Requests1 Weak     Min:  0.0, Avg:  0.0, Max:  0.0, Diff:  0.0, Sum:  0.0, Workers: 4
[1654.605s][debug][gc,phases      ] GC(35)     Dead                           Min: 0, Avg:  0.0, Max: 0, Diff: 0, Sum: 0, Workers: 4
[1654.605s][debug][gc,phases      ] GC(35)     Total                          Min: 0, Avg:  0.0, Max: 0, Diff: 0, Sum: 0, Workers: 4
[1654.605s][debug][gc,phases      ] GC(35)   Weak JFR Old Object Samples    Min:  0.0, Avg:  0.0, Max:  0.0, Diff:  0.0, Sum:  0.0, Workers: 4
[1654.605s][debug][gc,phases      ] GC(35)     Dead                           Min: 0, Avg:  0.0, Max: 0, Diff: 0, Sum: 0, Workers: 4
[1654.605s][debug][gc,phases      ] GC(35)     Total                          Min: 0, Avg:  0.0, Max: 0, Diff: 0, Sum: 0, Workers: 4
[1654.605s][debug][gc,phases      ] GC(35) Weak Processing 0.426ms
[1654.605s][debug][gc,age         ] GC(35) Desired survivor size 95420416 bytes, new threshold 1 (max threshold 15)
[1654.605s][info ][gc,heap        ] GC(35) PSYoungGen: 1893744K(1996800K)->6080K(1989120K) Eden: 1888768K(1888768K)->0K(1888768K) From: 4976K(108032K)->6080K(100352K)
[1654.605s][info ][gc,heap        ] GC(35) ParOldGen: 224316K(236544K)->226845K(236544K)
[1654.605s][info ][gc,metaspace   ] GC(35) Metaspace: 102069K(103360K)->102069K(103360K) NonClass: 86758K(87488K)->86758K(87488K) Class: 15310K(15872K)->15310K(15872K)
[1654.605s][info ][gc             ] GC(35) Pause Young (Allocation Failure) 2068M->227M(2173M) 7.369ms
[1654.605s][info ][gc,cpu         ] GC(35) User=0.02s Sys=0.00s Real=0.01s
[1654.605s][info ][safepoint      ] Safepoint "ParallelGCFailedAllocation", Time since last: 57876549 ns, Reaching safepoint: 9001 ns, Cleanup: 3700 ns, At safepoint: 7454870 ns, Total: 7467571 ns
[1655.605s][info ][safepoint      ] Safepoint "Cleanup", Time since last: 1000094768 ns, Reaching safepoint: 6101 ns, Cleanup: 11600 ns, At safepoint: 2801 ns, Total: 20502 ns
[1658.606s][info ][safepoint      ] Safepoint "Cleanup", Time since last: 3000267902 ns, Reaching safepoint: 6001 ns, Cleanup: 10500 ns, At safepoint: 2201 ns, Total: 18702 ns
[1664.606s][info ][safepoint      ] Safepoint "Cleanup", Time since last: 6000474160 ns, Reaching safepoint: 5701 ns, Cleanup: 11600 ns, At safepoint: 2100 ns, Total: 19401 ns
[1667.607s][info ][safepoint      ] Safepoint "Cleanup", Time since last: 3000261960 ns, Reaching safepoint: 6300 ns, Cleanup: 9201 ns, At safepoint: 2500 ns, Total: 18001 ns
[1674.607s][info ][safepoint      ] Safepoint "Cleanup", Time since last: 7000573279 ns, Reaching safepoint: 7801 ns, Cleanup: 15301 ns, At safepoint: 3100 ns, Total: 26202 ns
[1680.556s][info ][safepoint      ] Safepoint "Cleanup", Time since last: 5948364290 ns, Reaching safepoint: 3000 ns, Cleanup: 8301 ns, At safepoint: 2000 ns, Total: 13301 ns
[1682.556s][info ][safepoint      ] Safepoint "Cleanup", Time since last: 2000251666 ns, Reaching safepoint: 6900 ns, Cleanup: 10901 ns, At safepoint: 2500 ns, Total: 20301 ns
[1684.556s][info ][safepoint      ] Safepoint "Cleanup", Time since last: 2000194947 ns, Reaching safepoint: 6300 ns, Cleanup: 13501 ns, At safepoint: 2200 ns, Total: 22001 ns
[1685.556s][info ][safepoint      ] Safepoint "Cleanup", Time since last: 1000116255 ns, Reaching safepoint: 6600 ns, Cleanup: 11901 ns, At safepoint: 2300 ns, Total: 20801 ns
[1687.556s][info ][safepoint      ] Safepoint "Cleanup", Time since last: 2000183406 ns, Reaching safepoint: 5700 ns, Cleanup: 15001 ns, At safepoint: 2400 ns, Total: 23101 ns
[1698.557s][info ][safepoint      ] Safepoint "Cleanup", Time since last: 11000818925 ns, Reaching safepoint: 6500 ns, Cleanup: 10601 ns, At safepoint: 2300 ns, Total: 19401 ns
[1702.558s][info ][safepoint      ] Safepoint "Cleanup", Time since last: 4000338972 ns, Reaching safepoint: 9601 ns, Cleanup: 12201 ns, At safepoint: 3200 ns, Total: 25002 ns
[1706.558s][info ][safepoint      ] Safepoint "Cleanup", Time since last: 4000327831 ns, Reaching safepoint: 6101 ns, Cleanup: 9600 ns, At safepoint: 2100 ns, Total: 17801 ns
[1710.558s][info ][safepoint      ] Safepoint "Cleanup", Time since last: 4000373335 ns, Reaching safepoint: 6101 ns, Cleanup: 9800 ns, At safepoint: 1900 ns, Total: 17801 ns
[1714.559s][info ][safepoint      ] Safepoint "Cleanup", Time since last: 4000358432 ns, Reaching safepoint: 8001 ns, Cleanup: 12000 ns, At safepoint: 2701 ns, Total: 22702 ns
[1719.559s][info ][safepoint      ] Safepoint "Cleanup", Time since last: 5000396657 ns, Reaching safepoint: 6501 ns, Cleanup: 15401 ns, At safepoint: 2300 ns, Total: 24202 ns
[1723.559s][info ][safepoint      ] Safepoint "Cleanup", Time since last: 4000317234 ns, Reaching safepoint: 6100 ns, Cleanup: 10101 ns, At safepoint: 2300 ns, Total: 18501 ns
[1736.795s][info ][gc,start       ] GC(36) Pause Young (Allocation Failure)
[1736.801s][debug][gc,phases      ] GC(36) Scavenge 5.332ms
[1736.801s][debug][gc,ref         ] GC(36) ReferenceProcessor::execute queues: 1, RefProcThreadModel::Single, marks_oops_alive: false
[1736.801s][debug][gc,ref         ] GC(36) Skipped KeepAliveFinalRefsPhase of Reference Processing: no references
[1736.801s][debug][gc,ref         ] GC(36) ReferenceProcessor::execute queues: 1, RefProcThreadModel::Single, marks_oops_alive: false
[1736.801s][debug][gc,phases      ] GC(36) Reference Processing 0.167ms
[1736.801s][debug][gc,phases      ] GC(36)   VM Weak                        Min:  0.0, Avg:  0.0, Max:  0.0, Diff:  0.0, Sum:  0.0, Workers: 4
[1736.801s][debug][gc,phases      ] GC(36)     Dead                           Min: 0, Avg:  0.0, Max: 0, Diff: 0, Sum: 0, Workers: 4
[1736.801s][debug][gc,phases      ] GC(36)     Total                          Min: 0, Avg: 236.5, Max: 626, Diff: 626, Sum: 946, Workers: 4
[1736.801s][debug][gc,phases      ] GC(36)   ObjectSynchronizer Weak        Min:  0.0, Avg:  0.0, Max:  0.0, Diff:  0.0, Sum:  0.0, Workers: 4
[1736.801s][debug][gc,phases      ] GC(36)     Dead                           Min: 0, Avg:  0.0, Max: 0, Diff: 0, Sum: 0, Workers: 4
[1736.801s][debug][gc,phases      ] GC(36)     Total                          Min: 0, Avg:  1.0, Max: 4, Diff: 4, Sum: 4, Workers: 4
[1736.801s][debug][gc,phases      ] GC(36)   JVMTI Tag Weak OopStorage      Min:  0.0, Avg:  0.0, Max:  0.0, Diff:  0.0, Sum:  0.0, Workers: 4
[1736.801s][debug][gc,phases      ] GC(36)     Dead                           Min: 0, Avg:  0.0, Max: 0, Diff: 0, Sum: 0, Workers: 4
[1736.801s][debug][gc,phases      ] GC(36)     Total                          Min: 0, Avg:  0.0, Max: 0, Diff: 0, Sum: 0, Workers: 4
[1736.801s][debug][gc,phases      ] GC(36)   StringTable Weak               Min:  0.0, Avg:  0.1, Max:  0.2, Diff:  0.2, Sum:  0.5, Workers: 4
[1736.801s][debug][gc,phases      ] GC(36)     Dead                           Min: 0, Avg:  0.0, Max: 0, Diff: 0, Sum: 0, Workers: 4
[1736.801s][debug][gc,phases      ] GC(36)     Total                          Min: 0, Avg: 11160.5, Max: 15074, Diff: 15074, Sum: 44642, Workers: 4
[1736.801s][debug][gc,phases      ] GC(36)   ResolvedMethodTable Weak       Min:  0.0, Avg:  0.0, Max:  0.1, Diff:  0.1, Sum:  0.2, Workers: 4
[1736.801s][debug][gc,phases      ] GC(36)     Dead                           Min: 0, Avg:  4.0, Max: 9, Diff: 9, Sum: 16, Workers: 4
[1736.801s][debug][gc,phases      ] GC(36)     Total                          Min: 0, Avg: 3529.0, Max: 4810, Diff: 4810, Sum: 14116, Workers: 4
[1736.801s][debug][gc,phases      ] GC(36)   JNI Weak                       Min:  0.0, Avg:  0.0, Max:  0.0, Diff:  0.0, Sum:  0.0, Workers: 4
[1736.801s][debug][gc,phases      ] GC(36)     Dead                           Min: 0, Avg:  0.0, Max: 0, Diff: 0, Sum: 0, Workers: 4
[1736.801s][debug][gc,phases      ] GC(36)     Total                          Min: 0, Avg: 13.0, Max: 52, Diff: 52, Sum: 52, Workers: 4
[1736.801s][debug][gc,phases      ] GC(36)   StringDedup Table Weak         Min:  0.0, Avg:  0.0, Max:  0.0, Diff:  0.0, Sum:  0.0, Workers: 4
[1736.801s][debug][gc,phases      ] GC(36)     Dead                           Min: 0, Avg:  0.0, Max: 0, Diff: 0, Sum: 0, Workers: 4
[1736.801s][debug][gc,phases      ] GC(36)     Total                          Min: 0, Avg:  0.0, Max: 0, Diff: 0, Sum: 0, Workers: 4
[1736.801s][debug][gc,phases      ] GC(36)   StringDedup Requests0 Weak     Min:  0.0, Avg:  0.0, Max:  0.0, Diff:  0.0, Sum:  0.0, Workers: 4
[1736.801s][debug][gc,phases      ] GC(36)     Dead                           Min: 0, Avg:  0.0, Max: 0, Diff: 0, Sum: 0, Workers: 4
[1736.801s][debug][gc,phases      ] GC(36)     Total                          Min: 0, Avg:  0.0, Max: 0, Diff: 0, Sum: 0, Workers: 4
[1736.801s][debug][gc,phases      ] GC(36)   StringDedup Requests1 Weak     Min:  0.0, Avg:  0.0, Max:  0.0, Diff:  0.0, Sum:  0.0, Workers: 4
[1736.801s][debug][gc,phases      ] GC(36)     Dead                           Min: 0, Avg:  0.0, Max: 0, Diff: 0, Sum: 0, Workers: 4
[1736.801s][debug][gc,phases      ] GC(36)     Total                          Min: 0, Avg:  0.0, Max: 0, Diff: 0, Sum: 0, Workers: 4
[1736.801s][debug][gc,phases      ] GC(36)   Weak JFR Old Object Samples    Min:  0.0, Avg:  0.0, Max:  0.0, Diff:  0.0, Sum:  0.0, Workers: 4
[1736.801s][debug][gc,phases      ] GC(36)     Dead                           Min: 0, Avg:  0.0, Max: 0, Diff: 0, Sum: 0, Workers: 4
[1736.801s][debug][gc,phases      ] GC(36)     Total                          Min: 0, Avg:  0.0, Max: 0, Diff: 0, Sum: 0, Workers: 4
[1736.801s][debug][gc,phases      ] GC(36) Weak Processing 0.542ms
[1736.801s][debug][gc,age         ] GC(36) Desired survivor size 89128960 bytes, new threshold 1 (max threshold 15)
[1736.801s][info ][gc,heap        ] GC(36) PSYoungGen: 1894848K(1989120K)->3408K(2010112K) Eden: 1888768K(1888768K)->0K(1916928K) From: 6080K(100352K)->3408K(93184K)
[1736.801s][info ][gc,heap        ] GC(36) ParOldGen: 226845K(236544K)->230021K(236544K)
[1736.801s][info ][gc,metaspace   ] GC(36) Metaspace: 102087K(103424K)->102087K(103424K) NonClass: 86776K(87552K)->86776K(87552K) Class: 15310K(15872K)->15310K(15872K)
[1736.801s][info ][gc             ] GC(36) Pause Young (Allocation Failure) 2071M->227M(2194M) 6.226ms
[1736.801s][info ][gc,cpu         ] GC(36) User=0.01s Sys=0.01s Real=0.01s
[1736.801s][info ][safepoint      ] Safepoint "ParallelGCFailedAllocation", Time since last: 13235728426 ns, Reaching safepoint: 7400 ns, Cleanup: 11201 ns, At safepoint: 6306390 ns, Total: 6324991 ns
[1738.802s][info ][safepoint      ] Safepoint "Cleanup", Time since last: 2000165345 ns, Reaching safepoint: 6000 ns, Cleanup: 15601 ns, At safepoint: 2100 ns, Total: 23701 ns
[1739.802s][info ][safepoint      ] Safepoint "Cleanup", Time since last: 1000122575 ns, Reaching safepoint: 5500 ns, Cleanup: 10501 ns, At safepoint: 2500 ns, Total: 18501 ns
[1743.573s][info ][safepoint      ] Safepoint "Cleanup", Time since last: 3771624809 ns, Reaching safepoint: 5800 ns, Cleanup: 10901 ns, At safepoint: 2500 ns, Total: 19201 ns
[1778.576s][info ][safepoint      ] Safepoint "Cleanup", Time since last: 35002515988 ns, Reaching safepoint: 7401 ns, Cleanup: 9800 ns, At safepoint: 2400 ns, Total: 19601 ns
[1779.576s][info ][safepoint      ] Safepoint "Cleanup", Time since last: 1000112994 ns, Reaching safepoint: 8600 ns, Cleanup: 14301 ns, At safepoint: 2500 ns, Total: 25401 ns
[1782.576s][info ][safepoint      ] Safepoint "Cleanup", Time since last: 3000248958 ns, Reaching safepoint: 6100 ns, Cleanup: 8701 ns, At safepoint: 2300 ns, Total: 17101 ns
[1785.577s][info ][safepoint      ] Safepoint "Cleanup", Time since last: 3000241767 ns, Reaching safepoint: 8000 ns, Cleanup: 11701 ns, At safepoint: 2500 ns, Total: 22201 ns
[1788.577s][info ][safepoint      ] Safepoint "Cleanup", Time since last: 3000258707 ns, Reaching safepoint: 7600 ns, Cleanup: 12201 ns, At safepoint: 29702 ns, Total: 49503 ns
[1796.578s][info ][safepoint      ] Safepoint "Cleanup", Time since last: 8000835115 ns, Reaching safepoint: 8100 ns, Cleanup: 11201 ns, At safepoint: 2600 ns, Total: 21901 ns
[1800.399s][info ][safepoint      ] Safepoint "Cleanup", Time since last: 3820724762 ns, Reaching safepoint: 4500 ns, Cleanup: 22302 ns, At safepoint: 8200 ns, Total: 35002 ns
[1801.609s][info ][safepoint      ] Safepoint "Cleanup", Time since last: 1210717378 ns, Reaching safepoint: 8001 ns, Cleanup: 23001 ns, At safepoint: 2401 ns, Total: 33403 ns
[1803.610s][info ][safepoint      ] Safepoint "Cleanup", Time since last: 2000184812 ns, Reaching safepoint: 8800 ns, Cleanup: 13701 ns, At safepoint: 2800 ns, Total: 25301 ns
[1806.610s][info ][safepoint      ] Safepoint "Cleanup", Time since last: 3000242831 ns, Reaching safepoint: 9101 ns, Cleanup: 15101 ns, At safepoint: 2600 ns, Total: 26802 ns
[1818.643s][info ][gc,start       ] GC(37) Pause Young (Allocation Failure)
[1818.646s][debug][gc,phases      ] GC(37) Scavenge 2.310ms
[1818.646s][debug][gc,ref         ] GC(37) ReferenceProcessor::execute queues: 1, RefProcThreadModel::Single, marks_oops_alive: false
[1818.646s][debug][gc,ref         ] GC(37) Skipped KeepAliveFinalRefsPhase of Reference Processing: no references
[1818.646s][debug][gc,ref         ] GC(37) ReferenceProcessor::execute queues: 1, RefProcThreadModel::Single, marks_oops_alive: false
[1818.646s][debug][gc,phases      ] GC(37) Reference Processing 0.118ms
[1818.646s][debug][gc,phases      ] GC(37)   VM Weak                        Min:  0.0, Avg:  0.0, Max:  0.0, Diff:  0.0, Sum:  0.0, Workers: 4
[1818.646s][debug][gc,phases      ] GC(37)     Dead                           Min: 0, Avg:  0.0, Max: 0, Diff: 0, Sum: 0, Workers: 4
[1818.646s][debug][gc,phases      ] GC(37)     Total                          Min: 0, Avg: 236.5, Max: 576, Diff: 576, Sum: 946, Workers: 4
[1818.646s][debug][gc,phases      ] GC(37)   ObjectSynchronizer Weak        Min:  0.0, Avg:  0.0, Max:  0.0, Diff:  0.0, Sum:  0.0, Workers: 4
[1818.646s][debug][gc,phases      ] GC(37)     Dead                           Min: 0, Avg:  0.0, Max: 0, Diff: 0, Sum: 0, Workers: 4
[1818.646s][debug][gc,phases      ] GC(37)     Total                          Min: 0, Avg:  0.8, Max: 3, Diff: 3, Sum: 3, Workers: 4
[1818.646s][debug][gc,phases      ] GC(37)   JVMTI Tag Weak OopStorage      Min:  0.0, Avg:  0.0, Max:  0.0, Diff:  0.0, Sum:  0.0, Workers: 4
[1818.646s][debug][gc,phases      ] GC(37)     Dead                           Min: 0, Avg:  0.0, Max: 0, Diff: 0, Sum: 0, Workers: 4
[1818.646s][debug][gc,phases      ] GC(37)     Total                          Min: 0, Avg:  0.0, Max: 0, Diff: 0, Sum: 0, Workers: 4
[1818.646s][debug][gc,phases      ] GC(37)   StringTable Weak               Min:  0.0, Avg:  0.1, Max:  0.1, Diff:  0.1, Sum:  0.4, Workers: 4
[1818.646s][debug][gc,phases      ] GC(37)     Dead                           Min: 0, Avg:  0.5, Max: 2, Diff: 2, Sum: 2, Workers: 4
[1818.646s][debug][gc,phases      ] GC(37)     Total                          Min: 0, Avg: 11169.8, Max: 15808, Diff: 15808, Sum: 44679, Workers: 4
[1818.646s][debug][gc,phases      ] GC(37)   ResolvedMethodTable Weak       Min:  0.0, Avg:  0.0, Max:  0.0, Diff:  0.0, Sum:  0.1, Workers: 4
[1818.646s][debug][gc,phases      ] GC(37)     Dead                           Min: 0, Avg:  9.0, Max: 22, Diff: 22, Sum: 36, Workers: 4
[1818.646s][debug][gc,phases      ] GC(37)     Total                          Min: 0, Avg: 3540.8, Max: 4946, Diff: 4946, Sum: 14163, Workers: 4
[1818.646s][debug][gc,phases      ] GC(37)   JNI Weak                       Min:  0.0, Avg:  0.0, Max:  0.0, Diff:  0.0, Sum:  0.0, Workers: 4
[1818.646s][debug][gc,phases      ] GC(37)     Dead                           Min: 0, Avg:  0.0, Max: 0, Diff: 0, Sum: 0, Workers: 4
[1818.646s][debug][gc,phases      ] GC(37)     Total                          Min: 0, Avg: 13.0, Max: 52, Diff: 52, Sum: 52, Workers: 4
[1818.646s][debug][gc,phases      ] GC(37)   StringDedup Table Weak         Min:  0.0, Avg:  0.0, Max:  0.0, Diff:  0.0, Sum:  0.0, Workers: 4
[1818.646s][debug][gc,phases      ] GC(37)     Dead                           Min: 0, Avg:  0.0, Max: 0, Diff: 0, Sum: 0, Workers: 4
[1818.646s][debug][gc,phases      ] GC(37)     Total                          Min: 0, Avg:  0.0, Max: 0, Diff: 0, Sum: 0, Workers: 4
[1818.646s][debug][gc,phases      ] GC(37)   StringDedup Requests0 Weak     Min:  0.0, Avg:  0.0, Max:  0.0, Diff:  0.0, Sum:  0.0, Workers: 4
[1818.646s][debug][gc,phases      ] GC(37)     Dead                           Min: 0, Avg:  0.0, Max: 0, Diff: 0, Sum: 0, Workers: 4
[1818.646s][debug][gc,phases      ] GC(37)     Total                          Min: 0, Avg:  0.0, Max: 0, Diff: 0, Sum: 0, Workers: 4
[1818.646s][debug][gc,phases      ] GC(37)   StringDedup Requests1 Weak     Min:  0.0, Avg:  0.0, Max:  0.0, Diff:  0.0, Sum:  0.0, Workers: 4
[1818.646s][debug][gc,phases      ] GC(37)     Dead                           Min: 0, Avg:  0.0, Max: 0, Diff: 0, Sum: 0, Workers: 4
[1818.646s][debug][gc,phases      ] GC(37)     Total                          Min: 0, Avg:  0.0, Max: 0, Diff: 0, Sum: 0, Workers: 4
[1818.646s][debug][gc,phases      ] GC(37)   Weak JFR Old Object Samples    Min:  0.0, Avg:  0.0, Max:  0.0, Diff:  0.0, Sum:  0.0, Workers: 4
[1818.646s][debug][gc,phases      ] GC(37)     Dead                           Min: 0, Avg:  0.0, Max: 0, Diff: 0, Sum: 0, Workers: 4
[1818.646s][debug][gc,phases      ] GC(37)     Total                          Min: 0, Avg:  0.0, Max: 0, Diff: 0, Sum: 0, Workers: 4
[1818.646s][debug][gc,phases      ] GC(37) Weak Processing 0.421ms
[1818.646s][debug][gc,age         ] GC(37) Desired survivor size 82837504 bytes, new threshold 1 (max threshold 15)
[1818.646s][info ][gc,heap        ] GC(37) PSYoungGen: 1920336K(2010112K)->2736K(2003968K) Eden: 1916928K(1916928K)->0K(1916928K) From: 3408K(93184K)->2736K(87040K)
[1818.646s][info ][gc,heap        ] GC(37) ParOldGen: 230021K(236544K)->231073K(236544K)
[1818.646s][info ][gc,metaspace   ] GC(37) Metaspace: 102220K(103488K)->102220K(103488K) NonClass: 86894K(87616K)->86894K(87616K) Class: 15326K(15872K)->15326K(15872K)
[1818.646s][info ][gc             ] GC(37) Pause Young (Allocation Failure) 2099M->228M(2188M) 2.987ms
[1818.646s][info ][gc,cpu         ] GC(37) User=0.01s Sys=0.00s Real=0.01s
[1818.647s][info ][safepoint      ] Safepoint "ParallelGCFailedAllocation", Time since last: 12033543728 ns, Reaching safepoint: 80305 ns, Cleanup: 3500 ns, At safepoint: 3066194 ns, Total: 3149999 ns
[1824.647s][info ][safepoint      ] Safepoint "Cleanup", Time since last: 6000508726 ns, Reaching safepoint: 86105 ns, Cleanup: 11201 ns, At safepoint: 7701 ns, Total: 105007 ns
[1831.648s][info ][safepoint      ] Safepoint "Cleanup", Time since last: 7000586264 ns, Reaching safepoint: 91306 ns, Cleanup: 12501 ns, At safepoint: 6900 ns, Total: 110707 ns
[1842.649s][info ][safepoint      ] Safepoint "Cleanup", Time since last: 11000866452 ns, Reaching safepoint: 18102 ns, Cleanup: 8000 ns, At safepoint: 3000 ns, Total: 29102 ns
[1853.650s][info ][safepoint      ] Safepoint "Cleanup", Time since last: 11000851608 ns, Reaching safepoint: 7500 ns, Cleanup: 10901 ns, At safepoint: 2400 ns, Total: 20801 ns
[1854.650s][info ][safepoint      ] Safepoint "Cleanup", Time since last: 1000132700 ns, Reaching safepoint: 7300 ns, Cleanup: 13801 ns, At safepoint: 2200 ns, Total: 23301 ns
[1865.654s][info ][safepoint      ] Safepoint "Cleanup", Time since last: 11004609068 ns, Reaching safepoint: 7100 ns, Cleanup: 18502 ns, At safepoint: 2100 ns, Total: 27702 ns
[1866.655s][info ][safepoint      ] Safepoint "Cleanup", Time since last: 1000123028 ns, Reaching safepoint: 7401 ns, Cleanup: 11000 ns, At safepoint: 2700 ns, Total: 21101 ns
[1872.655s][info ][safepoint      ] Safepoint "Cleanup", Time since last: 6000460459 ns, Reaching safepoint: 5901 ns, Cleanup: 7900 ns, At safepoint: 2000 ns, Total: 15801 ns
[1873.655s][info ][safepoint      ] Safepoint "Cleanup", Time since last: 1000121425 ns, Reaching safepoint: 7401 ns, Cleanup: 10800 ns, At safepoint: 2800 ns, Total: 21001 ns
[1874.655s][info ][safepoint      ] Safepoint "Cleanup", Time since last: 1000113825 ns, Reaching safepoint: 6400 ns, Cleanup: 13301 ns, At safepoint: 2200 ns, Total: 21901 ns
[1889.656s][info ][safepoint      ] Safepoint "Cleanup", Time since last: 15001101864 ns, Reaching safepoint: 6600 ns, Cleanup: 12201 ns, At safepoint: 2400 ns, Total: 21201 ns
[1898.553s][info ][gc,start       ] GC(38) Pause Young (Allocation Failure)
[1898.556s][debug][gc,phases      ] GC(38) Scavenge 1.986ms
[1898.556s][debug][gc,ref         ] GC(38) ReferenceProcessor::execute queues: 1, RefProcThreadModel::Single, marks_oops_alive: false
[1898.556s][debug][gc,ref         ] GC(38) Skipped KeepAliveFinalRefsPhase of Reference Processing: no references
[1898.556s][debug][gc,ref         ] GC(38) ReferenceProcessor::execute queues: 1, RefProcThreadModel::Single, marks_oops_alive: false
[1898.556s][debug][gc,phases      ] GC(38) Reference Processing 0.113ms
[1898.556s][debug][gc,phases      ] GC(38)   VM Weak                        Min:  0.0, Avg:  0.0, Max:  0.0, Diff:  0.0, Sum:  0.0, Workers: 4
[1898.556s][debug][gc,phases      ] GC(38)     Dead                           Min: 0, Avg:  0.0, Max: 0, Diff: 0, Sum: 0, Workers: 4
[1898.556s][debug][gc,phases      ] GC(38)     Total                          Min: 0, Avg: 236.5, Max: 576, Diff: 576, Sum: 946, Workers: 4
[1898.556s][debug][gc,phases      ] GC(38)   ObjectSynchronizer Weak        Min:  0.0, Avg:  0.0, Max:  0.0, Diff:  0.0, Sum:  0.0, Workers: 4
[1898.556s][debug][gc,phases      ] GC(38)     Dead                           Min: 0, Avg:  0.0, Max: 0, Diff: 0, Sum: 0, Workers: 4
[1898.556s][debug][gc,phases      ] GC(38)     Total                          Min: 0, Avg:  1.0, Max: 4, Diff: 4, Sum: 4, Workers: 4
[1898.556s][debug][gc,phases      ] GC(38)   JVMTI Tag Weak OopStorage      Min:  0.0, Avg:  0.0, Max:  0.0, Diff:  0.0, Sum:  0.0, Workers: 4
[1898.556s][debug][gc,phases      ] GC(38)     Dead                           Min: 0, Avg:  0.0, Max: 0, Diff: 0, Sum: 0, Workers: 4
[1898.556s][debug][gc,phases      ] GC(38)     Total                          Min: 0, Avg:  0.0, Max: 0, Diff: 0, Sum: 0, Workers: 4
[1898.556s][debug][gc,phases      ] GC(38)   StringTable Weak               Min:  0.0, Avg:  0.1, Max:  0.1, Diff:  0.1, Sum:  0.4, Workers: 4
[1898.556s][debug][gc,phases      ] GC(38)     Dead                           Min: 0, Avg:  0.0, Max: 0, Diff: 0, Sum: 0, Workers: 4
[1898.556s][debug][gc,phases      ] GC(38)     Total                          Min: 0, Avg: 11171.2, Max: 15501, Diff: 15501, Sum: 44685, Workers: 4
[1898.556s][debug][gc,phases      ] GC(38)   ResolvedMethodTable Weak       Min:  0.0, Avg:  0.0, Max:  0.1, Diff:  0.1, Sum:  0.2, Workers: 4
[1898.556s][debug][gc,phases      ] GC(38)     Dead                           Min: 0, Avg:  4.0, Max: 16, Diff: 16, Sum: 16, Workers: 4
[1898.556s][debug][gc,phases      ] GC(38)     Total                          Min: 0, Avg: 3540.8, Max: 4950, Diff: 4950, Sum: 14163, Workers: 4
[1898.556s][debug][gc,phases      ] GC(38)   JNI Weak                       Min:  0.0, Avg:  0.0, Max:  0.0, Diff:  0.0, Sum:  0.0, Workers: 4
[1898.556s][debug][gc,phases      ] GC(38)     Dead                           Min: 0, Avg:  0.0, Max: 0, Diff: 0, Sum: 0, Workers: 4
[1898.556s][debug][gc,phases      ] GC(38)     Total                          Min: 0, Avg: 13.0, Max: 52, Diff: 52, Sum: 52, Workers: 4
[1898.556s][debug][gc,phases      ] GC(38)   StringDedup Table Weak         Min:  0.0, Avg:  0.0, Max:  0.0, Diff:  0.0, Sum:  0.0, Workers: 4
[1898.556s][debug][gc,phases      ] GC(38)     Dead                           Min: 0, Avg:  0.0, Max: 0, Diff: 0, Sum: 0, Workers: 4
[1898.556s][debug][gc,phases      ] GC(38)     Total                          Min: 0, Avg:  0.0, Max: 0, Diff: 0, Sum: 0, Workers: 4
[1898.556s][debug][gc,phases      ] GC(38)   StringDedup Requests0 Weak     Min:  0.0, Avg:  0.0, Max:  0.0, Diff:  0.0, Sum:  0.0, Workers: 4
[1898.556s][debug][gc,phases      ] GC(38)     Dead                           Min: 0, Avg:  0.0, Max: 0, Diff: 0, Sum: 0, Workers: 4
[1898.556s][debug][gc,phases      ] GC(38)     Total                          Min: 0, Avg:  0.0, Max: 0, Diff: 0, Sum: 0, Workers: 4
[1898.556s][debug][gc,phases      ] GC(38)   StringDedup Requests1 Weak     Min:  0.0, Avg:  0.0, Max:  0.0, Diff:  0.0, Sum:  0.0, Workers: 4
[1898.556s][debug][gc,phases      ] GC(38)     Dead                           Min: 0, Avg:  0.0, Max: 0, Diff: 0, Sum: 0, Workers: 4
[1898.556s][debug][gc,phases      ] GC(38)     Total                          Min: 0, Avg:  0.0, Max: 0, Diff: 0, Sum: 0, Workers: 4
[1898.556s][debug][gc,phases      ] GC(38)   Weak JFR Old Object Samples    Min:  0.0, Avg:  0.0, Max:  0.0, Diff:  0.0, Sum:  0.0, Workers: 4
[1898.556s][debug][gc,phases      ] GC(38)     Dead                           Min: 0, Avg:  0.0, Max: 0, Diff: 0, Sum: 0, Workers: 4
[1898.556s][debug][gc,phases      ] GC(38)     Total                          Min: 0, Avg:  0.0, Max: 0, Diff: 0, Sum: 0, Workers: 4
[1898.556s][debug][gc,phases      ] GC(38) Weak Processing 0.442ms
[1898.556s][debug][gc,age         ] GC(38) Desired survivor size 77070336 bytes, new threshold 1 (max threshold 15)
[1898.556s][info ][gc,heap        ] GC(38) PSYoungGen: 1919664K(2003968K)->2512K(2021888K) Eden: 1916928K(1916928K)->0K(1940992K) From: 2736K(87040K)->2512K(80896K)
[1898.556s][info ][gc,heap        ] GC(38) ParOldGen: 231073K(236544K)->231441K(236544K)
[1898.556s][info ][gc,metaspace   ] GC(38) Metaspace: 102228K(103488K)->102228K(103488K) NonClass: 86901K(87616K)->86901K(87616K) Class: 15326K(15872K)->15326K(15872K)
[1898.556s][info ][gc             ] GC(38) Pause Young (Allocation Failure) 2100M->228M(2205M) 2.655ms
[1898.556s][info ][gc,cpu         ] GC(38) User=0.01s Sys=0.00s Real=0.00s
[1898.556s][info ][safepoint      ] Safepoint "ParallelGCFailedAllocation", Time since last: 8897053245 ns, Reaching safepoint: 5600 ns, Cleanup: 4300 ns, At safepoint: 2725669 ns, Total: 2735569 ns
[1901.556s][info ][safepoint      ] Safepoint "Cleanup", Time since last: 3000234021 ns, Reaching safepoint: 5101 ns, Cleanup: 13201 ns, At safepoint: 2100 ns, Total: 20402 ns
[1902.557s][info ][safepoint      ] Safepoint "Cleanup", Time since last: 1000117199 ns, Reaching safepoint: 6300 ns, Cleanup: 8501 ns, At safepoint: 2300 ns, Total: 17101 ns
[1910.557s][info ][safepoint      ] Safepoint "Cleanup", Time since last: 8000606087 ns, Reaching safepoint: 5500 ns, Cleanup: 11601 ns, At safepoint: 2300 ns, Total: 19401 ns
[1911.557s][info ][safepoint      ] Safepoint "Cleanup", Time since last: 1000098850 ns, Reaching safepoint: 5800 ns, Cleanup: 8601 ns, At safepoint: 2300 ns, Total: 16701 ns
[1918.558s][info ][safepoint      ] Safepoint "Cleanup", Time since last: 7000509763 ns, Reaching safepoint: 75705 ns, Cleanup: 8901 ns, At safepoint: 5400 ns, Total: 90006 ns
[1926.672s][info ][safepoint      ] Safepoint "Cleanup", Time since last: 8114049660 ns, Reaching safepoint: 6001 ns, Cleanup: 10900 ns, At safepoint: 2001 ns, Total: 18902 ns
[1942.673s][info ][safepoint      ] Safepoint "Cleanup", Time since last: 16001203697 ns, Reaching safepoint: 5701 ns, Cleanup: 10300 ns, At safepoint: 2100 ns, Total: 18101 ns
[1964.675s][info ][safepoint      ] Safepoint "Cleanup", Time since last: 22001599350 ns, Reaching safepoint: 6200 ns, Cleanup: 15201 ns, At safepoint: 2600 ns, Total: 24001 ns
[1971.676s][info ][safepoint      ] Safepoint "Cleanup", Time since last: 7000976382 ns, Reaching safepoint: 5301 ns, Cleanup: 7300 ns, At safepoint: 24102 ns, Total: 36703 ns
[1981.689s][info ][safepoint      ] Safepoint "Cleanup", Time since last: 10013128921 ns, Reaching safepoint: 6001 ns, Cleanup: 10200 ns, At safepoint: 2300 ns, Total: 18501 ns
[1985.404s][info ][gc,start       ] GC(39) Pause Young (Allocation Failure)
[1985.407s][debug][gc,phases      ] GC(39) Scavenge 2.399ms
[1985.407s][debug][gc,ref         ] GC(39) ReferenceProcessor::execute queues: 1, RefProcThreadModel::Single, marks_oops_alive: false
[1985.407s][debug][gc,ref         ] GC(39) Skipped KeepAliveFinalRefsPhase of Reference Processing: no references
[1985.407s][debug][gc,ref         ] GC(39) Skipped PhantomRefsPhase of Reference Processing: no references
[1985.407s][debug][gc,phases      ] GC(39) Reference Processing 0.122ms
[1985.407s][debug][gc,phases      ] GC(39)   VM Weak                        Min:  0.0, Avg:  0.0, Max:  0.0, Diff:  0.0, Sum:  0.0, Workers: 4
[1985.407s][debug][gc,phases      ] GC(39)     Dead                           Min: 0, Avg:  0.0, Max: 0, Diff: 0, Sum: 0, Workers: 4
[1985.407s][debug][gc,phases      ] GC(39)     Total                          Min: 0, Avg: 236.5, Max: 562, Diff: 562, Sum: 946, Workers: 4
[1985.407s][debug][gc,phases      ] GC(39)   ObjectSynchronizer Weak        Min:  0.0, Avg:  0.0, Max:  0.0, Diff:  0.0, Sum:  0.0, Workers: 4
[1985.407s][debug][gc,phases      ] GC(39)     Dead                           Min: 0, Avg:  0.0, Max: 0, Diff: 0, Sum: 0, Workers: 4
[1985.407s][debug][gc,phases      ] GC(39)     Total                          Min: 0, Avg:  1.0, Max: 4, Diff: 4, Sum: 4, Workers: 4
[1985.407s][debug][gc,phases      ] GC(39)   JVMTI Tag Weak OopStorage      Min:  0.0, Avg:  0.0, Max:  0.0, Diff:  0.0, Sum:  0.0, Workers: 4
[1985.407s][debug][gc,phases      ] GC(39)     Dead                           Min: 0, Avg:  0.0, Max: 0, Diff: 0, Sum: 0, Workers: 4
[1985.407s][debug][gc,phases      ] GC(39)     Total                          Min: 0, Avg:  0.0, Max: 0, Diff: 0, Sum: 0, Workers: 4
[1985.407s][debug][gc,phases      ] GC(39)   StringTable Weak               Min:  0.0, Avg:  0.1, Max:  0.1, Diff:  0.1, Sum:  0.4, Workers: 4
[1985.407s][debug][gc,phases      ] GC(39)     Dead                           Min: 0, Avg:  0.0, Max: 0, Diff: 0, Sum: 0, Workers: 4
[1985.407s][debug][gc,phases      ] GC(39)     Total                          Min: 0, Avg: 11171.5, Max: 16512, Diff: 16512, Sum: 44686, Workers: 4
[1985.407s][debug][gc,phases      ] GC(39)   ResolvedMethodTable Weak       Min:  0.0, Avg:  0.0, Max:  0.0, Diff:  0.0, Sum:  0.1, Workers: 4
[1985.407s][debug][gc,phases      ] GC(39)     Dead                           Min: 0, Avg:  4.0, Max: 16, Diff: 16, Sum: 16, Workers: 4
[1985.407s][debug][gc,phases      ] GC(39)     Total                          Min: 0, Avg: 3540.8, Max: 5118, Diff: 5118, Sum: 14163, Workers: 4
[1985.407s][debug][gc,phases      ] GC(39)   JNI Weak                       Min:  0.0, Avg:  0.0, Max:  0.0, Diff:  0.0, Sum:  0.0, Workers: 4
[1985.407s][debug][gc,phases      ] GC(39)     Dead                           Min: 0, Avg:  0.0, Max: 0, Diff: 0, Sum: 0, Workers: 4
[1985.407s][debug][gc,phases      ] GC(39)     Total                          Min: 0, Avg: 13.0, Max: 52, Diff: 52, Sum: 52, Workers: 4
[1985.407s][debug][gc,phases      ] GC(39)   StringDedup Table Weak         Min:  0.0, Avg:  0.0, Max:  0.0, Diff:  0.0, Sum:  0.0, Workers: 4
[1985.407s][debug][gc,phases      ] GC(39)     Dead                           Min: 0, Avg:  0.0, Max: 0, Diff: 0, Sum: 0, Workers: 4
[1985.407s][debug][gc,phases      ] GC(39)     Total                          Min: 0, Avg:  0.0, Max: 0, Diff: 0, Sum: 0, Workers: 4
[1985.407s][debug][gc,phases      ] GC(39)   StringDedup Requests0 Weak     Min:  0.0, Avg:  0.0, Max:  0.0, Diff:  0.0, Sum:  0.0, Workers: 4
[1985.407s][debug][gc,phases      ] GC(39)     Dead                           Min: 0, Avg:  0.0, Max: 0, Diff: 0, Sum: 0, Workers: 4
[1985.407s][debug][gc,phases      ] GC(39)     Total                          Min: 0, Avg:  0.0, Max: 0, Diff: 0, Sum: 0, Workers: 4
[1985.407s][debug][gc,phases      ] GC(39)   StringDedup Requests1 Weak     Min:  0.0, Avg:  0.0, Max:  0.0, Diff:  0.0, Sum:  0.0, Workers: 4
[1985.407s][debug][gc,phases      ] GC(39)     Dead                           Min: 0, Avg:  0.0, Max: 0, Diff: 0, Sum: 0, Workers: 4
[1985.407s][debug][gc,phases      ] GC(39)     Total                          Min: 0, Avg:  0.0, Max: 0, Diff: 0, Sum: 0, Workers: 4
[1985.407s][debug][gc,phases      ] GC(39)   Weak JFR Old Object Samples    Min:  0.0, Avg:  0.0, Max:  0.0, Diff:  0.0, Sum:  0.0, Workers: 4
[1985.407s][debug][gc,phases      ] GC(39)     Dead                           Min: 0, Avg:  0.0, Max: 0, Diff: 0, Sum: 0, Workers: 4
[1985.407s][debug][gc,phases      ] GC(39)     Total                          Min: 0, Avg:  0.0, Max: 0, Diff: 0, Sum: 0, Workers: 4
[1985.407s][debug][gc,phases      ] GC(39) Weak Processing 0.479ms
[1985.407s][debug][gc,age         ] GC(39) Desired survivor size 71827456 bytes, new threshold 1 (max threshold 15)
[1985.407s][info ][gc,heap        ] GC(39) PSYoungGen: 1943504K(2021888K)->3200K(2016256K) Eden: 1940992K(1940992K)->0K(1940992K) From: 2512K(80896K)->3200K(75264K)
[1985.407s][info ][gc,heap        ] GC(39) ParOldGen: 231441K(236544K)->231693K(236544K)
[1985.407s][info ][gc,metaspace   ] GC(39) Metaspace: 102248K(103488K)->102248K(103488K) NonClass: 86922K(87616K)->86922K(87616K) Class: 15326K(15872K)->15326K(15872K)
[1985.407s][info ][gc             ] GC(39) Pause Young (Allocation Failure) 2123M->229M(2200M) 3.127ms
[1985.407s][info ][gc,cpu         ] GC(39) User=0.01s Sys=0.00s Real=0.01s
[1985.407s][info ][safepoint      ] Safepoint "ParallelGCFailedAllocation", Time since last: 3715123395 ns, Reaching safepoint: 81205 ns, Cleanup: 3501 ns, At safepoint: 3208602 ns, Total: 3293308 ns
[1986.408s][info ][safepoint      ] Safepoint "Cleanup", Time since last: 1000094506 ns, Reaching safepoint: 6400 ns, Cleanup: 10701 ns, At safepoint: 2300 ns, Total: 19401 ns
[1988.408s][info ][safepoint      ] Safepoint "Cleanup", Time since last: 2000200995 ns, Reaching safepoint: 7200 ns, Cleanup: 8401 ns, At safepoint: 2300 ns, Total: 17901 ns
[1998.409s][info ][safepoint      ] Safepoint "Cleanup", Time since last: 10000753391 ns, Reaching safepoint: 8701 ns, Cleanup: 12701 ns, At safepoint: 3500 ns, Total: 24902 ns
[2003.409s][info ][safepoint      ] Safepoint "Cleanup", Time since last: 5000408522 ns, Reaching safepoint: 6400 ns, Cleanup: 9901 ns, At safepoint: 2400 ns, Total: 18701 ns
[2008.409s][info ][safepoint      ] Safepoint "Cleanup", Time since last: 5000405002 ns, Reaching safepoint: 5800 ns, Cleanup: 10301 ns, At safepoint: 2100 ns, Total: 18201 ns
[2015.410s][info ][safepoint      ] Safepoint "Cleanup", Time since last: 7000560058 ns, Reaching safepoint: 5901 ns, Cleanup: 12001 ns, At safepoint: 2200 ns, Total: 20102 ns
[2022.411s][info ][safepoint      ] Safepoint "Cleanup", Time since last: 7000606595 ns, Reaching safepoint: 5900 ns, Cleanup: 12401 ns, At safepoint: 2300 ns, Total: 20601 ns
[2024.411s][info ][safepoint      ] Safepoint "Cleanup", Time since last: 2000201308 ns, Reaching safepoint: 5901 ns, Cleanup: 11501 ns, At safepoint: 2400 ns, Total: 19802 ns
[2025.411s][info ][safepoint      ] Safepoint "Cleanup", Time since last: 1000119605 ns, Reaching safepoint: 5501 ns, Cleanup: 21802 ns, At safepoint: 2300 ns, Total: 29603 ns
[2026.411s][info ][safepoint      ] Safepoint "Cleanup", Time since last: 1000126406 ns, Reaching safepoint: 5900 ns, Cleanup: 17202 ns, At safepoint: 2200 ns, Total: 25302 ns
[2032.412s][info ][safepoint      ] Safepoint "Cleanup", Time since last: 6000456498 ns, Reaching safepoint: 27703 ns, Cleanup: 15201 ns, At safepoint: 4700 ns, Total: 47604 ns
[2034.412s][info ][safepoint      ] Safepoint "Cleanup", Time since last: 2000176149 ns, Reaching safepoint: 5801 ns, Cleanup: 11401 ns, At safepoint: 2100 ns, Total: 19302 ns
[2042.707s][info ][safepoint      ] Safepoint "Cleanup", Time since last: 8295233643 ns, Reaching safepoint: 6701 ns, Cleanup: 15701 ns, At safepoint: 2600 ns, Total: 25002 ns
[2043.707s][info ][safepoint      ] Safepoint "Cleanup", Time since last: 1000114328 ns, Reaching safepoint: 6400 ns, Cleanup: 10701 ns, At safepoint: 2200 ns, Total: 19301 ns
[2044.707s][info ][safepoint      ] Safepoint "Cleanup", Time since last: 1000102620 ns, Reaching safepoint: 5901 ns, Cleanup: 15501 ns, At safepoint: 2500 ns, Total: 23902 ns
[2050.708s][info ][safepoint      ] Safepoint "Cleanup", Time since last: 6000451961 ns, Reaching safepoint: 6200 ns, Cleanup: 12401 ns, At safepoint: 2700 ns, Total: 21301 ns
[2051.708s][info ][safepoint      ] Safepoint "Cleanup", Time since last: 1000124731 ns, Reaching safepoint: 6001 ns, Cleanup: 10301 ns, At safepoint: 2100 ns, Total: 18402 ns
[2053.708s][info ][safepoint      ] Safepoint "Cleanup", Time since last: 2000189546 ns, Reaching safepoint: 6001 ns, Cleanup: 10800 ns, At safepoint: 2201 ns, Total: 19002 ns
[2054.708s][info ][safepoint      ] Safepoint "Cleanup", Time since last: 1000123290 ns, Reaching safepoint: 6700 ns, Cleanup: 11401 ns, At safepoint: 2200 ns, Total: 20301 ns
[2056.708s][info ][safepoint      ] Safepoint "Cleanup", Time since last: 2000174575 ns, Reaching safepoint: 6101 ns, Cleanup: 10301 ns, At safepoint: 2200 ns, Total: 18602 ns
[2066.709s][info ][safepoint      ] Safepoint "Cleanup", Time since last: 10000796951 ns, Reaching safepoint: 81307 ns, Cleanup: 11701 ns, At safepoint: 6101 ns, Total: 99109 ns
[2067.710s][info ][safepoint      ] Safepoint "Cleanup", Time since last: 1000116280 ns, Reaching safepoint: 5301 ns, Cleanup: 10001 ns, At safepoint: 1800 ns, Total: 17102 ns
[2074.847s][info ][gc,start       ] GC(40) Pause Young (Allocation Failure)
[2074.850s][debug][gc,phases      ] GC(40) Scavenge 3.276ms
[2074.850s][debug][gc,ref         ] GC(40) ReferenceProcessor::execute queues: 1, RefProcThreadModel::Single, marks_oops_alive: false
[2074.850s][debug][gc,ref         ] GC(40) Skipped KeepAliveFinalRefsPhase of Reference Processing: no references
[2074.850s][debug][gc,ref         ] GC(40) Skipped PhantomRefsPhase of Reference Processing: no references
[2074.850s][debug][gc,phases      ] GC(40) Reference Processing 0.125ms
[2074.851s][debug][gc,phases      ] GC(40)   VM Weak                        Min:  0.0, Avg:  0.0, Max:  0.0, Diff:  0.0, Sum:  0.0, Workers: 4
[2074.851s][debug][gc,phases      ] GC(40)     Dead                           Min: 0, Avg:  0.0, Max: 0, Diff: 0, Sum: 0, Workers: 4
[2074.851s][debug][gc,phases      ] GC(40)     Total                          Min: 0, Avg: 236.5, Max: 896, Diff: 896, Sum: 946, Workers: 4
[2074.851s][debug][gc,phases      ] GC(40)   ObjectSynchronizer Weak        Min:  0.0, Avg:  0.0, Max:  0.0, Diff:  0.0, Sum:  0.0, Workers: 4
[2074.851s][debug][gc,phases      ] GC(40)     Dead                           Min: 0, Avg:  0.0, Max: 0, Diff: 0, Sum: 0, Workers: 4
[2074.851s][debug][gc,phases      ] GC(40)     Total                          Min: 0, Avg:  1.0, Max: 4, Diff: 4, Sum: 4, Workers: 4
[2074.851s][debug][gc,phases      ] GC(40)   JVMTI Tag Weak OopStorage      Min:  0.0, Avg:  0.0, Max:  0.0, Diff:  0.0, Sum:  0.0, Workers: 4
[2074.851s][debug][gc,phases      ] GC(40)     Dead                           Min: 0, Avg:  0.0, Max: 0, Diff: 0, Sum: 0, Workers: 4
[2074.851s][debug][gc,phases      ] GC(40)     Total                          Min: 0, Avg:  0.0, Max: 0, Diff: 0, Sum: 0, Workers: 4
[2074.851s][debug][gc,phases      ] GC(40)   StringTable Weak               Min:  0.0, Avg:  0.1, Max:  0.1, Diff:  0.1, Sum:  0.4, Workers: 4
[2074.851s][debug][gc,phases      ] GC(40)     Dead                           Min: 0, Avg:  0.0, Max: 0, Diff: 0, Sum: 0, Workers: 4
[2074.851s][debug][gc,phases      ] GC(40)     Total                          Min: 0, Avg: 11171.8, Max: 16463, Diff: 16463, Sum: 44687, Workers: 4
[2074.851s][debug][gc,phases      ] GC(40)   ResolvedMethodTable Weak       Min:  0.0, Avg:  0.0, Max:  0.0, Diff:  0.0, Sum:  0.1, Workers: 4
[2074.851s][debug][gc,phases      ] GC(40)     Dead                           Min: 0, Avg:  4.0, Max: 16, Diff: 16, Sum: 16, Workers: 4
[2074.851s][debug][gc,phases      ] GC(40)     Total                          Min: 0, Avg: 3540.8, Max: 4966, Diff: 4966, Sum: 14163, Workers: 4
[2074.851s][debug][gc,phases      ] GC(40)   JNI Weak                       Min:  0.0, Avg:  0.0, Max:  0.0, Diff:  0.0, Sum:  0.0, Workers: 4
[2074.851s][debug][gc,phases      ] GC(40)     Dead                           Min: 0, Avg:  0.0, Max: 0, Diff: 0, Sum: 0, Workers: 4
[2074.851s][debug][gc,phases      ] GC(40)     Total                          Min: 0, Avg: 13.0, Max: 52, Diff: 52, Sum: 52, Workers: 4
[2074.851s][debug][gc,phases      ] GC(40)   StringDedup Table Weak         Min:  0.0, Avg:  0.0, Max:  0.0, Diff:  0.0, Sum:  0.0, Workers: 4
[2074.851s][debug][gc,phases      ] GC(40)     Dead                           Min: 0, Avg:  0.0, Max: 0, Diff: 0, Sum: 0, Workers: 4
[2074.851s][debug][gc,phases      ] GC(40)     Total                          Min: 0, Avg:  0.0, Max: 0, Diff: 0, Sum: 0, Workers: 4
[2074.851s][debug][gc,phases      ] GC(40)   StringDedup Requests0 Weak     Min:  0.0, Avg:  0.0, Max:  0.0, Diff:  0.0, Sum:  0.0, Workers: 4
[2074.851s][debug][gc,phases      ] GC(40)     Dead                           Min: 0, Avg:  0.0, Max: 0, Diff: 0, Sum: 0, Workers: 4
[2074.851s][debug][gc,phases      ] GC(40)     Total                          Min: 0, Avg:  0.0, Max: 0, Diff: 0, Sum: 0, Workers: 4
[2074.851s][debug][gc,phases      ] GC(40)   StringDedup Requests1 Weak     Min:  0.0, Avg:  0.0, Max:  0.0, Diff:  0.0, Sum:  0.0, Workers: 4
[2074.851s][debug][gc,phases      ] GC(40)     Dead                           Min: 0, Avg:  0.0, Max: 0, Diff: 0, Sum: 0, Workers: 4
[2074.851s][debug][gc,phases      ] GC(40)     Total                          Min: 0, Avg:  0.0, Max: 0, Diff: 0, Sum: 0, Workers: 4
[2074.851s][debug][gc,phases      ] GC(40)   Weak JFR Old Object Samples    Min:  0.0, Avg:  0.0, Max:  0.0, Diff:  0.0, Sum:  0.0, Workers: 4
[2074.851s][debug][gc,phases      ] GC(40)     Dead                           Min: 0, Avg:  0.0, Max: 0, Diff: 0, Sum: 0, Workers: 4
[2074.851s][debug][gc,phases      ] GC(40)     Total                          Min: 0, Avg:  0.0, Max: 0, Diff: 0, Sum: 0, Workers: 4
[2074.851s][debug][gc,phases      ] GC(40) Weak Processing 0.446ms
[2074.851s][debug][gc,age         ] GC(40) Desired survivor size 67108864 bytes, new threshold 1 (max threshold 15)
[2074.851s][info ][gc,heap        ] GC(40) PSYoungGen: 1944192K(2016256K)->2512K(2031616K) Eden: 1940992K(1940992K)->0K(1961472K) From: 3200K(75264K)->2512K(70144K)
[2074.851s][info ][gc,heap        ] GC(40) ParOldGen: 231693K(236544K)->232449K(236544K)
[2074.851s][info ][gc,metaspace   ] GC(40) Metaspace: 102262K(103552K)->102262K(103552K) NonClass: 86935K(87680K)->86935K(87680K) Class: 15326K(15872K)->15326K(15872K)
[2074.851s][info ][gc             ] GC(40) Pause Young (Allocation Failure) 2124M->229M(2215M) 4.013ms
[2074.851s][info ][gc,cpu         ] GC(40) User=0.01s Sys=0.00s Real=0.00s
[2074.851s][info ][safepoint      ] Safepoint "ParallelGCFailedAllocation", Time since last: 7137326818 ns, Reaching safepoint: 7400 ns, Cleanup: 4301 ns, At safepoint: 4090617 ns, Total: 4102318 ns
[2075.851s][info ][safepoint      ] Safepoint "Cleanup", Time since last: 1000089671 ns, Reaching safepoint: 6100 ns, Cleanup: 14502 ns, At safepoint: 2300 ns, Total: 22902 ns
[2076.851s][info ][safepoint      ] Safepoint "Cleanup", Time since last: 1000106860 ns, Reaching safepoint: 5900 ns, Cleanup: 13401 ns, At safepoint: 2301 ns, Total: 21602 ns
[2077.851s][info ][safepoint      ] Safepoint "Cleanup", Time since last: 1000118408 ns, Reaching safepoint: 7000 ns, Cleanup: 14301 ns, At safepoint: 2500 ns, Total: 23801 ns
[2111.725s][info ][safepoint      ] Safepoint "Cleanup", Time since last: 33873740555 ns, Reaching safepoint: 6700 ns, Cleanup: 24802 ns, At safepoint: 2000 ns, Total: 33502 ns
[2131.727s][info ][safepoint      ] Safepoint "Cleanup", Time since last: 20001636376 ns, Reaching safepoint: 6201 ns, Cleanup: 10401 ns, At safepoint: 2100 ns, Total: 18702 ns
[2150.728s][info ][safepoint      ] Safepoint "Cleanup", Time since last: 19001500697 ns, Reaching safepoint: 6600 ns, Cleanup: 10801 ns, At safepoint: 29902 ns, Total: 47303 ns
[2152.728s][info ][safepoint      ] Safepoint "Cleanup", Time since last: 2000173862 ns, Reaching safepoint: 6101 ns, Cleanup: 10001 ns, At safepoint: 2300 ns, Total: 18402 ns
[2157.729s][info ][safepoint      ] Safepoint "Cleanup", Time since last: 5000343501 ns, Reaching safepoint: 5800 ns, Cleanup: 9701 ns, At safepoint: 1800 ns, Total: 17301 ns
[2159.729s][info ][safepoint      ] Safepoint "Cleanup", Time since last: 2000176027 ns, Reaching safepoint: 5300 ns, Cleanup: 11701 ns, At safepoint: 2100 ns, Total: 19101 ns
[2160.729s][info ][safepoint      ] Safepoint "Cleanup", Time since last: 1000102815 ns, Reaching safepoint: 6300 ns, Cleanup: 11301 ns, At safepoint: 2600 ns, Total: 20201 ns
[2162.742s][info ][safepoint      ] Safepoint "Cleanup", Time since last: 2012389295 ns, Reaching safepoint: 6400 ns, Cleanup: 9801 ns, At safepoint: 2000 ns, Total: 18201 ns
[2164.742s][info ][safepoint      ] Safepoint "Cleanup", Time since last: 2000180544 ns, Reaching safepoint: 6601 ns, Cleanup: 9800 ns, At safepoint: 2001 ns, Total: 18402 ns
[2167.742s][info ][safepoint      ] Safepoint "Cleanup", Time since last: 3000252481 ns, Reaching safepoint: 77006 ns, Cleanup: 9801 ns, At safepoint: 5900 ns, Total: 92707 ns
[2169.362s][info ][gc,start       ] GC(41) Pause Young (Allocation Failure)
[2169.365s][debug][gc,phases      ] GC(41) Scavenge 2.438ms
[2169.365s][debug][gc,ref         ] GC(41) ReferenceProcessor::execute queues: 1, RefProcThreadModel::Single, marks_oops_alive: false
[2169.365s][debug][gc,ref         ] GC(41) Skipped KeepAliveFinalRefsPhase of Reference Processing: no references
[2169.365s][debug][gc,ref         ] GC(41) ReferenceProcessor::execute queues: 1, RefProcThreadModel::Single, marks_oops_alive: false
[2169.365s][debug][gc,phases      ] GC(41) Reference Processing 0.119ms
[2169.365s][debug][gc,phases      ] GC(41)   VM Weak                        Min:  0.0, Avg:  0.0, Max:  0.0, Diff:  0.0, Sum:  0.0, Workers: 4
[2169.365s][debug][gc,phases      ] GC(41)     Dead                           Min: 0, Avg:  0.0, Max: 0, Diff: 0, Sum: 0, Workers: 4
[2169.365s][debug][gc,phases      ] GC(41)     Total                          Min: 0, Avg: 236.5, Max: 640, Diff: 640, Sum: 946, Workers: 4
[2169.365s][debug][gc,phases      ] GC(41)   ObjectSynchronizer Weak        Min:  0.0, Avg:  0.0, Max:  0.0, Diff:  0.0, Sum:  0.0, Workers: 4
[2169.365s][debug][gc,phases      ] GC(41)     Dead                           Min: 0, Avg:  0.0, Max: 0, Diff: 0, Sum: 0, Workers: 4
[2169.365s][debug][gc,phases      ] GC(41)     Total                          Min: 0, Avg:  1.0, Max: 4, Diff: 4, Sum: 4, Workers: 4
[2169.365s][debug][gc,phases      ] GC(41)   JVMTI Tag Weak OopStorage      Min:  0.0, Avg:  0.0, Max:  0.0, Diff:  0.0, Sum:  0.0, Workers: 4
[2169.365s][debug][gc,phases      ] GC(41)     Dead                           Min: 0, Avg:  0.0, Max: 0, Diff: 0, Sum: 0, Workers: 4
[2169.365s][debug][gc,phases      ] GC(41)     Total                          Min: 0, Avg:  0.0, Max: 0, Diff: 0, Sum: 0, Workers: 4
[2169.365s][debug][gc,phases      ] GC(41)   StringTable Weak               Min:  0.0, Avg:  0.1, Max:  0.1, Diff:  0.1, Sum:  0.4, Workers: 4
[2169.365s][debug][gc,phases      ] GC(41)     Dead                           Min: 0, Avg:  0.0, Max: 0, Diff: 0, Sum: 0, Workers: 4
[2169.365s][debug][gc,phases      ] GC(41)     Total                          Min: 0, Avg: 11171.8, Max: 15823, Diff: 15823, Sum: 44687, Workers: 4
[2169.365s][debug][gc,phases      ] GC(41)   ResolvedMethodTable Weak       Min:  0.0, Avg:  0.0, Max:  0.0, Diff:  0.0, Sum:  0.1, Workers: 4
[2169.365s][debug][gc,phases      ] GC(41)     Dead                           Min: 0, Avg:  4.0, Max: 16, Diff: 16, Sum: 16, Workers: 4
[2169.365s][debug][gc,phases      ] GC(41)     Total                          Min: 0, Avg: 3540.8, Max: 5054, Diff: 5054, Sum: 14163, Workers: 4
[2169.365s][debug][gc,phases      ] GC(41)   JNI Weak                       Min:  0.0, Avg:  0.0, Max:  0.0, Diff:  0.0, Sum:  0.0, Workers: 4
[2169.365s][debug][gc,phases      ] GC(41)     Dead                           Min: 0, Avg:  0.0, Max: 0, Diff: 0, Sum: 0, Workers: 4
[2169.365s][debug][gc,phases      ] GC(41)     Total                          Min: 0, Avg: 13.0, Max: 52, Diff: 52, Sum: 52, Workers: 4
[2169.365s][debug][gc,phases      ] GC(41)   StringDedup Table Weak         Min:  0.0, Avg:  0.0, Max:  0.0, Diff:  0.0, Sum:  0.0, Workers: 4
[2169.365s][debug][gc,phases      ] GC(41)     Dead                           Min: 0, Avg:  0.0, Max: 0, Diff: 0, Sum: 0, Workers: 4
[2169.365s][debug][gc,phases      ] GC(41)     Total                          Min: 0, Avg:  0.0, Max: 0, Diff: 0, Sum: 0, Workers: 4
[2169.365s][debug][gc,phases      ] GC(41)   StringDedup Requests0 Weak     Min:  0.0, Avg:  0.0, Max:  0.0, Diff:  0.0, Sum:  0.0, Workers: 4
[2169.365s][debug][gc,phases      ] GC(41)     Dead                           Min: 0, Avg:  0.0, Max: 0, Diff: 0, Sum: 0, Workers: 4
[2169.365s][debug][gc,phases      ] GC(41)     Total                          Min: 0, Avg:  0.0, Max: 0, Diff: 0, Sum: 0, Workers: 4
[2169.365s][debug][gc,phases      ] GC(41)   StringDedup Requests1 Weak     Min:  0.0, Avg:  0.0, Max:  0.0, Diff:  0.0, Sum:  0.0, Workers: 4
[2169.365s][debug][gc,phases      ] GC(41)     Dead                           Min: 0, Avg:  0.0, Max: 0, Diff: 0, Sum: 0, Workers: 4
[2169.365s][debug][gc,phases      ] GC(41)     Total                          Min: 0, Avg:  0.0, Max: 0, Diff: 0, Sum: 0, Workers: 4
[2169.365s][debug][gc,phases      ] GC(41)   Weak JFR Old Object Samples    Min:  0.0, Avg:  0.0, Max:  0.0, Diff:  0.0, Sum:  0.0, Workers: 4
[2169.365s][debug][gc,phases      ] GC(41)     Dead                           Min: 0, Avg:  0.0, Max: 0, Diff: 0, Sum: 0, Workers: 4
[2169.365s][debug][gc,phases      ] GC(41)     Total                          Min: 0, Avg:  0.0, Max: 0, Diff: 0, Sum: 0, Workers: 4
[2169.365s][debug][gc,phases      ] GC(41) Weak Processing 0.456ms
[2169.365s][debug][gc,age         ] GC(41) Desired survivor size 62390272 bytes, new threshold 1 (max threshold 15)
[2169.365s][info ][gc,heap        ] GC(41) PSYoungGen: 1963984K(2031616K)->2448K(2027008K) Eden: 1961472K(1961472K)->0K(1961472K) From: 2512K(70144K)->2448K(65536K)
[2169.365s][info ][gc,heap        ] GC(41) ParOldGen: 232449K(236544K)->232905K(236544K)
[2169.365s][info ][gc,metaspace   ] GC(41) Metaspace: 102271K(103552K)->102271K(103552K) NonClass: 86944K(87680K)->86944K(87680K) Class: 15326K(15872K)->15326K(15872K)
[2169.365s][info ][gc             ] GC(41) Pause Young (Allocation Failure) 2144M->229M(2210M) 3.142ms
[2169.365s][info ][gc,cpu         ] GC(41) User=0.01s Sys=0.01s Real=0.01s
[2169.365s][info ][safepoint      ] Safepoint "ParallelGCFailedAllocation", Time since last: 1619982322 ns, Reaching safepoint: 83007 ns, Cleanup: 4400 ns, At safepoint: 3222945 ns, Total: 3310352 ns
[2172.366s][info ][safepoint      ] Safepoint "Cleanup", Time since last: 3000255582 ns, Reaching safepoint: 5700 ns, Cleanup: 9901 ns, At safepoint: 2100 ns, Total: 17701 ns
[2173.366s][info ][safepoint      ] Safepoint "Cleanup", Time since last: 1000112556 ns, Reaching safepoint: 6100 ns, Cleanup: 9801 ns, At safepoint: 2200 ns, Total: 18101 ns
[2178.366s][info ][safepoint      ] Safepoint "Cleanup", Time since last: 5000430018 ns, Reaching safepoint: 6001 ns, Cleanup: 16401 ns, At safepoint: 2200 ns, Total: 24602 ns
[2181.367s][info ][safepoint      ] Safepoint "Cleanup", Time since last: 3000283552 ns, Reaching safepoint: 6701 ns, Cleanup: 10801 ns, At safepoint: 32302 ns, Total: 49804 ns
[2190.367s][info ][safepoint      ] Safepoint "Cleanup", Time since last: 9000717449 ns, Reaching safepoint: 6600 ns, Cleanup: 11201 ns, At safepoint: 2900 ns, Total: 20701 ns
[2194.368s][info ][safepoint      ] Safepoint "Cleanup", Time since last: 4000369072 ns, Reaching safepoint: 5301 ns, Cleanup: 9000 ns, At safepoint: 2200 ns, Total: 16501 ns
[2212.369s][info ][safepoint      ] Safepoint "Cleanup", Time since last: 18001291584 ns, Reaching safepoint: 6300 ns, Cleanup: 8101 ns, At safepoint: 2300 ns, Total: 16701 ns
[2230.762s][info ][safepoint      ] Safepoint "Cleanup", Time since last: 18392562970 ns, Reaching safepoint: 7000 ns, Cleanup: 11301 ns, At safepoint: 1900 ns, Total: 20201 ns
[2236.762s][info ][safepoint      ] Safepoint "Cleanup", Time since last: 6000458562 ns, Reaching safepoint: 5800 ns, Cleanup: 14601 ns, At safepoint: 2600 ns, Total: 23001 ns
[2259.993s][info ][gc,start       ] GC(42) Pause Young (Allocation Failure)
[2259.995s][debug][gc,phases      ] GC(42) Scavenge 2.000ms
[2259.996s][debug][gc,ref         ] GC(42) ReferenceProcessor::execute queues: 1, RefProcThreadModel::Single, marks_oops_alive: false
[2259.996s][debug][gc,ref         ] GC(42) Skipped KeepAliveFinalRefsPhase of Reference Processing: no references
[2259.996s][debug][gc,ref         ] GC(42) ReferenceProcessor::execute queues: 1, RefProcThreadModel::Single, marks_oops_alive: false
[2259.996s][debug][gc,phases      ] GC(42) Reference Processing 0.124ms
[2259.996s][debug][gc,phases      ] GC(42)   VM Weak                        Min:  0.0, Avg:  0.0, Max:  0.0, Diff:  0.0, Sum:  0.0, Workers: 4
[2259.996s][debug][gc,phases      ] GC(42)     Dead                           Min: 0, Avg:  0.0, Max: 0, Diff: 0, Sum: 0, Workers: 4
[2259.996s][debug][gc,phases      ] GC(42)     Total                          Min: 0, Avg: 236.5, Max: 754, Diff: 754, Sum: 946, Workers: 4
[2259.996s][debug][gc,phases      ] GC(42)   ObjectSynchronizer Weak        Min:  0.0, Avg:  0.0, Max:  0.0, Diff:  0.0, Sum:  0.0, Workers: 4
[2259.996s][debug][gc,phases      ] GC(42)     Dead                           Min: 0, Avg:  0.0, Max: 0, Diff: 0, Sum: 0, Workers: 4
[2259.996s][debug][gc,phases      ] GC(42)     Total                          Min: 0, Avg:  1.0, Max: 4, Diff: 4, Sum: 4, Workers: 4
[2259.996s][debug][gc,phases      ] GC(42)   JVMTI Tag Weak OopStorage      Min:  0.0, Avg:  0.0, Max:  0.0, Diff:  0.0, Sum:  0.0, Workers: 4
[2259.996s][debug][gc,phases      ] GC(42)     Dead                           Min: 0, Avg:  0.0, Max: 0, Diff: 0, Sum: 0, Workers: 4
[2259.996s][debug][gc,phases      ] GC(42)     Total                          Min: 0, Avg:  0.0, Max: 0, Diff: 0, Sum: 0, Workers: 4
[2259.996s][debug][gc,phases      ] GC(42)   StringTable Weak               Min:  0.0, Avg:  0.1, Max:  0.1, Diff:  0.1, Sum:  0.4, Workers: 4
[2259.996s][debug][gc,phases      ] GC(42)     Dead                           Min: 0, Avg:  0.0, Max: 0, Diff: 0, Sum: 0, Workers: 4
[2259.996s][debug][gc,phases      ] GC(42)     Total                          Min: 0, Avg: 11172.8, Max: 16659, Diff: 16659, Sum: 44691, Workers: 4
[2259.996s][debug][gc,phases      ] GC(42)   ResolvedMethodTable Weak       Min:  0.0, Avg:  0.0, Max:  0.0, Diff:  0.0, Sum:  0.1, Workers: 4
[2259.996s][debug][gc,phases      ] GC(42)     Dead                           Min: 0, Avg:  4.0, Max: 16, Diff: 16, Sum: 16, Workers: 4
[2259.996s][debug][gc,phases      ] GC(42)     Total                          Min: 0, Avg: 3540.8, Max: 4857, Diff: 4857, Sum: 14163, Workers: 4
[2259.996s][debug][gc,phases      ] GC(42)   JNI Weak                       Min:  0.0, Avg:  0.0, Max:  0.0, Diff:  0.0, Sum:  0.0, Workers: 4
[2259.996s][debug][gc,phases      ] GC(42)     Dead                           Min: 0, Avg:  0.0, Max: 0, Diff: 0, Sum: 0, Workers: 4
[2259.996s][debug][gc,phases      ] GC(42)     Total                          Min: 0, Avg: 13.0, Max: 52, Diff: 52, Sum: 52, Workers: 4
[2259.996s][debug][gc,phases      ] GC(42)   StringDedup Table Weak         Min:  0.0, Avg:  0.0, Max:  0.0, Diff:  0.0, Sum:  0.0, Workers: 4
[2259.996s][debug][gc,phases      ] GC(42)     Dead                           Min: 0, Avg:  0.0, Max: 0, Diff: 0, Sum: 0, Workers: 4
[2259.996s][debug][gc,phases      ] GC(42)     Total                          Min: 0, Avg:  0.0, Max: 0, Diff: 0, Sum: 0, Workers: 4
[2259.996s][debug][gc,phases      ] GC(42)   StringDedup Requests0 Weak     Min:  0.0, Avg:  0.0, Max:  0.0, Diff:  0.0, Sum:  0.0, Workers: 4
[2259.996s][debug][gc,phases      ] GC(42)     Dead                           Min: 0, Avg:  0.0, Max: 0, Diff: 0, Sum: 0, Workers: 4
[2259.996s][debug][gc,phases      ] GC(42)     Total                          Min: 0, Avg:  0.0, Max: 0, Diff: 0, Sum: 0, Workers: 4
[2259.996s][debug][gc,phases      ] GC(42)   StringDedup Requests1 Weak     Min:  0.0, Avg:  0.0, Max:  0.0, Diff:  0.0, Sum:  0.0, Workers: 4
[2259.996s][debug][gc,phases      ] GC(42)     Dead                           Min: 0, Avg:  0.0, Max: 0, Diff: 0, Sum: 0, Workers: 4
[2259.996s][debug][gc,phases      ] GC(42)     Total                          Min: 0, Avg:  0.0, Max: 0, Diff: 0, Sum: 0, Workers: 4
[2259.996s][debug][gc,phases      ] GC(42)   Weak JFR Old Object Samples    Min:  0.0, Avg:  0.0, Max:  0.0, Diff:  0.0, Sum:  0.0, Workers: 4
[2259.996s][debug][gc,phases      ] GC(42)     Dead                           Min: 0, Avg:  0.0, Max: 0, Diff: 0, Sum: 0, Workers: 4
[2259.996s][debug][gc,phases      ] GC(42)     Total                          Min: 0, Avg:  0.0, Max: 0, Diff: 0, Sum: 0, Workers: 4
[2259.996s][debug][gc,phases      ] GC(42) Weak Processing 0.450ms
[2259.996s][debug][gc,age         ] GC(42) Desired survivor size 57671680 bytes, new threshold 1 (max threshold 15)
[2259.996s][info ][gc,heap        ] GC(42) PSYoungGen: 1963920K(2027008K)->2784K(2040832K) Eden: 1961472K(1961472K)->0K(1979904K) From: 2448K(65536K)->2784K(60928K)
[2259.996s][info ][gc,heap        ] GC(42) ParOldGen: 232905K(236544K)->233445K(236544K)
[2259.996s][info ][gc,metaspace   ] GC(42) Metaspace: 102280K(103552K)->102280K(103552K) NonClass: 86953K(87680K)->86953K(87680K) Class: 15326K(15872K)->15326K(15872K)
[2259.996s][info ][gc             ] GC(42) Pause Young (Allocation Failure) 2145M->230M(2224M) 2.717ms
[2259.996s][info ][gc,cpu         ] GC(42) User=0.01s Sys=0.00s Real=0.00s
[2259.996s][info ][safepoint      ] Safepoint "ParallelGCFailedAllocation", Time since last: 23231176595 ns, Reaching safepoint: 79305 ns, Cleanup: 4200 ns, At safepoint: 2792695 ns, Total: 2876200 ns
[2262.996s][info ][safepoint      ] Safepoint "Cleanup", Time since last: 3000245446 ns, Reaching safepoint: 5900 ns, Cleanup: 11001 ns, At safepoint: 2500 ns, Total: 19401 ns
[2263.997s][info ][safepoint      ] Safepoint "Cleanup", Time since last: 1000129234 ns, Reaching safepoint: 85506 ns, Cleanup: 11301 ns, At safepoint: 11501 ns, Total: 108308 ns
[2275.998s][info ][safepoint      ] Safepoint "Cleanup", Time since last: 12001059261 ns, Reaching safepoint: 5700 ns, Cleanup: 11001 ns, At safepoint: 2100 ns, Total: 18801 ns
[2291.779s][info ][safepoint      ] Safepoint "Cleanup", Time since last: 15781338793 ns, Reaching safepoint: 5501 ns, Cleanup: 9200 ns, At safepoint: 1801 ns, Total: 16502 ns
[2300.780s][info ][safepoint      ] Safepoint "Cleanup", Time since last: 9000787351 ns, Reaching safepoint: 6000 ns, Cleanup: 18801 ns, At safepoint: 2200 ns, Total: 27001 ns
[2301.780s][info ][safepoint      ] Safepoint "Cleanup", Time since last: 1000113305 ns, Reaching safepoint: 4900 ns, Cleanup: 9501 ns, At safepoint: 2300 ns, Total: 16701 ns
[2303.780s][info ][safepoint      ] Safepoint "Cleanup", Time since last: 2000202408 ns, Reaching safepoint: 5800 ns, Cleanup: 10801 ns, At safepoint: 1900 ns, Total: 18501 ns
[2312.781s][info ][safepoint      ] Safepoint "Cleanup", Time since last: 9000751768 ns, Reaching safepoint: 5800 ns, Cleanup: 10301 ns, At safepoint: 2000 ns, Total: 18101 ns
[2318.782s][info ][safepoint      ] Safepoint "Cleanup", Time since last: 6000498637 ns, Reaching safepoint: 7601 ns, Cleanup: 10701 ns, At safepoint: 2600 ns, Total: 20902 ns
[2321.782s][info ][safepoint      ] Safepoint "Cleanup", Time since last: 3000294355 ns, Reaching safepoint: 6301 ns, Cleanup: 10700 ns, At safepoint: 2400 ns, Total: 19401 ns
[2328.782s][info ][safepoint      ] Safepoint "Cleanup", Time since last: 7000592372 ns, Reaching safepoint: 6101 ns, Cleanup: 9300 ns, At safepoint: 1900 ns, Total: 17301 ns
[2336.783s][info ][safepoint      ] Safepoint "Cleanup", Time since last: 8000662877 ns, Reaching safepoint: 6001 ns, Cleanup: 9500 ns, At safepoint: 2000 ns, Total: 17501 ns
[2337.783s][info ][safepoint      ] Safepoint "Cleanup", Time since last: 1000113869 ns, Reaching safepoint: 5300 ns, Cleanup: 9100 ns, At safepoint: 2201 ns, Total: 16601 ns
[2338.783s][info ][safepoint      ] Safepoint "Cleanup", Time since last: 1000107867 ns, Reaching safepoint: 4701 ns, Cleanup: 7900 ns, At safepoint: 2400 ns, Total: 15001 ns
[2347.846s][info ][gc,start       ] GC(43) Pause Young (Allocation Failure)
[2347.850s][debug][gc,phases      ] GC(43) Scavenge 3.329ms
[2347.850s][debug][gc,ref         ] GC(43) ReferenceProcessor::execute queues: 1, RefProcThreadModel::Single, marks_oops_alive: false
[2347.850s][debug][gc,ref         ] GC(43) Skipped KeepAliveFinalRefsPhase of Reference Processing: no references
[2347.850s][debug][gc,ref         ] GC(43) ReferenceProcessor::execute queues: 1, RefProcThreadModel::Single, marks_oops_alive: false
[2347.850s][debug][gc,phases      ] GC(43) Reference Processing 0.113ms
[2347.850s][debug][gc,phases      ] GC(43)   VM Weak                        Min:  0.0, Avg:  0.0, Max:  0.0, Diff:  0.0, Sum:  0.0, Workers: 4
[2347.850s][debug][gc,phases      ] GC(43)     Dead                           Min: 0, Avg:  0.0, Max: 0, Diff: 0, Sum: 0, Workers: 4
[2347.850s][debug][gc,phases      ] GC(43)     Total                          Min: 0, Avg: 236.5, Max: 626, Diff: 626, Sum: 946, Workers: 4
[2347.850s][debug][gc,phases      ] GC(43)   ObjectSynchronizer Weak        Min:  0.0, Avg:  0.0, Max:  0.0, Diff:  0.0, Sum:  0.0, Workers: 4
[2347.850s][debug][gc,phases      ] GC(43)     Dead                           Min: 0, Avg:  0.0, Max: 0, Diff: 0, Sum: 0, Workers: 4
[2347.850s][debug][gc,phases      ] GC(43)     Total                          Min: 0, Avg:  0.8, Max: 3, Diff: 3, Sum: 3, Workers: 4
[2347.850s][debug][gc,phases      ] GC(43)   JVMTI Tag Weak OopStorage      Min:  0.0, Avg:  0.0, Max:  0.0, Diff:  0.0, Sum:  0.0, Workers: 4
[2347.850s][debug][gc,phases      ] GC(43)     Dead                           Min: 0, Avg:  0.0, Max: 0, Diff: 0, Sum: 0, Workers: 4
[2347.850s][debug][gc,phases      ] GC(43)     Total                          Min: 0, Avg:  0.0, Max: 0, Diff: 0, Sum: 0, Workers: 4
[2347.850s][debug][gc,phases      ] GC(43)   StringTable Weak               Min:  0.1, Avg:  0.1, Max:  0.1, Diff:  0.0, Sum:  0.4, Workers: 4
[2347.850s][debug][gc,phases      ] GC(43)     Dead                           Min: 0, Avg:  0.0, Max: 0, Diff: 0, Sum: 0, Workers: 4
[2347.850s][debug][gc,phases      ] GC(43)     Total                          Min: 10432, Avg: 11173.8, Max: 11671, Diff: 1239, Sum: 44695, Workers: 4
[2347.850s][debug][gc,phases      ] GC(43)   ResolvedMethodTable Weak       Min:  0.0, Avg:  0.0, Max:  0.0, Diff:  0.0, Sum:  0.1, Workers: 4
[2347.850s][debug][gc,phases      ] GC(43)     Dead                           Min: 0, Avg:  4.0, Max: 16, Diff: 16, Sum: 16, Workers: 4
[2347.850s][debug][gc,phases      ] GC(43)     Total                          Min: 3045, Avg: 3540.8, Max: 3889, Diff: 844, Sum: 14163, Workers: 4
[2347.850s][debug][gc,phases      ] GC(43)   JNI Weak                       Min:  0.0, Avg:  0.0, Max:  0.0, Diff:  0.0, Sum:  0.0, Workers: 4
[2347.850s][debug][gc,phases      ] GC(43)     Dead                           Min: 0, Avg:  0.0, Max: 0, Diff: 0, Sum: 0, Workers: 4
[2347.850s][debug][gc,phases      ] GC(43)     Total                          Min: 0, Avg: 13.0, Max: 52, Diff: 52, Sum: 52, Workers: 4
[2347.850s][debug][gc,phases      ] GC(43)   StringDedup Table Weak         Min:  0.0, Avg:  0.0, Max:  0.0, Diff:  0.0, Sum:  0.0, Workers: 4
[2347.850s][debug][gc,phases      ] GC(43)     Dead                           Min: 0, Avg:  0.0, Max: 0, Diff: 0, Sum: 0, Workers: 4
[2347.850s][debug][gc,phases      ] GC(43)     Total                          Min: 0, Avg:  0.0, Max: 0, Diff: 0, Sum: 0, Workers: 4
[2347.850s][debug][gc,phases      ] GC(43)   StringDedup Requests0 Weak     Min:  0.0, Avg:  0.0, Max:  0.0, Diff:  0.0, Sum:  0.0, Workers: 4
[2347.850s][debug][gc,phases      ] GC(43)     Dead                           Min: 0, Avg:  0.0, Max: 0, Diff: 0, Sum: 0, Workers: 4
[2347.850s][debug][gc,phases      ] GC(43)     Total                          Min: 0, Avg:  0.0, Max: 0, Diff: 0, Sum: 0, Workers: 4
[2347.850s][debug][gc,phases      ] GC(43)   StringDedup Requests1 Weak     Min:  0.0, Avg:  0.0, Max:  0.0, Diff:  0.0, Sum:  0.0, Workers: 4
[2347.850s][debug][gc,phases      ] GC(43)     Dead                           Min: 0, Avg:  0.0, Max: 0, Diff: 0, Sum: 0, Workers: 4
[2347.850s][debug][gc,phases      ] GC(43)     Total                          Min: 0, Avg:  0.0, Max: 0, Diff: 0, Sum: 0, Workers: 4
[2347.850s][debug][gc,phases      ] GC(43)   Weak JFR Old Object Samples    Min:  0.0, Avg:  0.0, Max:  0.0, Diff:  0.0, Sum:  0.0, Workers: 4
[2347.850s][debug][gc,phases      ] GC(43)     Dead                           Min: 0, Avg:  0.0, Max: 0, Diff: 0, Sum: 0, Workers: 4
[2347.850s][debug][gc,phases      ] GC(43)     Total                          Min: 0, Avg:  0.0, Max: 0, Diff: 0, Sum: 0, Workers: 4
[2347.850s][debug][gc,phases      ] GC(43) Weak Processing 0.390ms
[2347.850s][debug][gc,age         ] GC(43) Desired survivor size 54001664 bytes, new threshold 1 (max threshold 15)
[2347.850s][info ][gc,heap        ] GC(43) PSYoungGen: 1982688K(2040832K)->2432K(2036224K) Eden: 1979904K(1979904K)->0K(1979904K) From: 2784K(60928K)->2432K(56320K)
[2347.850s][info ][gc,heap        ] GC(43) ParOldGen: 233445K(236544K)->233937K(236544K)
[2347.850s][info ][gc,metaspace   ] GC(43) Metaspace: 102292K(103552K)->102292K(103552K) NonClass: 86965K(87680K)->86965K(87680K) Class: 15326K(15872K)->15326K(15872K)
[2347.850s][info ][gc             ] GC(43) Pause Young (Allocation Failure) 2164M->230M(2219M) 3.984ms
[2347.850s][info ][gc,cpu         ] GC(43) User=0.01s Sys=0.00s Real=0.00s
[2347.850s][info ][safepoint      ] Safepoint "ParallelGCFailedAllocation", Time since last: 9063021295 ns, Reaching safepoint: 5900 ns, Cleanup: 4401 ns, At safepoint: 4056581 ns, Total: 4066882 ns
[2351.851s][info ][safepoint      ] Safepoint "Cleanup", Time since last: 4000315394 ns, Reaching safepoint: 6200 ns, Cleanup: 10701 ns, At safepoint: 18101 ns, Total: 35002 ns
[2368.852s][info ][safepoint      ] Safepoint "Cleanup", Time since last: 17001290186 ns, Reaching safepoint: 6200 ns, Cleanup: 12501 ns, At safepoint: 2300 ns, Total: 21001 ns
[2371.852s][info ][safepoint      ] Safepoint "Cleanup", Time since last: 3000269102 ns, Reaching safepoint: 6701 ns, Cleanup: 10501 ns, At safepoint: 1900 ns, Total: 19102 ns
[2386.854s][info ][safepoint      ] Safepoint "Cleanup", Time since last: 15001192345 ns, Reaching safepoint: 6400 ns, Cleanup: 10801 ns, At safepoint: 2200 ns, Total: 19401 ns
[2387.854s][info ][safepoint      ] Safepoint "Cleanup", Time since last: 1000127089 ns, Reaching safepoint: 5800 ns, Cleanup: 13401 ns, At safepoint: 2200 ns, Total: 21401 ns
[2389.854s][info ][safepoint      ] Safepoint "Cleanup", Time since last: 2000181938 ns, Reaching safepoint: 5801 ns, Cleanup: 7400 ns, At safepoint: 2300 ns, Total: 15501 ns
[2392.854s][info ][safepoint      ] Safepoint "Cleanup", Time since last: 3000253353 ns, Reaching safepoint: 5601 ns, Cleanup: 9100 ns, At safepoint: 2100 ns, Total: 16801 ns
[2397.855s][info ][safepoint      ] Safepoint "Cleanup", Time since last: 5000392510 ns, Reaching safepoint: 6101 ns, Cleanup: 11300 ns, At safepoint: 2301 ns, Total: 19702 ns
[2411.816s][info ][safepoint      ] Safepoint "Cleanup", Time since last: 13961513728 ns, Reaching safepoint: 6201 ns, Cleanup: 25402 ns, At safepoint: 2300 ns, Total: 33903 ns
[2412.816s][info ][safepoint      ] Safepoint "Cleanup", Time since last: 1000124982 ns, Reaching safepoint: 5900 ns, Cleanup: 9901 ns, At safepoint: 2200 ns, Total: 18001 ns
[2413.817s][info ][safepoint      ] Safepoint "Cleanup", Time since last: 1000115052 ns, Reaching safepoint: 6100 ns, Cleanup: 18001 ns, At safepoint: 1800 ns, Total: 25901 ns
[2414.817s][info ][safepoint      ] Safepoint "Cleanup", Time since last: 1000120629 ns, Reaching safepoint: 6201 ns, Cleanup: 11100 ns, At safepoint: 2001 ns, Total: 19302 ns
[2418.817s][info ][safepoint      ] Safepoint "Cleanup", Time since last: 4000384309 ns, Reaching safepoint: 5900 ns, Cleanup: 11801 ns, At safepoint: 2600 ns, Total: 20301 ns
[2419.817s][info ][safepoint      ] Safepoint "Cleanup", Time since last: 1000105128 ns, Reaching safepoint: 6300 ns, Cleanup: 9101 ns, At safepoint: 2400 ns, Total: 17801 ns
[2422.817s][info ][safepoint      ] Safepoint "Cleanup", Time since last: 3000284546 ns, Reaching safepoint: 7300 ns, Cleanup: 10501 ns, At safepoint: 2600 ns, Total: 20401 ns
[2433.671s][info ][gc,start       ] GC(44) Pause Young (Allocation Failure)
[2433.673s][debug][gc,phases      ] GC(44) Scavenge 2.107ms
[2433.673s][debug][gc,ref         ] GC(44) ReferenceProcessor::execute queues: 1, RefProcThreadModel::Single, marks_oops_alive: false
[2433.673s][debug][gc,ref         ] GC(44) Skipped KeepAliveFinalRefsPhase of Reference Processing: no references
[2433.673s][debug][gc,ref         ] GC(44) ReferenceProcessor::execute queues: 1, RefProcThreadModel::Single, marks_oops_alive: false
[2433.673s][debug][gc,phases      ] GC(44) Reference Processing 0.116ms
[2433.674s][debug][gc,phases      ] GC(44)   VM Weak                        Min:  0.0, Avg:  0.0, Max:  0.0, Diff:  0.0, Sum:  0.0, Workers: 4
[2433.674s][debug][gc,phases      ] GC(44)     Dead                           Min: 0, Avg:  0.0, Max: 0, Diff: 0, Sum: 0, Workers: 4
[2433.674s][debug][gc,phases      ] GC(44)     Total                          Min: 0, Avg: 236.5, Max: 498, Diff: 498, Sum: 946, Workers: 4
[2433.674s][debug][gc,phases      ] GC(44)   ObjectSynchronizer Weak        Min:  0.0, Avg:  0.0, Max:  0.0, Diff:  0.0, Sum:  0.0, Workers: 4
[2433.674s][debug][gc,phases      ] GC(44)     Dead                           Min: 0, Avg:  0.0, Max: 0, Diff: 0, Sum: 0, Workers: 4
[2433.674s][debug][gc,phases      ] GC(44)     Total                          Min: 0, Avg:  0.8, Max: 3, Diff: 3, Sum: 3, Workers: 4
[2433.674s][debug][gc,phases      ] GC(44)   JVMTI Tag Weak OopStorage      Min:  0.0, Avg:  0.0, Max:  0.0, Diff:  0.0, Sum:  0.0, Workers: 4
[2433.674s][debug][gc,phases      ] GC(44)     Dead                           Min: 0, Avg:  0.0, Max: 0, Diff: 0, Sum: 0, Workers: 4
[2433.674s][debug][gc,phases      ] GC(44)     Total                          Min: 0, Avg:  0.0, Max: 0, Diff: 0, Sum: 0, Workers: 4
[2433.674s][debug][gc,phases      ] GC(44)   StringTable Weak               Min:  0.0, Avg:  0.1, Max:  0.1, Diff:  0.1, Sum:  0.4, Workers: 4
[2433.674s][debug][gc,phases      ] GC(44)     Dead                           Min: 0, Avg:  0.0, Max: 0, Diff: 0, Sum: 0, Workers: 4
[2433.674s][debug][gc,phases      ] GC(44)     Total                          Min: 0, Avg: 11175.2, Max: 15296, Diff: 15296, Sum: 44701, Workers: 4
[2433.674s][debug][gc,phases      ] GC(44)   ResolvedMethodTable Weak       Min:  0.0, Avg:  0.0, Max:  0.0, Diff:  0.0, Sum:  0.1, Workers: 4
[2433.674s][debug][gc,phases      ] GC(44)     Dead                           Min: 0, Avg:  4.0, Max: 16, Diff: 16, Sum: 16, Workers: 4
[2433.674s][debug][gc,phases      ] GC(44)     Total                          Min: 0, Avg: 3541.0, Max: 5025, Diff: 5025, Sum: 14164, Workers: 4
[2433.674s][debug][gc,phases      ] GC(44)   JNI Weak                       Min:  0.0, Avg:  0.0, Max:  0.0, Diff:  0.0, Sum:  0.0, Workers: 4
[2433.674s][debug][gc,phases      ] GC(44)     Dead                           Min: 0, Avg:  0.0, Max: 0, Diff: 0, Sum: 0, Workers: 4
[2433.674s][debug][gc,phases      ] GC(44)     Total                          Min: 0, Avg: 13.0, Max: 52, Diff: 52, Sum: 52, Workers: 4
[2433.674s][debug][gc,phases      ] GC(44)   StringDedup Table Weak         Min:  0.0, Avg:  0.0, Max:  0.0, Diff:  0.0, Sum:  0.0, Workers: 4
[2433.674s][debug][gc,phases      ] GC(44)     Dead                           Min: 0, Avg:  0.0, Max: 0, Diff: 0, Sum: 0, Workers: 4
[2433.674s][debug][gc,phases      ] GC(44)     Total                          Min: 0, Avg:  0.0, Max: 0, Diff: 0, Sum: 0, Workers: 4
[2433.674s][debug][gc,phases      ] GC(44)   StringDedup Requests0 Weak     Min:  0.0, Avg:  0.0, Max:  0.0, Diff:  0.0, Sum:  0.0, Workers: 4
[2433.674s][debug][gc,phases      ] GC(44)     Dead                           Min: 0, Avg:  0.0, Max: 0, Diff: 0, Sum: 0, Workers: 4
[2433.674s][debug][gc,phases      ] GC(44)     Total                          Min: 0, Avg:  0.0, Max: 0, Diff: 0, Sum: 0, Workers: 4
[2433.674s][debug][gc,phases      ] GC(44)   StringDedup Requests1 Weak     Min:  0.0, Avg:  0.0, Max:  0.0, Diff:  0.0, Sum:  0.0, Workers: 4
[2433.674s][debug][gc,phases      ] GC(44)     Dead                           Min: 0, Avg:  0.0, Max: 0, Diff: 0, Sum: 0, Workers: 4
[2433.674s][debug][gc,phases      ] GC(44)     Total                          Min: 0, Avg:  0.0, Max: 0, Diff: 0, Sum: 0, Workers: 4
[2433.674s][debug][gc,phases      ] GC(44)   Weak JFR Old Object Samples    Min:  0.0, Avg:  0.0, Max:  0.0, Diff:  0.0, Sum:  0.0, Workers: 4
[2433.674s][debug][gc,phases      ] GC(44)     Dead                           Min: 0, Avg:  0.0, Max: 0, Diff: 0, Sum: 0, Workers: 4
[2433.674s][debug][gc,phases      ] GC(44)     Total                          Min: 0, Avg:  0.0, Max: 0, Diff: 0, Sum: 0, Workers: 4
[2433.674s][debug][gc,phases      ] GC(44) Weak Processing 1.079ms
[2433.674s][debug][gc,age         ] GC(44) Desired survivor size 49807360 bytes, new threshold 1 (max threshold 15)
[2433.674s][info ][gc,heap        ] GC(44) PSYoungGen: 1982336K(2036224K)->2528K(2048512K) Eden: 1979904K(1979904K)->0K(1995776K) From: 2432K(56320K)->2528K(52736K)
[2433.674s][info ][gc,heap        ] GC(44) ParOldGen: 233937K(236544K)->234217K(236544K)
[2433.674s][info ][gc,metaspace   ] GC(44) Metaspace: 102317K(103552K)->102317K(103552K) NonClass: 86990K(87680K)->86990K(87680K) Class: 15326K(15872K)->15326K(15872K)
[2433.674s][info ][gc             ] GC(44) Pause Young (Allocation Failure) 2164M->231M(2231M) 3.419ms
[2433.674s][info ][gc,cpu         ] GC(44) User=0.01s Sys=0.01s Real=0.00s
[2433.674s][info ][safepoint      ] Safepoint "ParallelGCFailedAllocation", Time since last: 10853406092 ns, Reaching safepoint: 6401 ns, Cleanup: 3500 ns, At safepoint: 3495415 ns, Total: 3505316 ns
[2438.675s][info ][safepoint      ] Safepoint "Cleanup", Time since last: 5000374642 ns, Reaching safepoint: 5501 ns, Cleanup: 9400 ns, At safepoint: 2000 ns, Total: 16901 ns
[2457.676s][info ][safepoint      ] Safepoint "Cleanup", Time since last: 19001467785 ns, Reaching safepoint: 5800 ns, Cleanup: 9801 ns, At safepoint: 5300 ns, Total: 20901 ns
[2469.677s][info ][safepoint      ] Safepoint "Cleanup", Time since last: 12000936935 ns, Reaching safepoint: 6500 ns, Cleanup: 9601 ns, At safepoint: 2400 ns, Total: 18501 ns
[2485.679s][info ][safepoint      ] Safepoint "Cleanup", Time since last: 16001435314 ns, Reaching safepoint: 5900 ns, Cleanup: 9701 ns, At safepoint: 2000 ns, Total: 17601 ns
[2486.679s][info ][safepoint      ] Safepoint "Cleanup", Time since last: 1000108973 ns, Reaching safepoint: 4501 ns, Cleanup: 8000 ns, At safepoint: 1800 ns, Total: 14301 ns
[2494.679s][info ][safepoint      ] Safepoint "Cleanup", Time since last: 8000615801 ns, Reaching safepoint: 5901 ns, Cleanup: 10200 ns, At safepoint: 28002 ns, Total: 44103 ns
[2496.680s][info ][safepoint      ] Safepoint "Cleanup", Time since last: 2000187593 ns, Reaching safepoint: 6501 ns, Cleanup: 9200 ns, At safepoint: 2101 ns, Total: 17802 ns
[2500.680s][info ][safepoint      ] Safepoint "Cleanup", Time since last: 4000340483 ns, Reaching safepoint: 5301 ns, Cleanup: 13301 ns, At safepoint: 2600 ns, Total: 21202 ns
[2506.681s][info ][safepoint      ] Safepoint "Cleanup", Time since last: 6000477375 ns, Reaching safepoint: 7300 ns, Cleanup: 16102 ns, At safepoint: 2900 ns, Total: 26302 ns
[2507.681s][info ][safepoint      ] Safepoint "Cleanup", Time since last: 1000116997 ns, Reaching safepoint: 5300 ns, Cleanup: 12301 ns, At safepoint: 2100 ns, Total: 19701 ns
[2520.193s][info ][gc,start       ] GC(45) Pause Young (Allocation Failure)
[2520.196s][debug][gc,phases      ] GC(45) Scavenge 2.835ms
[2520.196s][debug][gc,ref         ] GC(45) ReferenceProcessor::execute queues: 1, RefProcThreadModel::Single, marks_oops_alive: false
[2520.196s][debug][gc,ref         ] GC(45) Skipped KeepAliveFinalRefsPhase of Reference Processing: no references
[2520.196s][debug][gc,ref         ] GC(45) ReferenceProcessor::execute queues: 1, RefProcThreadModel::Single, marks_oops_alive: false
[2520.196s][debug][gc,phases      ] GC(45) Reference Processing 0.121ms
[2520.197s][debug][gc,phases      ] GC(45)   VM Weak                        Min:  0.0, Avg:  0.0, Max:  0.0, Diff:  0.0, Sum:  0.0, Workers: 4
[2520.197s][debug][gc,phases      ] GC(45)     Dead                           Min: 0, Avg:  0.0, Max: 0, Diff: 0, Sum: 0, Workers: 4
[2520.197s][debug][gc,phases      ] GC(45)     Total                          Min: 0, Avg: 236.5, Max: 434, Diff: 434, Sum: 946, Workers: 4
[2520.197s][debug][gc,phases      ] GC(45)   ObjectSynchronizer Weak        Min:  0.0, Avg:  0.0, Max:  0.0, Diff:  0.0, Sum:  0.0, Workers: 4
[2520.197s][debug][gc,phases      ] GC(45)     Dead                           Min: 0, Avg:  0.0, Max: 0, Diff: 0, Sum: 0, Workers: 4
[2520.197s][debug][gc,phases      ] GC(45)     Total                          Min: 0, Avg:  1.0, Max: 4, Diff: 4, Sum: 4, Workers: 4
[2520.197s][debug][gc,phases      ] GC(45)   JVMTI Tag Weak OopStorage      Min:  0.0, Avg:  0.0, Max:  0.0, Diff:  0.0, Sum:  0.0, Workers: 4
[2520.197s][debug][gc,phases      ] GC(45)     Dead                           Min: 0, Avg:  0.0, Max: 0, Diff: 0, Sum: 0, Workers: 4
[2520.197s][debug][gc,phases      ] GC(45)     Total                          Min: 0, Avg:  0.0, Max: 0, Diff: 0, Sum: 0, Workers: 4
[2520.197s][debug][gc,phases      ] GC(45)   StringTable Weak               Min:  0.0, Avg:  0.1, Max:  0.1, Diff:  0.1, Sum:  0.4, Workers: 4
[2520.197s][debug][gc,phases      ] GC(45)     Dead                           Min: 0, Avg:  0.0, Max: 0, Diff: 0, Sum: 0, Workers: 4
[2520.197s][debug][gc,phases      ] GC(45)     Total                          Min: 0, Avg: 11175.2, Max: 15808, Diff: 15808, Sum: 44701, Workers: 4
[2520.197s][debug][gc,phases      ] GC(45)   ResolvedMethodTable Weak       Min:  0.0, Avg:  0.0, Max:  0.0, Diff:  0.0, Sum:  0.1, Workers: 4
[2520.197s][debug][gc,phases      ] GC(45)     Dead                           Min: 0, Avg:  4.0, Max: 9, Diff: 9, Sum: 16, Workers: 4
[2520.197s][debug][gc,phases      ] GC(45)     Total                          Min: 0, Avg: 3541.0, Max: 5143, Diff: 5143, Sum: 14164, Workers: 4
[2520.197s][debug][gc,phases      ] GC(45)   JNI Weak                       Min:  0.0, Avg:  0.0, Max:  0.0, Diff:  0.0, Sum:  0.0, Workers: 4
[2520.197s][debug][gc,phases      ] GC(45)     Dead                           Min: 0, Avg:  0.0, Max: 0, Diff: 0, Sum: 0, Workers: 4
[2520.197s][debug][gc,phases      ] GC(45)     Total                          Min: 0, Avg: 13.0, Max: 52, Diff: 52, Sum: 52, Workers: 4
[2520.197s][debug][gc,phases      ] GC(45)   StringDedup Table Weak         Min:  0.0, Avg:  0.0, Max:  0.0, Diff:  0.0, Sum:  0.0, Workers: 4
[2520.197s][debug][gc,phases      ] GC(45)     Dead                           Min: 0, Avg:  0.0, Max: 0, Diff: 0, Sum: 0, Workers: 4
[2520.197s][debug][gc,phases      ] GC(45)     Total                          Min: 0, Avg:  0.0, Max: 0, Diff: 0, Sum: 0, Workers: 4
[2520.197s][debug][gc,phases      ] GC(45)   StringDedup Requests0 Weak     Min:  0.0, Avg:  0.0, Max:  0.0, Diff:  0.0, Sum:  0.0, Workers: 4
[2520.197s][debug][gc,phases      ] GC(45)     Dead                           Min: 0, Avg:  0.0, Max: 0, Diff: 0, Sum: 0, Workers: 4
[2520.197s][debug][gc,phases      ] GC(45)     Total                          Min: 0, Avg:  0.0, Max: 0, Diff: 0, Sum: 0, Workers: 4
[2520.197s][debug][gc,phases      ] GC(45)   StringDedup Requests1 Weak     Min:  0.0, Avg:  0.0, Max:  0.0, Diff:  0.0, Sum:  0.0, Workers: 4
[2520.197s][debug][gc,phases      ] GC(45)     Dead                           Min: 0, Avg:  0.0, Max: 0, Diff: 0, Sum: 0, Workers: 4
[2520.197s][debug][gc,phases      ] GC(45)     Total                          Min: 0, Avg:  0.0, Max: 0, Diff: 0, Sum: 0, Workers: 4
[2520.197s][debug][gc,phases      ] GC(45)   Weak JFR Old Object Samples    Min:  0.0, Avg:  0.0, Max:  0.0, Diff:  0.0, Sum:  0.0, Workers: 4
[2520.197s][debug][gc,phases      ] GC(45)     Dead                           Min: 0, Avg:  0.0, Max: 0, Diff: 0, Sum: 0, Workers: 4
[2520.197s][debug][gc,phases      ] GC(45)     Total                          Min: 0, Avg:  0.0, Max: 0, Diff: 0, Sum: 0, Workers: 4
[2520.197s][debug][gc,phases      ] GC(45) Weak Processing 0.435ms
[2520.197s][debug][gc,age         ] GC(45) Desired survivor size 46137344 bytes, new threshold 1 (max threshold 15)
[2520.197s][info ][gc,heap        ] GC(45) PSYoungGen: 1998304K(2048512K)->2672K(2044416K) Eden: 1995776K(1995776K)->0K(1995776K) From: 2528K(52736K)->2672K(48640K)
[2520.197s][info ][gc,heap        ] GC(45) ParOldGen: 234217K(236544K)->234553K(236544K)
[2520.197s][info ][gc,metaspace   ] GC(45) Metaspace: 102328K(103552K)->102328K(103552K) NonClass: 87001K(87680K)->87001K(87680K) Class: 15326K(15872K)->15326K(15872K)
[2520.197s][info ][gc             ] GC(45) Pause Young (Allocation Failure) 2180M->231M(2227M) 3.524ms
[2520.197s][info ][gc,cpu         ] GC(45) User=0.01s Sys=0.00s Real=0.00s
[2520.197s][info ][safepoint      ] Safepoint "ParallelGCFailedAllocation", Time since last: 12512473607 ns, Reaching safepoint: 78306 ns, Cleanup: 4100 ns, At safepoint: 3623540 ns, Total: 3705946 ns
[2523.852s][info ][safepoint      ] Safepoint "Cleanup", Time since last: 3655583502 ns, Reaching safepoint: 6600 ns, Cleanup: 10901 ns, At safepoint: 2300 ns, Total: 19801 ns
[2536.853s][info ][safepoint      ] Safepoint "Cleanup", Time since last: 13000975991 ns, Reaching safepoint: 6201 ns, Cleanup: 11200 ns, At safepoint: 2200 ns, Total: 19601 ns
[2539.854s][info ][safepoint      ] Safepoint "Cleanup", Time since last: 3000271576 ns, Reaching safepoint: 6100 ns, Cleanup: 15101 ns, At safepoint: 2400 ns, Total: 23601 ns
[2541.854s][info ][safepoint      ] Safepoint "Cleanup", Time since last: 2000185526 ns, Reaching safepoint: 6000 ns, Cleanup: 9401 ns, At safepoint: 2100 ns, Total: 17501 ns
[2544.854s][info ][safepoint      ] Safepoint "Cleanup", Time since last: 3000255593 ns, Reaching safepoint: 6201 ns, Cleanup: 10200 ns, At safepoint: 2000 ns, Total: 18401 ns
[2554.855s][info ][safepoint      ] Safepoint "Cleanup", Time since last: 10000770193 ns, Reaching safepoint: 6201 ns, Cleanup: 14400 ns, At safepoint: 2201 ns, Total: 22802 ns
[2556.855s][info ][safepoint      ] Safepoint "Cleanup", Time since last: 2000208318 ns, Reaching safepoint: 5400 ns, Cleanup: 6901 ns, At safepoint: 2500 ns, Total: 14801 ns
[2557.855s][info ][safepoint      ] Safepoint "Cleanup", Time since last: 1000140877 ns, Reaching safepoint: 7301 ns, Cleanup: 12001 ns, At safepoint: 2500 ns, Total: 21802 ns
[2563.856s][info ][safepoint      ] Safepoint "Cleanup", Time since last: 6000497422 ns, Reaching safepoint: 6201 ns, Cleanup: 17601 ns, At safepoint: 2100 ns, Total: 25902 ns
[2570.856s][info ][safepoint      ] Safepoint "Cleanup", Time since last: 7000553561 ns, Reaching safepoint: 6301 ns, Cleanup: 12701 ns, At safepoint: 2300 ns, Total: 21302 ns
[2572.857s][info ][safepoint      ] Safepoint "Cleanup", Time since last: 2000208667 ns, Reaching safepoint: 6600 ns, Cleanup: 15501 ns, At safepoint: 2600 ns, Total: 24701 ns
[2574.857s][info ][safepoint      ] Safepoint "Cleanup", Time since last: 2000149569 ns, Reaching safepoint: 6201 ns, Cleanup: 18201 ns, At safepoint: 2200 ns, Total: 26602 ns
[2575.857s][info ][safepoint      ] Safepoint "Cleanup", Time since last: 1000104637 ns, Reaching safepoint: 6501 ns, Cleanup: 11501 ns, At safepoint: 2300 ns, Total: 20302 ns
[2577.857s][info ][safepoint      ] Safepoint "Cleanup", Time since last: 2000185173 ns, Reaching safepoint: 6200 ns, Cleanup: 11201 ns, At safepoint: 2300 ns, Total: 19701 ns
[2578.857s][info ][safepoint      ] Safepoint "Cleanup", Time since last: 1000124938 ns, Reaching safepoint: 5401 ns, Cleanup: 7900 ns, At safepoint: 2300 ns, Total: 15601 ns
[2581.870s][info ][safepoint      ] Safepoint "Cleanup", Time since last: 3012540166 ns, Reaching safepoint: 6301 ns, Cleanup: 11100 ns, At safepoint: 2500 ns, Total: 19901 ns
[2582.870s][info ][safepoint      ] Safepoint "Cleanup", Time since last: 1000116941 ns, Reaching safepoint: 5900 ns, Cleanup: 15701 ns, At safepoint: 1800 ns, Total: 23401 ns
[2583.870s][info ][safepoint      ] Safepoint "Cleanup", Time since last: 1000140642 ns, Reaching safepoint: 6701 ns, Cleanup: 10200 ns, At safepoint: 2800 ns, Total: 19701 ns
[2584.870s][info ][safepoint      ] Safepoint "Cleanup", Time since last: 1000126841 ns, Reaching safepoint: 5901 ns, Cleanup: 9600 ns, At safepoint: 2101 ns, Total: 17602 ns
[2585.871s][info ][safepoint      ] Safepoint "Cleanup", Time since last: 1000116540 ns, Reaching safepoint: 5500 ns, Cleanup: 13701 ns, At safepoint: 2000 ns, Total: 21201 ns
[2586.871s][info ][safepoint      ] Safepoint "Cleanup", Time since last: 1000146343 ns, Reaching safepoint: 6200 ns, Cleanup: 10401 ns, At safepoint: 2600 ns, Total: 19201 ns
[2588.871s][info ][safepoint      ] Safepoint "Cleanup", Time since last: 2000186877 ns, Reaching safepoint: 4901 ns, Cleanup: 9400 ns, At safepoint: 1800 ns, Total: 16101 ns
[2590.871s][info ][safepoint      ] Safepoint "Cleanup", Time since last: 2000179182 ns, Reaching safepoint: 5801 ns, Cleanup: 10000 ns, At safepoint: 2101 ns, Total: 17902 ns
[2593.871s][info ][safepoint      ] Safepoint "Cleanup", Time since last: 3000277917 ns, Reaching safepoint: 5901 ns, Cleanup: 10900 ns, At safepoint: 2301 ns, Total: 19102 ns
[2594.872s][info ][safepoint      ] Safepoint "Cleanup", Time since last: 1000113073 ns, Reaching safepoint: 5901 ns, Cleanup: 12901 ns, At safepoint: 2300 ns, Total: 21102 ns
[2595.872s][info ][safepoint      ] Safepoint "Cleanup", Time since last: 1000121974 ns, Reaching safepoint: 5500 ns, Cleanup: 10701 ns, At safepoint: 25902 ns, Total: 42103 ns
[2599.872s][info ][safepoint      ] Safepoint "Cleanup", Time since last: 4000387453 ns, Reaching safepoint: 6300 ns, Cleanup: 13401 ns, At safepoint: 2700 ns, Total: 22401 ns
[2609.712s][info ][gc,start       ] GC(46) Pause Young (Allocation Failure)
[2609.715s][debug][gc,phases      ] GC(46) Scavenge 2.811ms
[2609.715s][debug][gc,ref         ] GC(46) ReferenceProcessor::execute queues: 1, RefProcThreadModel::Single, marks_oops_alive: false
[2609.715s][debug][gc,ref         ] GC(46) Skipped KeepAliveFinalRefsPhase of Reference Processing: no references
[2609.715s][debug][gc,ref         ] GC(46) ReferenceProcessor::execute queues: 1, RefProcThreadModel::Single, marks_oops_alive: false
[2609.715s][debug][gc,phases      ] GC(46) Reference Processing 0.119ms
[2609.715s][debug][gc,phases      ] GC(46)   VM Weak                        Min:  0.0, Avg:  0.0, Max:  0.0, Diff:  0.0, Sum:  0.0, Workers: 4
[2609.715s][debug][gc,phases      ] GC(46)     Dead                           Min: 0, Avg:  0.0, Max: 0, Diff: 0, Sum: 0, Workers: 4
[2609.715s][debug][gc,phases      ] GC(46)     Total                          Min: 0, Avg: 236.5, Max: 754, Diff: 754, Sum: 946, Workers: 4
[2609.715s][debug][gc,phases      ] GC(46)   ObjectSynchronizer Weak        Min:  0.0, Avg:  0.0, Max:  0.0, Diff:  0.0, Sum:  0.0, Workers: 4
[2609.715s][debug][gc,phases      ] GC(46)     Dead                           Min: 0, Avg:  0.0, Max: 0, Diff: 0, Sum: 0, Workers: 4
[2609.715s][debug][gc,phases      ] GC(46)     Total                          Min: 0, Avg:  1.0, Max: 4, Diff: 4, Sum: 4, Workers: 4
[2609.715s][debug][gc,phases      ] GC(46)   JVMTI Tag Weak OopStorage      Min:  0.0, Avg:  0.0, Max:  0.0, Diff:  0.0, Sum:  0.0, Workers: 4
[2609.715s][debug][gc,phases      ] GC(46)     Dead                           Min: 0, Avg:  0.0, Max: 0, Diff: 0, Sum: 0, Workers: 4
[2609.715s][debug][gc,phases      ] GC(46)     Total                          Min: 0, Avg:  0.0, Max: 0, Diff: 0, Sum: 0, Workers: 4
[2609.715s][debug][gc,phases      ] GC(46)   StringTable Weak               Min:  0.0, Avg:  0.1, Max:  0.1, Diff:  0.1, Sum:  0.4, Workers: 4
[2609.715s][debug][gc,phases      ] GC(46)     Dead                           Min: 0, Avg:  0.0, Max: 0, Diff: 0, Sum: 0, Workers: 4
[2609.715s][debug][gc,phases      ] GC(46)     Total                          Min: 0, Avg: 11176.0, Max: 16800, Diff: 16800, Sum: 44704, Workers: 4
[2609.715s][debug][gc,phases      ] GC(46)   ResolvedMethodTable Weak       Min:  0.0, Avg:  0.0, Max:  0.0, Diff:  0.0, Sum:  0.1, Workers: 4
[2609.715s][debug][gc,phases      ] GC(46)     Dead                           Min: 0, Avg:  4.0, Max: 16, Diff: 16, Sum: 16, Workers: 4
[2609.715s][debug][gc,phases      ] GC(46)     Total                          Min: 0, Avg: 3541.2, Max: 5119, Diff: 5119, Sum: 14165, Workers: 4
[2609.715s][debug][gc,phases      ] GC(46)   JNI Weak                       Min:  0.0, Avg:  0.0, Max:  0.0, Diff:  0.0, Sum:  0.0, Workers: 4
[2609.715s][debug][gc,phases      ] GC(46)     Dead                           Min: 0, Avg:  0.0, Max: 0, Diff: 0, Sum: 0, Workers: 4
[2609.715s][debug][gc,phases      ] GC(46)     Total                          Min: 0, Avg: 13.0, Max: 52, Diff: 52, Sum: 52, Workers: 4
[2609.715s][debug][gc,phases      ] GC(46)   StringDedup Table Weak         Min:  0.0, Avg:  0.0, Max:  0.0, Diff:  0.0, Sum:  0.0, Workers: 4
[2609.715s][debug][gc,phases      ] GC(46)     Dead                           Min: 0, Avg:  0.0, Max: 0, Diff: 0, Sum: 0, Workers: 4
[2609.715s][debug][gc,phases      ] GC(46)     Total                          Min: 0, Avg:  0.0, Max: 0, Diff: 0, Sum: 0, Workers: 4
[2609.715s][debug][gc,phases      ] GC(46)   StringDedup Requests0 Weak     Min:  0.0, Avg:  0.0, Max:  0.0, Diff:  0.0, Sum:  0.0, Workers: 4
[2609.715s][debug][gc,phases      ] GC(46)     Dead                           Min: 0, Avg:  0.0, Max: 0, Diff: 0, Sum: 0, Workers: 4
[2609.715s][debug][gc,phases      ] GC(46)     Total                          Min: 0, Avg:  0.0, Max: 0, Diff: 0, Sum: 0, Workers: 4
[2609.715s][debug][gc,phases      ] GC(46)   StringDedup Requests1 Weak     Min:  0.0, Avg:  0.0, Max:  0.0, Diff:  0.0, Sum:  0.0, Workers: 4
[2609.715s][debug][gc,phases      ] GC(46)     Dead                           Min: 0, Avg:  0.0, Max: 0, Diff: 0, Sum: 0, Workers: 4
[2609.715s][debug][gc,phases      ] GC(46)     Total                          Min: 0, Avg:  0.0, Max: 0, Diff: 0, Sum: 0, Workers: 4
[2609.715s][debug][gc,phases      ] GC(46)   Weak JFR Old Object Samples    Min:  0.0, Avg:  0.0, Max:  0.0, Diff:  0.0, Sum:  0.0, Workers: 4
[2609.715s][debug][gc,phases      ] GC(46)     Dead                           Min: 0, Avg:  0.0, Max: 0, Diff: 0, Sum: 0, Workers: 4
[2609.715s][debug][gc,phases      ] GC(46)     Total                          Min: 0, Avg:  0.0, Max: 0, Diff: 0, Sum: 0, Workers: 4
[2609.715s][debug][gc,phases      ] GC(46) Weak Processing 0.452ms
[2609.715s][debug][gc,age         ] GC(46) Desired survivor size 42991616 bytes, new threshold 1 (max threshold 15)
[2609.715s][info ][gc,heap        ] GC(46) PSYoungGen: 1998448K(2044416K)->3360K(2055168K) Eden: 1995776K(1995776K)->0K(2010112K) From: 2672K(48640K)->3360K(45056K)
[2609.715s][info ][gc,heap        ] GC(46) ParOldGen: 234553K(236544K)->235098K(236544K)
[2609.715s][info ][gc,metaspace   ] GC(46) Metaspace: 102367K(103616K)->102367K(103616K) NonClass: 87038K(87744K)->87038K(87744K) Class: 15328K(15872K)->15328K(15872K)
[2609.715s][info ][gc             ] GC(46) Pause Young (Allocation Failure) 2180M->232M(2238M) 3.523ms
[2609.715s][info ][gc,cpu         ] GC(46) User=0.02s Sys=0.00s Real=0.00s
[2609.715s][info ][safepoint      ] Safepoint "ParallelGCFailedAllocation", Time since last: 9839548315 ns, Reaching safepoint: 4801 ns, Cleanup: 9900 ns, At safepoint: 3592532 ns, Total: 3607233 ns
[2626.717s][info ][safepoint      ] Safepoint "Cleanup", Time since last: 17001237199 ns, Reaching safepoint: 76605 ns, Cleanup: 15201 ns, At safepoint: 5400 ns, Total: 97206 ns
[2628.717s][info ][safepoint      ] Safepoint "Cleanup", Time since last: 2000171854 ns, Reaching safepoint: 5400 ns, Cleanup: 10201 ns, At safepoint: 2100 ns, Total: 17701 ns
[2633.717s][info ][safepoint      ] Safepoint "Cleanup", Time since last: 5000396206 ns, Reaching safepoint: 6701 ns, Cleanup: 13901 ns, At safepoint: 2800 ns, Total: 23402 ns
[2638.718s][info ][safepoint      ] Safepoint "Cleanup", Time since last: 5000386386 ns, Reaching safepoint: 7800 ns, Cleanup: 22502 ns, At safepoint: 2500 ns, Total: 32802 ns
[2646.888s][info ][safepoint      ] Safepoint "Cleanup", Time since last: 8170583699 ns, Reaching safepoint: 9901 ns, Cleanup: 19401 ns, At safepoint: 3100 ns, Total: 32402 ns
[2649.889s][info ][safepoint      ] Safepoint "Cleanup", Time since last: 3000287177 ns, Reaching safepoint: 10201 ns, Cleanup: 14901 ns, At safepoint: 2600 ns, Total: 27702 ns
[2657.889s][info ][safepoint      ] Safepoint "Cleanup", Time since last: 8000614512 ns, Reaching safepoint: 6001 ns, Cleanup: 13401 ns, At safepoint: 1900 ns, Total: 21302 ns
[2660.889s][info ][safepoint      ] Safepoint "Cleanup", Time since last: 3000254514 ns, Reaching safepoint: 6401 ns, Cleanup: 27101 ns, At safepoint: 2100 ns, Total: 35602 ns
[2661.890s][info ][safepoint      ] Safepoint "Cleanup", Time since last: 1000098719 ns, Reaching safepoint: 8201 ns, Cleanup: 13801 ns, At safepoint: 2800 ns, Total: 24802 ns
[2662.890s][info ][safepoint      ] Safepoint "Cleanup", Time since last: 1000114585 ns, Reaching safepoint: 5700 ns, Cleanup: 21802 ns, At safepoint: 2400 ns, Total: 29902 ns
[2663.890s][info ][safepoint      ] Safepoint "Cleanup", Time since last: 1000097784 ns, Reaching safepoint: 5600 ns, Cleanup: 12301 ns, At safepoint: 2000 ns, Total: 19901 ns
[2668.890s][info ][safepoint      ] Safepoint "Cleanup", Time since last: 5000441117 ns, Reaching safepoint: 6901 ns, Cleanup: 14001 ns, At safepoint: 2700 ns, Total: 23602 ns
[2671.891s][info ][safepoint      ] Safepoint "Cleanup", Time since last: 3000321347 ns, Reaching safepoint: 6101 ns, Cleanup: 13801 ns, At safepoint: 2200 ns, Total: 22102 ns
[2672.891s][info ][safepoint      ] Safepoint "Cleanup", Time since last: 1000112704 ns, Reaching safepoint: 6500 ns, Cleanup: 15101 ns, At safepoint: 2700 ns, Total: 24301 ns
[2674.891s][info ][safepoint      ] Safepoint "Cleanup", Time since last: 2000184806 ns, Reaching safepoint: 8100 ns, Cleanup: 24202 ns, At safepoint: 2800 ns, Total: 35102 ns
[2680.892s][info ][safepoint      ] Safepoint "Cleanup", Time since last: 6000489071 ns, Reaching safepoint: 6100 ns, Cleanup: 10101 ns, At safepoint: 2400 ns, Total: 18601 ns
[2688.513s][info ][safepoint      ] Safepoint "Cleanup", Time since last: 7621053646 ns, Reaching safepoint: 7000 ns, Cleanup: 12201 ns, At safepoint: 2100 ns, Total: 21301 ns
[2689.513s][info ][safepoint      ] Safepoint "Cleanup", Time since last: 1000118156 ns, Reaching safepoint: 5501 ns, Cleanup: 13600 ns, At safepoint: 2101 ns, Total: 21202 ns
[2702.545s][info ][gc,start       ] GC(47) Pause Young (Allocation Failure)
[2702.548s][debug][gc,phases      ] GC(47) Scavenge 3.054ms
[2702.548s][debug][gc,ref         ] GC(47) ReferenceProcessor::execute queues: 1, RefProcThreadModel::Single, marks_oops_alive: false
[2702.548s][debug][gc,ref         ] GC(47) Skipped KeepAliveFinalRefsPhase of Reference Processing: no references
[2702.548s][debug][gc,ref         ] GC(47) ReferenceProcessor::execute queues: 1, RefProcThreadModel::Single, marks_oops_alive: false
[2702.548s][debug][gc,phases      ] GC(47) Reference Processing 0.120ms
[2702.549s][debug][gc,phases      ] GC(47)   VM Weak                        Min:  0.0, Avg:  0.0, Max:  0.0, Diff:  0.0, Sum:  0.0, Workers: 4
[2702.549s][debug][gc,phases      ] GC(47)     Dead                           Min: 0, Avg:  0.0, Max: 0, Diff: 0, Sum: 0, Workers: 4
[2702.549s][debug][gc,phases      ] GC(47)     Total                          Min: 0, Avg: 236.5, Max: 640, Diff: 640, Sum: 946, Workers: 4
[2702.549s][debug][gc,phases      ] GC(47)   ObjectSynchronizer Weak        Min:  0.0, Avg:  0.0, Max:  0.0, Diff:  0.0, Sum:  0.0, Workers: 4
[2702.549s][debug][gc,phases      ] GC(47)     Dead                           Min: 0, Avg:  0.0, Max: 0, Diff: 0, Sum: 0, Workers: 4
[2702.549s][debug][gc,phases      ] GC(47)     Total                          Min: 0, Avg:  0.8, Max: 3, Diff: 3, Sum: 3, Workers: 4
[2702.549s][debug][gc,phases      ] GC(47)   JVMTI Tag Weak OopStorage      Min:  0.0, Avg:  0.0, Max:  0.0, Diff:  0.0, Sum:  0.0, Workers: 4
[2702.549s][debug][gc,phases      ] GC(47)     Dead                           Min: 0, Avg:  0.0, Max: 0, Diff: 0, Sum: 0, Workers: 4
[2702.549s][debug][gc,phases      ] GC(47)     Total                          Min: 0, Avg:  0.0, Max: 0, Diff: 0, Sum: 0, Workers: 4
[2702.549s][debug][gc,phases      ] GC(47)   StringTable Weak               Min:  0.0, Avg:  0.1, Max:  0.1, Diff:  0.1, Sum:  0.4, Workers: 4
[2702.549s][debug][gc,phases      ] GC(47)     Dead                           Min: 0, Avg:  0.0, Max: 0, Diff: 0, Sum: 0, Workers: 4
[2702.549s][debug][gc,phases      ] GC(47)     Total                          Min: 0, Avg: 11180.8, Max: 17651, Diff: 17651, Sum: 44723, Workers: 4
[2702.549s][debug][gc,phases      ] GC(47)   ResolvedMethodTable Weak       Min:  0.0, Avg:  0.0, Max:  0.0, Diff:  0.0, Sum:  0.1, Workers: 4
[2702.549s][debug][gc,phases      ] GC(47)     Dead                           Min: 0, Avg:  4.0, Max: 13, Diff: 13, Sum: 16, Workers: 4
[2702.549s][debug][gc,phases      ] GC(47)     Total                          Min: 0, Avg: 3542.0, Max: 5189, Diff: 5189, Sum: 14168, Workers: 4
[2702.549s][debug][gc,phases      ] GC(47)   JNI Weak                       Min:  0.0, Avg:  0.0, Max:  0.0, Diff:  0.0, Sum:  0.0, Workers: 4
[2702.549s][debug][gc,phases      ] GC(47)     Dead                           Min: 0, Avg:  0.0, Max: 0, Diff: 0, Sum: 0, Workers: 4
[2702.549s][debug][gc,phases      ] GC(47)     Total                          Min: 0, Avg: 13.0, Max: 52, Diff: 52, Sum: 52, Workers: 4
[2702.549s][debug][gc,phases      ] GC(47)   StringDedup Table Weak         Min:  0.0, Avg:  0.0, Max:  0.0, Diff:  0.0, Sum:  0.0, Workers: 4
[2702.549s][debug][gc,phases      ] GC(47)     Dead                           Min: 0, Avg:  0.0, Max: 0, Diff: 0, Sum: 0, Workers: 4
[2702.549s][debug][gc,phases      ] GC(47)     Total                          Min: 0, Avg:  0.0, Max: 0, Diff: 0, Sum: 0, Workers: 4
[2702.549s][debug][gc,phases      ] GC(47)   StringDedup Requests0 Weak     Min:  0.0, Avg:  0.0, Max:  0.0, Diff:  0.0, Sum:  0.0, Workers: 4
[2702.549s][debug][gc,phases      ] GC(47)     Dead                           Min: 0, Avg:  0.0, Max: 0, Diff: 0, Sum: 0, Workers: 4
[2702.549s][debug][gc,phases      ] GC(47)     Total                          Min: 0, Avg:  0.0, Max: 0, Diff: 0, Sum: 0, Workers: 4
[2702.549s][debug][gc,phases      ] GC(47)   StringDedup Requests1 Weak     Min:  0.0, Avg:  0.0, Max:  0.0, Diff:  0.0, Sum:  0.0, Workers: 4
[2702.549s][debug][gc,phases      ] GC(47)     Dead                           Min: 0, Avg:  0.0, Max: 0, Diff: 0, Sum: 0, Workers: 4
[2702.549s][debug][gc,phases      ] GC(47)     Total                          Min: 0, Avg:  0.0, Max: 0, Diff: 0, Sum: 0, Workers: 4
[2702.549s][debug][gc,phases      ] GC(47)   Weak JFR Old Object Samples    Min:  0.0, Avg:  0.0, Max:  0.0, Diff:  0.0, Sum:  0.0, Workers: 4
[2702.549s][debug][gc,phases      ] GC(47)     Dead                           Min: 0, Avg:  0.0, Max: 0, Diff: 0, Sum: 0, Workers: 4
[2702.549s][debug][gc,phases      ] GC(47)     Total                          Min: 0, Avg:  0.0, Max: 0, Diff: 0, Sum: 0, Workers: 4
[2702.549s][debug][gc,phases      ] GC(47) Weak Processing 0.427ms
[2702.549s][debug][gc,age         ] GC(47) Desired survivor size 39845888 bytes, new threshold 1 (max threshold 15)
[2702.549s][info ][gc,heap        ] GC(47) PSYoungGen: 2013472K(2055168K)->2304K(2052096K) Eden: 2010112K(2010112K)->0K(2010112K) From: 3360K(45056K)->2304K(41984K)
[2702.549s][info ][gc,heap        ] GC(47) ParOldGen: 235098K(236544K)->236138K(236544K)
[2702.549s][info ][gc,metaspace   ] GC(47) Metaspace: 102440K(103680K)->102440K(103680K) NonClass: 87107K(87808K)->87107K(87808K) Class: 15332K(15872K)->15332K(15872K)
[2702.549s][info ][gc             ] GC(47) Pause Young (Allocation Failure) 2195M->232M(2235M) 3.742ms
[2702.549s][info ][gc,cpu         ] GC(47) User=0.01s Sys=0.00s Real=0.01s
[2702.549s][info ][safepoint      ] Safepoint "ParallelGCFailedAllocation", Time since last: 13032148152 ns, Reaching safepoint: 89105 ns, Cleanup: 4800 ns, At safepoint: 3865347 ns, Total: 3959252 ns
[2709.549s][info ][safepoint      ] Safepoint "Cleanup", Time since last: 7000515988 ns, Reaching safepoint: 9200 ns, Cleanup: 17602 ns, At safepoint: 3000 ns, Total: 29802 ns
[2711.551s][info ][safepoint      ] Safepoint "Cleanup", Time since last: 2001176098 ns, Reaching safepoint: 8800 ns, Cleanup: 18802 ns, At safepoint: 2600 ns, Total: 30202 ns
[2717.551s][info ][safepoint      ] Safepoint "Cleanup", Time since last: 6000485537 ns, Reaching safepoint: 10000 ns, Cleanup: 14401 ns, At safepoint: 2601 ns, Total: 27002 ns
[2721.551s][info ][safepoint      ] Safepoint "Cleanup", Time since last: 4000349967 ns, Reaching safepoint: 8600 ns, Cleanup: 13001 ns, At safepoint: 2700 ns, Total: 24301 ns
[2723.552s][info ][safepoint      ] Safepoint "Cleanup", Time since last: 2000201536 ns, Reaching safepoint: 9100 ns, Cleanup: 15201 ns, At safepoint: 2801 ns, Total: 27102 ns
[2727.552s][info ][safepoint      ] Safepoint "Cleanup", Time since last: 4000345593 ns, Reaching safepoint: 7900 ns, Cleanup: 19902 ns, At safepoint: 2700 ns, Total: 30502 ns
[2732.553s][info ][safepoint      ] Safepoint "Cleanup", Time since last: 5000415075 ns, Reaching safepoint: 9301 ns, Cleanup: 11101 ns, At safepoint: 2800 ns, Total: 23202 ns
[2739.553s][info ][safepoint      ] Safepoint "Cleanup", Time since last: 7000595480 ns, Reaching safepoint: 6600 ns, Cleanup: 8301 ns, At safepoint: 2400 ns, Total: 17301 ns
[2741.553s][info ][safepoint      ] Safepoint "Cleanup", Time since last: 2000211393 ns, Reaching safepoint: 9201 ns, Cleanup: 13301 ns, At safepoint: 2600 ns, Total: 25102 ns
[2742.554s][info ][safepoint      ] Safepoint "Cleanup", Time since last: 1000125774 ns, Reaching safepoint: 7100 ns, Cleanup: 11901 ns, At safepoint: 3000 ns, Total: 22001 ns
[2752.554s][info ][safepoint      ] Safepoint "Cleanup", Time since last: 10000767592 ns, Reaching safepoint: 8901 ns, Cleanup: 15601 ns, At safepoint: 2400 ns, Total: 26902 ns
[2754.555s][info ][safepoint      ] Safepoint "Cleanup", Time since last: 2000206389 ns, Reaching safepoint: 9900 ns, Cleanup: 16801 ns, At safepoint: 2701 ns, Total: 29402 ns
[2759.555s][info ][safepoint      ] Safepoint "Cleanup", Time since last: 5000404454 ns, Reaching safepoint: 7800 ns, Cleanup: 21302 ns, At safepoint: 2500 ns, Total: 31602 ns
[2760.555s][info ][safepoint      ] Safepoint "Cleanup", Time since last: 1000118755 ns, Reaching safepoint: 9400 ns, Cleanup: 23102 ns, At safepoint: 2500 ns, Total: 35002 ns
[2763.555s][info ][safepoint      ] Safepoint "Cleanup", Time since last: 3000291461 ns, Reaching safepoint: 9000 ns, Cleanup: 13501 ns, At safepoint: 2700 ns, Total: 25201 ns
[2765.556s][info ][safepoint      ] Safepoint "Cleanup", Time since last: 2000187045 ns, Reaching safepoint: 9600 ns, Cleanup: 9901 ns, At safepoint: 2600 ns, Total: 22101 ns
[2770.556s][info ][safepoint      ] Safepoint "Cleanup", Time since last: 5000413565 ns, Reaching safepoint: 9301 ns, Cleanup: 19301 ns, At safepoint: 3100 ns, Total: 31702 ns
[2775.557s][info ][safepoint      ] Safepoint "Cleanup", Time since last: 5000437276 ns, Reaching safepoint: 10001 ns, Cleanup: 18501 ns, At safepoint: 2700 ns, Total: 31202 ns
[2776.557s][info ][safepoint      ] Safepoint "Cleanup", Time since last: 1000127846 ns, Reaching safepoint: 8401 ns, Cleanup: 130808 ns, At safepoint: 2800 ns, Total: 142009 ns
[2777.561s][info ][safepoint      ] Safepoint "Cleanup", Time since last: 1004455617 ns, Reaching safepoint: 8800 ns, Cleanup: 50603 ns, At safepoint: 2600 ns, Total: 62003 ns
[2779.562s][info ][safepoint      ] Safepoint "Cleanup", Time since last: 2000183589 ns, Reaching safepoint: 8201 ns, Cleanup: 30201 ns, At safepoint: 2301 ns, Total: 40703 ns
[2780.562s][info ][safepoint      ] Safepoint "Cleanup", Time since last: 1000126046 ns, Reaching safepoint: 8801 ns, Cleanup: 12700 ns, At safepoint: 2700 ns, Total: 24201 ns
[2781.802s][info ][gc,start       ] GC(48) Pause Young (Allocation Failure)
[2781.825s][debug][gc,phases      ] GC(48) Scavenge 22.837ms
[2781.825s][debug][gc,ref         ] GC(48) ReferenceProcessor::execute queues: 1, RefProcThreadModel::Single, marks_oops_alive: false
[2781.825s][debug][gc,ref         ] GC(48) Skipped KeepAliveFinalRefsPhase of Reference Processing: no references
[2781.825s][debug][gc,ref         ] GC(48) ReferenceProcessor::execute queues: 1, RefProcThreadModel::Single, marks_oops_alive: false
[2781.825s][debug][gc,phases      ] GC(48) Reference Processing 0.144ms
[2781.826s][debug][gc,phases      ] GC(48)   VM Weak                        Min:  0.0, Avg:  0.0, Max:  0.0, Diff:  0.0, Sum:  0.0, Workers: 4
[2781.826s][debug][gc,phases      ] GC(48)     Dead                           Min: 0, Avg:  0.0, Max: 0, Diff: 0, Sum: 0, Workers: 4
[2781.826s][debug][gc,phases      ] GC(48)     Total                          Min: 0, Avg: 237.5, Max: 950, Diff: 950, Sum: 950, Workers: 4
[2781.826s][debug][gc,phases      ] GC(48)   ObjectSynchronizer Weak        Min:  0.0, Avg:  0.0, Max:  0.0, Diff:  0.0, Sum:  0.0, Workers: 4
[2781.826s][debug][gc,phases      ] GC(48)     Dead                           Min: 0, Avg:  0.0, Max: 0, Diff: 0, Sum: 0, Workers: 4
[2781.826s][debug][gc,phases      ] GC(48)     Total                          Min: 0, Avg:  1.5, Max: 6, Diff: 6, Sum: 6, Workers: 4
[2781.826s][debug][gc,phases      ] GC(48)   JVMTI Tag Weak OopStorage      Min:  0.0, Avg:  0.0, Max:  0.0, Diff:  0.0, Sum:  0.0, Workers: 4
[2781.826s][debug][gc,phases      ] GC(48)     Dead                           Min: 0, Avg:  0.0, Max: 0, Diff: 0, Sum: 0, Workers: 4
[2781.826s][debug][gc,phases      ] GC(48)     Total                          Min: 0, Avg:  0.0, Max: 0, Diff: 0, Sum: 0, Workers: 4
[2781.826s][debug][gc,phases      ] GC(48)   StringTable Weak               Min:  0.0, Avg:  0.1, Max:  0.4, Diff:  0.4, Sum:  0.4, Workers: 4
[2781.826s][debug][gc,phases      ] GC(48)     Dead                           Min: 0, Avg:  0.2, Max: 1, Diff: 1, Sum: 1, Workers: 4
[2781.826s][debug][gc,phases      ] GC(48)     Total                          Min: 0, Avg: 11186.2, Max: 44745, Diff: 44745, Sum: 44745, Workers: 4
[2781.826s][debug][gc,phases      ] GC(48)   ResolvedMethodTable Weak       Min:  0.0, Avg:  0.0, Max:  0.1, Diff:  0.1, Sum:  0.1, Workers: 4
[2781.826s][debug][gc,phases      ] GC(48)     Dead                           Min: 0, Avg:  4.5, Max: 18, Diff: 18, Sum: 18, Workers: 4
[2781.826s][debug][gc,phases      ] GC(48)     Total                          Min: 0, Avg: 3547.8, Max: 14191, Diff: 14191, Sum: 14191, Workers: 4
[2781.826s][debug][gc,phases      ] GC(48)   JNI Weak                       Min:  0.0, Avg:  0.0, Max:  0.0, Diff:  0.0, Sum:  0.0, Workers: 4
[2781.826s][debug][gc,phases      ] GC(48)     Dead                           Min: 0, Avg:  0.0, Max: 0, Diff: 0, Sum: 0, Workers: 4
[2781.826s][debug][gc,phases      ] GC(48)     Total                          Min: 0, Avg: 13.0, Max: 52, Diff: 52, Sum: 52, Workers: 4
[2781.826s][debug][gc,phases      ] GC(48)   StringDedup Table Weak         Min:  0.0, Avg:  0.0, Max:  0.0, Diff:  0.0, Sum:  0.0, Workers: 4
[2781.826s][debug][gc,phases      ] GC(48)     Dead                           Min: 0, Avg:  0.0, Max: 0, Diff: 0, Sum: 0, Workers: 4
[2781.826s][debug][gc,phases      ] GC(48)     Total                          Min: 0, Avg:  0.0, Max: 0, Diff: 0, Sum: 0, Workers: 4
[2781.826s][debug][gc,phases      ] GC(48)   StringDedup Requests0 Weak     Min:  0.0, Avg:  0.0, Max:  0.0, Diff:  0.0, Sum:  0.0, Workers: 4
[2781.826s][debug][gc,phases      ] GC(48)     Dead                           Min: 0, Avg:  0.0, Max: 0, Diff: 0, Sum: 0, Workers: 4
[2781.826s][debug][gc,phases      ] GC(48)     Total                          Min: 0, Avg:  0.0, Max: 0, Diff: 0, Sum: 0, Workers: 4
[2781.826s][debug][gc,phases      ] GC(48)   StringDedup Requests1 Weak     Min:  0.0, Avg:  0.0, Max:  0.0, Diff:  0.0, Sum:  0.0, Workers: 4
[2781.826s][debug][gc,phases      ] GC(48)     Dead                           Min: 0, Avg:  0.0, Max: 0, Diff: 0, Sum: 0, Workers: 4
[2781.826s][debug][gc,phases      ] GC(48)     Total                          Min: 0, Avg:  0.0, Max: 0, Diff: 0, Sum: 0, Workers: 4
[2781.826s][debug][gc,phases      ] GC(48)   Weak JFR Old Object Samples    Min:  0.0, Avg:  0.0, Max:  0.0, Diff:  0.0, Sum:  0.0, Workers: 4
[2781.826s][debug][gc,phases      ] GC(48)     Dead                           Min: 0, Avg:  0.0, Max: 0, Diff: 0, Sum: 0, Workers: 4
[2781.826s][debug][gc,phases      ] GC(48)     Total                          Min: 0, Avg:  0.0, Max: 0, Diff: 0, Sum: 0, Workers: 4
[2781.826s][debug][gc,phases      ] GC(48) Weak Processing 0.874ms
[2781.826s][debug][gc,age         ] GC(48) Desired survivor size 38797312 bytes, new threshold 1 (max threshold 15)
[2781.826s][info ][gc,heap        ] GC(48) PSYoungGen: 2012416K(2052096K)->11536K(2059264K) Eden: 2010112K(2010112K)->0K(2020352K) From: 2304K(41984K)->11536K(38912K)
[2781.826s][info ][gc,heap        ] GC(48) ParOldGen: 236138K(236544K)->236466K(236544K)
[2781.826s][info ][gc,metaspace   ] GC(48) Metaspace: 102537K(103808K)->102537K(103808K) NonClass: 87193K(87936K)->87193K(87936K) Class: 15344K(15872K)->15344K(15872K)
[2781.826s][info ][gc             ] GC(48) Pause Young (Allocation Failure) 2195M->242M(2242M) 24.027ms
[2781.826s][info ][gc,cpu         ] GC(48) User=0.03s Sys=0.00s Real=0.03s
[2781.826s][info ][safepoint      ] Safepoint "ParallelGCFailedAllocation", Time since last: 1238072095 ns, Reaching safepoint: 2258545 ns, Cleanup: 11000 ns, At safepoint: 24141842 ns, Total: 26411387 ns
[2783.826s][info ][safepoint      ] Safepoint "Cleanup", Time since last: 2000164024 ns, Reaching safepoint: 8201 ns, Cleanup: 10401 ns, At safepoint: 2600 ns, Total: 21202 ns
[2785.827s][info ][safepoint      ] Safepoint "Cleanup", Time since last: 2000184726 ns, Reaching safepoint: 7400 ns, Cleanup: 11501 ns, At safepoint: 2200 ns, Total: 21101 ns
[2792.828s][info ][safepoint      ] Safepoint "Cleanup", Time since last: 7000894666 ns, Reaching safepoint: 8900 ns, Cleanup: 84806 ns, At safepoint: 2800 ns, Total: 96506 ns
[2793.828s][info ][safepoint      ] Safepoint "Cleanup", Time since last: 1000106148 ns, Reaching safepoint: 9401 ns, Cleanup: 55804 ns, At safepoint: 2900 ns, Total: 68105 ns
[2794.828s][info ][safepoint      ] Safepoint "Cleanup", Time since last: 1000109048 ns, Reaching safepoint: 8701 ns, Cleanup: 24102 ns, At safepoint: 2700 ns, Total: 35503 ns
[2795.828s][info ][safepoint      ] Safepoint "Cleanup", Time since last: 1000126550 ns, Reaching safepoint: 8700 ns, Cleanup: 21301 ns, At safepoint: 2701 ns, Total: 32702 ns
[2796.828s][info ][safepoint      ] Safepoint "Cleanup", Time since last: 1000151051 ns, Reaching safepoint: 10301 ns, Cleanup: 14801 ns, At safepoint: 2700 ns, Total: 27802 ns
[2797.828s][info ][safepoint      ] Safepoint "Cleanup", Time since last: 1000113917 ns, Reaching safepoint: 9401 ns, Cleanup: 16101 ns, At safepoint: 2800 ns, Total: 28302 ns
[2798.829s][info ][safepoint      ] Safepoint "Cleanup", Time since last: 1000120108 ns, Reaching safepoint: 7301 ns, Cleanup: 11400 ns, At safepoint: 2501 ns, Total: 21202 ns
[2800.829s][info ][safepoint      ] Safepoint "Cleanup", Time since last: 2000172812 ns, Reaching safepoint: 10201 ns, Cleanup: 17501 ns, At safepoint: 2700 ns, Total: 30402 ns
[2801.829s][info ][safepoint      ] Safepoint "Cleanup", Time since last: 1000128710 ns, Reaching safepoint: 8500 ns, Cleanup: 14601 ns, At safepoint: 2500 ns, Total: 25601 ns
[2802.829s][info ][safepoint      ] Safepoint "Cleanup", Time since last: 1000123609 ns, Reaching safepoint: 8800 ns, Cleanup: 13201 ns, At safepoint: 2500 ns, Total: 24501 ns
[2806.829s][info ][safepoint      ] Safepoint "Cleanup", Time since last: 4000351850 ns, Reaching safepoint: 9001 ns, Cleanup: 11000 ns, At safepoint: 2401 ns, Total: 22402 ns
[2807.830s][info ][safepoint      ] Safepoint "Cleanup", Time since last: 1000108258 ns, Reaching safepoint: 8400 ns, Cleanup: 12401 ns, At safepoint: 2700 ns, Total: 23501 ns
[2809.830s][info ][safepoint      ] Safepoint "Cleanup", Time since last: 2000164713 ns, Reaching safepoint: 8301 ns, Cleanup: 14701 ns, At safepoint: 3000 ns, Total: 26002 ns
[2815.830s][info ][safepoint      ] Safepoint "Cleanup", Time since last: 6000465827 ns, Reaching safepoint: 9100 ns, Cleanup: 22802 ns, At safepoint: 2400 ns, Total: 34302 ns
[2816.830s][info ][safepoint      ] Safepoint "Cleanup", Time since last: 1000120320 ns, Reaching safepoint: 7000 ns, Cleanup: 12701 ns, At safepoint: 2300 ns, Total: 22001 ns
[2817.831s][info ][safepoint      ] Safepoint "Cleanup", Time since last: 1000119320 ns, Reaching safepoint: 9801 ns, Cleanup: 15500 ns, At safepoint: 3101 ns, Total: 28402 ns
[2818.831s][info ][safepoint      ] Safepoint "Cleanup", Time since last: 1000137421 ns, Reaching safepoint: 6100 ns, Cleanup: 14301 ns, At safepoint: 2700 ns, Total: 23101 ns
[2819.831s][info ][safepoint      ] Safepoint "Cleanup", Time since last: 1000116820 ns, Reaching safepoint: 8300 ns, Cleanup: 11901 ns, At safepoint: 2200 ns, Total: 22401 ns
[2820.831s][info ][safepoint      ] Safepoint "Cleanup", Time since last: 1000129221 ns, Reaching safepoint: 9100 ns, Cleanup: 11801 ns, At safepoint: 2600 ns, Total: 23501 ns
[2822.949s][info ][safepoint      ] Safepoint "Cleanup", Time since last: 2117766031 ns, Reaching safepoint: 6401 ns, Cleanup: 18001 ns, At safepoint: 2300 ns, Total: 26702 ns
[2823.949s][info ][safepoint      ] Safepoint "Cleanup", Time since last: 1000127462 ns, Reaching safepoint: 9001 ns, Cleanup: 14601 ns, At safepoint: 2900 ns, Total: 26502 ns
[2827.949s][info ][safepoint      ] Safepoint "Cleanup", Time since last: 4000337539 ns, Reaching safepoint: 9001 ns, Cleanup: 11000 ns, At safepoint: 2700 ns, Total: 22701 ns
[2828.949s][info ][safepoint      ] Safepoint "Cleanup", Time since last: 1000136964 ns, Reaching safepoint: 8900 ns, Cleanup: 16301 ns, At safepoint: 2300 ns, Total: 27501 ns
[2830.950s][info ][safepoint      ] Safepoint "Cleanup", Time since last: 2000201057 ns, Reaching safepoint: 9200 ns, Cleanup: 39003 ns, At safepoint: 2800 ns, Total: 51003 ns
[2831.950s][info ][safepoint      ] Safepoint "Cleanup", Time since last: 1000121339 ns, Reaching safepoint: 8800 ns, Cleanup: 32302 ns, At safepoint: 2700 ns, Total: 43802 ns
[2833.950s][info ][safepoint      ] Safepoint "Cleanup", Time since last: 2000216077 ns, Reaching safepoint: 8800 ns, Cleanup: 25802 ns, At safepoint: 3000 ns, Total: 37602 ns
[2834.950s][info ][safepoint      ] Safepoint "Cleanup", Time since last: 1000130439 ns, Reaching safepoint: 8801 ns, Cleanup: 9300 ns, At safepoint: 2401 ns, Total: 20502 ns
[2837.951s][info ][safepoint      ] Safepoint "Cleanup", Time since last: 3000284803 ns, Reaching safepoint: 8700 ns, Cleanup: 14101 ns, At safepoint: 3000 ns, Total: 25801 ns
[2840.951s][info ][safepoint      ] Safepoint "Cleanup", Time since last: 3000276767 ns, Reaching safepoint: 9100 ns, Cleanup: 12301 ns, At safepoint: 2400 ns, Total: 23801 ns
[2841.951s][info ][safepoint      ] Safepoint "Cleanup", Time since last: 1000126558 ns, Reaching safepoint: 8901 ns, Cleanup: 20101 ns, At safepoint: 2500 ns, Total: 31502 ns
[2844.951s][info ][safepoint      ] Safepoint "Cleanup", Time since last: 3000266766 ns, Reaching safepoint: 6800 ns, Cleanup: 13101 ns, At safepoint: 2500 ns, Total: 22401 ns
[2846.952s][info ][safepoint      ] Safepoint "Cleanup", Time since last: 2000198129 ns, Reaching safepoint: 9501 ns, Cleanup: 18901 ns, At safepoint: 2800 ns, Total: 31202 ns
[2851.953s][info ][safepoint      ] Safepoint "Cleanup", Time since last: 5001044750 ns, Reaching safepoint: 9200 ns, Cleanup: 17601 ns, At safepoint: 2600 ns, Total: 29401 ns
[2861.953s][info ][safepoint      ] Safepoint "Cleanup", Time since last: 10000788174 ns, Reaching safepoint: 8701 ns, Cleanup: 18401 ns, At safepoint: 2900 ns, Total: 30002 ns
[2862.378s][info ][gc,start       ] GC(49) Pause Young (Allocation Failure)
[2862.405s][debug][gc,phases      ] GC(49) Scavenge 26.903ms
[2862.405s][debug][gc,ref         ] GC(49) ReferenceProcessor::execute queues: 1, RefProcThreadModel::Single, marks_oops_alive: false
[2862.405s][debug][gc,ref         ] GC(49) Skipped KeepAliveFinalRefsPhase of Reference Processing: no references
[2862.405s][debug][gc,ref         ] GC(49) ReferenceProcessor::execute queues: 1, RefProcThreadModel::Single, marks_oops_alive: false
[2862.405s][debug][gc,phases      ] GC(49) Reference Processing 0.145ms
[2862.406s][debug][gc,phases      ] GC(49)   VM Weak                        Min:  0.0, Avg:  0.0, Max:  0.0, Diff:  0.0, Sum:  0.0, Workers: 4
[2862.406s][debug][gc,phases      ] GC(49)     Dead                           Min: 0, Avg:  0.0, Max: 0, Diff: 0, Sum: 0, Workers: 4
[2862.406s][debug][gc,phases      ] GC(49)     Total                          Min: 0, Avg: 240.5, Max: 962, Diff: 962, Sum: 962, Workers: 4
[2862.406s][debug][gc,phases      ] GC(49)   ObjectSynchronizer Weak        Min:  0.0, Avg:  0.0, Max:  0.0, Diff:  0.0, Sum:  0.0, Workers: 4
[2862.406s][debug][gc,phases      ] GC(49)     Dead                           Min: 0, Avg:  0.0, Max: 0, Diff: 0, Sum: 0, Workers: 4
[2862.406s][debug][gc,phases      ] GC(49)     Total                          Min: 0, Avg:  1.0, Max: 4, Diff: 4, Sum: 4, Workers: 4
[2862.406s][debug][gc,phases      ] GC(49)   JVMTI Tag Weak OopStorage      Min:  0.0, Avg:  0.0, Max:  0.0, Diff:  0.0, Sum:  0.0, Workers: 4
[2862.406s][debug][gc,phases      ] GC(49)     Dead                           Min: 0, Avg:  0.0, Max: 0, Diff: 0, Sum: 0, Workers: 4
[2862.406s][debug][gc,phases      ] GC(49)     Total                          Min: 0, Avg:  0.0, Max: 0, Diff: 0, Sum: 0, Workers: 4
[2862.406s][debug][gc,phases      ] GC(49)   StringTable Weak               Min:  0.0, Avg:  0.1, Max:  0.5, Diff:  0.5, Sum:  0.5, Workers: 4
[2862.406s][debug][gc,phases      ] GC(49)     Dead                           Min: 0, Avg:  0.5, Max: 2, Diff: 2, Sum: 2, Workers: 4
[2862.406s][debug][gc,phases      ] GC(49)     Total                          Min: 0, Avg: 11198.5, Max: 44794, Diff: 44794, Sum: 44794, Workers: 4
[2862.406s][debug][gc,phases      ] GC(49)   ResolvedMethodTable Weak       Min:  0.0, Avg:  0.0, Max:  0.2, Diff:  0.2, Sum:  0.2, Workers: 4
[2862.406s][debug][gc,phases      ] GC(49)     Dead                           Min: 0, Avg:  6.5, Max: 26, Diff: 26, Sum: 26, Workers: 4
[2862.406s][debug][gc,phases      ] GC(49)     Total                          Min: 0, Avg: 3564.2, Max: 14257, Diff: 14257, Sum: 14257, Workers: 4
[2862.406s][debug][gc,phases      ] GC(49)   JNI Weak                       Min:  0.0, Avg:  0.0, Max:  0.0, Diff:  0.0, Sum:  0.0, Workers: 4
[2862.406s][debug][gc,phases      ] GC(49)     Dead                           Min: 0, Avg:  0.0, Max: 0, Diff: 0, Sum: 0, Workers: 4
[2862.406s][debug][gc,phases      ] GC(49)     Total                          Min: 0, Avg: 13.0, Max: 52, Diff: 52, Sum: 52, Workers: 4
[2862.406s][debug][gc,phases      ] GC(49)   StringDedup Table Weak         Min:  0.0, Avg:  0.0, Max:  0.0, Diff:  0.0, Sum:  0.0, Workers: 4
[2862.406s][debug][gc,phases      ] GC(49)     Dead                           Min: 0, Avg:  0.0, Max: 0, Diff: 0, Sum: 0, Workers: 4
[2862.406s][debug][gc,phases      ] GC(49)     Total                          Min: 0, Avg:  0.0, Max: 0, Diff: 0, Sum: 0, Workers: 4
[2862.406s][debug][gc,phases      ] GC(49)   StringDedup Requests0 Weak     Min:  0.0, Avg:  0.0, Max:  0.0, Diff:  0.0, Sum:  0.0, Workers: 4
[2862.406s][debug][gc,phases      ] GC(49)     Dead                           Min: 0, Avg:  0.0, Max: 0, Diff: 0, Sum: 0, Workers: 4
[2862.406s][debug][gc,phases      ] GC(49)     Total                          Min: 0, Avg:  0.0, Max: 0, Diff: 0, Sum: 0, Workers: 4
[2862.406s][debug][gc,phases      ] GC(49)   StringDedup Requests1 Weak     Min:  0.0, Avg:  0.0, Max:  0.0, Diff:  0.0, Sum:  0.0, Workers: 4
[2862.406s][debug][gc,phases      ] GC(49)     Dead                           Min: 0, Avg:  0.0, Max: 0, Diff: 0, Sum: 0, Workers: 4
[2862.406s][debug][gc,phases      ] GC(49)     Total                          Min: 0, Avg:  0.0, Max: 0, Diff: 0, Sum: 0, Workers: 4
[2862.406s][debug][gc,phases      ] GC(49)   Weak JFR Old Object Samples    Min:  0.0, Avg:  0.0, Max:  0.0, Diff:  0.0, Sum:  0.0, Workers: 4
[2862.406s][debug][gc,phases      ] GC(49)     Dead                           Min: 0, Avg:  0.0, Max: 0, Diff: 0, Sum: 0, Workers: 4
[2862.406s][debug][gc,phases      ] GC(49)     Total                          Min: 0, Avg:  0.0, Max: 0, Diff: 0, Sum: 0, Workers: 4
[2862.406s][debug][gc,phases      ] GC(49) Weak Processing 0.905ms
[2862.406s][debug][gc,age         ] GC(49) Desired survivor size 35651584 bytes, new threshold 1 (max threshold 15)
[2862.406s][info ][gc,heap        ] GC(49) PSYoungGen: 2031888K(2059264K)->4453K(2058240K) Eden: 2020352K(2020352K)->0K(2020352K) From: 11536K(38912K)->4453K(37888K)
[2862.406s][info ][gc,heap        ] GC(49) ParOldGen: 236466K(236544K)->244238K(244736K)
[2862.406s][info ][gc,metaspace   ] GC(49) Metaspace: 102695K(104000K)->102695K(104000K) NonClass: 87328K(88064K)->87328K(88064K) Class: 15366K(15936K)->15366K(15936K)
[2862.406s][info ][gc             ] GC(49) Pause Young (Allocation Failure) 2215M->242M(2249M) 28.105ms
[2862.406s][info ][gc,cpu         ] GC(49) User=0.02s Sys=0.01s Real=0.03s
[2862.406s][info ][safepoint      ] Safepoint "ParallelGCFailedAllocation", Time since last: 424239992 ns, Reaching safepoint: 7100 ns, Cleanup: 47003 ns, At safepoint: 28194974 ns, Total: 28249077 ns
[2868.406s][info ][safepoint      ] Safepoint "Cleanup", Time since last: 6000459125 ns, Reaching safepoint: 8500 ns, Cleanup: 46203 ns, At safepoint: 3100 ns, Total: 57803 ns
[2869.407s][info ][safepoint      ] Safepoint "Cleanup", Time since last: 1000123880 ns, Reaching safepoint: 9301 ns, Cleanup: 25101 ns, At safepoint: 2600 ns, Total: 37002 ns
[2870.407s][info ][safepoint      ] Safepoint "Cleanup", Time since last: 1000115715 ns, Reaching safepoint: 7301 ns, Cleanup: 8400 ns, At safepoint: 2501 ns, Total: 18202 ns
[2871.407s][info ][safepoint      ] Safepoint "Cleanup", Time since last: 1000130016 ns, Reaching safepoint: 10000 ns, Cleanup: 16701 ns, At safepoint: 2400 ns, Total: 29101 ns
[2875.407s][info ][safepoint      ] Safepoint "Cleanup", Time since last: 4000381556 ns, Reaching safepoint: 8300 ns, Cleanup: 10801 ns, At safepoint: 9301 ns, Total: 28402 ns
[2877.408s][info ][safepoint      ] Safepoint "Cleanup", Time since last: 2000210867 ns, Reaching safepoint: 7401 ns, Cleanup: 15701 ns, At safepoint: 2200 ns, Total: 25302 ns
[2881.966s][info ][safepoint      ] Safepoint "Cleanup", Time since last: 4558824177 ns, Reaching safepoint: 8900 ns, Cleanup: 11801 ns, At safepoint: 28202 ns, Total: 48903 ns
[2889.967s][info ][safepoint      ] Safepoint "Cleanup", Time since last: 8000643365 ns, Reaching safepoint: 6200 ns, Cleanup: 16901 ns, At safepoint: 2300 ns, Total: 25401 ns
[2891.967s][info ][safepoint      ] Safepoint "Cleanup", Time since last: 2000194989 ns, Reaching safepoint: 8601 ns, Cleanup: 27302 ns, At safepoint: 2600 ns, Total: 38503 ns
[2896.968s][info ][safepoint      ] Safepoint "Cleanup", Time since last: 5000409871 ns, Reaching safepoint: 8001 ns, Cleanup: 13700 ns, At safepoint: 2301 ns, Total: 24002 ns
[2898.968s][info ][safepoint      ] Safepoint "Cleanup", Time since last: 2000183440 ns, Reaching safepoint: 8900 ns, Cleanup: 14501 ns, At safepoint: 2500 ns, Total: 25901 ns
[2909.969s][info ][safepoint      ] Safepoint "Cleanup", Time since last: 11000798054 ns, Reaching safepoint: 8601 ns, Cleanup: 10701 ns, At safepoint: 2600 ns, Total: 21902 ns
[2911.969s][info ][safepoint      ] Safepoint "Cleanup", Time since last: 2000199690 ns, Reaching safepoint: 6800 ns, Cleanup: 10401 ns, At safepoint: 2200 ns, Total: 19401 ns
[2912.969s][info ][safepoint      ] Safepoint "Cleanup", Time since last: 1000117996 ns, Reaching safepoint: 8401 ns, Cleanup: 10800 ns, At safepoint: 2400 ns, Total: 21601 ns
[2913.969s][info ][safepoint      ] Safepoint "Cleanup", Time since last: 1000115396 ns, Reaching safepoint: 8701 ns, Cleanup: 10801 ns, At safepoint: 2700 ns, Total: 22202 ns
[2915.970s][info ][safepoint      ] Safepoint "Cleanup", Time since last: 2000177494 ns, Reaching safepoint: 6301 ns, Cleanup: 8800 ns, At safepoint: 2401 ns, Total: 17502 ns
[2921.970s][info ][safepoint      ] Safepoint "Cleanup", Time since last: 6000477809 ns, Reaching safepoint: 6600 ns, Cleanup: 9701 ns, At safepoint: 2000 ns, Total: 18301 ns
[2926.970s][info ][safepoint      ] Safepoint "Cleanup", Time since last: 5000396467 ns, Reaching safepoint: 6100 ns, Cleanup: 9301 ns, At safepoint: 2200 ns, Total: 17601 ns
[2932.971s][info ][safepoint      ] Safepoint "Cleanup", Time since last: 6000482909 ns, Reaching safepoint: 222114 ns, Cleanup: 10401 ns, At safepoint: 5900 ns, Total: 238415 ns
[2934.971s][info ][safepoint      ] Safepoint "Cleanup", Time since last: 2000203384 ns, Reaching safepoint: 8400 ns, Cleanup: 11101 ns, At safepoint: 2700 ns, Total: 22201 ns
[2937.972s][info ][safepoint      ] Safepoint "Cleanup", Time since last: 3000275003 ns, Reaching safepoint: 6301 ns, Cleanup: 10000 ns, At safepoint: 2700 ns, Total: 19001 ns
[2940.972s][info ][safepoint      ] Safepoint "Cleanup", Time since last: 3000264303 ns, Reaching safepoint: 6300 ns, Cleanup: 9301 ns, At safepoint: 2400 ns, Total: 18001 ns
[2948.985s][info ][safepoint      ] Safepoint "Cleanup", Time since last: 8012727474 ns, Reaching safepoint: 5500 ns, Cleanup: 9501 ns, At safepoint: 2100 ns, Total: 17101 ns
[2949.507s][info ][gc,start       ] GC(50) Pause Young (Allocation Failure)
[2949.511s][debug][gc,phases      ] GC(50) Scavenge 4.125ms
[2949.511s][debug][gc,ref         ] GC(50) ReferenceProcessor::execute queues: 1, RefProcThreadModel::Single, marks_oops_alive: false
[2949.511s][debug][gc,ref         ] GC(50) Skipped KeepAliveFinalRefsPhase of Reference Processing: no references
[2949.511s][debug][gc,ref         ] GC(50) ReferenceProcessor::execute queues: 1, RefProcThreadModel::Single, marks_oops_alive: false
[2949.511s][debug][gc,phases      ] GC(50) Reference Processing 0.111ms
[2949.511s][debug][gc,phases      ] GC(50)   VM Weak                        Min:  0.0, Avg:  0.0, Max:  0.0, Diff:  0.0, Sum:  0.0, Workers: 4
[2949.511s][debug][gc,phases      ] GC(50)     Dead                           Min: 0, Avg:  0.0, Max: 0, Diff: 0, Sum: 0, Workers: 4
[2949.511s][debug][gc,phases      ] GC(50)     Total                          Min: 0, Avg: 240.5, Max: 576, Diff: 576, Sum: 962, Workers: 4
[2949.511s][debug][gc,phases      ] GC(50)   ObjectSynchronizer Weak        Min:  0.0, Avg:  0.0, Max:  0.0, Diff:  0.0, Sum:  0.0, Workers: 4
[2949.511s][debug][gc,phases      ] GC(50)     Dead                           Min: 0, Avg:  0.0, Max: 0, Diff: 0, Sum: 0, Workers: 4
[2949.511s][debug][gc,phases      ] GC(50)     Total                          Min: 0, Avg:  1.0, Max: 4, Diff: 4, Sum: 4, Workers: 4
[2949.511s][debug][gc,phases      ] GC(50)   JVMTI Tag Weak OopStorage      Min:  0.0, Avg:  0.0, Max:  0.0, Diff:  0.0, Sum:  0.0, Workers: 4
[2949.511s][debug][gc,phases      ] GC(50)     Dead                           Min: 0, Avg:  0.0, Max: 0, Diff: 0, Sum: 0, Workers: 4
[2949.511s][debug][gc,phases      ] GC(50)     Total                          Min: 0, Avg:  0.0, Max: 0, Diff: 0, Sum: 0, Workers: 4
[2949.511s][debug][gc,phases      ] GC(50)   StringTable Weak               Min:  0.0, Avg:  0.1, Max:  0.1, Diff:  0.1, Sum:  0.4, Workers: 4
[2949.511s][debug][gc,phases      ] GC(50)     Dead                           Min: 0, Avg:  0.0, Max: 0, Diff: 0, Sum: 0, Workers: 4
[2949.511s][debug][gc,phases      ] GC(50)     Total                          Min: 0, Avg: 11199.8, Max: 17663, Diff: 17663, Sum: 44799, Workers: 4
[2949.511s][debug][gc,phases      ] GC(50)   ResolvedMethodTable Weak       Min:  0.0, Avg:  0.0, Max:  0.0, Diff:  0.0, Sum:  0.1, Workers: 4
[2949.511s][debug][gc,phases      ] GC(50)     Dead                           Min: 0, Avg:  4.0, Max: 15, Diff: 15, Sum: 16, Workers: 4
[2949.511s][debug][gc,phases      ] GC(50)     Total                          Min: 0, Avg: 3564.2, Max: 5630, Diff: 5630, Sum: 14257, Workers: 4
[2949.511s][debug][gc,phases      ] GC(50)   JNI Weak                       Min:  0.0, Avg:  0.0, Max:  0.0, Diff:  0.0, Sum:  0.0, Workers: 4
[2949.511s][debug][gc,phases      ] GC(50)     Dead                           Min: 0, Avg:  0.0, Max: 0, Diff: 0, Sum: 0, Workers: 4
[2949.511s][debug][gc,phases      ] GC(50)     Total                          Min: 0, Avg: 13.0, Max: 52, Diff: 52, Sum: 52, Workers: 4
[2949.511s][debug][gc,phases      ] GC(50)   StringDedup Table Weak         Min:  0.0, Avg:  0.0, Max:  0.0, Diff:  0.0, Sum:  0.0, Workers: 4
[2949.511s][debug][gc,phases      ] GC(50)     Dead                           Min: 0, Avg:  0.0, Max: 0, Diff: 0, Sum: 0, Workers: 4
[2949.511s][debug][gc,phases      ] GC(50)     Total                          Min: 0, Avg:  0.0, Max: 0, Diff: 0, Sum: 0, Workers: 4
[2949.511s][debug][gc,phases      ] GC(50)   StringDedup Requests0 Weak     Min:  0.0, Avg:  0.0, Max:  0.0, Diff:  0.0, Sum:  0.0, Workers: 4
[2949.511s][debug][gc,phases      ] GC(50)     Dead                           Min: 0, Avg:  0.0, Max: 0, Diff: 0, Sum: 0, Workers: 4
[2949.511s][debug][gc,phases      ] GC(50)     Total                          Min: 0, Avg:  0.0, Max: 0, Diff: 0, Sum: 0, Workers: 4
[2949.511s][debug][gc,phases      ] GC(50)   StringDedup Requests1 Weak     Min:  0.0, Avg:  0.0, Max:  0.0, Diff:  0.0, Sum:  0.0, Workers: 4
[2949.511s][debug][gc,phases      ] GC(50)     Dead                           Min: 0, Avg:  0.0, Max: 0, Diff: 0, Sum: 0, Workers: 4
[2949.511s][debug][gc,phases      ] GC(50)     Total                          Min: 0, Avg:  0.0, Max: 0, Diff: 0, Sum: 0, Workers: 4
[2949.511s][debug][gc,phases      ] GC(50)   Weak JFR Old Object Samples    Min:  0.0, Avg:  0.0, Max:  0.0, Diff:  0.0, Sum:  0.0, Workers: 4
[2949.511s][debug][gc,phases      ] GC(50)     Dead                           Min: 0, Avg:  0.0, Max: 0, Diff: 0, Sum: 0, Workers: 4
[2949.511s][debug][gc,phases      ] GC(50)     Total                          Min: 0, Avg:  0.0, Max: 0, Diff: 0, Sum: 0, Workers: 4
[2949.511s][debug][gc,phases      ] GC(50) Weak Processing 0.421ms
[2949.511s][debug][gc,age         ] GC(50) Desired survivor size 33554432 bytes, new threshold 1 (max threshold 15)
[2949.511s][info ][gc,heap        ] GC(50) PSYoungGen: 2024805K(2058240K)->3312K(2064384K) Eden: 2020352K(2020352K)->0K(2029568K) From: 4453K(37888K)->3312K(34816K)
[2949.511s][info ][gc,heap        ] GC(50) ParOldGen: 244238K(244736K)->245294K(245760K)
[2949.511s][info ][gc,metaspace   ] GC(50) Metaspace: 102710K(104000K)->102710K(104000K) NonClass: 87344K(88064K)->87344K(88064K) Class: 15366K(15936K)->15366K(15936K)
[2949.512s][info ][gc             ] GC(50) Pause Young (Allocation Failure) 2215M->242M(2256M) 4.799ms
[2949.512s][info ][gc,cpu         ] GC(50) User=0.01s Sys=0.00s Real=0.00s
[2949.512s][info ][safepoint      ] Safepoint "ParallelGCFailedAllocation", Time since last: 521980445 ns, Reaching safepoint: 5801 ns, Cleanup: 4600 ns, At safepoint: 4882700 ns, Total: 4893101 ns
[2950.512s][info ][safepoint      ] Safepoint "Cleanup", Time since last: 1000093852 ns, Reaching safepoint: 6101 ns, Cleanup: 9800 ns, At safepoint: 1900 ns, Total: 17801 ns
[2954.512s][info ][safepoint      ] Safepoint "Cleanup", Time since last: 4000340707 ns, Reaching safepoint: 8201 ns, Cleanup: 13301 ns, At safepoint: 2500 ns, Total: 24002 ns
[2956.512s][info ][safepoint      ] Safepoint "Cleanup", Time since last: 2000194205 ns, Reaching safepoint: 6700 ns, Cleanup: 10601 ns, At safepoint: 21001 ns, Total: 38302 ns
[2976.514s][info ][safepoint      ] Safepoint "Cleanup", Time since last: 20001502617 ns, Reaching safepoint: 6000 ns, Cleanup: 9601 ns, At safepoint: 2100 ns, Total: 17701 ns
[3009.003s][info ][safepoint      ] Safepoint "Cleanup", Time since last: 32489009868 ns, Reaching safepoint: 9300 ns, Cleanup: 13501 ns, At safepoint: 3200 ns, Total: 26001 ns
[3012.003s][info ][safepoint      ] Safepoint "Cleanup", Time since last: 3000286308 ns, Reaching safepoint: 7600 ns, Cleanup: 20801 ns, At safepoint: 2401 ns, Total: 30802 ns
[3025.004s][info ][safepoint      ] Safepoint "Cleanup", Time since last: 13001015731 ns, Reaching safepoint: 8000 ns, Cleanup: 8201 ns, At safepoint: 6700 ns, Total: 22901 ns
[3026.004s][info ][safepoint      ] Safepoint "Cleanup", Time since last: 1000125202 ns, Reaching safepoint: 8901 ns, Cleanup: 11300 ns, At safepoint: 2900 ns, Total: 23101 ns
[3027.004s][info ][safepoint      ] Safepoint "Cleanup", Time since last: 1000121202 ns, Reaching safepoint: 8601 ns, Cleanup: 9000 ns, At safepoint: 2701 ns, Total: 20302 ns
[3032.802s][info ][gc,start       ] GC(51) Pause Young (Allocation Failure)
[3032.806s][debug][gc,phases      ] GC(51) Scavenge 3.850ms
[3032.806s][debug][gc,ref         ] GC(51) ReferenceProcessor::execute queues: 1, RefProcThreadModel::Single, marks_oops_alive: false
[3032.806s][debug][gc,ref         ] GC(51) Skipped KeepAliveFinalRefsPhase of Reference Processing: no references
[3032.806s][debug][gc,ref         ] GC(51) ReferenceProcessor::execute queues: 1, RefProcThreadModel::Single, marks_oops_alive: false
[3032.806s][debug][gc,phases      ] GC(51) Reference Processing 0.130ms
[3032.806s][debug][gc,phases      ] GC(51)   VM Weak                        Min:  0.0, Avg:  0.0, Max:  0.0, Diff:  0.0, Sum:  0.0, Workers: 4
[3032.806s][debug][gc,phases      ] GC(51)     Dead                           Min: 0, Avg:  0.0, Max: 0, Diff: 0, Sum: 0, Workers: 4
[3032.806s][debug][gc,phases      ] GC(51)     Total                          Min: 0, Avg: 240.5, Max: 706, Diff: 706, Sum: 962, Workers: 4
[3032.806s][debug][gc,phases      ] GC(51)   ObjectSynchronizer Weak        Min:  0.0, Avg:  0.0, Max:  0.0, Diff:  0.0, Sum:  0.0, Workers: 4
[3032.806s][debug][gc,phases      ] GC(51)     Dead                           Min: 0, Avg:  0.0, Max: 0, Diff: 0, Sum: 0, Workers: 4
[3032.806s][debug][gc,phases      ] GC(51)     Total                          Min: 0, Avg:  1.0, Max: 4, Diff: 4, Sum: 4, Workers: 4
[3032.806s][debug][gc,phases      ] GC(51)   JVMTI Tag Weak OopStorage      Min:  0.0, Avg:  0.0, Max:  0.0, Diff:  0.0, Sum:  0.0, Workers: 4
[3032.806s][debug][gc,phases      ] GC(51)     Dead                           Min: 0, Avg:  0.0, Max: 0, Diff: 0, Sum: 0, Workers: 4
[3032.806s][debug][gc,phases      ] GC(51)     Total                          Min: 0, Avg:  0.0, Max: 0, Diff: 0, Sum: 0, Workers: 4
[3032.806s][debug][gc,phases      ] GC(51)   StringTable Weak               Min:  0.0, Avg:  0.1, Max:  0.1, Diff:  0.1, Sum:  0.4, Workers: 4
[3032.806s][debug][gc,phases      ] GC(51)     Dead                           Min: 0, Avg:  0.0, Max: 0, Diff: 0, Sum: 0, Workers: 4
[3032.806s][debug][gc,phases      ] GC(51)     Total                          Min: 0, Avg: 11201.0, Max: 16388, Diff: 16388, Sum: 44804, Workers: 4
[3032.806s][debug][gc,phases      ] GC(51)   ResolvedMethodTable Weak       Min:  0.0, Avg:  0.0, Max:  0.0, Diff:  0.0, Sum:  0.1, Workers: 4
[3032.806s][debug][gc,phases      ] GC(51)     Dead                           Min: 0, Avg:  4.0, Max: 16, Diff: 16, Sum: 16, Workers: 4
[3032.806s][debug][gc,phases      ] GC(51)     Total                          Min: 0, Avg: 3564.2, Max: 5078, Diff: 5078, Sum: 14257, Workers: 4
[3032.806s][debug][gc,phases      ] GC(51)   JNI Weak                       Min:  0.0, Avg:  0.0, Max:  0.0, Diff:  0.0, Sum:  0.0, Workers: 4
[3032.806s][debug][gc,phases      ] GC(51)     Dead                           Min: 0, Avg:  0.0, Max: 0, Diff: 0, Sum: 0, Workers: 4
[3032.806s][debug][gc,phases      ] GC(51)     Total                          Min: 0, Avg: 13.0, Max: 52, Diff: 52, Sum: 52, Workers: 4
[3032.806s][debug][gc,phases      ] GC(51)   StringDedup Table Weak         Min:  0.0, Avg:  0.0, Max:  0.0, Diff:  0.0, Sum:  0.0, Workers: 4
[3032.806s][debug][gc,phases      ] GC(51)     Dead                           Min: 0, Avg:  0.0, Max: 0, Diff: 0, Sum: 0, Workers: 4
[3032.806s][debug][gc,phases      ] GC(51)     Total                          Min: 0, Avg:  0.0, Max: 0, Diff: 0, Sum: 0, Workers: 4
[3032.806s][debug][gc,phases      ] GC(51)   StringDedup Requests0 Weak     Min:  0.0, Avg:  0.0, Max:  0.0, Diff:  0.0, Sum:  0.0, Workers: 4
[3032.806s][debug][gc,phases      ] GC(51)     Dead                           Min: 0, Avg:  0.0, Max: 0, Diff: 0, Sum: 0, Workers: 4
[3032.806s][debug][gc,phases      ] GC(51)     Total                          Min: 0, Avg:  0.0, Max: 0, Diff: 0, Sum: 0, Workers: 4
[3032.806s][debug][gc,phases      ] GC(51)   StringDedup Requests1 Weak     Min:  0.0, Avg:  0.0, Max:  0.0, Diff:  0.0, Sum:  0.0, Workers: 4
[3032.806s][debug][gc,phases      ] GC(51)     Dead                           Min: 0, Avg:  0.0, Max: 0, Diff: 0, Sum: 0, Workers: 4
[3032.806s][debug][gc,phases      ] GC(51)     Total                          Min: 0, Avg:  0.0, Max: 0, Diff: 0, Sum: 0, Workers: 4
[3032.806s][debug][gc,phases      ] GC(51)   Weak JFR Old Object Samples    Min:  0.0, Avg:  0.0, Max:  0.0, Diff:  0.0, Sum:  0.0, Workers: 4
[3032.806s][debug][gc,phases      ] GC(51)     Dead                           Min: 0, Avg:  0.0, Max: 0, Diff: 0, Sum: 0, Workers: 4
[3032.806s][debug][gc,phases      ] GC(51)     Total                          Min: 0, Avg:  0.0, Max: 0, Diff: 0, Sum: 0, Workers: 4
[3032.806s][debug][gc,phases      ] GC(51) Weak Processing 0.486ms
[3032.806s][debug][gc,age         ] GC(51) Desired survivor size 31457280 bytes, new threshold 1 (max threshold 15)
[3032.806s][info ][gc,heap        ] GC(51) PSYoungGen: 2032880K(2064384K)->2656K(2062336K) Eden: 2029568K(2029568K)->0K(2029568K) From: 3312K(34816K)->2656K(32768K)
[3032.806s][info ][gc,heap        ] GC(51) ParOldGen: 245294K(245760K)->246182K(246272K)
[3032.806s][info ][gc,metaspace   ] GC(51) Metaspace: 102754K(104064K)->102754K(104064K) NonClass: 87387K(88128K)->87387K(88128K) Class: 15366K(15936K)->15366K(15936K)
[3032.806s][info ][gc             ] GC(51) Pause Young (Allocation Failure) 2224M->243M(2254M) 4.610ms
[3032.806s][info ][gc,cpu         ] GC(51) User=0.01s Sys=0.00s Real=0.01s
[3032.806s][info ][safepoint      ] Safepoint "ParallelGCFailedAllocation", Time since last: 5797107998 ns, Reaching safepoint: 8601 ns, Cleanup: 4200 ns, At safepoint: 4692578 ns, Total: 4705379 ns
[3034.806s][info ][safepoint      ] Safepoint "Cleanup", Time since last: 2000166569 ns, Reaching safepoint: 6101 ns, Cleanup: 10200 ns, At safepoint: 2401 ns, Total: 18702 ns
[3038.807s][info ][safepoint      ] Safepoint "Cleanup", Time since last: 4000321947 ns, Reaching safepoint: 8202 ns, Cleanup: 10301 ns, At safepoint: 2901 ns, Total: 21404 ns
[3042.807s][info ][safepoint      ] Safepoint "Cleanup", Time since last: 4000328650 ns, Reaching safepoint: 6601 ns, Cleanup: 10701 ns, At safepoint: 2500 ns, Total: 19802 ns
[3047.808s][info ][safepoint      ] Safepoint "Cleanup", Time since last: 5000415943 ns, Reaching safepoint: 7600 ns, Cleanup: 16902 ns, At safepoint: 2100 ns, Total: 26602 ns
[3048.808s][info ][safepoint      ] Safepoint "Cleanup", Time since last: 1000122528 ns, Reaching safepoint: 7901 ns, Cleanup: 7001 ns, At safepoint: 2500 ns, Total: 17402 ns
[3054.808s][info ][safepoint      ] Safepoint "Cleanup", Time since last: 6000471482 ns, Reaching safepoint: 7901 ns, Cleanup: 12001 ns, At safepoint: 2500 ns, Total: 22402 ns
[3056.808s][info ][safepoint      ] Safepoint "Cleanup", Time since last: 2000180161 ns, Reaching safepoint: 7801 ns, Cleanup: 11701 ns, At safepoint: 2500 ns, Total: 22002 ns
[3059.809s][info ][safepoint      ] Safepoint "Cleanup", Time since last: 3000242989 ns, Reaching safepoint: 6300 ns, Cleanup: 24903 ns, At safepoint: 2200 ns, Total: 33403 ns
[3060.809s][info ][safepoint      ] Safepoint "Cleanup", Time since last: 1000107432 ns, Reaching safepoint: 4900 ns, Cleanup: 8601 ns, At safepoint: 2300 ns, Total: 15801 ns
[3067.030s][info ][safepoint      ] Safepoint "Cleanup", Time since last: 6220950227 ns, Reaching safepoint: 6400 ns, Cleanup: 9101 ns, At safepoint: 2500 ns, Total: 18001 ns
[3073.030s][info ][safepoint      ] Safepoint "Cleanup", Time since last: 6000469826 ns, Reaching safepoint: 7801 ns, Cleanup: 12901 ns, At safepoint: 30002 ns, Total: 50704 ns
[3076.031s][info ][safepoint      ] Safepoint "Cleanup", Time since last: 3000255448 ns, Reaching safepoint: 6300 ns, Cleanup: 10401 ns, At safepoint: 2000 ns, Total: 18701 ns
[3078.031s][info ][safepoint      ] Safepoint "Cleanup", Time since last: 2000177006 ns, Reaching safepoint: 6100 ns, Cleanup: 9601 ns, At safepoint: 2200 ns, Total: 17901 ns
[3079.031s][info ][safepoint      ] Safepoint "Cleanup", Time since last: 1000116184 ns, Reaching safepoint: 6200 ns, Cleanup: 11101 ns, At safepoint: 2200 ns, Total: 19501 ns
[3093.032s][info ][safepoint      ] Safepoint "Cleanup", Time since last: 14001057698 ns, Reaching safepoint: 5700 ns, Cleanup: 8101 ns, At safepoint: 1800 ns, Total: 15601 ns
[3097.032s][info ][safepoint      ] Safepoint "Cleanup", Time since last: 4000323170 ns, Reaching safepoint: 6001 ns, Cleanup: 9500 ns, At safepoint: 2301 ns, Total: 17802 ns
[3098.032s][info ][safepoint      ] Safepoint "Cleanup", Time since last: 1000116713 ns, Reaching safepoint: 5901 ns, Cleanup: 10400 ns, At safepoint: 2501 ns, Total: 18802 ns
[3103.033s][info ][safepoint      ] Safepoint "Cleanup", Time since last: 5000384426 ns, Reaching safepoint: 5700 ns, Cleanup: 9601 ns, At safepoint: 2400 ns, Total: 17701 ns
[3113.499s][info ][gc,start       ] GC(52) Pause Young (Allocation Failure)
[3113.503s][debug][gc,phases      ] GC(52) Scavenge 3.655ms
[3113.503s][debug][gc,ref         ] GC(52) ReferenceProcessor::execute queues: 1, RefProcThreadModel::Single, marks_oops_alive: false
[3113.503s][debug][gc,ref         ] GC(52) Skipped KeepAliveFinalRefsPhase of Reference Processing: no references
[3113.503s][debug][gc,ref         ] GC(52) ReferenceProcessor::execute queues: 1, RefProcThreadModel::Single, marks_oops_alive: false
[3113.503s][debug][gc,phases      ] GC(52) Reference Processing 0.111ms
[3113.503s][debug][gc,phases      ] GC(52)   VM Weak                        Min:  0.0, Avg:  0.0, Max:  0.0, Diff:  0.0, Sum:  0.0, Workers: 4
[3113.503s][debug][gc,phases      ] GC(52)     Dead                           Min: 0, Avg:  0.0, Max: 0, Diff: 0, Sum: 0, Workers: 4
[3113.503s][debug][gc,phases      ] GC(52)     Total                          Min: 0, Avg: 240.5, Max: 578, Diff: 578, Sum: 962, Workers: 4
[3113.503s][debug][gc,phases      ] GC(52)   ObjectSynchronizer Weak        Min:  0.0, Avg:  0.0, Max:  0.0, Diff:  0.0, Sum:  0.0, Workers: 4
[3113.503s][debug][gc,phases      ] GC(52)     Dead                           Min: 0, Avg:  0.0, Max: 0, Diff: 0, Sum: 0, Workers: 4
[3113.503s][debug][gc,phases      ] GC(52)     Total                          Min: 0, Avg:  1.0, Max: 4, Diff: 4, Sum: 4, Workers: 4
[3113.503s][debug][gc,phases      ] GC(52)   JVMTI Tag Weak OopStorage      Min:  0.0, Avg:  0.0, Max:  0.0, Diff:  0.0, Sum:  0.0, Workers: 4
[3113.503s][debug][gc,phases      ] GC(52)     Dead                           Min: 0, Avg:  0.0, Max: 0, Diff: 0, Sum: 0, Workers: 4
[3113.503s][debug][gc,phases      ] GC(52)     Total                          Min: 0, Avg:  0.0, Max: 0, Diff: 0, Sum: 0, Workers: 4
[3113.503s][debug][gc,phases      ] GC(52)   StringTable Weak               Min:  0.1, Avg:  0.1, Max:  0.1, Diff:  0.0, Sum:  0.4, Workers: 4
[3113.503s][debug][gc,phases      ] GC(52)     Dead                           Min: 0, Avg:  0.0, Max: 0, Diff: 0, Sum: 0, Workers: 4
[3113.503s][debug][gc,phases      ] GC(52)     Total                          Min: 10304, Avg: 11201.8, Max: 12416, Diff: 2112, Sum: 44807, Workers: 4
[3113.503s][debug][gc,phases      ] GC(52)   ResolvedMethodTable Weak       Min:  0.0, Avg:  0.0, Max:  0.0, Diff:  0.0, Sum:  0.2, Workers: 4
[3113.503s][debug][gc,phases      ] GC(52)     Dead                           Min: 0, Avg:  4.0, Max: 16, Diff: 16, Sum: 16, Workers: 4
[3113.503s][debug][gc,phases      ] GC(52)     Total                          Min: 3281, Avg: 3564.2, Max: 3758, Diff: 477, Sum: 14257, Workers: 4
[3113.503s][debug][gc,phases      ] GC(52)   JNI Weak                       Min:  0.0, Avg:  0.0, Max:  0.0, Diff:  0.0, Sum:  0.0, Workers: 4
[3113.503s][debug][gc,phases      ] GC(52)     Dead                           Min: 0, Avg:  0.0, Max: 0, Diff: 0, Sum: 0, Workers: 4
[3113.503s][debug][gc,phases      ] GC(52)     Total                          Min: 0, Avg: 13.0, Max: 52, Diff: 52, Sum: 52, Workers: 4
[3113.503s][debug][gc,phases      ] GC(52)   StringDedup Table Weak         Min:  0.0, Avg:  0.0, Max:  0.0, Diff:  0.0, Sum:  0.0, Workers: 4
[3113.503s][debug][gc,phases      ] GC(52)     Dead                           Min: 0, Avg:  0.0, Max: 0, Diff: 0, Sum: 0, Workers: 4
[3113.503s][debug][gc,phases      ] GC(52)     Total                          Min: 0, Avg:  0.0, Max: 0, Diff: 0, Sum: 0, Workers: 4
[3113.503s][debug][gc,phases      ] GC(52)   StringDedup Requests0 Weak     Min:  0.0, Avg:  0.0, Max:  0.0, Diff:  0.0, Sum:  0.0, Workers: 4
[3113.503s][debug][gc,phases      ] GC(52)     Dead                           Min: 0, Avg:  0.0, Max: 0, Diff: 0, Sum: 0, Workers: 4
[3113.503s][debug][gc,phases      ] GC(52)     Total                          Min: 0, Avg:  0.0, Max: 0, Diff: 0, Sum: 0, Workers: 4
[3113.503s][debug][gc,phases      ] GC(52)   StringDedup Requests1 Weak     Min:  0.0, Avg:  0.0, Max:  0.0, Diff:  0.0, Sum:  0.0, Workers: 4
[3113.503s][debug][gc,phases      ] GC(52)     Dead                           Min: 0, Avg:  0.0, Max: 0, Diff: 0, Sum: 0, Workers: 4
[3113.503s][debug][gc,phases      ] GC(52)     Total                          Min: 0, Avg:  0.0, Max: 0, Diff: 0, Sum: 0, Workers: 4
[3113.503s][debug][gc,phases      ] GC(52)   Weak JFR Old Object Samples    Min:  0.0, Avg:  0.0, Max:  0.0, Diff:  0.0, Sum:  0.0, Workers: 4
[3113.503s][debug][gc,phases      ] GC(52)     Dead                           Min: 0, Avg:  0.0, Max: 0, Diff: 0, Sum: 0, Workers: 4
[3113.503s][debug][gc,phases      ] GC(52)     Total                          Min: 0, Avg:  0.0, Max: 0, Diff: 0, Sum: 0, Workers: 4
[3113.503s][debug][gc,phases      ] GC(52) Weak Processing 0.391ms
[3113.503s][debug][gc,age         ] GC(52) Desired survivor size 28835840 bytes, new threshold 1 (max threshold 15)
[3113.503s][info ][gc,heap        ] GC(52) PSYoungGen: 2032224K(2062336K)->3345K(2068992K) Eden: 2029568K(2029568K)->0K(2038272K) From: 2656K(32768K)->3345K(30720K)
[3113.503s][info ][gc,heap        ] GC(52) ParOldGen: 246182K(246272K)->246398K(246784K)
[3113.503s][info ][gc,metaspace   ] GC(52) Metaspace: 102761K(104064K)->102761K(104064K) NonClass: 87394K(88128K)->87394K(88128K) Class: 15366K(15936K)->15366K(15936K)
[3113.503s][info ][gc             ] GC(52) Pause Young (Allocation Failure) 2225M->243M(2261M) 4.280ms
[3113.503s][info ][gc,cpu         ] GC(52) User=0.02s Sys=0.00s Real=0.00s
[3113.503s][info ][safepoint      ] Safepoint "ParallelGCFailedAllocation", Time since last: 10466000756 ns, Reaching safepoint: 5000 ns, Cleanup: 3800 ns, At safepoint: 4348909 ns, Total: 4357709 ns
[3117.504s][info ][safepoint      ] Safepoint "Cleanup", Time since last: 4000317564 ns, Reaching safepoint: 6001 ns, Cleanup: 8401 ns, At safepoint: 2200 ns, Total: 16602 ns
[3125.047s][info ][safepoint      ] Safepoint "Cleanup", Time since last: 7543550373 ns, Reaching safepoint: 8201 ns, Cleanup: 14701 ns, At safepoint: 2500 ns, Total: 25402 ns
[3127.048s][info ][safepoint      ] Safepoint "Cleanup", Time since last: 2000255148 ns, Reaching safepoint: 78507 ns, Cleanup: 12701 ns, At safepoint: 6300 ns, Total: 97508 ns
[3128.048s][info ][safepoint      ] Safepoint "Cleanup", Time since last: 1000122137 ns, Reaching safepoint: 10701 ns, Cleanup: 13601 ns, At safepoint: 2700 ns, Total: 27002 ns
[3144.049s][info ][safepoint      ] Safepoint "Cleanup", Time since last: 16001289558 ns, Reaching safepoint: 6000 ns, Cleanup: 8201 ns, At safepoint: 3000 ns, Total: 17201 ns
[3147.049s][info ][safepoint      ] Safepoint "Cleanup", Time since last: 3000275060 ns, Reaching safepoint: 6901 ns, Cleanup: 12301 ns, At safepoint: 16801 ns, Total: 36003 ns
[3151.050s][info ][safepoint      ] Safepoint "Cleanup", Time since last: 4000407333 ns, Reaching safepoint: 5600 ns, Cleanup: 16002 ns, At safepoint: 2100 ns, Total: 23702 ns
[3157.050s][info ][safepoint      ] Safepoint "Cleanup", Time since last: 6000562146 ns, Reaching safepoint: 5700 ns, Cleanup: 8101 ns, At safepoint: 2300 ns, Total: 16101 ns
[3161.051s][info ][safepoint      ] Safepoint "Cleanup", Time since last: 4000381086 ns, Reaching safepoint: 6101 ns, Cleanup: 15101 ns, At safepoint: 2600 ns, Total: 23802 ns
[3162.051s][info ][safepoint      ] Safepoint "Cleanup", Time since last: 1000168412 ns, Reaching safepoint: 6501 ns, Cleanup: 10500 ns, At safepoint: 2501 ns, Total: 19502 ns
[3182.066s][info ][safepoint      ] Safepoint "Cleanup", Time since last: 20015448014 ns, Reaching safepoint: 5400 ns, Cleanup: 9601 ns, At safepoint: 2000 ns, Total: 17001 ns
[3187.067s][info ][safepoint      ] Safepoint "Cleanup", Time since last: 5000389957 ns, Reaching safepoint: 5901 ns, Cleanup: 10200 ns, At safepoint: 2200 ns, Total: 18301 ns
[3202.693s][info ][gc,start       ] GC(53) Pause Young (Allocation Failure)
[3202.696s][debug][gc,phases      ] GC(53) Scavenge 2.629ms
[3202.696s][debug][gc,ref         ] GC(53) ReferenceProcessor::execute queues: 1, RefProcThreadModel::Single, marks_oops_alive: false
[3202.696s][debug][gc,ref         ] GC(53) Skipped KeepAliveFinalRefsPhase of Reference Processing: no references
[3202.696s][debug][gc,ref         ] GC(53) ReferenceProcessor::execute queues: 1, RefProcThreadModel::Single, marks_oops_alive: false
[3202.696s][debug][gc,phases      ] GC(53) Reference Processing 0.114ms
[3202.696s][debug][gc,phases      ] GC(53)   VM Weak                        Min:  0.0, Avg:  0.0, Max:  0.0, Diff:  0.0, Sum:  0.0, Workers: 4
[3202.696s][debug][gc,phases      ] GC(53)     Dead                           Min: 0, Avg:  0.0, Max: 0, Diff: 0, Sum: 0, Workers: 4
[3202.696s][debug][gc,phases      ] GC(53)     Total                          Min: 0, Avg: 240.8, Max: 899, Diff: 899, Sum: 963, Workers: 4
[3202.696s][debug][gc,phases      ] GC(53)   ObjectSynchronizer Weak        Min:  0.0, Avg:  0.0, Max:  0.0, Diff:  0.0, Sum:  0.0, Workers: 4
[3202.696s][debug][gc,phases      ] GC(53)     Dead                           Min: 0, Avg:  0.0, Max: 0, Diff: 0, Sum: 0, Workers: 4
[3202.696s][debug][gc,phases      ] GC(53)     Total                          Min: 0, Avg:  1.0, Max: 4, Diff: 4, Sum: 4, Workers: 4
[3202.696s][debug][gc,phases      ] GC(53)   JVMTI Tag Weak OopStorage      Min:  0.0, Avg:  0.0, Max:  0.0, Diff:  0.0, Sum:  0.0, Workers: 4
[3202.696s][debug][gc,phases      ] GC(53)     Dead                           Min: 0, Avg:  0.0, Max: 0, Diff: 0, Sum: 0, Workers: 4
[3202.696s][debug][gc,phases      ] GC(53)     Total                          Min: 0, Avg:  0.0, Max: 0, Diff: 0, Sum: 0, Workers: 4
[3202.696s][debug][gc,phases      ] GC(53)   StringTable Weak               Min:  0.0, Avg:  0.1, Max:  0.1, Diff:  0.1, Sum:  0.4, Workers: 4
[3202.696s][debug][gc,phases      ] GC(53)     Dead                           Min: 0, Avg:  0.0, Max: 0, Diff: 0, Sum: 0, Workers: 4
[3202.696s][debug][gc,phases      ] GC(53)     Total                          Min: 0, Avg: 11202.5, Max: 16320, Diff: 16320, Sum: 44810, Workers: 4
[3202.696s][debug][gc,phases      ] GC(53)   ResolvedMethodTable Weak       Min:  0.0, Avg:  0.0, Max:  0.0, Diff:  0.0, Sum:  0.1, Workers: 4
[3202.696s][debug][gc,phases      ] GC(53)     Dead                           Min: 0, Avg:  4.2, Max: 17, Diff: 17, Sum: 17, Workers: 4
[3202.696s][debug][gc,phases      ] GC(53)     Total                          Min: 0, Avg: 3566.2, Max: 5106, Diff: 5106, Sum: 14265, Workers: 4
[3202.696s][debug][gc,phases      ] GC(53)   JNI Weak                       Min:  0.0, Avg:  0.0, Max:  0.0, Diff:  0.0, Sum:  0.0, Workers: 4
[3202.696s][debug][gc,phases      ] GC(53)     Dead                           Min: 0, Avg:  0.0, Max: 0, Diff: 0, Sum: 0, Workers: 4
[3202.696s][debug][gc,phases      ] GC(53)     Total                          Min: 0, Avg: 13.0, Max: 52, Diff: 52, Sum: 52, Workers: 4
[3202.696s][debug][gc,phases      ] GC(53)   StringDedup Table Weak         Min:  0.0, Avg:  0.0, Max:  0.0, Diff:  0.0, Sum:  0.0, Workers: 4
[3202.696s][debug][gc,phases      ] GC(53)     Dead                           Min: 0, Avg:  0.0, Max: 0, Diff: 0, Sum: 0, Workers: 4
[3202.696s][debug][gc,phases      ] GC(53)     Total                          Min: 0, Avg:  0.0, Max: 0, Diff: 0, Sum: 0, Workers: 4
[3202.696s][debug][gc,phases      ] GC(53)   StringDedup Requests0 Weak     Min:  0.0, Avg:  0.0, Max:  0.0, Diff:  0.0, Sum:  0.0, Workers: 4
[3202.696s][debug][gc,phases      ] GC(53)     Dead                           Min: 0, Avg:  0.0, Max: 0, Diff: 0, Sum: 0, Workers: 4
[3202.696s][debug][gc,phases      ] GC(53)     Total                          Min: 0, Avg:  0.0, Max: 0, Diff: 0, Sum: 0, Workers: 4
[3202.696s][debug][gc,phases      ] GC(53)   StringDedup Requests1 Weak     Min:  0.0, Avg:  0.0, Max:  0.0, Diff:  0.0, Sum:  0.0, Workers: 4
[3202.696s][debug][gc,phases      ] GC(53)     Dead                           Min: 0, Avg:  0.0, Max: 0, Diff: 0, Sum: 0, Workers: 4
[3202.696s][debug][gc,phases      ] GC(53)     Total                          Min: 0, Avg:  0.0, Max: 0, Diff: 0, Sum: 0, Workers: 4
[3202.696s][debug][gc,phases      ] GC(53)   Weak JFR Old Object Samples    Min:  0.0, Avg:  0.0, Max:  0.0, Diff:  0.0, Sum:  0.0, Workers: 4
[3202.696s][debug][gc,phases      ] GC(53)     Dead                           Min: 0, Avg:  0.0, Max: 0, Diff: 0, Sum: 0, Workers: 4
[3202.696s][debug][gc,phases      ] GC(53)     Total                          Min: 0, Avg:  0.0, Max: 0, Diff: 0, Sum: 0, Workers: 4
[3202.696s][debug][gc,phases      ] GC(53) Weak Processing 0.419ms
[3202.696s][debug][gc,age         ] GC(53) Desired survivor size 27262976 bytes, new threshold 1 (max threshold 15)
[3202.696s][info ][gc,heap        ] GC(53) PSYoungGen: 2041617K(2068992K)->2544K(2066432K) Eden: 2038272K(2038272K)->0K(2038272K) From: 3345K(30720K)->2544K(28160K)
[3202.696s][info ][gc,heap        ] GC(53) ParOldGen: 246398K(246784K)->247326K(247808K)
[3202.696s][info ][gc,metaspace   ] GC(53) Metaspace: 102779K(104064K)->102779K(104064K) NonClass: 87410K(88128K)->87410K(88128K) Class: 15368K(15936K)->15368K(15936K)
[3202.696s][info ][gc             ] GC(53) Pause Young (Allocation Failure) 2234M->244M(2260M) 3.302ms
[3202.696s][info ][gc,cpu         ] GC(53) User=0.01s Sys=0.00s Real=0.00s
[3202.696s][info ][safepoint      ] Safepoint "ParallelGCFailedAllocation", Time since last: 15626133683 ns, Reaching safepoint: 112909 ns, Cleanup: 5400 ns, At safepoint: 3387560 ns, Total: 3505869 ns
[3213.697s][info ][safepoint      ] Safepoint "Cleanup", Time since last: 11000970916 ns, Reaching safepoint: 6101 ns, Cleanup: 11200 ns, At safepoint: 29803 ns, Total: 47104 ns
[3231.699s][info ][safepoint      ] Safepoint "Cleanup", Time since last: 18001615281 ns, Reaching safepoint: 5600 ns, Cleanup: 9801 ns, At safepoint: 2000 ns, Total: 17401 ns
[3265.089s][info ][safepoint      ] Safepoint "Cleanup", Time since last: 33389790356 ns, Reaching safepoint: 6000 ns, Cleanup: 11401 ns, At safepoint: 30302 ns, Total: 47703 ns
[3266.089s][info ][safepoint      ] Safepoint "Cleanup", Time since last: 1000150629 ns, Reaching safepoint: 6200 ns, Cleanup: 9101 ns, At safepoint: 2400 ns, Total: 17701 ns
[3267.089s][info ][safepoint      ] Safepoint "Cleanup", Time since last: 1000146828 ns, Reaching safepoint: 6401 ns, Cleanup: 10201 ns, At safepoint: 2300 ns, Total: 18902 ns
[3288.091s][info ][safepoint      ] Safepoint "Cleanup", Time since last: 21001462814 ns, Reaching safepoint: 7701 ns, Cleanup: 11300 ns, At safepoint: 2601 ns, Total: 21602 ns
[3290.114s][info ][gc,start       ] GC(54) Pause Young (Allocation Failure)
[3290.118s][debug][gc,phases      ] GC(54) Scavenge 4.025ms
[3290.118s][debug][gc,ref         ] GC(54) ReferenceProcessor::execute queues: 1, RefProcThreadModel::Single, marks_oops_alive: false
[3290.118s][debug][gc,ref         ] GC(54) Skipped KeepAliveFinalRefsPhase of Reference Processing: no references
[3290.118s][debug][gc,ref         ] GC(54) ReferenceProcessor::execute queues: 1, RefProcThreadModel::Single, marks_oops_alive: false
[3290.118s][debug][gc,phases      ] GC(54) Reference Processing 0.136ms
[3290.119s][debug][gc,phases      ] GC(54)   VM Weak                        Min:  0.0, Avg:  0.0, Max:  0.0, Diff:  0.0, Sum:  0.0, Workers: 4
[3290.119s][debug][gc,phases      ] GC(54)     Dead                           Min: 0, Avg:  0.0, Max: 0, Diff: 0, Sum: 0, Workers: 4
[3290.119s][debug][gc,phases      ] GC(54)     Total                          Min: 0, Avg: 240.8, Max: 835, Diff: 835, Sum: 963, Workers: 4
[3290.119s][debug][gc,phases      ] GC(54)   ObjectSynchronizer Weak        Min:  0.0, Avg:  0.0, Max:  0.0, Diff:  0.0, Sum:  0.0, Workers: 4
[3290.119s][debug][gc,phases      ] GC(54)     Dead                           Min: 0, Avg:  0.0, Max: 0, Diff: 0, Sum: 0, Workers: 4
[3290.119s][debug][gc,phases      ] GC(54)     Total                          Min: 0, Avg:  1.0, Max: 4, Diff: 4, Sum: 4, Workers: 4
[3290.119s][debug][gc,phases      ] GC(54)   JVMTI Tag Weak OopStorage      Min:  0.0, Avg:  0.0, Max:  0.0, Diff:  0.0, Sum:  0.0, Workers: 4
[3290.119s][debug][gc,phases      ] GC(54)     Dead                           Min: 0, Avg:  0.0, Max: 0, Diff: 0, Sum: 0, Workers: 4
[3290.119s][debug][gc,phases      ] GC(54)     Total                          Min: 0, Avg:  0.0, Max: 0, Diff: 0, Sum: 0, Workers: 4
[3290.119s][debug][gc,phases      ] GC(54)   StringTable Weak               Min:  0.0, Avg:  0.1, Max:  0.1, Diff:  0.1, Sum:  0.4, Workers: 4
[3290.119s][debug][gc,phases      ] GC(54)     Dead                           Min: 0, Avg:  0.0, Max: 0, Diff: 0, Sum: 0, Workers: 4
[3290.119s][debug][gc,phases      ] GC(54)     Total                          Min: 0, Avg: 11202.8, Max: 16832, Diff: 16832, Sum: 44811, Workers: 4
[3290.119s][debug][gc,phases      ] GC(54)   ResolvedMethodTable Weak       Min:  0.0, Avg:  0.0, Max:  0.0, Diff:  0.0, Sum:  0.1, Workers: 4
[3290.119s][debug][gc,phases      ] GC(54)     Dead                           Min: 0, Avg:  4.0, Max: 16, Diff: 16, Sum: 16, Workers: 4
[3290.119s][debug][gc,phases      ] GC(54)     Total                          Min: 0, Avg: 3566.2, Max: 5145, Diff: 5145, Sum: 14265, Workers: 4
[3290.119s][debug][gc,phases      ] GC(54)   JNI Weak                       Min:  0.0, Avg:  0.0, Max:  0.0, Diff:  0.0, Sum:  0.0, Workers: 4
[3290.119s][debug][gc,phases      ] GC(54)     Dead                           Min: 0, Avg:  0.0, Max: 0, Diff: 0, Sum: 0, Workers: 4
[3290.119s][debug][gc,phases      ] GC(54)     Total                          Min: 0, Avg: 13.0, Max: 52, Diff: 52, Sum: 52, Workers: 4
[3290.119s][debug][gc,phases      ] GC(54)   StringDedup Table Weak         Min:  0.0, Avg:  0.0, Max:  0.0, Diff:  0.0, Sum:  0.0, Workers: 4
[3290.119s][debug][gc,phases      ] GC(54)     Dead                           Min: 0, Avg:  0.0, Max: 0, Diff: 0, Sum: 0, Workers: 4
[3290.119s][debug][gc,phases      ] GC(54)     Total                          Min: 0, Avg:  0.0, Max: 0, Diff: 0, Sum: 0, Workers: 4
[3290.119s][debug][gc,phases      ] GC(54)   StringDedup Requests0 Weak     Min:  0.0, Avg:  0.0, Max:  0.0, Diff:  0.0, Sum:  0.0, Workers: 4
[3290.119s][debug][gc,phases      ] GC(54)     Dead                           Min: 0, Avg:  0.0, Max: 0, Diff: 0, Sum: 0, Workers: 4
[3290.119s][debug][gc,phases      ] GC(54)     Total                          Min: 0, Avg:  0.0, Max: 0, Diff: 0, Sum: 0, Workers: 4
[3290.119s][debug][gc,phases      ] GC(54)   StringDedup Requests1 Weak     Min:  0.0, Avg:  0.0, Max:  0.0, Diff:  0.0, Sum:  0.0, Workers: 4
[3290.119s][debug][gc,phases      ] GC(54)     Dead                           Min: 0, Avg:  0.0, Max: 0, Diff: 0, Sum: 0, Workers: 4
[3290.119s][debug][gc,phases      ] GC(54)     Total                          Min: 0, Avg:  0.0, Max: 0, Diff: 0, Sum: 0, Workers: 4
[3290.119s][debug][gc,phases      ] GC(54)   Weak JFR Old Object Samples    Min:  0.0, Avg:  0.0, Max:  0.0, Diff:  0.0, Sum:  0.0, Workers: 4
[3290.119s][debug][gc,phases      ] GC(54)     Dead                           Min: 0, Avg:  0.0, Max: 0, Diff: 0, Sum: 0, Workers: 4
[3290.119s][debug][gc,phases      ] GC(54)     Total                          Min: 0, Avg:  0.0, Max: 0, Diff: 0, Sum: 0, Workers: 4
[3290.119s][debug][gc,phases      ] GC(54) Weak Processing 0.463ms
[3290.119s][debug][gc,age         ] GC(54) Desired survivor size 25165824 bytes, new threshold 1 (max threshold 15)
[3290.119s][info ][gc,heap        ] GC(54) PSYoungGen: 2040816K(2066432K)->2560K(2072576K) Eden: 2038272K(2038272K)->0K(2045952K) From: 2544K(28160K)->2560K(26624K)
[3290.119s][info ][gc,heap        ] GC(54) ParOldGen: 247326K(247808K)->247926K(248320K)
[3290.119s][info ][gc,metaspace   ] GC(54) Metaspace: 102789K(104128K)->102789K(104128K) NonClass: 87420K(88192K)->87420K(88192K) Class: 15368K(15936K)->15368K(15936K)
[3290.119s][info ][gc             ] GC(54) Pause Young (Allocation Failure) 2234M->244M(2266M) 4.755ms
[3290.119s][info ][gc,cpu         ] GC(54) User=0.01s Sys=0.00s Real=0.01s
[3290.119s][info ][safepoint      ] Safepoint "ParallelGCFailedAllocation", Time since last: 2023455846 ns, Reaching safepoint: 8100 ns, Cleanup: 4701 ns, At safepoint: 4844847 ns, Total: 4857648 ns
[3296.119s][info ][safepoint      ] Safepoint "Cleanup", Time since last: 6000441469 ns, Reaching safepoint: 7500 ns, Cleanup: 10901 ns, At safepoint: 2600 ns, Total: 21001 ns
[3298.120s][info ][safepoint      ] Safepoint "Cleanup", Time since last: 2000182795 ns, Reaching safepoint: 5200 ns, Cleanup: 12101 ns, At safepoint: 2400 ns, Total: 19701 ns
[3312.108s][info ][safepoint      ] Safepoint "Cleanup", Time since last: 13988034784 ns, Reaching safepoint: 6000 ns, Cleanup: 14401 ns, At safepoint: 2501 ns, Total: 22902 ns
[3320.109s][info ][safepoint      ] Safepoint "Cleanup", Time since last: 8000839213 ns, Reaching safepoint: 7101 ns, Cleanup: 10701 ns, At safepoint: 2700 ns, Total: 20502 ns
[3336.110s][info ][safepoint      ] Safepoint "Cleanup", Time since last: 16001260397 ns, Reaching safepoint: 10701 ns, Cleanup: 29002 ns, At safepoint: 2700 ns, Total: 42403 ns
[3341.110s][info ][safepoint      ] Safepoint "Cleanup", Time since last: 5000399758 ns, Reaching safepoint: 6200 ns, Cleanup: 9901 ns, At safepoint: 26302 ns, Total: 42403 ns
[3348.111s][info ][safepoint      ] Safepoint "Cleanup", Time since last: 7000529044 ns, Reaching safepoint: 6200 ns, Cleanup: 11801 ns, At safepoint: 2500 ns, Total: 20501 ns
[3351.111s][info ][safepoint      ] Safepoint "Cleanup", Time since last: 3000361225 ns, Reaching safepoint: 6901 ns, Cleanup: 11201 ns, At safepoint: 2500 ns, Total: 20602 ns
[3360.112s][info ][safepoint      ] Safepoint "Cleanup", Time since last: 9000910062 ns, Reaching safepoint: 6601 ns, Cleanup: 11300 ns, At safepoint: 2401 ns, Total: 20302 ns
[3366.127s][info ][safepoint      ] Safepoint "Cleanup", Time since last: 6014806074 ns, Reaching safepoint: 6901 ns, Cleanup: 10400 ns, At safepoint: 2501 ns, Total: 19802 ns
[3367.127s][info ][safepoint      ] Safepoint "Cleanup", Time since last: 1000162402 ns, Reaching safepoint: 6401 ns, Cleanup: 9500 ns, At safepoint: 22502 ns, Total: 38403 ns
[3372.879s][info ][gc,start       ] GC(55) Pause Young (Allocation Failure)
[3372.882s][debug][gc,phases      ] GC(55) Scavenge 2.759ms
[3372.882s][debug][gc,ref         ] GC(55) ReferenceProcessor::execute queues: 1, RefProcThreadModel::Single, marks_oops_alive: false
[3372.882s][debug][gc,ref         ] GC(55) Skipped KeepAliveFinalRefsPhase of Reference Processing: no references
[3372.882s][debug][gc,ref         ] GC(55) ReferenceProcessor::execute queues: 1, RefProcThreadModel::Single, marks_oops_alive: false
[3372.882s][debug][gc,phases      ] GC(55) Reference Processing 0.114ms
[3372.882s][debug][gc,phases      ] GC(55)   VM Weak                        Min:  0.0, Avg:  0.0, Max:  0.0, Diff:  0.0, Sum:  0.0, Workers: 4
[3372.882s][debug][gc,phases      ] GC(55)     Dead                           Min: 0, Avg:  0.0, Max: 0, Diff: 0, Sum: 0, Workers: 4
[3372.882s][debug][gc,phases      ] GC(55)     Total                          Min: 0, Avg: 240.8, Max: 832, Diff: 832, Sum: 963, Workers: 4
[3372.882s][debug][gc,phases      ] GC(55)   ObjectSynchronizer Weak        Min:  0.0, Avg:  0.0, Max:  0.0, Diff:  0.0, Sum:  0.0, Workers: 4
[3372.882s][debug][gc,phases      ] GC(55)     Dead                           Min: 0, Avg:  0.0, Max: 0, Diff: 0, Sum: 0, Workers: 4
[3372.882s][debug][gc,phases      ] GC(55)     Total                          Min: 0, Avg:  1.0, Max: 4, Diff: 4, Sum: 4, Workers: 4
[3372.882s][debug][gc,phases      ] GC(55)   JVMTI Tag Weak OopStorage      Min:  0.0, Avg:  0.0, Max:  0.0, Diff:  0.0, Sum:  0.0, Workers: 4
[3372.882s][debug][gc,phases      ] GC(55)     Dead                           Min: 0, Avg:  0.0, Max: 0, Diff: 0, Sum: 0, Workers: 4
[3372.882s][debug][gc,phases      ] GC(55)     Total                          Min: 0, Avg:  0.0, Max: 0, Diff: 0, Sum: 0, Workers: 4
[3372.882s][debug][gc,phases      ] GC(55)   StringTable Weak               Min:  0.0, Avg:  0.1, Max:  0.1, Diff:  0.1, Sum:  0.4, Workers: 4
[3372.882s][debug][gc,phases      ] GC(55)     Dead                           Min: 0, Avg:  0.0, Max: 0, Diff: 0, Sum: 0, Workers: 4
[3372.882s][debug][gc,phases      ] GC(55)     Total                          Min: 0, Avg: 11203.2, Max: 15565, Diff: 15565, Sum: 44813, Workers: 4
[3372.882s][debug][gc,phases      ] GC(55)   ResolvedMethodTable Weak       Min:  0.0, Avg:  0.0, Max:  0.0, Diff:  0.0, Sum:  0.1, Workers: 4
[3372.882s][debug][gc,phases      ] GC(55)     Dead                           Min: 0, Avg:  4.0, Max: 16, Diff: 16, Sum: 16, Workers: 4
[3372.882s][debug][gc,phases      ] GC(55)     Total                          Min: 0, Avg: 3566.2, Max: 5099, Diff: 5099, Sum: 14265, Workers: 4
[3372.882s][debug][gc,phases      ] GC(55)   JNI Weak                       Min:  0.0, Avg:  0.0, Max:  0.0, Diff:  0.0, Sum:  0.0, Workers: 4
[3372.882s][debug][gc,phases      ] GC(55)     Dead                           Min: 0, Avg:  0.0, Max: 0, Diff: 0, Sum: 0, Workers: 4
[3372.882s][debug][gc,phases      ] GC(55)     Total                          Min: 0, Avg: 13.0, Max: 52, Diff: 52, Sum: 52, Workers: 4
[3372.882s][debug][gc,phases      ] GC(55)   StringDedup Table Weak         Min:  0.0, Avg:  0.0, Max:  0.0, Diff:  0.0, Sum:  0.0, Workers: 4
[3372.882s][debug][gc,phases      ] GC(55)     Dead                           Min: 0, Avg:  0.0, Max: 0, Diff: 0, Sum: 0, Workers: 4
[3372.882s][debug][gc,phases      ] GC(55)     Total                          Min: 0, Avg:  0.0, Max: 0, Diff: 0, Sum: 0, Workers: 4
[3372.882s][debug][gc,phases      ] GC(55)   StringDedup Requests0 Weak     Min:  0.0, Avg:  0.0, Max:  0.0, Diff:  0.0, Sum:  0.0, Workers: 4
[3372.882s][debug][gc,phases      ] GC(55)     Dead                           Min: 0, Avg:  0.0, Max: 0, Diff: 0, Sum: 0, Workers: 4
[3372.882s][debug][gc,phases      ] GC(55)     Total                          Min: 0, Avg:  0.0, Max: 0, Diff: 0, Sum: 0, Workers: 4
[3372.882s][debug][gc,phases      ] GC(55)   StringDedup Requests1 Weak     Min:  0.0, Avg:  0.0, Max:  0.0, Diff:  0.0, Sum:  0.0, Workers: 4
[3372.882s][debug][gc,phases      ] GC(55)     Dead                           Min: 0, Avg:  0.0, Max: 0, Diff: 0, Sum: 0, Workers: 4
[3372.882s][debug][gc,phases      ] GC(55)     Total                          Min: 0, Avg:  0.0, Max: 0, Diff: 0, Sum: 0, Workers: 4
[3372.882s][debug][gc,phases      ] GC(55)   Weak JFR Old Object Samples    Min:  0.0, Avg:  0.0, Max:  0.0, Diff:  0.0, Sum:  0.0, Workers: 4
[3372.882s][debug][gc,phases      ] GC(55)     Dead                           Min: 0, Avg:  0.0, Max: 0, Diff: 0, Sum: 0, Workers: 4
[3372.882s][debug][gc,phases      ] GC(55)     Total                          Min: 0, Avg:  0.0, Max: 0, Diff: 0, Sum: 0, Workers: 4
[3372.882s][debug][gc,phases      ] GC(55) Weak Processing 0.422ms
[3372.882s][debug][gc,age         ] GC(55) Desired survivor size 23592960 bytes, new threshold 1 (max threshold 15)
[3372.882s][info ][gc,heap        ] GC(55) PSYoungGen: 2048512K(2072576K)->2512K(2070528K) Eden: 2045952K(2045952K)->0K(2045952K) From: 2560K(26624K)->2512K(24576K)
[3372.882s][info ][gc,heap        ] GC(55) ParOldGen: 247926K(248320K)->248390K(248832K)
[3372.882s][info ][gc,metaspace   ] GC(55) Metaspace: 102803K(104128K)->102803K(104128K) NonClass: 87434K(88192K)->87434K(88192K) Class: 15368K(15936K)->15368K(15936K)
[3372.882s][info ][gc             ] GC(55) Pause Young (Allocation Failure) 2242M->245M(2265M) 3.430ms
[3372.882s][info ][gc,cpu         ] GC(55) User=0.01s Sys=0.00s Real=0.00s
[3372.882s][info ][safepoint      ] Safepoint "ParallelGCFailedAllocation", Time since last: 5751500653 ns, Reaching safepoint: 8000 ns, Cleanup: 5101 ns, At safepoint: 3512837 ns, Total: 3525938 ns
[3373.882s][info ][safepoint      ] Safepoint "Cleanup", Time since last: 1000121200 ns, Reaching safepoint: 6000 ns, Cleanup: 9801 ns, At safepoint: 2500 ns, Total: 18301 ns
[3376.883s][info ][safepoint      ] Safepoint "Cleanup", Time since last: 3000334661 ns, Reaching safepoint: 5800 ns, Cleanup: 18501 ns, At safepoint: 2800 ns, Total: 27101 ns
[3378.883s][info ][safepoint      ] Safepoint "Cleanup", Time since last: 2000242322 ns, Reaching safepoint: 5600 ns, Cleanup: 9401 ns, At safepoint: 1900 ns, Total: 16901 ns
[3379.883s][info ][safepoint      ] Safepoint "Cleanup", Time since last: 1000147313 ns, Reaching safepoint: 6300 ns, Cleanup: 19401 ns, At safepoint: 3101 ns, Total: 28802 ns
[3383.884s][info ][safepoint      ] Safepoint "Cleanup", Time since last: 4000446627 ns, Reaching safepoint: 6000 ns, Cleanup: 11101 ns, At safepoint: 2800 ns, Total: 19901 ns
[3391.884s][info ][safepoint      ] Safepoint "Cleanup", Time since last: 8000802201 ns, Reaching safepoint: 6900 ns, Cleanup: 11301 ns, At safepoint: 2400 ns, Total: 20601 ns
[3393.885s][info ][safepoint      ] Safepoint "Cleanup", Time since last: 2000201363 ns, Reaching safepoint: 5401 ns, Cleanup: 10700 ns, At safepoint: 2301 ns, Total: 18402 ns
[3401.885s][info ][safepoint      ] Safepoint "Cleanup", Time since last: 8000649072 ns, Reaching safepoint: 6901 ns, Cleanup: 10901 ns, At safepoint: 15701 ns, Total: 33503 ns
[3404.886s][info ][safepoint      ] Safepoint "Cleanup", Time since last: 3000305128 ns, Reaching safepoint: 6501 ns, Cleanup: 9900 ns, At safepoint: 2201 ns, Total: 18602 ns
[3410.886s][info ][safepoint      ] Safepoint "Cleanup", Time since last: 6000600451 ns, Reaching safepoint: 6201 ns, Cleanup: 10500 ns, At safepoint: 2601 ns, Total: 19302 ns
[3438.150s][info ][safepoint      ] Safepoint "Cleanup", Time since last: 27263284547 ns, Reaching safepoint: 5900 ns, Cleanup: 10501 ns, At safepoint: 2300 ns, Total: 18701 ns
[3443.150s][info ][safepoint      ] Safepoint "Cleanup", Time since last: 5000426653 ns, Reaching safepoint: 5500 ns, Cleanup: 6501 ns, At safepoint: 2400 ns, Total: 14401 ns
[3444.150s][info ][safepoint      ] Safepoint "Cleanup", Time since last: 1000123633 ns, Reaching safepoint: 5001 ns, Cleanup: 8900 ns, At safepoint: 2200 ns, Total: 16101 ns
[3456.152s][info ][safepoint      ] Safepoint "Cleanup", Time since last: 12001620967 ns, Reaching safepoint: 6401 ns, Cleanup: 11101 ns, At safepoint: 2500 ns, Total: 20002 ns
[3458.664s][info ][gc,start       ] GC(56) Pause Young (Allocation Failure)
[3458.668s][debug][gc,phases      ] GC(56) Scavenge 4.072ms
[3458.668s][debug][gc,ref         ] GC(56) ReferenceProcessor::execute queues: 1, RefProcThreadModel::Single, marks_oops_alive: false
[3458.668s][debug][gc,ref         ] GC(56) Skipped KeepAliveFinalRefsPhase of Reference Processing: no references
[3458.668s][debug][gc,ref         ] GC(56) Skipped PhantomRefsPhase of Reference Processing: no references
[3458.668s][debug][gc,phases      ] GC(56) Reference Processing 0.125ms
[3458.668s][debug][gc,phases      ] GC(56)   VM Weak                        Min:  0.0, Avg:  0.0, Max:  0.0, Diff:  0.0, Sum:  0.0, Workers: 4
[3458.668s][debug][gc,phases      ] GC(56)     Dead                           Min: 0, Avg:  0.0, Max: 0, Diff: 0, Sum: 0, Workers: 4
[3458.668s][debug][gc,phases      ] GC(56)     Total                          Min: 0, Avg: 240.8, Max: 512, Diff: 512, Sum: 963, Workers: 4
[3458.668s][debug][gc,phases      ] GC(56)   ObjectSynchronizer Weak        Min:  0.0, Avg:  0.0, Max:  0.0, Diff:  0.0, Sum:  0.0, Workers: 4
[3458.668s][debug][gc,phases      ] GC(56)     Dead                           Min: 0, Avg:  0.0, Max: 0, Diff: 0, Sum: 0, Workers: 4
[3458.668s][debug][gc,phases      ] GC(56)     Total                          Min: 0, Avg:  0.8, Max: 3, Diff: 3, Sum: 3, Workers: 4
[3458.668s][debug][gc,phases      ] GC(56)   JVMTI Tag Weak OopStorage      Min:  0.0, Avg:  0.0, Max:  0.0, Diff:  0.0, Sum:  0.0, Workers: 4
[3458.668s][debug][gc,phases      ] GC(56)     Dead                           Min: 0, Avg:  0.0, Max: 0, Diff: 0, Sum: 0, Workers: 4
[3458.668s][debug][gc,phases      ] GC(56)     Total                          Min: 0, Avg:  0.0, Max: 0, Diff: 0, Sum: 0, Workers: 4
[3458.668s][debug][gc,phases      ] GC(56)   StringTable Weak               Min:  0.0, Avg:  0.1, Max:  0.1, Diff:  0.1, Sum:  0.4, Workers: 4
[3458.668s][debug][gc,phases      ] GC(56)     Dead                           Min: 0, Avg:  0.0, Max: 0, Diff: 0, Sum: 0, Workers: 4
[3458.668s][debug][gc,phases      ] GC(56)     Total                          Min: 0, Avg: 11203.2, Max: 15680, Diff: 15680, Sum: 44813, Workers: 4
[3458.668s][debug][gc,phases      ] GC(56)   ResolvedMethodTable Weak       Min:  0.0, Avg:  0.0, Max:  0.1, Diff:  0.1, Sum:  0.2, Workers: 4
[3458.668s][debug][gc,phases      ] GC(56)     Dead                           Min: 0, Avg:  4.0, Max: 16, Diff: 16, Sum: 16, Workers: 4
[3458.668s][debug][gc,phases      ] GC(56)     Total                          Min: 0, Avg: 3566.2, Max: 5380, Diff: 5380, Sum: 14265, Workers: 4
[3458.668s][debug][gc,phases      ] GC(56)   JNI Weak                       Min:  0.0, Avg:  0.0, Max:  0.0, Diff:  0.0, Sum:  0.0, Workers: 4
[3458.668s][debug][gc,phases      ] GC(56)     Dead                           Min: 0, Avg:  0.0, Max: 0, Diff: 0, Sum: 0, Workers: 4
[3458.668s][debug][gc,phases      ] GC(56)     Total                          Min: 0, Avg: 13.0, Max: 52, Diff: 52, Sum: 52, Workers: 4
[3458.668s][debug][gc,phases      ] GC(56)   StringDedup Table Weak         Min:  0.0, Avg:  0.0, Max:  0.0, Diff:  0.0, Sum:  0.0, Workers: 4
[3458.668s][debug][gc,phases      ] GC(56)     Dead                           Min: 0, Avg:  0.0, Max: 0, Diff: 0, Sum: 0, Workers: 4
[3458.668s][debug][gc,phases      ] GC(56)     Total                          Min: 0, Avg:  0.0, Max: 0, Diff: 0, Sum: 0, Workers: 4
[3458.668s][debug][gc,phases      ] GC(56)   StringDedup Requests0 Weak     Min:  0.0, Avg:  0.0, Max:  0.0, Diff:  0.0, Sum:  0.0, Workers: 4
[3458.668s][debug][gc,phases      ] GC(56)     Dead                           Min: 0, Avg:  0.0, Max: 0, Diff: 0, Sum: 0, Workers: 4
[3458.668s][debug][gc,phases      ] GC(56)     Total                          Min: 0, Avg:  0.0, Max: 0, Diff: 0, Sum: 0, Workers: 4
[3458.668s][debug][gc,phases      ] GC(56)   StringDedup Requests1 Weak     Min:  0.0, Avg:  0.0, Max:  0.0, Diff:  0.0, Sum:  0.0, Workers: 4
[3458.668s][debug][gc,phases      ] GC(56)     Dead                           Min: 0, Avg:  0.0, Max: 0, Diff: 0, Sum: 0, Workers: 4
[3458.668s][debug][gc,phases      ] GC(56)     Total                          Min: 0, Avg:  0.0, Max: 0, Diff: 0, Sum: 0, Workers: 4
[3458.668s][debug][gc,phases      ] GC(56)   Weak JFR Old Object Samples    Min:  0.0, Avg:  0.0, Max:  0.0, Diff:  0.0, Sum:  0.0, Workers: 4
[3458.668s][debug][gc,phases      ] GC(56)     Dead                           Min: 0, Avg:  0.0, Max: 0, Diff: 0, Sum: 0, Workers: 4
[3458.668s][debug][gc,phases      ] GC(56)     Total                          Min: 0, Avg:  0.0, Max: 0, Diff: 0, Sum: 0, Workers: 4
[3458.668s][debug][gc,phases      ] GC(56) Weak Processing 0.464ms
[3458.668s][debug][gc,age         ] GC(56) Desired survivor size 22020096 bytes, new threshold 1 (max threshold 15)
[3458.668s][info ][gc,heap        ] GC(56) PSYoungGen: 2048464K(2070528K)->2752K(2075648K) Eden: 2045952K(2045952K)->0K(2052608K) From: 2512K(24576K)->2752K(23040K)
[3458.668s][info ][gc,heap        ] GC(56) ParOldGen: 248390K(248832K)->248910K(249344K)
[3458.668s][info ][gc,metaspace   ] GC(56) Metaspace: 102807K(104128K)->102807K(104128K) NonClass: 87438K(88192K)->87438K(88192K) Class: 15368K(15936K)->15368K(15936K)
[3458.668s][info ][gc             ] GC(56) Pause Young (Allocation Failure) 2243M->245M(2270M) 4.790ms
[3458.668s][info ][gc,cpu         ] GC(56) User=0.01s Sys=0.00s Real=0.01s
[3458.668s][info ][safepoint      ] Safepoint "ParallelGCFailedAllocation", Time since last: 2511697716 ns, Reaching safepoint: 7400 ns, Cleanup: 4400 ns, At safepoint: 4884730 ns, Total: 4896530 ns
[3469.669s][info ][safepoint      ] Safepoint "Cleanup", Time since last: 11000886453 ns, Reaching safepoint: 7200 ns, Cleanup: 9201 ns, At safepoint: 2500 ns, Total: 18901 ns
[3485.671s][info ][safepoint      ] Safepoint "Cleanup", Time since last: 16001202763 ns, Reaching safepoint: 5500 ns, Cleanup: 7301 ns, At safepoint: 2200 ns, Total: 15001 ns
[3498.672s][info ][safepoint      ] Safepoint "Cleanup", Time since last: 13000945798 ns, Reaching safepoint: 5801 ns, Cleanup: 9200 ns, At safepoint: 2200 ns, Total: 17201 ns
[3506.672s][info ][safepoint      ] Safepoint "Cleanup", Time since last: 8000657976 ns, Reaching safepoint: 5900 ns, Cleanup: 9101 ns, At safepoint: 1900 ns, Total: 16901 ns
[3535.674s][info ][safepoint      ] Safepoint "Cleanup", Time since last: 29002159432 ns, Reaching safepoint: 5801 ns, Cleanup: 9900 ns, At safepoint: 2000 ns, Total: 17701 ns
[3537.675s][info ][safepoint      ] Safepoint "Cleanup", Time since last: 2000180673 ns, Reaching safepoint: 5700 ns, Cleanup: 10901 ns, At safepoint: 2000 ns, Total: 18601 ns
[3545.894s][info ][gc,start       ] GC(57) Pause Young (Allocation Failure)
[3545.896s][debug][gc,phases      ] GC(57) Scavenge 1.804ms
[3545.896s][debug][gc,ref         ] GC(57) ReferenceProcessor::execute queues: 1, RefProcThreadModel::Single, marks_oops_alive: false
[3545.896s][debug][gc,ref         ] GC(57) Skipped KeepAliveFinalRefsPhase of Reference Processing: no references
[3545.896s][debug][gc,ref         ] GC(57) Skipped PhantomRefsPhase of Reference Processing: no references
[3545.896s][debug][gc,phases      ] GC(57) Reference Processing 0.108ms
[3545.896s][debug][gc,phases      ] GC(57)   VM Weak                        Min:  0.0, Avg:  0.0, Max:  0.0, Diff:  0.0, Sum:  0.0, Workers: 4
[3545.896s][debug][gc,phases      ] GC(57)     Dead                           Min: 0, Avg:  0.0, Max: 0, Diff: 0, Sum: 0, Workers: 4
[3545.896s][debug][gc,phases      ] GC(57)     Total                          Min: 0, Avg: 240.8, Max: 835, Diff: 835, Sum: 963, Workers: 4
[3545.896s][debug][gc,phases      ] GC(57)   ObjectSynchronizer Weak        Min:  0.0, Avg:  0.0, Max:  0.0, Diff:  0.0, Sum:  0.0, Workers: 4
[3545.896s][debug][gc,phases      ] GC(57)     Dead                           Min: 0, Avg:  0.0, Max: 0, Diff: 0, Sum: 0, Workers: 4
[3545.896s][debug][gc,phases      ] GC(57)     Total                          Min: 0, Avg:  0.8, Max: 3, Diff: 3, Sum: 3, Workers: 4
[3545.896s][debug][gc,phases      ] GC(57)   JVMTI Tag Weak OopStorage      Min:  0.0, Avg:  0.0, Max:  0.0, Diff:  0.0, Sum:  0.0, Workers: 4
[3545.896s][debug][gc,phases      ] GC(57)     Dead                           Min: 0, Avg:  0.0, Max: 0, Diff: 0, Sum: 0, Workers: 4
[3545.896s][debug][gc,phases      ] GC(57)     Total                          Min: 0, Avg:  0.0, Max: 0, Diff: 0, Sum: 0, Workers: 4
[3545.896s][debug][gc,phases      ] GC(57)   StringTable Weak               Min:  0.0, Avg:  0.1, Max:  0.1, Diff:  0.1, Sum:  0.4, Workers: 4
[3545.896s][debug][gc,phases      ] GC(57)     Dead                           Min: 0, Avg:  0.0, Max: 0, Diff: 0, Sum: 0, Workers: 4
[3545.896s][debug][gc,phases      ] GC(57)     Total                          Min: 0, Avg: 11212.2, Max: 16561, Diff: 16561, Sum: 44849, Workers: 4
[3545.896s][debug][gc,phases      ] GC(57)   ResolvedMethodTable Weak       Min:  0.0, Avg:  0.0, Max:  0.0, Diff:  0.0, Sum:  0.1, Workers: 4
[3545.896s][debug][gc,phases      ] GC(57)     Dead                           Min: 0, Avg:  4.0, Max: 16, Diff: 16, Sum: 16, Workers: 4
[3545.896s][debug][gc,phases      ] GC(57)     Total                          Min: 0, Avg: 3566.2, Max: 4973, Diff: 4973, Sum: 14265, Workers: 4
[3545.896s][debug][gc,phases      ] GC(57)   JNI Weak                       Min:  0.0, Avg:  0.0, Max:  0.0, Diff:  0.0, Sum:  0.0, Workers: 4
[3545.896s][debug][gc,phases      ] GC(57)     Dead                           Min: 0, Avg:  0.0, Max: 0, Diff: 0, Sum: 0, Workers: 4
[3545.896s][debug][gc,phases      ] GC(57)     Total                          Min: 0, Avg: 13.0, Max: 52, Diff: 52, Sum: 52, Workers: 4
[3545.896s][debug][gc,phases      ] GC(57)   StringDedup Table Weak         Min:  0.0, Avg:  0.0, Max:  0.0, Diff:  0.0, Sum:  0.0, Workers: 4
[3545.896s][debug][gc,phases      ] GC(57)     Dead                           Min: 0, Avg:  0.0, Max: 0, Diff: 0, Sum: 0, Workers: 4
[3545.896s][debug][gc,phases      ] GC(57)     Total                          Min: 0, Avg:  0.0, Max: 0, Diff: 0, Sum: 0, Workers: 4
[3545.896s][debug][gc,phases      ] GC(57)   StringDedup Requests0 Weak     Min:  0.0, Avg:  0.0, Max:  0.0, Diff:  0.0, Sum:  0.0, Workers: 4
[3545.896s][debug][gc,phases      ] GC(57)     Dead                           Min: 0, Avg:  0.0, Max: 0, Diff: 0, Sum: 0, Workers: 4
[3545.896s][debug][gc,phases      ] GC(57)     Total                          Min: 0, Avg:  0.0, Max: 0, Diff: 0, Sum: 0, Workers: 4
[3545.896s][debug][gc,phases      ] GC(57)   StringDedup Requests1 Weak     Min:  0.0, Avg:  0.0, Max:  0.0, Diff:  0.0, Sum:  0.0, Workers: 4
[3545.896s][debug][gc,phases      ] GC(57)     Dead                           Min: 0, Avg:  0.0, Max: 0, Diff: 0, Sum: 0, Workers: 4
[3545.896s][debug][gc,phases      ] GC(57)     Total                          Min: 0, Avg:  0.0, Max: 0, Diff: 0, Sum: 0, Workers: 4
[3545.896s][debug][gc,phases      ] GC(57)   Weak JFR Old Object Samples    Min:  0.0, Avg:  0.0, Max:  0.0, Diff:  0.0, Sum:  0.0, Workers: 4
[3545.896s][debug][gc,phases      ] GC(57)     Dead                           Min: 0, Avg:  0.0, Max: 0, Diff: 0, Sum: 0, Workers: 4
[3545.896s][debug][gc,phases      ] GC(57)     Total                          Min: 0, Avg:  0.0, Max: 0, Diff: 0, Sum: 0, Workers: 4
[3545.896s][debug][gc,phases      ] GC(57) Weak Processing 0.422ms
[3545.896s][debug][gc,age         ] GC(57) Desired survivor size 20971520 bytes, new threshold 1 (max threshold 15)
[3545.896s][info ][gc,heap        ] GC(57) PSYoungGen: 2055360K(2075648K)->2512K(2074112K) Eden: 2052608K(2052608K)->0K(2052608K) From: 2752K(23040K)->2512K(21504K)
[3545.896s][info ][gc,heap        ] GC(57) ParOldGen: 248910K(249344K)->249566K(249856K)
[3545.896s][info ][gc,metaspace   ] GC(57) Metaspace: 102821K(104128K)->102821K(104128K) NonClass: 87452K(88192K)->87452K(88192K) Class: 15368K(15936K)->15368K(15936K)
[3545.896s][info ][gc             ] GC(57) Pause Young (Allocation Failure) 2250M->246M(2269M) 2.463ms
[3545.896s][info ][gc,cpu         ] GC(57) User=0.01s Sys=0.00s Real=0.00s
[3545.896s][info ][safepoint      ] Safepoint "ParallelGCFailedAllocation", Time since last: 8219229083 ns, Reaching safepoint: 5601 ns, Cleanup: 3700 ns, At safepoint: 2542870 ns, Total: 2552171 ns
[3584.899s][info ][safepoint      ] Safepoint "Cleanup", Time since last: 39002816988 ns, Reaching safepoint: 7700 ns, Cleanup: 12201 ns, At safepoint: 2800 ns, Total: 22701 ns
[3609.202s][info ][safepoint      ] Safepoint "Cleanup", Time since last: 24303196293 ns, Reaching safepoint: 5900 ns, Cleanup: 13501 ns, At safepoint: 2300 ns, Total: 21701 ns
[3613.203s][info ][safepoint      ] Safepoint "Cleanup", Time since last: 4000337650 ns, Reaching safepoint: 10000 ns, Cleanup: 23202 ns, At safepoint: 2700 ns, Total: 35902 ns
[3623.204s][info ][safepoint      ] Safepoint "Cleanup", Time since last: 10000999344 ns, Reaching safepoint: 6000 ns, Cleanup: 10601 ns, At safepoint: 2400 ns, Total: 19001 ns
[3625.204s][info ][safepoint      ] Safepoint "Cleanup", Time since last: 2000214267 ns, Reaching safepoint: 6600 ns, Cleanup: 12701 ns, At safepoint: 2400 ns, Total: 21701 ns
[3626.204s][info ][safepoint      ] Safepoint "Cleanup", Time since last: 1000122984 ns, Reaching safepoint: 6701 ns, Cleanup: 13001 ns, At safepoint: 2300 ns, Total: 22002 ns
[3631.394s][info ][gc,start       ] GC(58) Pause Young (Allocation Failure)
[3631.396s][debug][gc,phases      ] GC(58) Scavenge 2.197ms
[3631.396s][debug][gc,ref         ] GC(58) ReferenceProcessor::execute queues: 1, RefProcThreadModel::Single, marks_oops_alive: false
[3631.396s][debug][gc,ref         ] GC(58) Skipped KeepAliveFinalRefsPhase of Reference Processing: no references
[3631.396s][debug][gc,ref         ] GC(58) ReferenceProcessor::execute queues: 1, RefProcThreadModel::Single, marks_oops_alive: false
[3631.396s][debug][gc,phases      ] GC(58) Reference Processing 0.112ms
[3631.397s][debug][gc,phases      ] GC(58)   VM Weak                        Min:  0.0, Avg:  0.0, Max:  0.0, Diff:  0.0, Sum:  0.0, Workers: 4
[3631.397s][debug][gc,phases      ] GC(58)     Dead                           Min: 0, Avg:  0.0, Max: 0, Diff: 0, Sum: 0, Workers: 4
[3631.397s][debug][gc,phases      ] GC(58)     Total                          Min: 0, Avg: 240.8, Max: 643, Diff: 643, Sum: 963, Workers: 4
[3631.397s][debug][gc,phases      ] GC(58)   ObjectSynchronizer Weak        Min:  0.0, Avg:  0.0, Max:  0.0, Diff:  0.0, Sum:  0.0, Workers: 4
[3631.397s][debug][gc,phases      ] GC(58)     Dead                           Min: 0, Avg:  0.0, Max: 0, Diff: 0, Sum: 0, Workers: 4
[3631.397s][debug][gc,phases      ] GC(58)     Total                          Min: 0, Avg:  0.8, Max: 3, Diff: 3, Sum: 3, Workers: 4
[3631.397s][debug][gc,phases      ] GC(58)   JVMTI Tag Weak OopStorage      Min:  0.0, Avg:  0.0, Max:  0.0, Diff:  0.0, Sum:  0.0, Workers: 4
[3631.397s][debug][gc,phases      ] GC(58)     Dead                           Min: 0, Avg:  0.0, Max: 0, Diff: 0, Sum: 0, Workers: 4
[3631.397s][debug][gc,phases      ] GC(58)     Total                          Min: 0, Avg:  0.0, Max: 0, Diff: 0, Sum: 0, Workers: 4
[3631.397s][debug][gc,phases      ] GC(58)   StringTable Weak               Min:  0.0, Avg:  0.1, Max:  0.1, Diff:  0.1, Sum:  0.4, Workers: 4
[3631.397s][debug][gc,phases      ] GC(58)     Dead                           Min: 0, Avg:  0.0, Max: 0, Diff: 0, Sum: 0, Workers: 4
[3631.397s][debug][gc,phases      ] GC(58)     Total                          Min: 0, Avg: 11214.5, Max: 15360, Diff: 15360, Sum: 44858, Workers: 4
[3631.397s][debug][gc,phases      ] GC(58)   ResolvedMethodTable Weak       Min:  0.0, Avg:  0.0, Max:  0.0, Diff:  0.0, Sum:  0.1, Workers: 4
[3631.397s][debug][gc,phases      ] GC(58)     Dead                           Min: 0, Avg:  6.0, Max: 24, Diff: 24, Sum: 24, Workers: 4
[3631.397s][debug][gc,phases      ] GC(58)     Total                          Min: 0, Avg: 3566.2, Max: 5371, Diff: 5371, Sum: 14265, Workers: 4
[3631.397s][debug][gc,phases      ] GC(58)   JNI Weak                       Min:  0.0, Avg:  0.0, Max:  0.0, Diff:  0.0, Sum:  0.0, Workers: 4
[3631.397s][debug][gc,phases      ] GC(58)     Dead                           Min: 0, Avg:  0.0, Max: 0, Diff: 0, Sum: 0, Workers: 4
[3631.397s][debug][gc,phases      ] GC(58)     Total                          Min: 0, Avg: 13.0, Max: 52, Diff: 52, Sum: 52, Workers: 4
[3631.397s][debug][gc,phases      ] GC(58)   StringDedup Table Weak         Min:  0.0, Avg:  0.0, Max:  0.0, Diff:  0.0, Sum:  0.0, Workers: 4
[3631.397s][debug][gc,phases      ] GC(58)     Dead                           Min: 0, Avg:  0.0, Max: 0, Diff: 0, Sum: 0, Workers: 4
[3631.397s][debug][gc,phases      ] GC(58)     Total                          Min: 0, Avg:  0.0, Max: 0, Diff: 0, Sum: 0, Workers: 4
[3631.397s][debug][gc,phases      ] GC(58)   StringDedup Requests0 Weak     Min:  0.0, Avg:  0.0, Max:  0.0, Diff:  0.0, Sum:  0.0, Workers: 4
[3631.397s][debug][gc,phases      ] GC(58)     Dead                           Min: 0, Avg:  0.0, Max: 0, Diff: 0, Sum: 0, Workers: 4
[3631.397s][debug][gc,phases      ] GC(58)     Total                          Min: 0, Avg:  0.0, Max: 0, Diff: 0, Sum: 0, Workers: 4
[3631.397s][debug][gc,phases      ] GC(58)   StringDedup Requests1 Weak     Min:  0.0, Avg:  0.0, Max:  0.0, Diff:  0.0, Sum:  0.0, Workers: 4
[3631.397s][debug][gc,phases      ] GC(58)     Dead                           Min: 0, Avg:  0.0, Max: 0, Diff: 0, Sum: 0, Workers: 4
[3631.397s][debug][gc,phases      ] GC(58)     Total                          Min: 0, Avg:  0.0, Max: 0, Diff: 0, Sum: 0, Workers: 4
[3631.397s][debug][gc,phases      ] GC(58)   Weak JFR Old Object Samples    Min:  0.0, Avg:  0.0, Max:  0.0, Diff:  0.0, Sum:  0.0, Workers: 4
[3631.397s][debug][gc,phases      ] GC(58)     Dead                           Min: 0, Avg:  0.0, Max: 0, Diff: 0, Sum: 0, Workers: 4
[3631.397s][debug][gc,phases      ] GC(58)     Total                          Min: 0, Avg:  0.0, Max: 0, Diff: 0, Sum: 0, Workers: 4
[3631.397s][debug][gc,phases      ] GC(58) Weak Processing 0.435ms
[3631.397s][debug][gc,age         ] GC(58) Desired survivor size 19398656 bytes, new threshold 1 (max threshold 15)
[3631.397s][info ][gc,heap        ] GC(58) PSYoungGen: 2055120K(2074112K)->2608K(2078208K) Eden: 2052608K(2052608K)->0K(2057728K) From: 2512K(21504K)->2608K(20480K)
[3631.397s][info ][gc,heap        ] GC(58) ParOldGen: 249566K(249856K)->250311K(250368K)
[3631.397s][info ][gc,metaspace   ] GC(58) Metaspace: 102831K(104128K)->102831K(104128K) NonClass: 87462K(88192K)->87462K(88192K) Class: 15368K(15936K)->15368K(15936K)
[3631.397s][info ][gc             ] GC(58) Pause Young (Allocation Failure) 2250M->246M(2274M) 2.881ms
[3631.397s][info ][gc,cpu         ] GC(58) User=0.01s Sys=0.00s Real=0.00s
[3631.397s][info ][safepoint      ] Safepoint "ParallelGCFailedAllocation", Time since last: 5189747203 ns, Reaching safepoint: 83105 ns, Cleanup: 4201 ns, At safepoint: 2970484 ns, Total: 3057790 ns
[3633.397s][info ][safepoint      ] Safepoint "Cleanup", Time since last: 2000169349 ns, Reaching safepoint: 7300 ns, Cleanup: 10401 ns, At safepoint: 2200 ns, Total: 19901 ns
[3647.398s][info ][safepoint      ] Safepoint "Cleanup", Time since last: 14001078528 ns, Reaching safepoint: 6100 ns, Cleanup: 9801 ns, At safepoint: 2600 ns, Total: 18501 ns
[3651.399s][info ][safepoint      ] Safepoint "Cleanup", Time since last: 4000338654 ns, Reaching safepoint: 6201 ns, Cleanup: 10800 ns, At safepoint: 2100 ns, Total: 19101 ns
[3663.400s][info ][safepoint      ] Safepoint "Cleanup", Time since last: 12000924463 ns, Reaching safepoint: 7700 ns, Cleanup: 11001 ns, At safepoint: 2200 ns, Total: 20901 ns
[3708.403s][info ][safepoint      ] Safepoint "Cleanup", Time since last: 45003476027 ns, Reaching safepoint: 6000 ns, Cleanup: 9701 ns, At safepoint: 2000 ns, Total: 17701 ns
[3715.956s][info ][gc,start       ] GC(59) Pause Young (Allocation Failure)
[3715.958s][debug][gc,phases      ] GC(59) Scavenge 1.876ms
[3715.958s][debug][gc,ref         ] GC(59) ReferenceProcessor::execute queues: 1, RefProcThreadModel::Single, marks_oops_alive: false
[3715.958s][debug][gc,ref         ] GC(59) Skipped KeepAliveFinalRefsPhase of Reference Processing: no references
[3715.958s][debug][gc,ref         ] GC(59) Skipped PhantomRefsPhase of Reference Processing: no references
[3715.958s][debug][gc,phases      ] GC(59) Reference Processing 0.120ms
[3715.958s][debug][gc,phases      ] GC(59)   VM Weak                        Min:  0.0, Avg:  0.0, Max:  0.0, Diff:  0.0, Sum:  0.0, Workers: 4
[3715.958s][debug][gc,phases      ] GC(59)     Dead                           Min: 0, Avg:  0.0, Max: 0, Diff: 0, Sum: 0, Workers: 4
[3715.958s][debug][gc,phases      ] GC(59)     Total                          Min: 0, Avg: 240.8, Max: 704, Diff: 704, Sum: 963, Workers: 4
[3715.958s][debug][gc,phases      ] GC(59)   ObjectSynchronizer Weak        Min:  0.0, Avg:  0.0, Max:  0.0, Diff:  0.0, Sum:  0.0, Workers: 4
[3715.958s][debug][gc,phases      ] GC(59)     Dead                           Min: 0, Avg:  0.0, Max: 0, Diff: 0, Sum: 0, Workers: 4
[3715.958s][debug][gc,phases      ] GC(59)     Total                          Min: 0, Avg:  0.8, Max: 3, Diff: 3, Sum: 3, Workers: 4
[3715.958s][debug][gc,phases      ] GC(59)   JVMTI Tag Weak OopStorage      Min:  0.0, Avg:  0.0, Max:  0.0, Diff:  0.0, Sum:  0.0, Workers: 4
[3715.958s][debug][gc,phases      ] GC(59)     Dead                           Min: 0, Avg:  0.0, Max: 0, Diff: 0, Sum: 0, Workers: 4
[3715.958s][debug][gc,phases      ] GC(59)     Total                          Min: 0, Avg:  0.0, Max: 0, Diff: 0, Sum: 0, Workers: 4
[3715.958s][debug][gc,phases      ] GC(59)   StringTable Weak               Min:  0.0, Avg:  0.1, Max:  0.1, Diff:  0.1, Sum:  0.4, Workers: 4
[3715.958s][debug][gc,phases      ] GC(59)     Dead                           Min: 0, Avg:  0.0, Max: 0, Diff: 0, Sum: 0, Workers: 4
[3715.958s][debug][gc,phases      ] GC(59)     Total                          Min: 0, Avg: 11214.5, Max: 16954, Diff: 16954, Sum: 44858, Workers: 4
[3715.958s][debug][gc,phases      ] GC(59)   ResolvedMethodTable Weak       Min:  0.0, Avg:  0.0, Max:  0.0, Diff:  0.0, Sum:  0.1, Workers: 4
[3715.958s][debug][gc,phases      ] GC(59)     Dead                           Min: 0, Avg:  4.0, Max: 15, Diff: 15, Sum: 16, Workers: 4
[3715.958s][debug][gc,phases      ] GC(59)     Total                          Min: 0, Avg: 3566.2, Max: 5558, Diff: 5558, Sum: 14265, Workers: 4
[3715.958s][debug][gc,phases      ] GC(59)   JNI Weak                       Min:  0.0, Avg:  0.0, Max:  0.0, Diff:  0.0, Sum:  0.0, Workers: 4
[3715.958s][debug][gc,phases      ] GC(59)     Dead                           Min: 0, Avg:  0.0, Max: 0, Diff: 0, Sum: 0, Workers: 4
[3715.958s][debug][gc,phases      ] GC(59)     Total                          Min: 0, Avg: 13.0, Max: 52, Diff: 52, Sum: 52, Workers: 4
[3715.958s][debug][gc,phases      ] GC(59)   StringDedup Table Weak         Min:  0.0, Avg:  0.0, Max:  0.0, Diff:  0.0, Sum:  0.0, Workers: 4
[3715.958s][debug][gc,phases      ] GC(59)     Dead                           Min: 0, Avg:  0.0, Max: 0, Diff: 0, Sum: 0, Workers: 4
[3715.958s][debug][gc,phases      ] GC(59)     Total                          Min: 0, Avg:  0.0, Max: 0, Diff: 0, Sum: 0, Workers: 4
[3715.958s][debug][gc,phases      ] GC(59)   StringDedup Requests0 Weak     Min:  0.0, Avg:  0.0, Max:  0.0, Diff:  0.0, Sum:  0.0, Workers: 4
[3715.958s][debug][gc,phases      ] GC(59)     Dead                           Min: 0, Avg:  0.0, Max: 0, Diff: 0, Sum: 0, Workers: 4
[3715.958s][debug][gc,phases      ] GC(59)     Total                          Min: 0, Avg:  0.0, Max: 0, Diff: 0, Sum: 0, Workers: 4
[3715.958s][debug][gc,phases      ] GC(59)   StringDedup Requests1 Weak     Min:  0.0, Avg:  0.0, Max:  0.0, Diff:  0.0, Sum:  0.0, Workers: 4
[3715.958s][debug][gc,phases      ] GC(59)     Dead                           Min: 0, Avg:  0.0, Max: 0, Diff: 0, Sum: 0, Workers: 4
[3715.958s][debug][gc,phases      ] GC(59)     Total                          Min: 0, Avg:  0.0, Max: 0, Diff: 0, Sum: 0, Workers: 4
[3715.958s][debug][gc,phases      ] GC(59)   Weak JFR Old Object Samples    Min:  0.0, Avg:  0.0, Max:  0.0, Diff:  0.0, Sum:  0.0, Workers: 4
[3715.958s][debug][gc,phases      ] GC(59)     Dead                           Min: 0, Avg:  0.0, Max: 0, Diff: 0, Sum: 0, Workers: 4
[3715.958s][debug][gc,phases      ] GC(59)     Total                          Min: 0, Avg:  0.0, Max: 0, Diff: 0, Sum: 0, Workers: 4
[3715.958s][debug][gc,phases      ] GC(59) Weak Processing 0.422ms
[3715.958s][debug][gc,age         ] GC(59) Desired survivor size 18350080 bytes, new threshold 1 (max threshold 15)
[3715.958s][info ][gc,heap        ] GC(59) PSYoungGen: 2060336K(2078208K)->2064K(2076672K) Eden: 2057728K(2057728K)->0K(2057728K) From: 2608K(20480K)->2064K(18944K)
[3715.958s][info ][gc,heap        ] GC(59) ParOldGen: 250311K(250368K)->251067K(251392K)
[3715.958s][info ][gc,metaspace   ] GC(59) Metaspace: 102834K(104128K)->102834K(104128K) NonClass: 87465K(88192K)->87465K(88192K) Class: 15368K(15936K)->15368K(15936K)
[3715.958s][info ][gc             ] GC(59) Pause Young (Allocation Failure) 2256M->247M(2273M) 2.527ms
[3715.958s][info ][gc,cpu         ] GC(59) User=0.00s Sys=0.01s Real=0.01s
[3715.958s][info ][safepoint      ] Safepoint "ParallelGCFailedAllocation", Time since last: 7552817230 ns, Reaching safepoint: 5501 ns, Cleanup: 4100 ns, At safepoint: 2595466 ns, Total: 2605067 ns
[3719.959s][info ][safepoint      ] Safepoint "Cleanup", Time since last: 4000295505 ns, Reaching safepoint: 5701 ns, Cleanup: 12401 ns, At safepoint: 20801 ns, Total: 38903 ns
[3732.960s][info ][safepoint      ] Safepoint "Cleanup", Time since last: 13000967788 ns, Reaching safepoint: 5700 ns, Cleanup: 15801 ns, At safepoint: 1800 ns, Total: 23301 ns
[3733.960s][info ][safepoint      ] Safepoint "Cleanup", Time since last: 1000100740 ns, Reaching safepoint: 6400 ns, Cleanup: 10101 ns, At safepoint: 2200 ns, Total: 18701 ns
[3754.962s][info ][safepoint      ] Safepoint "Cleanup", Time since last: 21001598254 ns, Reaching safepoint: 8401 ns, Cleanup: 12500 ns, At safepoint: 3101 ns, Total: 24002 ns
[3776.963s][info ][safepoint      ] Safepoint "Cleanup", Time since last: 22001601773 ns, Reaching safepoint: 6600 ns, Cleanup: 11701 ns, At safepoint: 27902 ns, Total: 46203 ns
[3777.963s][info ][safepoint      ] Safepoint "Cleanup", Time since last: 1000113555 ns, Reaching safepoint: 6301 ns, Cleanup: 18101 ns, At safepoint: 2600 ns, Total: 27002 ns
[3780.964s][info ][safepoint      ] Safepoint "Cleanup", Time since last: 3000252661 ns, Reaching safepoint: 6400 ns, Cleanup: 16501 ns, At safepoint: 2601 ns, Total: 25502 ns
[3782.964s][info ][safepoint      ] Safepoint "Cleanup", Time since last: 2000190850 ns, Reaching safepoint: 6500 ns, Cleanup: 12501 ns, At safepoint: 2500 ns, Total: 21501 ns
[3783.964s][info ][safepoint      ] Safepoint "Cleanup", Time since last: 1000123119 ns, Reaching safepoint: 5901 ns, Cleanup: 10900 ns, At safepoint: 2301 ns, Total: 19102 ns
[3786.964s][info ][safepoint      ] Safepoint "Cleanup", Time since last: 3000252951 ns, Reaching safepoint: 6200 ns, Cleanup: 12501 ns, At safepoint: 2200 ns, Total: 20901 ns
[3801.965s][info ][safepoint      ] Safepoint "Cleanup", Time since last: 15001090630 ns, Reaching safepoint: 5800 ns, Cleanup: 12201 ns, At safepoint: 2300 ns, Total: 20301 ns
[3803.974s][info ][gc,start       ] GC(60) Pause Young (Allocation Failure)
[3803.975s][debug][gc,phases      ] GC(60) Scavenge 1.682ms
[3803.975s][debug][gc,ref         ] GC(60) ReferenceProcessor::execute queues: 1, RefProcThreadModel::Single, marks_oops_alive: false
[3803.975s][debug][gc,ref         ] GC(60) Skipped KeepAliveFinalRefsPhase of Reference Processing: no references
[3803.975s][debug][gc,ref         ] GC(60) ReferenceProcessor::execute queues: 1, RefProcThreadModel::Single, marks_oops_alive: false
[3803.975s][debug][gc,phases      ] GC(60) Reference Processing 0.108ms
[3803.976s][debug][gc,phases      ] GC(60)   VM Weak                        Min:  0.0, Avg:  0.0, Max:  0.0, Diff:  0.0, Sum:  0.0, Workers: 4
[3803.976s][debug][gc,phases      ] GC(60)     Dead                           Min: 0, Avg:  0.0, Max: 0, Diff: 0, Sum: 0, Workers: 4
[3803.976s][debug][gc,phases      ] GC(60)     Total                          Min: 0, Avg: 240.8, Max: 835, Diff: 835, Sum: 963, Workers: 4
[3803.976s][debug][gc,phases      ] GC(60)   ObjectSynchronizer Weak        Min:  0.0, Avg:  0.0, Max:  0.0, Diff:  0.0, Sum:  0.0, Workers: 4
[3803.976s][debug][gc,phases      ] GC(60)     Dead                           Min: 0, Avg:  0.0, Max: 0, Diff: 0, Sum: 0, Workers: 4
[3803.976s][debug][gc,phases      ] GC(60)     Total                          Min: 0, Avg:  0.8, Max: 3, Diff: 3, Sum: 3, Workers: 4
[3803.976s][debug][gc,phases      ] GC(60)   JVMTI Tag Weak OopStorage      Min:  0.0, Avg:  0.0, Max:  0.0, Diff:  0.0, Sum:  0.0, Workers: 4
[3803.976s][debug][gc,phases      ] GC(60)     Dead                           Min: 0, Avg:  0.0, Max: 0, Diff: 0, Sum: 0, Workers: 4
[3803.976s][debug][gc,phases      ] GC(60)     Total                          Min: 0, Avg:  0.0, Max: 0, Diff: 0, Sum: 0, Workers: 4
[3803.976s][debug][gc,phases      ] GC(60)   StringTable Weak               Min:  0.0, Avg:  0.1, Max:  0.1, Diff:  0.1, Sum:  0.4, Workers: 4
[3803.976s][debug][gc,phases      ] GC(60)     Dead                           Min: 0, Avg:  0.2, Max: 1, Diff: 1, Sum: 1, Workers: 4
[3803.976s][debug][gc,phases      ] GC(60)     Total                          Min: 0, Avg: 11215.0, Max: 15808, Diff: 15808, Sum: 44860, Workers: 4
[3803.976s][debug][gc,phases      ] GC(60)   ResolvedMethodTable Weak       Min:  0.0, Avg:  0.0, Max:  0.0, Diff:  0.0, Sum:  0.1, Workers: 4
[3803.976s][debug][gc,phases      ] GC(60)     Dead                           Min: 0, Avg:  4.2, Max: 17, Diff: 17, Sum: 17, Workers: 4
[3803.976s][debug][gc,phases      ] GC(60)     Total                          Min: 0, Avg: 3567.0, Max: 5214, Diff: 5214, Sum: 14268, Workers: 4
[3803.976s][debug][gc,phases      ] GC(60)   JNI Weak                       Min:  0.0, Avg:  0.0, Max:  0.0, Diff:  0.0, Sum:  0.0, Workers: 4
[3803.976s][debug][gc,phases      ] GC(60)     Dead                           Min: 0, Avg:  0.0, Max: 0, Diff: 0, Sum: 0, Workers: 4
[3803.976s][debug][gc,phases      ] GC(60)     Total                          Min: 0, Avg: 13.0, Max: 52, Diff: 52, Sum: 52, Workers: 4
[3803.976s][debug][gc,phases      ] GC(60)   StringDedup Table Weak         Min:  0.0, Avg:  0.0, Max:  0.0, Diff:  0.0, Sum:  0.0, Workers: 4
[3803.976s][debug][gc,phases      ] GC(60)     Dead                           Min: 0, Avg:  0.0, Max: 0, Diff: 0, Sum: 0, Workers: 4
[3803.976s][debug][gc,phases      ] GC(60)     Total                          Min: 0, Avg:  0.0, Max: 0, Diff: 0, Sum: 0, Workers: 4
[3803.976s][debug][gc,phases      ] GC(60)   StringDedup Requests0 Weak     Min:  0.0, Avg:  0.0, Max:  0.0, Diff:  0.0, Sum:  0.0, Workers: 4
[3803.976s][debug][gc,phases      ] GC(60)     Dead                           Min: 0, Avg:  0.0, Max: 0, Diff: 0, Sum: 0, Workers: 4
[3803.976s][debug][gc,phases      ] GC(60)     Total                          Min: 0, Avg:  0.0, Max: 0, Diff: 0, Sum: 0, Workers: 4
[3803.976s][debug][gc,phases      ] GC(60)   StringDedup Requests1 Weak     Min:  0.0, Avg:  0.0, Max:  0.0, Diff:  0.0, Sum:  0.0, Workers: 4
[3803.976s][debug][gc,phases      ] GC(60)     Dead                           Min: 0, Avg:  0.0, Max: 0, Diff: 0, Sum: 0, Workers: 4
[3803.976s][debug][gc,phases      ] GC(60)     Total                          Min: 0, Avg:  0.0, Max: 0, Diff: 0, Sum: 0, Workers: 4
[3803.976s][debug][gc,phases      ] GC(60)   Weak JFR Old Object Samples    Min:  0.0, Avg:  0.0, Max:  0.0, Diff:  0.0, Sum:  0.0, Workers: 4
[3803.976s][debug][gc,phases      ] GC(60)     Dead                           Min: 0, Avg:  0.0, Max: 0, Diff: 0, Sum: 0, Workers: 4
[3803.976s][debug][gc,phases      ] GC(60)     Total                          Min: 0, Avg:  0.0, Max: 0, Diff: 0, Sum: 0, Workers: 4
[3803.976s][debug][gc,phases      ] GC(60) Weak Processing 0.423ms
[3803.976s][debug][gc,age         ] GC(60) Desired survivor size 17301504 bytes, new threshold 1 (max threshold 15)
[3803.976s][info ][gc,heap        ] GC(60) PSYoungGen: 2059792K(2076672K)->1888K(2080256K) Eden: 2057728K(2057728K)->0K(2062336K) From: 2064K(18944K)->1888K(17920K)
[3803.976s][info ][gc,heap        ] GC(60) ParOldGen: 251067K(251392K)->251435K(251904K)
[3803.976s][info ][gc,metaspace   ] GC(60) Metaspace: 102846K(104128K)->102846K(104128K) NonClass: 87476K(88192K)->87476K(88192K) Class: 15370K(15936K)->15370K(15936K)
[3803.976s][info ][gc             ] GC(60) Pause Young (Allocation Failure) 2256M->247M(2277M) 2.330ms
[3803.976s][info ][gc,cpu         ] GC(60) User=0.01s Sys=0.00s Real=0.00s
[3803.976s][info ][safepoint      ] Safepoint "ParallelGCFailedAllocation", Time since last: 2008107671 ns, Reaching safepoint: 6401 ns, Cleanup: 4500 ns, At safepoint: 2400053 ns, Total: 2410954 ns
[3831.978s][info ][safepoint      ] Safepoint "Cleanup", Time since last: 28002084710 ns, Reaching safepoint: 5701 ns, Cleanup: 12201 ns, At safepoint: 19501 ns, Total: 37403 ns
[3837.978s][info ][safepoint      ] Safepoint "Cleanup", Time since last: 6000458623 ns, Reaching safepoint: 5101 ns, Cleanup: 8200 ns, At safepoint: 2200 ns, Total: 15501 ns
[3838.979s][info ][safepoint      ] Safepoint "Cleanup", Time since last: 1000108005 ns, Reaching safepoint: 5800 ns, Cleanup: 11101 ns, At safepoint: 1900 ns, Total: 18801 ns
[3852.980s][info ][safepoint      ] Safepoint "Cleanup", Time since last: 14001086380 ns, Reaching safepoint: 5301 ns, Cleanup: 10400 ns, At safepoint: 2301 ns, Total: 18002 ns
[3857.980s][info ][safepoint      ] Safepoint "Cleanup", Time since last: 5000431032 ns, Reaching safepoint: 5100 ns, Cleanup: 11801 ns, At safepoint: 2200 ns, Total: 19101 ns
[3858.980s][info ][safepoint      ] Safepoint "Cleanup", Time since last: 1000099363 ns, Reaching safepoint: 5200 ns, Cleanup: 6901 ns, At safepoint: 2100 ns, Total: 14201 ns
[3877.982s][info ][safepoint      ] Safepoint "Cleanup", Time since last: 19001340597 ns, Reaching safepoint: 4401 ns, Cleanup: 7000 ns, At safepoint: 1900 ns, Total: 13301 ns
[3888.990s][info ][gc,start       ] GC(61) Pause Young (Allocation Failure)
[3888.993s][debug][gc,phases      ] GC(61) Scavenge 2.104ms
[3888.993s][debug][gc,ref         ] GC(61) ReferenceProcessor::execute queues: 1, RefProcThreadModel::Single, marks_oops_alive: false
[3888.993s][debug][gc,ref         ] GC(61) Skipped KeepAliveFinalRefsPhase of Reference Processing: no references
[3888.993s][debug][gc,ref         ] GC(61) ReferenceProcessor::execute queues: 1, RefProcThreadModel::Single, marks_oops_alive: false
[3888.993s][debug][gc,phases      ] GC(61) Reference Processing 0.128ms
[3888.993s][debug][gc,phases      ] GC(61)   VM Weak                        Min:  0.0, Avg:  0.0, Max:  0.0, Diff:  0.0, Sum:  0.0, Workers: 4
[3888.993s][debug][gc,phases      ] GC(61)     Dead                           Min: 0, Avg:  0.0, Max: 0, Diff: 0, Sum: 0, Workers: 4
[3888.993s][debug][gc,phases      ] GC(61)     Total                          Min: 0, Avg: 240.8, Max: 515, Diff: 515, Sum: 963, Workers: 4
[3888.993s][debug][gc,phases      ] GC(61)   ObjectSynchronizer Weak        Min:  0.0, Avg:  0.0, Max:  0.0, Diff:  0.0, Sum:  0.0, Workers: 4
[3888.993s][debug][gc,phases      ] GC(61)     Dead                           Min: 0, Avg:  0.0, Max: 0, Diff: 0, Sum: 0, Workers: 4
[3888.993s][debug][gc,phases      ] GC(61)     Total                          Min: 0, Avg:  1.0, Max: 4, Diff: 4, Sum: 4, Workers: 4
[3888.993s][debug][gc,phases      ] GC(61)   JVMTI Tag Weak OopStorage      Min:  0.0, Avg:  0.0, Max:  0.0, Diff:  0.0, Sum:  0.0, Workers: 4
[3888.993s][debug][gc,phases      ] GC(61)     Dead                           Min: 0, Avg:  0.0, Max: 0, Diff: 0, Sum: 0, Workers: 4
[3888.993s][debug][gc,phases      ] GC(61)     Total                          Min: 0, Avg:  0.0, Max: 0, Diff: 0, Sum: 0, Workers: 4
[3888.993s][debug][gc,phases      ] GC(61)   StringTable Weak               Min:  0.0, Avg:  0.1, Max:  0.1, Diff:  0.1, Sum:  0.4, Workers: 4
[3888.993s][debug][gc,phases      ] GC(61)     Dead                           Min: 0, Avg:  0.0, Max: 0, Diff: 0, Sum: 0, Workers: 4
[3888.993s][debug][gc,phases      ] GC(61)     Total                          Min: 0, Avg: 11216.5, Max: 15680, Diff: 15680, Sum: 44866, Workers: 4
[3888.993s][debug][gc,phases      ] GC(61)   ResolvedMethodTable Weak       Min:  0.0, Avg:  0.0, Max:  0.1, Diff:  0.1, Sum:  0.2, Workers: 4
[3888.993s][debug][gc,phases      ] GC(61)     Dead                           Min: 0, Avg:  4.0, Max: 16, Diff: 16, Sum: 16, Workers: 4
[3888.993s][debug][gc,phases      ] GC(61)     Total                          Min: 0, Avg: 3567.0, Max: 4972, Diff: 4972, Sum: 14268, Workers: 4
[3888.993s][debug][gc,phases      ] GC(61)   JNI Weak                       Min:  0.0, Avg:  0.0, Max:  0.0, Diff:  0.0, Sum:  0.0, Workers: 4
[3888.993s][debug][gc,phases      ] GC(61)     Dead                           Min: 0, Avg:  0.0, Max: 0, Diff: 0, Sum: 0, Workers: 4
[3888.993s][debug][gc,phases      ] GC(61)     Total                          Min: 0, Avg: 13.0, Max: 52, Diff: 52, Sum: 52, Workers: 4
[3888.993s][debug][gc,phases      ] GC(61)   StringDedup Table Weak         Min:  0.0, Avg:  0.0, Max:  0.0, Diff:  0.0, Sum:  0.0, Workers: 4
[3888.993s][debug][gc,phases      ] GC(61)     Dead                           Min: 0, Avg:  0.0, Max: 0, Diff: 0, Sum: 0, Workers: 4
[3888.993s][debug][gc,phases      ] GC(61)     Total                          Min: 0, Avg:  0.0, Max: 0, Diff: 0, Sum: 0, Workers: 4
[3888.993s][debug][gc,phases      ] GC(61)   StringDedup Requests0 Weak     Min:  0.0, Avg:  0.0, Max:  0.0, Diff:  0.0, Sum:  0.0, Workers: 4
[3888.993s][debug][gc,phases      ] GC(61)     Dead                           Min: 0, Avg:  0.0, Max: 0, Diff: 0, Sum: 0, Workers: 4
[3888.993s][debug][gc,phases      ] GC(61)     Total                          Min: 0, Avg:  0.0, Max: 0, Diff: 0, Sum: 0, Workers: 4
[3888.993s][debug][gc,phases      ] GC(61)   StringDedup Requests1 Weak     Min:  0.0, Avg:  0.0, Max:  0.0, Diff:  0.0, Sum:  0.0, Workers: 4
[3888.993s][debug][gc,phases      ] GC(61)     Dead                           Min: 0, Avg:  0.0, Max: 0, Diff: 0, Sum: 0, Workers: 4
[3888.993s][debug][gc,phases      ] GC(61)     Total                          Min: 0, Avg:  0.0, Max: 0, Diff: 0, Sum: 0, Workers: 4
[3888.993s][debug][gc,phases      ] GC(61)   Weak JFR Old Object Samples    Min:  0.0, Avg:  0.0, Max:  0.0, Diff:  0.0, Sum:  0.0, Workers: 4
[3888.993s][debug][gc,phases      ] GC(61)     Dead                           Min: 0, Avg:  0.0, Max: 0, Diff: 0, Sum: 0, Workers: 4
[3888.993s][debug][gc,phases      ] GC(61)     Total                          Min: 0, Avg:  0.0, Max: 0, Diff: 0, Sum: 0, Workers: 4
[3888.993s][debug][gc,phases      ] GC(61) Weak Processing 0.508ms
[3888.993s][debug][gc,age         ] GC(61) Desired survivor size 16252928 bytes, new threshold 1 (max threshold 15)
[3888.993s][info ][gc,heap        ] GC(61) PSYoungGen: 2064224K(2080256K)->2416K(2079232K) Eden: 2062336K(2062336K)->0K(2062336K) From: 1888K(17920K)->2416K(16896K)
[3888.993s][info ][gc,heap        ] GC(61) ParOldGen: 251435K(251904K)->251667K(251904K)
[3888.993s][info ][gc,metaspace   ] GC(61) Metaspace: 102867K(104192K)->102867K(104192K) NonClass: 87497K(88256K)->87497K(88256K) Class: 15370K(15936K)->15370K(15936K)
[3888.993s][info ][gc             ] GC(61) Pause Young (Allocation Failure) 2261M->248M(2276M) 2.910ms
[3888.993s][info ][gc,cpu         ] GC(61) User=0.01s Sys=0.00s Real=0.00s
[3888.993s][info ][safepoint      ] Safepoint "ParallelGCFailedAllocation", Time since last: 11008703461 ns, Reaching safepoint: 5300 ns, Cleanup: 4001 ns, At safepoint: 2996687 ns, Total: 3005988 ns
[3912.291s][info ][safepoint      ] Safepoint "Cleanup", Time since last: 23298026374 ns, Reaching safepoint: 6400 ns, Cleanup: 13501 ns, At safepoint: 2200 ns, Total: 22101 ns
[3926.293s][info ][safepoint      ] Safepoint "Cleanup", Time since last: 14001044676 ns, Reaching safepoint: 87606 ns, Cleanup: 17501 ns, At safepoint: 6400 ns, Total: 111507 ns
[3977.471s][info ][gc,start       ] GC(62) Pause Young (Allocation Failure)
[3977.473s][debug][gc,phases      ] GC(62) Scavenge 2.370ms
[3977.473s][debug][gc,ref         ] GC(62) ReferenceProcessor::execute queues: 1, RefProcThreadModel::Single, marks_oops_alive: false
[3977.473s][debug][gc,ref         ] GC(62) Skipped KeepAliveFinalRefsPhase of Reference Processing: no references
[3977.473s][debug][gc,ref         ] GC(62) ReferenceProcessor::execute queues: 1, RefProcThreadModel::Single, marks_oops_alive: false
[3977.473s][debug][gc,phases      ] GC(62) Reference Processing 0.113ms
[3977.473s][debug][gc,phases      ] GC(62)   VM Weak                        Min:  0.0, Avg:  0.0, Max:  0.0, Diff:  0.0, Sum:  0.0, Workers: 4
[3977.473s][debug][gc,phases      ] GC(62)     Dead                           Min: 0, Avg:  0.0, Max: 0, Diff: 0, Sum: 0, Workers: 4
[3977.473s][debug][gc,phases      ] GC(62)     Total                          Min: 0, Avg: 240.8, Max: 576, Diff: 576, Sum: 963, Workers: 4
[3977.473s][debug][gc,phases      ] GC(62)   ObjectSynchronizer Weak        Min:  0.0, Avg:  0.0, Max:  0.0, Diff:  0.0, Sum:  0.0, Workers: 4
[3977.473s][debug][gc,phases      ] GC(62)     Dead                           Min: 0, Avg:  0.0, Max: 0, Diff: 0, Sum: 0, Workers: 4
[3977.473s][debug][gc,phases      ] GC(62)     Total                          Min: 0, Avg:  0.8, Max: 3, Diff: 3, Sum: 3, Workers: 4
[3977.473s][debug][gc,phases      ] GC(62)   JVMTI Tag Weak OopStorage      Min:  0.0, Avg:  0.0, Max:  0.0, Diff:  0.0, Sum:  0.0, Workers: 4
[3977.473s][debug][gc,phases      ] GC(62)     Dead                           Min: 0, Avg:  0.0, Max: 0, Diff: 0, Sum: 0, Workers: 4
[3977.473s][debug][gc,phases      ] GC(62)     Total                          Min: 0, Avg:  0.0, Max: 0, Diff: 0, Sum: 0, Workers: 4
[3977.473s][debug][gc,phases      ] GC(62)   StringTable Weak               Min:  0.1, Avg:  0.1, Max:  0.1, Diff:  0.1, Sum:  0.5, Workers: 4
[3977.473s][debug][gc,phases      ] GC(62)     Dead                           Min: 0, Avg:  0.0, Max: 0, Diff: 0, Sum: 0, Workers: 4
[3977.474s][debug][gc,phases      ] GC(62)     Total                          Min: 7936, Avg: 11216.5, Max: 13120, Diff: 5184, Sum: 44866, Workers: 4
[3977.474s][debug][gc,phases      ] GC(62)   ResolvedMethodTable Weak       Min:  0.0, Avg:  0.0, Max:  0.0, Diff:  0.0, Sum:  0.1, Workers: 4
[3977.474s][debug][gc,phases      ] GC(62)     Dead                           Min: 0, Avg:  4.0, Max: 16, Diff: 16, Sum: 16, Workers: 4
[3977.474s][debug][gc,phases      ] GC(62)     Total                          Min: 3287, Avg: 3567.0, Max: 3752, Diff: 465, Sum: 14268, Workers: 4
[3977.474s][debug][gc,phases      ] GC(62)   JNI Weak                       Min:  0.0, Avg:  0.0, Max:  0.0, Diff:  0.0, Sum:  0.0, Workers: 4
[3977.474s][debug][gc,phases      ] GC(62)     Dead                           Min: 0, Avg:  0.0, Max: 0, Diff: 0, Sum: 0, Workers: 4
[3977.474s][debug][gc,phases      ] GC(62)     Total                          Min: 0, Avg: 13.0, Max: 52, Diff: 52, Sum: 52, Workers: 4
[3977.474s][debug][gc,phases      ] GC(62)   StringDedup Table Weak         Min:  0.0, Avg:  0.0, Max:  0.0, Diff:  0.0, Sum:  0.0, Workers: 4
[3977.474s][debug][gc,phases      ] GC(62)     Dead                           Min: 0, Avg:  0.0, Max: 0, Diff: 0, Sum: 0, Workers: 4
[3977.474s][debug][gc,phases      ] GC(62)     Total                          Min: 0, Avg:  0.0, Max: 0, Diff: 0, Sum: 0, Workers: 4
[3977.474s][debug][gc,phases      ] GC(62)   StringDedup Requests0 Weak     Min:  0.0, Avg:  0.0, Max:  0.0, Diff:  0.0, Sum:  0.0, Workers: 4
[3977.474s][debug][gc,phases      ] GC(62)     Dead                           Min: 0, Avg:  0.0, Max: 0, Diff: 0, Sum: 0, Workers: 4
[3977.474s][debug][gc,phases      ] GC(62)     Total                          Min: 0, Avg:  0.0, Max: 0, Diff: 0, Sum: 0, Workers: 4
[3977.474s][debug][gc,phases      ] GC(62)   StringDedup Requests1 Weak     Min:  0.0, Avg:  0.0, Max:  0.0, Diff:  0.0, Sum:  0.0, Workers: 4
[3977.474s][debug][gc,phases      ] GC(62)     Dead                           Min: 0, Avg:  0.0, Max: 0, Diff: 0, Sum: 0, Workers: 4
[3977.474s][debug][gc,phases      ] GC(62)     Total                          Min: 0, Avg:  0.0, Max: 0, Diff: 0, Sum: 0, Workers: 4
[3977.474s][debug][gc,phases      ] GC(62)   Weak JFR Old Object Samples    Min:  0.0, Avg:  0.0, Max:  0.0, Diff:  0.0, Sum:  0.0, Workers: 4
[3977.474s][debug][gc,phases      ] GC(62)     Dead                           Min: 0, Avg:  0.0, Max: 0, Diff: 0, Sum: 0, Workers: 4
[3977.474s][debug][gc,phases      ] GC(62)     Total                          Min: 0, Avg:  0.0, Max: 0, Diff: 0, Sum: 0, Workers: 4
[3977.474s][debug][gc,phases      ] GC(62) Weak Processing 0.412ms
[3977.474s][debug][gc,age         ] GC(62) Desired survivor size 15204352 bytes, new threshold 1 (max threshold 15)
[3977.474s][info ][gc,heap        ] GC(62) PSYoungGen: 2064752K(2079232K)->2496K(2082304K) Eden: 2062336K(2062336K)->0K(2066432K) From: 2416K(16896K)->2496K(15872K)
[3977.474s][info ][gc,heap        ] GC(62) ParOldGen: 251667K(251904K)->252183K(252416K)
[3977.474s][info ][gc,metaspace   ] GC(62) Metaspace: 102870K(104192K)->102870K(104192K) NonClass: 87500K(88256K)->87500K(88256K) Class: 15370K(15936K)->15370K(15936K)
[3977.474s][info ][gc             ] GC(62) Pause Young (Allocation Failure) 2262M->248M(2280M) 3.033ms
[3977.474s][info ][gc,cpu         ] GC(62) User=0.01s Sys=0.00s Real=0.00s
[3977.474s][info ][safepoint      ] Safepoint "ParallelGCFailedAllocation", Time since last: 51177997229 ns, Reaching safepoint: 7200 ns, Cleanup: 5001 ns, At safepoint: 3143795 ns, Total: 3155996 ns
[4002.476s][info ][safepoint      ] Safepoint "Cleanup", Time since last: 25001799995 ns, Reaching safepoint: 5100 ns, Cleanup: 10401 ns, At safepoint: 2300 ns, Total: 17801 ns
[4005.476s][info ][safepoint      ] Safepoint "Cleanup", Time since last: 3000256395 ns, Reaching safepoint: 5300 ns, Cleanup: 8401 ns, At safepoint: 2900 ns, Total: 16601 ns
[4006.476s][info ][safepoint      ] Safepoint "Cleanup", Time since last: 1000144302 ns, Reaching safepoint: 6900 ns, Cleanup: 17901 ns, At safepoint: 2500 ns, Total: 27301 ns
[4009.476s][info ][safepoint      ] Safepoint "Cleanup", Time since last: 3000263716 ns, Reaching safepoint: 8301 ns, Cleanup: 10600 ns, At safepoint: 3001 ns, Total: 21902 ns
[4028.478s][info ][safepoint      ] Safepoint "Cleanup", Time since last: 19001412732 ns, Reaching safepoint: 6300 ns, Cleanup: 12101 ns, At safepoint: 2500 ns, Total: 20901 ns
[4029.478s][info ][safepoint      ] Safepoint "Cleanup", Time since last: 1000159416 ns, Reaching safepoint: 7000 ns, Cleanup: 8601 ns, At safepoint: 2300 ns, Total: 17901 ns
[4030.478s][info ][safepoint      ] Safepoint "Cleanup", Time since last: 1000152115 ns, Reaching safepoint: 6601 ns, Cleanup: 13801 ns, At safepoint: 2400 ns, Total: 22802 ns
[4034.478s][info ][safepoint      ] Safepoint "Cleanup", Time since last: 4000403771 ns, Reaching safepoint: 6601 ns, Cleanup: 19601 ns, At safepoint: 2500 ns, Total: 28702 ns
[4037.479s][info ][safepoint      ] Safepoint "Cleanup", Time since last: 3000246754 ns, Reaching safepoint: 5501 ns, Cleanup: 15101 ns, At safepoint: 25401 ns, Total: 46003 ns
[4052.480s][info ][safepoint      ] Safepoint "Cleanup", Time since last: 15001184098 ns, Reaching safepoint: 5301 ns, Cleanup: 9900 ns, At safepoint: 2200 ns, Total: 17401 ns
[4063.026s][info ][gc,start       ] GC(63) Pause Young (Allocation Failure)
[4063.028s][debug][gc,phases      ] GC(63) Scavenge 2.312ms
[4063.028s][debug][gc,ref         ] GC(63) ReferenceProcessor::execute queues: 1, RefProcThreadModel::Single, marks_oops_alive: false
[4063.028s][debug][gc,ref         ] GC(63) Skipped KeepAliveFinalRefsPhase of Reference Processing: no references
[4063.028s][debug][gc,ref         ] GC(63) ReferenceProcessor::execute queues: 1, RefProcThreadModel::Single, marks_oops_alive: false
[4063.028s][debug][gc,phases      ] GC(63) Reference Processing 0.112ms
[4063.029s][debug][gc,phases      ] GC(63)   VM Weak                        Min:  0.0, Avg:  0.0, Max:  0.0, Diff:  0.0, Sum:  0.0, Workers: 4
[4063.029s][debug][gc,phases      ] GC(63)     Dead                           Min: 0, Avg:  0.0, Max: 0, Diff: 0, Sum: 0, Workers: 4
[4063.029s][debug][gc,phases      ] GC(63)     Total                          Min: 0, Avg: 240.8, Max: 963, Diff: 963, Sum: 963, Workers: 4
[4063.029s][debug][gc,phases      ] GC(63)   ObjectSynchronizer Weak        Min:  0.0, Avg:  0.0, Max:  0.0, Diff:  0.0, Sum:  0.0, Workers: 4
[4063.029s][debug][gc,phases      ] GC(63)     Dead                           Min: 0, Avg:  0.0, Max: 0, Diff: 0, Sum: 0, Workers: 4
[4063.029s][debug][gc,phases      ] GC(63)     Total                          Min: 0, Avg:  1.0, Max: 4, Diff: 4, Sum: 4, Workers: 4
[4063.029s][debug][gc,phases      ] GC(63)   JVMTI Tag Weak OopStorage      Min:  0.0, Avg:  0.0, Max:  0.0, Diff:  0.0, Sum:  0.0, Workers: 4
[4063.029s][debug][gc,phases      ] GC(63)     Dead                           Min: 0, Avg:  0.0, Max: 0, Diff: 0, Sum: 0, Workers: 4
[4063.029s][debug][gc,phases      ] GC(63)     Total                          Min: 0, Avg:  0.0, Max: 0, Diff: 0, Sum: 0, Workers: 4
[4063.029s][debug][gc,phases      ] GC(63)   StringTable Weak               Min:  0.0, Avg:  0.1, Max:  0.1, Diff:  0.1, Sum:  0.4, Workers: 4
[4063.029s][debug][gc,phases      ] GC(63)     Dead                           Min: 0, Avg:  0.0, Max: 0, Diff: 0, Sum: 0, Workers: 4
[4063.029s][debug][gc,phases      ] GC(63)     Total                          Min: 0, Avg: 11218.2, Max: 16640, Diff: 16640, Sum: 44873, Workers: 4
[4063.029s][debug][gc,phases      ] GC(63)   ResolvedMethodTable Weak       Min:  0.0, Avg:  0.0, Max:  0.0, Diff:  0.0, Sum:  0.1, Workers: 4
[4063.029s][debug][gc,phases      ] GC(63)     Dead                           Min: 0, Avg:  4.0, Max: 16, Diff: 16, Sum: 16, Workers: 4
[4063.029s][debug][gc,phases      ] GC(63)     Total                          Min: 0, Avg: 3567.0, Max: 5506, Diff: 5506, Sum: 14268, Workers: 4
[4063.029s][debug][gc,phases      ] GC(63)   JNI Weak                       Min:  0.0, Avg:  0.0, Max:  0.0, Diff:  0.0, Sum:  0.0, Workers: 4
[4063.029s][debug][gc,phases      ] GC(63)     Dead                           Min: 0, Avg:  0.0, Max: 0, Diff: 0, Sum: 0, Workers: 4
[4063.029s][debug][gc,phases      ] GC(63)     Total                          Min: 0, Avg: 13.0, Max: 52, Diff: 52, Sum: 52, Workers: 4
[4063.029s][debug][gc,phases      ] GC(63)   StringDedup Table Weak         Min:  0.0, Avg:  0.0, Max:  0.0, Diff:  0.0, Sum:  0.0, Workers: 4
[4063.029s][debug][gc,phases      ] GC(63)     Dead                           Min: 0, Avg:  0.0, Max: 0, Diff: 0, Sum: 0, Workers: 4
[4063.029s][debug][gc,phases      ] GC(63)     Total                          Min: 0, Avg:  0.0, Max: 0, Diff: 0, Sum: 0, Workers: 4
[4063.029s][debug][gc,phases      ] GC(63)   StringDedup Requests0 Weak     Min:  0.0, Avg:  0.0, Max:  0.0, Diff:  0.0, Sum:  0.0, Workers: 4
[4063.029s][debug][gc,phases      ] GC(63)     Dead                           Min: 0, Avg:  0.0, Max: 0, Diff: 0, Sum: 0, Workers: 4
[4063.029s][debug][gc,phases      ] GC(63)     Total                          Min: 0, Avg:  0.0, Max: 0, Diff: 0, Sum: 0, Workers: 4
[4063.029s][debug][gc,phases      ] GC(63)   StringDedup Requests1 Weak     Min:  0.0, Avg:  0.0, Max:  0.0, Diff:  0.0, Sum:  0.0, Workers: 4
[4063.029s][debug][gc,phases      ] GC(63)     Dead                           Min: 0, Avg:  0.0, Max: 0, Diff: 0, Sum: 0, Workers: 4
[4063.029s][debug][gc,phases      ] GC(63)     Total                          Min: 0, Avg:  0.0, Max: 0, Diff: 0, Sum: 0, Workers: 4
[4063.029s][debug][gc,phases      ] GC(63)   Weak JFR Old Object Samples    Min:  0.0, Avg:  0.0, Max:  0.0, Diff:  0.0, Sum:  0.0, Workers: 4
[4063.029s][debug][gc,phases      ] GC(63)     Dead                           Min: 0, Avg:  0.0, Max: 0, Diff: 0, Sum: 0, Workers: 4
[4063.029s][debug][gc,phases      ] GC(63)     Total                          Min: 0, Avg:  0.0, Max: 0, Diff: 0, Sum: 0, Workers: 4
[4063.029s][debug][gc,phases      ] GC(63) Weak Processing 0.426ms
[4063.029s][debug][gc,age         ] GC(63) Desired survivor size 14155776 bytes, new threshold 1 (max threshold 15)
[4063.029s][info ][gc,heap        ] GC(63) PSYoungGen: 2068928K(2082304K)->2240K(2081280K) Eden: 2066432K(2066432K)->0K(2066432K) From: 2496K(15872K)->2240K(14848K)
[4063.029s][info ][gc,heap        ] GC(63) ParOldGen: 252183K(252416K)->252599K(252928K)
[4063.029s][info ][gc,metaspace   ] GC(63) Metaspace: 102888K(104192K)->102888K(104192K) NonClass: 87518K(88256K)->87518K(88256K) Class: 15370K(15936K)->15370K(15936K)
[4063.029s][info ][gc             ] GC(63) Pause Young (Allocation Failure) 2266M->248M(2279M) 2.980ms
[4063.029s][info ][gc,cpu         ] GC(63) User=0.00s Sys=0.00s Real=0.00s
[4063.029s][info ][safepoint      ] Safepoint "ParallelGCFailedAllocation", Time since last: 10545859339 ns, Reaching safepoint: 6300 ns, Cleanup: 4301 ns, At safepoint: 3066993 ns, Total: 3077594 ns
[4068.029s][info ][safepoint      ] Safepoint "Cleanup", Time since last: 5000374560 ns, Reaching safepoint: 5601 ns, Cleanup: 8200 ns, At safepoint: 16602 ns, Total: 30403 ns
[4069.029s][info ][safepoint      ] Safepoint "Cleanup", Time since last: 1000107155 ns, Reaching safepoint: 4900 ns, Cleanup: 10001 ns, At safepoint: 2101 ns, Total: 17002 ns
[4115.347s][info ][safepoint      ] Safepoint "Cleanup", Time since last: 46317714724 ns, Reaching safepoint: 6201 ns, Cleanup: 11301 ns, At safepoint: 1900 ns, Total: 19402 ns
[4116.347s][info ][safepoint      ] Safepoint "Cleanup", Time since last: 1000124303 ns, Reaching safepoint: 7701 ns, Cleanup: 12301 ns, At safepoint: 2600 ns, Total: 22602 ns
[4117.347s][info ][safepoint      ] Safepoint "Cleanup", Time since last: 1000118106 ns, Reaching safepoint: 6001 ns, Cleanup: 10701 ns, At safepoint: 2100 ns, Total: 18802 ns
[4136.349s][info ][safepoint      ] Safepoint "Cleanup", Time since last: 19001489779 ns, Reaching safepoint: 6600 ns, Cleanup: 13001 ns, At safepoint: 29402 ns, Total: 49003 ns
[4142.363s][info ][safepoint      ] Safepoint "Cleanup", Time since last: 6014314455 ns, Reaching safepoint: 6601 ns, Cleanup: 11901 ns, At safepoint: 2400 ns, Total: 20902 ns
[4147.043s][info ][gc,start       ] GC(64) Pause Young (Allocation Failure)
[4147.045s][debug][gc,phases      ] GC(64) Scavenge 2.128ms
[4147.045s][debug][gc,ref         ] GC(64) ReferenceProcessor::execute queues: 1, RefProcThreadModel::Single, marks_oops_alive: false
[4147.045s][debug][gc,ref         ] GC(64) Skipped KeepAliveFinalRefsPhase of Reference Processing: no references
[4147.045s][debug][gc,ref         ] GC(64) Skipped PhantomRefsPhase of Reference Processing: no references
[4147.045s][debug][gc,phases      ] GC(64) Reference Processing 0.110ms
[4147.045s][debug][gc,phases      ] GC(64)   VM Weak                        Min:  0.0, Avg:  0.0, Max:  0.0, Diff:  0.0, Sum:  0.0, Workers: 4
[4147.045s][debug][gc,phases      ] GC(64)     Dead                           Min: 0, Avg:  0.0, Max: 0, Diff: 0, Sum: 0, Workers: 4
[4147.045s][debug][gc,phases      ] GC(64)     Total                          Min: 0, Avg: 240.8, Max: 896, Diff: 896, Sum: 963, Workers: 4
[4147.045s][debug][gc,phases      ] GC(64)   ObjectSynchronizer Weak        Min:  0.0, Avg:  0.0, Max:  0.0, Diff:  0.0, Sum:  0.0, Workers: 4
[4147.045s][debug][gc,phases      ] GC(64)     Dead                           Min: 0, Avg:  0.0, Max: 0, Diff: 0, Sum: 0, Workers: 4
[4147.045s][debug][gc,phases      ] GC(64)     Total                          Min: 0, Avg:  0.8, Max: 3, Diff: 3, Sum: 3, Workers: 4
[4147.045s][debug][gc,phases      ] GC(64)   JVMTI Tag Weak OopStorage      Min:  0.0, Avg:  0.0, Max:  0.0, Diff:  0.0, Sum:  0.0, Workers: 4
[4147.045s][debug][gc,phases      ] GC(64)     Dead                           Min: 0, Avg:  0.0, Max: 0, Diff: 0, Sum: 0, Workers: 4
[4147.045s][debug][gc,phases      ] GC(64)     Total                          Min: 0, Avg:  0.0, Max: 0, Diff: 0, Sum: 0, Workers: 4
[4147.045s][debug][gc,phases      ] GC(64)   StringTable Weak               Min:  0.0, Avg:  0.1, Max:  0.1, Diff:  0.1, Sum:  0.4, Workers: 4
[4147.045s][debug][gc,phases      ] GC(64)     Dead                           Min: 0, Avg:  0.0, Max: 0, Diff: 0, Sum: 0, Workers: 4
[4147.045s][debug][gc,phases      ] GC(64)     Total                          Min: 0, Avg: 11218.5, Max: 16064, Diff: 16064, Sum: 44874, Workers: 4
[4147.045s][debug][gc,phases      ] GC(64)   ResolvedMethodTable Weak       Min:  0.0, Avg:  0.0, Max:  0.1, Diff:  0.1, Sum:  0.2, Workers: 4
[4147.045s][debug][gc,phases      ] GC(64)     Dead                           Min: 0, Avg:  4.0, Max: 16, Diff: 16, Sum: 16, Workers: 4
[4147.045s][debug][gc,phases      ] GC(64)     Total                          Min: 0, Avg: 3567.0, Max: 5376, Diff: 5376, Sum: 14268, Workers: 4
[4147.045s][debug][gc,phases      ] GC(64)   JNI Weak                       Min:  0.0, Avg:  0.0, Max:  0.0, Diff:  0.0, Sum:  0.0, Workers: 4
[4147.045s][debug][gc,phases      ] GC(64)     Dead                           Min: 0, Avg:  0.0, Max: 0, Diff: 0, Sum: 0, Workers: 4
[4147.045s][debug][gc,phases      ] GC(64)     Total                          Min: 0, Avg: 13.0, Max: 52, Diff: 52, Sum: 52, Workers: 4
[4147.045s][debug][gc,phases      ] GC(64)   StringDedup Table Weak         Min:  0.0, Avg:  0.0, Max:  0.0, Diff:  0.0, Sum:  0.0, Workers: 4
[4147.045s][debug][gc,phases      ] GC(64)     Dead                           Min: 0, Avg:  0.0, Max: 0, Diff: 0, Sum: 0, Workers: 4
[4147.045s][debug][gc,phases      ] GC(64)     Total                          Min: 0, Avg:  0.0, Max: 0, Diff: 0, Sum: 0, Workers: 4
[4147.045s][debug][gc,phases      ] GC(64)   StringDedup Requests0 Weak     Min:  0.0, Avg:  0.0, Max:  0.0, Diff:  0.0, Sum:  0.0, Workers: 4
[4147.045s][debug][gc,phases      ] GC(64)     Dead                           Min: 0, Avg:  0.0, Max: 0, Diff: 0, Sum: 0, Workers: 4
[4147.045s][debug][gc,phases      ] GC(64)     Total                          Min: 0, Avg:  0.0, Max: 0, Diff: 0, Sum: 0, Workers: 4
[4147.045s][debug][gc,phases      ] GC(64)   StringDedup Requests1 Weak     Min:  0.0, Avg:  0.0, Max:  0.0, Diff:  0.0, Sum:  0.0, Workers: 4
[4147.045s][debug][gc,phases      ] GC(64)     Dead                           Min: 0, Avg:  0.0, Max: 0, Diff: 0, Sum: 0, Workers: 4
[4147.045s][debug][gc,phases      ] GC(64)     Total                          Min: 0, Avg:  0.0, Max: 0, Diff: 0, Sum: 0, Workers: 4
[4147.045s][debug][gc,phases      ] GC(64)   Weak JFR Old Object Samples    Min:  0.0, Avg:  0.0, Max:  0.0, Diff:  0.0, Sum:  0.0, Workers: 4
[4147.045s][debug][gc,phases      ] GC(64)     Dead                           Min: 0, Avg:  0.0, Max: 0, Diff: 0, Sum: 0, Workers: 4
[4147.045s][debug][gc,phases      ] GC(64)     Total                          Min: 0, Avg:  0.0, Max: 0, Diff: 0, Sum: 0, Workers: 4
[4147.046s][debug][gc,phases      ] GC(64) Weak Processing 0.483ms
[4147.046s][debug][gc,age         ] GC(64) Desired survivor size 13107200 bytes, new threshold 1 (max threshold 15)
[4147.046s][info ][gc,heap        ] GC(64) PSYoungGen: 2068672K(2081280K)->2400K(2084352K) Eden: 2066432K(2066432K)->0K(2070528K) From: 2240K(14848K)->2400K(13824K)
[4147.046s][info ][gc,heap        ] GC(64) ParOldGen: 252599K(252928K)->252951K(253440K)
[4147.046s][info ][gc,metaspace   ] GC(64) Metaspace: 102889K(104192K)->102889K(104192K) NonClass: 87519K(88256K)->87519K(88256K) Class: 15370K(15936K)->15370K(15936K)
[4147.046s][info ][gc             ] GC(64) Pause Young (Allocation Failure) 2266M->249M(2283M) 2.856ms
[4147.046s][info ][gc,cpu         ] GC(64) User=0.01s Sys=0.00s Real=0.01s
[4147.046s][info ][safepoint      ] Safepoint "ParallelGCFailedAllocation", Time since last: 4679268381 ns, Reaching safepoint: 78005 ns, Cleanup: 3900 ns, At safepoint: 2929512 ns, Total: 3011417 ns
[4156.046s][info ][safepoint      ] Safepoint "Cleanup", Time since last: 9000726415 ns, Reaching safepoint: 76606 ns, Cleanup: 9501 ns, At safepoint: 5600 ns, Total: 91707 ns
[4157.047s][info ][safepoint      ] Safepoint "Cleanup", Time since last: 1000111034 ns, Reaching safepoint: 5501 ns, Cleanup: 9001 ns, At safepoint: 2600 ns, Total: 17102 ns
[4188.049s][info ][safepoint      ] Safepoint "Cleanup", Time since last: 31002355372 ns, Reaching safepoint: 6301 ns, Cleanup: 10700 ns, At safepoint: 2200 ns, Total: 19201 ns
[4206.381s][info ][safepoint      ] Safepoint "Cleanup", Time since last: 18332416099 ns, Reaching safepoint: 5700 ns, Cleanup: 16302 ns, At safepoint: 2300 ns, Total: 24302 ns
[4211.382s][info ][safepoint      ] Safepoint "Cleanup", Time since last: 5000443756 ns, Reaching safepoint: 5401 ns, Cleanup: 12601 ns, At safepoint: 2700 ns, Total: 20702 ns
[4212.382s][info ][safepoint      ] Safepoint "Cleanup", Time since last: 1000077240 ns, Reaching safepoint: 7801 ns, Cleanup: 10901 ns, At safepoint: 2500 ns, Total: 21202 ns
[4220.383s][info ][safepoint      ] Safepoint "Cleanup", Time since last: 8000626159 ns, Reaching safepoint: 6501 ns, Cleanup: 12901 ns, At safepoint: 2000 ns, Total: 21402 ns
[4233.445s][info ][gc,start       ] GC(65) Pause Young (Allocation Failure)
[4233.448s][debug][gc,phases      ] GC(65) Scavenge 2.319ms
[4233.448s][debug][gc,ref         ] GC(65) ReferenceProcessor::execute queues: 1, RefProcThreadModel::Single, marks_oops_alive: false
[4233.448s][debug][gc,ref         ] GC(65) Skipped KeepAliveFinalRefsPhase of Reference Processing: no references
[4233.448s][debug][gc,ref         ] GC(65) ReferenceProcessor::execute queues: 1, RefProcThreadModel::Single, marks_oops_alive: false
[4233.448s][debug][gc,phases      ] GC(65) Reference Processing 0.130ms
[4233.448s][debug][gc,phases      ] GC(65)   VM Weak                        Min:  0.0, Avg:  0.0, Max:  0.0, Diff:  0.0, Sum:  0.0, Workers: 4
[4233.448s][debug][gc,phases      ] GC(65)     Dead                           Min: 0, Avg:  0.0, Max: 0, Diff: 0, Sum: 0, Workers: 4
[4233.448s][debug][gc,phases      ] GC(65)     Total                          Min: 0, Avg: 240.8, Max: 515, Diff: 515, Sum: 963, Workers: 4
[4233.448s][debug][gc,phases      ] GC(65)   ObjectSynchronizer Weak        Min:  0.0, Avg:  0.0, Max:  0.0, Diff:  0.0, Sum:  0.0, Workers: 4
[4233.448s][debug][gc,phases      ] GC(65)     Dead                           Min: 0, Avg:  0.0, Max: 0, Diff: 0, Sum: 0, Workers: 4
[4233.448s][debug][gc,phases      ] GC(65)     Total                          Min: 0, Avg:  1.0, Max: 4, Diff: 4, Sum: 4, Workers: 4
[4233.448s][debug][gc,phases      ] GC(65)   JVMTI Tag Weak OopStorage      Min:  0.0, Avg:  0.0, Max:  0.0, Diff:  0.0, Sum:  0.0, Workers: 4
[4233.448s][debug][gc,phases      ] GC(65)     Dead                           Min: 0, Avg:  0.0, Max: 0, Diff: 0, Sum: 0, Workers: 4
[4233.448s][debug][gc,phases      ] GC(65)     Total                          Min: 0, Avg:  0.0, Max: 0, Diff: 0, Sum: 0, Workers: 4
[4233.448s][debug][gc,phases      ] GC(65)   StringTable Weak               Min:  0.0, Avg:  0.1, Max:  0.2, Diff:  0.2, Sum:  0.5, Workers: 4
[4233.448s][debug][gc,phases      ] GC(65)     Dead                           Min: 0, Avg:  0.0, Max: 0, Diff: 0, Sum: 0, Workers: 4
[4233.448s][debug][gc,phases      ] GC(65)     Total                          Min: 0, Avg: 11218.5, Max: 16330, Diff: 16330, Sum: 44874, Workers: 4
[4233.448s][debug][gc,phases      ] GC(65)   ResolvedMethodTable Weak       Min:  0.0, Avg:  0.0, Max:  0.1, Diff:  0.1, Sum:  0.1, Workers: 4
[4233.448s][debug][gc,phases      ] GC(65)     Dead                           Min: 0, Avg:  4.0, Max: 16, Diff: 16, Sum: 16, Workers: 4
[4233.448s][debug][gc,phases      ] GC(65)     Total                          Min: 0, Avg: 3567.0, Max: 5879, Diff: 5879, Sum: 14268, Workers: 4
[4233.448s][debug][gc,phases      ] GC(65)   JNI Weak                       Min:  0.0, Avg:  0.0, Max:  0.0, Diff:  0.0, Sum:  0.0, Workers: 4
[4233.448s][debug][gc,phases      ] GC(65)     Dead                           Min: 0, Avg:  0.0, Max: 0, Diff: 0, Sum: 0, Workers: 4
[4233.448s][debug][gc,phases      ] GC(65)     Total                          Min: 0, Avg: 13.0, Max: 52, Diff: 52, Sum: 52, Workers: 4
[4233.448s][debug][gc,phases      ] GC(65)   StringDedup Table Weak         Min:  0.0, Avg:  0.0, Max:  0.0, Diff:  0.0, Sum:  0.0, Workers: 4
[4233.448s][debug][gc,phases      ] GC(65)     Dead                           Min: 0, Avg:  0.0, Max: 0, Diff: 0, Sum: 0, Workers: 4
[4233.448s][debug][gc,phases      ] GC(65)     Total                          Min: 0, Avg:  0.0, Max: 0, Diff: 0, Sum: 0, Workers: 4
[4233.448s][debug][gc,phases      ] GC(65)   StringDedup Requests0 Weak     Min:  0.0, Avg:  0.0, Max:  0.0, Diff:  0.0, Sum:  0.0, Workers: 4
[4233.448s][debug][gc,phases      ] GC(65)     Dead                           Min: 0, Avg:  0.0, Max: 0, Diff: 0, Sum: 0, Workers: 4
[4233.448s][debug][gc,phases      ] GC(65)     Total                          Min: 0, Avg:  0.0, Max: 0, Diff: 0, Sum: 0, Workers: 4
[4233.448s][debug][gc,phases      ] GC(65)   StringDedup Requests1 Weak     Min:  0.0, Avg:  0.0, Max:  0.0, Diff:  0.0, Sum:  0.0, Workers: 4
[4233.448s][debug][gc,phases      ] GC(65)     Dead                           Min: 0, Avg:  0.0, Max: 0, Diff: 0, Sum: 0, Workers: 4
[4233.448s][debug][gc,phases      ] GC(65)     Total                          Min: 0, Avg:  0.0, Max: 0, Diff: 0, Sum: 0, Workers: 4
[4233.448s][debug][gc,phases      ] GC(65)   Weak JFR Old Object Samples    Min:  0.0, Avg:  0.0, Max:  0.0, Diff:  0.0, Sum:  0.0, Workers: 4
[4233.448s][debug][gc,phases      ] GC(65)     Dead                           Min: 0, Avg:  0.0, Max: 0, Diff: 0, Sum: 0, Workers: 4
[4233.448s][debug][gc,phases      ] GC(65)     Total                          Min: 0, Avg:  0.0, Max: 0, Diff: 0, Sum: 0, Workers: 4
[4233.448s][debug][gc,phases      ] GC(65) Weak Processing 0.500ms
[4233.448s][debug][gc,age         ] GC(65) Desired survivor size 12582912 bytes, new threshold 1 (max threshold 15)
[4233.448s][info ][gc,heap        ] GC(65) PSYoungGen: 2072928K(2084352K)->2544K(2083328K) Eden: 2070528K(2070528K)->0K(2070528K) From: 2400K(13824K)->2544K(12800K)
[4233.448s][info ][gc,heap        ] GC(65) ParOldGen: 252951K(253440K)->253167K(253440K)
[4233.448s][info ][gc,metaspace   ] GC(65) Metaspace: 102895K(104192K)->102895K(104192K) NonClass: 87525K(88256K)->87525K(88256K) Class: 15370K(15936K)->15370K(15936K)
[4233.448s][info ][gc             ] GC(65) Pause Young (Allocation Failure) 2271M->249M(2282M) 3.083ms
[4233.448s][info ][gc,cpu         ] GC(65) User=0.01s Sys=0.00s Real=0.00s
[4233.448s][info ][safepoint      ] Safepoint "ParallelGCFailedAllocation", Time since last: 13062616121 ns, Reaching safepoint: 6001 ns, Cleanup: 4600 ns, At safepoint: 3204820 ns, Total: 3215421 ns
[4264.400s][info ][safepoint      ] Safepoint "Cleanup", Time since last: 30951384929 ns, Reaching safepoint: 6901 ns, Cleanup: 10501 ns, At safepoint: 2300 ns, Total: 19702 ns
[4271.400s][info ][safepoint      ] Safepoint "Cleanup", Time since last: 7000559643 ns, Reaching safepoint: 6200 ns, Cleanup: 15101 ns, At safepoint: 2101 ns, Total: 23402 ns
[4284.402s][info ][safepoint      ] Safepoint "Cleanup", Time since last: 13001123829 ns, Reaching safepoint: 6401 ns, Cleanup: 11801 ns, At safepoint: 2200 ns, Total: 20402 ns
[4285.402s][info ][safepoint      ] Safepoint "Cleanup", Time since last: 1000124314 ns, Reaching safepoint: 7100 ns, Cleanup: 13601 ns, At safepoint: 2200 ns, Total: 22901 ns
[4286.402s][info ][safepoint      ] Safepoint "Cleanup", Time since last: 1000118414 ns, Reaching safepoint: 6700 ns, Cleanup: 11101 ns, At safepoint: 2400 ns, Total: 20201 ns
[4290.402s][info ][safepoint      ] Safepoint "Cleanup", Time since last: 4000346320 ns, Reaching safepoint: 8201 ns, Cleanup: 12301 ns, At safepoint: 2500 ns, Total: 23002 ns
[4297.403s][info ][safepoint      ] Safepoint "Cleanup", Time since last: 7000516998 ns, Reaching safepoint: 7500 ns, Cleanup: 13901 ns, At safepoint: 29803 ns, Total: 51204 ns
[4324.993s][info ][gc,start       ] GC(66) Pause Young (Allocation Failure)
[4324.996s][debug][gc,phases      ] GC(66) Scavenge 2.320ms
[4324.996s][debug][gc,ref         ] GC(66) ReferenceProcessor::execute queues: 1, RefProcThreadModel::Single, marks_oops_alive: false
[4324.996s][debug][gc,ref         ] GC(66) Skipped KeepAliveFinalRefsPhase of Reference Processing: no references
[4324.996s][debug][gc,ref         ] GC(66) ReferenceProcessor::execute queues: 1, RefProcThreadModel::Single, marks_oops_alive: false
[4324.996s][debug][gc,phases      ] GC(66) Reference Processing 0.122ms
[4324.996s][debug][gc,phases      ] GC(66)   VM Weak                        Min:  0.0, Avg:  0.0, Max:  0.0, Diff:  0.0, Sum:  0.0, Workers: 4
[4324.996s][debug][gc,phases      ] GC(66)     Dead                           Min: 0, Avg:  0.0, Max: 0, Diff: 0, Sum: 0, Workers: 4
[4324.996s][debug][gc,phases      ] GC(66)     Total                          Min: 0, Avg: 240.8, Max: 963, Diff: 963, Sum: 963, Workers: 4
[4324.996s][debug][gc,phases      ] GC(66)   ObjectSynchronizer Weak        Min:  0.0, Avg:  0.0, Max:  0.0, Diff:  0.0, Sum:  0.0, Workers: 4
[4324.996s][debug][gc,phases      ] GC(66)     Dead                           Min: 0, Avg:  0.0, Max: 0, Diff: 0, Sum: 0, Workers: 4
[4324.996s][debug][gc,phases      ] GC(66)     Total                          Min: 0, Avg:  0.8, Max: 3, Diff: 3, Sum: 3, Workers: 4
[4324.996s][debug][gc,phases      ] GC(66)   JVMTI Tag Weak OopStorage      Min:  0.0, Avg:  0.0, Max:  0.0, Diff:  0.0, Sum:  0.0, Workers: 4
[4324.996s][debug][gc,phases      ] GC(66)     Dead                           Min: 0, Avg:  0.0, Max: 0, Diff: 0, Sum: 0, Workers: 4
[4324.996s][debug][gc,phases      ] GC(66)     Total                          Min: 0, Avg:  0.0, Max: 0, Diff: 0, Sum: 0, Workers: 4
[4324.996s][debug][gc,phases      ] GC(66)   StringTable Weak               Min:  0.0, Avg:  0.1, Max:  0.1, Diff:  0.1, Sum:  0.4, Workers: 4
[4324.996s][debug][gc,phases      ] GC(66)     Dead                           Min: 0, Avg:  0.0, Max: 0, Diff: 0, Sum: 0, Workers: 4
[4324.996s][debug][gc,phases      ] GC(66)     Total                          Min: 0, Avg: 11218.5, Max: 16202, Diff: 16202, Sum: 44874, Workers: 4
[4324.996s][debug][gc,phases      ] GC(66)   ResolvedMethodTable Weak       Min:  0.0, Avg:  0.0, Max:  0.0, Diff:  0.0, Sum:  0.1, Workers: 4
[4324.996s][debug][gc,phases      ] GC(66)     Dead                           Min: 0, Avg:  4.0, Max: 16, Diff: 16, Sum: 16, Workers: 4
[4324.996s][debug][gc,phases      ] GC(66)     Total                          Min: 0, Avg: 3567.0, Max: 5042, Diff: 5042, Sum: 14268, Workers: 4
[4324.996s][debug][gc,phases      ] GC(66)   JNI Weak                       Min:  0.0, Avg:  0.0, Max:  0.0, Diff:  0.0, Sum:  0.0, Workers: 4
[4324.996s][debug][gc,phases      ] GC(66)     Dead                           Min: 0, Avg:  0.0, Max: 0, Diff: 0, Sum: 0, Workers: 4
[4324.996s][debug][gc,phases      ] GC(66)     Total                          Min: 0, Avg: 13.0, Max: 52, Diff: 52, Sum: 52, Workers: 4
[4324.996s][debug][gc,phases      ] GC(66)   StringDedup Table Weak         Min:  0.0, Avg:  0.0, Max:  0.0, Diff:  0.0, Sum:  0.0, Workers: 4
[4324.996s][debug][gc,phases      ] GC(66)     Dead                           Min: 0, Avg:  0.0, Max: 0, Diff: 0, Sum: 0, Workers: 4
[4324.996s][debug][gc,phases      ] GC(66)     Total                          Min: 0, Avg:  0.0, Max: 0, Diff: 0, Sum: 0, Workers: 4
[4324.996s][debug][gc,phases      ] GC(66)   StringDedup Requests0 Weak     Min:  0.0, Avg:  0.0, Max:  0.0, Diff:  0.0, Sum:  0.0, Workers: 4
[4324.996s][debug][gc,phases      ] GC(66)     Dead                           Min: 0, Avg:  0.0, Max: 0, Diff: 0, Sum: 0, Workers: 4
[4324.996s][debug][gc,phases      ] GC(66)     Total                          Min: 0, Avg:  0.0, Max: 0, Diff: 0, Sum: 0, Workers: 4
[4324.996s][debug][gc,phases      ] GC(66)   StringDedup Requests1 Weak     Min:  0.0, Avg:  0.0, Max:  0.0, Diff:  0.0, Sum:  0.0, Workers: 4
[4324.996s][debug][gc,phases      ] GC(66)     Dead                           Min: 0, Avg:  0.0, Max: 0, Diff: 0, Sum: 0, Workers: 4
[4324.996s][debug][gc,phases      ] GC(66)     Total                          Min: 0, Avg:  0.0, Max: 0, Diff: 0, Sum: 0, Workers: 4
[4324.996s][debug][gc,phases      ] GC(66)   Weak JFR Old Object Samples    Min:  0.0, Avg:  0.0, Max:  0.0, Diff:  0.0, Sum:  0.0, Workers: 4
[4324.996s][debug][gc,phases      ] GC(66)     Dead                           Min: 0, Avg:  0.0, Max: 0, Diff: 0, Sum: 0, Workers: 4
[4324.996s][debug][gc,phases      ] GC(66)     Total                          Min: 0, Avg:  0.0, Max: 0, Diff: 0, Sum: 0, Workers: 4
[4324.996s][debug][gc,phases      ] GC(66) Weak Processing 0.410ms
[4324.996s][debug][gc,age         ] GC(66) Desired survivor size 11534336 bytes, new threshold 1 (max threshold 15)
[4324.996s][info ][gc,heap        ] GC(66) PSYoungGen: 2073072K(2083328K)->2208K(2085888K) Eden: 2070528K(2070528K)->0K(2073600K) From: 2544K(12800K)->2208K(12288K)
[4324.996s][info ][gc,heap        ] GC(66) ParOldGen: 253167K(253440K)->253531K(253952K)
[4324.996s][info ][gc,metaspace   ] GC(66) Metaspace: 102906K(104192K)->102906K(104192K) NonClass: 87536K(88256K)->87536K(88256K) Class: 15370K(15936K)->15370K(15936K)
[4324.996s][info ][gc             ] GC(66) Pause Young (Allocation Failure) 2271M->249M(2285M) 2.978ms
[4324.996s][info ][gc,cpu         ] GC(66) User=0.01s Sys=0.00s Real=0.00s
[4324.996s][info ][safepoint      ] Safepoint "ParallelGCFailedAllocation", Time since last: 27590366409 ns, Reaching safepoint: 79305 ns, Cleanup: 4200 ns, At safepoint: 3089814 ns, Total: 3173319 ns
[4342.998s][info ][safepoint      ] Safepoint "Cleanup", Time since last: 18001344387 ns, Reaching safepoint: 5801 ns, Cleanup: 10601 ns, At safepoint: 2200 ns, Total: 18602 ns
[4356.999s][info ][safepoint      ] Safepoint "Cleanup", Time since last: 14001082941 ns, Reaching safepoint: 6901 ns, Cleanup: 11801 ns, At safepoint: 34302 ns, Total: 53004 ns
[4361.999s][info ][safepoint      ] Safepoint "Cleanup", Time since last: 5000459912 ns, Reaching safepoint: 7100 ns, Cleanup: 10301 ns, At safepoint: 2700 ns, Total: 20101 ns
[4370.000s][info ][safepoint      ] Safepoint "Cleanup", Time since last: 8000760815 ns, Reaching safepoint: 7001 ns, Cleanup: 13001 ns, At safepoint: 2800 ns, Total: 22802 ns
[4380.001s][info ][safepoint      ] Safepoint "Cleanup", Time since last: 10000837314 ns, Reaching safepoint: 6000 ns, Cleanup: 16401 ns, At safepoint: 2101 ns, Total: 24502 ns
[4381.001s][info ][safepoint      ] Safepoint "Cleanup", Time since last: 1000125795 ns, Reaching safepoint: 6501 ns, Cleanup: 13000 ns, At safepoint: 2201 ns, Total: 21702 ns
[4392.002s][info ][safepoint      ] Safepoint "Cleanup", Time since last: 11000884349 ns, Reaching safepoint: 5500 ns, Cleanup: 12501 ns, At safepoint: 2500 ns, Total: 20501 ns
[4397.002s][info ][safepoint      ] Safepoint "Cleanup", Time since last: 5000392505 ns, Reaching safepoint: 6301 ns, Cleanup: 11100 ns, At safepoint: 2201 ns, Total: 19602 ns
[4413.972s][info ][gc,start       ] GC(67) Pause Young (Allocation Failure)
[4413.973s][debug][gc,phases      ] GC(67) Scavenge 1.783ms
[4413.974s][debug][gc,ref         ] GC(67) ReferenceProcessor::execute queues: 1, RefProcThreadModel::Single, marks_oops_alive: false
[4413.974s][debug][gc,ref         ] GC(67) Skipped KeepAliveFinalRefsPhase of Reference Processing: no references
[4413.974s][debug][gc,ref         ] GC(67) Skipped PhantomRefsPhase of Reference Processing: no references
[4413.974s][debug][gc,phases      ] GC(67) Reference Processing 0.110ms
[4413.974s][debug][gc,phases      ] GC(67)   VM Weak                        Min:  0.0, Avg:  0.0, Max:  0.0, Diff:  0.0, Sum:  0.0, Workers: 4
[4413.974s][debug][gc,phases      ] GC(67)     Dead                           Min: 0, Avg:  0.0, Max: 0, Diff: 0, Sum: 0, Workers: 4
[4413.974s][debug][gc,phases      ] GC(67)     Total                          Min: 0, Avg: 240.8, Max: 640, Diff: 640, Sum: 963, Workers: 4
[4413.974s][debug][gc,phases      ] GC(67)   ObjectSynchronizer Weak        Min:  0.0, Avg:  0.0, Max:  0.0, Diff:  0.0, Sum:  0.0, Workers: 4
[4413.974s][debug][gc,phases      ] GC(67)     Dead                           Min: 0, Avg:  0.0, Max: 0, Diff: 0, Sum: 0, Workers: 4
[4413.974s][debug][gc,phases      ] GC(67)     Total                          Min: 0, Avg:  0.8, Max: 3, Diff: 3, Sum: 3, Workers: 4
[4413.974s][debug][gc,phases      ] GC(67)   JVMTI Tag Weak OopStorage      Min:  0.0, Avg:  0.0, Max:  0.0, Diff:  0.0, Sum:  0.0, Workers: 4
[4413.974s][debug][gc,phases      ] GC(67)     Dead                           Min: 0, Avg:  0.0, Max: 0, Diff: 0, Sum: 0, Workers: 4
[4413.974s][debug][gc,phases      ] GC(67)     Total                          Min: 0, Avg:  0.0, Max: 0, Diff: 0, Sum: 0, Workers: 4
[4413.974s][debug][gc,phases      ] GC(67)   StringTable Weak               Min:  0.1, Avg:  0.1, Max:  0.1, Diff:  0.0, Sum:  0.4, Workers: 4
[4413.974s][debug][gc,phases      ] GC(67)     Dead                           Min: 0, Avg:  0.0, Max: 0, Diff: 0, Sum: 0, Workers: 4
[4413.974s][debug][gc,phases      ] GC(67)     Total                          Min: 10688, Avg: 11220.2, Max: 11985, Diff: 1297, Sum: 44881, Workers: 4
[4413.974s][debug][gc,phases      ] GC(67)   ResolvedMethodTable Weak       Min:  0.0, Avg:  0.0, Max:  0.0, Diff:  0.0, Sum:  0.1, Workers: 4
[4413.974s][debug][gc,phases      ] GC(67)     Dead                           Min: 0, Avg:  4.0, Max: 16, Diff: 16, Sum: 16, Workers: 4
[4413.974s][debug][gc,phases      ] GC(67)     Total                          Min: 3196, Avg: 3567.0, Max: 4162, Diff: 966, Sum: 14268, Workers: 4
[4413.974s][debug][gc,phases      ] GC(67)   JNI Weak                       Min:  0.0, Avg:  0.0, Max:  0.0, Diff:  0.0, Sum:  0.0, Workers: 4
[4413.974s][debug][gc,phases      ] GC(67)     Dead                           Min: 0, Avg:  0.0, Max: 0, Diff: 0, Sum: 0, Workers: 4
[4413.974s][debug][gc,phases      ] GC(67)     Total                          Min: 0, Avg: 13.0, Max: 52, Diff: 52, Sum: 52, Workers: 4
[4413.974s][debug][gc,phases      ] GC(67)   StringDedup Table Weak         Min:  0.0, Avg:  0.0, Max:  0.0, Diff:  0.0, Sum:  0.0, Workers: 4
[4413.974s][debug][gc,phases      ] GC(67)     Dead                           Min: 0, Avg:  0.0, Max: 0, Diff: 0, Sum: 0, Workers: 4
[4413.974s][debug][gc,phases      ] GC(67)     Total                          Min: 0, Avg:  0.0, Max: 0, Diff: 0, Sum: 0, Workers: 4
[4413.974s][debug][gc,phases      ] GC(67)   StringDedup Requests0 Weak     Min:  0.0, Avg:  0.0, Max:  0.0, Diff:  0.0, Sum:  0.0, Workers: 4
[4413.974s][debug][gc,phases      ] GC(67)     Dead                           Min: 0, Avg:  0.0, Max: 0, Diff: 0, Sum: 0, Workers: 4
[4413.974s][debug][gc,phases      ] GC(67)     Total                          Min: 0, Avg:  0.0, Max: 0, Diff: 0, Sum: 0, Workers: 4
[4413.974s][debug][gc,phases      ] GC(67)   StringDedup Requests1 Weak     Min:  0.0, Avg:  0.0, Max:  0.0, Diff:  0.0, Sum:  0.0, Workers: 4
[4413.974s][debug][gc,phases      ] GC(67)     Dead                           Min: 0, Avg:  0.0, Max: 0, Diff: 0, Sum: 0, Workers: 4
[4413.974s][debug][gc,phases      ] GC(67)     Total                          Min: 0, Avg:  0.0, Max: 0, Diff: 0, Sum: 0, Workers: 4
[4413.974s][debug][gc,phases      ] GC(67)   Weak JFR Old Object Samples    Min:  0.0, Avg:  0.0, Max:  0.0, Diff:  0.0, Sum:  0.0, Workers: 4
[4413.974s][debug][gc,phases      ] GC(67)     Dead                           Min: 0, Avg:  0.0, Max: 0, Diff: 0, Sum: 0, Workers: 4
[4413.974s][debug][gc,phases      ] GC(67)     Total                          Min: 0, Avg:  0.0, Max: 0, Diff: 0, Sum: 0, Workers: 4
[4413.974s][debug][gc,phases      ] GC(67) Weak Processing 0.394ms
[4413.974s][debug][gc,age         ] GC(67) Desired survivor size 11010048 bytes, new threshold 1 (max threshold 15)
[4413.974s][info ][gc,heap        ] GC(67) PSYoungGen: 2075808K(2085888K)->1984K(2084864K) Eden: 2073600K(2073600K)->0K(2073600K) From: 2208K(12288K)->1984K(11264K)
[4413.974s][info ][gc,heap        ] GC(67) ParOldGen: 253531K(253952K)->254179K(254464K)
[4413.974s][info ][gc,metaspace   ] GC(67) Metaspace: 102918K(104192K)->102918K(104192K) NonClass: 87548K(88256K)->87548K(88256K) Class: 15370K(15936K)->15370K(15936K)
[4413.974s][info ][gc             ] GC(67) Pause Young (Allocation Failure) 2274M->250M(2284M) 2.416ms
[4413.974s][info ][gc,cpu         ] GC(67) User=0.00s Sys=0.01s Real=0.00s
[4413.974s][info ][safepoint      ] Safepoint "ParallelGCFailedAllocation", Time since last: 16969121676 ns, Reaching safepoint: 5500 ns, Cleanup: 4200 ns, At safepoint: 2490772 ns, Total: 2500472 ns
[4431.975s][info ][safepoint      ] Safepoint "Cleanup", Time since last: 18001312870 ns, Reaching safepoint: 5601 ns, Cleanup: 11800 ns, At safepoint: 29302 ns, Total: 46703 ns
[4460.456s][info ][safepoint      ] Safepoint "Cleanup", Time since last: 28480890279 ns, Reaching safepoint: 5700 ns, Cleanup: 13001 ns, At safepoint: 2600 ns, Total: 21301 ns
[4493.459s][info ][safepoint      ] Safepoint "Cleanup", Time since last: 33003014681 ns, Reaching safepoint: 6700 ns, Cleanup: 11201 ns, At safepoint: 29502 ns, Total: 47403 ns
[4501.119s][info ][gc,start       ] GC(68) Pause Young (Allocation Failure)
[4501.121s][debug][gc,phases      ] GC(68) Scavenge 2.103ms
[4501.121s][debug][gc,ref         ] GC(68) ReferenceProcessor::execute queues: 1, RefProcThreadModel::Single, marks_oops_alive: false
[4501.121s][debug][gc,ref         ] GC(68) Skipped KeepAliveFinalRefsPhase of Reference Processing: no references
[4501.121s][debug][gc,ref         ] GC(68) Skipped PhantomRefsPhase of Reference Processing: no references
[4501.121s][debug][gc,phases      ] GC(68) Reference Processing 0.112ms
[4501.121s][debug][gc,phases      ] GC(68)   VM Weak                        Min:  0.0, Avg:  0.0, Max:  0.0, Diff:  0.0, Sum:  0.0, Workers: 4
[4501.121s][debug][gc,phases      ] GC(68)     Dead                           Min: 0, Avg:  0.0, Max: 0, Diff: 0, Sum: 0, Workers: 4
[4501.121s][debug][gc,phases      ] GC(68)     Total                          Min: 0, Avg: 240.8, Max: 963, Diff: 963, Sum: 963, Workers: 4
[4501.121s][debug][gc,phases      ] GC(68)   ObjectSynchronizer Weak        Min:  0.0, Avg:  0.0, Max:  0.0, Diff:  0.0, Sum:  0.0, Workers: 4
[4501.121s][debug][gc,phases      ] GC(68)     Dead                           Min: 0, Avg:  0.0, Max: 0, Diff: 0, Sum: 0, Workers: 4
[4501.121s][debug][gc,phases      ] GC(68)     Total                          Min: 0, Avg:  0.8, Max: 3, Diff: 3, Sum: 3, Workers: 4
[4501.121s][debug][gc,phases      ] GC(68)   JVMTI Tag Weak OopStorage      Min:  0.0, Avg:  0.0, Max:  0.0, Diff:  0.0, Sum:  0.0, Workers: 4
[4501.121s][debug][gc,phases      ] GC(68)     Dead                           Min: 0, Avg:  0.0, Max: 0, Diff: 0, Sum: 0, Workers: 4
[4501.121s][debug][gc,phases      ] GC(68)     Total                          Min: 0, Avg:  0.0, Max: 0, Diff: 0, Sum: 0, Workers: 4
[4501.121s][debug][gc,phases      ] GC(68)   StringTable Weak               Min:  0.1, Avg:  0.1, Max:  0.1, Diff:  0.0, Sum:  0.4, Workers: 4
[4501.122s][debug][gc,phases      ] GC(68)     Dead                           Min: 0, Avg:  0.0, Max: 0, Diff: 0, Sum: 0, Workers: 4
[4501.122s][debug][gc,phases      ] GC(68)     Total                          Min: 9297, Avg: 11220.2, Max: 12160, Diff: 2863, Sum: 44881, Workers: 4
[4501.122s][debug][gc,phases      ] GC(68)   ResolvedMethodTable Weak       Min:  0.0, Avg:  0.0, Max:  0.0, Diff:  0.0, Sum:  0.1, Workers: 4
[4501.122s][debug][gc,phases      ] GC(68)     Dead                           Min: 0, Avg:  4.0, Max: 16, Diff: 16, Sum: 16, Workers: 4
[4501.122s][debug][gc,phases      ] GC(68)     Total                          Min: 3338, Avg: 3567.0, Max: 3715, Diff: 377, Sum: 14268, Workers: 4
[4501.122s][debug][gc,phases      ] GC(68)   JNI Weak                       Min:  0.0, Avg:  0.0, Max:  0.0, Diff:  0.0, Sum:  0.0, Workers: 4
[4501.122s][debug][gc,phases      ] GC(68)     Dead                           Min: 0, Avg:  0.0, Max: 0, Diff: 0, Sum: 0, Workers: 4
[4501.122s][debug][gc,phases      ] GC(68)     Total                          Min: 0, Avg: 13.0, Max: 52, Diff: 52, Sum: 52, Workers: 4
[4501.122s][debug][gc,phases      ] GC(68)   StringDedup Table Weak         Min:  0.0, Avg:  0.0, Max:  0.0, Diff:  0.0, Sum:  0.0, Workers: 4
[4501.122s][debug][gc,phases      ] GC(68)     Dead                           Min: 0, Avg:  0.0, Max: 0, Diff: 0, Sum: 0, Workers: 4
[4501.122s][debug][gc,phases      ] GC(68)     Total                          Min: 0, Avg:  0.0, Max: 0, Diff: 0, Sum: 0, Workers: 4
[4501.122s][debug][gc,phases      ] GC(68)   StringDedup Requests0 Weak     Min:  0.0, Avg:  0.0, Max:  0.0, Diff:  0.0, Sum:  0.0, Workers: 4
[4501.122s][debug][gc,phases      ] GC(68)     Dead                           Min: 0, Avg:  0.0, Max: 0, Diff: 0, Sum: 0, Workers: 4
[4501.122s][debug][gc,phases      ] GC(68)     Total                          Min: 0, Avg:  0.0, Max: 0, Diff: 0, Sum: 0, Workers: 4
[4501.122s][debug][gc,phases      ] GC(68)   StringDedup Requests1 Weak     Min:  0.0, Avg:  0.0, Max:  0.0, Diff:  0.0, Sum:  0.0, Workers: 4
[4501.122s][debug][gc,phases      ] GC(68)     Dead                           Min: 0, Avg:  0.0, Max: 0, Diff: 0, Sum: 0, Workers: 4
[4501.122s][debug][gc,phases      ] GC(68)     Total                          Min: 0, Avg:  0.0, Max: 0, Diff: 0, Sum: 0, Workers: 4
[4501.122s][debug][gc,phases      ] GC(68)   Weak JFR Old Object Samples    Min:  0.0, Avg:  0.0, Max:  0.0, Diff:  0.0, Sum:  0.0, Workers: 4
[4501.122s][debug][gc,phases      ] GC(68)     Dead                           Min: 0, Avg:  0.0, Max: 0, Diff: 0, Sum: 0, Workers: 4
[4501.122s][debug][gc,phases      ] GC(68)     Total                          Min: 0, Avg:  0.0, Max: 0, Diff: 0, Sum: 0, Workers: 4
[4501.122s][debug][gc,phases      ] GC(68) Weak Processing 0.389ms
[4501.122s][debug][gc,age         ] GC(68) Desired survivor size 10485760 bytes, new threshold 1 (max threshold 15)
[4501.122s][info ][gc,heap        ] GC(68) PSYoungGen: 2075584K(2084864K)->2272K(2086912K) Eden: 2073600K(2073600K)->0K(2076160K) From: 1984K(11264K)->2272K(10752K)
[4501.122s][info ][gc,heap        ] GC(68) ParOldGen: 254179K(254464K)->254467K(254976K)
[4501.122s][info ][gc,metaspace   ] GC(68) Metaspace: 102919K(104192K)->102919K(104192K) NonClass: 87549K(88256K)->87549K(88256K) Class: 15370K(15936K)->15370K(15936K)
[4501.122s][info ][gc             ] GC(68) Pause Young (Allocation Failure) 2275M->250M(2287M) 2.728ms
[4501.122s][info ][gc,cpu         ] GC(68) User=0.00s Sys=0.00s Real=0.00s
[4501.122s][info ][safepoint      ] Safepoint "ParallelGCFailedAllocation", Time since last: 7659545487 ns, Reaching safepoint: 7201 ns, Cleanup: 5000 ns, At safepoint: 2805384 ns, Total: 2817585 ns
[4512.123s][info ][safepoint      ] Safepoint "Cleanup", Time since last: 11000923539 ns, Reaching safepoint: 6001 ns, Cleanup: 10900 ns, At safepoint: 2301 ns, Total: 19202 ns
[4514.123s][info ][safepoint      ] Safepoint "Cleanup", Time since last: 2000200746 ns, Reaching safepoint: 99506 ns, Cleanup: 10101 ns, At safepoint: 10600 ns, Total: 120207 ns
[4517.123s][info ][safepoint      ] Safepoint "Cleanup", Time since last: 3000278018 ns, Reaching safepoint: 7101 ns, Cleanup: 10000 ns, At safepoint: 2501 ns, Total: 19602 ns
[4519.124s][info ][safepoint      ] Safepoint "Cleanup", Time since last: 2000217790 ns, Reaching safepoint: 5700 ns, Cleanup: 8201 ns, At safepoint: 2100 ns, Total: 16001 ns
[4523.124s][info ][safepoint      ] Safepoint "Cleanup", Time since last: 4000341844 ns, Reaching safepoint: 8200 ns, Cleanup: 11801 ns, At safepoint: 28402 ns, Total: 48403 ns
[4549.126s][info ][safepoint      ] Safepoint "Cleanup", Time since last: 26001960182 ns, Reaching safepoint: 7600 ns, Cleanup: 12501 ns, At safepoint: 2500 ns, Total: 22601 ns
[4557.127s][info ][safepoint      ] Safepoint "Cleanup", Time since last: 8000683550 ns, Reaching safepoint: 6600 ns, Cleanup: 10401 ns, At safepoint: 2300 ns, Total: 19301 ns
[4569.494s][info ][safepoint      ] Safepoint "Cleanup", Time since last: 12367352087 ns, Reaching safepoint: 78605 ns, Cleanup: 16701 ns, At safepoint: 6501 ns, Total: 101807 ns
[4573.495s][info ][safepoint      ] Safepoint "Cleanup", Time since last: 4000355459 ns, Reaching safepoint: 98206 ns, Cleanup: 10701 ns, At safepoint: 7900 ns, Total: 116807 ns
[4575.495s][info ][safepoint      ] Safepoint "Cleanup", Time since last: 2000204985 ns, Reaching safepoint: 78005 ns, Cleanup: 10501 ns, At safepoint: 5600 ns, Total: 94106 ns
[4586.496s][info ][safepoint      ] Safepoint "Cleanup", Time since last: 11000904326 ns, Reaching safepoint: 82105 ns, Cleanup: 10501 ns, At safepoint: 7200 ns, Total: 99806 ns
[4590.146s][info ][gc,start       ] GC(69) Pause Young (Allocation Failure)
[4590.150s][debug][gc,phases      ] GC(69) Scavenge 3.730ms
[4590.150s][debug][gc,ref         ] GC(69) ReferenceProcessor::execute queues: 1, RefProcThreadModel::Single, marks_oops_alive: false
[4590.150s][debug][gc,ref         ] GC(69) Skipped KeepAliveFinalRefsPhase of Reference Processing: no references
[4590.150s][debug][gc,ref         ] GC(69) ReferenceProcessor::execute queues: 1, RefProcThreadModel::Single, marks_oops_alive: false
[4590.150s][debug][gc,phases      ] GC(69) Reference Processing 0.118ms
[4590.151s][debug][gc,phases      ] GC(69)   VM Weak                        Min:  0.0, Avg:  0.0, Max:  0.0, Diff:  0.0, Sum:  0.0, Workers: 4
[4590.151s][debug][gc,phases      ] GC(69)     Dead                           Min: 0, Avg:  0.0, Max: 0, Diff: 0, Sum: 0, Workers: 4
[4590.151s][debug][gc,phases      ] GC(69)     Total                          Min: 0, Avg: 240.8, Max: 576, Diff: 576, Sum: 963, Workers: 4
[4590.151s][debug][gc,phases      ] GC(69)   ObjectSynchronizer Weak        Min:  0.0, Avg:  0.0, Max:  0.0, Diff:  0.0, Sum:  0.0, Workers: 4
[4590.151s][debug][gc,phases      ] GC(69)     Dead                           Min: 0, Avg:  0.0, Max: 0, Diff: 0, Sum: 0, Workers: 4
[4590.151s][debug][gc,phases      ] GC(69)     Total                          Min: 0, Avg:  0.8, Max: 3, Diff: 3, Sum: 3, Workers: 4
[4590.151s][debug][gc,phases      ] GC(69)   JVMTI Tag Weak OopStorage      Min:  0.0, Avg:  0.0, Max:  0.0, Diff:  0.0, Sum:  0.0, Workers: 4
[4590.151s][debug][gc,phases      ] GC(69)     Dead                           Min: 0, Avg:  0.0, Max: 0, Diff: 0, Sum: 0, Workers: 4
[4590.151s][debug][gc,phases      ] GC(69)     Total                          Min: 0, Avg:  0.0, Max: 0, Diff: 0, Sum: 0, Workers: 4
[4590.151s][debug][gc,phases      ] GC(69)   StringTable Weak               Min:  0.0, Avg:  0.1, Max:  0.2, Diff:  0.2, Sum:  0.5, Workers: 4
[4590.151s][debug][gc,phases      ] GC(69)     Dead                           Min: 0, Avg:  0.0, Max: 0, Diff: 0, Sum: 0, Workers: 4
[4590.151s][debug][gc,phases      ] GC(69)     Total                          Min: 0, Avg: 11220.2, Max: 15761, Diff: 15761, Sum: 44881, Workers: 4
[4590.151s][debug][gc,phases      ] GC(69)   ResolvedMethodTable Weak       Min:  0.0, Avg:  0.0, Max:  0.1, Diff:  0.1, Sum:  0.2, Workers: 4
[4590.151s][debug][gc,phases      ] GC(69)     Dead                           Min: 0, Avg:  4.0, Max: 16, Diff: 16, Sum: 16, Workers: 4
[4590.151s][debug][gc,phases      ] GC(69)     Total                          Min: 0, Avg: 3567.0, Max: 5127, Diff: 5127, Sum: 14268, Workers: 4
[4590.151s][debug][gc,phases      ] GC(69)   JNI Weak                       Min:  0.0, Avg:  0.0, Max:  0.0, Diff:  0.0, Sum:  0.0, Workers: 4
[4590.151s][debug][gc,phases      ] GC(69)     Dead                           Min: 0, Avg:  0.0, Max: 0, Diff: 0, Sum: 0, Workers: 4
[4590.151s][debug][gc,phases      ] GC(69)     Total                          Min: 0, Avg: 13.0, Max: 52, Diff: 52, Sum: 52, Workers: 4
[4590.151s][debug][gc,phases      ] GC(69)   StringDedup Table Weak         Min:  0.0, Avg:  0.0, Max:  0.0, Diff:  0.0, Sum:  0.0, Workers: 4
[4590.151s][debug][gc,phases      ] GC(69)     Dead                           Min: 0, Avg:  0.0, Max: 0, Diff: 0, Sum: 0, Workers: 4
[4590.151s][debug][gc,phases      ] GC(69)     Total                          Min: 0, Avg:  0.0, Max: 0, Diff: 0, Sum: 0, Workers: 4
[4590.151s][debug][gc,phases      ] GC(69)   StringDedup Requests0 Weak     Min:  0.0, Avg:  0.0, Max:  0.0, Diff:  0.0, Sum:  0.0, Workers: 4
[4590.151s][debug][gc,phases      ] GC(69)     Dead                           Min: 0, Avg:  0.0, Max: 0, Diff: 0, Sum: 0, Workers: 4
[4590.151s][debug][gc,phases      ] GC(69)     Total                          Min: 0, Avg:  0.0, Max: 0, Diff: 0, Sum: 0, Workers: 4
[4590.151s][debug][gc,phases      ] GC(69)   StringDedup Requests1 Weak     Min:  0.0, Avg:  0.0, Max:  0.0, Diff:  0.0, Sum:  0.0, Workers: 4
[4590.151s][debug][gc,phases      ] GC(69)     Dead                           Min: 0, Avg:  0.0, Max: 0, Diff: 0, Sum: 0, Workers: 4
[4590.151s][debug][gc,phases      ] GC(69)     Total                          Min: 0, Avg:  0.0, Max: 0, Diff: 0, Sum: 0, Workers: 4
[4590.151s][debug][gc,phases      ] GC(69)   Weak JFR Old Object Samples    Min:  0.0, Avg:  0.0, Max:  0.0, Diff:  0.0, Sum:  0.0, Workers: 4
[4590.151s][debug][gc,phases      ] GC(69)     Dead                           Min: 0, Avg:  0.0, Max: 0, Diff: 0, Sum: 0, Workers: 4
[4590.151s][debug][gc,phases      ] GC(69)     Total                          Min: 0, Avg:  0.0, Max: 0, Diff: 0, Sum: 0, Workers: 4
[4590.151s][debug][gc,phases      ] GC(69) Weak Processing 0.446ms
[4590.151s][debug][gc,age         ] GC(69) Desired survivor size 9437184 bytes, new threshold 1 (max threshold 15)
[4590.151s][info ][gc,heap        ] GC(69) PSYoungGen: 2078432K(2086912K)->3040K(2086400K) Eden: 2076160K(2076160K)->0K(2076160K) From: 2272K(10752K)->3040K(10240K)
[4590.151s][info ][gc,heap        ] GC(69) ParOldGen: 254467K(254976K)->254811K(254976K)
[4590.151s][info ][gc,metaspace   ] GC(69) Metaspace: 102922K(104192K)->102922K(104192K) NonClass: 87552K(88256K)->87552K(88256K) Class: 15370K(15936K)->15370K(15936K)
[4590.151s][info ][gc             ] GC(69) Pause Young (Allocation Failure) 2278M->251M(2286M) 4.445ms
[4590.151s][info ][gc,cpu         ] GC(69) User=0.01s Sys=0.00s Real=0.00s
[4590.151s][info ][safepoint      ] Safepoint "ParallelGCFailedAllocation", Time since last: 3650494057 ns, Reaching safepoint: 6401 ns, Cleanup: 4000 ns, At safepoint: 4517499 ns, Total: 4527900 ns
[4599.152s][info ][safepoint      ] Safepoint "Cleanup", Time since last: 9000692428 ns, Reaching safepoint: 6701 ns, Cleanup: 11000 ns, At safepoint: 2101 ns, Total: 19802 ns
[4603.152s][info ][safepoint      ] Safepoint "Cleanup", Time since last: 4000337046 ns, Reaching safepoint: 6900 ns, Cleanup: 15001 ns, At safepoint: 2300 ns, Total: 24201 ns
[4605.152s][info ][safepoint      ] Safepoint "Cleanup", Time since last: 2000198407 ns, Reaching safepoint: 6700 ns, Cleanup: 11101 ns, At safepoint: 2300 ns, Total: 20101 ns
[4607.152s][info ][safepoint      ] Safepoint "Cleanup", Time since last: 2000188605 ns, Reaching safepoint: 5901 ns, Cleanup: 12801 ns, At safepoint: 2300 ns, Total: 21002 ns
[4613.153s][info ][safepoint      ] Safepoint "Cleanup", Time since last: 6000474523 ns, Reaching safepoint: 6300 ns, Cleanup: 11401 ns, At safepoint: 2200 ns, Total: 19901 ns
[4618.153s][info ][safepoint      ] Safepoint "Cleanup", Time since last: 5000403417 ns, Reaching safepoint: 6601 ns, Cleanup: 9700 ns, At safepoint: 2300 ns, Total: 18601 ns
[4631.293s][info ][safepoint      ] Safepoint "Cleanup", Time since last: 13139822215 ns, Reaching safepoint: 79305 ns, Cleanup: 9301 ns, At safepoint: 8600 ns, Total: 97206 ns
[4637.294s][info ][safepoint      ] Safepoint "Cleanup", Time since last: 6000545997 ns, Reaching safepoint: 99106 ns, Cleanup: 12401 ns, At safepoint: 8500 ns, Total: 120007 ns
[4638.294s][info ][safepoint      ] Safepoint "Cleanup", Time since last: 1000150245 ns, Reaching safepoint: 121208 ns, Cleanup: 11401 ns, At safepoint: 8900 ns, Total: 141509 ns
[4640.294s][info ][safepoint      ] Safepoint "Cleanup", Time since last: 2000224165 ns, Reaching safepoint: 79605 ns, Cleanup: 9501 ns, At safepoint: 6201 ns, Total: 95307 ns
[4647.295s][info ][safepoint      ] Safepoint "Cleanup", Time since last: 7000618427 ns, Reaching safepoint: 118908 ns, Cleanup: 12501 ns, At safepoint: 10900 ns, Total: 142309 ns
[4655.296s][info ][safepoint      ] Safepoint "Cleanup", Time since last: 8000723303 ns, Reaching safepoint: 84906 ns, Cleanup: 22701 ns, At safepoint: 7401 ns, Total: 115008 ns
[4656.296s][info ][safepoint      ] Safepoint "Cleanup", Time since last: 1000138369 ns, Reaching safepoint: 81405 ns, Cleanup: 11501 ns, At safepoint: 6900 ns, Total: 99806 ns
[4660.297s][info ][safepoint      ] Safepoint "Cleanup", Time since last: 4000363459 ns, Reaching safepoint: 6300 ns, Cleanup: 18801 ns, At safepoint: 3101 ns, Total: 28202 ns
[4671.298s][info ][safepoint      ] Safepoint "Cleanup", Time since last: 11000924829 ns, Reaching safepoint: 82206 ns, Cleanup: 13200 ns, At safepoint: 29902 ns, Total: 125308 ns
[4679.298s][info ][safepoint      ] Safepoint "Cleanup", Time since last: 8000684725 ns, Reaching safepoint: 7601 ns, Cleanup: 9700 ns, At safepoint: 2500 ns, Total: 19801 ns
[4680.345s][info ][gc,start       ] GC(70) Pause Young (Allocation Failure)
[4680.348s][debug][gc,phases      ] GC(70) Scavenge 3.664ms
[4680.348s][debug][gc,ref         ] GC(70) ReferenceProcessor::execute queues: 1, RefProcThreadModel::Single, marks_oops_alive: false
[4680.348s][debug][gc,ref         ] GC(70) Skipped KeepAliveFinalRefsPhase of Reference Processing: no references
[4680.348s][debug][gc,ref         ] GC(70) ReferenceProcessor::execute queues: 1, RefProcThreadModel::Single, marks_oops_alive: false
[4680.348s][debug][gc,phases      ] GC(70) Reference Processing 0.133ms
[4680.349s][debug][gc,phases      ] GC(70)   VM Weak                        Min:  0.0, Avg:  0.0, Max:  0.0, Diff:  0.0, Sum:  0.0, Workers: 4
[4680.349s][debug][gc,phases      ] GC(70)     Dead                           Min: 0, Avg:  0.0, Max: 0, Diff: 0, Sum: 0, Workers: 4
[4680.349s][debug][gc,phases      ] GC(70)     Total                          Min: 0, Avg: 240.8, Max: 963, Diff: 963, Sum: 963, Workers: 4
[4680.349s][debug][gc,phases      ] GC(70)   ObjectSynchronizer Weak        Min:  0.0, Avg:  0.0, Max:  0.0, Diff:  0.0, Sum:  0.0, Workers: 4
[4680.349s][debug][gc,phases      ] GC(70)     Dead                           Min: 0, Avg:  0.0, Max: 0, Diff: 0, Sum: 0, Workers: 4
[4680.349s][debug][gc,phases      ] GC(70)     Total                          Min: 0, Avg:  1.0, Max: 4, Diff: 4, Sum: 4, Workers: 4
[4680.349s][debug][gc,phases      ] GC(70)   JVMTI Tag Weak OopStorage      Min:  0.0, Avg:  0.0, Max:  0.0, Diff:  0.0, Sum:  0.0, Workers: 4
[4680.349s][debug][gc,phases      ] GC(70)     Dead                           Min: 0, Avg:  0.0, Max: 0, Diff: 0, Sum: 0, Workers: 4
[4680.349s][debug][gc,phases      ] GC(70)     Total                          Min: 0, Avg:  0.0, Max: 0, Diff: 0, Sum: 0, Workers: 4
[4680.349s][debug][gc,phases      ] GC(70)   StringTable Weak               Min:  0.0, Avg:  0.1, Max:  0.2, Diff:  0.2, Sum:  0.4, Workers: 4
[4680.349s][debug][gc,phases      ] GC(70)     Dead                           Min: 0, Avg:  0.0, Max: 0, Diff: 0, Sum: 0, Workers: 4
[4680.349s][debug][gc,phases      ] GC(70)     Total                          Min: 0, Avg: 11221.8, Max: 24128, Diff: 24128, Sum: 44887, Workers: 4
[4680.349s][debug][gc,phases      ] GC(70)   ResolvedMethodTable Weak       Min:  0.0, Avg:  0.0, Max:  0.1, Diff:  0.1, Sum:  0.2, Workers: 4
[4680.349s][debug][gc,phases      ] GC(70)     Dead                           Min: 0, Avg:  4.0, Max: 16, Diff: 16, Sum: 16, Workers: 4
[4680.349s][debug][gc,phases      ] GC(70)     Total                          Min: 0, Avg: 3567.5, Max: 7445, Diff: 7445, Sum: 14270, Workers: 4
[4680.349s][debug][gc,phases      ] GC(70)   JNI Weak                       Min:  0.0, Avg:  0.0, Max:  0.0, Diff:  0.0, Sum:  0.0, Workers: 4
[4680.349s][debug][gc,phases      ] GC(70)     Dead                           Min: 0, Avg:  0.0, Max: 0, Diff: 0, Sum: 0, Workers: 4
[4680.349s][debug][gc,phases      ] GC(70)     Total                          Min: 0, Avg: 13.0, Max: 52, Diff: 52, Sum: 52, Workers: 4
[4680.349s][debug][gc,phases      ] GC(70)   StringDedup Table Weak         Min:  0.0, Avg:  0.0, Max:  0.0, Diff:  0.0, Sum:  0.0, Workers: 4
[4680.349s][debug][gc,phases      ] GC(70)     Dead                           Min: 0, Avg:  0.0, Max: 0, Diff: 0, Sum: 0, Workers: 4
[4680.349s][debug][gc,phases      ] GC(70)     Total                          Min: 0, Avg:  0.0, Max: 0, Diff: 0, Sum: 0, Workers: 4
[4680.349s][debug][gc,phases      ] GC(70)   StringDedup Requests0 Weak     Min:  0.0, Avg:  0.0, Max:  0.0, Diff:  0.0, Sum:  0.0, Workers: 4
[4680.349s][debug][gc,phases      ] GC(70)     Dead                           Min: 0, Avg:  0.0, Max: 0, Diff: 0, Sum: 0, Workers: 4
[4680.349s][debug][gc,phases      ] GC(70)     Total                          Min: 0, Avg:  0.0, Max: 0, Diff: 0, Sum: 0, Workers: 4
[4680.349s][debug][gc,phases      ] GC(70)   StringDedup Requests1 Weak     Min:  0.0, Avg:  0.0, Max:  0.0, Diff:  0.0, Sum:  0.0, Workers: 4
[4680.349s][debug][gc,phases      ] GC(70)     Dead                           Min: 0, Avg:  0.0, Max: 0, Diff: 0, Sum: 0, Workers: 4
[4680.349s][debug][gc,phases      ] GC(70)     Total                          Min: 0, Avg:  0.0, Max: 0, Diff: 0, Sum: 0, Workers: 4
[4680.349s][debug][gc,phases      ] GC(70)   Weak JFR Old Object Samples    Min:  0.0, Avg:  0.0, Max:  0.0, Diff:  0.0, Sum:  0.0, Workers: 4
[4680.349s][debug][gc,phases      ] GC(70)     Dead                           Min: 0, Avg:  0.0, Max: 0, Diff: 0, Sum: 0, Workers: 4
[4680.349s][debug][gc,phases      ] GC(70)     Total                          Min: 0, Avg:  0.0, Max: 0, Diff: 0, Sum: 0, Workers: 4
[4680.349s][debug][gc,phases      ] GC(70) Weak Processing 0.583ms
[4680.349s][debug][gc,age         ] GC(70) Desired survivor size 8912896 bytes, new threshold 1 (max threshold 15)
[4680.349s][info ][gc,heap        ] GC(70) PSYoungGen: 2079200K(2086400K)->2560K(2088448K) Eden: 2076160K(2076160K)->0K(2079232K) From: 3040K(10240K)->2560K(9216K)
[4680.349s][info ][gc,heap        ] GC(70) ParOldGen: 254811K(254976K)->255515K(256000K)
[4680.349s][info ][gc,metaspace   ] GC(70) Metaspace: 102953K(104256K)->102953K(104256K) NonClass: 87582K(88320K)->87582K(88320K) Class: 15371K(15936K)->15371K(15936K)
[4680.349s][info ][gc             ] GC(70) Pause Young (Allocation Failure) 2279M->252M(2289M) 4.534ms
[4680.349s][info ][gc,cpu         ] GC(70) User=0.00s Sys=0.01s Real=0.01s
[4680.349s][info ][safepoint      ] Safepoint "ParallelGCFailedAllocation", Time since last: 1046022418 ns, Reaching safepoint: 80006 ns, Cleanup: 3700 ns, At safepoint: 4620705 ns, Total: 4704411 ns
[4681.530s][info ][safepoint      ] Safepoint "Cleanup", Time since last: 1180887770 ns, Reaching safepoint: 2400 ns, Cleanup: 7501 ns, At safepoint: 2000 ns, Total: 11901 ns
[4682.530s][info ][safepoint      ] Safepoint "Cleanup", Time since last: 1000124051 ns, Reaching safepoint: 6300 ns, Cleanup: 9601 ns, At safepoint: 2600 ns, Total: 18501 ns
[4686.531s][info ][safepoint      ] Safepoint "Cleanup", Time since last: 4000326391 ns, Reaching safepoint: 6401 ns, Cleanup: 13001 ns, At safepoint: 2400 ns, Total: 21802 ns
[4708.532s][info ][safepoint      ] Safepoint "Cleanup", Time since last: 22001634212 ns, Reaching safepoint: 5500 ns, Cleanup: 11501 ns, At safepoint: 2400 ns, Total: 19401 ns
[4718.533s][info ][safepoint      ] Safepoint "Cleanup", Time since last: 10000747647 ns, Reaching safepoint: 5400 ns, Cleanup: 8801 ns, At safepoint: 2100 ns, Total: 16301 ns
[4725.534s][info ][safepoint      ] Safepoint "Cleanup", Time since last: 7000518840 ns, Reaching safepoint: 6300 ns, Cleanup: 18701 ns, At safepoint: 2501 ns, Total: 27502 ns
[4728.534s][info ][safepoint      ] Safepoint "Cleanup", Time since last: 3000249932 ns, Reaching safepoint: 5501 ns, Cleanup: 16401 ns, At safepoint: 2200 ns, Total: 24102 ns
[4732.534s][info ][safepoint      ] Safepoint "Cleanup", Time since last: 4000359442 ns, Reaching safepoint: 6900 ns, Cleanup: 9801 ns, At safepoint: 2600 ns, Total: 19301 ns
[4737.535s][info ][safepoint      ] Safepoint "Cleanup", Time since last: 5000426124 ns, Reaching safepoint: 4500 ns, Cleanup: 9201 ns, At safepoint: 2200 ns, Total: 15901 ns
[4748.548s][info ][safepoint      ] Safepoint "Cleanup", Time since last: 11013651712 ns, Reaching safepoint: 6701 ns, Cleanup: 10100 ns, At safepoint: 2400 ns, Total: 19201 ns
[4758.375s][info ][gc,start       ] GC(71) Pause Young (Allocation Failure)
[4758.379s][debug][gc,phases      ] GC(71) Scavenge 4.358ms
[4758.379s][debug][gc,ref         ] GC(71) ReferenceProcessor::execute queues: 1, RefProcThreadModel::Single, marks_oops_alive: false
[4758.379s][debug][gc,ref         ] GC(71) Skipped KeepAliveFinalRefsPhase of Reference Processing: no references
[4758.379s][debug][gc,ref         ] GC(71) Skipped PhantomRefsPhase of Reference Processing: no references
[4758.379s][debug][gc,phases      ] GC(71) Reference Processing 0.127ms
[4758.380s][debug][gc,phases      ] GC(71)   VM Weak                        Min:  0.0, Avg:  0.0, Max:  0.0, Diff:  0.0, Sum:  0.0, Workers: 4
[4758.380s][debug][gc,phases      ] GC(71)     Dead                           Min: 0, Avg:  0.0, Max: 0, Diff: 0, Sum: 0, Workers: 4
[4758.380s][debug][gc,phases      ] GC(71)     Total                          Min: 0, Avg: 240.8, Max: 835, Diff: 835, Sum: 963, Workers: 4
[4758.380s][debug][gc,phases      ] GC(71)   ObjectSynchronizer Weak        Min:  0.0, Avg:  0.0, Max:  0.0, Diff:  0.0, Sum:  0.0, Workers: 4
[4758.380s][debug][gc,phases      ] GC(71)     Dead                           Min: 0, Avg:  0.0, Max: 0, Diff: 0, Sum: 0, Workers: 4
[4758.380s][debug][gc,phases      ] GC(71)     Total                          Min: 0, Avg:  1.0, Max: 4, Diff: 4, Sum: 4, Workers: 4
[4758.380s][debug][gc,phases      ] GC(71)   JVMTI Tag Weak OopStorage      Min:  0.0, Avg:  0.0, Max:  0.0, Diff:  0.0, Sum:  0.0, Workers: 4
[4758.380s][debug][gc,phases      ] GC(71)     Dead                           Min: 0, Avg:  0.0, Max: 0, Diff: 0, Sum: 0, Workers: 4
[4758.380s][debug][gc,phases      ] GC(71)     Total                          Min: 0, Avg:  0.0, Max: 0, Diff: 0, Sum: 0, Workers: 4
[4758.380s][debug][gc,phases      ] GC(71)   StringTable Weak               Min:  0.0, Avg:  0.1, Max:  0.1, Diff:  0.1, Sum:  0.4, Workers: 4
[4758.380s][debug][gc,phases      ] GC(71)     Dead                           Min: 0, Avg:  0.0, Max: 0, Diff: 0, Sum: 0, Workers: 4
[4758.380s][debug][gc,phases      ] GC(71)     Total                          Min: 0, Avg: 11221.8, Max: 15808, Diff: 15808, Sum: 44887, Workers: 4
[4758.380s][debug][gc,phases      ] GC(71)   ResolvedMethodTable Weak       Min:  0.0, Avg:  0.0, Max:  0.0, Diff:  0.0, Sum:  0.1, Workers: 4
[4758.380s][debug][gc,phases      ] GC(71)     Dead                           Min: 0, Avg:  4.0, Max: 16, Diff: 16, Sum: 16, Workers: 4
[4758.380s][debug][gc,phases      ] GC(71)     Total                          Min: 0, Avg: 3567.5, Max: 5434, Diff: 5434, Sum: 14270, Workers: 4
[4758.380s][debug][gc,phases      ] GC(71)   JNI Weak                       Min:  0.0, Avg:  0.0, Max:  0.0, Diff:  0.0, Sum:  0.0, Workers: 4
[4758.380s][debug][gc,phases      ] GC(71)     Dead                           Min: 0, Avg:  0.0, Max: 0, Diff: 0, Sum: 0, Workers: 4
[4758.380s][debug][gc,phases      ] GC(71)     Total                          Min: 0, Avg: 13.0, Max: 52, Diff: 52, Sum: 52, Workers: 4
[4758.380s][debug][gc,phases      ] GC(71)   StringDedup Table Weak         Min:  0.0, Avg:  0.0, Max:  0.0, Diff:  0.0, Sum:  0.0, Workers: 4
[4758.380s][debug][gc,phases      ] GC(71)     Dead                           Min: 0, Avg:  0.0, Max: 0, Diff: 0, Sum: 0, Workers: 4
[4758.380s][debug][gc,phases      ] GC(71)     Total                          Min: 0, Avg:  0.0, Max: 0, Diff: 0, Sum: 0, Workers: 4
[4758.380s][debug][gc,phases      ] GC(71)   StringDedup Requests0 Weak     Min:  0.0, Avg:  0.0, Max:  0.0, Diff:  0.0, Sum:  0.0, Workers: 4
[4758.380s][debug][gc,phases      ] GC(71)     Dead                           Min: 0, Avg:  0.0, Max: 0, Diff: 0, Sum: 0, Workers: 4
[4758.380s][debug][gc,phases      ] GC(71)     Total                          Min: 0, Avg:  0.0, Max: 0, Diff: 0, Sum: 0, Workers: 4
[4758.380s][debug][gc,phases      ] GC(71)   StringDedup Requests1 Weak     Min:  0.0, Avg:  0.0, Max:  0.0, Diff:  0.0, Sum:  0.0, Workers: 4
[4758.380s][debug][gc,phases      ] GC(71)     Dead                           Min: 0, Avg:  0.0, Max: 0, Diff: 0, Sum: 0, Workers: 4
[4758.380s][debug][gc,phases      ] GC(71)     Total                          Min: 0, Avg:  0.0, Max: 0, Diff: 0, Sum: 0, Workers: 4
[4758.380s][debug][gc,phases      ] GC(71)   Weak JFR Old Object Samples    Min:  0.0, Avg:  0.0, Max:  0.0, Diff:  0.0, Sum:  0.0, Workers: 4
[4758.380s][debug][gc,phases      ] GC(71)     Dead                           Min: 0, Avg:  0.0, Max: 0, Diff: 0, Sum: 0, Workers: 4
[4758.380s][debug][gc,phases      ] GC(71)     Total                          Min: 0, Avg:  0.0, Max: 0, Diff: 0, Sum: 0, Workers: 4
[4758.380s][debug][gc,phases      ] GC(71) Weak Processing 0.417ms
[4758.380s][debug][gc,age         ] GC(71) Desired survivor size 9437184 bytes, new threshold 1 (max threshold 15)
[4758.380s][info ][gc,heap        ] GC(71) PSYoungGen: 2081792K(2088448K)->5728K(2087936K) Eden: 2079232K(2079232K)->0K(2079232K) From: 2560K(9216K)->5728K(8704K)
[4758.380s][info ][gc,heap        ] GC(71) ParOldGen: 255515K(256000K)->256000K(256512K)
[4758.380s][info ][gc,metaspace   ] GC(71) Metaspace: 102970K(104256K)->102970K(104256K) NonClass: 87598K(88320K)->87598K(88320K) Class: 15371K(15936K)->15371K(15936K)
[4758.380s][info ][gc             ] GC(71) Pause Young (Allocation Failure) 2282M->255M(2289M) 5.040ms
[4758.380s][info ][gc,cpu         ] GC(71) User=0.01s Sys=0.00s Real=0.01s
[4758.380s][info ][safepoint      ] Safepoint "ParallelGCFailedAllocation", Time since last: 9826441169 ns, Reaching safepoint: 99306 ns, Cleanup: 4800 ns, At safepoint: 5119822 ns, Total: 5223928 ns
[4762.380s][info ][safepoint      ] Safepoint "Cleanup", Time since last: 4000325875 ns, Reaching safepoint: 6300 ns, Cleanup: 9601 ns, At safepoint: 2000 ns, Total: 17901 ns
[4764.381s][info ][safepoint      ] Safepoint "Cleanup", Time since last: 2000188195 ns, Reaching safepoint: 6700 ns, Cleanup: 8300 ns, At safepoint: 19802 ns, Total: 34802 ns
[4775.381s][info ][safepoint      ] Safepoint "Cleanup", Time since last: 11000837649 ns, Reaching safepoint: 6300 ns, Cleanup: 9801 ns, At safepoint: 2400 ns, Total: 18501 ns
[4776.382s][info ][safepoint      ] Safepoint "Cleanup", Time since last: 1000118008 ns, Reaching safepoint: 6500 ns, Cleanup: 14201 ns, At safepoint: 2300 ns, Total: 23001 ns
[4777.382s][info ][safepoint      ] Safepoint "Cleanup", Time since last: 1000111987 ns, Reaching safepoint: 6400 ns, Cleanup: 12201 ns, At safepoint: 2300 ns, Total: 20901 ns
[4780.382s][info ][safepoint      ] Safepoint "Cleanup", Time since last: 3000252854 ns, Reaching safepoint: 6100 ns, Cleanup: 14301 ns, At safepoint: 2000 ns, Total: 22401 ns
[4782.382s][info ][safepoint      ] Safepoint "Cleanup", Time since last: 2000231974 ns, Reaching safepoint: 5500 ns, Cleanup: 11001 ns, At safepoint: 2100 ns, Total: 18601 ns
[4783.382s][info ][safepoint      ] Safepoint "Cleanup", Time since last: 1000116486 ns, Reaching safepoint: 6301 ns, Cleanup: 11400 ns, At safepoint: 2101 ns, Total: 19802 ns
[4786.383s][info ][safepoint      ] Safepoint "Cleanup", Time since last: 3000273362 ns, Reaching safepoint: 6201 ns, Cleanup: 17001 ns, At safepoint: 2300 ns, Total: 25502 ns
[4787.383s][info ][safepoint      ] Safepoint "Cleanup", Time since last: 1000117963 ns, Reaching safepoint: 6000 ns, Cleanup: 11401 ns, At safepoint: 2100 ns, Total: 19501 ns
[4788.383s][info ][safepoint      ] Safepoint "Cleanup", Time since last: 1000150065 ns, Reaching safepoint: 9101 ns, Cleanup: 13301 ns, At safepoint: 2400 ns, Total: 24802 ns
[4793.383s][info ][safepoint      ] Safepoint "Cleanup", Time since last: 5000429886 ns, Reaching safepoint: 7000 ns, Cleanup: 11001 ns, At safepoint: 2900 ns, Total: 20901 ns
[4795.384s][info ][safepoint      ] Safepoint "Cleanup", Time since last: 2000188481 ns, Reaching safepoint: 6101 ns, Cleanup: 14401 ns, At safepoint: 3000 ns, Total: 23502 ns
[4797.384s][info ][safepoint      ] Safepoint "Cleanup", Time since last: 2000184481 ns, Reaching safepoint: 6901 ns, Cleanup: 10800 ns, At safepoint: 2301 ns, Total: 20002 ns
[4798.384s][info ][safepoint      ] Safepoint "Cleanup", Time since last: 1000149444 ns, Reaching safepoint: 6800 ns, Cleanup: 11301 ns, At safepoint: 2600 ns, Total: 20701 ns
[4801.384s][info ][safepoint      ] Safepoint "Cleanup", Time since last: 3000325890 ns, Reaching safepoint: 5600 ns, Cleanup: 8001 ns, At safepoint: 2000 ns, Total: 15601 ns
[4802.566s][info ][safepoint      ] Safepoint "Cleanup", Time since last: 1181402693 ns, Reaching safepoint: 5601 ns, Cleanup: 8900 ns, At safepoint: 2000 ns, Total: 16501 ns
[4804.566s][info ][safepoint      ] Safepoint "Cleanup", Time since last: 2000186246 ns, Reaching safepoint: 7000 ns, Cleanup: 13901 ns, At safepoint: 2300 ns, Total: 23201 ns
[4806.566s][info ][safepoint      ] Safepoint "Cleanup", Time since last: 2000192847 ns, Reaching safepoint: 7500 ns, Cleanup: 10501 ns, At safepoint: 2200 ns, Total: 20201 ns
[4808.566s][info ][safepoint      ] Safepoint "Cleanup", Time since last: 2000187199 ns, Reaching safepoint: 7001 ns, Cleanup: 7800 ns, At safepoint: 2200 ns, Total: 17001 ns
[4809.566s][info ][safepoint      ] Safepoint "Cleanup", Time since last: 1000120281 ns, Reaching safepoint: 7801 ns, Cleanup: 11300 ns, At safepoint: 2301 ns, Total: 21402 ns
[4810.567s][info ][safepoint      ] Safepoint "Cleanup", Time since last: 1000119581 ns, Reaching safepoint: 6700 ns, Cleanup: 10001 ns, At safepoint: 2100 ns, Total: 18801 ns
[4811.567s][info ][safepoint      ] Safepoint "Cleanup", Time since last: 1000114080 ns, Reaching safepoint: 7001 ns, Cleanup: 11000 ns, At safepoint: 2201 ns, Total: 20202 ns
[4827.568s][info ][safepoint      ] Safepoint "Cleanup", Time since last: 16001284226 ns, Reaching safepoint: 7401 ns, Cleanup: 10701 ns, At safepoint: 3000 ns, Total: 21102 ns
[4833.569s][info ][safepoint      ] Safepoint "Cleanup", Time since last: 6000568459 ns, Reaching safepoint: 8701 ns, Cleanup: 11601 ns, At safepoint: 29902 ns, Total: 50204 ns
[4835.569s][info ][safepoint      ] Safepoint "Cleanup", Time since last: 2000184907 ns, Reaching safepoint: 6900 ns, Cleanup: 10301 ns, At safepoint: 1900 ns, Total: 19101 ns
[4839.693s][info ][gc,start       ] GC(72) Pause Young (Allocation Failure)
[4839.702s][debug][gc,phases      ] GC(72) Scavenge 8.583ms
[4839.702s][debug][gc,ref         ] GC(72) ReferenceProcessor::execute queues: 1, RefProcThreadModel::Single, marks_oops_alive: false
[4839.702s][debug][gc,ref         ] GC(72) Skipped KeepAliveFinalRefsPhase of Reference Processing: no references
[4839.702s][debug][gc,ref         ] GC(72) ReferenceProcessor::execute queues: 1, RefProcThreadModel::Single, marks_oops_alive: false
[4839.702s][debug][gc,phases      ] GC(72) Reference Processing 0.138ms
[4839.702s][debug][gc,phases      ] GC(72)   VM Weak                        Min:  0.0, Avg:  0.0, Max:  0.0, Diff:  0.0, Sum:  0.0, Workers: 4
[4839.702s][debug][gc,phases      ] GC(72)     Dead                           Min: 0, Avg:  0.0, Max: 0, Diff: 0, Sum: 0, Workers: 4
[4839.702s][debug][gc,phases      ] GC(72)     Total                          Min: 0, Avg: 240.8, Max: 963, Diff: 963, Sum: 963, Workers: 4
[4839.702s][debug][gc,phases      ] GC(72)   ObjectSynchronizer Weak        Min:  0.0, Avg:  0.0, Max:  0.0, Diff:  0.0, Sum:  0.0, Workers: 4
[4839.702s][debug][gc,phases      ] GC(72)     Dead                           Min: 0, Avg:  0.0, Max: 0, Diff: 0, Sum: 0, Workers: 4
[4839.702s][debug][gc,phases      ] GC(72)     Total                          Min: 0, Avg:  1.0, Max: 4, Diff: 4, Sum: 4, Workers: 4
[4839.702s][debug][gc,phases      ] GC(72)   JVMTI Tag Weak OopStorage      Min:  0.0, Avg:  0.0, Max:  0.0, Diff:  0.0, Sum:  0.0, Workers: 4
[4839.702s][debug][gc,phases      ] GC(72)     Dead                           Min: 0, Avg:  0.0, Max: 0, Diff: 0, Sum: 0, Workers: 4
[4839.702s][debug][gc,phases      ] GC(72)     Total                          Min: 0, Avg:  0.0, Max: 0, Diff: 0, Sum: 0, Workers: 4
[4839.702s][debug][gc,phases      ] GC(72)   StringTable Weak               Min:  0.0, Avg:  0.1, Max:  0.2, Diff:  0.2, Sum:  0.4, Workers: 4
[4839.702s][debug][gc,phases      ] GC(72)     Dead                           Min: 0, Avg:  0.5, Max: 2, Diff: 2, Sum: 2, Workers: 4
[4839.702s][debug][gc,phases      ] GC(72)     Total                          Min: 0, Avg: 11226.8, Max: 23788, Diff: 23788, Sum: 44907, Workers: 4
[4839.702s][debug][gc,phases      ] GC(72)   ResolvedMethodTable Weak       Min:  0.0, Avg:  0.0, Max:  0.1, Diff:  0.1, Sum:  0.1, Workers: 4
[4839.703s][debug][gc,phases      ] GC(72)     Dead                           Min: 0, Avg:  4.0, Max: 15, Diff: 15, Sum: 16, Workers: 4
[4839.703s][debug][gc,phases      ] GC(72)     Total                          Min: 0, Avg: 3569.0, Max: 7335, Diff: 7335, Sum: 14276, Workers: 4
[4839.703s][debug][gc,phases      ] GC(72)   JNI Weak                       Min:  0.0, Avg:  0.0, Max:  0.0, Diff:  0.0, Sum:  0.0, Workers: 4
[4839.703s][debug][gc,phases      ] GC(72)     Dead                           Min: 0, Avg:  0.0, Max: 0, Diff: 0, Sum: 0, Workers: 4
[4839.703s][debug][gc,phases      ] GC(72)     Total                          Min: 0, Avg: 13.0, Max: 52, Diff: 52, Sum: 52, Workers: 4
[4839.703s][debug][gc,phases      ] GC(72)   StringDedup Table Weak         Min:  0.0, Avg:  0.0, Max:  0.0, Diff:  0.0, Sum:  0.0, Workers: 4
[4839.703s][debug][gc,phases      ] GC(72)     Dead                           Min: 0, Avg:  0.0, Max: 0, Diff: 0, Sum: 0, Workers: 4
[4839.703s][debug][gc,phases      ] GC(72)     Total                          Min: 0, Avg:  0.0, Max: 0, Diff: 0, Sum: 0, Workers: 4
[4839.703s][debug][gc,phases      ] GC(72)   StringDedup Requests0 Weak     Min:  0.0, Avg:  0.0, Max:  0.0, Diff:  0.0, Sum:  0.0, Workers: 4
[4839.703s][debug][gc,phases      ] GC(72)     Dead                           Min: 0, Avg:  0.0, Max: 0, Diff: 0, Sum: 0, Workers: 4
[4839.703s][debug][gc,phases      ] GC(72)     Total                          Min: 0, Avg:  0.0, Max: 0, Diff: 0, Sum: 0, Workers: 4
[4839.703s][debug][gc,phases      ] GC(72)   StringDedup Requests1 Weak     Min:  0.0, Avg:  0.0, Max:  0.0, Diff:  0.0, Sum:  0.0, Workers: 4
[4839.703s][debug][gc,phases      ] GC(72)     Dead                           Min: 0, Avg:  0.0, Max: 0, Diff: 0, Sum: 0, Workers: 4
[4839.703s][debug][gc,phases      ] GC(72)     Total                          Min: 0, Avg:  0.0, Max: 0, Diff: 0, Sum: 0, Workers: 4
[4839.703s][debug][gc,phases      ] GC(72)   Weak JFR Old Object Samples    Min:  0.0, Avg:  0.0, Max:  0.0, Diff:  0.0, Sum:  0.0, Workers: 4
[4839.703s][debug][gc,phases      ] GC(72)     Dead                           Min: 0, Avg:  0.0, Max: 0, Diff: 0, Sum: 0, Workers: 4
[4839.703s][debug][gc,phases      ] GC(72)     Total                          Min: 0, Avg:  0.0, Max: 0, Diff: 0, Sum: 0, Workers: 4
[4839.703s][debug][gc,phases      ] GC(72) Weak Processing 0.510ms
[4839.703s][debug][gc,age         ] GC(72) Desired survivor size 11010048 bytes, new threshold 1 (max threshold 15)
[4839.703s][info ][gc,heap        ] GC(72) PSYoungGen: 2084960K(2087936K)->8192K(2084864K) Eden: 2079232K(2079232K)->0K(2075648K) From: 5728K(8704K)->8192K(9216K)
[4839.703s][info ][gc,heap        ] GC(72) ParOldGen: 256000K(256512K)->258876K(259072K)
[4839.703s][info ][gc,metaspace   ] GC(72) Metaspace: 103023K(104320K)->103023K(104320K) NonClass: 87648K(88384K)->87648K(88384K) Class: 15374K(15936K)->15374K(15936K)
[4839.703s][info ][gc             ] GC(72) Pause Young (Allocation Failure) 2286M->260M(2289M) 9.384ms
[4839.703s][info ][gc,cpu         ] GC(72) User=0.03s Sys=0.01s Real=0.01s
[4839.703s][info ][safepoint      ] Safepoint "ParallelGCFailedAllocation", Time since last: 4124277045 ns, Reaching safepoint: 78905 ns, Cleanup: 3500 ns, At safepoint: 9471402 ns, Total: 9553807 ns
[4846.703s][info ][safepoint      ] Safepoint "Cleanup", Time since last: 7000718137 ns, Reaching safepoint: 9300 ns, Cleanup: 14601 ns, At safepoint: 3001 ns, Total: 26902 ns
[4886.585s][info ][safepoint      ] Safepoint "Cleanup", Time since last: 39881751792 ns, Reaching safepoint: 6000 ns, Cleanup: 10101 ns, At safepoint: 2500 ns, Total: 18601 ns
[4905.587s][info ][safepoint      ] Safepoint "Cleanup", Time since last: 19001438496 ns, Reaching safepoint: 6700 ns, Cleanup: 11101 ns, At safepoint: 2700 ns, Total: 20501 ns
[4910.587s][info ][safepoint      ] Safepoint "Cleanup", Time since last: 5000425223 ns, Reaching safepoint: 6401 ns, Cleanup: 10100 ns, At safepoint: 2200 ns, Total: 18701 ns
[4911.587s][info ][safepoint      ] Safepoint "Cleanup", Time since last: 1000112987 ns, Reaching safepoint: 6000 ns, Cleanup: 7901 ns, At safepoint: 2000 ns, Total: 15901 ns
[4912.587s][info ][safepoint      ] Safepoint "Cleanup", Time since last: 1000131726 ns, Reaching safepoint: 6101 ns, Cleanup: 10700 ns, At safepoint: 28102 ns, Total: 44903 ns
[4918.588s][info ][safepoint      ] Safepoint "Cleanup", Time since last: 6000525723 ns, Reaching safepoint: 5800 ns, Cleanup: 9801 ns, At safepoint: 2000 ns, Total: 17601 ns
[4929.944s][info ][gc,start       ] GC(73) Pause Young (Allocation Failure)
[4929.950s][debug][gc,phases      ] GC(73) Scavenge 6.061ms
[4929.950s][debug][gc,ref         ] GC(73) ReferenceProcessor::execute queues: 1, RefProcThreadModel::Single, marks_oops_alive: false
[4929.950s][debug][gc,ref         ] GC(73) Skipped KeepAliveFinalRefsPhase of Reference Processing: no references
[4929.950s][debug][gc,ref         ] GC(73) Skipped PhantomRefsPhase of Reference Processing: no references
[4929.950s][debug][gc,phases      ] GC(73) Reference Processing 0.144ms
[4929.950s][debug][gc,phases      ] GC(73)   VM Weak                        Min:  0.0, Avg:  0.0, Max:  0.0, Diff:  0.0, Sum:  0.0, Workers: 4
[4929.950s][debug][gc,phases      ] GC(73)     Dead                           Min: 0, Avg:  0.0, Max: 0, Diff: 0, Sum: 0, Workers: 4
[4929.950s][debug][gc,phases      ] GC(73)     Total                          Min: 0, Avg: 240.8, Max: 707, Diff: 707, Sum: 963, Workers: 4
[4929.950s][debug][gc,phases      ] GC(73)   ObjectSynchronizer Weak        Min:  0.0, Avg:  0.0, Max:  0.0, Diff:  0.0, Sum:  0.0, Workers: 4
[4929.950s][debug][gc,phases      ] GC(73)     Dead                           Min: 0, Avg:  0.0, Max: 0, Diff: 0, Sum: 0, Workers: 4
[4929.950s][debug][gc,phases      ] GC(73)     Total                          Min: 0, Avg:  0.8, Max: 3, Diff: 3, Sum: 3, Workers: 4
[4929.950s][debug][gc,phases      ] GC(73)   JVMTI Tag Weak OopStorage      Min:  0.0, Avg:  0.0, Max:  0.0, Diff:  0.0, Sum:  0.0, Workers: 4
[4929.950s][debug][gc,phases      ] GC(73)     Dead                           Min: 0, Avg:  0.0, Max: 0, Diff: 0, Sum: 0, Workers: 4
[4929.950s][debug][gc,phases      ] GC(73)     Total                          Min: 0, Avg:  0.0, Max: 0, Diff: 0, Sum: 0, Workers: 4
[4929.950s][debug][gc,phases      ] GC(73)   StringTable Weak               Min:  0.0, Avg:  0.1, Max:  0.1, Diff:  0.1, Sum:  0.4, Workers: 4
[4929.950s][debug][gc,phases      ] GC(73)     Dead                           Min: 0, Avg:  0.0, Max: 0, Diff: 0, Sum: 0, Workers: 4
[4929.950s][debug][gc,phases      ] GC(73)     Total                          Min: 0, Avg: 11227.0, Max: 15213, Diff: 15213, Sum: 44908, Workers: 4
[4929.950s][debug][gc,phases      ] GC(73)   ResolvedMethodTable Weak       Min:  0.0, Avg:  0.0, Max:  0.0, Diff:  0.0, Sum:  0.1, Workers: 4
[4929.950s][debug][gc,phases      ] GC(73)     Dead                           Min: 0, Avg:  4.0, Max: 16, Diff: 16, Sum: 16, Workers: 4
[4929.950s][debug][gc,phases      ] GC(73)     Total                          Min: 0, Avg: 3569.0, Max: 5253, Diff: 5253, Sum: 14276, Workers: 4
[4929.950s][debug][gc,phases      ] GC(73)   JNI Weak                       Min:  0.0, Avg:  0.0, Max:  0.0, Diff:  0.0, Sum:  0.0, Workers: 4
[4929.950s][debug][gc,phases      ] GC(73)     Dead                           Min: 0, Avg:  0.0, Max: 0, Diff: 0, Sum: 0, Workers: 4
[4929.950s][debug][gc,phases      ] GC(73)     Total                          Min: 0, Avg: 13.0, Max: 52, Diff: 52, Sum: 52, Workers: 4
[4929.950s][debug][gc,phases      ] GC(73)   StringDedup Table Weak         Min:  0.0, Avg:  0.0, Max:  0.0, Diff:  0.0, Sum:  0.0, Workers: 4
[4929.950s][debug][gc,phases      ] GC(73)     Dead                           Min: 0, Avg:  0.0, Max: 0, Diff: 0, Sum: 0, Workers: 4
[4929.950s][debug][gc,phases      ] GC(73)     Total                          Min: 0, Avg:  0.0, Max: 0, Diff: 0, Sum: 0, Workers: 4
[4929.950s][debug][gc,phases      ] GC(73)   StringDedup Requests0 Weak     Min:  0.0, Avg:  0.0, Max:  0.0, Diff:  0.0, Sum:  0.0, Workers: 4
[4929.950s][debug][gc,phases      ] GC(73)     Dead                           Min: 0, Avg:  0.0, Max: 0, Diff: 0, Sum: 0, Workers: 4
[4929.950s][debug][gc,phases      ] GC(73)     Total                          Min: 0, Avg:  0.0, Max: 0, Diff: 0, Sum: 0, Workers: 4
[4929.950s][debug][gc,phases      ] GC(73)   StringDedup Requests1 Weak     Min:  0.0, Avg:  0.0, Max:  0.0, Diff:  0.0, Sum:  0.0, Workers: 4
[4929.950s][debug][gc,phases      ] GC(73)     Dead                           Min: 0, Avg:  0.0, Max: 0, Diff: 0, Sum: 0, Workers: 4
[4929.950s][debug][gc,phases      ] GC(73)     Total                          Min: 0, Avg:  0.0, Max: 0, Diff: 0, Sum: 0, Workers: 4
[4929.950s][debug][gc,phases      ] GC(73)   Weak JFR Old Object Samples    Min:  0.0, Avg:  0.0, Max:  0.0, Diff:  0.0, Sum:  0.0, Workers: 4
[4929.950s][debug][gc,phases      ] GC(73)     Dead                           Min: 0, Avg:  0.0, Max: 0, Diff: 0, Sum: 0, Workers: 4
[4929.950s][debug][gc,phases      ] GC(73)     Total                          Min: 0, Avg:  0.0, Max: 0, Diff: 0, Sum: 0, Workers: 4
[4929.950s][debug][gc,phases      ] GC(73) Weak Processing 0.449ms
[4929.950s][debug][gc,age         ] GC(73) Desired survivor size 10485760 bytes, new threshold 1 (max threshold 15)
[4929.950s][info ][gc,heap        ] GC(73) PSYoungGen: 2083840K(2084864K)->3104K(2086400K) Eden: 2075648K(2075648K)->0K(2075648K) From: 8192K(9216K)->3104K(10752K)
[4929.950s][info ][gc,heap        ] GC(73) ParOldGen: 258876K(259072K)->264904K(265216K)
[4929.950s][info ][gc,metaspace   ] GC(73) Metaspace: 103040K(104320K)->103040K(104320K) NonClass: 87665K(88384K)->87665K(88384K) Class: 15374K(15936K)->15374K(15936K)
[4929.950s][info ][gc             ] GC(73) Pause Young (Allocation Failure) 2287M->261M(2296M) 6.801ms
[4929.950s][info ][gc,cpu         ] GC(73) User=0.02s Sys=0.00s Real=0.01s
[4929.950s][info ][safepoint      ] Safepoint "ParallelGCFailedAllocation", Time since last: 11355433476 ns, Reaching safepoint: 79305 ns, Cleanup: 4600 ns, At safepoint: 6887735 ns, Total: 6971640 ns
[4932.951s][info ][safepoint      ] Safepoint "Cleanup", Time since last: 3000240072 ns, Reaching safepoint: 6501 ns, Cleanup: 11600 ns, At safepoint: 2001 ns, Total: 20102 ns
[4933.951s][info ][safepoint      ] Safepoint "Cleanup", Time since last: 1000144461 ns, Reaching safepoint: 7201 ns, Cleanup: 17901 ns, At safepoint: 2600 ns, Total: 27702 ns
[4934.951s][info ][safepoint      ] Safepoint "Cleanup", Time since last: 1000139261 ns, Reaching safepoint: 7101 ns, Cleanup: 14201 ns, At safepoint: 2300 ns, Total: 23602 ns
[4941.952s][info ][safepoint      ] Safepoint "Cleanup", Time since last: 7000580363 ns, Reaching safepoint: 7101 ns, Cleanup: 11500 ns, At safepoint: 2401 ns, Total: 21002 ns
[4947.952s][info ][safepoint      ] Safepoint "Cleanup", Time since last: 6000515348 ns, Reaching safepoint: 7001 ns, Cleanup: 13101 ns, At safepoint: 2500 ns, Total: 22602 ns
[4952.953s][info ][safepoint      ] Safepoint "Cleanup", Time since last: 5000436978 ns, Reaching safepoint: 7001 ns, Cleanup: 11100 ns, At safepoint: 2500 ns, Total: 20601 ns
[4965.954s][info ][safepoint      ] Safepoint "Cleanup", Time since last: 13001107236 ns, Reaching safepoint: 6601 ns, Cleanup: 14501 ns, At safepoint: 2700 ns, Total: 23802 ns
[4967.954s][info ][safepoint      ] Safepoint "Cleanup", Time since last: 2000186862 ns, Reaching safepoint: 7200 ns, Cleanup: 11901 ns, At safepoint: 2100 ns, Total: 21201 ns
[4979.955s][info ][safepoint      ] Safepoint "Cleanup", Time since last: 12000996528 ns, Reaching safepoint: 7101 ns, Cleanup: 11300 ns, At safepoint: 2501 ns, Total: 20902 ns
[4981.619s][info ][safepoint      ] Safepoint "Cleanup", Time since last: 1663814522 ns, Reaching safepoint: 3500 ns, Cleanup: 13701 ns, At safepoint: 4800 ns, Total: 22001 ns
[4991.620s][info ][safepoint      ] Safepoint "Cleanup", Time since last: 10000849468 ns, Reaching safepoint: 6700 ns, Cleanup: 13501 ns, At safepoint: 2300 ns, Total: 22501 ns
[5008.621s][info ][safepoint      ] Safepoint "Cleanup", Time since last: 17001330483 ns, Reaching safepoint: 6801 ns, Cleanup: 11001 ns, At safepoint: 2500 ns, Total: 20302 ns
[5018.744s][info ][gc,start       ] GC(74) Pause Young (Allocation Failure)
[5018.747s][debug][gc,phases      ] GC(74) Scavenge 2.905ms
[5018.747s][debug][gc,ref         ] GC(74) ReferenceProcessor::execute queues: 1, RefProcThreadModel::Single, marks_oops_alive: false
[5018.747s][debug][gc,ref         ] GC(74) Skipped KeepAliveFinalRefsPhase of Reference Processing: no references
[5018.747s][debug][gc,ref         ] GC(74) Skipped PhantomRefsPhase of Reference Processing: no references
[5018.747s][debug][gc,phases      ] GC(74) Reference Processing 0.124ms
[5018.747s][debug][gc,phases      ] GC(74)   VM Weak                        Min:  0.0, Avg:  0.0, Max:  0.0, Diff:  0.0, Sum:  0.0, Workers: 4
[5018.747s][debug][gc,phases      ] GC(74)     Dead                           Min: 0, Avg:  0.0, Max: 0, Diff: 0, Sum: 0, Workers: 4
[5018.747s][debug][gc,phases      ] GC(74)     Total                          Min: 0, Avg: 240.8, Max: 579, Diff: 579, Sum: 963, Workers: 4
[5018.747s][debug][gc,phases      ] GC(74)   ObjectSynchronizer Weak        Min:  0.0, Avg:  0.0, Max:  0.0, Diff:  0.0, Sum:  0.0, Workers: 4
[5018.747s][debug][gc,phases      ] GC(74)     Dead                           Min: 0, Avg:  0.0, Max: 0, Diff: 0, Sum: 0, Workers: 4
[5018.747s][debug][gc,phases      ] GC(74)     Total                          Min: 0, Avg:  1.0, Max: 4, Diff: 4, Sum: 4, Workers: 4
[5018.747s][debug][gc,phases      ] GC(74)   JVMTI Tag Weak OopStorage      Min:  0.0, Avg:  0.0, Max:  0.0, Diff:  0.0, Sum:  0.0, Workers: 4
[5018.747s][debug][gc,phases      ] GC(74)     Dead                           Min: 0, Avg:  0.0, Max: 0, Diff: 0, Sum: 0, Workers: 4
[5018.747s][debug][gc,phases      ] GC(74)     Total                          Min: 0, Avg:  0.0, Max: 0, Diff: 0, Sum: 0, Workers: 4
[5018.747s][debug][gc,phases      ] GC(74)   StringTable Weak               Min:  0.0, Avg:  0.1, Max:  0.2, Diff:  0.2, Sum:  0.4, Workers: 4
[5018.747s][debug][gc,phases      ] GC(74)     Dead                           Min: 0, Avg:  0.0, Max: 0, Diff: 0, Sum: 0, Workers: 4
[5018.747s][debug][gc,phases      ] GC(74)     Total                          Min: 0, Avg: 11227.0, Max: 24365, Diff: 24365, Sum: 44908, Workers: 4
[5018.747s][debug][gc,phases      ] GC(74)   ResolvedMethodTable Weak       Min:  0.0, Avg:  0.0, Max:  0.1, Diff:  0.1, Sum:  0.1, Workers: 4
[5018.747s][debug][gc,phases      ] GC(74)     Dead                           Min: 0, Avg:  4.0, Max: 16, Diff: 16, Sum: 16, Workers: 4
[5018.747s][debug][gc,phases      ] GC(74)     Total                          Min: 0, Avg: 3569.0, Max: 7396, Diff: 7396, Sum: 14276, Workers: 4
[5018.747s][debug][gc,phases      ] GC(74)   JNI Weak                       Min:  0.0, Avg:  0.0, Max:  0.0, Diff:  0.0, Sum:  0.0, Workers: 4
[5018.747s][debug][gc,phases      ] GC(74)     Dead                           Min: 0, Avg:  0.0, Max: 0, Diff: 0, Sum: 0, Workers: 4
[5018.747s][debug][gc,phases      ] GC(74)     Total                          Min: 0, Avg: 13.0, Max: 52, Diff: 52, Sum: 52, Workers: 4
[5018.747s][debug][gc,phases      ] GC(74)   StringDedup Table Weak         Min:  0.0, Avg:  0.0, Max:  0.0, Diff:  0.0, Sum:  0.0, Workers: 4
[5018.747s][debug][gc,phases      ] GC(74)     Dead                           Min: 0, Avg:  0.0, Max: 0, Diff: 0, Sum: 0, Workers: 4
[5018.747s][debug][gc,phases      ] GC(74)     Total                          Min: 0, Avg:  0.0, Max: 0, Diff: 0, Sum: 0, Workers: 4
[5018.747s][debug][gc,phases      ] GC(74)   StringDedup Requests0 Weak     Min:  0.0, Avg:  0.0, Max:  0.0, Diff:  0.0, Sum:  0.0, Workers: 4
[5018.747s][debug][gc,phases      ] GC(74)     Dead                           Min: 0, Avg:  0.0, Max: 0, Diff: 0, Sum: 0, Workers: 4
[5018.747s][debug][gc,phases      ] GC(74)     Total                          Min: 0, Avg:  0.0, Max: 0, Diff: 0, Sum: 0, Workers: 4
[5018.747s][debug][gc,phases      ] GC(74)   StringDedup Requests1 Weak     Min:  0.0, Avg:  0.0, Max:  0.0, Diff:  0.0, Sum:  0.0, Workers: 4
[5018.747s][debug][gc,phases      ] GC(74)     Dead                           Min: 0, Avg:  0.0, Max: 0, Diff: 0, Sum: 0, Workers: 4
[5018.747s][debug][gc,phases      ] GC(74)     Total                          Min: 0, Avg:  0.0, Max: 0, Diff: 0, Sum: 0, Workers: 4
[5018.747s][debug][gc,phases      ] GC(74)   Weak JFR Old Object Samples    Min:  0.0, Avg:  0.0, Max:  0.0, Diff:  0.0, Sum:  0.0, Workers: 4
[5018.747s][debug][gc,phases      ] GC(74)     Dead                           Min: 0, Avg:  0.0, Max: 0, Diff: 0, Sum: 0, Workers: 4
[5018.747s][debug][gc,phases      ] GC(74)     Total                          Min: 0, Avg:  0.0, Max: 0, Diff: 0, Sum: 0, Workers: 4
[5018.747s][debug][gc,phases      ] GC(74) Weak Processing 0.516ms
[5018.747s][debug][gc,age         ] GC(74) Desired survivor size 9961472 bytes, new threshold 1 (max threshold 15)
[5018.747s][info ][gc,heap        ] GC(74) PSYoungGen: 2078752K(2086400K)->3088K(2087424K) Eden: 2075648K(2075648K)->0K(2077184K) From: 3104K(10752K)->3088K(10240K)
[5018.747s][info ][gc,heap        ] GC(74) ParOldGen: 264904K(265216K)->265368K(265728K)
[5018.747s][info ][gc,metaspace   ] GC(74) Metaspace: 103053K(104320K)->103053K(104320K) NonClass: 87678K(88384K)->87678K(88384K) Class: 15374K(15936K)->15374K(15936K)
[5018.747s][info ][gc             ] GC(74) Pause Young (Allocation Failure) 2288M->262M(2298M) 3.684ms
[5018.747s][info ][gc,cpu         ] GC(74) User=0.01s Sys=0.00s Real=0.01s
[5018.747s][info ][safepoint      ] Safepoint "ParallelGCFailedAllocation", Time since last: 10122583119 ns, Reaching safepoint: 98106 ns, Cleanup: 4101 ns, At safepoint: 3760635 ns, Total: 3862842 ns
[5073.640s][info ][safepoint      ] Safepoint "Cleanup", Time since last: 54892115019 ns, Reaching safepoint: 6200 ns, Cleanup: 9301 ns, At safepoint: 2200 ns, Total: 17701 ns
[5111.643s][info ][safepoint      ] Safepoint "Cleanup", Time since last: 38002926088 ns, Reaching safepoint: 78807 ns, Cleanup: 15501 ns, At safepoint: 6301 ns, Total: 100609 ns
[5113.444s][info ][gc,start       ] GC(75) Pause Young (Allocation Failure)
[5113.446s][debug][gc,phases      ] GC(75) Scavenge 1.888ms
[5113.446s][debug][gc,ref         ] GC(75) ReferenceProcessor::execute queues: 1, RefProcThreadModel::Single, marks_oops_alive: false
[5113.446s][debug][gc,ref         ] GC(75) Skipped KeepAliveFinalRefsPhase of Reference Processing: no references
[5113.446s][debug][gc,ref         ] GC(75) ReferenceProcessor::execute queues: 1, RefProcThreadModel::Single, marks_oops_alive: false
[5113.446s][debug][gc,phases      ] GC(75) Reference Processing 0.113ms
[5113.446s][debug][gc,phases      ] GC(75)   VM Weak                        Min:  0.0, Avg:  0.0, Max:  0.0, Diff:  0.0, Sum:  0.0, Workers: 4
[5113.446s][debug][gc,phases      ] GC(75)     Dead                           Min: 0, Avg:  0.0, Max: 0, Diff: 0, Sum: 0, Workers: 4
[5113.446s][debug][gc,phases      ] GC(75)     Total                          Min: 0, Avg: 240.8, Max: 707, Diff: 707, Sum: 963, Workers: 4
[5113.446s][debug][gc,phases      ] GC(75)   ObjectSynchronizer Weak        Min:  0.0, Avg:  0.0, Max:  0.0, Diff:  0.0, Sum:  0.0, Workers: 4
[5113.446s][debug][gc,phases      ] GC(75)     Dead                           Min: 0, Avg:  0.0, Max: 0, Diff: 0, Sum: 0, Workers: 4
[5113.446s][debug][gc,phases      ] GC(75)     Total                          Min: 0, Avg:  0.8, Max: 3, Diff: 3, Sum: 3, Workers: 4
[5113.446s][debug][gc,phases      ] GC(75)   JVMTI Tag Weak OopStorage      Min:  0.0, Avg:  0.0, Max:  0.0, Diff:  0.0, Sum:  0.0, Workers: 4
[5113.446s][debug][gc,phases      ] GC(75)     Dead                           Min: 0, Avg:  0.0, Max: 0, Diff: 0, Sum: 0, Workers: 4
[5113.446s][debug][gc,phases      ] GC(75)     Total                          Min: 0, Avg:  0.0, Max: 0, Diff: 0, Sum: 0, Workers: 4
[5113.446s][debug][gc,phases      ] GC(75)   StringTable Weak               Min:  0.0, Avg:  0.1, Max:  0.1, Diff:  0.1, Sum:  0.4, Workers: 4
[5113.446s][debug][gc,phases      ] GC(75)     Dead                           Min: 0, Avg:  0.0, Max: 0, Diff: 0, Sum: 0, Workers: 4
[5113.446s][debug][gc,phases      ] GC(75)     Total                          Min: 0, Avg: 11230.8, Max: 15103, Diff: 15103, Sum: 44923, Workers: 4
[5113.446s][debug][gc,phases      ] GC(75)   ResolvedMethodTable Weak       Min:  0.0, Avg:  0.0, Max:  0.0, Diff:  0.0, Sum:  0.1, Workers: 4
[5113.446s][debug][gc,phases      ] GC(75)     Dead                           Min: 0, Avg:  4.0, Max: 16, Diff: 16, Sum: 16, Workers: 4
[5113.446s][debug][gc,phases      ] GC(75)     Total                          Min: 0, Avg: 3569.0, Max: 4972, Diff: 4972, Sum: 14276, Workers: 4
[5113.446s][debug][gc,phases      ] GC(75)   JNI Weak                       Min:  0.0, Avg:  0.0, Max:  0.0, Diff:  0.0, Sum:  0.0, Workers: 4
[5113.446s][debug][gc,phases      ] GC(75)     Dead                           Min: 0, Avg:  0.0, Max: 0, Diff: 0, Sum: 0, Workers: 4
[5113.446s][debug][gc,phases      ] GC(75)     Total                          Min: 0, Avg: 13.0, Max: 52, Diff: 52, Sum: 52, Workers: 4
[5113.446s][debug][gc,phases      ] GC(75)   StringDedup Table Weak         Min:  0.0, Avg:  0.0, Max:  0.0, Diff:  0.0, Sum:  0.0, Workers: 4
[5113.446s][debug][gc,phases      ] GC(75)     Dead                           Min: 0, Avg:  0.0, Max: 0, Diff: 0, Sum: 0, Workers: 4
[5113.446s][debug][gc,phases      ] GC(75)     Total                          Min: 0, Avg:  0.0, Max: 0, Diff: 0, Sum: 0, Workers: 4
[5113.446s][debug][gc,phases      ] GC(75)   StringDedup Requests0 Weak     Min:  0.0, Avg:  0.0, Max:  0.0, Diff:  0.0, Sum:  0.0, Workers: 4
[5113.446s][debug][gc,phases      ] GC(75)     Dead                           Min: 0, Avg:  0.0, Max: 0, Diff: 0, Sum: 0, Workers: 4
[5113.446s][debug][gc,phases      ] GC(75)     Total                          Min: 0, Avg:  0.0, Max: 0, Diff: 0, Sum: 0, Workers: 4
[5113.446s][debug][gc,phases      ] GC(75)   StringDedup Requests1 Weak     Min:  0.0, Avg:  0.0, Max:  0.0, Diff:  0.0, Sum:  0.0, Workers: 4
[5113.446s][debug][gc,phases      ] GC(75)     Dead                           Min: 0, Avg:  0.0, Max: 0, Diff: 0, Sum: 0, Workers: 4
[5113.446s][debug][gc,phases      ] GC(75)     Total                          Min: 0, Avg:  0.0, Max: 0, Diff: 0, Sum: 0, Workers: 4
[5113.446s][debug][gc,phases      ] GC(75)   Weak JFR Old Object Samples    Min:  0.0, Avg:  0.0, Max:  0.0, Diff:  0.0, Sum:  0.0, Workers: 4
[5113.446s][debug][gc,phases      ] GC(75)     Dead                           Min: 0, Avg:  0.0, Max: 0, Diff: 0, Sum: 0, Workers: 4
[5113.446s][debug][gc,phases      ] GC(75)     Total                          Min: 0, Avg:  0.0, Max: 0, Diff: 0, Sum: 0, Workers: 4
[5113.446s][debug][gc,phases      ] GC(75) Weak Processing 0.425ms
[5113.446s][debug][gc,age         ] GC(75) Desired survivor size 9437184 bytes, new threshold 1 (max threshold 15)
[5113.446s][info ][gc,heap        ] GC(75) PSYoungGen: 2080272K(2087424K)->2592K(2086912K) Eden: 2077184K(2077184K)->0K(2077184K) From: 3088K(10240K)->2592K(9728K)
[5113.446s][info ][gc,heap        ] GC(75) ParOldGen: 265368K(265728K)->266208K(266240K)
[5113.446s][info ][gc,metaspace   ] GC(75) Metaspace: 103061K(104320K)->103061K(104320K) NonClass: 87686K(88384K)->87686K(88384K) Class: 15374K(15936K)->15374K(15936K)
[5113.446s][info ][gc             ] GC(75) Pause Young (Allocation Failure) 2290M->262M(2298M) 2.554ms
[5113.446s][info ][gc,cpu         ] GC(75) User=0.00s Sys=0.00s Real=0.01s
[5113.446s][info ][safepoint      ] Safepoint "ParallelGCFailedAllocation", Time since last: 1801142306 ns, Reaching safepoint: 88307 ns, Cleanup: 10101 ns, At safepoint: 2628905 ns, Total: 2727313 ns
[5114.447s][info ][safepoint      ] Safepoint "Cleanup", Time since last: 1000091836 ns, Reaching safepoint: 5901 ns, Cleanup: 10900 ns, At safepoint: 2201 ns, Total: 19002 ns
[5143.449s][info ][safepoint      ] Safepoint "Cleanup", Time since last: 29002256536 ns, Reaching safepoint: 6401 ns, Cleanup: 10401 ns, At safepoint: 2100 ns, Total: 18902 ns
[5145.449s][info ][safepoint      ] Safepoint "Cleanup", Time since last: 2000203573 ns, Reaching safepoint: 9201 ns, Cleanup: 11001 ns, At safepoint: 3100 ns, Total: 23302 ns
[5147.449s][info ][safepoint      ] Safepoint "Cleanup", Time since last: 2000198626 ns, Reaching safepoint: 7000 ns, Cleanup: 12701 ns, At safepoint: 2700 ns, Total: 22401 ns
[5149.450s][info ][safepoint      ] Safepoint "Cleanup", Time since last: 2000230728 ns, Reaching safepoint: 9001 ns, Cleanup: 12401 ns, At safepoint: 3300 ns, Total: 24702 ns
[5171.675s][info ][safepoint      ] Safepoint "Cleanup", Time since last: 22225109395 ns, Reaching safepoint: 7801 ns, Cleanup: 15001 ns, At safepoint: 33503 ns, Total: 56305 ns
[5209.044s][info ][gc,start       ] GC(76) Pause Young (Allocation Failure)
[5209.046s][debug][gc,phases      ] GC(76) Scavenge 2.618ms
[5209.047s][debug][gc,ref         ] GC(76) ReferenceProcessor::execute queues: 1, RefProcThreadModel::Single, marks_oops_alive: false
[5209.047s][debug][gc,ref         ] GC(76) Skipped KeepAliveFinalRefsPhase of Reference Processing: no references
[5209.047s][debug][gc,ref         ] GC(76) ReferenceProcessor::execute queues: 1, RefProcThreadModel::Single, marks_oops_alive: false
[5209.047s][debug][gc,phases      ] GC(76) Reference Processing 0.112ms
[5209.047s][debug][gc,phases      ] GC(76)   VM Weak                        Min:  0.0, Avg:  0.0, Max:  0.0, Diff:  0.0, Sum:  0.0, Workers: 4
[5209.047s][debug][gc,phases      ] GC(76)     Dead                           Min: 0, Avg:  0.0, Max: 0, Diff: 0, Sum: 0, Workers: 4
[5209.047s][debug][gc,phases      ] GC(76)     Total                          Min: 0, Avg: 240.8, Max: 512, Diff: 512, Sum: 963, Workers: 4
[5209.047s][debug][gc,phases      ] GC(76)   ObjectSynchronizer Weak        Min:  0.0, Avg:  0.0, Max:  0.0, Diff:  0.0, Sum:  0.0, Workers: 4
[5209.047s][debug][gc,phases      ] GC(76)     Dead                           Min: 0, Avg:  0.0, Max: 0, Diff: 0, Sum: 0, Workers: 4
[5209.047s][debug][gc,phases      ] GC(76)     Total                          Min: 0, Avg:  0.8, Max: 3, Diff: 3, Sum: 3, Workers: 4
[5209.047s][debug][gc,phases      ] GC(76)   JVMTI Tag Weak OopStorage      Min:  0.0, Avg:  0.0, Max:  0.0, Diff:  0.0, Sum:  0.0, Workers: 4
[5209.047s][debug][gc,phases      ] GC(76)     Dead                           Min: 0, Avg:  0.0, Max: 0, Diff: 0, Sum: 0, Workers: 4
[5209.047s][debug][gc,phases      ] GC(76)     Total                          Min: 0, Avg:  0.0, Max: 0, Diff: 0, Sum: 0, Workers: 4
[5209.047s][debug][gc,phases      ] GC(76)   StringTable Weak               Min:  0.1, Avg:  0.1, Max:  0.1, Diff:  0.0, Sum:  0.4, Workers: 4
[5209.047s][debug][gc,phases      ] GC(76)     Dead                           Min: 0, Avg:  0.0, Max: 0, Diff: 0, Sum: 0, Workers: 4
[5209.047s][debug][gc,phases      ] GC(76)     Total                          Min: 10301, Avg: 11230.8, Max: 12416, Diff: 2115, Sum: 44923, Workers: 4
[5209.047s][debug][gc,phases      ] GC(76)   ResolvedMethodTable Weak       Min:  0.0, Avg:  0.0, Max:  0.0, Diff:  0.0, Sum:  0.2, Workers: 4
[5209.047s][debug][gc,phases      ] GC(76)     Dead                           Min: 0, Avg:  4.0, Max: 16, Diff: 16, Sum: 16, Workers: 4
[5209.047s][debug][gc,phases      ] GC(76)     Total                          Min: 1897, Avg: 3569.0, Max: 4505, Diff: 2608, Sum: 14276, Workers: 4
[5209.047s][debug][gc,phases      ] GC(76)   JNI Weak                       Min:  0.0, Avg:  0.0, Max:  0.0, Diff:  0.0, Sum:  0.0, Workers: 4
[5209.047s][debug][gc,phases      ] GC(76)     Dead                           Min: 0, Avg:  0.0, Max: 0, Diff: 0, Sum: 0, Workers: 4
[5209.047s][debug][gc,phases      ] GC(76)     Total                          Min: 0, Avg: 13.0, Max: 52, Diff: 52, Sum: 52, Workers: 4
[5209.047s][debug][gc,phases      ] GC(76)   StringDedup Table Weak         Min:  0.0, Avg:  0.0, Max:  0.0, Diff:  0.0, Sum:  0.0, Workers: 4
[5209.047s][debug][gc,phases      ] GC(76)     Dead                           Min: 0, Avg:  0.0, Max: 0, Diff: 0, Sum: 0, Workers: 4
[5209.047s][debug][gc,phases      ] GC(76)     Total                          Min: 0, Avg:  0.0, Max: 0, Diff: 0, Sum: 0, Workers: 4
[5209.047s][debug][gc,phases      ] GC(76)   StringDedup Requests0 Weak     Min:  0.0, Avg:  0.0, Max:  0.0, Diff:  0.0, Sum:  0.0, Workers: 4
[5209.047s][debug][gc,phases      ] GC(76)     Dead                           Min: 0, Avg:  0.0, Max: 0, Diff: 0, Sum: 0, Workers: 4
[5209.047s][debug][gc,phases      ] GC(76)     Total                          Min: 0, Avg:  0.0, Max: 0, Diff: 0, Sum: 0, Workers: 4
[5209.047s][debug][gc,phases      ] GC(76)   StringDedup Requests1 Weak     Min:  0.0, Avg:  0.0, Max:  0.0, Diff:  0.0, Sum:  0.0, Workers: 4
[5209.047s][debug][gc,phases      ] GC(76)     Dead                           Min: 0, Avg:  0.0, Max: 0, Diff: 0, Sum: 0, Workers: 4
[5209.047s][debug][gc,phases      ] GC(76)     Total                          Min: 0, Avg:  0.0, Max: 0, Diff: 0, Sum: 0, Workers: 4
[5209.047s][debug][gc,phases      ] GC(76)   Weak JFR Old Object Samples    Min:  0.0, Avg:  0.0, Max:  0.0, Diff:  0.0, Sum:  0.0, Workers: 4
[5209.047s][debug][gc,phases      ] GC(76)     Dead                           Min: 0, Avg:  0.0, Max: 0, Diff: 0, Sum: 0, Workers: 4
[5209.047s][debug][gc,phases      ] GC(76)     Total                          Min: 0, Avg:  0.0, Max: 0, Diff: 0, Sum: 0, Workers: 4
[5209.047s][debug][gc,phases      ] GC(76) Weak Processing 0.403ms
[5209.047s][debug][gc,age         ] GC(76) Desired survivor size 8912896 bytes, new threshold 1 (max threshold 15)
[5209.047s][info ][gc,heap        ] GC(76) PSYoungGen: 2079776K(2086912K)->2528K(2088448K) Eden: 2077184K(2077184K)->0K(2079232K) From: 2592K(9728K)->2528K(9216K)
[5209.047s][info ][gc,heap        ] GC(76) ParOldGen: 266208K(266240K)->266816K(267264K)
[5209.047s][info ][gc,metaspace   ] GC(76) Metaspace: 103067K(104320K)->103067K(104320K) NonClass: 87692K(88384K)->87692K(88384K) Class: 15374K(15936K)->15374K(15936K)
[5209.047s][info ][gc             ] GC(76) Pause Young (Allocation Failure) 2291M->263M(2300M) 3.246ms
[5209.047s][info ][gc,cpu         ] GC(76) User=0.01s Sys=0.00s Real=0.01s
[5209.047s][info ][safepoint      ] Safepoint "ParallelGCFailedAllocation", Time since last: 37368961888 ns, Reaching safepoint: 80705 ns, Cleanup: 4200 ns, At safepoint: 3339830 ns, Total: 3424735 ns
[5269.052s][info ][safepoint      ] Safepoint "Cleanup", Time since last: 60004616990 ns, Reaching safepoint: 6701 ns, Cleanup: 9701 ns, At safepoint: 2900 ns, Total: 19302 ns
[5281.710s][info ][safepoint      ] Safepoint "Cleanup", Time since last: 12658680866 ns, Reaching safepoint: 2900 ns, Cleanup: 15901 ns, At safepoint: 2100 ns, Total: 20901 ns
[5282.711s][info ][safepoint      ] Safepoint "Cleanup", Time since last: 1000147409 ns, Reaching safepoint: 7300 ns, Cleanup: 11001 ns, At safepoint: 2400 ns, Total: 20701 ns
[5284.711s][info ][safepoint      ] Safepoint "Cleanup", Time since last: 2000201159 ns, Reaching safepoint: 7600 ns, Cleanup: 12101 ns, At safepoint: 2600 ns, Total: 22301 ns
[5287.711s][info ][safepoint      ] Safepoint "Cleanup", Time since last: 3000259313 ns, Reaching safepoint: 6301 ns, Cleanup: 9900 ns, At safepoint: 3201 ns, Total: 19402 ns
[5302.893s][info ][gc,start       ] GC(77) Pause Young (Allocation Failure)
[5302.896s][debug][gc,phases      ] GC(77) Scavenge 2.749ms
[5302.896s][debug][gc,ref         ] GC(77) ReferenceProcessor::execute queues: 1, RefProcThreadModel::Single, marks_oops_alive: false
[5302.896s][debug][gc,ref         ] GC(77) Skipped KeepAliveFinalRefsPhase of Reference Processing: no references
[5302.896s][debug][gc,ref         ] GC(77) ReferenceProcessor::execute queues: 1, RefProcThreadModel::Single, marks_oops_alive: false
[5302.896s][debug][gc,phases      ] GC(77) Reference Processing 0.116ms
[5302.897s][debug][gc,phases      ] GC(77)   VM Weak                        Min:  0.0, Avg:  0.0, Max:  0.0, Diff:  0.0, Sum:  0.0, Workers: 4
[5302.897s][debug][gc,phases      ] GC(77)     Dead                           Min: 0, Avg:  0.0, Max: 0, Diff: 0, Sum: 0, Workers: 4
[5302.897s][debug][gc,phases      ] GC(77)     Total                          Min: 0, Avg: 240.8, Max: 512, Diff: 512, Sum: 963, Workers: 4
[5302.897s][debug][gc,phases      ] GC(77)   ObjectSynchronizer Weak        Min:  0.0, Avg:  0.0, Max:  0.0, Diff:  0.0, Sum:  0.0, Workers: 4
[5302.897s][debug][gc,phases      ] GC(77)     Dead                           Min: 0, Avg:  0.0, Max: 0, Diff: 0, Sum: 0, Workers: 4
[5302.897s][debug][gc,phases      ] GC(77)     Total                          Min: 0, Avg:  1.0, Max: 4, Diff: 4, Sum: 4, Workers: 4
[5302.897s][debug][gc,phases      ] GC(77)   JVMTI Tag Weak OopStorage      Min:  0.0, Avg:  0.0, Max:  0.0, Diff:  0.0, Sum:  0.0, Workers: 4
[5302.897s][debug][gc,phases      ] GC(77)     Dead                           Min: 0, Avg:  0.0, Max: 0, Diff: 0, Sum: 0, Workers: 4
[5302.897s][debug][gc,phases      ] GC(77)     Total                          Min: 0, Avg:  0.0, Max: 0, Diff: 0, Sum: 0, Workers: 4
[5302.897s][debug][gc,phases      ] GC(77)   StringTable Weak               Min:  0.0, Avg:  0.1, Max:  0.1, Diff:  0.1, Sum:  0.4, Workers: 4
[5302.897s][debug][gc,phases      ] GC(77)     Dead                           Min: 0, Avg:  0.2, Max: 1, Diff: 1, Sum: 1, Workers: 4
[5302.897s][debug][gc,phases      ] GC(77)     Total                          Min: 0, Avg: 11231.5, Max: 15808, Diff: 15808, Sum: 44926, Workers: 4
[5302.897s][debug][gc,phases      ] GC(77)   ResolvedMethodTable Weak       Min:  0.0, Avg:  0.0, Max:  0.0, Diff:  0.0, Sum:  0.1, Workers: 4
[5302.897s][debug][gc,phases      ] GC(77)     Dead                           Min: 0, Avg:  4.2, Max: 17, Diff: 17, Sum: 17, Workers: 4
[5302.897s][debug][gc,phases      ] GC(77)     Total                          Min: 0, Avg: 3570.2, Max: 4949, Diff: 4949, Sum: 14281, Workers: 4
[5302.897s][debug][gc,phases      ] GC(77)   JNI Weak                       Min:  0.0, Avg:  0.0, Max:  0.0, Diff:  0.0, Sum:  0.0, Workers: 4
[5302.897s][debug][gc,phases      ] GC(77)     Dead                           Min: 0, Avg:  0.0, Max: 0, Diff: 0, Sum: 0, Workers: 4
[5302.897s][debug][gc,phases      ] GC(77)     Total                          Min: 0, Avg: 13.0, Max: 52, Diff: 52, Sum: 52, Workers: 4
[5302.897s][debug][gc,phases      ] GC(77)   StringDedup Table Weak         Min:  0.0, Avg:  0.0, Max:  0.0, Diff:  0.0, Sum:  0.0, Workers: 4
[5302.897s][debug][gc,phases      ] GC(77)     Dead                           Min: 0, Avg:  0.0, Max: 0, Diff: 0, Sum: 0, Workers: 4
[5302.897s][debug][gc,phases      ] GC(77)     Total                          Min: 0, Avg:  0.0, Max: 0, Diff: 0, Sum: 0, Workers: 4
[5302.897s][debug][gc,phases      ] GC(77)   StringDedup Requests0 Weak     Min:  0.0, Avg:  0.0, Max:  0.0, Diff:  0.0, Sum:  0.0, Workers: 4
[5302.897s][debug][gc,phases      ] GC(77)     Dead                           Min: 0, Avg:  0.0, Max: 0, Diff: 0, Sum: 0, Workers: 4
[5302.897s][debug][gc,phases      ] GC(77)     Total                          Min: 0, Avg:  0.0, Max: 0, Diff: 0, Sum: 0, Workers: 4
[5302.897s][debug][gc,phases      ] GC(77)   StringDedup Requests1 Weak     Min:  0.0, Avg:  0.0, Max:  0.0, Diff:  0.0, Sum:  0.0, Workers: 4
[5302.897s][debug][gc,phases      ] GC(77)     Dead                           Min: 0, Avg:  0.0, Max: 0, Diff: 0, Sum: 0, Workers: 4
[5302.897s][debug][gc,phases      ] GC(77)     Total                          Min: 0, Avg:  0.0, Max: 0, Diff: 0, Sum: 0, Workers: 4
[5302.897s][debug][gc,phases      ] GC(77)   Weak JFR Old Object Samples    Min:  0.0, Avg:  0.0, Max:  0.0, Diff:  0.0, Sum:  0.0, Workers: 4
[5302.897s][debug][gc,phases      ] GC(77)     Dead                           Min: 0, Avg:  0.0, Max: 0, Diff: 0, Sum: 0, Workers: 4
[5302.897s][debug][gc,phases      ] GC(77)     Total                          Min: 0, Avg:  0.0, Max: 0, Diff: 0, Sum: 0, Workers: 4
[5302.897s][debug][gc,phases      ] GC(77) Weak Processing 0.430ms
[5302.897s][debug][gc,age         ] GC(77) Desired survivor size 8388608 bytes, new threshold 1 (max threshold 15)
[5302.897s][info ][gc,heap        ] GC(77) PSYoungGen: 2081760K(2088448K)->2752K(2087936K) Eden: 2079232K(2079232K)->0K(2079232K) From: 2528K(9216K)->2752K(8704K)
[5302.897s][info ][gc,heap        ] GC(77) ParOldGen: 266816K(267264K)->267216K(267264K)
[5302.897s][info ][gc,metaspace   ] GC(77) Metaspace: 103082K(104320K)->103082K(104320K) NonClass: 87705K(88384K)->87705K(88384K) Class: 15376K(15936K)->15376K(15936K)
[5302.897s][info ][gc             ] GC(77) Pause Young (Allocation Failure) 2293M->263M(2300M) 3.447ms
[5302.897s][info ][gc,cpu         ] GC(77) User=0.02s Sys=0.00s Real=0.00s
[5302.897s][info ][safepoint      ] Safepoint "ParallelGCFailedAllocation", Time since last: 15182281816 ns, Reaching safepoint: 5900 ns, Cleanup: 4701 ns, At safepoint: 3518360 ns, Total: 3528961 ns
[5310.898s][info ][safepoint      ] Safepoint "Cleanup", Time since last: 8000601190 ns, Reaching safepoint: 5300 ns, Cleanup: 13501 ns, At safepoint: 2600 ns, Total: 21401 ns
[5320.898s][info ][safepoint      ] Safepoint "Cleanup", Time since last: 10000816886 ns, Reaching safepoint: 7001 ns, Cleanup: 11300 ns, At safepoint: 31103 ns, Total: 49404 ns
[5334.900s][info ][safepoint      ] Safepoint "Cleanup", Time since last: 14001179390 ns, Reaching safepoint: 7301 ns, Cleanup: 12201 ns, At safepoint: 2800 ns, Total: 22302 ns
[5390.776s][info ][gc,start       ] GC(78) Pause Young (Allocation Failure)
[5390.779s][debug][gc,phases      ] GC(78) Scavenge 3.486ms
[5390.780s][debug][gc,ref         ] GC(78) ReferenceProcessor::execute queues: 1, RefProcThreadModel::Single, marks_oops_alive: false
[5390.780s][debug][gc,ref         ] GC(78) Skipped KeepAliveFinalRefsPhase of Reference Processing: no references
[5390.780s][debug][gc,ref         ] GC(78) ReferenceProcessor::execute queues: 1, RefProcThreadModel::Single, marks_oops_alive: false
[5390.780s][debug][gc,phases      ] GC(78) Reference Processing 0.122ms
[5390.780s][debug][gc,phases      ] GC(78)   VM Weak                        Min:  0.0, Avg:  0.0, Max:  0.0, Diff:  0.0, Sum:  0.0, Workers: 4
[5390.780s][debug][gc,phases      ] GC(78)     Dead                           Min: 0, Avg:  0.0, Max: 0, Diff: 0, Sum: 0, Workers: 4
[5390.780s][debug][gc,phases      ] GC(78)     Total                          Min: 0, Avg: 240.8, Max: 963, Diff: 963, Sum: 963, Workers: 4
[5390.780s][debug][gc,phases      ] GC(78)   ObjectSynchronizer Weak        Min:  0.0, Avg:  0.0, Max:  0.0, Diff:  0.0, Sum:  0.0, Workers: 4
[5390.780s][debug][gc,phases      ] GC(78)     Dead                           Min: 0, Avg:  0.0, Max: 0, Diff: 0, Sum: 0, Workers: 4
[5390.780s][debug][gc,phases      ] GC(78)     Total                          Min: 0, Avg:  1.0, Max: 4, Diff: 4, Sum: 4, Workers: 4
[5390.780s][debug][gc,phases      ] GC(78)   JVMTI Tag Weak OopStorage      Min:  0.0, Avg:  0.0, Max:  0.0, Diff:  0.0, Sum:  0.0, Workers: 4
[5390.780s][debug][gc,phases      ] GC(78)     Dead                           Min: 0, Avg:  0.0, Max: 0, Diff: 0, Sum: 0, Workers: 4
[5390.780s][debug][gc,phases      ] GC(78)     Total                          Min: 0, Avg:  0.0, Max: 0, Diff: 0, Sum: 0, Workers: 4
[5390.780s][debug][gc,phases      ] GC(78)   StringTable Weak               Min:  0.0, Avg:  0.1, Max:  0.1, Diff:  0.1, Sum:  0.4, Workers: 4
[5390.780s][debug][gc,phases      ] GC(78)     Dead                           Min: 0, Avg:  0.0, Max: 0, Diff: 0, Sum: 0, Workers: 4
[5390.780s][debug][gc,phases      ] GC(78)     Total                          Min: 0, Avg: 11237.8, Max: 15552, Diff: 15552, Sum: 44951, Workers: 4
[5390.780s][debug][gc,phases      ] GC(78)   ResolvedMethodTable Weak       Min:  0.0, Avg:  0.0, Max:  0.0, Diff:  0.0, Sum:  0.1, Workers: 4
[5390.780s][debug][gc,phases      ] GC(78)     Dead                           Min: 0, Avg:  4.0, Max: 16, Diff: 16, Sum: 16, Workers: 4
[5390.780s][debug][gc,phases      ] GC(78)     Total                          Min: 0, Avg: 3570.2, Max: 5056, Diff: 5056, Sum: 14281, Workers: 4
[5390.780s][debug][gc,phases      ] GC(78)   JNI Weak                       Min:  0.0, Avg:  0.0, Max:  0.0, Diff:  0.0, Sum:  0.0, Workers: 4
[5390.780s][debug][gc,phases      ] GC(78)     Dead                           Min: 0, Avg:  0.0, Max: 0, Diff: 0, Sum: 0, Workers: 4
[5390.780s][debug][gc,phases      ] GC(78)     Total                          Min: 0, Avg: 13.0, Max: 52, Diff: 52, Sum: 52, Workers: 4
[5390.780s][debug][gc,phases      ] GC(78)   StringDedup Table Weak         Min:  0.0, Avg:  0.0, Max:  0.0, Diff:  0.0, Sum:  0.0, Workers: 4
[5390.780s][debug][gc,phases      ] GC(78)     Dead                           Min: 0, Avg:  0.0, Max: 0, Diff: 0, Sum: 0, Workers: 4
[5390.780s][debug][gc,phases      ] GC(78)     Total                          Min: 0, Avg:  0.0, Max: 0, Diff: 0, Sum: 0, Workers: 4
[5390.780s][debug][gc,phases      ] GC(78)   StringDedup Requests0 Weak     Min:  0.0, Avg:  0.0, Max:  0.0, Diff:  0.0, Sum:  0.0, Workers: 4
[5390.780s][debug][gc,phases      ] GC(78)     Dead                           Min: 0, Avg:  0.0, Max: 0, Diff: 0, Sum: 0, Workers: 4
[5390.780s][debug][gc,phases      ] GC(78)     Total                          Min: 0, Avg:  0.0, Max: 0, Diff: 0, Sum: 0, Workers: 4
[5390.780s][debug][gc,phases      ] GC(78)   StringDedup Requests1 Weak     Min:  0.0, Avg:  0.0, Max:  0.0, Diff:  0.0, Sum:  0.0, Workers: 4
[5390.780s][debug][gc,phases      ] GC(78)     Dead                           Min: 0, Avg:  0.0, Max: 0, Diff: 0, Sum: 0, Workers: 4
[5390.780s][debug][gc,phases      ] GC(78)     Total                          Min: 0, Avg:  0.0, Max: 0, Diff: 0, Sum: 0, Workers: 4
[5390.780s][debug][gc,phases      ] GC(78)   Weak JFR Old Object Samples    Min:  0.0, Avg:  0.0, Max:  0.0, Diff:  0.0, Sum:  0.0, Workers: 4
[5390.780s][debug][gc,phases      ] GC(78)     Dead                           Min: 0, Avg:  0.0, Max: 0, Diff: 0, Sum: 0, Workers: 4
[5390.780s][debug][gc,phases      ] GC(78)     Total                          Min: 0, Avg:  0.0, Max: 0, Diff: 0, Sum: 0, Workers: 4
[5390.780s][debug][gc,phases      ] GC(78) Weak Processing 0.480ms
[5390.780s][debug][gc,age         ] GC(78) Desired survivor size 8388608 bytes, new threshold 1 (max threshold 15)
[5390.780s][info ][gc,heap        ] GC(78) PSYoungGen: 2081984K(2087936K)->3584K(2088960K) Eden: 2079232K(2079232K)->0K(2080768K) From: 2752K(8704K)->3584K(8192K)
[5390.780s][info ][gc,heap        ] GC(78) ParOldGen: 267216K(267264K)->267696K(267776K)
[5390.780s][info ][gc,metaspace   ] GC(78) Metaspace: 103090K(104320K)->103090K(104320K) NonClass: 87713K(88384K)->87713K(88384K) Class: 15376K(15936K)->15376K(15936K)
[5390.780s][info ][gc             ] GC(78) Pause Young (Allocation Failure) 2294M->264M(2301M) 4.243ms
[5390.780s][info ][gc,cpu         ] GC(78) User=0.01s Sys=0.00s Real=0.01s
[5390.780s][info ][safepoint      ] Safepoint "ParallelGCFailedAllocation", Time since last: 55876156697 ns, Reaching safepoint: 6401 ns, Cleanup: 4600 ns, At safepoint: 4324600 ns, Total: 4335601 ns
[5406.747s][info ][safepoint      ] Safepoint "Cleanup", Time since last: 15966757729 ns, Reaching safepoint: 6200 ns, Cleanup: 10601 ns, At safepoint: 2900 ns, Total: 19701 ns
[5414.748s][info ][safepoint      ] Safepoint "Cleanup", Time since last: 8000684682 ns, Reaching safepoint: 8600 ns, Cleanup: 10801 ns, At safepoint: 2800 ns, Total: 22201 ns
[5422.748s][info ][safepoint      ] Safepoint "Cleanup", Time since last: 8000636832 ns, Reaching safepoint: 8201 ns, Cleanup: 12100 ns, At safepoint: 21902 ns, Total: 42203 ns
[5423.748s][info ][safepoint      ] Safepoint "Cleanup", Time since last: 1000114438 ns, Reaching safepoint: 9300 ns, Cleanup: 21702 ns, At safepoint: 2900 ns, Total: 33902 ns
[5427.749s][info ][safepoint      ] Safepoint "Cleanup", Time since last: 4001019143 ns, Reaching safepoint: 8801 ns, Cleanup: 14301 ns, At safepoint: 3200 ns, Total: 26302 ns
[5428.750s][info ][safepoint      ] Safepoint "Cleanup", Time since last: 1000119218 ns, Reaching safepoint: 9401 ns, Cleanup: 14601 ns, At safepoint: 3200 ns, Total: 27202 ns
[5478.145s][info ][gc,start       ] GC(79) Pause Young (Allocation Failure)
[5478.148s][debug][gc,phases      ] GC(79) Scavenge 2.642ms
[5478.148s][debug][gc,ref         ] GC(79) ReferenceProcessor::execute queues: 1, RefProcThreadModel::Single, marks_oops_alive: false
[5478.148s][debug][gc,ref         ] GC(79) Skipped KeepAliveFinalRefsPhase of Reference Processing: no references
[5478.148s][debug][gc,ref         ] GC(79) ReferenceProcessor::execute queues: 1, RefProcThreadModel::Single, marks_oops_alive: false
[5478.148s][debug][gc,phases      ] GC(79) Reference Processing 0.150ms
[5478.148s][debug][gc,phases      ] GC(79)   VM Weak                        Min:  0.0, Avg:  0.0, Max:  0.0, Diff:  0.0, Sum:  0.0, Workers: 4
[5478.148s][debug][gc,phases      ] GC(79)     Dead                           Min: 0, Avg:  0.0, Max: 0, Diff: 0, Sum: 0, Workers: 4
[5478.148s][debug][gc,phases      ] GC(79)     Total                          Min: 0, Avg: 240.8, Max: 515, Diff: 515, Sum: 963, Workers: 4
[5478.148s][debug][gc,phases      ] GC(79)   ObjectSynchronizer Weak        Min:  0.0, Avg:  0.0, Max:  0.0, Diff:  0.0, Sum:  0.0, Workers: 4
[5478.148s][debug][gc,phases      ] GC(79)     Dead                           Min: 0, Avg:  0.0, Max: 0, Diff: 0, Sum: 0, Workers: 4
[5478.148s][debug][gc,phases      ] GC(79)     Total                          Min: 0, Avg:  1.0, Max: 4, Diff: 4, Sum: 4, Workers: 4
[5478.148s][debug][gc,phases      ] GC(79)   JVMTI Tag Weak OopStorage      Min:  0.0, Avg:  0.0, Max:  0.0, Diff:  0.0, Sum:  0.0, Workers: 4
[5478.148s][debug][gc,phases      ] GC(79)     Dead                           Min: 0, Avg:  0.0, Max: 0, Diff: 0, Sum: 0, Workers: 4
[5478.148s][debug][gc,phases      ] GC(79)     Total                          Min: 0, Avg:  0.0, Max: 0, Diff: 0, Sum: 0, Workers: 4
[5478.148s][debug][gc,phases      ] GC(79)   StringTable Weak               Min:  0.0, Avg:  0.1, Max:  0.2, Diff:  0.2, Sum:  0.4, Workers: 4
[5478.148s][debug][gc,phases      ] GC(79)     Dead                           Min: 0, Avg:  0.0, Max: 0, Diff: 0, Sum: 0, Workers: 4
[5478.148s][debug][gc,phases      ] GC(79)     Total                          Min: 0, Avg: 11238.8, Max: 23643, Diff: 23643, Sum: 44955, Workers: 4
[5478.148s][debug][gc,phases      ] GC(79)   ResolvedMethodTable Weak       Min:  0.0, Avg:  0.0, Max:  0.1, Diff:  0.1, Sum:  0.2, Workers: 4
[5478.148s][debug][gc,phases      ] GC(79)     Dead                           Min: 0, Avg:  6.0, Max: 21, Diff: 21, Sum: 24, Workers: 4
[5478.148s][debug][gc,phases      ] GC(79)     Total                          Min: 0, Avg: 3570.2, Max: 7844, Diff: 7844, Sum: 14281, Workers: 4
[5478.148s][debug][gc,phases      ] GC(79)   JNI Weak                       Min:  0.0, Avg:  0.0, Max:  0.0, Diff:  0.0, Sum:  0.0, Workers: 4
[5478.148s][debug][gc,phases      ] GC(79)     Dead                           Min: 0, Avg:  0.0, Max: 0, Diff: 0, Sum: 0, Workers: 4
[5478.148s][debug][gc,phases      ] GC(79)     Total                          Min: 0, Avg: 13.0, Max: 52, Diff: 52, Sum: 52, Workers: 4
[5478.148s][debug][gc,phases      ] GC(79)   StringDedup Table Weak         Min:  0.0, Avg:  0.0, Max:  0.0, Diff:  0.0, Sum:  0.0, Workers: 4
[5478.148s][debug][gc,phases      ] GC(79)     Dead                           Min: 0, Avg:  0.0, Max: 0, Diff: 0, Sum: 0, Workers: 4
[5478.148s][debug][gc,phases      ] GC(79)     Total                          Min: 0, Avg:  0.0, Max: 0, Diff: 0, Sum: 0, Workers: 4
[5478.148s][debug][gc,phases      ] GC(79)   StringDedup Requests0 Weak     Min:  0.0, Avg:  0.0, Max:  0.0, Diff:  0.0, Sum:  0.0, Workers: 4
[5478.148s][debug][gc,phases      ] GC(79)     Dead                           Min: 0, Avg:  0.0, Max: 0, Diff: 0, Sum: 0, Workers: 4
[5478.148s][debug][gc,phases      ] GC(79)     Total                          Min: 0, Avg:  0.0, Max: 0, Diff: 0, Sum: 0, Workers: 4
[5478.148s][debug][gc,phases      ] GC(79)   StringDedup Requests1 Weak     Min:  0.0, Avg:  0.0, Max:  0.0, Diff:  0.0, Sum:  0.0, Workers: 4
[5478.148s][debug][gc,phases      ] GC(79)     Dead                           Min: 0, Avg:  0.0, Max: 0, Diff: 0, Sum: 0, Workers: 4
[5478.148s][debug][gc,phases      ] GC(79)     Total                          Min: 0, Avg:  0.0, Max: 0, Diff: 0, Sum: 0, Workers: 4
[5478.148s][debug][gc,phases      ] GC(79)   Weak JFR Old Object Samples    Min:  0.0, Avg:  0.0, Max:  0.0, Diff:  0.0, Sum:  0.0, Workers: 4
[5478.148s][debug][gc,phases      ] GC(79)     Dead                           Min: 0, Avg:  0.0, Max: 0, Diff: 0, Sum: 0, Workers: 4
[5478.148s][debug][gc,phases      ] GC(79)     Total                          Min: 0, Avg:  0.0, Max: 0, Diff: 0, Sum: 0, Workers: 4
[5478.148s][debug][gc,phases      ] GC(79) Weak Processing 0.582ms
[5478.148s][debug][gc,age         ] GC(79) Desired survivor size 7864320 bytes, new threshold 1 (max threshold 15)
[5478.148s][info ][gc,heap        ] GC(79) PSYoungGen: 2084352K(2088960K)->2896K(2088960K) Eden: 2080768K(2080768K)->0K(2080768K) From: 3584K(8192K)->2896K(8192K)
[5478.148s][info ][gc,heap        ] GC(79) ParOldGen: 267696K(267776K)->268661K(268800K)
[5478.148s][info ][gc,metaspace   ] GC(79) Metaspace: 103122K(104384K)->103122K(104384K) NonClass: 87745K(88448K)->87745K(88448K) Class: 15376K(15936K)->15376K(15936K)
[5478.148s][info ][gc             ] GC(79) Pause Young (Allocation Failure) 2296M->265M(2302M) 3.536ms
[5478.148s][info ][gc,cpu         ] GC(79) User=0.01s Sys=0.00s Real=0.01s
[5478.148s][info ][safepoint      ] Safepoint "ParallelGCFailedAllocation", Time since last: 49395173699 ns, Reaching safepoint: 6001 ns, Cleanup: 4400 ns, At safepoint: 3615131 ns, Total: 3625532 ns
[5481.149s][info ][safepoint      ] Safepoint "Cleanup", Time since last: 3000264877 ns, Reaching safepoint: 9201 ns, Cleanup: 12301 ns, At safepoint: 2700 ns, Total: 24202 ns
[5549.786s][info ][safepoint      ] Safepoint "Cleanup", Time since last: 68637109432 ns, Reaching safepoint: 5200 ns, Cleanup: 14401 ns, At safepoint: 2100 ns, Total: 21701 ns
[5550.786s][info ][safepoint      ] Safepoint "Cleanup", Time since last: 1000118091 ns, Reaching safepoint: 4900 ns, Cleanup: 9901 ns, At safepoint: 2700 ns, Total: 17501 ns
[5561.787s][info ][safepoint      ] Safepoint "Cleanup", Time since last: 11000963038 ns, Reaching safepoint: 4900 ns, Cleanup: 10701 ns, At safepoint: 2000 ns, Total: 17601 ns
[5563.787s][info ][safepoint      ] Safepoint "Cleanup", Time since last: 2000220477 ns, Reaching safepoint: 5301 ns, Cleanup: 14701 ns, At safepoint: 2200 ns, Total: 22202 ns
[5565.787s][info ][safepoint      ] Safepoint "Cleanup", Time since last: 2000182275 ns, Reaching safepoint: 5300 ns, Cleanup: 12101 ns, At safepoint: 2100 ns, Total: 19501 ns
[5565.993s][info ][gc,start       ] GC(80) Pause Young (Allocation Failure)
[5565.996s][debug][gc,phases      ] GC(80) Scavenge 2.591ms
[5565.996s][debug][gc,ref         ] GC(80) ReferenceProcessor::execute queues: 1, RefProcThreadModel::Single, marks_oops_alive: false
[5565.996s][debug][gc,ref         ] GC(80) Skipped KeepAliveFinalRefsPhase of Reference Processing: no references
[5565.996s][debug][gc,ref         ] GC(80) Skipped PhantomRefsPhase of Reference Processing: no references
[5565.996s][debug][gc,phases      ] GC(80) Reference Processing 0.114ms
[5565.996s][debug][gc,phases      ] GC(80)   VM Weak                        Min:  0.0, Avg:  0.0, Max:  0.0, Diff:  0.0, Sum:  0.0, Workers: 4
[5565.996s][debug][gc,phases      ] GC(80)     Dead                           Min: 0, Avg:  0.0, Max: 0, Diff: 0, Sum: 0, Workers: 4
[5565.996s][debug][gc,phases      ] GC(80)     Total                          Min: 0, Avg: 240.8, Max: 963, Diff: 963, Sum: 963, Workers: 4
[5565.996s][debug][gc,phases      ] GC(80)   ObjectSynchronizer Weak        Min:  0.0, Avg:  0.0, Max:  0.0, Diff:  0.0, Sum:  0.0, Workers: 4
[5565.996s][debug][gc,phases      ] GC(80)     Dead                           Min: 0, Avg:  0.0, Max: 0, Diff: 0, Sum: 0, Workers: 4
[5565.996s][debug][gc,phases      ] GC(80)     Total                          Min: 0, Avg:  1.0, Max: 4, Diff: 4, Sum: 4, Workers: 4
[5565.996s][debug][gc,phases      ] GC(80)   JVMTI Tag Weak OopStorage      Min:  0.0, Avg:  0.0, Max:  0.0, Diff:  0.0, Sum:  0.0, Workers: 4
[5565.996s][debug][gc,phases      ] GC(80)     Dead                           Min: 0, Avg:  0.0, Max: 0, Diff: 0, Sum: 0, Workers: 4
[5565.996s][debug][gc,phases      ] GC(80)     Total                          Min: 0, Avg:  0.0, Max: 0, Diff: 0, Sum: 0, Workers: 4
[5565.996s][debug][gc,phases      ] GC(80)   StringTable Weak               Min:  0.0, Avg:  0.1, Max:  0.1, Diff:  0.1, Sum:  0.4, Workers: 4
[5565.996s][debug][gc,phases      ] GC(80)     Dead                           Min: 0, Avg:  0.0, Max: 0, Diff: 0, Sum: 0, Workers: 4
[5565.996s][debug][gc,phases      ] GC(80)     Total                          Min: 0, Avg: 11238.8, Max: 16091, Diff: 16091, Sum: 44955, Workers: 4
[5565.996s][debug][gc,phases      ] GC(80)   ResolvedMethodTable Weak       Min:  0.0, Avg:  0.0, Max:  0.0, Diff:  0.0, Sum:  0.1, Workers: 4
[5565.996s][debug][gc,phases      ] GC(80)     Dead                           Min: 0, Avg:  4.0, Max: 11, Diff: 11, Sum: 16, Workers: 4
[5565.996s][debug][gc,phases      ] GC(80)     Total                          Min: 0, Avg: 3570.2, Max: 5248, Diff: 5248, Sum: 14281, Workers: 4
[5565.996s][debug][gc,phases      ] GC(80)   JNI Weak                       Min:  0.0, Avg:  0.0, Max:  0.0, Diff:  0.0, Sum:  0.0, Workers: 4
[5565.996s][debug][gc,phases      ] GC(80)     Dead                           Min: 0, Avg:  0.0, Max: 0, Diff: 0, Sum: 0, Workers: 4
[5565.996s][debug][gc,phases      ] GC(80)     Total                          Min: 0, Avg: 13.0, Max: 52, Diff: 52, Sum: 52, Workers: 4
[5565.996s][debug][gc,phases      ] GC(80)   StringDedup Table Weak         Min:  0.0, Avg:  0.0, Max:  0.0, Diff:  0.0, Sum:  0.0, Workers: 4
[5565.996s][debug][gc,phases      ] GC(80)     Dead                           Min: 0, Avg:  0.0, Max: 0, Diff: 0, Sum: 0, Workers: 4
[5565.996s][debug][gc,phases      ] GC(80)     Total                          Min: 0, Avg:  0.0, Max: 0, Diff: 0, Sum: 0, Workers: 4
[5565.996s][debug][gc,phases      ] GC(80)   StringDedup Requests0 Weak     Min:  0.0, Avg:  0.0, Max:  0.0, Diff:  0.0, Sum:  0.0, Workers: 4
[5565.996s][debug][gc,phases      ] GC(80)     Dead                           Min: 0, Avg:  0.0, Max: 0, Diff: 0, Sum: 0, Workers: 4
[5565.996s][debug][gc,phases      ] GC(80)     Total                          Min: 0, Avg:  0.0, Max: 0, Diff: 0, Sum: 0, Workers: 4
[5565.996s][debug][gc,phases      ] GC(80)   StringDedup Requests1 Weak     Min:  0.0, Avg:  0.0, Max:  0.0, Diff:  0.0, Sum:  0.0, Workers: 4
[5565.996s][debug][gc,phases      ] GC(80)     Dead                           Min: 0, Avg:  0.0, Max: 0, Diff: 0, Sum: 0, Workers: 4
[5565.996s][debug][gc,phases      ] GC(80)     Total                          Min: 0, Avg:  0.0, Max: 0, Diff: 0, Sum: 0, Workers: 4
[5565.996s][debug][gc,phases      ] GC(80)   Weak JFR Old Object Samples    Min:  0.0, Avg:  0.0, Max:  0.0, Diff:  0.0, Sum:  0.0, Workers: 4
[5565.996s][debug][gc,phases      ] GC(80)     Dead                           Min: 0, Avg:  0.0, Max: 0, Diff: 0, Sum: 0, Workers: 4
[5565.996s][debug][gc,phases      ] GC(80)     Total                          Min: 0, Avg:  0.0, Max: 0, Diff: 0, Sum: 0, Workers: 4
[5565.996s][debug][gc,phases      ] GC(80) Weak Processing 0.421ms
[5565.996s][debug][gc,age         ] GC(80) Desired survivor size 7340032 bytes, new threshold 1 (max threshold 15)
[5565.996s][info ][gc,heap        ] GC(80) PSYoungGen: 2083664K(2088960K)->3200K(2089984K) Eden: 2080768K(2080768K)->0K(2082304K) From: 2896K(8192K)->3200K(7680K)
[5565.996s][info ][gc,heap        ] GC(80) ParOldGen: 268661K(268800K)->269069K(269312K)
[5565.996s][info ][gc,metaspace   ] GC(80) Metaspace: 103123K(104384K)->103123K(104384K) NonClass: 87746K(88448K)->87746K(88448K) Class: 15376K(15936K)->15376K(15936K)
[5565.996s][info ][gc             ] GC(80) Pause Young (Allocation Failure) 2297M->265M(2304M) 3.248ms
[5565.996s][info ][gc,cpu         ] GC(80) User=0.01s Sys=0.00s Real=0.00s
[5565.996s][info ][safepoint      ] Safepoint "ParallelGCFailedAllocation", Time since last: 205523625 ns, Reaching safepoint: 81006 ns, Cleanup: 4300 ns, At safepoint: 3325222 ns, Total: 3410528 ns
[5584.804s][info ][safepoint      ] Safepoint "Cleanup", Time since last: 18807241764 ns, Reaching safepoint: 4801 ns, Cleanup: 9600 ns, At safepoint: 2000 ns, Total: 16401 ns
[5587.804s][info ][safepoint      ] Safepoint "Cleanup", Time since last: 3000258013 ns, Reaching safepoint: 4800 ns, Cleanup: 9901 ns, At safepoint: 2800 ns, Total: 17501 ns
[5589.804s][info ][safepoint      ] Safepoint "Cleanup", Time since last: 2000208244 ns, Reaching safepoint: 5200 ns, Cleanup: 10401 ns, At safepoint: 2300 ns, Total: 17901 ns
[5592.804s][info ][safepoint      ] Safepoint "Cleanup", Time since last: 3000342441 ns, Reaching safepoint: 6001 ns, Cleanup: 9700 ns, At safepoint: 2600 ns, Total: 18301 ns
[5631.808s][info ][safepoint      ] Safepoint "Cleanup", Time since last: 39003452812 ns, Reaching safepoint: 5801 ns, Cleanup: 10800 ns, At safepoint: 31003 ns, Total: 47604 ns
[5650.824s][info ][safepoint      ] Safepoint "Cleanup", Time since last: 19016201966 ns, Reaching safepoint: 7801 ns, Cleanup: 12201 ns, At safepoint: 2800 ns, Total: 22802 ns
[5653.923s][info ][gc,start       ] GC(81) Pause Young (Allocation Failure)
[5653.934s][debug][gc,phases      ] GC(81) Scavenge 10.662ms
[5653.934s][debug][gc,ref         ] GC(81) ReferenceProcessor::execute queues: 1, RefProcThreadModel::Single, marks_oops_alive: false
[5653.934s][debug][gc,ref         ] GC(81) Skipped KeepAliveFinalRefsPhase of Reference Processing: no references
[5653.934s][debug][gc,ref         ] GC(81) Skipped PhantomRefsPhase of Reference Processing: no references
[5653.934s][debug][gc,phases      ] GC(81) Reference Processing 0.130ms
[5653.934s][debug][gc,phases      ] GC(81)   VM Weak                        Min:  0.0, Avg:  0.0, Max:  0.0, Diff:  0.0, Sum:  0.0, Workers: 4
[5653.934s][debug][gc,phases      ] GC(81)     Dead                           Min: 0, Avg:  0.0, Max: 0, Diff: 0, Sum: 0, Workers: 4
[5653.934s][debug][gc,phases      ] GC(81)     Total                          Min: 0, Avg: 240.8, Max: 963, Diff: 963, Sum: 963, Workers: 4
[5653.934s][debug][gc,phases      ] GC(81)   ObjectSynchronizer Weak        Min:  0.0, Avg:  0.0, Max:  0.0, Diff:  0.0, Sum:  0.0, Workers: 4
[5653.934s][debug][gc,phases      ] GC(81)     Dead                           Min: 0, Avg:  0.0, Max: 0, Diff: 0, Sum: 0, Workers: 4
[5653.934s][debug][gc,phases      ] GC(81)     Total                          Min: 0, Avg:  1.0, Max: 4, Diff: 4, Sum: 4, Workers: 4
[5653.934s][debug][gc,phases      ] GC(81)   JVMTI Tag Weak OopStorage      Min:  0.0, Avg:  0.0, Max:  0.0, Diff:  0.0, Sum:  0.0, Workers: 4
[5653.934s][debug][gc,phases      ] GC(81)     Dead                           Min: 0, Avg:  0.0, Max: 0, Diff: 0, Sum: 0, Workers: 4
[5653.934s][debug][gc,phases      ] GC(81)     Total                          Min: 0, Avg:  0.0, Max: 0, Diff: 0, Sum: 0, Workers: 4
[5653.934s][debug][gc,phases      ] GC(81)   StringTable Weak               Min:  0.0, Avg:  0.1, Max:  0.4, Diff:  0.4, Sum:  0.4, Workers: 4
[5653.934s][debug][gc,phases      ] GC(81)     Dead                           Min: 0, Avg:  0.0, Max: 0, Diff: 0, Sum: 0, Workers: 4
[5653.934s][debug][gc,phases      ] GC(81)     Total                          Min: 0, Avg: 11239.2, Max: 44957, Diff: 44957, Sum: 44957, Workers: 4
[5653.934s][debug][gc,phases      ] GC(81)   ResolvedMethodTable Weak       Min:  0.0, Avg:  0.0, Max:  0.1, Diff:  0.1, Sum:  0.1, Workers: 4
[5653.934s][debug][gc,phases      ] GC(81)     Dead                           Min: 0, Avg:  4.0, Max: 16, Diff: 16, Sum: 16, Workers: 4
[5653.934s][debug][gc,phases      ] GC(81)     Total                          Min: 0, Avg: 3570.2, Max: 14281, Diff: 14281, Sum: 14281, Workers: 4
[5653.934s][debug][gc,phases      ] GC(81)   JNI Weak                       Min:  0.0, Avg:  0.0, Max:  0.0, Diff:  0.0, Sum:  0.0, Workers: 4
[5653.934s][debug][gc,phases      ] GC(81)     Dead                           Min: 0, Avg:  0.0, Max: 0, Diff: 0, Sum: 0, Workers: 4
[5653.934s][debug][gc,phases      ] GC(81)     Total                          Min: 0, Avg: 13.2, Max: 53, Diff: 53, Sum: 53, Workers: 4
[5653.935s][debug][gc,phases      ] GC(81)   StringDedup Table Weak         Min:  0.0, Avg:  0.0, Max:  0.0, Diff:  0.0, Sum:  0.0, Workers: 4
[5653.935s][debug][gc,phases      ] GC(81)     Dead                           Min: 0, Avg:  0.0, Max: 0, Diff: 0, Sum: 0, Workers: 4
[5653.935s][debug][gc,phases      ] GC(81)     Total                          Min: 0, Avg:  0.0, Max: 0, Diff: 0, Sum: 0, Workers: 4
[5653.935s][debug][gc,phases      ] GC(81)   StringDedup Requests0 Weak     Min:  0.0, Avg:  0.0, Max:  0.0, Diff:  0.0, Sum:  0.0, Workers: 4
[5653.935s][debug][gc,phases      ] GC(81)     Dead                           Min: 0, Avg:  0.0, Max: 0, Diff: 0, Sum: 0, Workers: 4
[5653.935s][debug][gc,phases      ] GC(81)     Total                          Min: 0, Avg:  0.0, Max: 0, Diff: 0, Sum: 0, Workers: 4
[5653.935s][debug][gc,phases      ] GC(81)   StringDedup Requests1 Weak     Min:  0.0, Avg:  0.0, Max:  0.0, Diff:  0.0, Sum:  0.0, Workers: 4
[5653.935s][debug][gc,phases      ] GC(81)     Dead                           Min: 0, Avg:  0.0, Max: 0, Diff: 0, Sum: 0, Workers: 4
[5653.935s][debug][gc,phases      ] GC(81)     Total                          Min: 0, Avg:  0.0, Max: 0, Diff: 0, Sum: 0, Workers: 4
[5653.935s][debug][gc,phases      ] GC(81)   Weak JFR Old Object Samples    Min:  0.0, Avg:  0.0, Max:  0.0, Diff:  0.0, Sum:  0.0, Workers: 4
[5653.935s][debug][gc,phases      ] GC(81)     Dead                           Min: 0, Avg:  0.0, Max: 0, Diff: 0, Sum: 0, Workers: 4
[5653.935s][debug][gc,phases      ] GC(81)     Total                          Min: 0, Avg:  0.0, Max: 0, Diff: 0, Sum: 0, Workers: 4
[5653.935s][debug][gc,phases      ] GC(81) Weak Processing 0.801ms
[5653.935s][debug][gc,age         ] GC(81) Desired survivor size 6815744 bytes, new threshold 1 (max threshold 15)
[5653.935s][info ][gc,heap        ] GC(81) PSYoungGen: 2085504K(2089984K)->3200K(2089472K) Eden: 2082304K(2082304K)->0K(2082304K) From: 3200K(7680K)->3200K(7168K)
[5653.935s][info ][gc,heap        ] GC(81) ParOldGen: 269069K(269312K)->269361K(269824K)
[5653.935s][info ][gc,metaspace   ] GC(81) Metaspace: 103127K(104384K)->103127K(104384K) NonClass: 87750K(88448K)->87750K(88448K) Class: 15376K(15936K)->15376K(15936K)
[5653.935s][info ][gc             ] GC(81) Pause Young (Allocation Failure) 2299M->266M(2304M) 11.728ms
[5653.935s][info ][gc,cpu         ] GC(81) User=0.01s Sys=0.00s Real=0.01s
[5653.935s][info ][safepoint      ] Safepoint "ParallelGCFailedAllocation", Time since last: 3098719302 ns, Reaching safepoint: 6000 ns, Cleanup: 3001 ns, At safepoint: 11805572 ns, Total: 11814573 ns
[5701.843s][info ][safepoint      ] Safepoint "Cleanup", Time since last: 47908572440 ns, Reaching safepoint: 85405 ns, Cleanup: 10901 ns, At safepoint: 10601 ns, Total: 106907 ns
[5711.845s][info ][safepoint      ] Safepoint "Cleanup", Time since last: 10001080111 ns, Reaching safepoint: 114807 ns, Cleanup: 21401 ns, At safepoint: 10901 ns, Total: 147109 ns
[5738.847s][info ][safepoint      ] Safepoint "Cleanup", Time since last: 27002417363 ns, Reaching safepoint: 5400 ns, Cleanup: 12401 ns, At safepoint: 2300 ns, Total: 20101 ns
[5740.847s][info ][safepoint      ] Safepoint "Cleanup", Time since last: 2000247568 ns, Reaching safepoint: 6601 ns, Cleanup: 10301 ns, At safepoint: 2500 ns, Total: 19402 ns
[5743.848s][info ][safepoint      ] Safepoint "Cleanup", Time since last: 3000313548 ns, Reaching safepoint: 6101 ns, Cleanup: 10800 ns, At safepoint: 2001 ns, Total: 18902 ns
[5745.401s][info ][gc,start       ] GC(82) Pause Young (Allocation Failure)
[5745.403s][debug][gc,phases      ] GC(82) Scavenge 2.571ms
[5745.404s][debug][gc,ref         ] GC(82) ReferenceProcessor::execute queues: 1, RefProcThreadModel::Single, marks_oops_alive: false
[5745.404s][debug][gc,ref         ] GC(82) Skipped KeepAliveFinalRefsPhase of Reference Processing: no references
[5745.404s][debug][gc,ref         ] GC(82) ReferenceProcessor::execute queues: 1, RefProcThreadModel::Single, marks_oops_alive: false
[5745.404s][debug][gc,phases      ] GC(82) Reference Processing 0.114ms
[5745.404s][debug][gc,phases      ] GC(82)   VM Weak                        Min:  0.0, Avg:  0.0, Max:  0.0, Diff:  0.0, Sum:  0.0, Workers: 4
[5745.404s][debug][gc,phases      ] GC(82)     Dead                           Min: 0, Avg:  0.0, Max: 0, Diff: 0, Sum: 0, Workers: 4
[5745.404s][debug][gc,phases      ] GC(82)     Total                          Min: 0, Avg: 240.8, Max: 963, Diff: 963, Sum: 963, Workers: 4
[5745.404s][debug][gc,phases      ] GC(82)   ObjectSynchronizer Weak        Min:  0.0, Avg:  0.0, Max:  0.0, Diff:  0.0, Sum:  0.0, Workers: 4
[5745.404s][debug][gc,phases      ] GC(82)     Dead                           Min: 0, Avg:  0.0, Max: 0, Diff: 0, Sum: 0, Workers: 4
[5745.404s][debug][gc,phases      ] GC(82)     Total                          Min: 0, Avg:  1.0, Max: 4, Diff: 4, Sum: 4, Workers: 4
[5745.404s][debug][gc,phases      ] GC(82)   JVMTI Tag Weak OopStorage      Min:  0.0, Avg:  0.0, Max:  0.0, Diff:  0.0, Sum:  0.0, Workers: 4
[5745.404s][debug][gc,phases      ] GC(82)     Dead                           Min: 0, Avg:  0.0, Max: 0, Diff: 0, Sum: 0, Workers: 4
[5745.404s][debug][gc,phases      ] GC(82)     Total                          Min: 0, Avg:  0.0, Max: 0, Diff: 0, Sum: 0, Workers: 4
[5745.404s][debug][gc,phases      ] GC(82)   StringTable Weak               Min:  0.0, Avg:  0.1, Max:  0.1, Diff:  0.1, Sum:  0.4, Workers: 4
[5745.404s][debug][gc,phases      ] GC(82)     Dead                           Min: 0, Avg:  0.0, Max: 0, Diff: 0, Sum: 0, Workers: 4
[5745.404s][debug][gc,phases      ] GC(82)     Total                          Min: 0, Avg: 11239.2, Max: 16448, Diff: 16448, Sum: 44957, Workers: 4
[5745.404s][debug][gc,phases      ] GC(82)   ResolvedMethodTable Weak       Min:  0.0, Avg:  0.0, Max:  0.0, Diff:  0.0, Sum:  0.1, Workers: 4
[5745.404s][debug][gc,phases      ] GC(82)     Dead                           Min: 0, Avg:  4.0, Max: 16, Diff: 16, Sum: 16, Workers: 4
[5745.404s][debug][gc,phases      ] GC(82)     Total                          Min: 0, Avg: 3570.2, Max: 5120, Diff: 5120, Sum: 14281, Workers: 4
[5745.404s][debug][gc,phases      ] GC(82)   JNI Weak                       Min:  0.0, Avg:  0.0, Max:  0.0, Diff:  0.0, Sum:  0.0, Workers: 4
[5745.404s][debug][gc,phases      ] GC(82)     Dead                           Min: 0, Avg:  0.0, Max: 0, Diff: 0, Sum: 0, Workers: 4
[5745.404s][debug][gc,phases      ] GC(82)     Total                          Min: 0, Avg: 13.0, Max: 52, Diff: 52, Sum: 52, Workers: 4
[5745.404s][debug][gc,phases      ] GC(82)   StringDedup Table Weak         Min:  0.0, Avg:  0.0, Max:  0.0, Diff:  0.0, Sum:  0.0, Workers: 4
[5745.404s][debug][gc,phases      ] GC(82)     Dead                           Min: 0, Avg:  0.0, Max: 0, Diff: 0, Sum: 0, Workers: 4
[5745.404s][debug][gc,phases      ] GC(82)     Total                          Min: 0, Avg:  0.0, Max: 0, Diff: 0, Sum: 0, Workers: 4
[5745.404s][debug][gc,phases      ] GC(82)   StringDedup Requests0 Weak     Min:  0.0, Avg:  0.0, Max:  0.0, Diff:  0.0, Sum:  0.0, Workers: 4
[5745.404s][debug][gc,phases      ] GC(82)     Dead                           Min: 0, Avg:  0.0, Max: 0, Diff: 0, Sum: 0, Workers: 4
[5745.404s][debug][gc,phases      ] GC(82)     Total                          Min: 0, Avg:  0.0, Max: 0, Diff: 0, Sum: 0, Workers: 4
[5745.404s][debug][gc,phases      ] GC(82)   StringDedup Requests1 Weak     Min:  0.0, Avg:  0.0, Max:  0.0, Diff:  0.0, Sum:  0.0, Workers: 4
[5745.404s][debug][gc,phases      ] GC(82)     Dead                           Min: 0, Avg:  0.0, Max: 0, Diff: 0, Sum: 0, Workers: 4
[5745.404s][debug][gc,phases      ] GC(82)     Total                          Min: 0, Avg:  0.0, Max: 0, Diff: 0, Sum: 0, Workers: 4
[5745.404s][debug][gc,phases      ] GC(82)   Weak JFR Old Object Samples    Min:  0.0, Avg:  0.0, Max:  0.0, Diff:  0.0, Sum:  0.0, Workers: 4
[5745.404s][debug][gc,phases      ] GC(82)     Dead                           Min: 0, Avg:  0.0, Max: 0, Diff: 0, Sum: 0, Workers: 4
[5745.404s][debug][gc,phases      ] GC(82)     Total                          Min: 0, Avg:  0.0, Max: 0, Diff: 0, Sum: 0, Workers: 4
[5745.404s][debug][gc,phases      ] GC(82) Weak Processing 0.421ms
[5745.404s][debug][gc,age         ] GC(82) Desired survivor size 6815744 bytes, new threshold 1 (max threshold 15)
[5745.404s][info ][gc,heap        ] GC(82) PSYoungGen: 2085504K(2089472K)->2304K(2090496K) Eden: 2082304K(2082304K)->0K(2083840K) From: 3200K(7168K)->2304K(6656K)
[5745.404s][info ][gc,heap        ] GC(82) ParOldGen: 269361K(269824K)->270245K(270336K)
[5745.404s][info ][gc,metaspace   ] GC(82) Metaspace: 103132K(104448K)->103132K(104448K) NonClass: 87756K(88512K)->87756K(88512K) Class: 15376K(15936K)->15376K(15936K)
[5745.404s][info ][gc             ] GC(82) Pause Young (Allocation Failure) 2299M->266M(2305M) 3.236ms
[5745.404s][info ][gc,cpu         ] GC(82) User=0.01s Sys=0.00s Real=0.00s
[5745.404s][info ][safepoint      ] Safepoint "ParallelGCFailedAllocation", Time since last: 1553167878 ns, Reaching safepoint: 8200 ns, Cleanup: 4701 ns, At safepoint: 3322213 ns, Total: 3335114 ns
[5773.866s][info ][safepoint      ] Safepoint "Cleanup", Time since last: 28461673312 ns, Reaching safepoint: 9601 ns, Cleanup: 11700 ns, At safepoint: 2900 ns, Total: 24201 ns
[5774.866s][info ][safepoint      ] Safepoint "Cleanup", Time since last: 1000129795 ns, Reaching safepoint: 8801 ns, Cleanup: 14201 ns, At safepoint: 2600 ns, Total: 25602 ns
[5783.867s][info ][safepoint      ] Safepoint "Cleanup", Time since last: 9000783147 ns, Reaching safepoint: 5400 ns, Cleanup: 9701 ns, At safepoint: 1800 ns, Total: 16901 ns
[5788.867s][info ][safepoint      ] Safepoint "Cleanup", Time since last: 5000457920 ns, Reaching safepoint: 5600 ns, Cleanup: 14101 ns, At safepoint: 2400 ns, Total: 22101 ns
[5832.422s][info ][gc,start       ] GC(83) Pause Young (Allocation Failure)
[5832.424s][debug][gc,phases      ] GC(83) Scavenge 2.144ms
[5832.424s][debug][gc,ref         ] GC(83) ReferenceProcessor::execute queues: 1, RefProcThreadModel::Single, marks_oops_alive: false
[5832.424s][debug][gc,ref         ] GC(83) Skipped KeepAliveFinalRefsPhase of Reference Processing: no references
[5832.424s][debug][gc,ref         ] GC(83) ReferenceProcessor::execute queues: 1, RefProcThreadModel::Single, marks_oops_alive: false
[5832.424s][debug][gc,phases      ] GC(83) Reference Processing 0.112ms
[5832.425s][debug][gc,phases      ] GC(83)   VM Weak                        Min:  0.0, Avg:  0.0, Max:  0.0, Diff:  0.0, Sum:  0.0, Workers: 4
[5832.425s][debug][gc,phases      ] GC(83)     Dead                           Min: 0, Avg:  0.0, Max: 0, Diff: 0, Sum: 0, Workers: 4
[5832.425s][debug][gc,phases      ] GC(83)     Total                          Min: 0, Avg: 240.8, Max: 579, Diff: 579, Sum: 963, Workers: 4
[5832.425s][debug][gc,phases      ] GC(83)   ObjectSynchronizer Weak        Min:  0.0, Avg:  0.0, Max:  0.0, Diff:  0.0, Sum:  0.0, Workers: 4
[5832.425s][debug][gc,phases      ] GC(83)     Dead                           Min: 0, Avg:  0.0, Max: 0, Diff: 0, Sum: 0, Workers: 4
[5832.425s][debug][gc,phases      ] GC(83)     Total                          Min: 0, Avg:  0.8, Max: 3, Diff: 3, Sum: 3, Workers: 4
[5832.425s][debug][gc,phases      ] GC(83)   JVMTI Tag Weak OopStorage      Min:  0.0, Avg:  0.0, Max:  0.0, Diff:  0.0, Sum:  0.0, Workers: 4
[5832.425s][debug][gc,phases      ] GC(83)     Dead                           Min: 0, Avg:  0.0, Max: 0, Diff: 0, Sum: 0, Workers: 4
[5832.425s][debug][gc,phases      ] GC(83)     Total                          Min: 0, Avg:  0.0, Max: 0, Diff: 0, Sum: 0, Workers: 4
[5832.425s][debug][gc,phases      ] GC(83)   StringTable Weak               Min:  0.0, Avg:  0.1, Max:  0.1, Diff:  0.1, Sum:  0.4, Workers: 4
[5832.425s][debug][gc,phases      ] GC(83)     Dead                           Min: 0, Avg:  0.0, Max: 0, Diff: 0, Sum: 0, Workers: 4
[5832.425s][debug][gc,phases      ] GC(83)     Total                          Min: 0, Avg: 11239.2, Max: 15936, Diff: 15936, Sum: 44957, Workers: 4
[5832.425s][debug][gc,phases      ] GC(83)   ResolvedMethodTable Weak       Min:  0.0, Avg:  0.0, Max:  0.0, Diff:  0.0, Sum:  0.1, Workers: 4
[5832.425s][debug][gc,phases      ] GC(83)     Dead                           Min: 0, Avg:  4.0, Max: 16, Diff: 16, Sum: 16, Workers: 4
[5832.425s][debug][gc,phases      ] GC(83)     Total                          Min: 0, Avg: 3570.2, Max: 5197, Diff: 5197, Sum: 14281, Workers: 4
[5832.425s][debug][gc,phases      ] GC(83)   JNI Weak                       Min:  0.0, Avg:  0.0, Max:  0.0, Diff:  0.0, Sum:  0.0, Workers: 4
[5832.425s][debug][gc,phases      ] GC(83)     Dead                           Min: 0, Avg:  0.0, Max: 0, Diff: 0, Sum: 0, Workers: 4
[5832.425s][debug][gc,phases      ] GC(83)     Total                          Min: 0, Avg: 13.0, Max: 52, Diff: 52, Sum: 52, Workers: 4
[5832.425s][debug][gc,phases      ] GC(83)   StringDedup Table Weak         Min:  0.0, Avg:  0.0, Max:  0.0, Diff:  0.0, Sum:  0.0, Workers: 4
[5832.425s][debug][gc,phases      ] GC(83)     Dead                           Min: 0, Avg:  0.0, Max: 0, Diff: 0, Sum: 0, Workers: 4
[5832.425s][debug][gc,phases      ] GC(83)     Total                          Min: 0, Avg:  0.0, Max: 0, Diff: 0, Sum: 0, Workers: 4
[5832.425s][debug][gc,phases      ] GC(83)   StringDedup Requests0 Weak     Min:  0.0, Avg:  0.0, Max:  0.0, Diff:  0.0, Sum:  0.0, Workers: 4
[5832.425s][debug][gc,phases      ] GC(83)     Dead                           Min: 0, Avg:  0.0, Max: 0, Diff: 0, Sum: 0, Workers: 4
[5832.425s][debug][gc,phases      ] GC(83)     Total                          Min: 0, Avg:  0.0, Max: 0, Diff: 0, Sum: 0, Workers: 4
[5832.425s][debug][gc,phases      ] GC(83)   StringDedup Requests1 Weak     Min:  0.0, Avg:  0.0, Max:  0.0, Diff:  0.0, Sum:  0.0, Workers: 4
[5832.425s][debug][gc,phases      ] GC(83)     Dead                           Min: 0, Avg:  0.0, Max: 0, Diff: 0, Sum: 0, Workers: 4
[5832.425s][debug][gc,phases      ] GC(83)     Total                          Min: 0, Avg:  0.0, Max: 0, Diff: 0, Sum: 0, Workers: 4
[5832.425s][debug][gc,phases      ] GC(83)   Weak JFR Old Object Samples    Min:  0.0, Avg:  0.0, Max:  0.0, Diff:  0.0, Sum:  0.0, Workers: 4
[5832.425s][debug][gc,phases      ] GC(83)     Dead                           Min: 0, Avg:  0.0, Max: 0, Diff: 0, Sum: 0, Workers: 4
[5832.425s][debug][gc,phases      ] GC(83)     Total                          Min: 0, Avg:  0.0, Max: 0, Diff: 0, Sum: 0, Workers: 4
[5832.425s][debug][gc,phases      ] GC(83) Weak Processing 0.420ms
[5832.425s][debug][gc,age         ] GC(83) Desired survivor size 6815744 bytes, new threshold 1 (max threshold 15)
[5832.425s][info ][gc,heap        ] GC(83) PSYoungGen: 2086144K(2090496K)->2176K(2090496K) Eden: 2083840K(2083840K)->0K(2083840K) From: 2304K(6656K)->2176K(6656K)
[5832.425s][info ][gc,heap        ] GC(83) ParOldGen: 270245K(270336K)->270653K(270848K)
[5832.425s][info ][gc,metaspace   ] GC(83) Metaspace: 103138K(104448K)->103138K(104448K) NonClass: 87761K(88512K)->87761K(88512K) Class: 15376K(15936K)->15376K(15936K)
[5832.425s][info ][gc             ] GC(83) Pause Young (Allocation Failure) 2301M->266M(2306M) 2.808ms
[5832.425s][info ][gc,cpu         ] GC(83) User=0.00s Sys=0.00s Real=0.00s
[5832.425s][info ][safepoint      ] Safepoint "ParallelGCFailedAllocation", Time since last: 43554693177 ns, Reaching safepoint: 5400 ns, Cleanup: 4501 ns, At safepoint: 2890585 ns, Total: 2900486 ns
[5857.427s][info ][safepoint      ] Safepoint "Cleanup", Time since last: 25002056002 ns, Reaching safepoint: 5800 ns, Cleanup: 10601 ns, At safepoint: 2500 ns, Total: 18901 ns
[5867.428s][info ][safepoint      ] Safepoint "Cleanup", Time since last: 10000944016 ns, Reaching safepoint: 5500 ns, Cleanup: 9401 ns, At safepoint: 27001 ns, Total: 41902 ns
[5889.907s][info ][safepoint      ] Safepoint "Cleanup", Time since last: 22478935165 ns, Reaching safepoint: 5200 ns, Cleanup: 10701 ns, At safepoint: 2000 ns, Total: 17901 ns
[5907.908s][info ][safepoint      ] Safepoint "Cleanup", Time since last: 18001570979 ns, Reaching safepoint: 8101 ns, Cleanup: 11600 ns, At safepoint: 2500 ns, Total: 22201 ns
[5913.909s][info ][safepoint      ] Safepoint "Cleanup", Time since last: 6000485355 ns, Reaching safepoint: 6700 ns, Cleanup: 12501 ns, At safepoint: 2900 ns, Total: 22101 ns
[5915.909s][info ][safepoint      ] Safepoint "Cleanup", Time since last: 2000226195 ns, Reaching safepoint: 10701 ns, Cleanup: 16701 ns, At safepoint: 2800 ns, Total: 30202 ns
[5916.694s][info ][gc,start       ] GC(84) Pause Young (Allocation Failure)
[5916.703s][debug][gc,phases      ] GC(84) Scavenge 8.270ms
[5916.703s][debug][gc,ref         ] GC(84) ReferenceProcessor::execute queues: 1, RefProcThreadModel::Single, marks_oops_alive: false
[5916.703s][debug][gc,ref         ] GC(84) Skipped KeepAliveFinalRefsPhase of Reference Processing: no references
[5916.703s][debug][gc,ref         ] GC(84) ReferenceProcessor::execute queues: 1, RefProcThreadModel::Single, marks_oops_alive: false
[5916.703s][debug][gc,phases      ] GC(84) Reference Processing 0.203ms
[5916.703s][debug][gc,phases      ] GC(84)   VM Weak                        Min:  0.0, Avg:  0.0, Max:  0.0, Diff:  0.0, Sum:  0.0, Workers: 4
[5916.703s][debug][gc,phases      ] GC(84)     Dead                           Min: 0, Avg:  0.0, Max: 0, Diff: 0, Sum: 0, Workers: 4
[5916.703s][debug][gc,phases      ] GC(84)     Total                          Min: 0, Avg: 240.8, Max: 579, Diff: 579, Sum: 963, Workers: 4
[5916.703s][debug][gc,phases      ] GC(84)   ObjectSynchronizer Weak        Min:  0.0, Avg:  0.0, Max:  0.0, Diff:  0.0, Sum:  0.0, Workers: 4
[5916.703s][debug][gc,phases      ] GC(84)     Dead                           Min: 0, Avg:  0.0, Max: 0, Diff: 0, Sum: 0, Workers: 4
[5916.703s][debug][gc,phases      ] GC(84)     Total                          Min: 0, Avg:  1.0, Max: 4, Diff: 4, Sum: 4, Workers: 4
[5916.703s][debug][gc,phases      ] GC(84)   JVMTI Tag Weak OopStorage      Min:  0.0, Avg:  0.0, Max:  0.0, Diff:  0.0, Sum:  0.0, Workers: 4
[5916.703s][debug][gc,phases      ] GC(84)     Dead                           Min: 0, Avg:  0.0, Max: 0, Diff: 0, Sum: 0, Workers: 4
[5916.703s][debug][gc,phases      ] GC(84)     Total                          Min: 0, Avg:  0.0, Max: 0, Diff: 0, Sum: 0, Workers: 4
[5916.703s][debug][gc,phases      ] GC(84)   StringTable Weak               Min:  0.0, Avg:  0.1, Max:  0.1, Diff:  0.1, Sum:  0.4, Workers: 4
[5916.703s][debug][gc,phases      ] GC(84)     Dead                           Min: 0, Avg:  0.0, Max: 0, Diff: 0, Sum: 0, Workers: 4
[5916.703s][debug][gc,phases      ] GC(84)     Total                          Min: 0, Avg: 11240.0, Max: 15552, Diff: 15552, Sum: 44960, Workers: 4
[5916.703s][debug][gc,phases      ] GC(84)   ResolvedMethodTable Weak       Min:  0.0, Avg:  0.0, Max:  0.1, Diff:  0.1, Sum:  0.1, Workers: 4
[5916.703s][debug][gc,phases      ] GC(84)     Dead                           Min: 0, Avg:  4.0, Max: 16, Diff: 16, Sum: 16, Workers: 4
[5916.703s][debug][gc,phases      ] GC(84)     Total                          Min: 0, Avg: 3570.2, Max: 4951, Diff: 4951, Sum: 14281, Workers: 4
[5916.703s][debug][gc,phases      ] GC(84)   JNI Weak                       Min:  0.0, Avg:  0.0, Max:  0.0, Diff:  0.0, Sum:  0.0, Workers: 4
[5916.703s][debug][gc,phases      ] GC(84)     Dead                           Min: 0, Avg:  0.0, Max: 0, Diff: 0, Sum: 0, Workers: 4
[5916.703s][debug][gc,phases      ] GC(84)     Total                          Min: 0, Avg: 13.0, Max: 52, Diff: 52, Sum: 52, Workers: 4
[5916.703s][debug][gc,phases      ] GC(84)   StringDedup Table Weak         Min:  0.0, Avg:  0.0, Max:  0.0, Diff:  0.0, Sum:  0.0, Workers: 4
[5916.703s][debug][gc,phases      ] GC(84)     Dead                           Min: 0, Avg:  0.0, Max: 0, Diff: 0, Sum: 0, Workers: 4
[5916.703s][debug][gc,phases      ] GC(84)     Total                          Min: 0, Avg:  0.0, Max: 0, Diff: 0, Sum: 0, Workers: 4
[5916.703s][debug][gc,phases      ] GC(84)   StringDedup Requests0 Weak     Min:  0.0, Avg:  0.0, Max:  0.0, Diff:  0.0, Sum:  0.0, Workers: 4
[5916.703s][debug][gc,phases      ] GC(84)     Dead                           Min: 0, Avg:  0.0, Max: 0, Diff: 0, Sum: 0, Workers: 4
[5916.703s][debug][gc,phases      ] GC(84)     Total                          Min: 0, Avg:  0.0, Max: 0, Diff: 0, Sum: 0, Workers: 4
[5916.703s][debug][gc,phases      ] GC(84)   StringDedup Requests1 Weak     Min:  0.0, Avg:  0.0, Max:  0.0, Diff:  0.0, Sum:  0.0, Workers: 4
[5916.703s][debug][gc,phases      ] GC(84)     Dead                           Min: 0, Avg:  0.0, Max: 0, Diff: 0, Sum: 0, Workers: 4
[5916.703s][debug][gc,phases      ] GC(84)     Total                          Min: 0, Avg:  0.0, Max: 0, Diff: 0, Sum: 0, Workers: 4
[5916.703s][debug][gc,phases      ] GC(84)   Weak JFR Old Object Samples    Min:  0.0, Avg:  0.0, Max:  0.0, Diff:  0.0, Sum:  0.0, Workers: 4
[5916.703s][debug][gc,phases      ] GC(84)     Dead                           Min: 0, Avg:  0.0, Max: 0, Diff: 0, Sum: 0, Workers: 4
[5916.703s][debug][gc,phases      ] GC(84)     Total                          Min: 0, Avg:  0.0, Max: 0, Diff: 0, Sum: 0, Workers: 4
[5916.703s][debug][gc,phases      ] GC(84) Weak Processing 0.526ms
[5916.703s][debug][gc,age         ] GC(84) Desired survivor size 7340032 bytes, new threshold 1 (max threshold 15)
[5916.703s][info ][gc,heap        ] GC(84) PSYoungGen: 2086016K(2090496K)->5504K(2089472K) Eden: 2083840K(2083840K)->0K(2082816K) From: 2176K(6656K)->5504K(6656K)
[5916.703s][info ][gc,heap        ] GC(84) ParOldGen: 270653K(270848K)->270957K(271360K)
[5916.703s][info ][gc,metaspace   ] GC(84) Metaspace: 103148K(104448K)->103148K(104448K) NonClass: 87771K(88512K)->87771K(88512K) Class: 15376K(15936K)->15376K(15936K)
[5916.703s][info ][gc             ] GC(84) Pause Young (Allocation Failure) 2301M->269M(2305M) 9.161ms
[5916.703s][info ][gc,cpu         ] GC(84) User=0.02s Sys=0.00s Real=0.01s
[5916.703s][info ][safepoint      ] Safepoint "ParallelGCFailedAllocation", Time since last: 784817032 ns, Reaching safepoint: 83405 ns, Cleanup: 6001 ns, At safepoint: 9264286 ns, Total: 9353692 ns
[5933.705s][info ][safepoint      ] Safepoint "Cleanup", Time since last: 17001264617 ns, Reaching safepoint: 7001 ns, Cleanup: 9800 ns, At safepoint: 30602 ns, Total: 47403 ns
[5960.926s][info ][safepoint      ] Safepoint "Cleanup", Time since last: 27221338885 ns, Reaching safepoint: 6701 ns, Cleanup: 11200 ns, At safepoint: 2100 ns, Total: 20001 ns
[5961.926s][info ][safepoint      ] Safepoint "Cleanup", Time since last: 1000120307 ns, Reaching safepoint: 6300 ns, Cleanup: 10201 ns, At safepoint: 2100 ns, Total: 18601 ns
[5963.926s][info ][safepoint      ] Safepoint "Cleanup", Time since last: 2000182538 ns, Reaching safepoint: 6400 ns, Cleanup: 11801 ns, At safepoint: 2300 ns, Total: 20501 ns
[6001.594s][info ][gc,start       ] GC(85) Pause Young (Allocation Failure)
[6001.600s][debug][gc,phases      ] GC(85) Scavenge 5.296ms
[6001.600s][debug][gc,ref         ] GC(85) ReferenceProcessor::execute queues: 1, RefProcThreadModel::Single, marks_oops_alive: false
[6001.600s][debug][gc,ref         ] GC(85) Skipped KeepAliveFinalRefsPhase of Reference Processing: no references
[6001.600s][debug][gc,ref         ] GC(85) ReferenceProcessor::execute queues: 1, RefProcThreadModel::Single, marks_oops_alive: false
[6001.600s][debug][gc,phases      ] GC(85) Reference Processing 0.114ms
[6001.600s][debug][gc,phases      ] GC(85)   VM Weak                        Min:  0.0, Avg:  0.0, Max:  0.0, Diff:  0.0, Sum:  0.0, Workers: 4
[6001.600s][debug][gc,phases      ] GC(85)     Dead                           Min: 0, Avg:  0.0, Max: 0, Diff: 0, Sum: 0, Workers: 4
[6001.600s][debug][gc,phases      ] GC(85)     Total                          Min: 0, Avg: 240.8, Max: 512, Diff: 512, Sum: 963, Workers: 4
[6001.600s][debug][gc,phases      ] GC(85)   ObjectSynchronizer Weak        Min:  0.0, Avg:  0.0, Max:  0.0, Diff:  0.0, Sum:  0.0, Workers: 4
[6001.600s][debug][gc,phases      ] GC(85)     Dead                           Min: 0, Avg:  0.0, Max: 0, Diff: 0, Sum: 0, Workers: 4
[6001.600s][debug][gc,phases      ] GC(85)     Total                          Min: 0, Avg:  1.0, Max: 4, Diff: 4, Sum: 4, Workers: 4
[6001.600s][debug][gc,phases      ] GC(85)   JVMTI Tag Weak OopStorage      Min:  0.0, Avg:  0.0, Max:  0.0, Diff:  0.0, Sum:  0.0, Workers: 4
[6001.600s][debug][gc,phases      ] GC(85)     Dead                           Min: 0, Avg:  0.0, Max: 0, Diff: 0, Sum: 0, Workers: 4
[6001.600s][debug][gc,phases      ] GC(85)     Total                          Min: 0, Avg:  0.0, Max: 0, Diff: 0, Sum: 0, Workers: 4
[6001.600s][debug][gc,phases      ] GC(85)   StringTable Weak               Min:  0.0, Avg:  0.1, Max:  0.1, Diff:  0.1, Sum:  0.4, Workers: 4
[6001.600s][debug][gc,phases      ] GC(85)     Dead                           Min: 0, Avg:  0.0, Max: 0, Diff: 0, Sum: 0, Workers: 4
[6001.600s][debug][gc,phases      ] GC(85)     Total                          Min: 0, Avg: 11240.5, Max: 15360, Diff: 15360, Sum: 44962, Workers: 4
[6001.600s][debug][gc,phases      ] GC(85)   ResolvedMethodTable Weak       Min:  0.0, Avg:  0.0, Max:  0.0, Diff:  0.0, Sum:  0.1, Workers: 4
[6001.600s][debug][gc,phases      ] GC(85)     Dead                           Min: 0, Avg:  4.0, Max: 16, Diff: 16, Sum: 16, Workers: 4
[6001.600s][debug][gc,phases      ] GC(85)     Total                          Min: 0, Avg: 3570.2, Max: 5211, Diff: 5211, Sum: 14281, Workers: 4
[6001.600s][debug][gc,phases      ] GC(85)   JNI Weak                       Min:  0.0, Avg:  0.0, Max:  0.0, Diff:  0.0, Sum:  0.0, Workers: 4
[6001.600s][debug][gc,phases      ] GC(85)     Dead                           Min: 0, Avg:  0.0, Max: 0, Diff: 0, Sum: 0, Workers: 4
[6001.600s][debug][gc,phases      ] GC(85)     Total                          Min: 0, Avg: 13.0, Max: 52, Diff: 52, Sum: 52, Workers: 4
[6001.600s][debug][gc,phases      ] GC(85)   StringDedup Table Weak         Min:  0.0, Avg:  0.0, Max:  0.0, Diff:  0.0, Sum:  0.0, Workers: 4
[6001.600s][debug][gc,phases      ] GC(85)     Dead                           Min: 0, Avg:  0.0, Max: 0, Diff: 0, Sum: 0, Workers: 4
[6001.600s][debug][gc,phases      ] GC(85)     Total                          Min: 0, Avg:  0.0, Max: 0, Diff: 0, Sum: 0, Workers: 4
[6001.600s][debug][gc,phases      ] GC(85)   StringDedup Requests0 Weak     Min:  0.0, Avg:  0.0, Max:  0.0, Diff:  0.0, Sum:  0.0, Workers: 4
[6001.600s][debug][gc,phases      ] GC(85)     Dead                           Min: 0, Avg:  0.0, Max: 0, Diff: 0, Sum: 0, Workers: 4
[6001.600s][debug][gc,phases      ] GC(85)     Total                          Min: 0, Avg:  0.0, Max: 0, Diff: 0, Sum: 0, Workers: 4
[6001.600s][debug][gc,phases      ] GC(85)   StringDedup Requests1 Weak     Min:  0.0, Avg:  0.0, Max:  0.0, Diff:  0.0, Sum:  0.0, Workers: 4
[6001.600s][debug][gc,phases      ] GC(85)     Dead                           Min: 0, Avg:  0.0, Max: 0, Diff: 0, Sum: 0, Workers: 4
[6001.600s][debug][gc,phases      ] GC(85)     Total                          Min: 0, Avg:  0.0, Max: 0, Diff: 0, Sum: 0, Workers: 4
[6001.600s][debug][gc,phases      ] GC(85)   Weak JFR Old Object Samples    Min:  0.0, Avg:  0.0, Max:  0.0, Diff:  0.0, Sum:  0.0, Workers: 4
[6001.600s][debug][gc,phases      ] GC(85)     Dead                           Min: 0, Avg:  0.0, Max: 0, Diff: 0, Sum: 0, Workers: 4
[6001.600s][debug][gc,phases      ] GC(85)     Total                          Min: 0, Avg:  0.0, Max: 0, Diff: 0, Sum: 0, Workers: 4
[6001.600s][debug][gc,phases      ] GC(85) Weak Processing 0.445ms
[6001.600s][debug][gc,age         ] GC(85) Desired survivor size 6815744 bytes, new threshold 1 (max threshold 15)
[6001.600s][info ][gc,heap        ] GC(85) PSYoungGen: 2088320K(2089472K)->3408K(2089984K) Eden: 2082816K(2082816K)->0K(2082816K) From: 5504K(6656K)->3408K(7168K)
[6001.600s][info ][gc,heap        ] GC(85) ParOldGen: 270957K(271360K)->273669K(273920K)
[6001.600s][info ][gc,metaspace   ] GC(85) Metaspace: 103148K(104448K)->103148K(104448K) NonClass: 87771K(88512K)->87771K(88512K) Class: 15376K(15936K)->15376K(15936K)
[6001.600s][info ][gc             ] GC(85) Pause Young (Allocation Failure) 2303M->270M(2308M) 6.010ms
[6001.600s][info ][gc,cpu         ] GC(85) User=0.01s Sys=0.01s Real=0.01s
[6001.600s][info ][safepoint      ] Safepoint "ParallelGCFailedAllocation", Time since last: 37667798255 ns, Reaching safepoint: 87206 ns, Cleanup: 4600 ns, At safepoint: 6092586 ns, Total: 6184392 ns
[6011.944s][info ][safepoint      ] Safepoint "Cleanup", Time since last: 10343899050 ns, Reaching safepoint: 76805 ns, Cleanup: 11701 ns, At safepoint: 6600 ns, Total: 95106 ns
[6014.945s][info ][safepoint      ] Safepoint "Cleanup", Time since last: 3000299750 ns, Reaching safepoint: 80805 ns, Cleanup: 14001 ns, At safepoint: 5901 ns, Total: 100707 ns
[6039.947s][info ][safepoint      ] Safepoint "Cleanup", Time since last: 25001925066 ns, Reaching safepoint: 6100 ns, Cleanup: 12901 ns, At safepoint: 2300 ns, Total: 21301 ns
[6062.961s][info ][safepoint      ] Safepoint "Cleanup", Time since last: 23014693271 ns, Reaching safepoint: 6501 ns, Cleanup: 23001 ns, At safepoint: 2100 ns, Total: 31602 ns
[6063.962s][info ][safepoint      ] Safepoint "Cleanup", Time since last: 1000116710 ns, Reaching safepoint: 7201 ns, Cleanup: 10000 ns, At safepoint: 2101 ns, Total: 19302 ns
[6074.962s][info ][safepoint      ] Safepoint "Cleanup", Time since last: 11000830673 ns, Reaching safepoint: 6400 ns, Cleanup: 10501 ns, At safepoint: 2800 ns, Total: 19701 ns
[6087.964s][info ][safepoint      ] Safepoint "Cleanup", Time since last: 13001020393 ns, Reaching safepoint: 6401 ns, Cleanup: 12100 ns, At safepoint: 2501 ns, Total: 21002 ns
[6089.144s][info ][gc,start       ] GC(86) Pause Young (Allocation Failure)
[6089.146s][debug][gc,phases      ] GC(86) Scavenge 2.879ms
[6089.147s][debug][gc,ref         ] GC(86) ReferenceProcessor::execute queues: 1, RefProcThreadModel::Single, marks_oops_alive: false
[6089.147s][debug][gc,ref         ] GC(86) Skipped KeepAliveFinalRefsPhase of Reference Processing: no references
[6089.147s][debug][gc,ref         ] GC(86) ReferenceProcessor::execute queues: 1, RefProcThreadModel::Single, marks_oops_alive: false
[6089.147s][debug][gc,phases      ] GC(86) Reference Processing 0.113ms
[6089.147s][debug][gc,phases      ] GC(86)   VM Weak                        Min:  0.0, Avg:  0.0, Max:  0.0, Diff:  0.0, Sum:  0.0, Workers: 4
[6089.147s][debug][gc,phases      ] GC(86)     Dead                           Min: 0, Avg:  0.0, Max: 0, Diff: 0, Sum: 0, Workers: 4
[6089.147s][debug][gc,phases      ] GC(86)     Total                          Min: 0, Avg: 242.0, Max: 648, Diff: 648, Sum: 968, Workers: 4
[6089.147s][debug][gc,phases      ] GC(86)   ObjectSynchronizer Weak        Min:  0.0, Avg:  0.0, Max:  0.0, Diff:  0.0, Sum:  0.0, Workers: 4
[6089.147s][debug][gc,phases      ] GC(86)     Dead                           Min: 0, Avg:  0.0, Max: 0, Diff: 0, Sum: 0, Workers: 4
[6089.147s][debug][gc,phases      ] GC(86)     Total                          Min: 0, Avg:  0.8, Max: 3, Diff: 3, Sum: 3, Workers: 4
[6089.147s][debug][gc,phases      ] GC(86)   JVMTI Tag Weak OopStorage      Min:  0.0, Avg:  0.0, Max:  0.0, Diff:  0.0, Sum:  0.0, Workers: 4
[6089.147s][debug][gc,phases      ] GC(86)     Dead                           Min: 0, Avg:  0.0, Max: 0, Diff: 0, Sum: 0, Workers: 4
[6089.147s][debug][gc,phases      ] GC(86)     Total                          Min: 0, Avg:  0.0, Max: 0, Diff: 0, Sum: 0, Workers: 4
[6089.147s][debug][gc,phases      ] GC(86)   StringTable Weak               Min:  0.0, Avg:  0.1, Max:  0.1, Diff:  0.1, Sum:  0.4, Workers: 4
[6089.147s][debug][gc,phases      ] GC(86)     Dead                           Min: 0, Avg:  0.2, Max: 1, Diff: 1, Sum: 1, Workers: 4
[6089.147s][debug][gc,phases      ] GC(86)     Total                          Min: 0, Avg: 11245.2, Max: 15669, Diff: 15669, Sum: 44981, Workers: 4
[6089.147s][debug][gc,phases      ] GC(86)   ResolvedMethodTable Weak       Min:  0.0, Avg:  0.0, Max:  0.0, Diff:  0.0, Sum:  0.1, Workers: 4
[6089.147s][debug][gc,phases      ] GC(86)     Dead                           Min: 0, Avg:  4.8, Max: 19, Diff: 19, Sum: 19, Workers: 4
[6089.147s][debug][gc,phases      ] GC(86)     Total                          Min: 0, Avg: 3580.5, Max: 4987, Diff: 4987, Sum: 14322, Workers: 4
[6089.147s][debug][gc,phases      ] GC(86)   JNI Weak                       Min:  0.0, Avg:  0.0, Max:  0.0, Diff:  0.0, Sum:  0.0, Workers: 4
[6089.147s][debug][gc,phases      ] GC(86)     Dead                           Min: 0, Avg:  0.0, Max: 0, Diff: 0, Sum: 0, Workers: 4
[6089.147s][debug][gc,phases      ] GC(86)     Total                          Min: 0, Avg: 13.0, Max: 52, Diff: 52, Sum: 52, Workers: 4
[6089.147s][debug][gc,phases      ] GC(86)   StringDedup Table Weak         Min:  0.0, Avg:  0.0, Max:  0.0, Diff:  0.0, Sum:  0.0, Workers: 4
[6089.147s][debug][gc,phases      ] GC(86)     Dead                           Min: 0, Avg:  0.0, Max: 0, Diff: 0, Sum: 0, Workers: 4
[6089.147s][debug][gc,phases      ] GC(86)     Total                          Min: 0, Avg:  0.0, Max: 0, Diff: 0, Sum: 0, Workers: 4
[6089.147s][debug][gc,phases      ] GC(86)   StringDedup Requests0 Weak     Min:  0.0, Avg:  0.0, Max:  0.0, Diff:  0.0, Sum:  0.0, Workers: 4
[6089.147s][debug][gc,phases      ] GC(86)     Dead                           Min: 0, Avg:  0.0, Max: 0, Diff: 0, Sum: 0, Workers: 4
[6089.147s][debug][gc,phases      ] GC(86)     Total                          Min: 0, Avg:  0.0, Max: 0, Diff: 0, Sum: 0, Workers: 4
[6089.147s][debug][gc,phases      ] GC(86)   StringDedup Requests1 Weak     Min:  0.0, Avg:  0.0, Max:  0.0, Diff:  0.0, Sum:  0.0, Workers: 4
[6089.147s][debug][gc,phases      ] GC(86)     Dead                           Min: 0, Avg:  0.0, Max: 0, Diff: 0, Sum: 0, Workers: 4
[6089.147s][debug][gc,phases      ] GC(86)     Total                          Min: 0, Avg:  0.0, Max: 0, Diff: 0, Sum: 0, Workers: 4
[6089.147s][debug][gc,phases      ] GC(86)   Weak JFR Old Object Samples    Min:  0.0, Avg:  0.0, Max:  0.0, Diff:  0.0, Sum:  0.0, Workers: 4
[6089.147s][debug][gc,phases      ] GC(86)     Dead                           Min: 0, Avg:  0.0, Max: 0, Diff: 0, Sum: 0, Workers: 4
[6089.147s][debug][gc,phases      ] GC(86)     Total                          Min: 0, Avg:  0.0, Max: 0, Diff: 0, Sum: 0, Workers: 4
[6089.147s][debug][gc,phases      ] GC(86) Weak Processing 0.404ms
[6089.147s][debug][gc,age         ] GC(86) Desired survivor size 6815744 bytes, new threshold 1 (max threshold 15)
[6089.147s][info ][gc,heap        ] GC(86) PSYoungGen: 2086224K(2089984K)->2624K(2090496K) Eden: 2082816K(2082816K)->0K(2083840K) From: 3408K(7168K)->2624K(6656K)
[6089.147s][info ][gc,heap        ] GC(86) ParOldGen: 273669K(273920K)->274469K(274944K)
[6089.147s][info ][gc,metaspace   ] GC(86) Metaspace: 103206K(104512K)->103206K(104512K) NonClass: 87816K(88576K)->87816K(88576K) Class: 15390K(15936K)->15390K(15936K)
[6089.147s][info ][gc             ] GC(86) Pause Young (Allocation Failure) 2304M->270M(2310M) 3.532ms
[6089.147s][info ][gc,cpu         ] GC(86) User=0.01s Sys=0.00s Real=0.01s
[6089.147s][info ][safepoint      ] Safepoint "ParallelGCFailedAllocation", Time since last: 1179859253 ns, Reaching safepoint: 109231 ns, Cleanup: 5301 ns, At safepoint: 3614034 ns, Total: 3728566 ns
[6097.148s][info ][safepoint      ] Safepoint "Cleanup", Time since last: 8000593936 ns, Reaching safepoint: 5701 ns, Cleanup: 10402 ns, At safepoint: 2301 ns, Total: 18404 ns
[6098.148s][info ][safepoint      ] Safepoint "Cleanup", Time since last: 1000116445 ns, Reaching safepoint: 5801 ns, Cleanup: 12103 ns, At safepoint: 2600 ns, Total: 20504 ns
[6105.148s][info ][safepoint      ] Safepoint "Cleanup", Time since last: 7000597753 ns, Reaching safepoint: 6801 ns, Cleanup: 9700 ns, At safepoint: 2501 ns, Total: 19002 ns
[6132.151s][info ][safepoint      ] Safepoint "Cleanup", Time since last: 27002052936 ns, Reaching safepoint: 5200 ns, Cleanup: 10301 ns, At safepoint: 2300 ns, Total: 17801 ns
[6135.151s][info ][safepoint      ] Safepoint "Cleanup", Time since last: 3000255453 ns, Reaching safepoint: 5701 ns, Cleanup: 7100 ns, At safepoint: 28302 ns, Total: 41103 ns
[6152.152s][info ][safepoint      ] Safepoint "Cleanup", Time since last: 17001299342 ns, Reaching safepoint: 4800 ns, Cleanup: 9801 ns, At safepoint: 2200 ns, Total: 16801 ns
[6153.152s][info ][safepoint      ] Safepoint "Cleanup", Time since last: 1000144078 ns, Reaching safepoint: 5800 ns, Cleanup: 10701 ns, At safepoint: 2700 ns, Total: 19201 ns
[6160.153s][info ][safepoint      ] Safepoint "Cleanup", Time since last: 7000557579 ns, Reaching safepoint: 6601 ns, Cleanup: 19101 ns, At safepoint: 2301 ns, Total: 28003 ns
[6161.153s][info ][safepoint      ] Safepoint "Cleanup", Time since last: 1000141029 ns, Reaching safepoint: 5701 ns, Cleanup: 12601 ns, At safepoint: 30602 ns, Total: 48904 ns
[6166.154s][info ][safepoint      ] Safepoint "Cleanup", Time since last: 5000420072 ns, Reaching safepoint: 5901 ns, Cleanup: 11001 ns, At safepoint: 2200 ns, Total: 19102 ns
[6173.154s][info ][safepoint      ] Safepoint "Cleanup", Time since last: 7000544662 ns, Reaching safepoint: 5100 ns, Cleanup: 10201 ns, At safepoint: 29902 ns, Total: 45203 ns
[6180.503s][info ][gc,start       ] GC(87) Pause Young (Allocation Failure)
[6180.506s][debug][gc,phases      ] GC(87) Scavenge 2.898ms
[6180.506s][debug][gc,ref         ] GC(87) ReferenceProcessor::execute queues: 1, RefProcThreadModel::Single, marks_oops_alive: false
[6180.506s][debug][gc,ref         ] GC(87) Skipped KeepAliveFinalRefsPhase of Reference Processing: no references
[6180.506s][debug][gc,ref         ] GC(87) ReferenceProcessor::execute queues: 1, RefProcThreadModel::Single, marks_oops_alive: false
[6180.506s][debug][gc,phases      ] GC(87) Reference Processing 0.118ms
[6180.506s][debug][gc,phases      ] GC(87)   VM Weak                        Min:  0.0, Avg:  0.0, Max:  0.0, Diff:  0.0, Sum:  0.0, Workers: 4
[6180.506s][debug][gc,phases      ] GC(87)     Dead                           Min: 0, Avg:  0.0, Max: 0, Diff: 0, Sum: 0, Workers: 4
[6180.506s][debug][gc,phases      ] GC(87)     Total                          Min: 0, Avg: 242.0, Max: 576, Diff: 576, Sum: 968, Workers: 4
[6180.506s][debug][gc,phases      ] GC(87)   ObjectSynchronizer Weak        Min:  0.0, Avg:  0.0, Max:  0.0, Diff:  0.0, Sum:  0.0, Workers: 4
[6180.506s][debug][gc,phases      ] GC(87)     Dead                           Min: 0, Avg:  0.0, Max: 0, Diff: 0, Sum: 0, Workers: 4
[6180.506s][debug][gc,phases      ] GC(87)     Total                          Min: 0, Avg:  1.0, Max: 4, Diff: 4, Sum: 4, Workers: 4
[6180.506s][debug][gc,phases      ] GC(87)   JVMTI Tag Weak OopStorage      Min:  0.0, Avg:  0.0, Max:  0.0, Diff:  0.0, Sum:  0.0, Workers: 4
[6180.506s][debug][gc,phases      ] GC(87)     Dead                           Min: 0, Avg:  0.0, Max: 0, Diff: 0, Sum: 0, Workers: 4
[6180.506s][debug][gc,phases      ] GC(87)     Total                          Min: 0, Avg:  0.0, Max: 0, Diff: 0, Sum: 0, Workers: 4
[6180.506s][debug][gc,phases      ] GC(87)   StringTable Weak               Min:  0.1, Avg:  0.1, Max:  0.1, Diff:  0.0, Sum:  0.4, Workers: 4
[6180.506s][debug][gc,phases      ] GC(87)     Dead                           Min: 0, Avg:  0.0, Max: 0, Diff: 0, Sum: 0, Workers: 4
[6180.506s][debug][gc,phases      ] GC(87)     Total                          Min: 10431, Avg: 11247.2, Max: 13054, Diff: 2623, Sum: 44989, Workers: 4
[6180.506s][debug][gc,phases      ] GC(87)   ResolvedMethodTable Weak       Min:  0.0, Avg:  0.0, Max:  0.0, Diff:  0.0, Sum:  0.1, Workers: 4
[6180.506s][debug][gc,phases      ] GC(87)     Dead                           Min: 0, Avg:  4.0, Max: 9, Diff: 9, Sum: 16, Workers: 4
[6180.506s][debug][gc,phases      ] GC(87)     Total                          Min: 3150, Avg: 3581.8, Max: 4064, Diff: 914, Sum: 14327, Workers: 4
[6180.506s][debug][gc,phases      ] GC(87)   JNI Weak                       Min:  0.0, Avg:  0.0, Max:  0.0, Diff:  0.0, Sum:  0.0, Workers: 4
[6180.506s][debug][gc,phases      ] GC(87)     Dead                           Min: 0, Avg:  0.0, Max: 0, Diff: 0, Sum: 0, Workers: 4
[6180.506s][debug][gc,phases      ] GC(87)     Total                          Min: 0, Avg: 13.0, Max: 52, Diff: 52, Sum: 52, Workers: 4
[6180.506s][debug][gc,phases      ] GC(87)   StringDedup Table Weak         Min:  0.0, Avg:  0.0, Max:  0.0, Diff:  0.0, Sum:  0.0, Workers: 4
[6180.506s][debug][gc,phases      ] GC(87)     Dead                           Min: 0, Avg:  0.0, Max: 0, Diff: 0, Sum: 0, Workers: 4
[6180.506s][debug][gc,phases      ] GC(87)     Total                          Min: 0, Avg:  0.0, Max: 0, Diff: 0, Sum: 0, Workers: 4
[6180.506s][debug][gc,phases      ] GC(87)   StringDedup Requests0 Weak     Min:  0.0, Avg:  0.0, Max:  0.0, Diff:  0.0, Sum:  0.0, Workers: 4
[6180.506s][debug][gc,phases      ] GC(87)     Dead                           Min: 0, Avg:  0.0, Max: 0, Diff: 0, Sum: 0, Workers: 4
[6180.506s][debug][gc,phases      ] GC(87)     Total                          Min: 0, Avg:  0.0, Max: 0, Diff: 0, Sum: 0, Workers: 4
[6180.506s][debug][gc,phases      ] GC(87)   StringDedup Requests1 Weak     Min:  0.0, Avg:  0.0, Max:  0.0, Diff:  0.0, Sum:  0.0, Workers: 4
[6180.506s][debug][gc,phases      ] GC(87)     Dead                           Min: 0, Avg:  0.0, Max: 0, Diff: 0, Sum: 0, Workers: 4
[6180.506s][debug][gc,phases      ] GC(87)     Total                          Min: 0, Avg:  0.0, Max: 0, Diff: 0, Sum: 0, Workers: 4
[6180.506s][debug][gc,phases      ] GC(87)   Weak JFR Old Object Samples    Min:  0.0, Avg:  0.0, Max:  0.0, Diff:  0.0, Sum:  0.0, Workers: 4
[6180.506s][debug][gc,phases      ] GC(87)     Dead                           Min: 0, Avg:  0.0, Max: 0, Diff: 0, Sum: 0, Workers: 4
[6180.506s][debug][gc,phases      ] GC(87)     Total                          Min: 0, Avg:  0.0, Max: 0, Diff: 0, Sum: 0, Workers: 4
[6180.506s][debug][gc,phases      ] GC(87) Weak Processing 0.381ms
[6180.506s][debug][gc,age         ] GC(87) Desired survivor size 6291456 bytes, new threshold 1 (max threshold 15)
[6180.506s][info ][gc,heap        ] GC(87) PSYoungGen: 2086464K(2090496K)->2752K(2090496K) Eden: 2083840K(2083840K)->0K(2083840K) From: 2624K(6656K)->2752K(6656K)
[6180.506s][info ][gc,heap        ] GC(87) ParOldGen: 274469K(274944K)->274809K(274944K)
[6180.506s][info ][gc,metaspace   ] GC(87) Metaspace: 103234K(104512K)->103234K(104512K) NonClass: 87842K(88576K)->87842K(88576K) Class: 15392K(15936K)->15392K(15936K)
[6180.506s][info ][gc             ] GC(87) Pause Young (Allocation Failure) 2305M->271M(2310M) 3.522ms
[6180.506s][info ][gc,cpu         ] GC(87) User=0.01s Sys=0.00s Real=0.01s
[6180.506s][info ][safepoint      ] Safepoint "ParallelGCFailedAllocation", Time since last: 7348704431 ns, Reaching safepoint: 5200 ns, Cleanup: 3801 ns, At safepoint: 3601481 ns, Total: 3610482 ns
[6182.998s][info ][safepoint      ] Safepoint "Cleanup", Time since last: 2491495177 ns, Reaching safepoint: 5701 ns, Cleanup: 17001 ns, At safepoint: 2300 ns, Total: 25002 ns
[6204.000s][info ][safepoint      ] Safepoint "Cleanup", Time since last: 21001669030 ns, Reaching safepoint: 6100 ns, Cleanup: 11801 ns, At safepoint: 2100 ns, Total: 20001 ns
[6207.000s][info ][safepoint      ] Safepoint "Cleanup", Time since last: 3000303721 ns, Reaching safepoint: 6101 ns, Cleanup: 10801 ns, At safepoint: 2500 ns, Total: 19402 ns
[6210.000s][info ][safepoint      ] Safepoint "Cleanup", Time since last: 3000294399 ns, Reaching safepoint: 5800 ns, Cleanup: 9901 ns, At safepoint: 2300 ns, Total: 18001 ns
[6221.001s][info ][safepoint      ] Safepoint "Cleanup", Time since last: 11000862662 ns, Reaching safepoint: 6701 ns, Cleanup: 13401 ns, At safepoint: 2400 ns, Total: 22502 ns
[6236.002s][info ][safepoint      ] Safepoint "Cleanup", Time since last: 15001162854 ns, Reaching safepoint: 5800 ns, Cleanup: 9501 ns, At safepoint: 27302 ns, Total: 42603 ns
[6242.003s][info ][safepoint      ] Safepoint "Cleanup", Time since last: 6000494880 ns, Reaching safepoint: 4901 ns, Cleanup: 7200 ns, At safepoint: 2101 ns, Total: 14202 ns
[6246.016s][info ][safepoint      ] Safepoint "Cleanup", Time since last: 4012809663 ns, Reaching safepoint: 5401 ns, Cleanup: 10100 ns, At safepoint: 2401 ns, Total: 17902 ns
[6259.017s][info ][safepoint      ] Safepoint "Cleanup", Time since last: 13000932787 ns, Reaching safepoint: 6301 ns, Cleanup: 11201 ns, At safepoint: 2400 ns, Total: 19902 ns
[6263.017s][info ][safepoint      ] Safepoint "Cleanup", Time since last: 4000320369 ns, Reaching safepoint: 6701 ns, Cleanup: 14201 ns, At safepoint: 2100 ns, Total: 23002 ns
[6266.520s][info ][gc,start       ] GC(88) Pause Young (Allocation Failure)
[6266.523s][debug][gc,phases      ] GC(88) Scavenge 3.011ms
[6266.523s][debug][gc,ref         ] GC(88) ReferenceProcessor::execute queues: 1, RefProcThreadModel::Single, marks_oops_alive: false
[6266.523s][debug][gc,ref         ] GC(88) Skipped KeepAliveFinalRefsPhase of Reference Processing: no references
[6266.523s][debug][gc,ref         ] GC(88) ReferenceProcessor::execute queues: 1, RefProcThreadModel::Single, marks_oops_alive: false
[6266.523s][debug][gc,phases      ] GC(88) Reference Processing 0.126ms
[6266.523s][debug][gc,phases      ] GC(88)   VM Weak                        Min:  0.0, Avg:  0.0, Max:  0.0, Diff:  0.0, Sum:  0.0, Workers: 4
[6266.523s][debug][gc,phases      ] GC(88)     Dead                           Min: 0, Avg:  0.0, Max: 0, Diff: 0, Sum: 0, Workers: 4
[6266.523s][debug][gc,phases      ] GC(88)     Total                          Min: 0, Avg: 242.0, Max: 520, Diff: 520, Sum: 968, Workers: 4
[6266.523s][debug][gc,phases      ] GC(88)   ObjectSynchronizer Weak        Min:  0.0, Avg:  0.0, Max:  0.0, Diff:  0.0, Sum:  0.0, Workers: 4
[6266.523s][debug][gc,phases      ] GC(88)     Dead                           Min: 0, Avg:  0.0, Max: 0, Diff: 0, Sum: 0, Workers: 4
[6266.523s][debug][gc,phases      ] GC(88)     Total                          Min: 0, Avg:  0.8, Max: 3, Diff: 3, Sum: 3, Workers: 4
[6266.523s][debug][gc,phases      ] GC(88)   JVMTI Tag Weak OopStorage      Min:  0.0, Avg:  0.0, Max:  0.0, Diff:  0.0, Sum:  0.0, Workers: 4
[6266.523s][debug][gc,phases      ] GC(88)     Dead                           Min: 0, Avg:  0.0, Max: 0, Diff: 0, Sum: 0, Workers: 4
[6266.523s][debug][gc,phases      ] GC(88)     Total                          Min: 0, Avg:  0.0, Max: 0, Diff: 0, Sum: 0, Workers: 4
[6266.523s][debug][gc,phases      ] GC(88)   StringTable Weak               Min:  0.0, Avg:  0.1, Max:  0.1, Diff:  0.1, Sum:  0.4, Workers: 4
[6266.523s][debug][gc,phases      ] GC(88)     Dead                           Min: 0, Avg:  0.0, Max: 0, Diff: 0, Sum: 0, Workers: 4
[6266.523s][debug][gc,phases      ] GC(88)     Total                          Min: 0, Avg: 11248.2, Max: 15680, Diff: 15680, Sum: 44993, Workers: 4
[6266.523s][debug][gc,phases      ] GC(88)   ResolvedMethodTable Weak       Min:  0.0, Avg:  0.0, Max:  0.0, Diff:  0.0, Sum:  0.1, Workers: 4
[6266.523s][debug][gc,phases      ] GC(88)     Dead                           Min: 0, Avg:  4.0, Max: 16, Diff: 16, Sum: 16, Workers: 4
[6266.523s][debug][gc,phases      ] GC(88)     Total                          Min: 0, Avg: 3581.8, Max: 5297, Diff: 5297, Sum: 14327, Workers: 4
[6266.523s][debug][gc,phases      ] GC(88)   JNI Weak                       Min:  0.0, Avg:  0.0, Max:  0.0, Diff:  0.0, Sum:  0.0, Workers: 4
[6266.523s][debug][gc,phases      ] GC(88)     Dead                           Min: 0, Avg:  0.0, Max: 0, Diff: 0, Sum: 0, Workers: 4
[6266.523s][debug][gc,phases      ] GC(88)     Total                          Min: 0, Avg: 13.0, Max: 52, Diff: 52, Sum: 52, Workers: 4
[6266.523s][debug][gc,phases      ] GC(88)   StringDedup Table Weak         Min:  0.0, Avg:  0.0, Max:  0.0, Diff:  0.0, Sum:  0.0, Workers: 4
[6266.523s][debug][gc,phases      ] GC(88)     Dead                           Min: 0, Avg:  0.0, Max: 0, Diff: 0, Sum: 0, Workers: 4
[6266.523s][debug][gc,phases      ] GC(88)     Total                          Min: 0, Avg:  0.0, Max: 0, Diff: 0, Sum: 0, Workers: 4
[6266.523s][debug][gc,phases      ] GC(88)   StringDedup Requests0 Weak     Min:  0.0, Avg:  0.0, Max:  0.0, Diff:  0.0, Sum:  0.0, Workers: 4
[6266.523s][debug][gc,phases      ] GC(88)     Dead                           Min: 0, Avg:  0.0, Max: 0, Diff: 0, Sum: 0, Workers: 4
[6266.523s][debug][gc,phases      ] GC(88)     Total                          Min: 0, Avg:  0.0, Max: 0, Diff: 0, Sum: 0, Workers: 4
[6266.523s][debug][gc,phases      ] GC(88)   StringDedup Requests1 Weak     Min:  0.0, Avg:  0.0, Max:  0.0, Diff:  0.0, Sum:  0.0, Workers: 4
[6266.523s][debug][gc,phases      ] GC(88)     Dead                           Min: 0, Avg:  0.0, Max: 0, Diff: 0, Sum: 0, Workers: 4
[6266.523s][debug][gc,phases      ] GC(88)     Total                          Min: 0, Avg:  0.0, Max: 0, Diff: 0, Sum: 0, Workers: 4
[6266.524s][debug][gc,phases      ] GC(88)   Weak JFR Old Object Samples    Min:  0.0, Avg:  0.0, Max:  0.0, Diff:  0.0, Sum:  0.0, Workers: 4
[6266.524s][debug][gc,phases      ] GC(88)     Dead                           Min: 0, Avg:  0.0, Max: 0, Diff: 0, Sum: 0, Workers: 4
[6266.524s][debug][gc,phases      ] GC(88)     Total                          Min: 0, Avg:  0.0, Max: 0, Diff: 0, Sum: 0, Workers: 4
[6266.524s][debug][gc,phases      ] GC(88) Weak Processing 0.401ms
[6266.524s][debug][gc,age         ] GC(88) Desired survivor size 6291456 bytes, new threshold 1 (max threshold 15)
[6266.524s][info ][gc,heap        ] GC(88) PSYoungGen: 2086592K(2090496K)->3392K(2091008K) Eden: 2083840K(2083840K)->0K(2084864K) From: 2752K(6656K)->3392K(6144K)
[6266.524s][info ][gc,heap        ] GC(88) ParOldGen: 274809K(274944K)->275061K(275456K)
[6266.524s][info ][gc,metaspace   ] GC(88) Metaspace: 103256K(104576K)->103256K(104576K) NonClass: 87863K(88640K)->87863K(88640K) Class: 15392K(15936K)->15392K(15936K)
[6266.524s][info ][gc             ] GC(88) Pause Young (Allocation Failure) 2306M->271M(2311M) 3.665ms
[6266.524s][info ][gc,cpu         ] GC(88) User=0.01s Sys=0.00s Real=0.00s
[6266.524s][info ][safepoint      ] Safepoint "ParallelGCFailedAllocation", Time since last: 3502863969 ns, Reaching safepoint: 5201 ns, Cleanup: 4100 ns, At safepoint: 3735483 ns, Total: 3744784 ns
[6268.524s][info ][safepoint      ] Safepoint "Cleanup", Time since last: 2000156318 ns, Reaching safepoint: 5500 ns, Cleanup: 13501 ns, At safepoint: 2000 ns, Total: 21001 ns
[6269.524s][info ][safepoint      ] Safepoint "Cleanup", Time since last: 1000099311 ns, Reaching safepoint: 5200 ns, Cleanup: 10801 ns, At safepoint: 2200 ns, Total: 18201 ns
[6279.525s][info ][safepoint      ] Safepoint "Cleanup", Time since last: 10000758461 ns, Reaching safepoint: 5800 ns, Cleanup: 10401 ns, At safepoint: 1900 ns, Total: 18101 ns
[6302.526s][info ][safepoint      ] Safepoint "Cleanup", Time since last: 23001764574 ns, Reaching safepoint: 6600 ns, Cleanup: 9401 ns, At safepoint: 2700 ns, Total: 18701 ns
[6303.527s][info ][safepoint      ] Safepoint "Cleanup", Time since last: 1000122576 ns, Reaching safepoint: 5800 ns, Cleanup: 10801 ns, At safepoint: 2300 ns, Total: 18901 ns
[6311.527s][info ][safepoint      ] Safepoint "Cleanup", Time since last: 8000607814 ns, Reaching safepoint: 6600 ns, Cleanup: 13601 ns, At safepoint: 2300 ns, Total: 22501 ns
[6323.528s][info ][safepoint      ] Safepoint "Cleanup", Time since last: 12000881838 ns, Reaching safepoint: 5401 ns, Cleanup: 10200 ns, At safepoint: 2201 ns, Total: 17802 ns
[6324.528s][info ][safepoint      ] Safepoint "Cleanup", Time since last: 1000114394 ns, Reaching safepoint: 6500 ns, Cleanup: 11301 ns, At safepoint: 11601 ns, Total: 29402 ns
[6346.530s][info ][safepoint      ] Safepoint "Cleanup", Time since last: 22001758933 ns, Reaching safepoint: 6400 ns, Cleanup: 10701 ns, At safepoint: 2700 ns, Total: 19801 ns
[6354.531s][info ][safepoint      ] Safepoint "Cleanup", Time since last: 8000640222 ns, Reaching safepoint: 6501 ns, Cleanup: 18601 ns, At safepoint: 2100 ns, Total: 27202 ns
[6356.531s][info ][safepoint      ] Safepoint "Cleanup", Time since last: 2000181947 ns, Reaching safepoint: 6400 ns, Cleanup: 9701 ns, At safepoint: 25601 ns, Total: 41702 ns
[6356.539s][info ][gc,start       ] GC(89) Pause Young (Allocation Failure)
[6356.541s][debug][gc,phases      ] GC(89) Scavenge 2.724ms
[6356.542s][debug][gc,ref         ] GC(89) ReferenceProcessor::execute queues: 1, RefProcThreadModel::Single, marks_oops_alive: false
[6356.542s][debug][gc,ref         ] GC(89) Skipped KeepAliveFinalRefsPhase of Reference Processing: no references
[6356.542s][debug][gc,ref         ] GC(89) ReferenceProcessor::execute queues: 1, RefProcThreadModel::Single, marks_oops_alive: false
[6356.542s][debug][gc,phases      ] GC(89) Reference Processing 0.109ms
[6356.542s][debug][gc,phases      ] GC(89)   VM Weak                        Min:  0.0, Avg:  0.0, Max:  0.0, Diff:  0.0, Sum:  0.0, Workers: 4
[6356.542s][debug][gc,phases      ] GC(89)     Dead                           Min: 0, Avg:  0.0, Max: 0, Diff: 0, Sum: 0, Workers: 4
[6356.542s][debug][gc,phases      ] GC(89)     Total                          Min: 0, Avg: 242.0, Max: 648, Diff: 648, Sum: 968, Workers: 4
[6356.542s][debug][gc,phases      ] GC(89)   ObjectSynchronizer Weak        Min:  0.0, Avg:  0.0, Max:  0.0, Diff:  0.0, Sum:  0.0, Workers: 4
[6356.542s][debug][gc,phases      ] GC(89)     Dead                           Min: 0, Avg:  0.0, Max: 0, Diff: 0, Sum: 0, Workers: 4
[6356.542s][debug][gc,phases      ] GC(89)     Total                          Min: 0, Avg:  0.8, Max: 3, Diff: 3, Sum: 3, Workers: 4
[6356.542s][debug][gc,phases      ] GC(89)   JVMTI Tag Weak OopStorage      Min:  0.0, Avg:  0.0, Max:  0.0, Diff:  0.0, Sum:  0.0, Workers: 4
[6356.542s][debug][gc,phases      ] GC(89)     Dead                           Min: 0, Avg:  0.0, Max: 0, Diff: 0, Sum: 0, Workers: 4
[6356.542s][debug][gc,phases      ] GC(89)     Total                          Min: 0, Avg:  0.0, Max: 0, Diff: 0, Sum: 0, Workers: 4
[6356.542s][debug][gc,phases      ] GC(89)   StringTable Weak               Min:  0.1, Avg:  0.1, Max:  0.1, Diff:  0.0, Sum:  0.4, Workers: 4
[6356.542s][debug][gc,phases      ] GC(89)     Dead                           Min: 0, Avg:  0.0, Max: 0, Diff: 0, Sum: 0, Workers: 4
[6356.542s][debug][gc,phases      ] GC(89)     Total                          Min: 9281, Avg: 11248.2, Max: 12736, Diff: 3455, Sum: 44993, Workers: 4
[6356.542s][debug][gc,phases      ] GC(89)   ResolvedMethodTable Weak       Min:  0.0, Avg:  0.0, Max:  0.0, Diff:  0.0, Sum:  0.1, Workers: 4
[6356.542s][debug][gc,phases      ] GC(89)     Dead                           Min: 0, Avg:  4.0, Max: 16, Diff: 16, Sum: 16, Workers: 4
[6356.542s][debug][gc,phases      ] GC(89)     Total                          Min: 3080, Avg: 3581.8, Max: 4080, Diff: 1000, Sum: 14327, Workers: 4
[6356.542s][debug][gc,phases      ] GC(89)   JNI Weak                       Min:  0.0, Avg:  0.0, Max:  0.0, Diff:  0.0, Sum:  0.0, Workers: 4
[6356.542s][debug][gc,phases      ] GC(89)     Dead                           Min: 0, Avg:  0.0, Max: 0, Diff: 0, Sum: 0, Workers: 4
[6356.542s][debug][gc,phases      ] GC(89)     Total                          Min: 0, Avg: 13.0, Max: 52, Diff: 52, Sum: 52, Workers: 4
[6356.542s][debug][gc,phases      ] GC(89)   StringDedup Table Weak         Min:  0.0, Avg:  0.0, Max:  0.0, Diff:  0.0, Sum:  0.0, Workers: 4
[6356.542s][debug][gc,phases      ] GC(89)     Dead                           Min: 0, Avg:  0.0, Max: 0, Diff: 0, Sum: 0, Workers: 4
[6356.542s][debug][gc,phases      ] GC(89)     Total                          Min: 0, Avg:  0.0, Max: 0, Diff: 0, Sum: 0, Workers: 4
[6356.542s][debug][gc,phases      ] GC(89)   StringDedup Requests0 Weak     Min:  0.0, Avg:  0.0, Max:  0.0, Diff:  0.0, Sum:  0.0, Workers: 4
[6356.542s][debug][gc,phases      ] GC(89)     Dead                           Min: 0, Avg:  0.0, Max: 0, Diff: 0, Sum: 0, Workers: 4
[6356.542s][debug][gc,phases      ] GC(89)     Total                          Min: 0, Avg:  0.0, Max: 0, Diff: 0, Sum: 0, Workers: 4
[6356.542s][debug][gc,phases      ] GC(89)   StringDedup Requests1 Weak     Min:  0.0, Avg:  0.0, Max:  0.0, Diff:  0.0, Sum:  0.0, Workers: 4
[6356.542s][debug][gc,phases      ] GC(89)     Dead                           Min: 0, Avg:  0.0, Max: 0, Diff: 0, Sum: 0, Workers: 4
[6356.542s][debug][gc,phases      ] GC(89)     Total                          Min: 0, Avg:  0.0, Max: 0, Diff: 0, Sum: 0, Workers: 4
[6356.542s][debug][gc,phases      ] GC(89)   Weak JFR Old Object Samples    Min:  0.0, Avg:  0.0, Max:  0.0, Diff:  0.0, Sum:  0.0, Workers: 4
[6356.542s][debug][gc,phases      ] GC(89)     Dead                           Min: 0, Avg:  0.0, Max: 0, Diff: 0, Sum: 0, Workers: 4
[6356.542s][debug][gc,phases      ] GC(89)     Total                          Min: 0, Avg:  0.0, Max: 0, Diff: 0, Sum: 0, Workers: 4
[6356.542s][debug][gc,phases      ] GC(89) Weak Processing 0.352ms
[6356.542s][debug][gc,age         ] GC(89) Desired survivor size 6291456 bytes, new threshold 1 (max threshold 15)
[6356.542s][info ][gc,heap        ] GC(89) PSYoungGen: 2088256K(2091008K)->2048K(2091008K) Eden: 2084864K(2084864K)->0K(2084864K) From: 3392K(6144K)->2048K(6144K)
[6356.542s][info ][gc,heap        ] GC(89) ParOldGen: 275061K(275456K)->276758K(276992K)
[6356.542s][info ][gc,metaspace   ] GC(89) Metaspace: 103281K(104576K)->103281K(104576K) NonClass: 87889K(88640K)->87889K(88640K) Class: 15392K(15936K)->15392K(15936K)
[6356.542s][info ][gc             ] GC(89) Pause Young (Allocation Failure) 2307M->272M(2312M) 3.308ms
[6356.542s][info ][gc,cpu         ] GC(89) User=0.01s Sys=0.00s Real=0.00s
[6356.542s][info ][safepoint      ] Safepoint "ParallelGCFailedAllocation", Time since last: 7668795 ns, Reaching safepoint: 3900 ns, Cleanup: 2100 ns, At safepoint: 3383518 ns, Total: 3389518 ns
[6358.542s][info ][safepoint      ] Safepoint "Cleanup", Time since last: 2000161723 ns, Reaching safepoint: 79005 ns, Cleanup: 12001 ns, At safepoint: 6001 ns, Total: 97007 ns
[6381.544s][info ][safepoint      ] Safepoint "Cleanup", Time since last: 23001782576 ns, Reaching safepoint: 80305 ns, Cleanup: 9501 ns, At safepoint: 5700 ns, Total: 95506 ns
[6394.545s][info ][safepoint      ] Safepoint "Cleanup", Time since last: 13001039096 ns, Reaching safepoint: 87905 ns, Cleanup: 10801 ns, At safepoint: 6300 ns, Total: 105006 ns
[6404.546s][info ][safepoint      ] Safepoint "Cleanup", Time since last: 10000758581 ns, Reaching safepoint: 77505 ns, Cleanup: 11401 ns, At safepoint: 6300 ns, Total: 95206 ns
[6406.546s][info ][safepoint      ] Safepoint "Cleanup", Time since last: 2000191022 ns, Reaching safepoint: 83606 ns, Cleanup: 17401 ns, At safepoint: 6201 ns, Total: 107208 ns
[6408.547s][info ][safepoint      ] Safepoint "Cleanup", Time since last: 2000194522 ns, Reaching safepoint: 5200 ns, Cleanup: 10701 ns, At safepoint: 2100 ns, Total: 18001 ns
[6446.993s][info ][gc,start       ] GC(90) Pause Young (Allocation Failure)
[6446.995s][debug][gc,phases      ] GC(90) Scavenge 1.697ms
[6446.995s][debug][gc,ref         ] GC(90) ReferenceProcessor::execute queues: 1, RefProcThreadModel::Single, marks_oops_alive: false
[6446.995s][debug][gc,ref         ] GC(90) Skipped KeepAliveFinalRefsPhase of Reference Processing: no references
[6446.995s][debug][gc,ref         ] GC(90) Skipped PhantomRefsPhase of Reference Processing: no references
[6446.995s][debug][gc,phases      ] GC(90) Reference Processing 0.109ms
[6446.995s][debug][gc,phases      ] GC(90)   VM Weak                        Min:  0.0, Avg:  0.0, Max:  0.0, Diff:  0.0, Sum:  0.0, Workers: 4
[6446.995s][debug][gc,phases      ] GC(90)     Dead                           Min: 0, Avg:  0.0, Max: 0, Diff: 0, Sum: 0, Workers: 4
[6446.995s][debug][gc,phases      ] GC(90)     Total                          Min: 0, Avg: 242.0, Max: 520, Diff: 520, Sum: 968, Workers: 4
[6446.995s][debug][gc,phases      ] GC(90)   ObjectSynchronizer Weak        Min:  0.0, Avg:  0.0, Max:  0.0, Diff:  0.0, Sum:  0.0, Workers: 4
[6446.996s][debug][gc,phases      ] GC(90)     Dead                           Min: 0, Avg:  0.0, Max: 0, Diff: 0, Sum: 0, Workers: 4
[6446.996s][debug][gc,phases      ] GC(90)     Total                          Min: 0, Avg:  0.8, Max: 3, Diff: 3, Sum: 3, Workers: 4
[6446.996s][debug][gc,phases      ] GC(90)   JVMTI Tag Weak OopStorage      Min:  0.0, Avg:  0.0, Max:  0.0, Diff:  0.0, Sum:  0.0, Workers: 4
[6446.996s][debug][gc,phases      ] GC(90)     Dead                           Min: 0, Avg:  0.0, Max: 0, Diff: 0, Sum: 0, Workers: 4
[6446.996s][debug][gc,phases      ] GC(90)     Total                          Min: 0, Avg:  0.0, Max: 0, Diff: 0, Sum: 0, Workers: 4
[6446.996s][debug][gc,phases      ] GC(90)   StringTable Weak               Min:  0.1, Avg:  0.1, Max:  0.1, Diff:  0.0, Sum:  0.4, Workers: 4
[6446.996s][debug][gc,phases      ] GC(90)     Dead                           Min: 0, Avg:  0.0, Max: 0, Diff: 0, Sum: 0, Workers: 4
[6446.996s][debug][gc,phases      ] GC(90)     Total                          Min: 10240, Avg: 11248.2, Max: 12352, Diff: 2112, Sum: 44993, Workers: 4
[6446.996s][debug][gc,phases      ] GC(90)   ResolvedMethodTable Weak       Min:  0.0, Avg:  0.0, Max:  0.0, Diff:  0.0, Sum:  0.1, Workers: 4
[6446.996s][debug][gc,phases      ] GC(90)     Dead                           Min: 0, Avg:  4.0, Max: 15, Diff: 15, Sum: 16, Workers: 4
[6446.996s][debug][gc,phases      ] GC(90)     Total                          Min: 3252, Avg: 3581.8, Max: 4020, Diff: 768, Sum: 14327, Workers: 4
[6446.996s][debug][gc,phases      ] GC(90)   JNI Weak                       Min:  0.0, Avg:  0.0, Max:  0.0, Diff:  0.0, Sum:  0.0, Workers: 4
[6446.996s][debug][gc,phases      ] GC(90)     Dead                           Min: 0, Avg:  0.0, Max: 0, Diff: 0, Sum: 0, Workers: 4
[6446.996s][debug][gc,phases      ] GC(90)     Total                          Min: 0, Avg: 13.0, Max: 52, Diff: 52, Sum: 52, Workers: 4
[6446.996s][debug][gc,phases      ] GC(90)   StringDedup Table Weak         Min:  0.0, Avg:  0.0, Max:  0.0, Diff:  0.0, Sum:  0.0, Workers: 4
[6446.996s][debug][gc,phases      ] GC(90)     Dead                           Min: 0, Avg:  0.0, Max: 0, Diff: 0, Sum: 0, Workers: 4
[6446.996s][debug][gc,phases      ] GC(90)     Total                          Min: 0, Avg:  0.0, Max: 0, Diff: 0, Sum: 0, Workers: 4
[6446.996s][debug][gc,phases      ] GC(90)   StringDedup Requests0 Weak     Min:  0.0, Avg:  0.0, Max:  0.0, Diff:  0.0, Sum:  0.0, Workers: 4
[6446.996s][debug][gc,phases      ] GC(90)     Dead                           Min: 0, Avg:  0.0, Max: 0, Diff: 0, Sum: 0, Workers: 4
[6446.996s][debug][gc,phases      ] GC(90)     Total                          Min: 0, Avg:  0.0, Max: 0, Diff: 0, Sum: 0, Workers: 4
[6446.996s][debug][gc,phases      ] GC(90)   StringDedup Requests1 Weak     Min:  0.0, Avg:  0.0, Max:  0.0, Diff:  0.0, Sum:  0.0, Workers: 4
[6446.996s][debug][gc,phases      ] GC(90)     Dead                           Min: 0, Avg:  0.0, Max: 0, Diff: 0, Sum: 0, Workers: 4
[6446.996s][debug][gc,phases      ] GC(90)     Total                          Min: 0, Avg:  0.0, Max: 0, Diff: 0, Sum: 0, Workers: 4
[6446.996s][debug][gc,phases      ] GC(90)   Weak JFR Old Object Samples    Min:  0.0, Avg:  0.0, Max:  0.0, Diff:  0.0, Sum:  0.0, Workers: 4
[6446.996s][debug][gc,phases      ] GC(90)     Dead                           Min: 0, Avg:  0.0, Max: 0, Diff: 0, Sum: 0, Workers: 4
[6446.996s][debug][gc,phases      ] GC(90)     Total                          Min: 0, Avg:  0.0, Max: 0, Diff: 0, Sum: 0, Workers: 4
[6446.996s][debug][gc,phases      ] GC(90) Weak Processing 0.363ms
[6446.996s][debug][gc,age         ] GC(90) Desired survivor size 6291456 bytes, new threshold 1 (max threshold 15)
[6446.996s][info ][gc,heap        ] GC(90) PSYoungGen: 2086912K(2091008K)->2176K(2091008K) Eden: 2084864K(2084864K)->0K(2084864K) From: 2048K(6144K)->2176K(6144K)
[6446.996s][info ][gc,heap        ] GC(90) ParOldGen: 276758K(276992K)->277054K(277504K)
[6446.996s][info ][gc,metaspace   ] GC(90) Metaspace: 103287K(104576K)->103287K(104576K) NonClass: 87895K(88640K)->87895K(88640K) Class: 15392K(15936K)->15392K(15936K)
[6446.996s][info ][gc             ] GC(90) Pause Young (Allocation Failure) 2308M->272M(2313M) 2.303ms
[6446.996s][info ][gc,cpu         ] GC(90) User=0.01s Sys=0.00s Real=0.00s
[6446.996s][info ][safepoint      ] Safepoint "ParallelGCFailedAllocation", Time since last: 38446629095 ns, Reaching safepoint: 81406 ns, Cleanup: 4400 ns, At safepoint: 2374465 ns, Total: 2460271 ns
[6460.997s][info ][safepoint      ] Safepoint "Cleanup", Time since last: 14001130890 ns, Reaching safepoint: 5701 ns, Cleanup: 15701 ns, At safepoint: 29202 ns, Total: 50604 ns
[6473.998s][info ][safepoint      ] Safepoint "Cleanup", Time since last: 13000955326 ns, Reaching safepoint: 5301 ns, Cleanup: 15501 ns, At safepoint: 2200 ns, Total: 23002 ns
[6474.998s][info ][safepoint      ] Safepoint "Cleanup", Time since last: 1000291087 ns, Reaching safepoint: 6101 ns, Cleanup: 10600 ns, At safepoint: 2200 ns, Total: 18901 ns
[6505.000s][info ][safepoint      ] Safepoint "Cleanup", Time since last: 30002262560 ns, Reaching safepoint: 6201 ns, Cleanup: 10900 ns, At safepoint: 2201 ns, Total: 19302 ns
[6519.002s][info ][safepoint      ] Safepoint "Cleanup", Time since last: 14001094654 ns, Reaching safepoint: 5901 ns, Cleanup: 10500 ns, At safepoint: 2200 ns, Total: 18601 ns
[6538.793s][info ][gc,start       ] GC(91) Pause Young (Allocation Failure)
[6538.795s][debug][gc,phases      ] GC(91) Scavenge 2.111ms
[6538.795s][debug][gc,ref         ] GC(91) ReferenceProcessor::execute queues: 1, RefProcThreadModel::Single, marks_oops_alive: false
[6538.795s][debug][gc,ref         ] GC(91) Skipped KeepAliveFinalRefsPhase of Reference Processing: no references
[6538.795s][debug][gc,ref         ] GC(91) ReferenceProcessor::execute queues: 1, RefProcThreadModel::Single, marks_oops_alive: false
[6538.795s][debug][gc,phases      ] GC(91) Reference Processing 0.116ms
[6538.796s][debug][gc,phases      ] GC(91)   VM Weak                        Min:  0.0, Avg:  0.0, Max:  0.0, Diff:  0.0, Sum:  0.0, Workers: 4
[6538.796s][debug][gc,phases      ] GC(91)     Dead                           Min: 0, Avg:  0.0, Max: 0, Diff: 0, Sum: 0, Workers: 4
[6538.796s][debug][gc,phases      ] GC(91)     Total                          Min: 0, Avg: 242.0, Max: 640, Diff: 640, Sum: 968, Workers: 4
[6538.796s][debug][gc,phases      ] GC(91)   ObjectSynchronizer Weak        Min:  0.0, Avg:  0.0, Max:  0.0, Diff:  0.0, Sum:  0.0, Workers: 4
[6538.796s][debug][gc,phases      ] GC(91)     Dead                           Min: 0, Avg:  0.0, Max: 0, Diff: 0, Sum: 0, Workers: 4
[6538.796s][debug][gc,phases      ] GC(91)     Total                          Min: 0, Avg:  1.0, Max: 4, Diff: 4, Sum: 4, Workers: 4
[6538.796s][debug][gc,phases      ] GC(91)   JVMTI Tag Weak OopStorage      Min:  0.0, Avg:  0.0, Max:  0.0, Diff:  0.0, Sum:  0.0, Workers: 4
[6538.796s][debug][gc,phases      ] GC(91)     Dead                           Min: 0, Avg:  0.0, Max: 0, Diff: 0, Sum: 0, Workers: 4
[6538.796s][debug][gc,phases      ] GC(91)     Total                          Min: 0, Avg:  0.0, Max: 0, Diff: 0, Sum: 0, Workers: 4
[6538.796s][debug][gc,phases      ] GC(91)   StringTable Weak               Min:  0.0, Avg:  0.1, Max:  0.1, Diff:  0.1, Sum:  0.4, Workers: 4
[6538.796s][debug][gc,phases      ] GC(91)     Dead                           Min: 0, Avg:  0.0, Max: 0, Diff: 0, Sum: 0, Workers: 4
[6538.796s][debug][gc,phases      ] GC(91)     Total                          Min: 0, Avg: 11248.2, Max: 16384, Diff: 16384, Sum: 44993, Workers: 4
[6538.796s][debug][gc,phases      ] GC(91)   ResolvedMethodTable Weak       Min:  0.0, Avg:  0.0, Max:  0.0, Diff:  0.0, Sum:  0.1, Workers: 4
[6538.796s][debug][gc,phases      ] GC(91)     Dead                           Min: 0, Avg:  4.0, Max: 16, Diff: 16, Sum: 16, Workers: 4
[6538.796s][debug][gc,phases      ] GC(91)     Total                          Min: 0, Avg: 3581.8, Max: 5056, Diff: 5056, Sum: 14327, Workers: 4
[6538.796s][debug][gc,phases      ] GC(91)   JNI Weak                       Min:  0.0, Avg:  0.0, Max:  0.0, Diff:  0.0, Sum:  0.0, Workers: 4
[6538.796s][debug][gc,phases      ] GC(91)     Dead                           Min: 0, Avg:  0.0, Max: 0, Diff: 0, Sum: 0, Workers: 4
[6538.796s][debug][gc,phases      ] GC(91)     Total                          Min: 0, Avg: 13.0, Max: 52, Diff: 52, Sum: 52, Workers: 4
[6538.796s][debug][gc,phases      ] GC(91)   StringDedup Table Weak         Min:  0.0, Avg:  0.0, Max:  0.0, Diff:  0.0, Sum:  0.0, Workers: 4
[6538.796s][debug][gc,phases      ] GC(91)     Dead                           Min: 0, Avg:  0.0, Max: 0, Diff: 0, Sum: 0, Workers: 4
[6538.796s][debug][gc,phases      ] GC(91)     Total                          Min: 0, Avg:  0.0, Max: 0, Diff: 0, Sum: 0, Workers: 4
[6538.796s][debug][gc,phases      ] GC(91)   StringDedup Requests0 Weak     Min:  0.0, Avg:  0.0, Max:  0.0, Diff:  0.0, Sum:  0.0, Workers: 4
[6538.796s][debug][gc,phases      ] GC(91)     Dead                           Min: 0, Avg:  0.0, Max: 0, Diff: 0, Sum: 0, Workers: 4
[6538.796s][debug][gc,phases      ] GC(91)     Total                          Min: 0, Avg:  0.0, Max: 0, Diff: 0, Sum: 0, Workers: 4
[6538.796s][debug][gc,phases      ] GC(91)   StringDedup Requests1 Weak     Min:  0.0, Avg:  0.0, Max:  0.0, Diff:  0.0, Sum:  0.0, Workers: 4
[6538.796s][debug][gc,phases      ] GC(91)     Dead                           Min: 0, Avg:  0.0, Max: 0, Diff: 0, Sum: 0, Workers: 4
[6538.796s][debug][gc,phases      ] GC(91)     Total                          Min: 0, Avg:  0.0, Max: 0, Diff: 0, Sum: 0, Workers: 4
[6538.796s][debug][gc,phases      ] GC(91)   Weak JFR Old Object Samples    Min:  0.0, Avg:  0.0, Max:  0.0, Diff:  0.0, Sum:  0.0, Workers: 4
[6538.796s][debug][gc,phases      ] GC(91)     Dead                           Min: 0, Avg:  0.0, Max: 0, Diff: 0, Sum: 0, Workers: 4
[6538.796s][debug][gc,phases      ] GC(91)     Total                          Min: 0, Avg:  0.0, Max: 0, Diff: 0, Sum: 0, Workers: 4
[6538.796s][debug][gc,phases      ] GC(91) Weak Processing 0.423ms
[6538.796s][debug][gc,age         ] GC(91) Desired survivor size 5767168 bytes, new threshold 1 (max threshold 15)
[6538.796s][info ][gc,heap        ] GC(91) PSYoungGen: 2087040K(2091008K)->2528K(2091008K) Eden: 2084864K(2084864K)->0K(2084864K) From: 2176K(6144K)->2528K(6144K)
[6538.796s][info ][gc,heap        ] GC(91) ParOldGen: 277054K(277504K)->277470K(277504K)
[6538.796s][info ][gc,metaspace   ] GC(91) Metaspace: 103298K(104576K)->103298K(104576K) NonClass: 87905K(88640K)->87905K(88640K) Class: 15392K(15936K)->15392K(15936K)
[6538.796s][info ][gc             ] GC(91) Pause Young (Allocation Failure) 2308M->273M(2313M) 2.795ms
[6538.796s][info ][gc,cpu         ] GC(91) User=0.01s Sys=0.01s Real=0.00s
[6538.796s][info ][safepoint      ] Safepoint "ParallelGCFailedAllocation", Time since last: 19791404938 ns, Reaching safepoint: 113607 ns, Cleanup: 5401 ns, At safepoint: 2880791 ns, Total: 2999799 ns
[6554.105s][info ][safepoint      ] Safepoint "Cleanup", Time since last: 15308948368 ns, Reaching safepoint: 6501 ns, Cleanup: 16301 ns, At safepoint: 2600 ns, Total: 25402 ns
[6572.106s][info ][safepoint      ] Safepoint "Cleanup", Time since last: 18001286998 ns, Reaching safepoint: 5701 ns, Cleanup: 10000 ns, At safepoint: 28602 ns, Total: 44303 ns
[6603.109s][info ][safepoint      ] Safepoint "Cleanup", Time since last: 31002253898 ns, Reaching safepoint: 5600 ns, Cleanup: 23202 ns, At safepoint: 2200 ns, Total: 31002 ns
[6604.109s][info ][safepoint      ] Safepoint "Cleanup", Time since last: 1000119362 ns, Reaching safepoint: 5300 ns, Cleanup: 11301 ns, At safepoint: 2000 ns, Total: 18601 ns
[6605.109s][info ][safepoint      ] Safepoint "Cleanup", Time since last: 1000111161 ns, Reaching safepoint: 5700 ns, Cleanup: 10901 ns, At safepoint: 2700 ns, Total: 19301 ns
[6609.109s][info ][safepoint      ] Safepoint "Cleanup", Time since last: 4000354539 ns, Reaching safepoint: 6200 ns, Cleanup: 11201 ns, At safepoint: 2700 ns, Total: 20101 ns
[6612.110s][info ][safepoint      ] Safepoint "Cleanup", Time since last: 3000268541 ns, Reaching safepoint: 5901 ns, Cleanup: 10100 ns, At safepoint: 2400 ns, Total: 18401 ns
[6632.599s][info ][gc,start       ] GC(92) Pause Young (Allocation Failure)
[6632.600s][debug][gc,phases      ] GC(92) Scavenge 1.719ms
[6632.600s][debug][gc,ref         ] GC(92) ReferenceProcessor::execute queues: 1, RefProcThreadModel::Single, marks_oops_alive: false
[6632.600s][debug][gc,ref         ] GC(92) Skipped KeepAliveFinalRefsPhase of Reference Processing: no references
[6632.600s][debug][gc,ref         ] GC(92) ReferenceProcessor::execute queues: 1, RefProcThreadModel::Single, marks_oops_alive: false
[6632.600s][debug][gc,phases      ] GC(92) Reference Processing 0.106ms
[6632.601s][debug][gc,phases      ] GC(92)   VM Weak                        Min:  0.0, Avg:  0.0, Max:  0.0, Diff:  0.0, Sum:  0.0, Workers: 4
[6632.601s][debug][gc,phases      ] GC(92)     Dead                           Min: 0, Avg:  0.0, Max: 0, Diff: 0, Sum: 0, Workers: 4
[6632.601s][debug][gc,phases      ] GC(92)     Total                          Min: 0, Avg: 242.0, Max: 896, Diff: 896, Sum: 968, Workers: 4
[6632.601s][debug][gc,phases      ] GC(92)   ObjectSynchronizer Weak        Min:  0.0, Avg:  0.0, Max:  0.0, Diff:  0.0, Sum:  0.0, Workers: 4
[6632.601s][debug][gc,phases      ] GC(92)     Dead                           Min: 0, Avg:  0.0, Max: 0, Diff: 0, Sum: 0, Workers: 4
[6632.601s][debug][gc,phases      ] GC(92)     Total                          Min: 0, Avg:  0.8, Max: 3, Diff: 3, Sum: 3, Workers: 4
[6632.601s][debug][gc,phases      ] GC(92)   JVMTI Tag Weak OopStorage      Min:  0.0, Avg:  0.0, Max:  0.0, Diff:  0.0, Sum:  0.0, Workers: 4
[6632.601s][debug][gc,phases      ] GC(92)     Dead                           Min: 0, Avg:  0.0, Max: 0, Diff: 0, Sum: 0, Workers: 4
[6632.601s][debug][gc,phases      ] GC(92)     Total                          Min: 0, Avg:  0.0, Max: 0, Diff: 0, Sum: 0, Workers: 4
[6632.601s][debug][gc,phases      ] GC(92)   StringTable Weak               Min:  0.1, Avg:  0.1, Max:  0.1, Diff:  0.0, Sum:  0.4, Workers: 4
[6632.601s][debug][gc,phases      ] GC(92)     Dead                           Min: 0, Avg:  0.0, Max: 0, Diff: 0, Sum: 0, Workers: 4
[6632.601s][debug][gc,phases      ] GC(92)     Total                          Min: 10048, Avg: 11248.5, Max: 12928, Diff: 2880, Sum: 44994, Workers: 4
[6632.601s][debug][gc,phases      ] GC(92)   ResolvedMethodTable Weak       Min:  0.0, Avg:  0.0, Max:  0.0, Diff:  0.0, Sum:  0.1, Workers: 4
[6632.601s][debug][gc,phases      ] GC(92)     Dead                           Min: 0, Avg:  4.0, Max: 16, Diff: 16, Sum: 16, Workers: 4
[6632.601s][debug][gc,phases      ] GC(92)     Total                          Min: 3063, Avg: 3581.8, Max: 3934, Diff: 871, Sum: 14327, Workers: 4
[6632.601s][debug][gc,phases      ] GC(92)   JNI Weak                       Min:  0.0, Avg:  0.0, Max:  0.0, Diff:  0.0, Sum:  0.0, Workers: 4
[6632.601s][debug][gc,phases      ] GC(92)     Dead                           Min: 0, Avg:  0.0, Max: 0, Diff: 0, Sum: 0, Workers: 4
[6632.601s][debug][gc,phases      ] GC(92)     Total                          Min: 0, Avg: 13.0, Max: 52, Diff: 52, Sum: 52, Workers: 4
[6632.601s][debug][gc,phases      ] GC(92)   StringDedup Table Weak         Min:  0.0, Avg:  0.0, Max:  0.0, Diff:  0.0, Sum:  0.0, Workers: 4
[6632.601s][debug][gc,phases      ] GC(92)     Dead                           Min: 0, Avg:  0.0, Max: 0, Diff: 0, Sum: 0, Workers: 4
[6632.601s][debug][gc,phases      ] GC(92)     Total                          Min: 0, Avg:  0.0, Max: 0, Diff: 0, Sum: 0, Workers: 4
[6632.601s][debug][gc,phases      ] GC(92)   StringDedup Requests0 Weak     Min:  0.0, Avg:  0.0, Max:  0.0, Diff:  0.0, Sum:  0.0, Workers: 4
[6632.601s][debug][gc,phases      ] GC(92)     Dead                           Min: 0, Avg:  0.0, Max: 0, Diff: 0, Sum: 0, Workers: 4
[6632.601s][debug][gc,phases      ] GC(92)     Total                          Min: 0, Avg:  0.0, Max: 0, Diff: 0, Sum: 0, Workers: 4
[6632.601s][debug][gc,phases      ] GC(92)   StringDedup Requests1 Weak     Min:  0.0, Avg:  0.0, Max:  0.0, Diff:  0.0, Sum:  0.0, Workers: 4
[6632.601s][debug][gc,phases      ] GC(92)     Dead                           Min: 0, Avg:  0.0, Max: 0, Diff: 0, Sum: 0, Workers: 4
[6632.601s][debug][gc,phases      ] GC(92)     Total                          Min: 0, Avg:  0.0, Max: 0, Diff: 0, Sum: 0, Workers: 4
[6632.601s][debug][gc,phases      ] GC(92)   Weak JFR Old Object Samples    Min:  0.0, Avg:  0.0, Max:  0.0, Diff:  0.0, Sum:  0.0, Workers: 4
[6632.601s][debug][gc,phases      ] GC(92)     Dead                           Min: 0, Avg:  0.0, Max: 0, Diff: 0, Sum: 0, Workers: 4
[6632.601s][debug][gc,phases      ] GC(92)     Total                          Min: 0, Avg:  0.0, Max: 0, Diff: 0, Sum: 0, Workers: 4
[6632.601s][debug][gc,phases      ] GC(92) Weak Processing 0.376ms
[6632.601s][debug][gc,age         ] GC(92) Desired survivor size 5767168 bytes, new threshold 1 (max threshold 15)
[6632.601s][info ][gc,heap        ] GC(92) PSYoungGen: 2087392K(2091008K)->2432K(2091520K) Eden: 2084864K(2084864K)->0K(2085888K) From: 2528K(6144K)->2432K(5632K)
[6632.601s][info ][gc,heap        ] GC(92) ParOldGen: 277470K(277504K)->278226K(278528K)
[6632.601s][info ][gc,metaspace   ] GC(92) Metaspace: 103304K(104576K)->103304K(104576K) NonClass: 87911K(88640K)->87911K(88640K) Class: 15392K(15936K)->15392K(15936K)
[6632.601s][info ][gc             ] GC(92) Pause Young (Allocation Failure) 2309M->274M(2314M) 2.312ms
[6632.601s][info ][gc,cpu         ] GC(92) User=0.01s Sys=0.00s Real=0.00s
[6632.601s][info ][safepoint      ] Safepoint "ParallelGCFailedAllocation", Time since last: 20488953507 ns, Reaching safepoint: 5400 ns, Cleanup: 3501 ns, At safepoint: 2380556 ns, Total: 2389457 ns
[6641.602s][info ][safepoint      ] Safepoint "Cleanup", Time since last: 9000658792 ns, Reaching safepoint: 6300 ns, Cleanup: 11501 ns, At safepoint: 21801 ns, Total: 39602 ns
[6644.602s][info ][safepoint      ] Safepoint "Cleanup", Time since last: 3000242970 ns, Reaching safepoint: 5800 ns, Cleanup: 10301 ns, At safepoint: 2600 ns, Total: 18701 ns
[6725.158s][info ][safepoint      ] Safepoint "Cleanup", Time since last: 80555653693 ns, Reaching safepoint: 6500 ns, Cleanup: 11401 ns, At safepoint: 31002 ns, Total: 48903 ns
[6725.618s][info ][gc,start       ] GC(93) Pause Young (Allocation Failure)
[6725.620s][debug][gc,phases      ] GC(93) Scavenge 2.400ms
[6725.621s][debug][gc,ref         ] GC(93) ReferenceProcessor::execute queues: 1, RefProcThreadModel::Single, marks_oops_alive: false
[6725.621s][debug][gc,ref         ] GC(93) Skipped KeepAliveFinalRefsPhase of Reference Processing: no references
[6725.621s][debug][gc,ref         ] GC(93) Skipped PhantomRefsPhase of Reference Processing: no references
[6725.621s][debug][gc,phases      ] GC(93) Reference Processing 0.108ms
[6725.621s][debug][gc,phases      ] GC(93)   VM Weak                        Min:  0.0, Avg:  0.0, Max:  0.0, Diff:  0.0, Sum:  0.0, Workers: 4
[6725.621s][debug][gc,phases      ] GC(93)     Dead                           Min: 0, Avg:  0.0, Max: 0, Diff: 0, Sum: 0, Workers: 4
[6725.621s][debug][gc,phases      ] GC(93)     Total                          Min: 0, Avg: 242.0, Max: 968, Diff: 968, Sum: 968, Workers: 4
[6725.621s][debug][gc,phases      ] GC(93)   ObjectSynchronizer Weak        Min:  0.0, Avg:  0.0, Max:  0.0, Diff:  0.0, Sum:  0.0, Workers: 4
[6725.621s][debug][gc,phases      ] GC(93)     Dead                           Min: 0, Avg:  0.0, Max: 0, Diff: 0, Sum: 0, Workers: 4
[6725.621s][debug][gc,phases      ] GC(93)     Total                          Min: 0, Avg:  0.8, Max: 3, Diff: 3, Sum: 3, Workers: 4
[6725.621s][debug][gc,phases      ] GC(93)   JVMTI Tag Weak OopStorage      Min:  0.0, Avg:  0.0, Max:  0.0, Diff:  0.0, Sum:  0.0, Workers: 4
[6725.621s][debug][gc,phases      ] GC(93)     Dead                           Min: 0, Avg:  0.0, Max: 0, Diff: 0, Sum: 0, Workers: 4
[6725.621s][debug][gc,phases      ] GC(93)     Total                          Min: 0, Avg:  0.0, Max: 0, Diff: 0, Sum: 0, Workers: 4
[6725.621s][debug][gc,phases      ] GC(93)   StringTable Weak               Min:  0.0, Avg:  0.1, Max:  0.1, Diff:  0.1, Sum:  0.4, Workers: 4
[6725.621s][debug][gc,phases      ] GC(93)     Dead                           Min: 0, Avg:  0.0, Max: 0, Diff: 0, Sum: 0, Workers: 4
[6725.621s][debug][gc,phases      ] GC(93)     Total                          Min: 0, Avg: 11248.5, Max: 16448, Diff: 16448, Sum: 44994, Workers: 4
[6725.621s][debug][gc,phases      ] GC(93)   ResolvedMethodTable Weak       Min:  0.0, Avg:  0.0, Max:  0.0, Diff:  0.0, Sum:  0.1, Workers: 4
[6725.621s][debug][gc,phases      ] GC(93)     Dead                           Min: 0, Avg:  4.0, Max: 16, Diff: 16, Sum: 16, Workers: 4
[6725.621s][debug][gc,phases      ] GC(93)     Total                          Min: 0, Avg: 3581.8, Max: 5043, Diff: 5043, Sum: 14327, Workers: 4
[6725.621s][debug][gc,phases      ] GC(93)   JNI Weak                       Min:  0.0, Avg:  0.0, Max:  0.0, Diff:  0.0, Sum:  0.0, Workers: 4
[6725.621s][debug][gc,phases      ] GC(93)     Dead                           Min: 0, Avg:  0.0, Max: 0, Diff: 0, Sum: 0, Workers: 4
[6725.621s][debug][gc,phases      ] GC(93)     Total                          Min: 0, Avg: 13.0, Max: 52, Diff: 52, Sum: 52, Workers: 4
[6725.621s][debug][gc,phases      ] GC(93)   StringDedup Table Weak         Min:  0.0, Avg:  0.0, Max:  0.0, Diff:  0.0, Sum:  0.0, Workers: 4
[6725.621s][debug][gc,phases      ] GC(93)     Dead                           Min: 0, Avg:  0.0, Max: 0, Diff: 0, Sum: 0, Workers: 4
[6725.621s][debug][gc,phases      ] GC(93)     Total                          Min: 0, Avg:  0.0, Max: 0, Diff: 0, Sum: 0, Workers: 4
[6725.621s][debug][gc,phases      ] GC(93)   StringDedup Requests0 Weak     Min:  0.0, Avg:  0.0, Max:  0.0, Diff:  0.0, Sum:  0.0, Workers: 4
[6725.621s][debug][gc,phases      ] GC(93)     Dead                           Min: 0, Avg:  0.0, Max: 0, Diff: 0, Sum: 0, Workers: 4
[6725.621s][debug][gc,phases      ] GC(93)     Total                          Min: 0, Avg:  0.0, Max: 0, Diff: 0, Sum: 0, Workers: 4
[6725.621s][debug][gc,phases      ] GC(93)   StringDedup Requests1 Weak     Min:  0.0, Avg:  0.0, Max:  0.0, Diff:  0.0, Sum:  0.0, Workers: 4
[6725.621s][debug][gc,phases      ] GC(93)     Dead                           Min: 0, Avg:  0.0, Max: 0, Diff: 0, Sum: 0, Workers: 4
[6725.621s][debug][gc,phases      ] GC(93)     Total                          Min: 0, Avg:  0.0, Max: 0, Diff: 0, Sum: 0, Workers: 4
[6725.621s][debug][gc,phases      ] GC(93)   Weak JFR Old Object Samples    Min:  0.0, Avg:  0.0, Max:  0.0, Diff:  0.0, Sum:  0.0, Workers: 4
[6725.621s][debug][gc,phases      ] GC(93)     Dead                           Min: 0, Avg:  0.0, Max: 0, Diff: 0, Sum: 0, Workers: 4
[6725.621s][debug][gc,phases      ] GC(93)     Total                          Min: 0, Avg:  0.0, Max: 0, Diff: 0, Sum: 0, Workers: 4
[6725.621s][debug][gc,phases      ] GC(93) Weak Processing 0.407ms
[6725.621s][debug][gc,age         ] GC(93) Desired survivor size 5767168 bytes, new threshold 1 (max threshold 15)
[6725.621s][info ][gc,heap        ] GC(93) PSYoungGen: 2088320K(2091520K)->2464K(2091520K) Eden: 2085888K(2085888K)->0K(2085888K) From: 2432K(5632K)->2464K(5632K)
[6725.621s][info ][gc,heap        ] GC(93) ParOldGen: 278226K(278528K)->278930K(279040K)
[6725.621s][info ][gc,metaspace   ] GC(93) Metaspace: 103309K(104640K)->103309K(104640K) NonClass: 87917K(88704K)->87917K(88704K) Class: 15392K(15936K)->15392K(15936K)
[6725.621s][info ][gc             ] GC(93) Pause Young (Allocation Failure) 2311M->274M(2315M) 3.033ms
[6725.621s][info ][gc,cpu         ] GC(93) User=0.01s Sys=0.00s Real=0.00s
[6725.621s][info ][safepoint      ] Safepoint "ParallelGCFailedAllocation", Time since last: 460427126 ns, Reaching safepoint: 8401 ns, Cleanup: 4700 ns, At safepoint: 3111596 ns, Total: 3124697 ns
[6786.626s][info ][safepoint      ] Safepoint "Cleanup", Time since last: 61004654937 ns, Reaching safepoint: 5800 ns, Cleanup: 12501 ns, At safepoint: 2100 ns, Total: 20401 ns
[6799.627s][info ][safepoint      ] Safepoint "Cleanup", Time since last: 13001040829 ns, Reaching safepoint: 6200 ns, Cleanup: 9701 ns, At safepoint: 2100 ns, Total: 18001 ns
[6800.627s][info ][safepoint      ] Safepoint "Cleanup", Time since last: 1000115938 ns, Reaching safepoint: 6300 ns, Cleanup: 10501 ns, At safepoint: 2100 ns, Total: 18901 ns
[6815.538s][info ][gc,start       ] GC(94) Pause Young (Allocation Failure)
[6815.540s][debug][gc,phases      ] GC(94) Scavenge 1.636ms
[6815.540s][debug][gc,ref         ] GC(94) ReferenceProcessor::execute queues: 1, RefProcThreadModel::Single, marks_oops_alive: false
[6815.540s][debug][gc,ref         ] GC(94) Skipped KeepAliveFinalRefsPhase of Reference Processing: no references
[6815.540s][debug][gc,ref         ] GC(94) ReferenceProcessor::execute queues: 1, RefProcThreadModel::Single, marks_oops_alive: false
[6815.540s][debug][gc,phases      ] GC(94) Reference Processing 0.125ms
[6815.540s][debug][gc,phases      ] GC(94)   VM Weak                        Min:  0.0, Avg:  0.0, Max:  0.0, Diff:  0.0, Sum:  0.0, Workers: 4
[6815.540s][debug][gc,phases      ] GC(94)     Dead                           Min: 0, Avg:  0.0, Max: 0, Diff: 0, Sum: 0, Workers: 4
[6815.540s][debug][gc,phases      ] GC(94)     Total                          Min: 0, Avg: 242.0, Max: 968, Diff: 968, Sum: 968, Workers: 4
[6815.540s][debug][gc,phases      ] GC(94)   ObjectSynchronizer Weak        Min:  0.0, Avg:  0.0, Max:  0.0, Diff:  0.0, Sum:  0.0, Workers: 4
[6815.540s][debug][gc,phases      ] GC(94)     Dead                           Min: 0, Avg:  0.0, Max: 0, Diff: 0, Sum: 0, Workers: 4
[6815.540s][debug][gc,phases      ] GC(94)     Total                          Min: 0, Avg:  0.8, Max: 3, Diff: 3, Sum: 3, Workers: 4
[6815.540s][debug][gc,phases      ] GC(94)   JVMTI Tag Weak OopStorage      Min:  0.0, Avg:  0.0, Max:  0.0, Diff:  0.0, Sum:  0.0, Workers: 4
[6815.540s][debug][gc,phases      ] GC(94)     Dead                           Min: 0, Avg:  0.0, Max: 0, Diff: 0, Sum: 0, Workers: 4
[6815.540s][debug][gc,phases      ] GC(94)     Total                          Min: 0, Avg:  0.0, Max: 0, Diff: 0, Sum: 0, Workers: 4
[6815.540s][debug][gc,phases      ] GC(94)   StringTable Weak               Min:  0.0, Avg:  0.1, Max:  0.1, Diff:  0.1, Sum:  0.3, Workers: 4
[6815.540s][debug][gc,phases      ] GC(94)     Dead                           Min: 0, Avg:  0.0, Max: 0, Diff: 0, Sum: 0, Workers: 4
[6815.540s][debug][gc,phases      ] GC(94)     Total                          Min: 0, Avg: 11249.5, Max: 15872, Diff: 15872, Sum: 44998, Workers: 4
[6815.540s][debug][gc,phases      ] GC(94)   ResolvedMethodTable Weak       Min:  0.0, Avg:  0.0, Max:  0.0, Diff:  0.0, Sum:  0.1, Workers: 4
[6815.540s][debug][gc,phases      ] GC(94)     Dead                           Min: 0, Avg:  4.0, Max: 16, Diff: 16, Sum: 16, Workers: 4
[6815.540s][debug][gc,phases      ] GC(94)     Total                          Min: 0, Avg: 3581.8, Max: 5155, Diff: 5155, Sum: 14327, Workers: 4
[6815.540s][debug][gc,phases      ] GC(94)   JNI Weak                       Min:  0.0, Avg:  0.0, Max:  0.0, Diff:  0.0, Sum:  0.0, Workers: 4
[6815.540s][debug][gc,phases      ] GC(94)     Dead                           Min: 0, Avg:  0.0, Max: 0, Diff: 0, Sum: 0, Workers: 4
[6815.540s][debug][gc,phases      ] GC(94)     Total                          Min: 0, Avg: 13.0, Max: 52, Diff: 52, Sum: 52, Workers: 4
[6815.540s][debug][gc,phases      ] GC(94)   StringDedup Table Weak         Min:  0.0, Avg:  0.0, Max:  0.0, Diff:  0.0, Sum:  0.0, Workers: 4
[6815.541s][debug][gc,phases      ] GC(94)     Dead                           Min: 0, Avg:  0.0, Max: 0, Diff: 0, Sum: 0, Workers: 4
[6815.541s][debug][gc,phases      ] GC(94)     Total                          Min: 0, Avg:  0.0, Max: 0, Diff: 0, Sum: 0, Workers: 4
[6815.541s][debug][gc,phases      ] GC(94)   StringDedup Requests0 Weak     Min:  0.0, Avg:  0.0, Max:  0.0, Diff:  0.0, Sum:  0.0, Workers: 4
[6815.541s][debug][gc,phases      ] GC(94)     Dead                           Min: 0, Avg:  0.0, Max: 0, Diff: 0, Sum: 0, Workers: 4
[6815.541s][debug][gc,phases      ] GC(94)     Total                          Min: 0, Avg:  0.0, Max: 0, Diff: 0, Sum: 0, Workers: 4
[6815.541s][debug][gc,phases      ] GC(94)   StringDedup Requests1 Weak     Min:  0.0, Avg:  0.0, Max:  0.0, Diff:  0.0, Sum:  0.0, Workers: 4
[6815.541s][debug][gc,phases      ] GC(94)     Dead                           Min: 0, Avg:  0.0, Max: 0, Diff: 0, Sum: 0, Workers: 4
[6815.541s][debug][gc,phases      ] GC(94)     Total                          Min: 0, Avg:  0.0, Max: 0, Diff: 0, Sum: 0, Workers: 4
[6815.541s][debug][gc,phases      ] GC(94)   Weak JFR Old Object Samples    Min:  0.0, Avg:  0.0, Max:  0.0, Diff:  0.0, Sum:  0.0, Workers: 4
[6815.541s][debug][gc,phases      ] GC(94)     Dead                           Min: 0, Avg:  0.0, Max: 0, Diff: 0, Sum: 0, Workers: 4
[6815.541s][debug][gc,phases      ] GC(94)     Total                          Min: 0, Avg:  0.0, Max: 0, Diff: 0, Sum: 0, Workers: 4
[6815.541s][debug][gc,phases      ] GC(94) Weak Processing 0.426ms
[6815.541s][debug][gc,age         ] GC(94) Desired survivor size 5242880 bytes, new threshold 1 (max threshold 15)
[6815.541s][info ][gc,heap        ] GC(94) PSYoungGen: 2088248K(2091520K)->2016K(2092032K) Eden: 2085784K(2085888K)->0K(2086400K) From: 2464K(5632K)->2016K(5632K)
[6815.541s][info ][gc,heap        ] GC(94) ParOldGen: 278930K(279040K)->279450K(279552K)
[6815.541s][info ][gc,metaspace   ] GC(94) Metaspace: 103310K(104640K)->103310K(104640K) NonClass: 87917K(88704K)->87917K(88704K) Class: 15392K(15936K)->15392K(15936K)
[6815.541s][info ][gc             ] GC(94) Pause Young (Allocation Failure) 2311M->274M(2316M) 2.305ms
[6815.541s][info ][gc,cpu         ] GC(94) User=0.01s Sys=0.01s Real=0.00s
[6815.541s][info ][safepoint      ] Safepoint "ParallelGCFailedAllocation", Time since last: 14911285424 ns, Reaching safepoint: 5200 ns, Cleanup: 5000 ns, At safepoint: 2405744 ns, Total: 2415944 ns
[6818.541s][info ][safepoint      ] Safepoint "Cleanup", Time since last: 3000238656 ns, Reaching safepoint: 6000 ns, Cleanup: 10001 ns, At safepoint: 2500 ns, Total: 18501 ns
[6821.541s][info ][safepoint      ] Safepoint "Cleanup", Time since last: 3000298123 ns, Reaching safepoint: 6900 ns, Cleanup: 80705 ns, At safepoint: 4300 ns, Total: 91905 ns
[6823.542s][info ][safepoint      ] Safepoint "Cleanup", Time since last: 2000235418 ns, Reaching safepoint: 6901 ns, Cleanup: 14000 ns, At safepoint: 2501 ns, Total: 23402 ns
[6832.542s][info ][safepoint      ] Safepoint "Cleanup", Time since last: 9000776582 ns, Reaching safepoint: 5800 ns, Cleanup: 9901 ns, At safepoint: 2400 ns, Total: 18101 ns
[6881.197s][info ][safepoint      ] Safepoint "Cleanup", Time since last: 48654817994 ns, Reaching safepoint: 6700 ns, Cleanup: 12501 ns, At safepoint: 2400 ns, Total: 21601 ns
[6941.202s][info ][safepoint      ] Safepoint "Cleanup", Time since last: 60005254709 ns, Reaching safepoint: 6001 ns, Cleanup: 11200 ns, At safepoint: 23402 ns, Total: 40603 ns
[6942.072s][info ][safepoint      ] Safepoint "JFRCheckpoint", Time since last: 869443921 ns, Reaching safepoint: 201913 ns, Cleanup: 24302 ns, At safepoint: 28002 ns, Total: 254217 ns
[6942.075s][info ][gc,heap,exit   ] Heap
[6942.075s][info ][gc,heap,exit   ]  PSYoungGen      total 2092032K, used 311567K [0x0000000780000000, 0x0000000800000000, 0x0000000800000000)
[6942.075s][info ][gc,heap,exit   ]   eden space 2086400K, 14% used [0x0000000780000000,0x0000000792e4bd80,0x00000007ff580000)
[6942.075s][info ][gc,heap,exit   ]   from space 5632K, 35% used [0x00000007ffa80000,0x00000007ffc78030,0x0000000800000000)
[6942.075s][info ][gc,heap,exit   ]   to   space 5120K, 0% used [0x00000007ff580000,0x00000007ff580000,0x00000007ffa80000)
[6942.075s][info ][gc,heap,exit   ]  ParOldGen       total 279552K, used 279450K [0x00000006c0000000, 0x00000006d1100000, 0x0000000780000000)
[6942.075s][info ][gc,heap,exit   ]   object space 279552K, 99% used [0x00000006c0000000,0x00000006d10e69b8,0x00000006d1100000)
[6942.075s][info ][gc,heap,exit   ]  Metaspace       used 103418K, committed 104640K, reserved 1179648K
[6942.075s][info ][gc,heap,exit   ]   class space    used 15408K, committed 15936K, reserved 1048576K
